"id","organization","source","observation","fold","target_scale","observed_log_salary","observed_log_cash_proxy","observed_log_lower","observed_log_upper","predicted_log_salary","predicted_log_lower80","predicted_log_upper80","predicted_log_lower90","predicted_log_upper90","log_predictive_density","log_crps","coverage80","coverage90","model","replicate"
"SRC-990-EXT-POPULATION-REFERENCE-BUREAU","Population Reference Bureau","filing","exact_base",1,"latent_base_salary",12.816309953692,NA,12.816309953692,12.816309953692,12.2617009152931,11.7544449454486,12.763730387566,11.6025107666339,12.9346756661805,-0.974452760832115,0.386758152417926,0,1,"bayesian_filing",1
"SRC-990-EXT3-CENTER-FOR-HEALTH-CARE-STRATEGIES","Center for Health Care Strategies","filing","exact_base",1,"latent_base_salary",12.6222962067176,NA,12.6222962067176,12.6222962067176,12.674615524948,12.3040105229772,13.0540370701696,12.2029770976933,13.1424607299603,0.290363531703901,0.0723318780436886,1,1,"bayesian_filing",1
"SRC-990-EXT-CLIMATE-CENTRAL","Climate Central","filing","exact_base",1,"latent_base_salary",12.6801870016491,NA,12.6801870016491,12.6801870016491,12.6923779007395,12.3217006942091,13.0588957979311,12.2110242812113,13.1868783107752,0.309589773520573,0.0692410343710459,1,1,"bayesian_filing",1
"SRC-990-EXT-BULLETIN-OF-THE-ATOMIC-SCIENTISTS","Bulletin of the Atomic Scientists","filing","exact_base",1,"latent_base_salary",12.3173567420894,NA,12.3173567420894,12.3173567420894,12.32047968527,11.9470981356396,12.6932280095174,11.8409048344295,12.7921695167695,0.32638501834646,0.0678339083943872,1,1,"bayesian_filing",1
"SRC-990-EXT-PRECISION-DEVELOPMENT","Precision Development","filing","exact_base",1,"latent_base_salary",12.4150937427763,NA,12.4150937427763,12.4150937427763,12.4235629260481,12.0389989751754,12.7796392614339,11.9512601646397,12.8703708847255,0.318508584686174,0.0682406308770929,1,1,"bayesian_filing",1
"SRC-990-EXT-SOFTWARE-FREEDOM-CONSERVANCY","Software Freedom Conservancy","filing","exact_base",1,"latent_base_salary",12.1568022510686,NA,12.1568022510686,12.1568022510686,12.1495246784522,11.5974196982412,12.7229350616241,11.4434291129432,12.8873729379121,-0.0751063728291004,0.103439042103405,1,1,"bayesian_filing",1
"SRC-990-EXT-GRANTMAKERS-FOR-EDUCATION","Grantmakers for Education","filing","exact_base",1,"latent_base_salary",12.4309659850717,NA,12.4309659850717,12.4309659850717,12.8482951438293,12.4050454893305,13.2915155279901,12.2964888389082,13.4260953274649,-0.58936907023629,0.253523429365503,1,1,"bayesian_filing",1
"SRC-990-EXT-ANIMAL-LEGAL-DEFENSE-FUND","Animal Legal Defense Fund","filing","exact_base",1,"latent_base_salary",12.5370734769901,NA,12.5370734769901,12.5370734769901,12.378346019221,11.9754026213553,12.7519634642561,11.8674546659243,12.8566779497244,0.140111716937685,0.106568446505303,1,1,"bayesian_filing",1
"SRC-990-EXT-ANIMAL-WELFARE-INSTITUTE","Animal Welfare Institute","filing","exact_base",2,"latent_base_salary",12.1688180822369,NA,12.1688180822369,12.1688180822369,12.1953097289047,11.8048979435021,12.5656603623929,11.6854482767072,12.6677956268854,0.312011297443275,0.0688456812459067,1,1,"bayesian_filing",1
"SRC-990-EXT3-LEARNING-POLICY-INSTITUTE","Learning Policy Institute","filing","exact_base",2,"latent_base_salary",13.1712146825618,NA,13.1712146825618,13.1712146825618,12.8938943961381,12.5371105775029,13.2474614207063,12.4568005063192,13.3399765186365,-0.14502121922788,0.167486152658608,1,1,"bayesian_filing",1
"SRC-990-EXT-NATIONAL-EMPLOYMENT-LAW-PROJECT","National Employment Law Project","filing","exact_base",2,"latent_base_salary",12.8184638703657,NA,12.8184638703657,12.8184638703657,12.8436853104283,12.4915368947631,13.1804085726861,12.3963982327428,13.2847305524505,0.365339847993609,0.0657450145305953,1,1,"bayesian_filing",1
"SRC-990-EXT-PEAK-GRANTMAKING","PEAK Grantmaking","filing","exact_base",2,"latent_base_salary",12.6147062287155,NA,12.6147062287155,12.6147062287155,12.8256867895497,12.4532218427655,13.1822205473996,12.3600277073112,13.2939627989082,0.0590364146209245,0.127497215981601,1,1,"bayesian_filing",1
"SRC-990-EXT-FEDERATION-OF-AMERICAN-SCIENTISTS","Federation of American Scientists","filing","exact_base",2,"latent_base_salary",13.0648771145336,NA,13.0648771145336,13.0648771145336,12.9500215219309,12.5561835458454,13.336506410129,12.457466496038,13.4456122669331,0.222159941725703,0.0908749215105519,1,1,"bayesian_filing",1
"SRC-990-EXT-TECHCONGRESS","TechCongress","filing","exact_base",2,"latent_base_salary",12.4960490464963,NA,12.4960490464963,12.4960490464963,12.2236553775548,11.8494884440668,12.5996466018114,11.7555497724021,12.6895425695019,-0.129484891437635,0.160787582415379,1,1,"bayesian_filing",1
"SRC-990-EXT-INSTITUTE-FOR-SECURITY-AND-TECHNOLOGY","Institute for Security and Technology","filing","exact_base",2,"latent_base_salary",12.3935414740295,NA,12.3935414740295,12.3935414740295,12.7293822637767,12.3722683087633,13.0805683228062,12.2748934543699,13.1761684481808,-0.373029298599676,0.212659039134879,1,1,"bayesian_filing",1
"SRC-990-EXT-GLOBAL-HEALTH-CORPS","Global Health Corps","filing","exact_base",2,"latent_base_salary",12.4246040572612,NA,12.4246040572612,12.4246040572612,11.9582884841199,11.5891269842333,12.3229257336272,11.4777080206307,12.4229359660045,-0.991220257897129,0.319295642536311,0,0,"bayesian_filing",1
"SRC-990-EXT-THIRD-WAY-INSTITUTE","Third Way Institute","filing","exact_base",2,"latent_base_salary",12.9939824923999,NA,12.9939824923999,12.9939824923999,12.483125782666,11.8639403540199,13.1014970161444,11.6964573380759,13.2787886244132,-0.75572878403053,0.309927638012404,1,1,"bayesian_filing",1
"SRC-990-EXT-MERCY-FOR-ANIMALS","Mercy For Animals","filing","exact_base",2,"latent_base_salary",12.2436538423338,NA,12.2436538423338,12.2436538423338,12.3535789573617,12.0014986952567,12.7361877723451,11.8916228888029,12.8347979023853,0.256163562272793,0.081097388661361,1,1,"bayesian_filing",1
"SRC-990-EXT-EVIDENCE-ACTION","Evidence Action","filing","exact_base",2,"latent_base_salary",12.8276536554356,NA,12.8276536554356,12.8276536554356,12.6374403844936,12.2865500547645,13.0079721643592,12.1951926828961,13.0960095110429,0.119438089868504,0.117311165219551,1,1,"bayesian_filing",1
"SRC-990-EA-COPENHAGEN-CONSENSUS-CENTER","Copenhagen Consensus Center","filing","exact_base",2,"latent_base_salary",13.0459767896383,NA,13.0459767896383,13.0459767896383,11.5047007511717,10.9945594843148,12.0257056044918,10.8393119770111,12.1676140480092,-7.4075354643393,1.29135265116562,0,0,"bayesian_filing",1
"SRC-990-EXT-CENTER-FOR-AI-SAFETY","Center for AI Safety","filing","exact_base",3,"latent_base_salary",12.7213413939825,NA,12.7213413939825,12.7213413939825,12.6704951253881,12.2455786500059,13.062349021147,12.141112782504,13.1871104071072,0.225873163714825,0.0746657343918538,1,1,"bayesian_filing",1
"SRC-990-EXT-CENTER-FOR-DEMOCRACY-TECHNOLOGY","Center for Democracy & Technology","filing","exact_base",3,"latent_base_salary",12.9169778646385,NA,12.9169778646385,12.9169778646385,12.8852450451673,12.5056809245163,13.2655504163401,12.3763791293865,13.3799576488706,0.285381065866283,0.0716319027707372,1,1,"bayesian_filing",1
"SRC-990-EXT-PROJECT-DRAWDOWN","Project Drawdown","filing","exact_base",3,"latent_base_salary",13.0056540850792,NA,13.0056540850792,13.0056540850792,12.6256233320031,12.226158813205,13.0277284103215,12.0976814098137,13.1396481376397,-0.49865726624734,0.228505589728228,1,1,"bayesian_filing",1
"SRC-990-EXT-CHARITY-NAVIGATOR","Charity Navigator","filing","exact_base",3,"latent_base_salary",12.7520384665336,NA,12.7520384665336,12.7520384665336,12.6834253793846,12.3030503005706,13.0508598518938,12.1858021918231,13.173710052186,0.267685701031798,0.0755547517392892,1,1,"bayesian_filing",1
"SRC-990-EXT-CHICAGO-COUNCIL-ON-GLOBAL-AFFAIRS","Chicago Council on Global Affairs","filing","exact_base",3,"latent_base_salary",13.1491202773988,NA,13.1491202773988,13.1491202773988,12.8227985531171,12.4215542066674,13.2113369168395,12.3224089682022,13.3185917655606,-0.319370254832603,0.201159788158808,1,1,"bayesian_filing",1
"SRC-990-EXT-RESEARCH-AMERICA","Research!America","filing","exact_base",3,"latent_base_salary",13.297112905275,NA,13.297112905275,13.297112905275,12.855733674674,12.4670136195023,13.2456284545777,12.3540796793942,13.3646628703357,-0.817246549503152,0.290742335091826,0,1,"bayesian_filing",1
"SRC-990-EXT-VILLAGE-ENTERPRISE","Village Enterprise","filing","exact_base",3,"latent_base_salary",12.5400430408691,NA,12.5400430408691,12.5400430408691,12.4732523355825,12.0818007330991,12.8598294623485,11.970022997895,12.9645680076864,0.277034811886091,0.075182322275496,1,1,"bayesian_filing",1
"SRC-990-EXT-FARM-SANCTUARY","Farm Sanctuary","filing","exact_base",3,"latent_base_salary",12.3163882693373,NA,12.3163882693373,12.3163882693373,12.384734884843,12.0001255857944,12.7991574940351,11.8856513583291,12.8912148259678,0.24745244017126,0.0787955574464685,1,1,"bayesian_filing",1
"SRC-990-EXT-ARMS-CONTROL-ASSOCIATION","Arms Control Association","filing","exact_base",3,"latent_base_salary",11.7955985634313,NA,11.7955985634313,11.7955985634313,12.0342903899971,11.5265000529176,12.5456329270592,11.3912881821569,12.713521378133,-0.178206866637285,0.152946135908685,1,1,"bayesian_filing",1
"SRC-990-EXT3-AMERICAN-SECURITY-PROJECT","American Security Project","filing","exact_base",3,"latent_base_salary",11.9786620658855,NA,11.9786620658855,11.9786620658855,11.7570390407456,11.2318361682492,12.2913530013022,11.0825813937919,12.4463083640878,-0.170619428163017,0.12601863256713,1,1,"bayesian_filing",1
"SRC-990-EA-GIVEWELL","GiveWell","filing","exact_base",3,"latent_base_salary",13.0190388321958,NA,13.0190388321958,13.0190388321958,12.7976994255115,12.1883699916499,13.4075829690226,12.034630508151,13.5974400708537,-0.279438628795666,0.143590710716507,1,1,"bayesian_filing",1
"SRC-990-EXT-GIVINGTUESDAY","GivingTuesday","filing","exact_base",4,"latent_base_salary",12.8728251821158,NA,12.8728251821158,12.8728251821158,12.5099049001937,12.1496029133218,12.8720160161124,12.0310471313821,12.9771358714332,-0.496740929554201,0.234154468671266,0,1,"bayesian_filing",1
"SRC-990-EXT3-NATIONAL-ACADEMY-FOR-STATE-HEALTH-POLICY","National Academy for State Health Policy","filing","exact_base",4,"latent_base_salary",12.8776933603378,NA,12.8776933603378,12.8776933603378,12.8251119440477,12.4626666652372,13.1787344135022,12.366147747703,13.2819518572096,0.340271004058425,0.0684304281053153,1,1,"bayesian_filing",1
"SRC-990-EXT3-CARBON-MAPPER","Carbon Mapper","filing","exact_base",4,"latent_base_salary",12.5153758745745,NA,12.5153758745745,12.5153758745745,12.9323566500795,12.5791106331559,13.3041530170829,12.4802999376173,13.4030061936898,-0.755448667677953,0.279342118437866,0,1,"bayesian_filing",1
"SRC-990-EXT-CENTER-FOR-EFFECTIVE-PHILANTHROPY","Center for Effective Philanthropy","filing","exact_base",4,"latent_base_salary",13.2146671151145,NA,13.2146671151145,13.2146671151145,13.0047778428039,12.6401049832022,13.3526223163083,12.5407325232807,13.4636364015234,0.0773001146310545,0.124703023707591,1,1,"bayesian_filing",1
"SRC-990-EXT-ECONOMIC-POLICY-INSTITUTE","Economic Policy Institute","filing","exact_base",4,"latent_base_salary",12.4477248107957,NA,12.4477248107957,12.4477248107957,12.8323068499586,12.4824705163585,13.1785399083318,12.3790205283549,13.2801006331042,-0.654043432198383,0.25078310524353,0,1,"bayesian_filing",1
"SRC-990-EXT-ELECTRONIC-FRONTIER-FOUNDATION","Electronic Frontier Foundation","filing","exact_base",4,"latent_base_salary",12.757183396529,NA,12.757183396529,12.757183396529,12.8857188013091,12.5234243674782,13.2546528376659,12.4277168940452,13.3516898771385,0.254309646928611,0.085545775812876,1,1,"bayesian_filing",1
"SRC-990-EXT-ENERGY-FOR-GROWTH-HUB","Energy for Growth Hub","filing","exact_base",4,"latent_base_salary",13.0105039226493,NA,13.0105039226493,13.0105039226493,12.4144515264963,12.0468237758099,12.7780877286753,11.9342299536318,12.8908043933251,-1.8366638900356,0.434204482898399,0,0,"bayesian_filing",1
"SRC-990-EXT-LAST-MILE-HEALTH","Last Mile Health","filing","exact_base",4,"latent_base_salary",12.4850802155385,NA,12.4850802155385,12.4850802155385,12.5238098516675,12.1774459853722,12.8746766210893,12.0917575786867,12.9586488337602,0.398300211283939,0.0628636730239097,1,1,"bayesian_filing",1
"SRC-990-EA-FORESIGHT-INSTITUTE","Foresight Institute","filing","exact_base",4,"latent_base_salary",12.5911934036369,NA,12.5911934036369,12.5911934036369,12.1877140335533,11.7329183566052,12.6040472285017,11.5904191565341,12.7401762882053,-0.518162190840981,0.241125120321406,1,1,"bayesian_filing",1
"SRC-990-EXT-DATAKIND","DataKind","filing","exact_base",5,"latent_base_salary",12.4083285202951,NA,12.4083285202951,12.4083285202951,12.6419879950077,12.2484929703042,13.0527816907981,12.1474314792162,13.1711090824078,-0.0459536249248377,0.142571505492259,1,1,"bayesian_filing",1
"SRC-990-EXT-FAR-AI","FAR AI","filing","exact_base",5,"latent_base_salary",12.405415596293,NA,12.405415596293,12.405415596293,12.6617387019659,12.2539752181916,13.0660336713393,12.1345407954668,13.1814617022552,-0.103583043818642,0.15966850399773,1,1,"bayesian_filing",1
"SRC-990-EXT-IDEAS42","ideas42","filing","exact_base",5,"latent_base_salary",12.4941514017925,NA,12.4941514017925,12.4941514017925,12.6136609592225,12.2056180601192,12.998341164105,12.0816540405705,13.1235970489417,0.169291493316877,0.0903382254373489,1,1,"bayesian_filing",1
"SRC-990-EXT-TAX-FOUNDATION","Tax Foundation","filing","exact_base",5,"latent_base_salary",12.515216592965,NA,12.515216592965,12.515216592965,12.5627787024841,12.2074672061156,12.9358776825585,12.0775671683585,13.0280214503648,0.299311783421835,0.0729410671091924,1,1,"bayesian_filing",1
"SRC-990-EXT-PETERSON-INSTITUTE-FOR-INTERNATIONAL-ECONOMICS","Peterson Institute for International Economics","filing","exact_base",5,"latent_base_salary",13.3086807403212,NA,13.3086807403212,13.3086807403212,13.7323836624352,13.3336589757767,14.1178023708519,13.2270545952658,14.2192130603237,-0.70429076691306,0.269503371010919,0,1,"bayesian_filing",1
"SRC-990-EXT-WORLD-JUSTICE-PROJECT","World Justice Project","filing","exact_base",5,"latent_base_salary",12.8497369708156,NA,12.8497369708156,12.8497369708156,13.0085483961445,12.6073588697556,13.4109265124615,12.5079224776959,13.5158861315342,0.120133527186318,0.105817246110204,1,1,"bayesian_filing",1
"SRC-990-EXT-SIGHTLINE-INSTITUTE","Sightline Institute","filing","exact_base",5,"latent_base_salary",12.2612800796685,NA,12.2612800796685,12.2612800796685,12.027086280781,11.6122727788776,12.428874960148,11.4991353611124,12.5441871140689,-0.0351853073289655,0.142855655062556,1,1,"bayesian_filing",1
"SRC-990-EXT-OPEN-MARKETS-INSTITUTE","Open Markets Institute","filing","exact_base",5,"latent_base_salary",12.1897506129305,NA,12.1897506129305,12.1897506129305,12.462763805851,12.0755965021835,12.8532410524211,11.9565035855337,12.9545866281905,-0.135337223234677,0.163408180735622,1,1,"bayesian_filing",1
"SRC-990-EXT-STRONGMINDS","StrongMinds","filing","exact_base",5,"latent_base_salary",12.4509506432504,NA,12.4509506432504,12.4509506432504,12.3206940694184,11.9395428621758,12.7284349516805,11.8519479343674,12.8385610952355,0.200269829964091,0.0897822289209841,1,1,"bayesian_filing",1
"SRC-990-EXT-NEW-AMERICA","New America","filing","exact_base",5,"latent_base_salary",13.2081577341251,NA,13.2081577341251,13.2081577341251,13.4064648817064,13.0173197562374,13.7911760329142,12.8849638728575,13.8978088385957,0.0595504076851635,0.127506607974936,1,1,"bayesian_filing",1
"SRC-990-EXT-INNOVATIONS-FOR-POVERTY-ACTION","Innovations for Poverty Action","filing","exact_base",5,"latent_base_salary",12.4867659407714,NA,12.4867659407714,12.4867659407714,12.9075538340586,12.5236242290651,13.2910488141144,12.4182346696525,13.4045499038953,-0.694504468397529,0.27434787576852,0,1,"bayesian_filing",1
"SRC-990-EXT-REDWOOD-RESEARCH","Redwood Research","filing","exact_base",5,"latent_base_salary",12.5766540301346,NA,12.5766540301346,12.5766540301346,12.9181692553396,12.2677097334115,13.5667558133057,12.0908292481063,13.7698405329898,-0.491284665282789,0.198236146551733,1,1,"bayesian_filing",1
"SRC-990-EXT-INTERNET-SECURITY-RESEARCH-GROUP","Internet Security Research Group","filing","exact_base",6,"latent_base_salary",12.6634761632277,NA,12.6634761632277,12.6634761632277,12.4937282706243,12.1072499628722,12.8963801998555,11.9915187526566,13.0178380118896,0.105282385801735,0.107989077511159,1,1,"bayesian_filing",1
"SRC-990-EXT-INSTITUTE-FOR-ENERGY-ECONOMICS-AND-FINANCIAL-ANALYSIS","Institute for Energy Economics and Financial Analysis","filing","exact_base",6,"latent_base_salary",12.5797210272034,NA,12.5797210272034,12.5797210272034,12.5227264927203,12.1412354010325,12.9169716504248,12.035360769104,13.0203863566398,0.244288882105728,0.0757454503954736,1,1,"bayesian_filing",1
"SRC-990-EXT-BREAKTHROUGH-INSTITUTE","Breakthrough Institute","filing","exact_base",6,"latent_base_salary",12.579065834723,NA,12.579065834723,12.579065834723,12.5406518986188,12.1391687823727,12.9399177040997,12.0319033636785,13.0558281618979,0.230608382714239,0.0746530478218092,1,1,"bayesian_filing",1
"SRC-990-EXT-COMMITTEE-FOR-A-RESPONSIBLE-FEDERAL-BUDGET","Committee for a Responsible Federal Budget","filing","exact_base",6,"latent_base_salary",13.2655461923519,NA,13.2655461923519,13.2655461923519,12.9789487486534,12.6025086021844,13.3637899276303,12.4869034038201,13.4740631809753,-0.173961738266401,0.176719914165886,1,1,"bayesian_filing",1
"SRC-990-EXT-FRESH-ENERGY","Fresh Energy","filing","exact_base",6,"latent_base_salary",12.4117920746609,NA,12.4117920746609,12.4117920746609,12.2520620764322,11.725478951489,12.799134119358,11.5598153706162,12.9334586576459,-0.114308767497899,0.118387072466654,1,1,"bayesian_filing",1
"SRC-990-EXT-MIGRATION-POLICY-INSTITUTE","Migration Policy Institute","filing","exact_base",6,"latent_base_salary",12.6227383916406,NA,12.6227383916406,12.6227383916406,12.6473930110574,12.2612946490056,13.0406080057121,12.1338193399431,13.157044114642,0.25330009246776,0.0730473485912896,1,1,"bayesian_filing",1
"SRC-990-EXT-CODE-FOR-SCIENCE-SOCIETY","Code for Science & Society","filing","exact_base",6,"latent_base_salary",12.2746977427298,NA,12.2746977427298,12.2746977427298,12.353306693944,11.836019949102,12.9052254766164,11.6954249480124,13.0580642135315,-0.0727259534744564,0.0987786194573832,1,1,"bayesian_filing",1
"SRC-990-EXT-INDEPENDENT-SECTOR","Independent Sector","filing","exact_base",6,"latent_base_salary",13.3541442871094,NA,13.3541442871094,13.3541442871094,13.202065158298,12.8214773754357,13.614572476808,12.6868942278907,13.7305596811696,0.139205692946581,0.102906639349711,1,1,"bayesian_filing",1
"SRC-990-EXT-INSTITUTE-FOR-POLICY-STUDIES","Institute for Policy Studies","filing","exact_base",6,"latent_base_salary",12.053986283532,NA,12.053986283532,12.053986283532,12.1544000424737,11.6614305287081,12.6605175715961,11.4874291567905,12.7934525388494,-0.0352772382006399,0.111190893414799,1,1,"bayesian_filing",1
"SRC-990-EXT-VILLAGEREACH","VillageReach","filing","exact_base",6,"latent_base_salary",12.4314315810676,NA,12.4314315810676,12.4314315810676,12.5069960549516,12.1107982200937,12.9232588367596,11.9759319032879,13.0333622244443,0.207299262787508,0.0798524823812565,1,1,"bayesian_filing",1
"SRC-990-EXT-RESULTS-FOR-DEVELOPMENT","Results for Development","filing","exact_base",6,"latent_base_salary",12.9211104925028,NA,12.9211104925028,12.9211104925028,12.8783722663138,12.4686088707166,13.2632706957746,12.3663566966996,13.375067851004,0.260224303127244,0.0735153900082356,1,1,"bayesian_filing",1
"SRC-990-EXT-CREATIVE-COMMONS","Creative Commons","filing","exact_base",6,"latent_base_salary",12.4083285202951,NA,12.4083285202951,12.4083285202951,12.3750460133449,11.9668979770712,12.7622729314484,11.837736944181,12.8743212770451,0.25631475365815,0.0732222305931425,1,1,"bayesian_filing",1
"SRC-990-EXT3-CENTER-FOR-ARMS-CONTROL-AND-NON-PROLIFERATION","Center for Arms Control and Non-Proliferation","filing","exact_base",6,"latent_base_salary",12.5533356659485,NA,12.5533356659485,12.5533356659485,11.9434548505009,11.4210923795402,12.4531309428179,11.2604884949857,12.6198163820332,-1.17181968001313,0.389705712873651,0,1,"bayesian_filing",1
"SRC-990-EXT-FUTURE-OF-PRIVACY-FORUM","Future of Privacy Forum","filing","exact_base",7,"latent_base_salary",13.5088520328401,NA,13.5088520328401,13.5088520328401,12.936705325069,12.6048950148567,13.2688284749589,12.4960304030864,13.3898331923469,-1.85125562517343,0.41849406984474,0,0,"bayesian_filing",1
"SRC-990-EXT-JAIN-FAMILY-INSTITUTE","Jain Family Institute","filing","exact_base",7,"latent_base_salary",12.3338860528408,NA,12.3338860528408,12.3338860528408,12.5045734599661,12.1543026090707,12.8501557400298,12.0542349053683,12.9397789856049,0.179706890273964,0.103420631358243,1,1,"bayesian_filing",1
"SRC-990-EXT-ORCID","ORCID","filing","exact_base",7,"latent_base_salary",12.5696077844296,NA,12.5696077844296,12.5696077844296,11.9371457669061,11.550040371603,12.3205950970115,11.4488704122508,12.4201060420644,-1.98738428909368,0.47424081139557,0,0,"bayesian_filing",1
"SRC-990-EXT-SOCIAL-SCIENCE-RESEARCH-COUNCIL","Social Science Research Council","filing","exact_base",7,"latent_base_salary",12.7968302816124,NA,12.7968302816124,12.7968302816124,13.1450296892995,12.7952484215509,13.5190220458581,12.6928680007461,13.6292653352913,-0.413312949884802,0.212082228734845,1,1,"bayesian_filing",1
"SRC-990-EXT-STIMSON-CENTER","Stimson Center","filing","exact_base",7,"latent_base_salary",12.9582226865033,NA,12.9582226865033,12.9582226865033,12.6972775940533,12.3448705630904,13.0410985792326,12.2505754536348,13.1361181275376,-0.0886059487344986,0.156413509309633,1,1,"bayesian_filing",1
"SRC-990-EXT-GOOD-FOOD-INSTITUTE","Good Food Institute","filing","exact_base",7,"latent_base_salary",12.3904522913386,NA,12.3904522913386,12.3904522913386,12.5398264436098,12.2057007171919,12.8893294635461,12.1107972232919,12.9784675505733,0.221355700113569,0.100111115059983,1,1,"bayesian_filing",1
"SRC-990-EXT-ECONOMIC-INNOVATION-GROUP","Economic Innovation Group","filing","exact_base",7,"latent_base_salary",12.9583656609222,NA,12.9583656609222,12.9583656609222,12.9177193409995,12.5658608231865,13.2590829792229,12.4722237849747,13.35413434849,0.385380210830903,0.065658721902308,1,1,"bayesian_filing",1
"SRC-990-EXT-BIPARTISAN-POLICY-CENTER","Bipartisan Policy Center","filing","exact_base",7,"latent_base_salary",13.69992393343,NA,13.69992393343,13.69992393343,13.3588706960814,13.0047138903207,13.6922366975984,12.9068709647227,13.799973552499,-0.415495528666606,0.214036441840664,0,1,"bayesian_filing",1
"SRC-990-EXT-RESULTS-FOR-AMERICA","Results for America","filing","exact_base",7,"latent_base_salary",12.6889203108623,NA,12.6889203108623,12.6889203108623,12.9852513574752,12.6317772427956,13.3277452165455,12.5287185650984,13.4216458373786,-0.221005202839092,0.182847625504786,1,1,"bayesian_filing",1
"SRC-990-EXT3-NUCLEAR-INNOVATION-ALLIANCE","Nuclear Innovation Alliance","filing","exact_base",7,"latent_base_salary",12.6101041264858,NA,12.6101041264858,12.6101041264858,12.0735040212393,11.7251971878653,12.4134608758987,11.6193547096054,12.5189926257688,-1.51971395474014,0.393055045778063,0,0,"bayesian_filing",1
"SRC-990-EXT3-CENTER-FOR-INTERNATIONAL-POLICY","Center for International Policy","filing","exact_base",7,"latent_base_salary",12.3116931273939,NA,12.3116931273939,12.3116931273939,12.0821894581769,11.5877493045184,12.6121239645638,11.4194764660984,12.7603461860403,-0.179119624091721,0.14917912210892,1,1,"bayesian_filing",1
"SRC-990-EA-CENTER-FOR-ELECTION-SCIENCE","Center for Election Science","filing","exact_base",7,"latent_base_salary",12.2614916001655,NA,12.2614916001655,12.2614916001655,11.9048376021335,11.396755082162,12.4118299374239,11.2572584962457,12.5706672425219,-0.402284411107788,0.219744197485718,1,1,"bayesian_filing",1
"SRC-990-EXT-PARTNERSHIP-ON-AI","Partnership on AI","filing","exact_base",8,"latent_base_salary",12.7912011974447,NA,12.7912011974447,12.7912011974447,12.8136356824011,12.4117769093933,13.2223842094611,12.2927287223637,13.3233867794305,0.265826039803891,0.0717020493946933,1,1,"bayesian_filing",1
"SRC-990-EXT-FRAMEWORKS-INSTITUTE","FrameWorks Institute","filing","exact_base",8,"latent_base_salary",13.0266397001217,NA,13.0266397001217,13.0266397001217,12.8252023654001,12.4562165690861,13.2076117470609,12.3508777071124,13.3342765512289,0.0558812766848522,0.125980883260914,1,1,"bayesian_filing",1
"SRC-990-EXT-QUINCY-INSTITUTE-FOR-RESPONSIBLE-STATECRAFT","Quincy Institute for Responsible Statecraft","filing","exact_base",8,"latent_base_salary",12.631030234805,NA,12.631030234805,12.631030234805,13.0400712988894,12.6481987424483,13.4206556145122,12.5387111299819,13.5375368543704,-0.650627532865666,0.272365075137544,0,1,"bayesian_filing",1
"SRC-990-EXT-COUNCIL-ON-STRATEGIC-RISKS","Council on Strategic Risks","filing","exact_base",8,"latent_base_salary",12.508796619219,NA,12.508796619219,12.508796619219,12.6020971081758,12.211617987772,13.0015311232145,12.1000337106149,13.1032003555425,0.220453004288724,0.0813519389737241,1,1,"bayesian_filing",1
"SRC-990-EXT-INFORMATION-TECHNOLOGY-AND-INNOVATION-FOUNDATION","Information Technology and Innovation Foundation","filing","exact_base",8,"latent_base_salary",13.2745188452622,NA,13.2745188452622,13.2745188452622,13.079533945658,12.6820485637944,13.4726126453742,12.5747335105884,13.6238923169311,0.0485779140319966,0.116650531787944,1,1,"bayesian_filing",1
"SRC-990-EXT-NUMFOCUS","NumFOCUS","filing","exact_base",8,"latent_base_salary",12.0255072657542,NA,12.0255072657542,12.0255072657542,12.2776457103508,11.7045348992161,12.8486325232,11.515514554325,12.9936118335412,-0.247579564875692,0.157479914149699,1,1,"bayesian_filing",1
"SRC-990-EXT-TECHNICAL-ASSISTANCE-COLLABORATIVE","Technical Assistance Collaborative","filing","exact_base",8,"latent_base_salary",12.4383619268654,NA,12.4383619268654,12.4383619268654,12.5516052286666,12.1605963637926,12.9419700649922,12.0357395988691,13.0604669130718,0.211087556120966,0.0858573093684412,1,1,"bayesian_filing",1
"SRC-990-EXT-CENTER-FOR-A-NEW-AMERICAN-SECURITY","Center for a New American Security","filing","exact_base",8,"latent_base_salary",13.1871814907024,NA,13.1871814907024,13.1871814907024,13.1118313093074,12.7043798254461,13.4962903230957,12.5968537298974,13.6220908772413,0.229517453072796,0.0781626613543423,1,1,"bayesian_filing",1
"SRC-990-EXT-DATA-QUALITY-CAMPAIGN","Data Quality Campaign","filing","exact_base",8,"latent_base_salary",12.9352645395531,NA,12.9352645395531,12.9352645395531,13.0745708953043,12.6218176076375,13.5051839863273,12.514214663672,13.6345167508513,0.064565081448428,0.105695315103781,1,1,"bayesian_filing",1
"SRC-990-EXT-GRANTMAKERS-FOR-EFFECTIVE-ORGANIZATIONS","Grantmakers for Effective Organizations","filing","exact_base",8,"latent_base_salary",12.8837522170102,NA,12.8837522170102,12.8837522170102,12.9075908968756,12.518543295555,13.2834546331181,12.3986616423865,13.3837896903559,0.274960495487749,0.0719678563065859,1,1,"bayesian_filing",1
"SRC-990-EXT-THE-SENTENCING-PROJECT","The Sentencing Project","filing","exact_base",8,"latent_base_salary",12.2172732835324,NA,12.2172732835324,12.2172732835324,12.3621435660551,11.9760547240547,12.7401055363642,11.8604869577521,12.8539574622182,0.149934476659793,0.0969232712746176,1,1,"bayesian_filing",1
"SRC-990-EXT-PHYSICIANS-FOR-SOCIAL-RESPONSIBILITY","Physicians for Social Responsibility","filing","exact_base",8,"latent_base_salary",11.9808845054682,NA,11.9808845054682,11.9808845054682,12.281353451417,11.8870947054074,12.6797881413607,11.7743242107682,12.7876553029195,-0.225877850705033,0.182318961721519,1,1,"bayesian_filing",1
"SRC-990-EXT-INSTITUTE-FOR-THE-STUDY-OF-WAR","Institute for the Study of War","filing","exact_base",9,"latent_base_salary",12.2737531161958,NA,12.2737531161958,12.2737531161958,12.4980606404462,12.0959371766584,12.9055733029542,11.9826970493633,13.0373808292454,-0.0221474473611952,0.125850175463752,1,1,"bayesian_filing",1
"SRC-990-EXT-CENTER-FOR-CLIMATE-AND-ENERGY-SOLUTIONS","Center for Climate and Energy Solutions","filing","exact_base",9,"latent_base_salary",12.9791557665258,NA,12.9791557665258,12.9791557665258,13.0472872679368,12.6280158786559,13.4508637847839,12.5171706820455,13.5699860046148,0.211279013277087,0.0787146067233418,1,1,"bayesian_filing",1
"SRC-990-EXT-SAN-FRANCISCO-ESTUARY-INSTITUTE","San Francisco Estuary Institute","filing","exact_base",9,"latent_base_salary",12.1771418570467,NA,12.1771418570467,12.1771418570467,12.5134966809099,12.1069324599233,12.9056990232199,11.9935737801406,13.0324992977316,-0.333174648925256,0.204782849866085,1,1,"bayesian_filing",1
"SRC-990-EXT-PUBLIC-AGENDA","Public Agenda","filing","exact_base",9,"latent_base_salary",12.5141054670907,NA,12.5141054670907,12.5141054670907,12.2088870561009,11.8178446722918,12.5979437768967,11.6995768623447,12.7020269780865,-0.244949837742783,0.184136990661227,1,1,"bayesian_filing",1
"SRC-990-EXT-PUBLIC-KNOWLEDGE","Public Knowledge","filing","exact_base",9,"latent_base_salary",12.4996822653103,NA,12.4996822653103,12.4996822653103,12.5916500290756,12.2110696091958,12.9766756626064,12.0896795101125,13.0831714186269,0.223753511536374,0.0841734718444818,1,1,"bayesian_filing",1
"SRC-990-EXT-NATIONAL-COMMITTEE-FOR-RESPONSIVE-PHILANTHROPY","National Committee for Responsive Philanthropy","filing","exact_base",9,"latent_base_salary",12.742437732963,NA,12.742437732963,12.742437732963,12.6238929297266,12.1946839887539,13.0499456093661,12.0751872769869,13.1693211212219,0.147737231294039,0.0894044439284076,1,1,"bayesian_filing",1
"SRC-990-EXT-OPENSECRETS","OpenSecrets","filing","exact_base",9,"latent_base_salary",12.3218529214459,NA,12.3218529214459,12.3218529214459,12.1925987604853,11.8148547214729,12.5648258950361,11.6968101933258,12.6781515341763,0.178753189509983,0.093845604981619,1,1,"bayesian_filing",1
"SRC-990-EXT-LIVING-GOODS","Living Goods","filing","exact_base",9,"latent_base_salary",12.5107284211723,NA,12.5107284211723,12.5107284211723,12.4158342766576,12.015315702693,12.8190937272347,11.8997952252455,12.9461071553827,0.173766203702485,0.0859999062624332,1,1,"bayesian_filing",1
"SRC-990-EXT-THE-HUMANE-LEAGUE","The Humane League","filing","exact_base",9,"latent_base_salary",12.3775599734482,NA,12.3775599734482,12.3775599734482,12.1779994543417,11.7708557347969,12.5858711416654,11.6579464432925,12.7045536262071,0.0219439979119066,0.132635177686799,1,1,"bayesian_filing",1
"SRC-990-EXT-CLEAN-AIR-TASK-FORCE","Clean Air Task Force","filing","exact_base",9,"latent_base_salary",12.8291533338357,NA,12.8291533338357,12.8291533338357,12.7475449554015,12.3373223842692,13.1634397897328,12.2120457996049,13.2728189298123,0.18546650274046,0.0841228744347063,1,1,"bayesian_filing",1
"SRC-990-EXT-VERA-INSTITUTE-OF-JUSTICE","Vera Institute of Justice","filing","exact_base",9,"latent_base_salary",13.3181829414966,NA,13.3181829414966,13.3181829414966,13.2972207866287,12.9025382802336,13.7039441970006,12.7591103516494,13.8227671185865,0.235559897890713,0.075094316350711,1,1,"bayesian_filing",1
"SRC-990-EXT-DEMOS","Demos","filing","exact_base",10,"latent_base_salary",12.6428849557391,NA,12.6428849557391,12.6428849557391,12.8186272973439,12.4788352276257,13.159123932449,12.3663568625116,13.2635608839077,0.175159920883776,0.105897341477616,1,1,"bayesian_filing",1
"SRC-990-EXT-ENVIRONMENTAL-LAW-INSTITUTE","Environmental Law Institute","filing","exact_base",10,"latent_base_salary",12.6696219906236,NA,12.6696219906236,12.6696219906236,12.5831980022703,12.2378426575942,12.9569987005419,12.1262938461804,13.0471260013478,0.316351549469743,0.0778302956090206,1,1,"bayesian_filing",1
"SRC-990-EXT-CENTER-FOR-OPEN-SCIENCE","Center for Open Science","filing","exact_base",10,"latent_base_salary",12.5016604600873,NA,12.5016604600873,12.5016604600873,12.5249470422252,12.1836186976081,12.8724740163045,12.0945514715092,12.9620726155722,0.415718913926131,0.0631482812009549,1,1,"bayesian_filing",1
"SRC-990-EXT-INSTITUTE-FOR-NONPROFIT-NEWS","Institute for Nonprofit News","filing","exact_base",10,"latent_base_salary",12.3400869277947,NA,12.3400869277947,12.3400869277947,12.3558042669329,11.9711283878944,12.7407439850101,11.867392152825,12.8598256342665,0.269792055098713,0.0715780639460291,1,1,"bayesian_filing",1
"SRC-990-EXT-NISKANEN-CENTER","Niskanen Center","filing","exact_base",10,"latent_base_salary",13.3543131280751,NA,13.3543131280751,13.3543131280751,12.962830126469,12.6221166281386,13.3077621956846,12.5339785998669,13.3995381769128,-0.704527817674499,0.262353272696263,0,1,"bayesian_filing",1
"SRC-990-EXT-INSTITUTE-ON-TAXATION-AND-ECONOMIC-POLICY","Institute on Taxation and Economic Policy","filing","exact_base",10,"latent_base_salary",12.3346530459445,NA,12.3346530459445,12.3346530459445,12.7813572931349,12.4395127129229,13.1205166769314,12.3440991515432,13.210920222169,-1.00657072502617,0.3034819021349,0,0,"bayesian_filing",1
"SRC-990-EXT-ROOSEVELT-INSTITUTE","Roosevelt Institute","filing","exact_base",10,"latent_base_salary",13.0866290852163,NA,13.0866290852163,13.0866290852163,12.96411453303,12.6307725433059,13.284486166335,12.5375959783116,13.3874537466017,0.310365707798336,0.0825752429968991,1,1,"bayesian_filing",1
"SRC-990-EXT-AMERICAN-IMMIGRATION-COUNCIL","American Immigration Council","filing","exact_base",10,"latent_base_salary",12.6131309837729,NA,12.6131309837729,12.6131309837729,12.6528691963002,12.3219678948314,12.9973679165971,12.2107505695806,13.0961714313006,0.384221662750215,0.066679404946673,1,1,"bayesian_filing",1
"SRC-990-EXT-PROJECT-HEALTHY-CHILDREN","Project Healthy Children","filing","exact_base",10,"latent_base_salary",11.5747708002363,NA,11.5747708002363,11.5747708002363,12.5609596094265,12.1797826327794,12.916831730903,12.0676100221079,13.031775752532,-5.28090946335665,0.805359570020577,0,0,"bayesian_filing",1
"SRC-990-EXT-EXPONENT-PHILANTHROPY","Exponent Philanthropy","filing","exact_base",10,"latent_base_salary",12.6069727833315,NA,12.6069727833315,12.6069727833315,12.2699780851498,11.9170554973474,12.6326789324593,11.8038438641656,12.7282125247631,-0.386743111458169,0.220006526388157,1,1,"bayesian_filing",1
"SRC-990-EXT-GUTTMACHER-INSTITUTE","Guttmacher Institute","filing","exact_base",10,"latent_base_salary",12.8946594433338,NA,12.8946594433338,12.8946594433338,13.4353388928922,13.0828161474861,13.7673182371096,12.9829067051801,13.8778228692788,-1.62163969315628,0.39224256484982,0,0,"bayesian_filing",1
"SRC-990-EXT-OPEN-SOURCE-INITIATIVE","Open Source Initiative","filing","exact_base",10,"latent_base_salary",12.2102910853882,NA,12.2102910853882,12.2102910853882,11.8314375356558,11.2673268890249,12.386437770028,11.1094372036933,12.5480578527968,-0.466952005563232,0.240461576473326,1,1,"bayesian_filing",1
"SRC-990-EXT-POPULATION-REFERENCE-BUREAU","Population Reference Bureau","filing","exact_base",1,"latent_base_salary",12.816309953692,NA,12.816309953692,12.816309953692,12.5399449524397,12.064880769033,13.0290239317999,11.9434075218335,13.1574922952066,-0.203878719770126,0.163827147991054,1,1,"bayesian_exact",1
"SRC-990-EXT3-CENTER-FOR-HEALTH-CARE-STRATEGIES","Center for Health Care Strategies","filing","exact_base",1,"latent_base_salary",12.6222962067176,NA,12.6222962067176,12.6222962067176,12.7047247957736,12.358050723559,13.0713779758837,12.2575155071928,13.1692890997948,0.3445397049321,0.0728499686259972,1,1,"bayesian_exact",1
"SRC-990-EXT-CLIMATE-CENTRAL","Climate Central","filing","exact_base",1,"latent_base_salary",12.6801870016491,NA,12.6801870016491,12.6801870016491,12.6903404106059,12.355481717149,13.0211569725489,12.25827858752,13.1198336153768,0.392333333342681,0.063149411474887,1,1,"bayesian_exact",1
"SRC-990-EXT-BULLETIN-OF-THE-ATOMIC-SCIENTISTS","Bulletin of the Atomic Scientists","filing","exact_base",1,"latent_base_salary",12.3173567420894,NA,12.3173567420894,12.3173567420894,12.3733856074096,12.0363005504568,12.7165551151341,11.9461934449965,12.8173055624437,0.382068674633049,0.0683125402961041,1,1,"bayesian_exact",1
"SRC-990-EXT-PRECISION-DEVELOPMENT","Precision Development","filing","exact_base",1,"latent_base_salary",12.4150937427763,NA,12.4150937427763,12.4150937427763,12.4834604990329,12.1389496007882,12.8347335570312,12.0439958220639,12.9447389696689,0.371463539676364,0.0704290023711199,1,1,"bayesian_exact",1
"SRC-990-EXT-SOFTWARE-FREEDOM-CONSERVANCY","Software Freedom Conservancy","filing","exact_base",1,"latent_base_salary",12.1568022510686,NA,12.1568022510686,12.1568022510686,12.2330820080608,11.7127876644546,12.7461876042604,11.5343676217137,12.8794358184778,-0.0449379272457212,0.106914598329637,1,1,"bayesian_exact",1
"SRC-990-EXT-GRANTMAKERS-FOR-EDUCATION","Grantmakers for Education","filing","exact_base",1,"latent_base_salary",12.4309659850717,NA,12.4309659850717,12.4309659850717,12.7877813676795,12.3982840329567,13.1998764612209,12.2670345545062,13.3060055003134,-0.389173313737285,0.232282544775668,1,1,"bayesian_exact",1
"SRC-990-EXT-ANIMAL-LEGAL-DEFENSE-FUND","Animal Legal Defense Fund","filing","exact_base",1,"latent_base_salary",12.5370734769901,NA,12.5370734769901,12.5370734769901,12.4433376543428,12.0832940845466,12.8074264132332,11.9933381168151,12.9189433993221,0.304399723516591,0.0784489158947073,1,1,"bayesian_exact",1
"SRC-990-EXT-ANIMAL-WELFARE-INSTITUTE","Animal Welfare Institute","filing","exact_base",2,"latent_base_salary",12.1688180822369,NA,12.1688180822369,12.1688180822369,12.3560912350353,12.0164674548774,12.6986743857185,11.9280101065101,12.7927858264252,0.159951576321478,0.109072221644055,1,1,"bayesian_exact",1
"SRC-990-EXT3-LEARNING-POLICY-INSTITUTE","Learning Policy Institute","filing","exact_base",2,"latent_base_salary",13.1712146825618,NA,13.1712146825618,13.1712146825618,12.8861165725127,12.5397274878187,13.1901076673349,12.4762009960559,13.2941776228505,-0.191274585430173,0.180065575371235,1,1,"bayesian_exact",1
"SRC-990-EXT-NATIONAL-EMPLOYMENT-LAW-PROJECT","National Employment Law Project","filing","exact_base",2,"latent_base_salary",12.8184638703657,NA,12.8184638703657,12.8184638703657,12.8639329206631,12.5490803835481,13.2072727314469,12.4512195567987,13.3081937292177,0.443335465404249,0.0611154702787841,1,1,"bayesian_exact",1
"SRC-990-EXT-PEAK-GRANTMAKING","PEAK Grantmaking","filing","exact_base",2,"latent_base_salary",12.6147062287155,NA,12.6147062287155,12.6147062287155,12.8085896467389,12.4767198411003,13.1404692981035,12.3729142321899,13.239634956602,0.14291956811979,0.115070007262492,1,1,"bayesian_exact",1
"SRC-990-EXT-FEDERATION-OF-AMERICAN-SCIENTISTS","Federation of American Scientists","filing","exact_base",2,"latent_base_salary",13.0648771145336,NA,13.0648771145336,13.0648771145336,12.7493175592085,12.3923333856766,13.1081373170576,12.2856556159669,13.201064659246,-0.286929205019153,0.194554596601315,1,1,"bayesian_exact",1
"SRC-990-EXT-TECHCONGRESS","TechCongress","filing","exact_base",2,"latent_base_salary",12.4960490464963,NA,12.4960490464963,12.4960490464963,12.2034169725358,11.871306811473,12.5520066743125,11.7879695085544,12.6605957963809,-0.209132175324376,0.183244019158816,1,1,"bayesian_exact",1
"SRC-990-EXT-INSTITUTE-FOR-SECURITY-AND-TECHNOLOGY","Institute for Security and Technology","filing","exact_base",2,"latent_base_salary",12.3935414740295,NA,12.3935414740295,12.3935414740295,12.7082525445318,12.3791460813077,13.032825699966,12.2965301716174,13.1269126288445,-0.325553223501137,0.195081186936138,1,1,"bayesian_exact",1
"SRC-990-EXT-GLOBAL-HEALTH-CORPS","Global Health Corps","filing","exact_base",2,"latent_base_salary",12.4246040572612,NA,12.4246040572612,12.4246040572612,12.1020150841299,11.7815304820843,12.4347143158656,11.6724086057599,12.5236370945717,-0.34272233424932,0.200650664802903,1,1,"bayesian_exact",1
"SRC-990-EXT-THIRD-WAY-INSTITUTE","Third Way Institute","filing","exact_base",2,"latent_base_salary",12.9939824923999,NA,12.9939824923999,12.9939824923999,12.7254487648873,12.1416665080932,13.3322430106677,11.9766777657832,13.4896162061814,-0.305233967774081,0.167020659114272,1,1,"bayesian_exact",1
"SRC-990-EXT-MERCY-FOR-ANIMALS","Mercy For Animals","filing","exact_base",2,"latent_base_salary",12.2436538423338,NA,12.2436538423338,12.2436538423338,12.4871114305713,12.152088567113,12.8196510942177,12.0577283252546,12.9135967611,-0.0136873639018275,0.140871317454296,1,1,"bayesian_exact",1
"SRC-990-EXT-EVIDENCE-ACTION","Evidence Action","filing","exact_base",2,"latent_base_salary",12.8276536554356,NA,12.8276536554356,12.8276536554356,12.6211066683363,12.2940936204919,12.9371353479663,12.2071464989535,13.0256125618191,0.112618422646984,0.126196224654118,1,1,"bayesian_exact",1
"SRC-990-EA-COPENHAGEN-CONSENSUS-CENTER","Copenhagen Consensus Center","filing","exact_base",2,"latent_base_salary",13.0459767896383,NA,13.0459767896383,13.0459767896383,12.0468072686699,11.587870076274,12.528993218265,11.4494116131155,12.6613170087519,-3.44376899647558,0.782532835754444,0,0,"bayesian_exact",1
"SRC-990-EXT-CENTER-FOR-AI-SAFETY","Center for AI Safety","filing","exact_base",3,"latent_base_salary",12.7213413939825,NA,12.7213413939825,12.7213413939825,12.684050373251,12.3125324144498,13.0541462195247,12.2047119211838,13.1539666108328,0.330978854968697,0.069525858845936,1,1,"bayesian_exact",1
"SRC-990-EXT-CENTER-FOR-DEMOCRACY-TECHNOLOGY","Center for Democracy & Technology","filing","exact_base",3,"latent_base_salary",12.9169778646385,NA,12.9169778646385,12.9169778646385,12.8091594422475,12.4659931737479,13.1540766088406,12.3706057781106,13.2528018896395,0.325158551126404,0.0791137244781189,1,1,"bayesian_exact",1
"SRC-990-EXT-PROJECT-DRAWDOWN","Project Drawdown","filing","exact_base",3,"latent_base_salary",13.0056540850792,NA,13.0056540850792,13.0056540850792,12.7123059374708,12.3461127936188,13.0846558596824,12.2226369987773,13.1964542922696,-0.208916909096894,0.178261112211932,1,1,"bayesian_exact",1
"SRC-990-EXT-CHARITY-NAVIGATOR","Charity Navigator","filing","exact_base",3,"latent_base_salary",12.7520384665336,NA,12.7520384665336,12.7520384665336,12.7003460323294,12.3580578052642,13.038823295711,12.2505917517773,13.1344661555817,0.377039642260618,0.0663419712611427,1,1,"bayesian_exact",1
"SRC-990-EXT-CHICAGO-COUNCIL-ON-GLOBAL-AFFAIRS","Chicago Council on Global Affairs","filing","exact_base",3,"latent_base_salary",13.1491202773988,NA,13.1491202773988,13.1491202773988,12.8148321599663,12.4763028641701,13.1432000930691,12.3742982241846,13.2447349389731,-0.385727460908534,0.211037379509802,0,1,"bayesian_exact",1
"SRC-990-EXT-RESEARCH-AMERICA","Research!America","filing","exact_base",3,"latent_base_salary",13.297112905275,NA,13.297112905275,13.297112905275,12.8415366798019,12.5077789443367,13.1742456948655,12.4115342209163,13.2733727810863,-1.06849748240229,0.31199510496737,0,0,"bayesian_exact",1
"SRC-990-EXT-VILLAGE-ENTERPRISE","Village Enterprise","filing","exact_base",3,"latent_base_salary",12.5400430408691,NA,12.5400430408691,12.5400430408691,12.5118393484065,12.160194001961,12.8529302873904,12.0507298713782,12.9648676686513,0.395962832052028,0.0648822898094444,1,1,"bayesian_exact",1
"SRC-990-EXT-FARM-SANCTUARY","Farm Sanctuary","filing","exact_base",3,"latent_base_salary",12.3163882693373,NA,12.3163882693373,12.3163882693373,12.4854462191158,12.1392125927602,12.8374849481196,12.0330656973239,12.9365926579279,0.187649563466943,0.100400134636098,1,1,"bayesian_exact",1
"SRC-990-EXT-ARMS-CONTROL-ASSOCIATION","Arms Control Association","filing","exact_base",3,"latent_base_salary",11.7955985634313,NA,11.7955985634313,11.7955985634313,12.3816699085276,11.9337541455819,12.8335625444941,11.7883628694376,12.9611397193924,-1.26742805361694,0.394008913737675,0,1,"bayesian_exact",1
"SRC-990-EXT3-AMERICAN-SECURITY-PROJECT","American Security Project","filing","exact_base",3,"latent_base_salary",11.9786620658855,NA,11.9786620658855,11.9786620658855,12.2486107909665,11.7987429698459,12.7008159335893,11.6690560700441,12.8409542783444,-0.163778779559166,0.149180740878586,1,1,"bayesian_exact",1
"SRC-990-EA-GIVEWELL","GiveWell","filing","exact_base",3,"latent_base_salary",13.0190388321958,NA,13.0190388321958,13.0190388321958,12.8875664450079,12.4013234972148,13.4039357820566,12.2587541078714,13.5552269221542,-0.0614677793318953,0.119677965105734,1,1,"bayesian_exact",1
"SRC-990-EXT-GIVINGTUESDAY","GivingTuesday","filing","exact_base",4,"latent_base_salary",12.8728251821158,NA,12.8728251821158,12.8728251821158,12.5022899307546,12.1597758073359,12.8616859641318,12.0467347210629,12.9483688925062,-0.579388658234793,0.241432399673685,0,1,"bayesian_exact",1
"SRC-990-EXT3-NATIONAL-ACADEMY-FOR-STATE-HEALTH-POLICY","National Academy for State Health Policy","filing","exact_base",4,"latent_base_salary",12.8776933603378,NA,12.8776933603378,12.8776933603378,12.9336012946461,12.5863983789725,13.2967581195173,12.4871899458755,13.3793145321801,0.387831228399065,0.0672593861958287,1,1,"bayesian_exact",1
"SRC-990-EXT3-CARBON-MAPPER","Carbon Mapper","filing","exact_base",4,"latent_base_salary",12.5153758745745,NA,12.5153758745745,12.5153758745745,12.8429900846567,12.4894174522399,13.1961588600359,12.4004281315896,13.2755539700246,-0.354417986795973,0.207203943444248,1,1,"bayesian_exact",1
"SRC-990-EXT-CENTER-FOR-EFFECTIVE-PHILANTHROPY","Center for Effective Philanthropy","filing","exact_base",4,"latent_base_salary",13.2146671151145,NA,13.2146671151145,13.2146671151145,12.9645693036968,12.6394475112733,13.3090936982683,12.5359734380934,13.4104974911524,-0.0408206282450131,0.148239653936435,1,1,"bayesian_exact",1
"SRC-990-EXT-ECONOMIC-POLICY-INSTITUTE","Economic Policy Institute","filing","exact_base",4,"latent_base_salary",12.4477248107957,NA,12.4477248107957,12.4477248107957,12.8266171027574,12.5066278929651,13.1459923352464,12.400669373014,13.2428663857047,-0.651522358938384,0.251426423505219,0,1,"bayesian_exact",1
"SRC-990-EXT-ELECTRONIC-FRONTIER-FOUNDATION","Electronic Frontier Foundation","filing","exact_base",4,"latent_base_salary",12.757183396529,NA,12.757183396529,12.757183396529,12.7026997948983,12.3644200559913,13.0475304553915,12.2554401151259,13.1517783610953,0.369729665576424,0.0682732418989154,1,1,"bayesian_exact",1
"SRC-990-EXT-ENERGY-FOR-GROWTH-HUB","Energy for Growth Hub","filing","exact_base",4,"latent_base_salary",13.0105039226493,NA,13.0105039226493,13.0105039226493,12.5181891454461,12.1711819098634,12.8598520472895,12.0666066842978,12.961125540386,-1.23230714570064,0.347937257563778,0,0,"bayesian_exact",1
"SRC-990-EXT-LAST-MILE-HEALTH","Last Mile Health","filing","exact_base",4,"latent_base_salary",12.4850802155385,NA,12.4850802155385,12.4850802155385,12.535591699874,12.2158486712956,12.8567973938251,12.1055420786884,12.9499975236235,0.420552381609707,0.0631133826984894,1,1,"bayesian_exact",1
"SRC-990-EA-FORESIGHT-INSTITUTE","Foresight Institute","filing","exact_base",4,"latent_base_salary",12.5911934036369,NA,12.5911934036369,12.5911934036369,12.3682036343474,11.9230709247679,12.8267793620297,11.7743661705897,12.9654477151881,-0.0493498582020724,0.135891339950709,1,1,"bayesian_exact",1
"SRC-990-EXT-DATAKIND","DataKind","filing","exact_base",5,"latent_base_salary",12.4083285202951,NA,12.4083285202951,12.4083285202951,12.6526410844011,12.2846191762492,13.0209131444823,12.1844507216603,13.1128595075782,-0.0402008050728904,0.142381183277874,1,1,"bayesian_exact",1
"SRC-990-EXT-FAR-AI","FAR AI","filing","exact_base",5,"latent_base_salary",12.405415596293,NA,12.405415596293,12.405415596293,12.6420768690705,12.2716097802822,13.0152720038158,12.1722590155892,13.1480827602914,-0.011284793006988,0.140314306610784,1,1,"bayesian_exact",1
"SRC-990-EXT-IDEAS42","ideas42","filing","exact_base",5,"latent_base_salary",12.4941514017925,NA,12.4941514017925,12.4941514017925,12.592458377418,12.2220124100015,12.9419540529701,12.1183208704782,13.0480445890894,0.271745949783866,0.0784673404036678,1,1,"bayesian_exact",1
"SRC-990-EXT-TAX-FOUNDATION","Tax Foundation","filing","exact_base",5,"latent_base_salary",12.515216592965,NA,12.515216592965,12.515216592965,12.613008352734,12.2747616412766,12.9524002324699,12.1682546267957,13.0522755964563,0.336462810738435,0.0764094553012153,1,1,"bayesian_exact",1
"SRC-990-EXT-PETERSON-INSTITUTE-FOR-INTERNATIONAL-ECONOMICS","Peterson Institute for International Economics","filing","exact_base",5,"latent_base_salary",13.3086807403212,NA,13.3086807403212,13.3086807403212,13.6062916754593,13.2464472778624,13.9938941583281,13.1534969748111,14.1157962532404,-0.21849965405273,0.178946718579749,1,1,"bayesian_exact",1
"SRC-990-EXT-WORLD-JUSTICE-PROJECT","World Justice Project","filing","exact_base",5,"latent_base_salary",12.8497369708156,NA,12.8497369708156,12.8497369708156,12.8701752365866,12.5207850366387,13.2436092716019,12.4012966724258,13.3452712860492,0.346852733849859,0.0665869262744451,1,1,"bayesian_exact",1
"SRC-990-EXT-SIGHTLINE-INSTITUTE","Sightline Institute","filing","exact_base",5,"latent_base_salary",12.2612800796685,NA,12.2612800796685,12.2612800796685,12.1362785531474,11.7804638843987,12.5083631240741,11.6683017602913,12.6056262375127,0.243403301995629,0.0890269312795021,1,1,"bayesian_exact",1
"SRC-990-EXT-OPEN-MARKETS-INSTITUTE","Open Markets Institute","filing","exact_base",5,"latent_base_salary",12.1897506129305,NA,12.1897506129305,12.1897506129305,12.4926609761707,12.1487207908297,12.8428198950259,12.0481896783305,12.9488272842996,-0.243391544434847,0.185696821060596,1,1,"bayesian_exact",1
"SRC-990-EXT-STRONGMINDS","StrongMinds","filing","exact_base",5,"latent_base_salary",12.4509506432504,NA,12.4509506432504,12.4509506432504,12.4059958844902,12.0602669325386,12.7525948190582,11.9474537475026,12.8544153017628,0.382383131000613,0.0659466445994617,1,1,"bayesian_exact",1
"SRC-990-EXT-NEW-AMERICA","New America","filing","exact_base",5,"latent_base_salary",13.2081577341251,NA,13.2081577341251,13.2081577341251,13.26322768413,12.9006574575357,13.6231191155407,12.7970276475389,13.7354248702598,0.348177333247661,0.0688496531593014,1,1,"bayesian_exact",1
"SRC-990-EXT-INNOVATIONS-FOR-POVERTY-ACTION","Innovations for Poverty Action","filing","exact_base",5,"latent_base_salary",12.4867659407714,NA,12.4867659407714,12.4867659407714,12.7853144897538,12.4224750130217,13.1400703309651,12.3202567293182,13.2337371543582,-0.222964776375238,0.182210004385921,1,1,"bayesian_exact",1
"SRC-990-EXT-REDWOOD-RESEARCH","Redwood Research","filing","exact_base",5,"latent_base_salary",12.5766540301346,NA,12.5766540301346,12.5766540301346,12.8673182230188,12.2244963800583,13.4796529961781,12.0425929120611,13.6409537714162,-0.384256847399066,0.198259990607123,1,1,"bayesian_exact",1
"SRC-990-EXT-INTERNET-SECURITY-RESEARCH-GROUP","Internet Security Research Group","filing","exact_base",6,"latent_base_salary",12.6634761632277,NA,12.6634761632277,12.6634761632277,12.4609282429504,12.1057592490442,12.8322674628932,12.0136694693871,12.927020273897,0.0931170682560205,0.123861848325418,1,1,"bayesian_exact",1
"SRC-990-EXT-INSTITUTE-FOR-ENERGY-ECONOMICS-AND-FINANCIAL-ANALYSIS","Institute for Energy Economics and Financial Analysis","filing","exact_base",6,"latent_base_salary",12.5797210272034,NA,12.5797210272034,12.5797210272034,12.552088828572,12.2067213796121,12.9137246185649,12.099643925375,13.0198690581491,0.377287831960592,0.0651616329426536,1,1,"bayesian_exact",1
"SRC-990-EXT-BREAKTHROUGH-INSTITUTE","Breakthrough Institute","filing","exact_base",6,"latent_base_salary",12.579065834723,NA,12.579065834723,12.579065834723,12.666383243691,12.3038984210034,13.0310282539643,12.2053406953872,13.1206800001236,0.276996815002,0.0788059121824312,1,1,"bayesian_exact",1
"SRC-990-EXT-COMMITTEE-FOR-A-RESPONSIBLE-FEDERAL-BUDGET","Committee for a Responsible Federal Budget","filing","exact_base",6,"latent_base_salary",13.2655461923519,NA,13.2655461923519,13.2655461923519,13.0162556868818,12.6674701137044,13.3758844578132,12.5361562648114,13.4701279020782,-0.0410104323241346,0.147600682847515,1,1,"bayesian_exact",1
"SRC-990-EXT-FRESH-ENERGY","Fresh Energy","filing","exact_base",6,"latent_base_salary",12.4117920746609,NA,12.4117920746609,12.4117920746609,12.5623752765018,12.1152187788172,13.0310444326455,11.9689308266805,13.1582603564936,0.0295858607994256,0.110800103158347,1,1,"bayesian_exact",1
"SRC-990-EXT-MIGRATION-POLICY-INSTITUTE","Migration Policy Institute","filing","exact_base",6,"latent_base_salary",12.6227383916406,NA,12.6227383916406,12.6227383916406,12.755735032454,12.3942567889503,13.1239502133531,12.2914624741221,13.2284596361168,0.246638246135665,0.0887622571033024,1,1,"bayesian_exact",1
"SRC-990-EXT-CODE-FOR-SCIENCE-SOCIETY","Code for Science & Society","filing","exact_base",6,"latent_base_salary",12.2746977427298,NA,12.2746977427298,12.2746977427298,12.6244710359119,12.1621718037282,13.1103629114633,12.0444598592987,13.2256043053845,-0.36255421466522,0.210161544675977,1,1,"bayesian_exact",1
"SRC-990-EXT-INDEPENDENT-SECTOR","Independent Sector","filing","exact_base",6,"latent_base_salary",13.3541442871094,NA,13.3541442871094,13.3541442871094,13.1090769540216,12.7613736492722,13.4567188154632,12.6663518205794,13.5664821140637,-0.0296789066674344,0.143511055765085,1,1,"bayesian_exact",1
"SRC-990-EXT-INSTITUTE-FOR-POLICY-STUDIES","Institute for Policy Studies","filing","exact_base",6,"latent_base_salary",12.053986283532,NA,12.053986283532,12.053986283532,12.5231573831846,12.0503019696114,13.0122692692199,11.9193124941981,13.1467195117414,-0.77237460825444,0.296132730296327,1,1,"bayesian_exact",1
"SRC-990-EXT-VILLAGEREACH","VillageReach","filing","exact_base",6,"latent_base_salary",12.4314315810676,NA,12.4314315810676,12.4314315810676,12.5571748462147,12.1952971602146,12.9381868455663,12.1070364493974,13.0281812188014,0.235146888894821,0.0882103918594508,1,1,"bayesian_exact",1
"SRC-990-EXT-RESULTS-FOR-DEVELOPMENT","Results for Development","filing","exact_base",6,"latent_base_salary",12.9211104925028,NA,12.9211104925028,12.9211104925028,12.8503199930755,12.4951097384145,13.2068996917616,12.3860871059967,13.3012776837129,0.347452833753559,0.070700872166429,1,1,"bayesian_exact",1
"SRC-990-EXT-CREATIVE-COMMONS","Creative Commons","filing","exact_base",6,"latent_base_salary",12.4083285202951,NA,12.4083285202951,12.4083285202951,12.4875451981954,12.1605768735816,12.8354717732627,12.0462043749605,12.9528260388359,0.336698110495999,0.0728772957955152,1,1,"bayesian_exact",1
"SRC-990-EXT3-CENTER-FOR-ARMS-CONTROL-AND-NON-PROLIFERATION","Center for Arms Control and Non-Proliferation","filing","exact_base",6,"latent_base_salary",12.5533356659485,NA,12.5533356659485,12.5533356659485,12.3024827542826,11.843336650384,12.7536470026075,11.7319210007968,12.8680428215253,-0.136038294543299,0.148719957595469,1,1,"bayesian_exact",1
"SRC-990-EXT-FUTURE-OF-PRIVACY-FORUM","Future of Privacy Forum","filing","exact_base",7,"latent_base_salary",13.5088520328401,NA,13.5088520328401,13.5088520328401,12.8569078812339,12.5594536703806,13.1606759349377,12.4538649864586,13.2493730982955,-3.11927555168667,0.524538514547483,0,0,"bayesian_exact",1
"SRC-990-EXT-JAIN-FAMILY-INSTITUTE","Jain Family Institute","filing","exact_base",7,"latent_base_salary",12.3338860528408,NA,12.3338860528408,12.3338860528408,12.5655924189586,12.2418076089076,12.8807227762153,12.1467952830959,12.9723525000638,0.0366665007162359,0.133350955965146,1,1,"bayesian_exact",1
"SRC-990-EXT-ORCID","ORCID","filing","exact_base",7,"latent_base_salary",12.5696077844296,NA,12.5696077844296,12.5696077844296,11.9849404295302,11.6330395753025,12.3288257444823,11.5214625478937,12.428849466612,-1.95222449203516,0.43139492185071,0,0,"bayesian_exact",1
"SRC-990-EXT-SOCIAL-SCIENCE-RESEARCH-COUNCIL","Social Science Research Council","filing","exact_base",7,"latent_base_salary",12.7968302816124,NA,12.7968302816124,12.7968302816124,13.0922665978804,12.7655966727153,13.4010767511628,12.6665432105544,13.5019214386796,-0.226913469917559,0.18138534488563,1,1,"bayesian_exact",1
"SRC-990-EXT-STIMSON-CENTER","Stimson Center","filing","exact_base",7,"latent_base_salary",12.9582226865033,NA,12.9582226865033,12.9582226865033,12.6997924048749,12.3869164034115,13.0086736928726,12.2954606219394,13.1012134371615,-0.0736916458930185,0.160717745238452,1,1,"bayesian_exact",1
"SRC-990-EXT-GOOD-FOOD-INSTITUTE","Good Food Institute","filing","exact_base",7,"latent_base_salary",12.3904522913386,NA,12.3904522913386,12.3904522913386,12.5929121460734,12.2747897542207,12.9059959420597,12.1832673647409,12.9985336501075,0.146074053238564,0.116224151351204,1,1,"bayesian_exact",1
"SRC-990-EXT-ECONOMIC-INNOVATION-GROUP","Economic Innovation Group","filing","exact_base",7,"latent_base_salary",12.9583656609222,NA,12.9583656609222,12.9583656609222,12.9171591545036,12.6023057772957,13.2301082979595,12.5206927255814,13.2967680371895,0.501305179728632,0.0586179770762865,1,1,"bayesian_exact",1
"SRC-990-EXT-BIPARTISAN-POLICY-CENTER","Bipartisan Policy Center","filing","exact_base",7,"latent_base_salary",13.69992393343,NA,13.69992393343,13.69992393343,13.258271008009,12.9421806909357,13.5726829884749,12.8490123428921,13.6544526776665,-1.1565936864702,0.314784274867443,0,0,"bayesian_exact",1
"SRC-990-EXT-RESULTS-FOR-AMERICA","Results for America","filing","exact_base",7,"latent_base_salary",12.6889203108623,NA,12.6889203108623,12.6889203108623,12.9815485047989,12.6627862663251,13.3061563105935,12.5734922794854,13.3966076647112,-0.240853479878582,0.183358947948775,1,1,"bayesian_exact",1
"SRC-990-EXT3-NUCLEAR-INNOVATION-ALLIANCE","Nuclear Innovation Alliance","filing","exact_base",7,"latent_base_salary",12.6101041264858,NA,12.6101041264858,12.6101041264858,12.1217096163655,11.8109424116527,12.4090864416844,11.7278408895439,12.4978204816056,-1.48331557747373,0.353441244330997,0,0,"bayesian_exact",1
"SRC-990-EXT3-CENTER-FOR-INTERNATIONAL-POLICY","Center for International Policy","filing","exact_base",7,"latent_base_salary",12.3116931273939,NA,12.3116931273939,12.3116931273939,12.4262736414489,11.9732726497475,12.8823708119419,11.8418642104473,12.9939044813014,0.0817044362474137,0.0956215618935002,1,1,"bayesian_exact",1
"SRC-990-EA-CENTER-FOR-ELECTION-SCIENCE","Center for Election Science","filing","exact_base",7,"latent_base_salary",12.2614916001655,NA,12.2614916001655,12.2614916001655,12.3241947592742,11.8889484251264,12.768055431012,11.7569993592991,12.8911729613367,0.152828546896526,0.0890992720815348,1,1,"bayesian_exact",1
"SRC-990-EXT-PARTNERSHIP-ON-AI","Partnership on AI","filing","exact_base",8,"latent_base_salary",12.7912011974447,NA,12.7912011974447,12.7912011974447,12.7823293146384,12.4255424667324,13.1337657698792,12.3146879482125,13.2350051358311,0.380869521536088,0.0644485644960592,1,1,"bayesian_exact",1
"SRC-990-EXT-FRAMEWORKS-INSTITUTE","FrameWorks Institute","filing","exact_base",8,"latent_base_salary",13.0266397001217,NA,13.0266397001217,13.0266397001217,12.8535401578525,12.5106050854898,13.2003443383191,12.3988741395031,13.2947110231093,0.180153929737499,0.102678696632109,1,1,"bayesian_exact",1
"SRC-990-EXT-QUINCY-INSTITUTE-FOR-RESPONSIBLE-STATECRAFT","Quincy Institute for Responsible Statecraft","filing","exact_base",8,"latent_base_salary",12.631030234805,NA,12.631030234805,12.631030234805,12.9229965499673,12.5705572560767,13.276268926278,12.4675289575989,13.3707361895603,-0.204953507122449,0.183733371001668,1,1,"bayesian_exact",1
"SRC-990-EXT-COUNCIL-ON-STRATEGIC-RISKS","Council on Strategic Risks","filing","exact_base",8,"latent_base_salary",12.508796619219,NA,12.508796619219,12.508796619219,12.6019354691255,12.2487203117058,12.9541430997598,12.1542672025511,13.0587533783488,0.321925887319618,0.079709216714671,1,1,"bayesian_exact",1
"SRC-990-EXT-INFORMATION-TECHNOLOGY-AND-INNOVATION-FOUNDATION","Information Technology and Innovation Foundation","filing","exact_base",8,"latent_base_salary",13.2745188452622,NA,13.2745188452622,13.2745188452622,13.0044628031941,12.65195854024,13.3797796979706,12.5453907151526,13.5085956055691,-0.113969771837631,0.158349759291494,1,1,"bayesian_exact",1
"SRC-990-EXT-NUMFOCUS","NumFOCUS","filing","exact_base",8,"latent_base_salary",12.0255072657542,NA,12.0255072657542,12.0255072657542,12.4222606789266,11.945535206816,12.9173315429292,11.7896104829396,13.0546359788081,-0.509399808075707,0.252586606952755,1,1,"bayesian_exact",1
"SRC-990-EXT-TECHNICAL-ASSISTANCE-COLLABORATIVE","Technical Assistance Collaborative","filing","exact_base",8,"latent_base_salary",12.4383619268654,NA,12.4383619268654,12.4383619268654,12.5390172953241,12.1583377838801,12.8742865819188,12.0617960561367,12.9868271673605,0.308037848839325,0.077640290445576,1,1,"bayesian_exact",1
"SRC-990-EXT-CENTER-FOR-A-NEW-AMERICAN-SECURITY","Center for a New American Security","filing","exact_base",8,"latent_base_salary",13.1871814907024,NA,13.1871814907024,13.1871814907024,12.9717757304199,12.62166376353,13.3332034280953,12.5239818909579,13.4411595021436,0.0589413052823817,0.124491619854322,1,1,"bayesian_exact",1
"SRC-990-EXT-DATA-QUALITY-CAMPAIGN","Data Quality Campaign","filing","exact_base",8,"latent_base_salary",12.9352645395531,NA,12.9352645395531,12.9352645395531,13.0405205131388,12.6917301851144,13.4263080602201,12.5624086674673,13.5221025222554,0.259457973413486,0.0823021649644394,1,1,"bayesian_exact",1
"SRC-990-EXT-GRANTMAKERS-FOR-EFFECTIVE-ORGANIZATIONS","Grantmakers for Effective Organizations","filing","exact_base",8,"latent_base_salary",12.8837522170102,NA,12.8837522170102,12.8837522170102,12.8544001383183,12.5112413364067,13.2051521215785,12.4079184231454,13.306044118108,0.376234230310466,0.0658368886437028,1,1,"bayesian_exact",1
"SRC-990-EXT-THE-SENTENCING-PROJECT","The Sentencing Project","filing","exact_base",8,"latent_base_salary",12.2172732835324,NA,12.2172732835324,12.2172732835324,12.3387683279073,11.9781529807351,12.7101481975305,11.8869466347071,12.8052893670064,0.271571915170921,0.0839552071347952,1,1,"bayesian_exact",1
"SRC-990-EXT-PHYSICIANS-FOR-SOCIAL-RESPONSIBILITY","Physicians for Social Responsibility","filing","exact_base",8,"latent_base_salary",11.9808845054682,NA,11.9808845054682,11.9808845054682,12.2772431273689,11.9204088662505,12.623558658098,11.8131851882527,12.7336399451502,-0.212501237572103,0.186960133365561,1,1,"bayesian_exact",1
"SRC-990-EXT-INSTITUTE-FOR-THE-STUDY-OF-WAR","Institute for the Study of War","filing","exact_base",9,"latent_base_salary",12.2737531161958,NA,12.2737531161958,12.2737531161958,12.5317831123485,12.1368343224215,12.9098782721502,12.0231199744103,13.0251019417144,-0.0768413194993814,0.146928226110312,1,1,"bayesian_exact",1
"SRC-990-EXT-CENTER-FOR-CLIMATE-AND-ENERGY-SOLUTIONS","Center for Climate and Energy Solutions","filing","exact_base",9,"latent_base_salary",12.9791557665258,NA,12.9791557665258,12.9791557665258,12.9852788502667,12.6109365715901,13.3539675059051,12.5115477827315,13.4637529038429,0.338997764665171,0.0664967841735334,1,1,"bayesian_exact",1
"SRC-990-EXT-SAN-FRANCISCO-ESTUARY-INSTITUTE","San Francisco Estuary Institute","filing","exact_base",9,"latent_base_salary",12.1771418570467,NA,12.1771418570467,12.1771418570467,12.4397345364906,12.0888951313285,12.7927148428487,11.9885718103737,12.8860402213414,-0.0891025858878451,0.157234493954015,1,1,"bayesian_exact",1
"SRC-990-EXT-PUBLIC-AGENDA","Public Agenda","filing","exact_base",9,"latent_base_salary",12.5141054670907,NA,12.5141054670907,12.5141054670907,12.4066239114306,12.0204017699336,12.7771130371238,11.9102974480445,12.892857385843,0.258213080071003,0.0844081393862772,1,1,"bayesian_exact",1
"SRC-990-EXT-PUBLIC-KNOWLEDGE","Public Knowledge","filing","exact_base",9,"latent_base_salary",12.4996822653103,NA,12.4996822653103,12.4996822653103,12.6012618705726,12.236857902074,12.9440749292511,12.1242934488144,13.0556778598407,0.301266029745095,0.0791406564936473,1,1,"bayesian_exact",1
"SRC-990-EXT-NATIONAL-COMMITTEE-FOR-RESPONSIVE-PHILANTHROPY","National Committee for Responsive Philanthropy","filing","exact_base",9,"latent_base_salary",12.742437732963,NA,12.742437732963,12.742437732963,12.6082820225337,12.2345150683788,12.9872530121665,12.1129602888249,13.0902486716472,0.198152091819833,0.0940462803503134,1,1,"bayesian_exact",1
"SRC-990-EXT-OPENSECRETS","OpenSecrets","filing","exact_base",9,"latent_base_salary",12.3218529214459,NA,12.3218529214459,12.3218529214459,12.2983902071634,11.9234359223386,12.6525647816374,11.8189173928909,12.7441642275817,0.356111291102289,0.0670435075741394,1,1,"bayesian_exact",1
"SRC-990-EXT-LIVING-GOODS","Living Goods","filing","exact_base",9,"latent_base_salary",12.5107284211723,NA,12.5107284211723,12.5107284211723,12.4303131712717,12.0634289597805,12.7981569414502,11.9594641981054,12.9070919758561,0.282851526441744,0.0784200512020958,1,1,"bayesian_exact",1
"SRC-990-EXT-THE-HUMANE-LEAGUE","The Humane League","filing","exact_base",9,"latent_base_salary",12.3775599734482,NA,12.3775599734482,12.3775599734482,12.410162695007,12.0267568525529,12.7871958244624,11.9023262579608,12.8989058324484,0.300807944007492,0.0693320299585193,1,1,"bayesian_exact",1
"SRC-990-EXT-CLEAN-AIR-TASK-FORCE","Clean Air Task Force","filing","exact_base",9,"latent_base_salary",12.8291533338357,NA,12.8291533338357,12.8291533338357,12.7707466497626,12.3972568638596,13.1544639041875,12.3106595639141,13.2728489346123,0.289124369344001,0.0731959320983668,1,1,"bayesian_exact",1
"SRC-990-EXT-VERA-INSTITUTE-OF-JUSTICE","Vera Institute of Justice","filing","exact_base",9,"latent_base_salary",13.3181829414966,NA,13.3181829414966,13.3181829414966,13.1564615680197,12.7757186506709,13.5143937766624,12.6748398311917,13.624933137327,0.173747786949468,0.102391241132242,1,1,"bayesian_exact",1
"SRC-990-EXT-DEMOS","Demos","filing","exact_base",10,"latent_base_salary",12.6428849557391,NA,12.6428849557391,12.6428849557391,12.8279055020222,12.5036813346537,13.1306011977118,12.408691882536,13.2051735975647,0.199846124099915,0.109194758355522,1,1,"bayesian_exact",1
"SRC-990-EXT-ENVIRONMENTAL-LAW-INSTITUTE","Environmental Law Institute","filing","exact_base",10,"latent_base_salary",12.6696219906236,NA,12.6696219906236,12.6696219906236,12.6066138861093,12.2766857390714,12.9320937306787,12.1802458716184,13.018846829161,0.437725802329563,0.0659792250313179,1,1,"bayesian_exact",1
"SRC-990-EXT-CENTER-FOR-OPEN-SCIENCE","Center for Open Science","filing","exact_base",10,"latent_base_salary",12.5016604600873,NA,12.5016604600873,12.5016604600873,12.5396404177908,12.234600211544,12.8355132124839,12.1405077107305,12.9234845463769,0.496798361612333,0.0592311740671506,1,1,"bayesian_exact",1
"SRC-990-EXT-INSTITUTE-FOR-NONPROFIT-NEWS","Institute for Nonprofit News","filing","exact_base",10,"latent_base_salary",12.3400869277947,NA,12.3400869277947,12.3400869277947,12.4049512204437,12.0404040401933,12.7704798602808,11.9348389270318,12.8636688099524,0.318707069688187,0.0715932369823838,1,1,"bayesian_exact",1
"SRC-990-EXT-NISKANEN-CENTER","Niskanen Center","filing","exact_base",10,"latent_base_salary",13.3543131280751,NA,13.3543131280751,13.3543131280751,12.9730351971205,12.6647682541527,13.275525355501,12.5939578861639,13.3605009995098,-0.763144888248258,0.259198908372388,0,1,"bayesian_exact",1
"SRC-990-EXT-INSTITUTE-ON-TAXATION-AND-ECONOMIC-POLICY","Institute on Taxation and Economic Policy","filing","exact_base",10,"latent_base_salary",12.3346530459445,NA,12.3346530459445,12.3346530459445,12.7797181596994,12.4425963247027,13.1013880903556,12.3666446776456,13.2077555225887,-1.16886842590951,0.319932932572064,0,0,"bayesian_exact",1
"SRC-990-EXT-ROOSEVELT-INSTITUTE","Roosevelt Institute","filing","exact_base",10,"latent_base_salary",13.0866290852163,NA,13.0866290852163,13.0866290852163,12.9412463496541,12.6138159343176,13.253454790088,12.5234521587397,13.340900508389,0.330415753697967,0.0888995884080616,1,1,"bayesian_exact",1
"SRC-990-EXT-AMERICAN-IMMIGRATION-COUNCIL","American Immigration Council","filing","exact_base",10,"latent_base_salary",12.6131309837729,NA,12.6131309837729,12.6131309837729,12.5959643442343,12.2831520157233,12.8890161790663,12.1930500961414,12.9745347065484,0.492133961499204,0.0574751629195246,1,1,"bayesian_exact",1
"SRC-990-EXT-PROJECT-HEALTHY-CHILDREN","Project Healthy Children","filing","exact_base",10,"latent_base_salary",11.5747708002363,NA,11.5747708002363,11.5747708002363,12.6572785157893,12.3097641275001,13.0063922389055,12.2237944179133,13.1093850618602,-7.77729886983288,0.945565282258398,0,0,"bayesian_exact",1
"SRC-990-EXT-EXPONENT-PHILANTHROPY","Exponent Philanthropy","filing","exact_base",10,"latent_base_salary",12.6069727833315,NA,12.6069727833315,12.6069727833315,12.3699392624283,12.0605382683227,12.6671875652419,11.9556086721736,12.7571072232527,0.0146482599097394,0.139979211589066,1,1,"bayesian_exact",1
"SRC-990-EXT-GUTTMACHER-INSTITUTE","Guttmacher Institute","filing","exact_base",10,"latent_base_salary",12.8946594433338,NA,12.8946594433338,12.8946594433338,13.3218392203594,13.0091528875171,13.6246484030602,12.9175505291822,13.7145490057478,-1.03778267814437,0.295188661754018,0,0,"bayesian_exact",1
"SRC-990-EXT-OPEN-SOURCE-INITIATIVE","Open Source Initiative","filing","exact_base",10,"latent_base_salary",12.2102910853882,NA,12.2102910853882,12.2102910853882,12.2326414058763,11.7566648765523,12.7116745205017,11.5903678136356,12.8719837640679,0.0429471748642749,0.0962196660394861,1,1,"bayesian_exact",1
"SRC-990-EXT-POPULATION-REFERENCE-BUREAU","Population Reference Bureau","filing","exact_base",1,"latent_base_salary",12.816309953692,NA,12.816309953692,12.816309953692,12.5605768753828,12.0829479967547,13.0393794298507,11.9551481746935,13.1788118911051,-0.175373456401929,0.156863177499328,1,1,"bayesian_numeric",1
"SRC-990-EXT3-CENTER-FOR-HEALTH-CARE-STRATEGIES","Center for Health Care Strategies","filing","exact_base",1,"latent_base_salary",12.6222962067176,NA,12.6222962067176,12.6222962067176,12.6782201963972,12.3380128718047,13.0405564058472,12.2200760873183,13.1478380114563,0.380350589618066,0.0667165583977351,1,1,"bayesian_numeric",1
"SRC-990-EXT-CLIMATE-CENTRAL","Climate Central","filing","exact_base",1,"latent_base_salary",12.6801870016491,NA,12.6801870016491,12.6801870016491,12.7814639956988,12.4248537646994,13.1280340781188,12.3281936268026,13.243253492612,0.328279505649178,0.0780484764668448,1,1,"bayesian_numeric",1
"SRC-990-EXT-BULLETIN-OF-THE-ATOMIC-SCIENTISTS","Bulletin of the Atomic Scientists","filing","exact_base",1,"latent_base_salary",12.3173567420894,NA,12.3173567420894,12.3173567420894,12.3971899099225,12.0516527119846,12.7498812662117,11.9507992072654,12.8411711616484,0.352256640952185,0.0717897140763024,1,1,"bayesian_numeric",1
"SRC-990-EXT-PRECISION-DEVELOPMENT","Precision Development","filing","exact_base",1,"latent_base_salary",12.4150937427763,NA,12.4150937427763,12.4150937427763,12.5221230468239,12.1795325005728,12.8558797993045,12.081097907194,12.9684069147305,0.319478492044056,0.080472019297895,1,1,"bayesian_numeric",1
"SRC-990-EXT-SOFTWARE-FREEDOM-CONSERVANCY","Software Freedom Conservancy","filing","exact_base",1,"latent_base_salary",12.1568022510686,NA,12.1568022510686,12.1568022510686,12.3702674150339,11.9034642897294,12.8611016174146,11.7778650421172,12.9823990939664,-0.0833569959851425,0.136315493857751,1,1,"bayesian_numeric",1
"SRC-990-EXT-GRANTMAKERS-FOR-EDUCATION","Grantmakers for Education","filing","exact_base",1,"latent_base_salary",12.4309659850717,NA,12.4309659850717,12.4309659850717,12.65730873727,12.3031873590875,13.0094377145893,12.2212027551768,13.1048667689464,0.0355762948961901,0.137204904221857,1,1,"bayesian_numeric",1
"SRC-990-EXT-ANIMAL-LEGAL-DEFENSE-FUND","Animal Legal Defense Fund","filing","exact_base",1,"latent_base_salary",12.5370734769901,NA,12.5370734769901,12.5370734769901,12.6126071373593,12.2508668748123,12.9491868953871,12.1415549435782,13.0610141930868,0.359721779196657,0.0704175171676338,1,1,"bayesian_numeric",1
"SRC-990-EXT-ANIMAL-WELFARE-INSTITUTE","Animal Welfare Institute","filing","exact_base",2,"latent_base_salary",12.1688180822369,NA,12.1688180822369,12.1688180822369,12.4149469274047,12.09017723721,12.7275872744171,12.002206833962,12.8204274185501,-0.0230897814265129,0.144544332143035,1,1,"bayesian_numeric",1
"SRC-990-EXT3-LEARNING-POLICY-INSTITUTE","Learning Policy Institute","filing","exact_base",2,"latent_base_salary",13.1712146825618,NA,13.1712146825618,13.1712146825618,12.9079837653827,12.5781364114339,13.2347532535837,12.4784789806756,13.3298328577663,-0.0905668697262952,0.162409342060937,1,1,"bayesian_numeric",1
"SRC-990-EXT-NATIONAL-EMPLOYMENT-LAW-PROJECT","National Employment Law Project","filing","exact_base",2,"latent_base_salary",12.8184638703657,NA,12.8184638703657,12.8184638703657,12.8860577995674,12.5531575035651,13.2195354096308,12.4523962287262,13.3175133676973,0.411901231586888,0.0658111775976959,1,1,"bayesian_numeric",1
"SRC-990-EXT-PEAK-GRANTMAKING","PEAK Grantmaking","filing","exact_base",2,"latent_base_salary",12.6147062287155,NA,12.6147062287155,12.6147062287155,12.6941489239346,12.3715834278179,13.0355313800272,12.2819565703829,13.1327710385768,0.403245527943718,0.0684450116105231,1,1,"bayesian_numeric",1
"SRC-990-EXT-FEDERATION-OF-AMERICAN-SCIENTISTS","Federation of American Scientists","filing","exact_base",2,"latent_base_salary",13.0648771145336,NA,13.0648771145336,13.0648771145336,12.8207718641894,12.4917420210954,13.1552127626841,12.4005318827948,13.2439845355554,-0.0171967164264978,0.149537283400299,1,1,"bayesian_numeric",1
"SRC-990-EXT-TECHCONGRESS","TechCongress","filing","exact_base",2,"latent_base_salary",12.4960490464963,NA,12.4960490464963,12.4960490464963,12.2050915048075,11.8677211428461,12.5463409145106,11.7720904321664,12.6276075331523,-0.205059335253272,0.180185943389734,1,1,"bayesian_numeric",1
"SRC-990-EXT-INSTITUTE-FOR-SECURITY-AND-TECHNOLOGY","Institute for Security and Technology","filing","exact_base",2,"latent_base_salary",12.3935414740295,NA,12.3935414740295,12.3935414740295,12.736224263693,12.3988640100089,13.0605478714839,12.3096299089525,13.1599559547826,-0.464143875522085,0.217788905240589,0,1,"bayesian_numeric",1
"SRC-990-EXT-GLOBAL-HEALTH-CORPS","Global Health Corps","filing","exact_base",2,"latent_base_salary",12.4246040572612,NA,12.4246040572612,12.4246040572612,12.1169945828181,11.7724740240725,12.4659253369224,11.6905043404727,12.5560865397111,-0.280181093047303,0.195274472490251,1,1,"bayesian_numeric",1
"SRC-990-EXT-THIRD-WAY-INSTITUTE","Third Way Institute","filing","exact_base",2,"latent_base_salary",12.9939824923999,NA,12.9939824923999,12.9939824923999,12.5901297116665,11.9952001276255,13.1862424506166,11.8021181348097,13.3450732205059,-0.519842727504511,0.21038726837848,1,1,"bayesian_numeric",1
"SRC-990-EXT-MERCY-FOR-ANIMALS","Mercy For Animals","filing","exact_base",2,"latent_base_salary",12.2436538423338,NA,12.2436538423338,12.2436538423338,12.5415097024304,12.2145904020764,12.8702470785882,12.1280963101661,12.977079541254,-0.236728561784502,0.179051294495054,1,1,"bayesian_numeric",1
"SRC-990-EXT-EVIDENCE-ACTION","Evidence Action","filing","exact_base",2,"latent_base_salary",12.8276536554356,NA,12.8276536554356,12.8276536554356,12.6451844075049,12.3136424305188,12.97816750325,12.2326791351342,13.0782083463797,0.178070873901951,0.112579910481437,1,1,"bayesian_numeric",1
"SRC-990-EA-COPENHAGEN-CONSENSUS-CENTER","Copenhagen Consensus Center","filing","exact_base",2,"latent_base_salary",13.0459767896383,NA,13.0459767896383,13.0459767896383,11.9811048763306,11.501868030836,12.4491529301138,11.3775604545699,12.5839661443071,-3.95065013091528,0.862803332827248,0,0,"bayesian_numeric",1
"SRC-990-EXT-CENTER-FOR-AI-SAFETY","Center for AI Safety","filing","exact_base",3,"latent_base_salary",12.7213413939825,NA,12.7213413939825,12.7213413939825,12.5966906329447,12.2715382905632,12.9130968259258,12.1627566442044,13.0093345515919,0.313047044934923,0.0844950019245605,1,1,"bayesian_numeric",1
"SRC-990-EXT-CENTER-FOR-DEMOCRACY-TECHNOLOGY","Center for Democracy & Technology","filing","exact_base",3,"latent_base_salary",12.9169778646385,NA,12.9169778646385,12.9169778646385,12.7724327775559,12.4438907490166,13.1226588205596,12.357985966648,13.2254716343706,0.275061411217112,0.0919449818600512,1,1,"bayesian_numeric",1
"SRC-990-EXT-PROJECT-DRAWDOWN","Project Drawdown","filing","exact_base",3,"latent_base_salary",13.0056540850792,NA,13.0056540850792,13.0056540850792,12.7574141594697,12.3999171193463,13.1011048981164,12.318051709964,13.1978649214398,-0.0337204078518175,0.148899091981103,1,1,"bayesian_numeric",1
"SRC-990-EXT-CHARITY-NAVIGATOR","Charity Navigator","filing","exact_base",3,"latent_base_salary",12.7520384665336,NA,12.7520384665336,12.7520384665336,12.6334872606785,12.3022477754548,12.9661997383149,12.2102568061161,13.055770706022,0.326365540811289,0.0820882468259127,1,1,"bayesian_numeric",1
"SRC-990-EXT-CHICAGO-COUNCIL-ON-GLOBAL-AFFAIRS","Chicago Council on Global Affairs","filing","exact_base",3,"latent_base_salary",13.1491202773988,NA,13.1491202773988,13.1491202773988,12.6779906330289,12.3361784206662,13.0052074337045,12.2438100196593,13.1147169193089,-1.22227983973892,0.334337627991953,0,0,"bayesian_numeric",1
"SRC-990-EXT-RESEARCH-AMERICA","Research!America","filing","exact_base",3,"latent_base_salary",13.297112905275,NA,13.297112905275,13.297112905275,12.8746572914293,12.5686415870415,13.1883757376867,12.4689422584308,13.2633490966326,-0.900292226631651,0.288119245380801,0,0,"bayesian_numeric",1
"SRC-990-EXT-VILLAGE-ENTERPRISE","Village Enterprise","filing","exact_base",3,"latent_base_salary",12.5400430408691,NA,12.5400430408691,12.5400430408691,12.5129436659557,12.1571716509738,12.8643807956716,12.0443198381694,12.9608979830082,0.389362944847181,0.0635979957909906,1,1,"bayesian_numeric",1
"SRC-990-EXT-FARM-SANCTUARY","Farm Sanctuary","filing","exact_base",3,"latent_base_salary",12.3163882693373,NA,12.3163882693373,12.3163882693373,12.5029268114422,12.1573882802882,12.8412490318344,12.0524363782365,12.9382392543556,0.158106831768975,0.110898989324581,1,1,"bayesian_numeric",1
"SRC-990-EXT-ARMS-CONTROL-ASSOCIATION","Arms Control Association","filing","exact_base",3,"latent_base_salary",11.7955985634313,NA,11.7955985634313,11.7955985634313,12.371862673051,11.9127632190863,12.8388510457646,11.7902630149102,12.9640736121793,-1.18012228115173,0.380498347651768,0,1,"bayesian_numeric",1
"SRC-990-EXT3-AMERICAN-SECURITY-PROJECT","American Security Project","filing","exact_base",3,"latent_base_salary",11.9786620658855,NA,11.9786620658855,11.9786620658855,12.1767509110196,11.6920386935439,12.6527566552352,11.5691882522186,12.7625236915918,-0.0825581138707149,0.121445087698396,1,1,"bayesian_numeric",1
"SRC-990-EA-GIVEWELL","GiveWell","filing","exact_base",3,"latent_base_salary",13.0190388321958,NA,13.0190388321958,13.0190388321958,12.7706933064578,12.2693248060223,13.2994757473293,12.1220040118088,13.4581034631781,-0.206297159687247,0.159921468923686,1,1,"bayesian_numeric",1
"SRC-990-EXT-GIVINGTUESDAY","GivingTuesday","filing","exact_base",4,"latent_base_salary",12.8728251821158,NA,12.8728251821158,12.8728251821158,12.5098284331881,12.1735449292946,12.8385265875904,12.0711128730607,12.9320852713413,-0.549629626016762,0.233186894850337,0,1,"bayesian_numeric",1
"SRC-990-EXT3-NATIONAL-ACADEMY-FOR-STATE-HEALTH-POLICY","National Academy for State Health Policy","filing","exact_base",4,"latent_base_salary",12.8776933603378,NA,12.8776933603378,12.8776933603378,12.8567127260715,12.5169678096278,13.1948377984845,12.4416678186553,13.2800061015207,0.43712448432646,0.0607708658305712,1,1,"bayesian_numeric",1
"SRC-990-EXT3-CARBON-MAPPER","Carbon Mapper","filing","exact_base",4,"latent_base_salary",12.5153758745745,NA,12.5153758745745,12.5153758745745,12.8647137135969,12.5111621781884,13.2053382146076,12.4191452610815,13.3013646242462,-0.470665108953009,0.223170210240284,1,1,"bayesian_numeric",1
"SRC-990-EXT-CENTER-FOR-EFFECTIVE-PHILANTHROPY","Center for Effective Philanthropy","filing","exact_base",4,"latent_base_salary",13.2146671151145,NA,13.2146671151145,13.2146671151145,12.7643715651914,12.4342818773466,13.0994170453477,12.3463111849454,13.2086252677151,-1.09580714583505,0.311965413038812,0,0,"bayesian_numeric",1
"SRC-990-EXT-ECONOMIC-POLICY-INSTITUTE","Economic Policy Institute","filing","exact_base",4,"latent_base_salary",12.4477248107957,NA,12.4477248107957,12.4477248107957,12.65838046559,12.2960222020402,12.9696290365153,12.2044720657432,13.0723951056545,0.100578302065894,0.126684997426041,1,1,"bayesian_numeric",1
"SRC-990-EXT-ELECTRONIC-FRONTIER-FOUNDATION","Electronic Frontier Foundation","filing","exact_base",4,"latent_base_salary",12.757183396529,NA,12.757183396529,12.757183396529,12.739507094171,12.3880783779981,13.0745967305237,12.297488827238,13.1514231952124,0.430182524846704,0.0608569602179857,1,1,"bayesian_numeric",1
"SRC-990-EXT-ENERGY-FOR-GROWTH-HUB","Energy for Growth Hub","filing","exact_base",4,"latent_base_salary",13.0105039226493,NA,13.0105039226493,13.0105039226493,12.7212035491256,12.399912070053,13.0845268097604,12.2999733742982,13.1822990198002,-0.194767707395633,0.178519470941833,1,1,"bayesian_numeric",1
"SRC-990-EXT-LAST-MILE-HEALTH","Last Mile Health","filing","exact_base",4,"latent_base_salary",12.4850802155385,NA,12.4850802155385,12.4850802155385,12.5476112549534,12.2254029455602,12.884958053106,12.1280130163615,12.9754457199544,0.395296160936722,0.0676788388857829,1,1,"bayesian_numeric",1
"SRC-990-EA-FORESIGHT-INSTITUTE","Foresight Institute","filing","exact_base",4,"latent_base_salary",12.5911934036369,NA,12.5911934036369,12.5911934036369,12.2715950769483,11.8067924636329,12.7433819363785,11.6734921159465,12.8936221232252,-0.301595917658851,0.188417846191897,1,1,"bayesian_numeric",1
"SRC-990-EXT-DATAKIND","DataKind","filing","exact_base",5,"latent_base_salary",12.4083285202951,NA,12.4083285202951,12.4083285202951,12.6197738411652,12.2694872459123,12.9916727909569,12.1476876239989,13.1113486461455,0.0624514961658047,0.127183049094246,1,1,"bayesian_numeric",1
"SRC-990-EXT-FAR-AI","FAR AI","filing","exact_base",5,"latent_base_salary",12.405415596293,NA,12.405415596293,12.405415596293,12.5746772460973,12.2182714153262,12.942290076459,12.1182524547995,13.0447993333643,0.169088439233296,0.106043415007229,1,1,"bayesian_numeric",1
"SRC-990-EXT-IDEAS42","ideas42","filing","exact_base",5,"latent_base_salary",12.4941514017925,NA,12.4941514017925,12.4941514017925,12.6936284095781,12.3353066664327,13.0459086127843,12.2134624312791,13.1351968317028,0.104878537360154,0.119347307165229,1,1,"bayesian_numeric",1
"SRC-990-EXT-TAX-FOUNDATION","Tax Foundation","filing","exact_base",5,"latent_base_salary",12.515216592965,NA,12.515216592965,12.515216592965,12.5876657695823,12.238416905615,12.9314343942334,12.133655857892,13.0201771960255,0.361462165230349,0.070244226650086,1,1,"bayesian_numeric",1
"SRC-990-EXT-PETERSON-INSTITUTE-FOR-INTERNATIONAL-ECONOMICS","Peterson Institute for International Economics","filing","exact_base",5,"latent_base_salary",13.3086807403212,NA,13.3086807403212,13.3086807403212,13.5622805297143,13.1702636937822,13.9176167421219,13.0728596985075,14.0111332500211,-0.0663351643797299,0.146759918300536,1,1,"bayesian_numeric",1
"SRC-990-EXT-WORLD-JUSTICE-PROJECT","World Justice Project","filing","exact_base",5,"latent_base_salary",12.8497369708156,NA,12.8497369708156,12.8497369708156,12.9277105030122,12.5913318869675,13.2669292750277,12.503030194416,13.3502406448618,0.35388709699534,0.0711427394932898,1,1,"bayesian_numeric",1
"SRC-990-EXT-SIGHTLINE-INSTITUTE","Sightline Institute","filing","exact_base",5,"latent_base_salary",12.2612800796685,NA,12.2612800796685,12.2612800796685,12.190654477659,11.8250711143567,12.5438427900651,11.7123526937321,12.6508062750469,0.338637439857793,0.0718749072307614,1,1,"bayesian_numeric",1
"SRC-990-EXT-OPEN-MARKETS-INSTITUTE","Open Markets Institute","filing","exact_base",5,"latent_base_salary",12.1897506129305,NA,12.1897506129305,12.1897506129305,12.5159721787095,12.174051289787,12.8766166277831,12.0763717748222,12.9732925172295,-0.345749843337289,0.200684856701693,1,1,"bayesian_numeric",1
"SRC-990-EXT-STRONGMINDS","StrongMinds","filing","exact_base",5,"latent_base_salary",12.4509506432504,NA,12.4509506432504,12.4509506432504,12.452478409287,12.1026410323926,12.7941702145358,12.007728150406,12.8888894771334,0.396614827841612,0.0631753613034987,1,1,"bayesian_numeric",1
"SRC-990-EXT-NEW-AMERICA","New America","filing","exact_base",5,"latent_base_salary",13.2081577341251,NA,13.2081577341251,13.2081577341251,13.2911778818392,12.9279435742047,13.6582458974794,12.8326619768533,13.7485834363745,0.323985958182348,0.0737267473825999,1,1,"bayesian_numeric",1
"SRC-990-EXT-INNOVATIONS-FOR-POVERTY-ACTION","Innovations for Poverty Action","filing","exact_base",5,"latent_base_salary",12.4867659407714,NA,12.4867659407714,12.4867659407714,12.8535582216566,12.5120893085107,13.2109104883025,12.4103555420295,13.3117693565054,-0.526058559455537,0.234378694207383,0,1,"bayesian_numeric",1
"SRC-990-EXT-REDWOOD-RESEARCH","Redwood Research","filing","exact_base",5,"latent_base_salary",12.5766540301346,NA,12.5766540301346,12.5766540301346,12.8269669815902,12.2119421770222,13.4529518306429,12.0233263748675,13.6541937168774,-0.336235077068769,0.155399384651242,1,1,"bayesian_numeric",1
"SRC-990-EXT-INTERNET-SECURITY-RESEARCH-GROUP","Internet Security Research Group","filing","exact_base",6,"latent_base_salary",12.6634761632277,NA,12.6634761632277,12.6634761632277,12.5180050300455,12.193409699538,12.8728598280857,12.0845703508758,12.9530410282265,0.245964041858801,0.0930775960197916,1,1,"bayesian_numeric",1
"SRC-990-EXT-INSTITUTE-FOR-ENERGY-ECONOMICS-AND-FINANCIAL-ANALYSIS","Institute for Energy Economics and Financial Analysis","filing","exact_base",6,"latent_base_salary",12.5797210272034,NA,12.5797210272034,12.5797210272034,12.609680303993,12.2710459489659,12.9557036960536,12.16055539229,13.0687929139294,0.389069065719121,0.0651378740370312,1,1,"bayesian_numeric",1
"SRC-990-EXT-BREAKTHROUGH-INSTITUTE","Breakthrough Institute","filing","exact_base",6,"latent_base_salary",12.579065834723,NA,12.579065834723,12.579065834723,12.6222041205788,12.2643649908292,12.9611213881858,12.1682268628887,13.0720690679485,0.385052319434565,0.0665432087470054,1,1,"bayesian_numeric",1
"SRC-990-EXT-COMMITTEE-FOR-A-RESPONSIBLE-FEDERAL-BUDGET","Committee for a Responsible Federal Budget","filing","exact_base",6,"latent_base_salary",13.2655461923519,NA,13.2655461923519,13.2655461923519,12.9225366006086,12.561610539685,13.2678249012705,12.4776123083778,13.3775841422455,-0.416216971071025,0.213304621679615,1,1,"bayesian_numeric",1
"SRC-990-EXT-FRESH-ENERGY","Fresh Energy","filing","exact_base",6,"latent_base_salary",12.4117920746609,NA,12.4117920746609,12.4117920746609,12.5667522203734,12.093028773291,13.0381323007756,11.9505093825198,13.206547280586,-0.00976255469710707,0.113766488490584,1,1,"bayesian_numeric",1
"SRC-990-EXT-MIGRATION-POLICY-INSTITUTE","Migration Policy Institute","filing","exact_base",6,"latent_base_salary",12.6227383916406,NA,12.6227383916406,12.6227383916406,12.6276788821275,12.2930754631555,12.9740527836405,12.1943860311055,13.0687051896805,0.39966741448186,0.0633416103099881,1,1,"bayesian_numeric",1
"SRC-990-EXT-CODE-FOR-SCIENCE-SOCIETY","Code for Science & Society","filing","exact_base",6,"latent_base_salary",12.2746977427298,NA,12.2746977427298,12.2746977427298,12.6966944084658,12.2405980295725,13.1759464224993,12.1088862697141,13.3021855433215,-0.567300570815917,0.276524867034507,1,1,"bayesian_numeric",1
"SRC-990-EXT-INDEPENDENT-SECTOR","Independent Sector","filing","exact_base",6,"latent_base_salary",13.3541442871094,NA,13.3541442871094,13.3541442871094,13.0872585791717,12.7345378909211,13.430315184461,12.6362428094755,13.5497297222915,-0.101343050376438,0.157346684068748,1,1,"bayesian_numeric",1
"SRC-990-EXT-INSTITUTE-FOR-POLICY-STUDIES","Institute for Policy Studies","filing","exact_base",6,"latent_base_salary",12.053986283532,NA,12.053986283532,12.053986283532,12.5324720466038,12.0674938394965,13.013688910632,11.9467250234585,13.1288093098581,-0.766889441047257,0.301425004947609,0,1,"bayesian_numeric",1
"SRC-990-EXT-VILLAGEREACH","VillageReach","filing","exact_base",6,"latent_base_salary",12.4314315810676,NA,12.4314315810676,12.4314315810676,12.4471619925461,12.0866947315746,12.8043556597183,11.9945713988578,12.8942932268556,0.369471517494958,0.0655398404980157,1,1,"bayesian_numeric",1
"SRC-990-EXT-RESULTS-FOR-DEVELOPMENT","Results for Development","filing","exact_base",6,"latent_base_salary",12.9211104925028,NA,12.9211104925028,12.9211104925028,12.928669030342,12.5835197614329,13.2725490549779,12.4898290649931,13.3875924609455,0.381543750545585,0.0646343502952079,1,1,"bayesian_numeric",1
"SRC-990-EXT-CREATIVE-COMMONS","Creative Commons","filing","exact_base",6,"latent_base_salary",12.4083285202951,NA,12.4083285202951,12.4083285202951,12.5519966534892,12.2031332253749,12.9069662991118,12.0818631202024,13.0008185952428,0.24762772118946,0.0950145995030711,1,1,"bayesian_numeric",1
"SRC-990-EXT3-CENTER-FOR-ARMS-CONTROL-AND-NON-PROLIFERATION","Center for Arms Control and Non-Proliferation","filing","exact_base",6,"latent_base_salary",12.5533356659485,NA,12.5533356659485,12.5533356659485,12.3535595289407,11.8727894621097,12.8484309002988,11.7440531841564,12.9844841538512,-0.0816320692515585,0.129583203037957,1,1,"bayesian_numeric",1
"SRC-990-EXT-FUTURE-OF-PRIVACY-FORUM","Future of Privacy Forum","filing","exact_base",7,"latent_base_salary",13.5088520328401,NA,13.5088520328401,13.5088520328401,12.8767579881938,12.5603695667018,13.1916982554695,12.4792280614351,13.2876447477645,-2.75964480062934,0.493781890618475,0,0,"bayesian_numeric",1
"SRC-990-EXT-JAIN-FAMILY-INSTITUTE","Jain Family Institute","filing","exact_base",7,"latent_base_salary",12.3338860528408,NA,12.3338860528408,12.3338860528408,12.6533463288593,12.3582093247957,12.977132428309,12.2766632044938,13.0543964903801,-0.369710734646489,0.200211380894685,0,1,"bayesian_numeric",1
"SRC-990-EXT-ORCID","ORCID","filing","exact_base",7,"latent_base_salary",12.5696077844296,NA,12.5696077844296,12.5696077844296,12.1410129143421,11.814673295435,12.4683589343995,11.7291369608917,12.5722781767049,-0.975150748526699,0.301588559244755,0,1,"bayesian_numeric",1
"SRC-990-EXT-SOCIAL-SCIENCE-RESEARCH-COUNCIL","Social Science Research Council","filing","exact_base",7,"latent_base_salary",12.7968302816124,NA,12.7968302816124,12.7968302816124,12.984079267967,12.6701888181935,13.3071954703275,12.5810977321217,13.4081785583755,0.186992341662451,0.11224738548256,1,1,"bayesian_numeric",1
"SRC-990-EXT-STIMSON-CENTER","Stimson Center","filing","exact_base",7,"latent_base_salary",12.9582226865033,NA,12.9582226865033,12.9582226865033,12.7012278830204,12.3858022225532,13.0065089364077,12.2957121978627,13.0939567230148,-0.0661139091689515,0.156260085611211,1,1,"bayesian_numeric",1
"SRC-990-EXT-GOOD-FOOD-INSTITUTE","Good Food Institute","filing","exact_base",7,"latent_base_salary",12.3904522913386,NA,12.3904522913386,12.3904522913386,12.6703925322649,12.3423831195771,12.9982543795919,12.2603583122764,13.0669615536203,-0.168261457371975,0.172580323974094,1,1,"bayesian_numeric",1
"SRC-990-EXT-ECONOMIC-INNOVATION-GROUP","Economic Innovation Group","filing","exact_base",7,"latent_base_salary",12.9583656609222,NA,12.9583656609222,12.9583656609222,12.9459919262162,12.629831312482,13.262680635334,12.5272015045037,13.3406095694177,0.475057098948545,0.0584176732341879,1,1,"bayesian_numeric",1
"SRC-990-EXT-BIPARTISAN-POLICY-CENTER","Bipartisan Policy Center","filing","exact_base",7,"latent_base_salary",13.69992393343,NA,13.69992393343,13.69992393343,13.3273847384415,13.0067572977613,13.6721044007819,12.9124289376645,13.7430858349265,-0.628891604833671,0.240617206187646,0,1,"bayesian_numeric",1
"SRC-990-EXT-RESULTS-FOR-AMERICA","Results for America","filing","exact_base",7,"latent_base_salary",12.6889203108623,NA,12.6889203108623,12.6889203108623,13.0130166204743,12.7033233464358,13.3431570251949,12.6132983231256,13.4359716475449,-0.388254426767623,0.207821398037973,0,1,"bayesian_numeric",1
"SRC-990-EXT3-NUCLEAR-INNOVATION-ALLIANCE","Nuclear Innovation Alliance","filing","exact_base",7,"latent_base_salary",12.6101041264858,NA,12.6101041264858,12.6101041264858,12.2435389094793,11.9114263319834,12.5629535227103,11.8244496643883,12.6275812324829,-0.603784150927248,0.247832895139002,0,1,"bayesian_numeric",1
"SRC-990-EXT3-CENTER-FOR-INTERNATIONAL-POLICY","Center for International Policy","filing","exact_base",7,"latent_base_salary",12.3116931273939,NA,12.3116931273939,12.3116931273939,12.3786398200073,11.9200877050392,12.8299948337901,11.7951433448876,12.9660276342894,0.0789457645421114,0.0887820440701233,1,1,"bayesian_numeric",1
"SRC-990-EA-CENTER-FOR-ELECTION-SCIENCE","Center for Election Science","filing","exact_base",7,"latent_base_salary",12.2614916001655,NA,12.2614916001655,12.2614916001655,12.2838189928176,11.8132375726846,12.7383781399345,11.6825583469131,12.857042683476,0.0932444389334933,0.0854817446106633,1,1,"bayesian_numeric",1
"SRC-990-EXT-PARTNERSHIP-ON-AI","Partnership on AI","filing","exact_base",8,"latent_base_salary",12.7912011974447,NA,12.7912011974447,12.7912011974447,12.821172907988,12.4810025573662,13.1782137862257,12.3804305949145,13.2784946100922,0.399146609132393,0.0638433491807602,1,1,"bayesian_numeric",1
"SRC-990-EXT-FRAMEWORKS-INSTITUTE","FrameWorks Institute","filing","exact_base",8,"latent_base_salary",13.0266397001217,NA,13.0266397001217,13.0266397001217,12.8913023220004,12.5464864585018,13.2309502728009,12.4470885295348,13.3286541040617,0.272947895252156,0.0905018738384817,1,1,"bayesian_numeric",1
"SRC-990-EXT-QUINCY-INSTITUTE-FOR-RESPONSIBLE-STATECRAFT","Quincy Institute for Responsible Statecraft","filing","exact_base",8,"latent_base_salary",12.631030234805,NA,12.631030234805,12.631030234805,12.9425435753173,12.5987153026184,13.2825424608922,12.4772342789781,13.3845445555871,-0.288365815466617,0.190098374217343,1,1,"bayesian_numeric",1
"SRC-990-EXT-COUNCIL-ON-STRATEGIC-RISKS","Council on Strategic Risks","filing","exact_base",8,"latent_base_salary",12.508796619219,NA,12.508796619219,12.508796619219,12.6489880651496,12.2953045555503,12.9801324671097,12.1996648443264,13.0815086780722,0.263758901926351,0.0908704628676269,1,1,"bayesian_numeric",1
"SRC-990-EXT-INFORMATION-TECHNOLOGY-AND-INNOVATION-FOUNDATION","Information Technology and Innovation Foundation","filing","exact_base",8,"latent_base_salary",13.2745188452622,NA,13.2745188452622,13.2745188452622,12.9667811791597,12.6191278667553,13.3162018564875,12.5127977058349,13.4116303653604,-0.262966198833601,0.192148496722242,1,1,"bayesian_numeric",1
"SRC-990-EXT-NUMFOCUS","NumFOCUS","filing","exact_base",8,"latent_base_salary",12.0255072657542,NA,12.0255072657542,12.0255072657542,12.551227225627,12.0800554077505,13.0103598617464,11.9591713792807,13.1349030269066,-0.986877454238877,0.346138761311242,0,1,"bayesian_numeric",1
"SRC-990-EXT-TECHNICAL-ASSISTANCE-COLLABORATIVE","Technical Assistance Collaborative","filing","exact_base",8,"latent_base_salary",12.4383619268654,NA,12.4383619268654,12.4383619268654,12.5347229378832,12.1832174310557,12.8688767399627,12.0829553257527,12.9749906256208,0.338855934117393,0.0768538359954188,1,1,"bayesian_numeric",1
"SRC-990-EXT-CENTER-FOR-A-NEW-AMERICAN-SECURITY","Center for a New American Security","filing","exact_base",8,"latent_base_salary",13.1871814907024,NA,13.1871814907024,13.1871814907024,13.0384245684994,12.6978262104714,13.3726896504769,12.5939540461434,13.4799036517496,0.243561176490543,0.095847138115386,1,1,"bayesian_numeric",1
"SRC-990-EXT-DATA-QUALITY-CAMPAIGN","Data Quality Campaign","filing","exact_base",8,"latent_base_salary",12.9352645395531,NA,12.9352645395531,12.9352645395531,13.0419189500143,12.7025767205878,13.3942348201576,12.6130508063071,13.4826654465287,0.30522163701595,0.0789935987589103,1,1,"bayesian_numeric",1
"SRC-990-EXT-GRANTMAKERS-FOR-EFFECTIVE-ORGANIZATIONS","Grantmakers for Effective Organizations","filing","exact_base",8,"latent_base_salary",12.8837522170102,NA,12.8837522170102,12.8837522170102,12.7728327861928,12.4482451405463,13.108286356318,12.3449192618856,13.2036803634918,0.318997637649321,0.0810039729406339,1,1,"bayesian_numeric",1
"SRC-990-EXT-THE-SENTENCING-PROJECT","The Sentencing Project","filing","exact_base",8,"latent_base_salary",12.2172732835324,NA,12.2172732835324,12.2172732835324,12.2954027682394,11.9560182070169,12.648878846442,11.8516821843714,12.7450865988667,0.353992047280309,0.0727018374500483,1,1,"bayesian_numeric",1
"SRC-990-EXT-PHYSICIANS-FOR-SOCIAL-RESPONSIBILITY","Physicians for Social Responsibility","filing","exact_base",8,"latent_base_salary",11.9808845054682,NA,11.9808845054682,11.9808845054682,12.33331689877,12.0029027477651,12.6889467208619,11.8941075909339,12.7951686793365,-0.470831985750097,0.22258298651063,0,1,"bayesian_numeric",1
"SRC-990-EXT-INSTITUTE-FOR-THE-STUDY-OF-WAR","Institute for the Study of War","filing","exact_base",9,"latent_base_salary",12.2737531161958,NA,12.2737531161958,12.2737531161958,12.3785395542013,12.0301110193332,12.7289921990667,11.9437218538677,12.8324966232865,0.300277786389187,0.0793041589123088,1,1,"bayesian_numeric",1
"SRC-990-EXT-CENTER-FOR-CLIMATE-AND-ENERGY-SOLUTIONS","Center for Climate and Energy Solutions","filing","exact_base",9,"latent_base_salary",12.9791557665258,NA,12.9791557665258,12.9791557665258,12.9467593867728,12.6007617375488,13.2892771585373,12.5036382947658,13.4022348112271,0.377210365634978,0.0648976172247441,1,1,"bayesian_numeric",1
"SRC-990-EXT-SAN-FRANCISCO-ESTUARY-INSTITUTE","San Francisco Estuary Institute","filing","exact_base",9,"latent_base_salary",12.1771418570467,NA,12.1771418570467,12.1771418570467,12.4275388627303,12.0415674824728,12.7605121289827,11.9361262961565,12.8718100490755,-0.0467467517193321,0.150428110694559,1,1,"bayesian_numeric",1
"SRC-990-EXT-PUBLIC-AGENDA","Public Agenda","filing","exact_base",9,"latent_base_salary",12.5141054670907,NA,12.5141054670907,12.5141054670907,12.2900371785416,11.9350673971243,12.6484118061217,11.8416833057693,12.7524390169922,0.0357696460091503,0.1345434346778,1,1,"bayesian_numeric",1
"SRC-990-EXT-PUBLIC-KNOWLEDGE","Public Knowledge","filing","exact_base",9,"latent_base_salary",12.4996822653103,NA,12.4996822653103,12.4996822653103,12.5895654415576,12.2473607552231,12.9271346516754,12.1180947846373,13.0345926899382,0.327727733121641,0.0742780315623226,1,1,"bayesian_numeric",1
"SRC-990-EXT-NATIONAL-COMMITTEE-FOR-RESPONSIVE-PHILANTHROPY","National Committee for Responsive Philanthropy","filing","exact_base",9,"latent_base_salary",12.742437732963,NA,12.742437732963,12.742437732963,12.6151898721656,12.2637762216244,12.9680276654889,12.1710710064804,13.0764257405194,0.273294966129892,0.0881217994640784,1,1,"bayesian_numeric",1
"SRC-990-EXT-OPENSECRETS","OpenSecrets","filing","exact_base",9,"latent_base_salary",12.3218529214459,NA,12.3218529214459,12.3218529214459,12.3526463331717,11.9939778679594,12.7156746380243,11.8931098084407,12.8389353836599,0.350134404929714,0.0662564456636728,1,1,"bayesian_numeric",1
"SRC-990-EXT-LIVING-GOODS","Living Goods","filing","exact_base",9,"latent_base_salary",12.5107284211723,NA,12.5107284211723,12.5107284211723,12.3978540431167,12.0253511843598,12.7821615116147,11.9037819812888,12.8893442056106,0.244086332874283,0.0832043487760144,1,1,"bayesian_numeric",1
"SRC-990-EXT-THE-HUMANE-LEAGUE","The Humane League","filing","exact_base",9,"latent_base_salary",12.3775599734482,NA,12.3775599734482,12.3775599734482,12.3503908638144,11.9980506838983,12.7002042609573,11.9000088297521,12.8019123217088,0.361829924793848,0.0652934231684846,1,1,"bayesian_numeric",1
"SRC-990-EXT-CLEAN-AIR-TASK-FORCE","Clean Air Task Force","filing","exact_base",9,"latent_base_salary",12.8291533338357,NA,12.8291533338357,12.8291533338357,12.7522120661444,12.413427746537,13.1092410026716,12.3146302579829,13.227129284849,0.336134184791584,0.0720647095878289,1,1,"bayesian_numeric",1
"SRC-990-EXT-VERA-INSTITUTE-OF-JUSTICE","Vera Institute of Justice","filing","exact_base",9,"latent_base_salary",13.3181829414966,NA,13.3181829414966,13.3181829414966,13.0046220932876,12.6491520893407,13.3588329160844,12.5531648354236,13.4779560315567,-0.281912840763125,0.192949520716989,1,1,"bayesian_numeric",1
"SRC-990-EXT-DEMOS","Demos","filing","exact_base",10,"latent_base_salary",12.6428849557391,NA,12.6428849557391,12.6428849557391,12.7932477049815,12.4872165851437,13.1005178221405,12.398383703151,13.1834167799236,0.322276032606736,0.0930819336229257,1,1,"bayesian_numeric",1
"SRC-990-EXT-ENVIRONMENTAL-LAW-INSTITUTE","Environmental Law Institute","filing","exact_base",10,"latent_base_salary",12.6696219906236,NA,12.6696219906236,12.6696219906236,12.5229137203767,12.2231378107575,12.8331590877785,12.1340978651912,12.9194465131583,0.323115261571768,0.0892988175755827,1,1,"bayesian_numeric",1
"SRC-990-EXT-CENTER-FOR-OPEN-SCIENCE","Center for Open Science","filing","exact_base",10,"latent_base_salary",12.5016604600873,NA,12.5016604600873,12.5016604600873,12.5799214902681,12.2990417724598,12.8878917982855,12.211861740673,12.9803925917667,0.473407834669233,0.0659764211923379,1,1,"bayesian_numeric",1
"SRC-990-EXT-INSTITUTE-FOR-NONPROFIT-NEWS","Institute for Nonprofit News","filing","exact_base",10,"latent_base_salary",12.3400869277947,NA,12.3400869277947,12.3400869277947,12.3739544430599,12.0631882909088,12.6812669870633,11.9710826036848,12.7704346621874,0.501639073205064,0.058740692170753,1,1,"bayesian_numeric",1
"SRC-990-EXT-NISKANEN-CENTER","Niskanen Center","filing","exact_base",10,"latent_base_salary",13.3543131280751,NA,13.3543131280751,13.3543131280751,12.8885098032136,12.5816549456624,13.1863990632763,12.4816769480028,13.2724295979676,-1.43171528569931,0.335225699548582,0,0,"bayesian_numeric",1
"SRC-990-EXT-INSTITUTE-ON-TAXATION-AND-ECONOMIC-POLICY","Institute on Taxation and Economic Policy","filing","exact_base",10,"latent_base_salary",12.3346530459445,NA,12.3346530459445,12.3346530459445,12.8478174893724,12.5213454905856,13.1467315162002,12.4348318422731,13.2117906844047,-1.7899290978392,0.379433535063756,0,0,"bayesian_numeric",1
"SRC-990-EXT-ROOSEVELT-INSTITUTE","Roosevelt Institute","filing","exact_base",10,"latent_base_salary",13.0866290852163,NA,13.0866290852163,13.0866290852163,12.9405153939006,12.6273484317012,13.2299910006007,12.5404594812517,13.3210849603977,0.331679504817116,0.0899858331234983,1,1,"bayesian_numeric",1
"SRC-990-EXT-AMERICAN-IMMIGRATION-COUNCIL","American Immigration Council","filing","exact_base",10,"latent_base_salary",12.6131309837729,NA,12.6131309837729,12.6131309837729,12.6066659857812,12.3159222480801,12.9060311141839,12.236017124223,12.9895480320694,0.52638096064172,0.0553650835570204,1,1,"bayesian_numeric",1
"SRC-990-EXT-PROJECT-HEALTHY-CHILDREN","Project Healthy Children","filing","exact_base",10,"latent_base_salary",11.5747708002363,NA,11.5747708002363,11.5747708002363,12.6232309572581,12.2845113061877,12.9543005661822,12.1965304826716,13.0472788480968,-7.268983503017,0.904904208793512,0,0,"bayesian_numeric",1
"SRC-990-EXT-EXPONENT-PHILANTHROPY","Exponent Philanthropy","filing","exact_base",10,"latent_base_salary",12.6069727833315,NA,12.6069727833315,12.6069727833315,12.3018007483563,11.9824179250576,12.6018021506181,11.8919218141124,12.6954086619707,-0.314894949731209,0.191922368480697,0,1,"bayesian_numeric",1
"SRC-990-EXT-GUTTMACHER-INSTITUTE","Guttmacher Institute","filing","exact_base",10,"latent_base_salary",12.8946594433338,NA,12.8946594433338,12.8946594433338,13.3130637849528,13.0210240148446,13.6157780180278,12.9255676720519,13.7108909227476,-1.00360038755343,0.291216843921966,0,0,"bayesian_numeric",1
"SRC-990-EXT-OPEN-SOURCE-INITIATIVE","Open Source Initiative","filing","exact_base",10,"latent_base_salary",12.2102910853882,NA,12.2102910853882,12.2102910853882,12.2305972982281,11.7487683941722,12.7342775437071,11.6291038126019,12.8518998721584,0.0623796880995721,0.089890985710415,1,1,"bayesian_numeric",1
"SRC-990-EXT-POPULATION-REFERENCE-BUREAU","Population Reference Bureau","filing","exact_base",1,"latent_base_salary",12.816309953692,NA,12.816309953692,12.816309953692,12.2919005815895,11.7874181525135,12.7971043156828,11.6073608259593,12.9490321352306,-0.859735294682426,0.310393227098849,0,1,"bayesian_disclosure",1
"SRC-990-EXT3-CENTER-FOR-HEALTH-CARE-STRATEGIES","Center for Health Care Strategies","filing","exact_base",1,"latent_base_salary",12.6222962067176,NA,12.6222962067176,12.6222962067176,12.689096864804,12.3194198591224,13.0494095663931,12.2217131128036,13.1548848207714,0.293074549319492,0.0738771031232886,1,1,"bayesian_disclosure",1
"SRC-990-EXT-CLIMATE-CENTRAL","Climate Central","filing","exact_base",1,"latent_base_salary",12.6801870016491,NA,12.6801870016491,12.6801870016491,12.6926748345506,12.3324797046822,13.0353826514742,12.2249237146507,13.1512487432614,0.324377964433602,0.0669450232393946,1,1,"bayesian_disclosure",1
"SRC-990-EXT-BULLETIN-OF-THE-ATOMIC-SCIENTISTS","Bulletin of the Atomic Scientists","filing","exact_base",1,"latent_base_salary",12.3173567420894,NA,12.3173567420894,12.3173567420894,12.308488456908,11.9567316324115,12.6854145009163,11.8425790351117,12.7840578269068,0.338338563512065,0.0670624748994896,1,1,"bayesian_disclosure",1
"SRC-990-EXT-PRECISION-DEVELOPMENT","Precision Development","filing","exact_base",1,"latent_base_salary",12.4150937427763,NA,12.4150937427763,12.4150937427763,12.407838939776,12.0373173879589,12.7857332410811,11.9320765769913,12.8853767131949,0.328572694289289,0.0674254271048242,1,1,"bayesian_disclosure",1
"SRC-990-EXT-SOFTWARE-FREEDOM-CONSERVANCY","Software Freedom Conservancy","filing","exact_base",1,"latent_base_salary",12.1568022510686,NA,12.1568022510686,12.1568022510686,12.1678456107952,11.5930612338705,12.7465012466714,11.4199357484281,12.9238828235933,-0.099694143012945,0.105654080332527,1,1,"bayesian_disclosure",1
"SRC-990-EXT-GRANTMAKERS-FOR-EDUCATION","Grantmakers for Education","filing","exact_base",1,"latent_base_salary",12.4309659850717,NA,12.4309659850717,12.4309659850717,12.7858881717491,12.363687914508,13.2428354634784,12.2347891113864,13.3590808625471,-0.3811495364448,0.225354591349835,1,1,"bayesian_disclosure",1
"SRC-990-EXT-ANIMAL-LEGAL-DEFENSE-FUND","Animal Legal Defense Fund","filing","exact_base",1,"latent_base_salary",12.5370734769901,NA,12.5370734769901,12.5370734769901,12.3709667690097,12.0011249102365,12.7524697379321,11.8888381496805,12.8699256245097,0.139185941804466,0.103627532116739,1,1,"bayesian_disclosure",1
"SRC-990-EXT-ANIMAL-WELFARE-INSTITUTE","Animal Welfare Institute","filing","exact_base",2,"latent_base_salary",12.1688180822369,NA,12.1688180822369,12.1688180822369,12.177689814776,11.8191352412601,12.5505865142031,11.6941816336927,12.651746927261,0.343628133415845,0.0656380663154831,1,1,"bayesian_disclosure",1
"SRC-990-EXT3-LEARNING-POLICY-INSTITUTE","Learning Policy Institute","filing","exact_base",2,"latent_base_salary",13.1712146825618,NA,13.1712146825618,13.1712146825618,12.8939628617227,12.555641646441,13.2220629098199,12.4514259113026,13.3188946540878,-0.149311306318804,0.167042311854141,1,1,"bayesian_disclosure",1
"SRC-990-EXT-NATIONAL-EMPLOYMENT-LAW-PROJECT","National Employment Law Project","filing","exact_base",2,"latent_base_salary",12.8184638703657,NA,12.8184638703657,12.8184638703657,12.8436127042289,12.4926958601873,13.1962764327561,12.3812726774934,13.2966320958213,0.392604465720321,0.063384364857818,1,1,"bayesian_disclosure",1
"SRC-990-EXT-PEAK-GRANTMAKING","PEAK Grantmaking","filing","exact_base",2,"latent_base_salary",12.6147062287155,NA,12.6147062287155,12.6147062287155,12.8293146974134,12.4763537398391,13.1679633170481,12.367409193219,13.2839246699715,0.0573939028110146,0.131219521956843,1,1,"bayesian_disclosure",1
"SRC-990-EXT-FEDERATION-OF-AMERICAN-SCIENTISTS","Federation of American Scientists","filing","exact_base",2,"latent_base_salary",13.0648771145336,NA,13.0648771145336,13.0648771145336,12.9495343759517,12.5772511328431,13.3157272899823,12.4719327390279,13.4164499490482,0.240920673522026,0.0863452821265809,1,1,"bayesian_disclosure",1
"SRC-990-EXT-TECHCONGRESS","TechCongress","filing","exact_base",2,"latent_base_salary",12.4960490464963,NA,12.4960490464963,12.4960490464963,12.1887485387105,11.8279656403518,12.547053241985,11.7139877098526,12.6457057627644,-0.253417393477035,0.187490314230109,1,1,"bayesian_disclosure",1
"SRC-990-EXT-INSTITUTE-FOR-SECURITY-AND-TECHNOLOGY","Institute for Security and Technology","filing","exact_base",2,"latent_base_salary",12.3935414740295,NA,12.3935414740295,12.3935414740295,12.7301204165329,12.3719699352984,13.0670076286858,12.2719891054319,13.1737140989526,-0.391590327815069,0.20399439390793,1,1,"bayesian_disclosure",1
"SRC-990-EXT-GLOBAL-HEALTH-CORPS","Global Health Corps","filing","exact_base",2,"latent_base_salary",12.4246040572612,NA,12.4246040572612,12.4246040572612,11.9333075191664,11.5876212040023,12.2898758981699,11.5021563543894,12.4041293521011,-1.18358827671564,0.340784140601812,0,0,"bayesian_disclosure",1
"SRC-990-EXT-THIRD-WAY-INSTITUTE","Third Way Institute","filing","exact_base",2,"latent_base_salary",12.9939824923999,NA,12.9939824923999,12.9939824923999,12.5315379339171,11.9025823824852,13.1427747665386,11.723333104804,13.3079474564461,-0.637478523327227,0.293516197339227,1,1,"bayesian_disclosure",1
"SRC-990-EXT-MERCY-FOR-ANIMALS","Mercy For Animals","filing","exact_base",2,"latent_base_salary",12.2436538423338,NA,12.2436538423338,12.2436538423338,12.3364975778257,11.9817776409513,12.6899471695227,11.896818101763,12.7849799123874,0.301059485935379,0.0777556588173501,1,1,"bayesian_disclosure",1
"SRC-990-EXT-EVIDENCE-ACTION","Evidence Action","filing","exact_base",2,"latent_base_salary",12.8276536554356,NA,12.8276536554356,12.8276536554356,12.6208393330498,12.2804844430041,12.9686712308751,12.1752725841425,13.06605362623,0.0823825747435935,0.120051949540673,1,1,"bayesian_disclosure",1
"SRC-990-EA-COPENHAGEN-CONSENSUS-CENTER","Copenhagen Consensus Center","filing","exact_base",2,"latent_base_salary",13.0459767896383,NA,13.0459767896383,13.0459767896383,11.5482280363886,11.025414805655,12.0784561203475,10.8843857737524,12.2250527813322,-6.6636769260631,1.29141686034097,0,0,"bayesian_disclosure",1
"SRC-990-EXT-CENTER-FOR-AI-SAFETY","Center for AI Safety","filing","exact_base",3,"latent_base_salary",12.7213413939825,NA,12.7213413939825,12.7213413939825,12.6625815240054,12.2574837753322,13.0413447166595,12.1652973286946,13.1557931561959,0.2495596641215,0.075098352666501,1,1,"bayesian_disclosure",1
"SRC-990-EXT-CENTER-FOR-DEMOCRACY-TECHNOLOGY","Center for Democracy & Technology","filing","exact_base",3,"latent_base_salary",12.9169778646385,NA,12.9169778646385,12.9169778646385,12.8915472798445,12.5179187380652,13.2681891330458,12.3972940549597,13.3799639332671,0.316491536807849,0.0685140179675915,1,1,"bayesian_disclosure",1
"SRC-990-EXT-PROJECT-DRAWDOWN","Project Drawdown","filing","exact_base",3,"latent_base_salary",13.0056540850792,NA,13.0056540850792,13.0056540850792,12.619365038946,12.2334128813803,13.0167321381797,12.1314446041085,13.1302039627951,-0.539509272875868,0.243896785689522,1,1,"bayesian_disclosure",1
"SRC-990-EXT-CHARITY-NAVIGATOR","Charity Navigator","filing","exact_base",3,"latent_base_salary",12.7520384665336,NA,12.7520384665336,12.7520384665336,12.6999581383042,12.3196690950845,13.0661731368576,12.2289917391281,13.1684105140392,0.30162544215114,0.0715228486056307,1,1,"bayesian_disclosure",1
"SRC-990-EXT-CHICAGO-COUNCIL-ON-GLOBAL-AFFAIRS","Chicago Council on Global Affairs","filing","exact_base",3,"latent_base_salary",13.1491202773988,NA,13.1491202773988,13.1491202773988,12.8220681892653,12.4442861429339,13.1840871336226,12.3419599684762,13.3096073149959,-0.32699872929275,0.200295126276525,1,1,"bayesian_disclosure",1
"SRC-990-EXT-RESEARCH-AMERICA","Research!America","filing","exact_base",3,"latent_base_salary",13.297112905275,NA,13.297112905275,13.297112905275,12.8645238729476,12.4889896851861,13.2561353423579,12.3432388926116,13.342273391663,-0.80078212821977,0.280943855874839,0,1,"bayesian_disclosure",1
"SRC-990-EXT-VILLAGE-ENTERPRISE","Village Enterprise","filing","exact_base",3,"latent_base_salary",12.5400430408691,NA,12.5400430408691,12.5400430408691,12.4434731375307,12.0444251757699,12.8261720394394,11.9376290709369,12.9182428858335,0.266826556572072,0.0801964213051595,1,1,"bayesian_disclosure",1
"SRC-990-EXT-FARM-SANCTUARY","Farm Sanctuary","filing","exact_base",3,"latent_base_salary",12.3163882693373,NA,12.3163882693373,12.3163882693373,12.384590700696,11.9985516359483,12.7455405721228,11.8779998688187,12.8549440100067,0.269819043192735,0.0764877881532407,1,1,"bayesian_disclosure",1
"SRC-990-EXT-ARMS-CONTROL-ASSOCIATION","Arms Control Association","filing","exact_base",3,"latent_base_salary",11.7955985634313,NA,11.7955985634313,11.7955985634313,12.0499583064717,11.5185017927949,12.5616845948598,11.3803813428111,12.7042821469008,-0.195674696582138,0.161758017529661,1,1,"bayesian_disclosure",1
"SRC-990-EXT3-AMERICAN-SECURITY-PROJECT","American Security Project","filing","exact_base",3,"latent_base_salary",11.9786620658855,NA,11.9786620658855,11.9786620658855,11.7620233489101,11.2224338703355,12.2858557690604,11.1046693179178,12.4074107462291,-0.157266508898648,0.142821272338842,1,1,"bayesian_disclosure",1
"SRC-990-EA-GIVEWELL","GiveWell","filing","exact_base",3,"latent_base_salary",13.0190388321958,NA,13.0190388321958,13.0190388321958,12.8676580539338,12.2542637113677,13.4691632724943,12.0900706805968,13.6077553958836,-0.184672269698527,0.130548265650828,1,1,"bayesian_disclosure",1
"SRC-990-EXT-GIVINGTUESDAY","GivingTuesday","filing","exact_base",4,"latent_base_salary",12.8728251821158,NA,12.8728251821158,12.8728251821158,12.4814492171907,12.1479156271257,12.8396063416787,12.0478321426116,12.9281578391835,-0.668727466833688,0.25346358448398,0,1,"bayesian_disclosure",1
"SRC-990-EXT3-NATIONAL-ACADEMY-FOR-STATE-HEALTH-POLICY","National Academy for State Health Policy","filing","exact_base",4,"latent_base_salary",12.8776933603378,NA,12.8776933603378,12.8776933603378,12.852736761012,12.5054791721804,13.1874276227176,12.4015887355541,13.2863397312774,0.38762906096552,0.0640863491912006,1,1,"bayesian_disclosure",1
"SRC-990-EXT3-CARBON-MAPPER","Carbon Mapper","filing","exact_base",4,"latent_base_salary",12.5153758745745,NA,12.5153758745745,12.5153758745745,12.9277978155403,12.5878131699161,13.2861846679937,12.4905332397056,13.3803455184007,-0.759825500488385,0.267472135039096,0,1,"bayesian_disclosure",1
"SRC-990-EXT-CENTER-FOR-EFFECTIVE-PHILANTHROPY","Center for Effective Philanthropy","filing","exact_base",4,"latent_base_salary",13.2146671151145,NA,13.2146671151145,13.2146671151145,13.0150372791369,12.6643413472335,13.3552738621738,12.5613282441934,13.4565089937903,0.116838582576257,0.118349685701796,1,1,"bayesian_disclosure",1
"SRC-990-EXT-ECONOMIC-POLICY-INSTITUTE","Economic Policy Institute","filing","exact_base",4,"latent_base_salary",12.4477248107957,NA,12.4477248107957,12.4477248107957,12.8253075582543,12.4965497084838,13.1568142498435,12.4026655001474,13.2436845557948,-0.646822362099882,0.248492452579865,0,1,"bayesian_disclosure",1
"SRC-990-EXT-ELECTRONIC-FRONTIER-FOUNDATION","Electronic Frontier Foundation","filing","exact_base",4,"latent_base_salary",12.757183396529,NA,12.757183396529,12.757183396529,12.8775345776785,12.5368188451746,13.2360399776591,12.433124879874,13.3428163025054,0.285417986904807,0.0846519843039571,1,1,"bayesian_disclosure",1
"SRC-990-EXT-ENERGY-FOR-GROWTH-HUB","Energy for Growth Hub","filing","exact_base",4,"latent_base_salary",13.0105039226493,NA,13.0105039226493,13.0105039226493,12.4047149337904,12.0684337746027,12.7470681007235,11.9697714378406,12.8579076137557,-2.04856664526941,0.447076159544523,0,0,"bayesian_disclosure",1
"SRC-990-EXT-LAST-MILE-HEALTH","Last Mile Health","filing","exact_base",4,"latent_base_salary",12.4850802155385,NA,12.4850802155385,12.4850802155385,12.5089196140541,12.1717129055749,12.8392532231497,12.0950867294536,12.9442811876609,0.433235809643689,0.0612007607886283,1,1,"bayesian_disclosure",1
"SRC-990-EA-FORESIGHT-INSTITUTE","Foresight Institute","filing","exact_base",4,"latent_base_salary",12.5911934036369,NA,12.5911934036369,12.5911934036369,12.2319645126374,11.779065995694,12.6784698233477,11.6293489994534,12.8097036621204,-0.382084645584498,0.215611084418093,1,1,"bayesian_disclosure",1
"SRC-990-EXT-DATAKIND","DataKind","filing","exact_base",5,"latent_base_salary",12.4083285202951,NA,12.4083285202951,12.4083285202951,12.6274803930845,12.2419716779978,13.0181266128448,12.1261083407753,13.1464728616904,-0.00368743749004752,0.134461073590069,1,1,"bayesian_disclosure",1
"SRC-990-EXT-FAR-AI","FAR AI","filing","exact_base",5,"latent_base_salary",12.405415596293,NA,12.405415596293,12.405415596293,12.6388506841354,12.2333140846535,13.0287559607833,12.1169072133204,13.1445311568487,-0.0366764613201561,0.141087224168466,1,1,"bayesian_disclosure",1
"SRC-990-EXT-IDEAS42","ideas42","filing","exact_base",5,"latent_base_salary",12.4941514017925,NA,12.4941514017925,12.4941514017925,12.6185828399505,12.2110347326681,13.0056300123614,12.1003354725226,13.1324117285734,0.17027194786392,0.0928379801175788,1,1,"bayesian_disclosure",1
"SRC-990-EXT-TAX-FOUNDATION","Tax Foundation","filing","exact_base",5,"latent_base_salary",12.515216592965,NA,12.515216592965,12.515216592965,12.5608209053652,12.1813011852934,12.9151489582659,12.081428792942,13.0112570826775,0.319861839112165,0.0707129741543839,1,1,"bayesian_disclosure",1
"SRC-990-EXT-PETERSON-INSTITUTE-FOR-INTERNATIONAL-ECONOMICS","Peterson Institute for International Economics","filing","exact_base",5,"latent_base_salary",13.3086807403212,NA,13.3086807403212,13.3086807403212,13.744832636939,13.3375277536852,14.1154969170727,13.2281470830967,14.2270197920142,-0.773548154726708,0.277223744207488,0,1,"bayesian_disclosure",1
"SRC-990-EXT-WORLD-JUSTICE-PROJECT","World Justice Project","filing","exact_base",5,"latent_base_salary",12.8497369708156,NA,12.8497369708156,12.8497369708156,13.0060807075389,12.6266600131108,13.3920877857928,12.5204557357734,13.5132353284455,0.143413775775346,0.107537768879282,1,1,"bayesian_disclosure",1
"SRC-990-EXT-SIGHTLINE-INSTITUTE","Sightline Institute","filing","exact_base",5,"latent_base_salary",12.2612800796685,NA,12.2612800796685,12.2612800796685,12.018779355954,11.6341350213181,12.4149392921923,11.516162304623,12.5242930503971,-0.0505337835054597,0.13516234388189,1,1,"bayesian_disclosure",1
"SRC-990-EXT-OPEN-MARKETS-INSTITUTE","Open Markets Institute","filing","exact_base",5,"latent_base_salary",12.1897506129305,NA,12.1897506129305,12.1897506129305,12.4487618405071,12.0467706090128,12.8278291514177,11.9628363617993,12.932491726246,-0.092077762642866,0.1617537673473,1,1,"bayesian_disclosure",1
"SRC-990-EXT-STRONGMINDS","StrongMinds","filing","exact_base",5,"latent_base_salary",12.4509506432504,NA,12.4509506432504,12.4509506432504,12.3171264165727,11.9506196255433,12.6773523851612,11.8423102874477,12.7848445835157,0.212530158647666,0.0920455524779213,1,1,"bayesian_disclosure",1
"SRC-990-EXT-NEW-AMERICA","New America","filing","exact_base",5,"latent_base_salary",13.2081577341251,NA,13.2081577341251,13.2081577341251,13.4213248745518,13.0391136609988,13.8037258140059,12.9122242541483,13.9213860888646,0.0379727596660754,0.124980008676928,1,1,"bayesian_disclosure",1
"SRC-990-EXT-INNOVATIONS-FOR-POVERTY-ACTION","Innovations for Poverty Action","filing","exact_base",5,"latent_base_salary",12.4867659407714,NA,12.4867659407714,12.4867659407714,12.8969479435547,12.5020432831308,13.2578173619825,12.4061016877687,13.3704028602474,-0.662213096616816,0.262853834806066,0,1,"bayesian_disclosure",1
"SRC-990-EXT-REDWOOD-RESEARCH","Redwood Research","filing","exact_base",5,"latent_base_salary",12.5766540301346,NA,12.5766540301346,12.5766540301346,12.9567551829872,12.3138466593277,13.6192390482856,12.1092938779906,13.835553905039,-0.518729194419303,0.236208092051348,1,1,"bayesian_disclosure",1
"SRC-990-EXT-INTERNET-SECURITY-RESEARCH-GROUP","Internet Security Research Group","filing","exact_base",6,"latent_base_salary",12.6634761632277,NA,12.6634761632277,12.6634761632277,12.4623319940185,12.0723363488146,12.8560772585693,11.9469645240142,12.9674448793537,0.0555143139849738,0.123556858662907,1,1,"bayesian_disclosure",1
"SRC-990-EXT-INSTITUTE-FOR-ENERGY-ECONOMICS-AND-FINANCIAL-ANALYSIS","Institute for Energy Economics and Financial Analysis","filing","exact_base",6,"latent_base_salary",12.5797210272034,NA,12.5797210272034,12.5797210272034,12.5022911449118,12.1181485326328,12.89364283752,12.0137357902391,13.018692254309,0.24983636846444,0.0790825230880907,1,1,"bayesian_disclosure",1
"SRC-990-EXT-BREAKTHROUGH-INSTITUTE","Breakthrough Institute","filing","exact_base",6,"latent_base_salary",12.579065834723,NA,12.579065834723,12.579065834723,12.5403424316547,12.1419637878004,12.9289433934145,12.0183447411561,13.0371253734877,0.250694645462534,0.0760290019304045,1,1,"bayesian_disclosure",1
"SRC-990-EXT-COMMITTEE-FOR-A-RESPONSIBLE-FEDERAL-BUDGET","Committee for a Responsible Federal Budget","filing","exact_base",6,"latent_base_salary",13.2655461923519,NA,13.2655461923519,13.2655461923519,12.9828771410416,12.6027384000287,13.3659013144023,12.5026824016432,13.4878681592426,-0.161557044530185,0.169770830866521,1,1,"bayesian_disclosure",1
"SRC-990-EXT-FRESH-ENERGY","Fresh Energy","filing","exact_base",6,"latent_base_salary",12.4117920746609,NA,12.4117920746609,12.4117920746609,12.2740298150855,11.7435686985394,12.8015858289922,11.5947193639859,12.9394851264673,-0.0886003128309806,0.112447020383593,1,1,"bayesian_disclosure",1
"SRC-990-EXT-MIGRATION-POLICY-INSTITUTE","Migration Policy Institute","filing","exact_base",6,"latent_base_salary",12.6227383916406,NA,12.6227383916406,12.6227383916406,12.6212332221488,12.2502951261687,13.0056035570017,12.1135742366494,13.1161907304789,0.275040740053219,0.071998431496393,1,1,"bayesian_disclosure",1
"SRC-990-EXT-CODE-FOR-SCIENCE-SOCIETY","Code for Science & Society","filing","exact_base",6,"latent_base_salary",12.2746977427298,NA,12.2746977427298,12.2746977427298,12.3739896131689,11.800341960203,12.888942474637,11.6401427195441,13.0353613339884,-0.0886497324282013,0.107935847941341,1,1,"bayesian_disclosure",1
"SRC-990-EXT-INDEPENDENT-SECTOR","Independent Sector","filing","exact_base",6,"latent_base_salary",13.3541442871094,NA,13.3541442871094,13.3541442871094,13.2346791657419,12.8381043947398,13.62317136476,12.7372180825883,13.7295059520165,0.202696160146365,0.0894316789337956,1,1,"bayesian_disclosure",1
"SRC-990-EXT-INSTITUTE-FOR-POLICY-STUDIES","Institute for Policy Studies","filing","exact_base",6,"latent_base_salary",12.053986283532,NA,12.053986283532,12.053986283532,12.1624882435475,11.6397813040066,12.6775388242706,11.4935005170427,12.8253208542608,-0.0628969628341859,0.111260955687304,1,1,"bayesian_disclosure",1
"SRC-990-EXT-VILLAGEREACH","VillageReach","filing","exact_base",6,"latent_base_salary",12.4314315810676,NA,12.4314315810676,12.4314315810676,12.4876524772453,12.1038279398765,12.8690942246062,12.0007930463408,12.9847017314662,0.237864724516266,0.0765679728560121,1,1,"bayesian_disclosure",1
"SRC-990-EXT-RESULTS-FOR-DEVELOPMENT","Results for Development","filing","exact_base",6,"latent_base_salary",12.9211104925028,NA,12.9211104925028,12.9211104925028,12.876296136969,12.4915435551413,13.2796952166378,12.377173648617,13.3792184788179,0.27646762057177,0.0748291124453893,1,1,"bayesian_disclosure",1
"SRC-990-EXT-CREATIVE-COMMONS","Creative Commons","filing","exact_base",6,"latent_base_salary",12.4083285202951,NA,12.4083285202951,12.4083285202951,12.3436727795558,11.9321433233462,12.7334456506677,11.8108006132064,12.8399047945374,0.25461976306643,0.078821858456238,1,1,"bayesian_disclosure",1
"SRC-990-EXT3-CENTER-FOR-ARMS-CONTROL-AND-NON-PROLIFERATION","Center for Arms Control and Non-Proliferation","filing","exact_base",6,"latent_base_salary",12.5533356659485,NA,12.5533356659485,12.5533356659485,11.9527449811104,11.4331364859899,12.4535908944439,11.2801386203601,12.6179803651473,-1.12435705084753,0.385219588451466,0,1,"bayesian_disclosure",1
"SRC-990-EXT-FUTURE-OF-PRIVACY-FORUM","Future of Privacy Forum","filing","exact_base",7,"latent_base_salary",13.5088520328401,NA,13.5088520328401,13.5088520328401,12.9356879857275,12.5796959783639,13.2623623795859,12.4860164207728,13.365601308293,-1.87113435284026,0.419479704375991,0,0,"bayesian_disclosure",1
"SRC-990-EXT-JAIN-FAMILY-INSTITUTE","Jain Family Institute","filing","exact_base",7,"latent_base_salary",12.3338860528408,NA,12.3338860528408,12.3338860528408,12.5108941980791,12.1679834534079,12.8460723300886,12.0690525804284,12.9534810601232,0.166538721163087,0.108922533910213,1,1,"bayesian_disclosure",1
"SRC-990-EXT-ORCID","ORCID","filing","exact_base",7,"latent_base_salary",12.5696077844296,NA,12.5696077844296,12.5696077844296,11.9937011765017,11.4971849957022,12.5185438857933,11.3501667933533,12.6543457370318,-1.05400166020699,0.406138161769034,0,1,"bayesian_disclosure",1
"SRC-990-EXT-SOCIAL-SCIENCE-RESEARCH-COUNCIL","Social Science Research Council","filing","exact_base",7,"latent_base_salary",12.7968302816124,NA,12.7968302816124,12.7968302816124,13.1523522252993,12.7795211447878,13.5258881159267,12.6781140284518,13.6462135749233,-0.443757893439559,0.215002649166866,1,1,"bayesian_disclosure",1
"SRC-990-EXT-STIMSON-CENTER","Stimson Center","filing","exact_base",7,"latent_base_salary",12.9582226865033,NA,12.9582226865033,12.9582226865033,12.6999327318429,12.3418079191772,13.0580238376772,12.2405638095645,13.1588227748289,-0.0795974078992338,0.148878145905782,1,1,"bayesian_disclosure",1
"SRC-990-EXT-GOOD-FOOD-INSTITUTE","Good Food Institute","filing","exact_base",7,"latent_base_salary",12.3904522913386,NA,12.3904522913386,12.3904522913386,12.5415072198596,12.173938531196,12.9024558352061,12.0669214316985,13.0181651211556,0.22588069642161,0.0973055585838102,1,1,"bayesian_disclosure",1
"SRC-990-EXT-ECONOMIC-INNOVATION-GROUP","Economic Innovation Group","filing","exact_base",7,"latent_base_salary",12.9583656609222,NA,12.9583656609222,12.9583656609222,12.9184663313523,12.5788443544413,13.264091444746,12.491782956096,13.3774537737333,0.391676995407024,0.0648745674622191,1,1,"bayesian_disclosure",1
"SRC-990-EXT-BIPARTISAN-POLICY-CENTER","Bipartisan Policy Center","filing","exact_base",7,"latent_base_salary",13.69992393343,NA,13.69992393343,13.69992393343,13.3609697386185,12.9884805905051,13.699645013169,12.8967412019212,13.8134167136622,-0.408413118052948,0.212773867451659,0,1,"bayesian_disclosure",1
"SRC-990-EXT-RESULTS-FOR-AMERICA","Results for America","filing","exact_base",7,"latent_base_salary",12.6889203108623,NA,12.6889203108623,12.6889203108623,12.9864273534389,12.6292260456253,13.3179614235437,12.5458676256953,13.4161522886591,-0.226162615426041,0.180508858515263,1,1,"bayesian_disclosure",1
"SRC-990-EXT3-NUCLEAR-INNOVATION-ALLIANCE","Nuclear Innovation Alliance","filing","exact_base",7,"latent_base_salary",12.6101041264858,NA,12.6101041264858,12.6101041264858,12.0792996668101,11.7261495807239,12.4229980560244,11.6302873077542,12.5190104536178,-1.5054926826307,0.377108212526931,0,0,"bayesian_disclosure",1
"SRC-990-EXT3-CENTER-FOR-INTERNATIONAL-POLICY","Center for International Policy","filing","exact_base",7,"latent_base_salary",12.3116931273939,NA,12.3116931273939,12.3116931273939,12.0960557880281,11.5704421362192,12.6182009357169,11.4043033857734,12.7872488834027,-0.184370633844297,0.139377307274091,1,1,"bayesian_disclosure",1
"SRC-990-EA-CENTER-FOR-ELECTION-SCIENCE","Center for Election Science","filing","exact_base",7,"latent_base_salary",12.2614916001655,NA,12.2614916001655,12.2614916001655,11.9067591882597,11.3681352945813,12.4174603399573,11.2274762978875,12.5900226734759,-0.419445405252118,0.232287750908093,1,1,"bayesian_disclosure",1
"SRC-990-EXT-PARTNERSHIP-ON-AI","Partnership on AI","filing","exact_base",8,"latent_base_salary",12.7912011974447,NA,12.7912011974447,12.7912011974447,12.8158192973439,12.4387744833573,13.1924627836623,12.3170869229598,13.302841056754,0.284812197733611,0.0710303027321946,1,1,"bayesian_disclosure",1
"SRC-990-EXT-FRAMEWORKS-INSTITUTE","FrameWorks Institute","filing","exact_base",8,"latent_base_salary",13.0266397001217,NA,13.0266397001217,13.0266397001217,12.8199507220136,12.4423181210474,13.2070652489396,12.3399149140867,13.3046252343962,0.0528431421362693,0.129187873329213,1,1,"bayesian_disclosure",1
"SRC-990-EXT-QUINCY-INSTITUTE-FOR-RESPONSIBLE-STATECRAFT","Quincy Institute for Responsible Statecraft","filing","exact_base",8,"latent_base_salary",12.631030234805,NA,12.631030234805,12.631030234805,13.0499487018625,12.6676065175592,13.4113473639904,12.5466991949249,13.5121939058972,-0.711933272604588,0.275462605947926,0,1,"bayesian_disclosure",1
"SRC-990-EXT-COUNCIL-ON-STRATEGIC-RISKS","Council on Strategic Risks","filing","exact_base",8,"latent_base_salary",12.508796619219,NA,12.508796619219,12.508796619219,12.5903489322195,12.1883908158626,12.97583654362,12.1077277767422,13.0853347546537,0.244316809631043,0.0803684461266942,1,1,"bayesian_disclosure",1
"SRC-990-EXT-INFORMATION-TECHNOLOGY-AND-INNOVATION-FOUNDATION","Information Technology and Innovation Foundation","filing","exact_base",8,"latent_base_salary",13.2745188452622,NA,13.2745188452622,13.2745188452622,13.0972093408565,12.6862218878338,13.4730694340843,12.5768690050015,13.610479202092,0.104900533385969,0.109162004875196,1,1,"bayesian_disclosure",1
"SRC-990-EXT-NUMFOCUS","NumFOCUS","filing","exact_base",8,"latent_base_salary",12.0255072657542,NA,12.0255072657542,12.0255072657542,12.2736453162566,11.7518251606485,12.8256548605313,11.5902213195552,12.9909842927673,-0.240585928876357,0.14680407638594,1,1,"bayesian_disclosure",1
"SRC-990-EXT-TECHNICAL-ASSISTANCE-COLLABORATIVE","Technical Assistance Collaborative","filing","exact_base",8,"latent_base_salary",12.4383619268654,NA,12.4383619268654,12.4383619268654,12.5257914080334,12.1289741110208,12.9143548372081,12.0306701548718,13.038359933003,0.255312295415015,0.078788360864602,1,1,"bayesian_disclosure",1
"SRC-990-EXT-CENTER-FOR-A-NEW-AMERICAN-SECURITY","Center for a New American Security","filing","exact_base",8,"latent_base_salary",13.1871814907024,NA,13.1871814907024,13.1871814907024,13.1223401628429,12.7166780584347,13.4969529866079,12.6125238688416,13.636585941725,0.260889300659852,0.0756710952546789,1,1,"bayesian_disclosure",1
"SRC-990-EXT-DATA-QUALITY-CAMPAIGN","Data Quality Campaign","filing","exact_base",8,"latent_base_salary",12.9352645395531,NA,12.9352645395531,12.9352645395531,13.0957502175257,12.6567401359945,13.5056914119909,12.5531615157557,13.6504444182349,0.0463536148774001,0.106133258902907,1,1,"bayesian_disclosure",1
"SRC-990-EXT-GRANTMAKERS-FOR-EFFECTIVE-ORGANIZATIONS","Grantmakers for Effective Organizations","filing","exact_base",8,"latent_base_salary",12.8837522170102,NA,12.8837522170102,12.8837522170102,12.9111463161404,12.5277931616083,13.3043486385812,12.4210716558234,13.4121208045338,0.291443277608792,0.0708277869948359,1,1,"bayesian_disclosure",1
"SRC-990-EXT-THE-SENTENCING-PROJECT","The Sentencing Project","filing","exact_base",8,"latent_base_salary",12.2172732835324,NA,12.2172732835324,12.2172732835324,12.3418701117219,11.9449586311062,12.7514107413437,11.8271917092618,12.867217352417,0.196230082769384,0.091945289095032,1,1,"bayesian_disclosure",1
"SRC-990-EXT-PHYSICIANS-FOR-SOCIAL-RESPONSIBILITY","Physicians for Social Responsibility","filing","exact_base",8,"latent_base_salary",11.9808845054682,NA,11.9808845054682,11.9808845054682,12.2580223145146,11.8759944120745,12.65068892094,11.7696356786621,12.7865152548894,-0.153540299784564,0.168357774050447,1,1,"bayesian_disclosure",1
"SRC-990-EXT-INSTITUTE-FOR-THE-STUDY-OF-WAR","Institute for the Study of War","filing","exact_base",9,"latent_base_salary",12.2737531161958,NA,12.2737531161958,12.2737531161958,12.494410090529,12.0872423561053,12.8699111622812,11.9803913503071,12.9713121236005,-0.00232083515810233,0.130162061729696,1,1,"bayesian_disclosure",1
"SRC-990-EXT-CENTER-FOR-CLIMATE-AND-ENERGY-SOLUTIONS","Center for Climate and Energy Solutions","filing","exact_base",9,"latent_base_salary",12.9791557665258,NA,12.9791557665258,12.9791557665258,13.0560304783273,12.6508206619436,13.461068059202,12.552780641902,13.559734712563,0.234438217156761,0.0786503726358334,1,1,"bayesian_disclosure",1
"SRC-990-EXT-SAN-FRANCISCO-ESTUARY-INSTITUTE","San Francisco Estuary Institute","filing","exact_base",9,"latent_base_salary",12.1771418570467,NA,12.1771418570467,12.1771418570467,12.5089494705433,12.1204204243628,12.9202197178421,12.001414225515,13.0406533847443,-0.325773785295983,0.206869652341762,1,1,"bayesian_disclosure",1
"SRC-990-EXT-PUBLIC-AGENDA","Public Agenda","filing","exact_base",9,"latent_base_salary",12.5141054670907,NA,12.5141054670907,12.5141054670907,12.1725311724048,11.7855792815167,12.5881187722073,11.6933486043573,12.7203014427355,-0.37378757071122,0.21397074955324,1,1,"bayesian_disclosure",1
"SRC-990-EXT-PUBLIC-KNOWLEDGE","Public Knowledge","filing","exact_base",9,"latent_base_salary",12.4996822653103,NA,12.4996822653103,12.4996822653103,12.6012914861183,12.2126756866138,12.9791910083465,12.099157076095,13.0708244903816,0.23158193460951,0.0804775150792752,1,1,"bayesian_disclosure",1
"SRC-990-EXT-NATIONAL-COMMITTEE-FOR-RESPONSIVE-PHILANTHROPY","National Committee for Responsive Philanthropy","filing","exact_base",9,"latent_base_salary",12.742437732963,NA,12.742437732963,12.742437732963,12.6437136341316,12.219766211623,13.0328280509614,12.1100626683773,13.1483746170652,0.196218245103915,0.0826901634653772,1,1,"bayesian_disclosure",1
"SRC-990-EXT-OPENSECRETS","OpenSecrets","filing","exact_base",9,"latent_base_salary",12.3218529214459,NA,12.3218529214459,12.3218529214459,12.1665628310371,11.7798073384002,12.5444422412805,11.6654688342774,12.6514583010257,0.155456071512444,0.104779910930236,1,1,"bayesian_disclosure",1
"SRC-990-EXT-LIVING-GOODS","Living Goods","filing","exact_base",9,"latent_base_salary",12.5107284211723,NA,12.5107284211723,12.5107284211723,12.375993082917,11.9750268794779,12.7844969724115,11.864067092846,12.9028001673525,0.140037023974376,0.0910361223244572,1,1,"bayesian_disclosure",1
"SRC-990-EXT-THE-HUMANE-LEAGUE","The Humane League","filing","exact_base",9,"latent_base_salary",12.3775599734482,NA,12.3775599734482,12.3775599734482,12.1462868402413,11.7493735784726,12.5584858603439,11.6501828253749,12.6649467861527,-0.0391279094593509,0.140351836036845,1,1,"bayesian_disclosure",1
"SRC-990-EXT-CLEAN-AIR-TASK-FORCE","Clean Air Task Force","filing","exact_base",9,"latent_base_salary",12.8291533338357,NA,12.8291533338357,12.8291533338357,12.7409922440977,12.336868353186,13.1246055141855,12.205570858383,13.2606042399251,0.194456340035633,0.079756713131596,1,1,"bayesian_disclosure",1
"SRC-990-EXT-VERA-INSTITUTE-OF-JUSTICE","Vera Institute of Justice","filing","exact_base",9,"latent_base_salary",13.3181829414966,NA,13.3181829414966,13.3181829414966,13.3299120000416,12.9282259513659,13.7297959235214,12.8330118158935,13.8475734747903,0.265768794796794,0.071651730463594,1,1,"bayesian_disclosure",1
"SRC-990-EXT-DEMOS","Demos","filing","exact_base",10,"latent_base_salary",12.6428849557391,NA,12.6428849557391,12.6428849557391,12.8097109010024,12.4676069698706,13.1620684387263,12.3772537049885,13.2560573549294,0.21713273930762,0.100822463257758,1,1,"bayesian_disclosure",1
"SRC-990-EXT-ENVIRONMENTAL-LAW-INSTITUTE","Environmental Law Institute","filing","exact_base",10,"latent_base_salary",12.6696219906236,NA,12.6696219906236,12.6696219906236,12.6033944603781,12.2619580757494,12.9538190848701,12.1690301595917,13.0460933828397,0.366347367238021,0.0661143871607115,1,1,"bayesian_disclosure",1
"SRC-990-EXT-CENTER-FOR-OPEN-SCIENCE","Center for Open Science","filing","exact_base",10,"latent_base_salary",12.5016604600873,NA,12.5016604600873,12.5016604600873,12.5081524230619,12.1664096021005,12.836448856697,12.0637405737253,12.9327579374763,0.44989055196335,0.0592742504416202,1,1,"bayesian_disclosure",1
"SRC-990-EXT-INSTITUTE-FOR-NONPROFIT-NEWS","Institute for Nonprofit News","filing","exact_base",10,"latent_base_salary",12.3400869277947,NA,12.3400869277947,12.3400869277947,12.2409436461598,11.8636707254919,12.6273411440283,11.7217342678564,12.7352033779596,0.221898316392118,0.0852669161815249,1,1,"bayesian_disclosure",1
"SRC-990-EXT-NISKANEN-CENTER","Niskanen Center","filing","exact_base",10,"latent_base_salary",13.3543131280751,NA,13.3543131280751,13.3543131280751,12.9587680880497,12.6079445458156,13.2832429744451,12.5159945677233,13.3828943142184,-0.772320230119157,0.267002863672356,0,1,"bayesian_disclosure",1
"SRC-990-EXT-INSTITUTE-ON-TAXATION-AND-ECONOMIC-POLICY","Institute on Taxation and Economic Policy","filing","exact_base",10,"latent_base_salary",12.3346530459445,NA,12.3346530459445,12.3346530459445,12.7697013459673,12.4415855965605,13.1250233770875,12.3360326342035,13.2355260592595,-0.984698299177187,0.301064984981579,0,0,"bayesian_disclosure",1
"SRC-990-EXT-ROOSEVELT-INSTITUTE","Roosevelt Institute","filing","exact_base",10,"latent_base_salary",13.0866290852163,NA,13.0866290852163,13.0866290852163,12.960531542332,12.6334152420232,13.2835438931513,12.5422811334364,13.370894576116,0.329185757196057,0.0844464298580451,1,1,"bayesian_disclosure",1
"SRC-990-EXT-AMERICAN-IMMIGRATION-COUNCIL","American Immigration Council","filing","exact_base",10,"latent_base_salary",12.6131309837729,NA,12.6131309837729,12.6131309837729,12.6563181185564,12.3279182031938,12.9960013551823,12.2365651007483,13.0984058071106,0.413235829894261,0.0644921918084315,1,1,"bayesian_disclosure",1
"SRC-990-EXT-PROJECT-HEALTHY-CHILDREN","Project Healthy Children","filing","exact_base",10,"latent_base_salary",11.5747708002363,NA,11.5747708002363,11.5747708002363,12.5161077203504,12.1553304771345,12.8761324669823,12.0417168777591,12.9732567396492,-4.9748042089243,0.765031657909208,0,0,"bayesian_disclosure",1
"SRC-990-EXT-EXPONENT-PHILANTHROPY","Exponent Philanthropy","filing","exact_base",10,"latent_base_salary",12.6069727833315,NA,12.6069727833315,12.6069727833315,12.2684127398817,11.9266556782212,12.6114589493059,11.8355880191953,12.6989020341094,-0.414625406301181,0.212023878643102,1,1,"bayesian_disclosure",1
"SRC-990-EXT-GUTTMACHER-INSTITUTE","Guttmacher Institute","filing","exact_base",10,"latent_base_salary",12.8946594433338,NA,12.8946594433338,12.8946594433338,13.4717332014756,13.1305500834942,13.8156069649767,13.0485132237313,13.9077354107178,-1.98589374515177,0.433341678108353,0,0,"bayesian_disclosure",1
"SRC-990-EXT-OPEN-SOURCE-INITIATIVE","Open Source Initiative","filing","exact_base",10,"latent_base_salary",12.2102910853882,NA,12.2102910853882,12.2102910853882,11.8113704700243,11.2280503136853,12.3764569676458,11.0564051111442,12.5194858378151,-0.501987710311615,0.236172936973943,1,1,"bayesian_disclosure",1
"SRC-990-EXT-POPULATION-REFERENCE-BUREAU","Population Reference Bureau","filing","exact_base",1,"latent_base_salary",12.816309953692,NA,12.816309953692,12.816309953692,12.2576445036919,11.7213693136879,12.7864875039549,11.5987001214565,12.9086738478899,-0.965221117128139,0.354086444526149,0,1,"bayesian_reported",1
"SRC-990-EXT3-CENTER-FOR-HEALTH-CARE-STRATEGIES","Center for Health Care Strategies","filing","exact_base",1,"latent_base_salary",12.6222962067176,NA,12.6222962067176,12.6222962067176,12.7020318088469,12.3145767568054,13.086268304414,12.2141266326394,13.1933618651646,0.297844719343089,0.0741709042750222,1,1,"bayesian_reported",1
"SRC-990-EXT-CLIMATE-CENTRAL","Climate Central","filing","exact_base",1,"latent_base_salary",12.6801870016491,NA,12.6801870016491,12.6801870016491,12.7098727786802,12.3526611866705,13.0846534939053,12.2549631717877,13.1980957203998,0.338073002577467,0.0666972894560385,1,1,"bayesian_reported",1
"SRC-990-EXT-BULLETIN-OF-THE-ATOMIC-SCIENTISTS","Bulletin of the Atomic Scientists","filing","exact_base",1,"latent_base_salary",12.3173567420894,NA,12.3173567420894,12.3173567420894,12.3190112703633,11.9757040597937,12.6903766037987,11.8709877988749,12.7802772748541,0.357068804061859,0.0649301577066553,1,1,"bayesian_reported",1
"SRC-990-EXT-PRECISION-DEVELOPMENT","Precision Development","filing","exact_base",1,"latent_base_salary",12.4150937427763,NA,12.4150937427763,12.4150937427763,12.4230152991541,12.0723023141353,12.7791442263762,11.9704574709447,12.877074903594,0.351156942326051,0.065985871299295,1,1,"bayesian_reported",1
"SRC-990-EXT-SOFTWARE-FREEDOM-CONSERVANCY","Software Freedom Conservancy","filing","exact_base",1,"latent_base_salary",12.1568022510686,NA,12.1568022510686,12.1568022510686,12.1503797059106,11.569316413368,12.7616873798281,11.3990608309533,12.9317742233495,-0.136012550786197,0.110685688346655,1,1,"bayesian_reported",1
"SRC-990-EXT-GRANTMAKERS-FOR-EDUCATION","Grantmakers for Education","filing","exact_base",1,"latent_base_salary",12.4309659850717,NA,12.4309659850717,12.4309659850717,13.0052114924824,12.5624993734007,13.4472134604691,12.4446947712325,13.5856700918623,-1.23326898388056,0.390356185730119,0,0,"bayesian_reported",1
"SRC-990-EXT-ANIMAL-LEGAL-DEFENSE-FUND","Animal Legal Defense Fund","filing","exact_base",1,"latent_base_salary",12.5370734769901,NA,12.5370734769901,12.5370734769901,12.3999780179445,12.0250221803347,12.7716502664337,11.9116425603425,12.8939050922425,0.203453782279581,0.0903231479439772,1,1,"bayesian_reported",1
"SRC-990-EXT-ANIMAL-WELFARE-INSTITUTE","Animal Welfare Institute","filing","exact_base",2,"latent_base_salary",12.1688180822369,NA,12.1688180822369,12.1688180822369,12.1819574779523,11.8173371775511,12.5528682757843,11.7115032117006,12.6562794795051,0.325849428574756,0.0672287437724555,1,1,"bayesian_reported",1
"SRC-990-EXT3-LEARNING-POLICY-INSTITUTE","Learning Policy Institute","filing","exact_base",2,"latent_base_salary",13.1712146825618,NA,13.1712146825618,13.1712146825618,12.9049853579408,12.5757882541792,13.2509456006161,12.4690356382263,13.3486354659602,-0.103886902712143,0.159098823779567,1,1,"bayesian_reported",1
"SRC-990-EXT-NATIONAL-EMPLOYMENT-LAW-PROJECT","National Employment Law Project","filing","exact_base",2,"latent_base_salary",12.8184638703657,NA,12.8184638703657,12.8184638703657,12.7346193723974,12.3890021445906,13.0741123237737,12.2844160460832,13.1792177134479,0.335575043456142,0.0729663880903476,1,1,"bayesian_reported",1
"SRC-990-EXT-PEAK-GRANTMAKING","PEAK Grantmaking","filing","exact_base",2,"latent_base_salary",12.6147062287155,NA,12.6147062287155,12.6147062287155,12.8236409675038,12.4795611709258,13.1737650439932,12.3609960331637,13.2913526149905,0.0712859080481891,0.122549933889716,1,1,"bayesian_reported",1
"SRC-990-EXT-FEDERATION-OF-AMERICAN-SCIENTISTS","Federation of American Scientists","filing","exact_base",2,"latent_base_salary",13.0648771145336,NA,13.0648771145336,13.0648771145336,12.9357870484224,12.548558316845,13.3199563324946,12.4332734145874,13.4366046502687,0.205996791712553,0.0861603460836626,1,1,"bayesian_reported",1
"SRC-990-EXT-TECHCONGRESS","TechCongress","filing","exact_base",2,"latent_base_salary",12.4960490464963,NA,12.4960490464963,12.4960490464963,12.243469534511,11.8627218162942,12.6106554752797,11.7596147033261,12.7158189023034,-0.0625074570933072,0.151328537888792,1,1,"bayesian_reported",1
"SRC-990-EXT-INSTITUTE-FOR-SECURITY-AND-TECHNOLOGY","Institute for Security and Technology","filing","exact_base",2,"latent_base_salary",12.3935414740295,NA,12.3935414740295,12.3935414740295,12.7405711477974,12.3927589088356,13.1083572898861,12.2844739746238,13.1996641683185,-0.429541359353291,0.220574930759395,1,1,"bayesian_reported",1
"SRC-990-EXT-GLOBAL-HEALTH-CORPS","Global Health Corps","filing","exact_base",2,"latent_base_salary",12.4246040572612,NA,12.4246040572612,12.4246040572612,12.0093162087126,11.6226553200091,12.3813301879312,11.5230546300943,12.4923221302296,-0.744274176896019,0.271445212148479,0,1,"bayesian_reported",1
"SRC-990-EXT-THIRD-WAY-INSTITUTE","Third Way Institute","filing","exact_base",2,"latent_base_salary",12.9939824923999,NA,12.9939824923999,12.9939824923999,12.4923936426975,11.9032016167582,13.0913270449889,11.7307660383354,13.2323358537653,-0.722874376153667,0.305646363255425,1,1,"bayesian_reported",1
"SRC-990-EXT-MERCY-FOR-ANIMALS","Mercy For Animals","filing","exact_base",2,"latent_base_salary",12.2436538423338,NA,12.2436538423338,12.2436538423338,12.3428490315613,11.9827206976759,12.6995701544737,11.8841572863867,12.7980412858956,0.281024119808019,0.0817281142880974,1,1,"bayesian_reported",1
"SRC-990-EXT-EVIDENCE-ACTION","Evidence Action","filing","exact_base",2,"latent_base_salary",12.8276536554356,NA,12.8276536554356,12.8276536554356,12.6197706363618,12.2769415352911,12.9763142173895,12.1705921587689,13.0838436238233,0.0729505642872521,0.121852026872633,1,1,"bayesian_reported",1
"SRC-990-EA-COPENHAGEN-CONSENSUS-CENTER","Copenhagen Consensus Center","filing","exact_base",2,"latent_base_salary",13.0459767896383,NA,13.0459767896383,13.0459767896383,11.5218194408998,11.0050889641217,12.0306002831963,10.8763893307079,12.1759854632015,-7.08293417269953,1.29377606733235,0,0,"bayesian_reported",1
"SRC-990-EXT-CENTER-FOR-AI-SAFETY","Center for AI Safety","filing","exact_base",3,"latent_base_salary",12.7213413939825,NA,12.7213413939825,12.7213413939825,12.6572454428815,12.2593826251373,13.0779460550769,12.1361831476606,13.1838929066013,0.23181519215073,0.0802416610889787,1,1,"bayesian_reported",1
"SRC-990-EXT-CENTER-FOR-DEMOCRACY-TECHNOLOGY","Center for Democracy & Technology","filing","exact_base",3,"latent_base_salary",12.9169778646385,NA,12.9169778646385,12.9169778646385,12.8657823437443,12.4733965323496,13.2440735989775,12.3646204530878,13.362404869082,0.289491614112795,0.0739423142705601,1,1,"bayesian_reported",1
"SRC-990-EXT-PROJECT-DRAWDOWN","Project Drawdown","filing","exact_base",3,"latent_base_salary",13.0056540850792,NA,13.0056540850792,13.0056540850792,12.6542523598543,12.2668258212853,13.0680657796616,12.1598270575415,13.1858904419213,-0.392112345264122,0.218994510653159,1,1,"bayesian_reported",1
"SRC-990-EXT-CHARITY-NAVIGATOR","Charity Navigator","filing","exact_base",3,"latent_base_salary",12.7520384665336,NA,12.7520384665336,12.7520384665336,12.681347724477,12.2822095575759,13.0461223711163,12.1712036193729,13.1682801171489,0.276705183921855,0.0759752541403254,1,1,"bayesian_reported",1
"SRC-990-EXT-CHICAGO-COUNCIL-ON-GLOBAL-AFFAIRS","Chicago Council on Global Affairs","filing","exact_base",3,"latent_base_salary",13.1491202773988,NA,13.1491202773988,13.1491202773988,12.8225747813081,12.4596636225161,13.1906672643261,12.3516379544842,13.2976015174044,-0.324517844213421,0.203743785714364,1,1,"bayesian_reported",1
"SRC-990-EXT-RESEARCH-AMERICA","Research!America","filing","exact_base",3,"latent_base_salary",13.297112905275,NA,13.297112905275,13.297112905275,13.0000661406055,12.6237406325936,13.3892150610423,12.5333388569238,13.5074841779873,-0.202380817177766,0.172034501754489,1,1,"bayesian_reported",1
"SRC-990-EXT-VILLAGE-ENTERPRISE","Village Enterprise","filing","exact_base",3,"latent_base_salary",12.5400430408691,NA,12.5400430408691,12.5400430408691,12.4820389171039,12.0911612332661,12.8801746875877,11.9984355911163,12.9850855835163,0.287611186267024,0.0732080912318469,1,1,"bayesian_reported",1
"SRC-990-EXT-FARM-SANCTUARY","Farm Sanctuary","filing","exact_base",3,"latent_base_salary",12.3163882693373,NA,12.3163882693373,12.3163882693373,12.3501919496243,11.9644733534259,12.7485703839184,11.8303927682177,12.8570396740257,0.272917445648382,0.0732634516829564,1,1,"bayesian_reported",1
"SRC-990-EXT-ARMS-CONTROL-ASSOCIATION","Arms Control Association","filing","exact_base",3,"latent_base_salary",11.7955985634313,NA,11.7955985634313,11.7955985634313,12.0095974053793,11.5025783972188,12.5288082133444,11.3552075367246,12.6607255645082,-0.148640221342338,0.136684430151748,1,1,"bayesian_reported",1
"SRC-990-EXT3-AMERICAN-SECURITY-PROJECT","American Security Project","filing","exact_base",3,"latent_base_salary",11.9786620658855,NA,11.9786620658855,11.9786620658855,11.7069162304395,11.1770975352016,12.2430041999356,10.9980839636426,12.3714741624522,-0.25409617500655,0.163107781742466,1,1,"bayesian_reported",1
"SRC-990-EA-GIVEWELL","GiveWell","filing","exact_base",3,"latent_base_salary",13.0190388321958,NA,13.0190388321958,13.0190388321958,12.7760078755964,12.1954546661174,13.3492013359317,12.0135526035635,13.5393294583717,-0.282566525637634,0.169008861753635,1,1,"bayesian_reported",1
"SRC-990-EXT-GIVINGTUESDAY","GivingTuesday","filing","exact_base",4,"latent_base_salary",12.8728251821158,NA,12.8728251821158,12.8728251821158,12.5192173875121,12.1799592346012,12.8737648666214,12.0804752427833,12.9808102124245,-0.460336765307189,0.228666554032993,1,1,"bayesian_reported",1
"SRC-990-EXT3-NATIONAL-ACADEMY-FOR-STATE-HEALTH-POLICY","National Academy for State Health Policy","filing","exact_base",4,"latent_base_salary",12.8776933603378,NA,12.8776933603378,12.8776933603378,12.717154762155,12.3701574989213,13.0600887745651,12.2842426660152,13.1785991124534,0.197854422189335,0.105977527718418,1,1,"bayesian_reported",1
"SRC-990-EXT3-CARBON-MAPPER","Carbon Mapper","filing","exact_base",4,"latent_base_salary",12.5153758745745,NA,12.5153758745745,12.5153758745745,12.9402443753726,12.5823692523792,13.3090786074709,12.4873795542945,13.4116329434555,-0.805576082147599,0.280992244970013,0,1,"bayesian_reported",1
"SRC-990-EXT-CENTER-FOR-EFFECTIVE-PHILANTHROPY","Center for Effective Philanthropy","filing","exact_base",4,"latent_base_salary",13.2146671151145,NA,13.2146671151145,13.2146671151145,13.10154540838,12.7222838659633,13.4570835285648,12.6297311420381,13.5714776067526,0.296873750904299,0.0819151718148239,1,1,"bayesian_reported",1
"SRC-990-EXT-ECONOMIC-POLICY-INSTITUTE","Economic Policy Institute","filing","exact_base",4,"latent_base_salary",12.4477248107957,NA,12.4477248107957,12.4477248107957,12.8437808535867,12.506192640341,13.1893048312617,12.4031610315976,13.2928929153043,-0.728501242531391,0.261792070923457,0,1,"bayesian_reported",1
"SRC-990-EXT-ELECTRONIC-FRONTIER-FOUNDATION","Electronic Frontier Foundation","filing","exact_base",4,"latent_base_salary",12.757183396529,NA,12.757183396529,12.757183396529,12.8870345618744,12.5443223370445,13.2339262449891,12.4508685819059,13.3389779862826,0.258231469032761,0.0917197276969998,1,1,"bayesian_reported",1
"SRC-990-EXT-ENERGY-FOR-GROWTH-HUB","Energy for Growth Hub","filing","exact_base",4,"latent_base_salary",13.0105039226493,NA,13.0105039226493,13.0105039226493,12.4434019310263,12.082885160309,12.7962885803977,11.9773758559939,12.8919882518693,-1.67134288357245,0.425793362646403,0,0,"bayesian_reported",1
"SRC-990-EXT-LAST-MILE-HEALTH","Last Mile Health","filing","exact_base",4,"latent_base_salary",12.4850802155385,NA,12.4850802155385,12.4850802155385,12.5145917796545,12.1555399061578,12.854108463428,12.0578264190439,12.9405873824467,0.412126828816288,0.0629795999092726,1,1,"bayesian_reported",1
"SRC-990-EA-FORESIGHT-INSTITUTE","Foresight Institute","filing","exact_base",4,"latent_base_salary",12.5911934036369,NA,12.5911934036369,12.5911934036369,12.1637115522484,11.7251862150866,12.6175920377353,11.6006583375175,12.7414793280504,-0.601117256962624,0.258311850207499,1,1,"bayesian_reported",1
"SRC-990-EXT-DATAKIND","DataKind","filing","exact_base",5,"latent_base_salary",12.4083285202951,NA,12.4083285202951,12.4083285202951,12.6583256082241,12.2700910725984,13.0690825983835,12.1618823729714,13.1723313486103,-0.0821323647002504,0.144703021328156,1,1,"bayesian_reported",1
"SRC-990-EXT-FAR-AI","FAR AI","filing","exact_base",5,"latent_base_salary",12.405415596293,NA,12.405415596293,12.405415596293,12.6514923019388,12.2622858615687,13.0610747696329,12.1554667243415,13.1669613952252,-0.0669360162254536,0.142441236992072,1,1,"bayesian_reported",1
"SRC-990-EXT-IDEAS42","ideas42","filing","exact_base",5,"latent_base_salary",12.4941514017925,NA,12.4941514017925,12.4941514017925,12.6425719569348,12.2455061228386,13.0406075237644,12.1405585808867,13.1515613094022,0.139557465930923,0.0977114323472578,1,1,"bayesian_reported",1
"SRC-990-EXT-TAX-FOUNDATION","Tax Foundation","filing","exact_base",5,"latent_base_salary",12.515216592965,NA,12.515216592965,12.515216592965,12.575171859643,12.196109537225,12.9600756137546,12.0938349056682,13.0639073355721,0.312345767821511,0.0723631648380489,1,1,"bayesian_reported",1
"SRC-990-EXT-PETERSON-INSTITUTE-FOR-INTERNATIONAL-ECONOMICS","Peterson Institute for International Economics","filing","exact_base",5,"latent_base_salary",13.3086807403212,NA,13.3086807403212,13.3086807403212,13.785966896371,13.3897649056692,14.1745770288288,13.2795642174281,14.2964320913911,-0.963583257658184,0.319176183639023,0,1,"bayesian_reported",1
"SRC-990-EXT-WORLD-JUSTICE-PROJECT","World Justice Project","filing","exact_base",5,"latent_base_salary",12.8497369708156,NA,12.8497369708156,12.8497369708156,12.9560299660212,12.572684982589,13.3515420544398,12.4625041854385,13.4684079667073,0.225704635245859,0.0828187308740933,1,1,"bayesian_reported",1
"SRC-990-EXT-SIGHTLINE-INSTITUTE","Sightline Institute","filing","exact_base",5,"latent_base_salary",12.2612800796685,NA,12.2612800796685,12.2612800796685,12.066116211007,11.6969789229532,12.4565341488194,11.592651626347,12.5726167098369,0.070241521020159,0.121824332398674,1,1,"bayesian_reported",1
"SRC-990-EXT-OPEN-MARKETS-INSTITUTE","Open Markets Institute","filing","exact_base",5,"latent_base_salary",12.1897506129305,NA,12.1897506129305,12.1897506129305,12.5024628733239,12.143647522063,12.8895615308369,12.0151899208862,12.9844285764635,-0.275290678083482,0.19083929632484,1,1,"bayesian_reported",1
"SRC-990-EXT-STRONGMINDS","StrongMinds","filing","exact_base",5,"latent_base_salary",12.4509506432504,NA,12.4509506432504,12.4509506432504,12.328850493859,11.9549822233096,12.6959010030454,11.8576144041451,12.8100375855944,0.234975502097161,0.0880481288838861,1,1,"bayesian_reported",1
"SRC-990-EXT-NEW-AMERICA","New America","filing","exact_base",5,"latent_base_salary",13.2081577341251,NA,13.2081577341251,13.2081577341251,13.4258170397655,13.0353891171679,13.8005420402572,12.9253867105913,13.9167941029832,0.0294590712627154,0.127956719221407,1,1,"bayesian_reported",1
"SRC-990-EXT-INNOVATIONS-FOR-POVERTY-ACTION","Innovations for Poverty Action","filing","exact_base",5,"latent_base_salary",12.4867659407714,NA,12.4867659407714,12.4867659407714,12.918305223122,12.5571579962126,13.3061682921291,12.4567477689985,13.4250691828886,-0.766124064918552,0.27963503170295,0,1,"bayesian_reported",1
"SRC-990-EXT-REDWOOD-RESEARCH","Redwood Research","filing","exact_base",5,"latent_base_salary",12.5766540301346,NA,12.5766540301346,12.5766540301346,12.8819785420376,12.2296778158139,13.5334259801256,12.0296639409563,13.7037567369763,-0.425069522401866,0.20032081768579,1,1,"bayesian_reported",1
"SRC-990-EXT-INTERNET-SECURITY-RESEARCH-GROUP","Internet Security Research Group","filing","exact_base",6,"latent_base_salary",12.6634761632277,NA,12.6634761632277,12.6634761632277,12.5198273612002,12.1265564085127,12.9209204516395,12.0239649091661,13.0174807770949,0.162261976999004,0.0956044206099292,1,1,"bayesian_reported",1
"SRC-990-EXT-INSTITUTE-FOR-ENERGY-ECONOMICS-AND-FINANCIAL-ANALYSIS","Institute for Energy Economics and Financial Analysis","filing","exact_base",6,"latent_base_salary",12.5797210272034,NA,12.5797210272034,12.5797210272034,12.538088064798,12.1389408147786,12.91731980867,12.0426469488196,13.0164968827573,0.277329872613648,0.0727588697747188,1,1,"bayesian_reported",1
"SRC-990-EXT-BREAKTHROUGH-INSTITUTE","Breakthrough Institute","filing","exact_base",6,"latent_base_salary",12.579065834723,NA,12.579065834723,12.579065834723,12.5604286665527,12.2019972596034,12.9795788652525,12.073681541773,13.0882953480648,0.254920158103334,0.0719382563596419,1,1,"bayesian_reported",1
"SRC-990-EXT-COMMITTEE-FOR-A-RESPONSIBLE-FEDERAL-BUDGET","Committee for a Responsible Federal Budget","filing","exact_base",6,"latent_base_salary",13.2655461923519,NA,13.2655461923519,13.2655461923519,13.0139902019589,12.6286183038235,13.3907276701939,12.5099207220308,13.5137414876673,-0.0662349075138351,0.147990109092463,1,1,"bayesian_reported",1
"SRC-990-EXT-FRESH-ENERGY","Fresh Energy","filing","exact_base",6,"latent_base_salary",12.4117920746609,NA,12.4117920746609,12.4117920746609,12.2474478174065,11.7411287509947,12.7452845951058,11.5851133831612,12.9145572179639,-0.0978483529355503,0.117029622296665,1,1,"bayesian_reported",1
"SRC-990-EXT-MIGRATION-POLICY-INSTITUTE","Migration Policy Institute","filing","exact_base",6,"latent_base_salary",12.6227383916406,NA,12.6227383916406,12.6227383916406,12.6741238689283,12.2910391716404,13.0562708310483,12.1642663722025,13.1768627290055,0.256954217863526,0.0742566256777284,1,1,"bayesian_reported",1
"SRC-990-EXT-CODE-FOR-SCIENCE-SOCIETY","Code for Science & Society","filing","exact_base",6,"latent_base_salary",12.2746977427298,NA,12.2746977427298,12.2746977427298,12.4036250590296,11.8492981546468,12.934532807907,11.67714479403,13.0843749619889,-0.102498946947122,0.118290468049675,1,1,"bayesian_reported",1
"SRC-990-EXT-INDEPENDENT-SECTOR","Independent Sector","filing","exact_base",6,"latent_base_salary",13.3541442871094,NA,13.3541442871094,13.3541442871094,13.1523575771418,12.7539994462243,13.5265814476203,12.6143171307691,13.6483750914454,0.0569760098343725,0.121896219806348,1,1,"bayesian_reported",1
"SRC-990-EXT-INSTITUTE-FOR-POLICY-STUDIES","Institute for Policy Studies","filing","exact_base",6,"latent_base_salary",12.053986283532,NA,12.053986283532,12.053986283532,12.1853605316313,11.6645814675205,12.7222044941376,11.5255115774384,12.8794520587939,-0.07610148146155,0.113958969889076,1,1,"bayesian_reported",1
"SRC-990-EXT-VILLAGEREACH","VillageReach","filing","exact_base",6,"latent_base_salary",12.4314315810676,NA,12.4314315810676,12.4314315810676,12.4993824583117,12.0972168073839,12.9112176544297,11.9843669799498,13.0307844177819,0.22873098094911,0.078542309453557,1,1,"bayesian_reported",1
"SRC-990-EXT-RESULTS-FOR-DEVELOPMENT","Results for Development","filing","exact_base",6,"latent_base_salary",12.9211104925028,NA,12.9211104925028,12.9211104925028,12.8899525117102,12.5057096635789,13.2786772277252,12.3793652875383,13.3780921290465,0.279884947242325,0.0721716902493135,1,1,"bayesian_reported",1
"SRC-990-EXT-CREATIVE-COMMONS","Creative Commons","filing","exact_base",6,"latent_base_salary",12.4083285202951,NA,12.4083285202951,12.4083285202951,12.4088344365478,12.0348820679696,12.7883713684075,11.9379515926837,12.9109253841213,0.281097850154114,0.0714153868900326,1,1,"bayesian_reported",1
"SRC-990-EXT3-CENTER-FOR-ARMS-CONTROL-AND-NON-PROLIFERATION","Center for Arms Control and Non-Proliferation","filing","exact_base",6,"latent_base_salary",12.5533356659485,NA,12.5533356659485,12.5533356659485,11.9218669729061,11.3987517127281,12.4827114594186,11.2453294014464,12.6436060532073,-1.22522864496177,0.417060371156573,0,1,"bayesian_reported",1
"SRC-990-EXT-FUTURE-OF-PRIVACY-FORUM","Future of Privacy Forum","filing","exact_base",7,"latent_base_salary",13.5088520328401,NA,13.5088520328401,13.5088520328401,12.9259124512066,12.6048661071837,13.2477737437019,12.49476055,13.3483281741286,-2.16986847184126,0.438384828808063,0,0,"bayesian_reported",1
"SRC-990-EXT-JAIN-FAMILY-INSTITUTE","Jain Family Institute","filing","exact_base",7,"latent_base_salary",12.3338860528408,NA,12.3338860528408,12.3338860528408,12.5410027204108,12.2122244296873,12.8634674921811,12.115431729259,12.9430529018215,0.107435299632199,0.129892397536663,1,1,"bayesian_reported",1
"SRC-990-EXT-ORCID","ORCID","filing","exact_base",7,"latent_base_salary",12.5696077844296,NA,12.5696077844296,12.5696077844296,11.5816141178229,11.2099763776226,11.9393225721861,11.0917787450019,12.0255240982938,-5.37894184855442,0.827206983783109,0,0,"bayesian_reported",1
"SRC-990-EXT-SOCIAL-SCIENCE-RESEARCH-COUNCIL","Social Science Research Council","filing","exact_base",7,"latent_base_salary",12.7968302816124,NA,12.7968302816124,12.7968302816124,13.0331796005383,12.6914337988898,13.3848028990577,12.5972950793995,13.4830408960551,0.00306101797386515,0.148185825395931,1,1,"bayesian_reported",1
"SRC-990-EXT-STIMSON-CENTER","Stimson Center","filing","exact_base",7,"latent_base_salary",12.9582226865033,NA,12.9582226865033,12.9582226865033,12.7205577171024,12.3811281067044,13.0385284988913,12.2797306975887,13.1280427216797,0.00344443544318029,0.135092831791935,1,1,"bayesian_reported",1
"SRC-990-EXT-GOOD-FOOD-INSTITUTE","Good Food Institute","filing","exact_base",7,"latent_base_salary",12.3904522913386,NA,12.3904522913386,12.3904522913386,12.5306904520914,12.18450302917,12.8611416208884,12.0912003567921,12.9612091567747,0.2849450752496,0.0916588462688074,1,1,"bayesian_reported",1
"SRC-990-EXT-ECONOMIC-INNOVATION-GROUP","Economic Innovation Group","filing","exact_base",7,"latent_base_salary",12.9583656609222,NA,12.9583656609222,12.9583656609222,12.9775694764846,12.6481166329327,13.2965359481201,12.5604845077825,13.3831545106452,0.463055358296301,0.0601836845548804,1,1,"bayesian_reported",1
"SRC-990-EXT-BIPARTISAN-POLICY-CENTER","Bipartisan Policy Center","filing","exact_base",7,"latent_base_salary",13.69992393343,NA,13.69992393343,13.69992393343,13.420252063239,13.099947558036,13.7523979573532,13.0106502551453,13.834072093487,-0.169466277830838,0.162938184591167,1,1,"bayesian_reported",1
"SRC-990-EXT-RESULTS-FOR-AMERICA","Results for America","filing","exact_base",7,"latent_base_salary",12.6889203108623,NA,12.6889203108623,12.6889203108623,13.0364947924098,12.7146534470266,13.3581071389011,12.6427911788922,13.4561043673126,-0.497476588688349,0.237539208905304,0,1,"bayesian_reported",1
"SRC-990-EXT3-NUCLEAR-INNOVATION-ALLIANCE","Nuclear Innovation Alliance","filing","exact_base",7,"latent_base_salary",12.6101041264858,NA,12.6101041264858,12.6101041264858,12.101370082489,11.7877080939436,12.4368685746542,11.6883634064458,12.5320891709104,-1.52634557853819,0.36513713534796,0,0,"bayesian_reported",1
"SRC-990-EXT3-CENTER-FOR-INTERNATIONAL-POLICY","Center for International Policy","filing","exact_base",7,"latent_base_salary",12.3116931273939,NA,12.3116931273939,12.3116931273939,12.0543663734001,11.5107519073581,12.5761748651162,11.3698520437951,12.7123193340263,-0.204339399706669,0.160404319161671,1,1,"bayesian_reported",1
"SRC-990-EA-CENTER-FOR-ELECTION-SCIENCE","Center for Election Science","filing","exact_base",7,"latent_base_salary",12.2614916001655,NA,12.2614916001655,12.2614916001655,11.8759797533406,11.3420298658551,12.3872639317558,11.19499516396,12.5303962244098,-0.461323039932456,0.225295036940969,1,1,"bayesian_reported",1
"SRC-990-EXT-PARTNERSHIP-ON-AI","Partnership on AI","filing","exact_base",8,"latent_base_salary",12.7912011974447,NA,12.7912011974447,12.7912011974447,12.8322938370028,12.4160909765201,13.1955024084233,12.3116890446456,13.3117408133325,0.278622782734455,0.0742018176811984,1,1,"bayesian_reported",1
"SRC-990-EXT-FRAMEWORKS-INSTITUTE","FrameWorks Institute","filing","exact_base",8,"latent_base_salary",13.0266397001217,NA,13.0266397001217,13.0266397001217,12.8782731319968,12.4944069984284,13.250906807108,12.3890999802738,13.3759284803189,0.175264700365585,0.0991832275552574,1,1,"bayesian_reported",1
"SRC-990-EXT-QUINCY-INSTITUTE-FOR-RESPONSIBLE-STATECRAFT","Quincy Institute for Responsible Statecraft","filing","exact_base",8,"latent_base_salary",12.631030234805,NA,12.631030234805,12.631030234805,13.0412314673918,12.6816163250585,13.4460077703747,12.5643603738505,13.552635809297,-0.668007971947541,0.267976208409344,0,1,"bayesian_reported",1
"SRC-990-EXT-COUNCIL-ON-STRATEGIC-RISKS","Council on Strategic Risks","filing","exact_base",8,"latent_base_salary",12.508796619219,NA,12.508796619219,12.508796619219,12.6311611092739,12.2455218517853,13.0250767335102,12.14450811175,13.1269787226387,0.196008859597243,0.0917965065394908,1,1,"bayesian_reported",1
"SRC-990-EXT-INFORMATION-TECHNOLOGY-AND-INNOVATION-FOUNDATION","Information Technology and Innovation Foundation","filing","exact_base",8,"latent_base_salary",13.2745188452622,NA,13.2745188452622,13.2745188452622,13.0793641750573,12.6897905513644,13.477094260575,12.5775387879966,13.5952268907461,0.0614779006325777,0.114286348091094,1,1,"bayesian_reported",1
"SRC-990-EXT-NUMFOCUS","NumFOCUS","filing","exact_base",8,"latent_base_salary",12.0255072657542,NA,12.0255072657542,12.0255072657542,12.3016784603376,11.7362634597949,12.8649679362147,11.5824489713566,13.0335469292722,-0.284448845401934,0.163555587596313,1,1,"bayesian_reported",1
"SRC-990-EXT-TECHNICAL-ASSISTANCE-COLLABORATIVE","Technical Assistance Collaborative","filing","exact_base",8,"latent_base_salary",12.4383619268654,NA,12.4383619268654,12.4383619268654,12.5790659886382,12.2126306594542,12.9573477510108,12.0918783261823,13.0626812965255,0.186791260346233,0.0913156821872993,1,1,"bayesian_reported",1
"SRC-990-EXT-CENTER-FOR-A-NEW-AMERICAN-SECURITY","Center for a New American Security","filing","exact_base",8,"latent_base_salary",13.1871814907024,NA,13.1871814907024,13.1871814907024,13.1239035882649,12.7394276555124,13.5112736645393,12.6147629672423,13.6101195382151,0.254556974045068,0.075928826000251,1,1,"bayesian_reported",1
"SRC-990-EXT-DATA-QUALITY-CAMPAIGN","Data Quality Campaign","filing","exact_base",8,"latent_base_salary",12.9352645395531,NA,12.9352645395531,12.9352645395531,13.0987862864755,12.6430616959521,13.5526484359992,12.4976894699329,13.6666869723657,0.0525711636695545,0.111335595496151,1,1,"bayesian_reported",1
"SRC-990-EXT-GRANTMAKERS-FOR-EFFECTIVE-ORGANIZATIONS","Grantmakers for Effective Organizations","filing","exact_base",8,"latent_base_salary",12.8837522170102,NA,12.8837522170102,12.8837522170102,12.8943037030483,12.5048580547027,13.2950534659913,12.3858162090525,13.4124001761267,0.293132647901658,0.0696501448571452,1,1,"bayesian_reported",1
"SRC-990-EXT-THE-SENTENCING-PROJECT","The Sentencing Project","filing","exact_base",8,"latent_base_salary",12.2172732835324,NA,12.2172732835324,12.2172732835324,12.3773322850921,11.984735571341,12.7746656930669,11.8916380340176,12.8841853180136,0.138126223661486,0.100538362308732,1,1,"bayesian_reported",1
"SRC-990-EXT-PHYSICIANS-FOR-SOCIAL-RESPONSIBILITY","Physicians for Social Responsibility","filing","exact_base",8,"latent_base_salary",11.9808845054682,NA,11.9808845054682,11.9808845054682,12.3061031183628,11.9059922901978,12.6866581224009,11.7881544069807,12.7772779606603,-0.311206161118651,0.195407936777966,1,1,"bayesian_reported",1
"SRC-990-EXT-INSTITUTE-FOR-THE-STUDY-OF-WAR","Institute for the Study of War","filing","exact_base",9,"latent_base_salary",12.2737531161958,NA,12.2737531161958,12.2737531161958,12.4929593961259,12.0842001259359,12.9074323373665,11.9814494389299,13.0172015229321,-0.00197895135893089,0.134226678890109,1,1,"bayesian_reported",1
"SRC-990-EXT-CENTER-FOR-CLIMATE-AND-ENERGY-SOLUTIONS","Center for Climate and Energy Solutions","filing","exact_base",9,"latent_base_salary",12.9791557665258,NA,12.9791557665258,12.9791557665258,12.9846470699327,12.5814895441747,13.4002353645528,12.4696997387985,13.5109338542811,0.251278200840861,0.0708912724262512,1,1,"bayesian_reported",1
"SRC-990-EXT-SAN-FRANCISCO-ESTUARY-INSTITUTE","San Francisco Estuary Institute","filing","exact_base",9,"latent_base_salary",12.1771418570467,NA,12.1771418570467,12.1771418570467,12.5154232015463,12.1284922944407,12.9236302732737,12.0045483474421,13.0328067752043,-0.340021587469939,0.2024019985178,1,1,"bayesian_reported",1
"SRC-990-EXT-PUBLIC-AGENDA","Public Agenda","filing","exact_base",9,"latent_base_salary",12.5141054670907,NA,12.5141054670907,12.5141054670907,12.2531634350144,11.8472460338374,12.6329041489508,11.7297362709575,12.7487190489497,-0.108585144112471,0.150740930814783,1,1,"bayesian_reported",1
"SRC-990-EXT-PUBLIC-KNOWLEDGE","Public Knowledge","filing","exact_base",9,"latent_base_salary",12.4996822653103,NA,12.4996822653103,12.4996822653103,12.5896604064883,12.2169832994725,12.9751488037881,12.1153468562363,13.0787969045701,0.232930699654254,0.0796186545759667,1,1,"bayesian_reported",1
"SRC-990-EXT-NATIONAL-COMMITTEE-FOR-RESPONSIVE-PHILANTHROPY","National Committee for Responsive Philanthropy","filing","exact_base",9,"latent_base_salary",12.742437732963,NA,12.742437732963,12.742437732963,12.6155970316702,12.2239119299648,13.044107662973,12.105228503183,13.1560779866469,0.146805663073544,0.0970516300378171,1,1,"bayesian_reported",1
"SRC-990-EXT-OPENSECRETS","OpenSecrets","filing","exact_base",9,"latent_base_salary",12.3218529214459,NA,12.3218529214459,12.3218529214459,12.2469359327745,11.8454704884909,12.6157295662407,11.7447639287487,12.7366918144036,0.249670066630421,0.0768674435204296,1,1,"bayesian_reported",1
"SRC-990-EXT-LIVING-GOODS","Living Goods","filing","exact_base",9,"latent_base_salary",12.5107284211723,NA,12.5107284211723,12.5107284211723,12.3991307817115,11.9772452445705,12.8223673302315,11.8703212910037,12.9245120401104,0.165684926428186,0.088807993853099,1,1,"bayesian_reported",1
"SRC-990-EXT-THE-HUMANE-LEAGUE","The Humane League","filing","exact_base",9,"latent_base_salary",12.3775599734482,NA,12.3775599734482,12.3775599734482,12.3280940595988,11.9258590311568,12.7166278416295,11.828437529938,12.8612436844697,0.225367265188056,0.074574590845695,1,1,"bayesian_reported",1
"SRC-990-EXT-CLEAN-AIR-TASK-FORCE","Clean Air Task Force","filing","exact_base",9,"latent_base_salary",12.8291533338357,NA,12.8291533338357,12.8291533338357,12.7597797412313,12.3331718744747,13.1842821006564,12.2289355568766,13.2963151433426,0.206096295240638,0.080303090334128,1,1,"bayesian_reported",1
"SRC-990-EXT-VERA-INSTITUTE-OF-JUSTICE","Vera Institute of Justice","filing","exact_base",9,"latent_base_salary",13.3181829414966,NA,13.3181829414966,13.3181829414966,13.3073584009675,12.9016173037594,13.7000108421568,12.7683863885657,13.8117563110723,0.242129519613349,0.0722710825960635,1,1,"bayesian_reported",1
"SRC-990-EXT-DEMOS","Demos","filing","exact_base",10,"latent_base_salary",12.6428849557391,NA,12.6428849557391,12.6428849557391,12.8268127671648,12.4733946499176,13.1756865753508,12.3768241614552,13.2650895240974,0.146130519637611,0.11331315862659,1,1,"bayesian_reported",1
"SRC-990-EXT-ENVIRONMENTAL-LAW-INSTITUTE","Environmental Law Institute","filing","exact_base",10,"latent_base_salary",12.6696219906236,NA,12.6696219906236,12.6696219906236,12.4864858763722,12.1146780783938,12.8425839738468,12.0111061898825,12.9569670843975,0.133240906262072,0.112544156022794,1,1,"bayesian_reported",1
"SRC-990-EXT-CENTER-FOR-OPEN-SCIENCE","Center for Open Science","filing","exact_base",10,"latent_base_salary",12.5016604600873,NA,12.5016604600873,12.5016604600873,12.5518066585097,12.215839330703,12.8752464188199,12.1154627318144,12.973489451982,0.38601777734623,0.0672093114625206,1,1,"bayesian_reported",1
"SRC-990-EXT-INSTITUTE-FOR-NONPROFIT-NEWS","Institute for Nonprofit News","filing","exact_base",10,"latent_base_salary",12.3400869277947,NA,12.3400869277947,12.3400869277947,12.4726083656326,12.0741136004385,12.8746170056133,11.9679399111031,12.9739407837224,0.158858111584693,0.0968466758889518,1,1,"bayesian_reported",1
"SRC-990-EXT-NISKANEN-CENTER","Niskanen Center","filing","exact_base",10,"latent_base_salary",13.3543131280751,NA,13.3543131280751,13.3543131280751,12.9742112513847,12.6291505460747,13.3132705385566,12.5374179486243,13.409302608645,-0.623497327337333,0.251013241149323,0,1,"bayesian_reported",1
"SRC-990-EXT-INSTITUTE-ON-TAXATION-AND-ECONOMIC-POLICY","Institute on Taxation and Economic Policy","filing","exact_base",10,"latent_base_salary",12.3346530459445,NA,12.3346530459445,12.3346530459445,12.3517638661315,11.9932894724936,12.7039179936052,11.895596989141,12.7900251838118,0.394617299030749,0.0641257213451611,1,1,"bayesian_reported",1
"SRC-990-EXT-ROOSEVELT-INSTITUTE","Roosevelt Institute","filing","exact_base",10,"latent_base_salary",13.0866290852163,NA,13.0866290852163,13.0866290852163,12.9734945665779,12.6374852883498,13.3178129291716,12.5412350992294,13.4228249924719,0.31636143498152,0.081238093277624,1,1,"bayesian_reported",1
"SRC-990-EXT-AMERICAN-IMMIGRATION-COUNCIL","American Immigration Council","filing","exact_base",10,"latent_base_salary",12.6131309837729,NA,12.6131309837729,12.6131309837729,12.5833788078147,12.2333236030234,12.9416895440172,12.1310258893825,13.046342534624,0.37408155688923,0.0657413184515047,1,1,"bayesian_reported",1
"SRC-990-EXT-PROJECT-HEALTHY-CHILDREN","Project Healthy Children","filing","exact_base",10,"latent_base_salary",11.5747708002363,NA,11.5747708002363,11.5747708002363,12.5973699229731,12.2250477371581,12.985289455092,12.1335121578027,13.0890153779285,-5.51158050010636,0.850223173753552,0,0,"bayesian_reported",1
"SRC-990-EXT-EXPONENT-PHILANTHROPY","Exponent Philanthropy","filing","exact_base",10,"latent_base_salary",12.6069727833315,NA,12.6069727833315,12.6069727833315,12.2609379003563,11.9276353550651,12.6086287704726,11.8315242472256,12.71231482466,-0.424820864109388,0.213485858670533,1,1,"bayesian_reported",1
"SRC-990-EXT-GUTTMACHER-INSTITUTE","Guttmacher Institute","filing","exact_base",10,"latent_base_salary",12.8946594433338,NA,12.8946594433338,12.8946594433338,13.2593051456621,12.9005299255058,13.6205543749008,12.7964305850591,13.7246547818166,-0.533126976821681,0.228392459600708,0,1,"bayesian_reported",1
"SRC-990-EXT-OPEN-SOURCE-INITIATIVE","Open Source Initiative","filing","exact_base",10,"latent_base_salary",12.2102910853882,NA,12.2102910853882,12.2102910853882,11.893112710791,11.3278404445197,12.4661368102068,11.156367640483,12.6376621345091,-0.366963531835011,0.188044537463484,1,1,"bayesian_reported",1
"SRC-990-EXT-POPULATION-REFERENCE-BUREAU","Population Reference Bureau","filing","exact_base",1,"latent_base_salary",12.816309953692,NA,12.816309953692,12.816309953692,12.3440821809342,11.9617557498853,12.7581272276447,11.8546347191114,12.8893414693561,-0.932738335313055,0.313827537444396,0,1,"scale_linear",1
"SRC-990-EXT3-CENTER-FOR-HEALTH-CARE-STRATEGIES","Center for Health Care Strategies","filing","exact_base",1,"latent_base_salary",12.6222962067176,NA,12.6222962067176,12.6222962067176,12.6812408809758,12.298914449927,13.0952859276864,12.191793419153,13.2265001693978,0.293259103481038,0.075437881611211,1,1,"scale_linear",1
"SRC-990-EXT-CLIMATE-CENTRAL","Climate Central","filing","exact_base",1,"latent_base_salary",12.6801870016491,NA,12.6801870016491,12.6801870016491,12.7782694847618,12.395943053713,13.1923145314723,12.288822022939,13.3235287731837,0.269813350512373,0.0826951227244763,1,1,"scale_linear",1
"SRC-990-EXT-BULLETIN-OF-THE-ATOMIC-SCIENTISTS","Bulletin of the Atomic Scientists","filing","exact_base",1,"latent_base_salary",12.3173567420894,NA,12.3173567420894,12.3173567420894,12.3619980492765,11.9796716182277,12.7760430959871,11.8725505874537,12.9072573376985,0.295024705112246,0.0738066089821975,1,1,"scale_linear",1
"SRC-990-EXT-PRECISION-DEVELOPMENT","Precision Development","filing","exact_base",1,"latent_base_salary",12.4150937427763,NA,12.4150937427763,12.4150937427763,12.5086090884088,12.12628265736,12.9226541351193,12.019161626586,13.0538683768307,0.273919975220197,0.0816391269080392,1,1,"scale_linear",1
"SRC-990-EXT-SOFTWARE-FREEDOM-CONSERVANCY","Software Freedom Conservancy","filing","exact_base",1,"latent_base_salary",12.1568022510686,NA,12.1568022510686,12.1568022510686,12.3485700965999,11.966243665551,12.7626151433104,11.8591226347771,12.8938293850218,0.11839794750897,0.115962300472415,1,1,"scale_linear",1
"SRC-990-EXT-GRANTMAKERS-FOR-EDUCATION","Grantmakers for Education","filing","exact_base",1,"latent_base_salary",12.4309659850717,NA,12.4309659850717,12.4309659850717,12.6137529236078,12.231426492559,13.0277979703183,12.124305461785,13.1590122120297,0.137604381043715,0.111858126488895,1,1,"scale_linear",1
"SRC-990-EXT-ANIMAL-LEGAL-DEFENSE-FUND","Animal Legal Defense Fund","filing","exact_base",1,"latent_base_salary",12.5370734769901,NA,12.5370734769901,12.5370734769901,12.6358471707889,12.2535207397401,13.0498922174994,12.1463997089661,13.1811064592108,0.269161341895259,0.0828597077726938,1,1,"scale_linear",1
"SRC-990-EXT-ANIMAL-WELFARE-INSTITUTE","Animal Welfare Institute","filing","exact_base",2,"latent_base_salary",12.1688180822369,NA,12.1688180822369,12.1688180822369,12.4176073495466,12.0535842628116,12.8213180955203,11.9491540602951,12.9290118784409,0.00801768099396383,0.140984853868029,1,1,"scale_linear",1
"SRC-990-EXT3-LEARNING-POLICY-INSTITUTE","Learning Policy Institute","filing","exact_base",2,"latent_base_salary",13.1712146825618,NA,13.1712146825618,13.1712146825618,12.9310334933796,12.5670104066446,13.3347442393533,12.462580204128,13.4424380222739,-0.263277235130397,0.152741936847317,1,1,"scale_linear",1
"SRC-990-EXT-NATIONAL-EMPLOYMENT-LAW-PROJECT","National Employment Law Project","filing","exact_base",2,"latent_base_salary",12.8184638703657,NA,12.8184638703657,12.8184638703657,12.8984346650493,12.5344115783143,13.302145411023,12.4299813757977,13.4098391939436,0.414092062251011,0.0719382115953311,1,1,"scale_linear",1
"SRC-990-EXT-PEAK-GRANTMAKING","PEAK Grantmaking","filing","exact_base",2,"latent_base_salary",12.6147062287155,NA,12.6147062287155,12.6147062287155,12.6770940406414,12.3130709539064,13.0808047866151,12.2086407513899,13.1884985695357,0.41640295118536,0.0693609330471432,1,1,"scale_linear",1
"SRC-990-EXT-FEDERATION-OF-AMERICAN-SCIENTISTS","Federation of American Scientists","filing","exact_base",2,"latent_base_salary",13.0648771145336,NA,13.0648771145336,13.0648771145336,12.8948031365425,12.5307800498075,13.2985138825161,12.4263498472909,13.4062076654368,-0.0746048949277205,0.11563727245386,1,1,"scale_linear",1
"SRC-990-EXT-TECHCONGRESS","TechCongress","filing","exact_base",2,"latent_base_salary",12.4960490464963,NA,12.4960490464963,12.4960490464963,12.1701737085237,11.8061506217887,12.5738844544974,11.7017204192721,12.681578237418,-0.440018247218706,0.20830369154938,1,1,"scale_linear",1
"SRC-990-EXT-INSTITUTE-FOR-SECURITY-AND-TECHNOLOGY","Institute for Security and Technology","filing","exact_base",2,"latent_base_salary",12.3935414740295,NA,12.3935414740295,12.3935414740295,12.6867787649131,12.3227556781781,13.0904895108868,12.2183254756616,13.1981832938074,-0.169960154605004,0.170192453131217,1,1,"scale_linear",1
"SRC-990-EXT-GLOBAL-HEALTH-CORPS","Global Health Corps","filing","exact_base",2,"latent_base_salary",12.4246040572612,NA,12.4246040572612,12.4246040572612,12.0806537182275,11.7166306314925,12.4843644642012,11.6122004289759,12.5920582471218,-0.472272550022224,0.22128513063248,1,1,"scale_linear",1
"SRC-990-EXT-THIRD-WAY-INSTITUTE","Third Way Institute","filing","exact_base",2,"latent_base_salary",12.9939824923999,NA,12.9939824923999,12.9939824923999,12.3505596697282,11.9865365829932,12.7542704157018,11.8821063804766,12.8619641986225,-2.04203742240906,0.482559324224373,0,0,"scale_linear",1
"SRC-990-EXT-MERCY-FOR-ANIMALS","Mercy For Animals","filing","exact_base",2,"latent_base_salary",12.2436538423338,NA,12.2436538423338,12.2436538423338,12.6060767682898,12.2420536815549,13.0097875142635,12.1376234790383,13.1174812971841,-0.472684255472081,0.222084436335666,1,1,"scale_linear",1
"SRC-990-EXT-EVIDENCE-ACTION","Evidence Action","filing","exact_base",2,"latent_base_salary",12.8276536554356,NA,12.8276536554356,12.8276536554356,12.7443208467669,12.3802977600319,13.1480315927406,12.2758675575153,13.2557253756612,0.173475819728944,0.0826268297098211,1,1,"scale_linear",1
"SRC-990-EA-COPENHAGEN-CONSENSUS-CENTER","Copenhagen Consensus Center","filing","exact_base",2,"latent_base_salary",13.0459767896383,NA,13.0459767896383,13.0459767896383,12.1994159990958,11.8353929123608,12.6031267450695,11.7309627098443,12.7108205279901,-3.21726190512005,0.681362355420749,0,0,"scale_linear",1
"SRC-990-EXT-CENTER-FOR-AI-SAFETY","Center for AI Safety","filing","exact_base",3,"latent_base_salary",12.7213413939825,NA,12.7213413939825,12.7213413939825,12.5926584704553,12.2449030038153,12.9917232186489,12.1552189603211,13.113816664627,0.0448751096867861,0.0963274588701868,1,1,"scale_linear",1
"SRC-990-EXT-CENTER-FOR-DEMOCRACY-TECHNOLOGY","Center for Democracy & Technology","filing","exact_base",3,"latent_base_salary",12.9169778646385,NA,12.9169778646385,12.9169778646385,12.777628894264,12.429873427624,13.1766936424576,12.3401893841298,13.2987870884357,0.0161524293654323,0.100470542197083,1,1,"scale_linear",1
"SRC-990-EXT-PROJECT-DRAWDOWN","Project Drawdown","filing","exact_base",3,"latent_base_salary",13.0056540850792,NA,13.0056540850792,13.0056540850792,12.7597496914878,12.4119942248477,13.1588144396813,12.3223101813536,13.2809078856594,-0.21960265115771,0.153627088592901,1,1,"scale_linear",1
"SRC-990-EXT-CHARITY-NAVIGATOR","Charity Navigator","filing","exact_base",3,"latent_base_salary",12.7520384665336,NA,12.7520384665336,12.7520384665336,12.6357940881495,12.2880386215094,13.034858836343,12.1983545780152,13.1569522823211,0.0790733029926205,0.091796975598711,1,1,"scale_linear",1
"SRC-990-EXT-CHICAGO-COUNCIL-ON-GLOBAL-AFFAIRS","Chicago Council on Global Affairs","filing","exact_base",3,"latent_base_salary",13.1491202773988,NA,13.1491202773988,13.1491202773988,12.6801498481316,12.3323943814915,13.0792145963251,12.2427103379974,13.2013080423032,-0.945550632346933,0.319467369861627,0,1,"scale_linear",1
"SRC-990-EXT-RESEARCH-AMERICA","Research!America","filing","exact_base",3,"latent_base_salary",13.297112905275,NA,13.297112905275,13.297112905275,12.8817291860411,12.533973719401,13.2807939342346,12.4442896759068,13.4028873802127,-0.677532588411126,0.27433448099626,0,1,"scale_linear",1
"SRC-990-EXT-VILLAGE-ENTERPRISE","Village Enterprise","filing","exact_base",3,"latent_base_salary",12.5400430408691,NA,12.5400430408691,12.5400430408691,12.5000011240131,12.152245657373,12.8990658722066,12.0625616138788,13.0211593181847,0.28105300964626,0.071804499819592,1,1,"scale_linear",1
"SRC-990-EXT-FARM-SANCTUARY","Farm Sanctuary","filing","exact_base",3,"latent_base_salary",12.3163882693373,NA,12.3163882693373,12.3163882693373,12.5072964608135,12.1595409941735,12.9063612090071,12.0698569506793,13.0284546549852,0.225535047989337,0.109975129222676,1,1,"scale_linear",1
"SRC-990-EXT-ARMS-CONTROL-ASSOCIATION","Arms Control Association","filing","exact_base",3,"latent_base_salary",11.7955985634313,NA,11.7955985634313,11.7955985634313,12.4364522964764,12.0886968298363,12.8355170446699,11.9990127863421,12.957610490648,-3.13099586082365,0.483397906973286,0,0,"scale_linear",1
"SRC-990-EXT3-AMERICAN-SECURITY-PROJECT","American Security Project","filing","exact_base",3,"latent_base_salary",11.9786620658855,NA,11.9786620658855,11.9786620658855,12.519482117789,12.171726651149,12.9185468659826,12.0820426076548,13.0406403119607,-1.83511442044015,0.386575548165193,0,0,"scale_linear",1
"SRC-990-EA-GIVEWELL","GiveWell","filing","exact_base",3,"latent_base_salary",13.0190388321958,NA,13.0190388321958,13.0190388321958,12.273881040313,11.9261255736729,12.6729457885065,11.8364415301787,12.7950392344846,-2.33334537011874,0.576510057028344,0,0,"scale_linear",1
"SRC-990-EXT-GIVINGTUESDAY","GivingTuesday","filing","exact_base",4,"latent_base_salary",12.8728251821158,NA,12.8728251821158,12.8728251821158,12.5276294930306,12.1540416540152,12.9488225162762,12.0442591640676,13.0828376570671,-0.485458534763687,0.216190311318329,1,1,"scale_linear",1
"SRC-990-EXT3-NATIONAL-ACADEMY-FOR-STATE-HEALTH-POLICY","National Academy for State Health Policy","filing","exact_base",4,"latent_base_salary",12.8776933603378,NA,12.8776933603378,12.8776933603378,12.8510101105526,12.4774222715372,13.2722031337982,12.3676397815896,13.4062182745891,0.296587897380011,0.0720059723866185,1,1,"scale_linear",1
"SRC-990-EXT3-CARBON-MAPPER","Carbon Mapper","filing","exact_base",4,"latent_base_salary",12.5153758745745,NA,12.5153758745745,12.5153758745745,12.8791486210584,12.505560782043,13.3003416443039,12.3957782920953,13.4343567850948,-0.467306023065293,0.22623285862764,1,1,"scale_linear",1
"SRC-990-EXT-CENTER-FOR-EFFECTIVE-PHILANTHROPY","Center for Effective Philanthropy","filing","exact_base",4,"latent_base_salary",13.2146671151145,NA,13.2146671151145,13.2146671151145,12.7835327627369,12.4099449237215,13.2047257859824,12.3001624337738,13.3387409267733,-0.752782137421583,0.281921347468437,0,1,"scale_linear",1
"SRC-990-EXT-ECONOMIC-POLICY-INSTITUTE","Economic Policy Institute","filing","exact_base",4,"latent_base_salary",12.4477248107957,NA,12.4477248107957,12.4477248107957,12.6781833678515,12.3045955288362,13.0993763910971,12.1948130388885,13.233391531888,0.0373435005678522,0.134689227281076,1,1,"scale_linear",1
"SRC-990-EXT-ELECTRONIC-FRONTIER-FOUNDATION","Electronic Frontier Foundation","filing","exact_base",4,"latent_base_salary",12.757183396529,NA,12.757183396529,12.757183396529,12.787175491832,12.4135876528166,13.2083685150775,12.3038051628689,13.3423836558684,0.349937834932892,0.0702609723477471,1,1,"scale_linear",1
"SRC-990-EXT-ENERGY-FOR-GROWTH-HUB","Energy for Growth Hub","filing","exact_base",4,"latent_base_salary",13.0105039226493,NA,13.0105039226493,13.0105039226493,12.6589813936531,12.2853935546377,13.0801744168987,12.1756110646901,13.2141895576896,-0.502609912216035,0.220745173943759,1,1,"scale_linear",1
"SRC-990-EXT-LAST-MILE-HEALTH","Last Mile Health","filing","exact_base",4,"latent_base_salary",12.4850802155385,NA,12.4850802155385,12.4850802155385,12.6170618509554,12.2434740119401,13.038254874201,12.1336915219924,13.1722700149919,0.27924109782555,0.089900937063941,1,1,"scale_linear",1
"SRC-990-EA-FORESIGHT-INSTITUTE","Foresight Institute","filing","exact_base",4,"latent_base_salary",12.5911934036369,NA,12.5911934036369,12.5911934036369,12.4294888952811,12.0559010562657,12.8506819185267,11.9461185663181,12.9846970593176,-0.00523791545619146,0.109242964514293,1,1,"scale_linear",1
"SRC-990-EXT-DATAKIND","DataKind","filing","exact_base",5,"latent_base_salary",12.4083285202951,NA,12.4083285202951,12.4083285202951,12.6055732706693,12.2147974131382,13.0347960556611,12.1003790330914,13.1574004929478,0.106545590377508,0.119045111259887,1,1,"scale_linear",1
"SRC-990-EXT-FAR-AI","FAR AI","filing","exact_base",5,"latent_base_salary",12.405415596293,NA,12.405415596293,12.405415596293,12.5766624901115,12.1858866325804,13.0058852751033,12.0714682525336,13.1284897123899,0.173450831309662,0.107295749126842,1,1,"scale_linear",1
"SRC-990-EXT-IDEAS42","ideas42","filing","exact_base",5,"latent_base_salary",12.4941514017925,NA,12.4941514017925,12.4941514017925,12.7163926298558,12.3256167723247,13.1456154148476,12.2111983922779,13.2682198521342,0.0336349052688281,0.131760756356091,1,1,"scale_linear",1
"SRC-990-EXT-TAX-FOUNDATION","Tax Foundation","filing","exact_base",5,"latent_base_salary",12.515216592965,NA,12.515216592965,12.515216592965,12.5862054145403,12.1954295570092,13.0154281995322,12.0810111769625,13.1380326368188,0.311627696982228,0.077768775080273,1,1,"scale_linear",1
"SRC-990-EXT-PETERSON-INSTITUTE-FOR-INTERNATIONAL-ECONOMICS","Peterson Institute for International Economics","filing","exact_base",5,"latent_base_salary",13.3086807403212,NA,13.3086807403212,13.3086807403212,13.5457332548753,13.1549573973442,13.9749560398671,13.0405390172974,14.0975604771538,-0.0127091873706902,0.139911284910474,1,1,"scale_linear",1
"SRC-990-EXT-WORLD-JUSTICE-PROJECT","World Justice Project","filing","exact_base",5,"latent_base_salary",12.8497369708156,NA,12.8497369708156,12.8497369708156,12.9126469304841,12.521871072953,13.341869715476,12.4074526929063,13.4644741527626,0.313228727939348,0.076554363405422,1,1,"scale_linear",1
"SRC-990-EXT-SIGHTLINE-INSTITUTE","Sightline Institute","filing","exact_base",5,"latent_base_salary",12.2612800796685,NA,12.2612800796685,12.2612800796685,12.1571869025969,11.7664110450658,12.5864096875888,11.6519926650191,12.7090141248754,0.0882738015600733,0.0899836287887267,1,1,"scale_linear",1
"SRC-990-EXT-OPEN-MARKETS-INSTITUTE","Open Markets Institute","filing","exact_base",5,"latent_base_salary",12.1897506129305,NA,12.1897506129305,12.1897506129305,12.4767597882634,12.0859839307323,12.9059825732552,11.9715655506855,13.0285870105418,-0.181015934540123,0.170478738130094,1,1,"scale_linear",1
"SRC-990-EXT-STRONGMINDS","StrongMinds","filing","exact_base",5,"latent_base_salary",12.4509506432504,NA,12.4509506432504,12.4509506432504,12.4676302850249,12.0768544274938,12.8968530700167,11.962436047447,13.0194575073033,0.295286198283765,0.0730326229483131,1,1,"scale_linear",1
"SRC-990-EXT-NEW-AMERICA","New America","filing","exact_base",5,"latent_base_salary",13.2081577341251,NA,13.2081577341251,13.2081577341251,13.3323664222964,12.9415905647653,13.7615892072882,12.8271721847185,13.8841936445748,0.264567832863227,0.0901843833024106,1,1,"scale_linear",1
"SRC-990-EXT-INNOVATIONS-FOR-POVERTY-ACTION","Innovations for Poverty Action","filing","exact_base",5,"latent_base_salary",12.4867659407714,NA,12.4867659407714,12.4867659407714,12.9410938626055,12.5503180050744,13.3703166475973,12.4358996250276,13.492921084884,-0.864236915656051,0.299429822426585,0,1,"scale_linear",1
"SRC-990-EXT-REDWOOD-RESEARCH","Redwood Research","filing","exact_base",5,"latent_base_salary",12.5766540301346,NA,12.5766540301346,12.5766540301346,12.7696594403508,12.3788835828197,13.1988822253427,12.264465202773,13.3214866626293,0.118134738250316,0.117023780108497,1,1,"scale_linear",1
"SRC-990-EXT-INTERNET-SECURITY-RESEARCH-GROUP","Internet Security Research Group","filing","exact_base",6,"latent_base_salary",12.6634761632277,NA,12.6634761632277,12.6634761632277,12.5229864638912,12.1359738156261,12.9621120808437,12.0243750929244,13.0838470758354,-0.024134799692044,0.103807403620898,1,1,"scale_linear",1
"SRC-990-EXT-INSTITUTE-FOR-ENERGY-ECONOMICS-AND-FINANCIAL-ANALYSIS","Institute for Energy Economics and Financial Analysis","filing","exact_base",6,"latent_base_salary",12.5797210272034,NA,12.5797210272034,12.5797210272034,12.6401478121235,12.2531351638585,13.079273429076,12.1415364411567,13.2010084240677,0.293802500178392,0.076788986371451,1,1,"scale_linear",1
"SRC-990-EXT-BREAKTHROUGH-INSTITUTE","Breakthrough Institute","filing","exact_base",6,"latent_base_salary",12.579065834723,NA,12.579065834723,12.579065834723,12.5984884765723,12.2114758283072,13.0376140935247,12.0998771056055,13.1593490885164,0.27007456075754,0.0742089752077147,1,1,"scale_linear",1
"SRC-990-EXT-COMMITTEE-FOR-A-RESPONSIBLE-FEDERAL-BUDGET","Committee for a Responsible Federal Budget","filing","exact_base",6,"latent_base_salary",13.2655461923519,NA,13.2655461923519,13.2655461923519,12.8735832976667,12.4865706494016,13.3127089146192,12.3749719266999,13.4344439096109,-0.523636587728632,0.246995549998422,1,1,"scale_linear",1
"SRC-990-EXT-FRESH-ENERGY","Fresh Energy","filing","exact_base",6,"latent_base_salary",12.4117920746609,NA,12.4117920746609,12.4117920746609,12.4017863588655,12.0147737106004,12.840911975818,11.9031749878987,12.9626469708097,0.23476763734379,0.0750775559182906,1,1,"scale_linear",1
"SRC-990-EXT-MIGRATION-POLICY-INSTITUTE","Migration Policy Institute","filing","exact_base",6,"latent_base_salary",12.6227383916406,NA,12.6227383916406,12.6227383916406,12.6133948079405,12.2263821596754,13.0525204248929,12.1147834369737,13.1742554198846,0.235709999843314,0.0750336046791253,1,1,"scale_linear",1
"SRC-990-EXT-CODE-FOR-SCIENCE-SOCIETY","Code for Science & Society","filing","exact_base",6,"latent_base_salary",12.2746977427298,NA,12.2746977427298,12.2746977427298,12.4112511501652,12.0242385019001,12.8503767671177,11.9126397791984,12.9721117621094,0.250539637550001,0.0934811594313449,1,1,"scale_linear",1
"SRC-990-EXT-INDEPENDENT-SECTOR","Independent Sector","filing","exact_base",6,"latent_base_salary",13.3541442871094,NA,13.3541442871094,13.3541442871094,13.0409944155456,12.6539817672805,13.4801200324981,12.5423830445788,13.6018550274898,-0.355819452050883,0.19198695113137,1,1,"scale_linear",1
"SRC-990-EXT-INSTITUTE-FOR-POLICY-STUDIES","Institute for Policy Studies","filing","exact_base",6,"latent_base_salary",12.053986283532,NA,12.053986283532,12.053986283532,12.3921850887668,12.0051724405017,12.8313107057193,11.8935737178,12.953045700711,-0.304715333572501,0.20361106665338,1,1,"scale_linear",1
"SRC-990-EXT-VILLAGEREACH","VillageReach","filing","exact_base",6,"latent_base_salary",12.4314315810676,NA,12.4314315810676,12.4314315810676,12.5374397751354,12.1504271268703,12.9765653920879,12.0388284041686,13.0983003870796,0.281531390094627,0.0849366824677242,1,1,"scale_linear",1
"SRC-990-EXT-RESULTS-FOR-DEVELOPMENT","Results for Development","filing","exact_base",6,"latent_base_salary",12.9211104925028,NA,12.9211104925028,12.9211104925028,12.998101658105,12.6110890098399,13.4372272750574,12.4994902871382,13.5589622700491,0.2941396981892,0.0791059275110753,1,1,"scale_linear",1
"SRC-990-EXT-CREATIVE-COMMONS","Creative Commons","filing","exact_base",6,"latent_base_salary",12.4083285202951,NA,12.4083285202951,12.4083285202951,12.5158376136812,12.1288249654161,12.9549632306337,12.0172262427144,13.0766982256254,0.280425882266298,0.0852992981557516,1,1,"scale_linear",1
"SRC-990-EXT3-CENTER-FOR-ARMS-CONTROL-AND-NON-PROLIFERATION","Center for Arms Control and Non-Proliferation","filing","exact_base",6,"latent_base_salary",12.5533356659485,NA,12.5533356659485,12.5533356659485,12.3366226614443,11.9496100131792,12.7757482783968,11.8380112904775,12.8974832733885,-0.180196586813826,0.13664985550376,1,1,"scale_linear",1
"SRC-990-EXT-FUTURE-OF-PRIVACY-FORUM","Future of Privacy Forum","filing","exact_base",7,"latent_base_salary",13.5088520328401,NA,13.5088520328401,13.5088520328401,12.8861807005724,12.5168119445359,13.2964525824062,12.4015385592752,13.4182849103309,-1.82192409595111,0.453917162077373,0,0,"scale_linear",1
"SRC-990-EXT-JAIN-FAMILY-INSTITUTE","Jain Family Institute","filing","exact_base",7,"latent_base_salary",12.3338860528408,NA,12.3338860528408,12.3338860528408,12.6186560562404,12.2492873002039,13.0289279380742,12.1340139149432,13.1507602659988,-0.177415132843063,0.169324232312225,1,1,"scale_linear",1
"SRC-990-EXT-ORCID","ORCID","filing","exact_base",7,"latent_base_salary",12.5696077844296,NA,12.5696077844296,12.5696077844296,12.1642835685079,11.7949148124714,12.5745554503417,11.6796414272107,12.6963877782663,-0.63017530372333,0.262323794506512,1,1,"scale_linear",1
"SRC-990-EXT-SOCIAL-SCIENCE-RESEARCH-COUNCIL","Social Science Research Council","filing","exact_base",7,"latent_base_salary",12.7968302816124,NA,12.7968302816124,12.7968302816124,12.9872123396303,12.6178435835938,13.3974842214641,12.502570198333,13.5193165493887,0.158373900990474,0.113490137389647,1,1,"scale_linear",1
"SRC-990-EXT-STIMSON-CENTER","Stimson Center","filing","exact_base",7,"latent_base_salary",12.9582226865033,NA,12.9582226865033,12.9582226865033,12.7054824457265,12.3361136896899,13.1157543275603,12.2208403044292,13.2375866554849,-0.237626495017081,0.155383896308016,1,1,"scale_linear",1
"SRC-990-EXT-GOOD-FOOD-INSTITUTE","Good Food Institute","filing","exact_base",7,"latent_base_salary",12.3904522913386,NA,12.3904522913386,12.3904522913386,12.7357387244669,12.3663699684304,13.1460106063007,12.2510965831697,13.2678429342253,-0.435128164053374,0.213357471357218,1,1,"scale_linear",1
"SRC-990-EXT-ECONOMIC-INNOVATION-GROUP","Economic Innovation Group","filing","exact_base",7,"latent_base_salary",12.9583656609222,NA,12.9583656609222,12.9583656609222,12.9020250875559,12.5326563315194,13.3122969693897,12.4173829462586,13.4341292973143,0.260929118146244,0.0749957932425842,1,1,"scale_linear",1
"SRC-990-EXT-BIPARTISAN-POLICY-CENTER","Bipartisan Policy Center","filing","exact_base",7,"latent_base_salary",13.69992393343,NA,13.69992393343,13.69992393343,13.3410043937685,12.971635637732,13.7512762756023,12.8563622524713,13.873108603527,-0.496758336123625,0.226645034660432,1,1,"scale_linear",1
"SRC-990-EXT-RESULTS-FOR-AMERICA","Results for America","filing","exact_base",7,"latent_base_salary",12.6889203108623,NA,12.6889203108623,12.6889203108623,13.0390029263929,12.6696341703564,13.4492748082267,12.5543607850957,13.5711071361513,-0.457002042734192,0.217067709600763,1,1,"scale_linear",1
"SRC-990-EXT3-NUCLEAR-INNOVATION-ALLIANCE","Nuclear Innovation Alliance","filing","exact_base",7,"latent_base_salary",12.6101041264858,NA,12.6101041264858,12.6101041264858,12.180195786606,11.8108270305694,12.5904676684398,11.6955536453087,12.7122999963644,-0.715327928406219,0.28217579244288,0,1,"scale_linear",1
"SRC-990-EXT3-CENTER-FOR-INTERNATIONAL-POLICY","Center for International Policy","filing","exact_base",7,"latent_base_salary",12.3116931273939,NA,12.3116931273939,12.3116931273939,12.294160778131,11.9247920220945,12.7044326599648,11.8095186368338,12.8262649878894,0.330885873976373,0.0696110277523786,1,1,"scale_linear",1
"SRC-990-EA-CENTER-FOR-ELECTION-SCIENCE","Center for Election Science","filing","exact_base",7,"latent_base_salary",12.2614916001655,NA,12.2614916001655,12.2614916001655,12.300805226295,11.9314364702585,12.7110771081289,11.8161630849978,12.8329094360535,0.382679167524354,0.0693339974281454,1,1,"scale_linear",1
"SRC-990-EXT-PARTNERSHIP-ON-AI","Partnership on AI","filing","exact_base",8,"latent_base_salary",12.7912011974447,NA,12.7912011974447,12.7912011974447,12.8021594958365,12.4200326777747,13.2355445344837,12.3091152036067,13.3594256499273,0.288812810811596,0.0728462739248287,1,1,"scale_linear",1
"SRC-990-EXT-FRAMEWORKS-INSTITUTE","FrameWorks Institute","filing","exact_base",8,"latent_base_salary",13.0266397001217,NA,13.0266397001217,13.0266397001217,12.8807257967045,12.4985989786427,13.3141108353517,12.3876815044747,13.4379919507953,-0.0553875938561925,0.106524545640179,1,1,"scale_linear",1
"SRC-990-EXT-QUINCY-INSTITUTE-FOR-RESPONSIBLE-STATECRAFT","Quincy Institute for Responsible Statecraft","filing","exact_base",8,"latent_base_salary",12.631030234805,NA,12.631030234805,12.631030234805,12.9029066263637,12.5207798083018,13.3362916650109,12.4098623341338,13.4601727804544,-0.0607180221901509,0.15694504513915,1,1,"scale_linear",1
"SRC-990-EXT-COUNCIL-ON-STRATEGIC-RISKS","Council on Strategic Risks","filing","exact_base",8,"latent_base_salary",12.508796619219,NA,12.508796619219,12.508796619219,12.6137796645156,12.2316528464538,13.0471647031628,12.1207353722858,13.1710458186064,0.317534010415871,0.0826630767451915,1,1,"scale_linear",1
"SRC-990-EXT-INFORMATION-TECHNOLOGY-AND-INNOVATION-FOUNDATION","Information Technology and Innovation Foundation","filing","exact_base",8,"latent_base_salary",13.2745188452622,NA,13.2745188452622,13.2745188452622,12.921231608988,12.5391047909262,13.3546166476353,12.4281873167582,13.4784977630788,-0.440290304391207,0.221628871496716,1,1,"scale_linear",1
"SRC-990-EXT-NUMFOCUS","NumFOCUS","filing","exact_base",8,"latent_base_salary",12.0255072657542,NA,12.0255072657542,12.0255072657542,12.4026425036949,12.0205156856331,12.8360275423421,11.9095982114651,12.9599086577857,-0.48669145194466,0.232529114357924,1,1,"scale_linear",1
"SRC-990-EXT-TECHNICAL-ASSISTANCE-COLLABORATIVE","Technical Assistance Collaborative","filing","exact_base",8,"latent_base_salary",12.4383619268654,NA,12.4383619268654,12.4383619268654,12.5753404013532,12.1932135832914,13.0087254400004,12.0822961091234,13.132606555444,0.282531988314863,0.0915571649667941,1,1,"scale_linear",1
"SRC-990-EXT-CENTER-FOR-A-NEW-AMERICAN-SECURITY","Center for a New American Security","filing","exact_base",8,"latent_base_salary",13.1871814907024,NA,13.1871814907024,13.1871814907024,13.0231621464669,12.6410353284051,13.4565471851141,12.5301178542371,13.5804283005576,-0.0974879788402552,0.113780105602819,1,1,"scale_linear",1
"SRC-990-EXT-DATA-QUALITY-CAMPAIGN","Data Quality Campaign","filing","exact_base",8,"latent_base_salary",12.9352645395531,NA,12.9352645395531,12.9352645395531,12.9930082258961,12.6108814078343,13.4263932645433,12.4999639336663,13.5502743799869,0.327619380345637,0.0746764598128385,1,1,"scale_linear",1
"SRC-990-EXT-GRANTMAKERS-FOR-EFFECTIVE-ORGANIZATIONS","Grantmakers for Effective Organizations","filing","exact_base",8,"latent_base_salary",12.8837522170102,NA,12.8837522170102,12.8837522170102,12.7496594667161,12.3675326486543,13.1830445053633,12.2566151744863,13.3069256208069,-0.0268610078435181,0.102120462361367,1,1,"scale_linear",1
"SRC-990-EXT-THE-SENTENCING-PROJECT","The Sentencing Project","filing","exact_base",8,"latent_base_salary",12.2172732835324,NA,12.2172732835324,12.2172732835324,12.2877836593627,11.9056568413009,12.7211686980099,11.7947393671329,12.8450498134534,0.329890963826509,0.0762236938217463,1,1,"scale_linear",1
"SRC-990-EXT-PHYSICIANS-FOR-SOCIAL-RESPONSIBILITY","Physicians for Social Responsibility","filing","exact_base",8,"latent_base_salary",11.9808845054682,NA,11.9808845054682,11.9808845054682,12.2769697149268,11.894842896865,12.710354753574,11.783925422697,12.8342358690175,-0.14688240508017,0.172751033396613,1,1,"scale_linear",1
"SRC-990-EXT-INSTITUTE-FOR-THE-STUDY-OF-WAR","Institute for the Study of War","filing","exact_base",9,"latent_base_salary",12.2737531161958,NA,12.2737531161958,12.2737531161958,12.3686126840464,11.9835129119585,12.8118365162192,11.8735391188032,12.9394580943154,0.295633975680578,0.0821476627766147,1,1,"scale_linear",1
"SRC-990-EXT-CENTER-FOR-CLIMATE-AND-ENERGY-SOLUTIONS","Center for Climate and Energy Solutions","filing","exact_base",9,"latent_base_salary",12.9791557665258,NA,12.9791557665258,12.9791557665258,12.9797264079906,12.5946266359026,13.4229502401634,12.4846528427473,13.5505718182596,0.236683257564961,0.0750618555187693,1,1,"scale_linear",1
"SRC-990-EXT-SAN-FRANCISCO-ESTUARY-INSTITUTE","San Francisco Estuary Institute","filing","exact_base",9,"latent_base_salary",12.1771418570467,NA,12.1771418570467,12.1771418570467,12.4791750679036,12.0940752958157,12.9223989000764,11.9841015026604,13.0500204781726,-0.148136447723603,0.176876435491785,1,1,"scale_linear",1
"SRC-990-EXT-PUBLIC-AGENDA","Public Agenda","filing","exact_base",9,"latent_base_salary",12.5141054670907,NA,12.5141054670907,12.5141054670907,12.2564820330883,11.8713822610004,12.6997058652611,11.7614084678451,12.8273274433573,-0.276106234947558,0.159562886542043,1,1,"scale_linear",1
"SRC-990-EXT-PUBLIC-KNOWLEDGE","Public Knowledge","filing","exact_base",9,"latent_base_salary",12.4996822653103,NA,12.4996822653103,12.4996822653103,12.5398279220667,12.1547281499787,12.9830517542395,12.0447543568234,13.1106733323357,0.281025405322965,0.075166821438338,1,1,"scale_linear",1
"SRC-990-EXT-NATIONAL-COMMITTEE-FOR-RESPONSIVE-PHILANTHROPY","National Committee for Responsive Philanthropy","filing","exact_base",9,"latent_base_salary",12.742437732963,NA,12.742437732963,12.742437732963,12.5686004424504,12.1835006703625,13.0118242746232,12.0735268772072,13.1394458527194,-0.120833972061491,0.118195005809465,1,1,"scale_linear",1
"SRC-990-EXT-OPENSECRETS","OpenSecrets","filing","exact_base",9,"latent_base_salary",12.3218529214459,NA,12.3218529214459,12.3218529214459,12.3012023598847,11.9161025877967,12.7444261920575,11.8061287946414,12.8720477701537,0.203304874271309,0.0766524382427225,1,1,"scale_linear",1
"SRC-990-EXT-LIVING-GOODS","Living Goods","filing","exact_base",9,"latent_base_salary",12.5107284211723,NA,12.5107284211723,12.5107284211723,12.4860669121846,12.1009671400966,12.9292907443573,11.9909933469413,13.0569123224535,0.196364808239347,0.0770782664890426,1,1,"scale_linear",1
"SRC-990-EXT-THE-HUMANE-LEAGUE","The Humane League","filing","exact_base",9,"latent_base_salary",12.3775599734482,NA,12.3775599734482,12.3775599734482,12.4061721734028,12.0210724013149,12.8493960055756,11.9110986081596,12.9770175836718,0.270776594112693,0.074714868458953,1,1,"scale_linear",1
"SRC-990-EXT-CLEAN-AIR-TASK-FORCE","Clean Air Task Force","filing","exact_base",9,"latent_base_salary",12.8291533338357,NA,12.8291533338357,12.8291533338357,12.8290743555118,12.4439745834238,13.2722981876846,12.3340007902685,13.3999197657807,0.235751358723711,0.0750937978706373,1,1,"scale_linear",1
"SRC-990-EXT-VERA-INSTITUTE-OF-JUSTICE","Vera Institute of Justice","filing","exact_base",9,"latent_base_salary",13.3181829414966,NA,13.3181829414966,13.3181829414966,13.0749952868644,12.6898955147764,13.5182191190372,12.5799217216211,13.6458406971334,-0.252009382743149,0.15163087078289,1,1,"scale_linear",1
"SRC-990-EXT-DEMOS","Demos","filing","exact_base",10,"latent_base_salary",12.6428849557391,NA,12.6428849557391,12.6428849557391,12.7774053105774,12.4295034846035,13.1857297231351,12.3302241576817,13.3121214931156,0.353282357115881,0.0871260381516692,1,1,"scale_linear",1
"SRC-990-EXT-ENVIRONMENTAL-LAW-INSTITUTE","Environmental Law Institute","filing","exact_base",10,"latent_base_salary",12.6696219906236,NA,12.6696219906236,12.6696219906236,12.5091925104691,12.1612906844952,12.9175169230268,12.0620113575734,13.0439086930074,-0.0404886745326771,0.109283316246711,1,1,"scale_linear",1
"SRC-990-EXT-CENTER-FOR-OPEN-SCIENCE","Center for Open Science","filing","exact_base",10,"latent_base_salary",12.5016604600873,NA,12.5016604600873,12.5016604600873,12.5697558872232,12.2218540612493,12.9780802997809,12.1225747343275,13.1044720697615,0.397641501577486,0.0711012532081647,1,1,"scale_linear",1
"SRC-990-EXT-INSTITUTE-FOR-NONPROFIT-NEWS","Institute for Nonprofit News","filing","exact_base",10,"latent_base_salary",12.3400869277947,NA,12.3400869277947,12.3400869277947,12.4311750996882,12.0832732737143,12.839499512246,11.9839939467925,12.9658912822265,0.394017594090149,0.075175698066859,1,1,"scale_linear",1
"SRC-990-EXT-NISKANEN-CENTER","Niskanen Center","filing","exact_base",10,"latent_base_salary",13.3543131280751,NA,13.3543131280751,13.3543131280751,12.8786021474378,12.5307003214639,13.2869265599956,12.4314209945421,13.4133183299761,-0.958630896927318,0.322484337947735,0,1,"scale_linear",1
"SRC-990-EXT-INSTITUTE-ON-TAXATION-AND-ECONOMIC-POLICY","Institute on Taxation and Economic Policy","filing","exact_base",10,"latent_base_salary",12.3346530459445,NA,12.3346530459445,12.3346530459445,12.7954007388709,12.447498912897,13.2037251514287,12.3482195859752,13.3301169214092,-1.15081317445571,0.311562589098898,0,0,"scale_linear",1
"SRC-990-EXT-ROOSEVELT-INSTITUTE","Roosevelt Institute","filing","exact_base",10,"latent_base_salary",13.0866290852163,NA,13.0866290852163,13.0866290852163,12.933899878132,12.5859980521581,13.3422242906898,12.4867187252363,13.4686160606703,-0.0224885612007386,0.106008381290289,1,1,"scale_linear",1
"SRC-990-EXT-AMERICAN-IMMIGRATION-COUNCIL","American Immigration Council","filing","exact_base",10,"latent_base_salary",12.6131309837729,NA,12.6131309837729,12.6131309837729,12.6097983538847,12.2618965279108,13.0181227664425,12.162617200989,13.144514536423,0.330437936831426,0.0683845029555726,1,1,"scale_linear",1
"SRC-990-EXT-PROJECT-HEALTHY-CHILDREN","Project Healthy Children","filing","exact_base",10,"latent_base_salary",11.5747708002363,NA,11.5747708002363,11.5747708002363,12.6545651065241,12.3066632805502,13.0628895190819,12.2073839536284,13.1892812890624,-9.95673582194038,0.919295464730062,0,0,"scale_linear",1
"SRC-990-EXT-EXPONENT-PHILANTHROPY","Exponent Philanthropy","filing","exact_base",10,"latent_base_salary",12.6069727833315,NA,12.6069727833315,12.6069727833315,12.2689201808957,11.9210183549218,12.6772445934534,11.821739028,12.8036363634339,-0.424674559871889,0.213003562573743,1,1,"scale_linear",1
"SRC-990-EXT-GUTTMACHER-INSTITUTE","Guttmacher Institute","filing","exact_base",10,"latent_base_salary",12.8946594433338,NA,12.8946594433338,12.8946594433338,13.3203240587731,12.9724222327993,13.7286484713309,12.8731429058774,13.8550402413114,-0.894187338763317,0.280096256755335,0,1,"scale_linear",1
"SRC-990-EXT-OPEN-SOURCE-INITIATIVE","Open Source Initiative","filing","exact_base",10,"latent_base_salary",12.2102910853882,NA,12.2102910853882,12.2102910853882,12.5227918377147,12.1748900117408,12.9311162502725,12.075610684819,13.057508020253,-0.199465804318911,0.186946106334248,1,1,"scale_linear",1
"SRC-990-EXT-POPULATION-REFERENCE-BUREAU","Population Reference Bureau","filing","exact_base",1,"latent_base_salary",12.816309953692,NA,12.816309953692,12.816309953692,12.3538223278929,11.9524493067823,12.7484992514188,11.8307564290975,12.8818840529175,-1.00229773120574,0.305837404009392,0,1,"gam",1
"SRC-990-EXT3-CENTER-FOR-HEALTH-CARE-STRATEGIES","Center for Health Care Strategies","filing","exact_base",1,"latent_base_salary",12.6222962067176,NA,12.6222962067176,12.6222962067176,12.6464332623387,12.245060241228,13.0411101858646,12.1233673635432,13.1744949873632,0.335577400604971,0.0706219712702485,1,1,"gam",1
"SRC-990-EXT-CLIMATE-CENTRAL","Climate Central","filing","exact_base",1,"latent_base_salary",12.6801870016491,NA,12.6801870016491,12.6801870016491,12.7736976712362,12.3723246501255,13.1683745947621,12.2506317724408,13.3017593962608,0.256080941271835,0.0830529497839534,1,1,"gam",1
"SRC-990-EXT-BULLETIN-OF-THE-ATOMIC-SCIENTISTS","Bulletin of the Atomic Scientists","filing","exact_base",1,"latent_base_salary",12.3173567420894,NA,12.3173567420894,12.3173567420894,12.3158893946815,11.9145163735709,12.7105663182075,11.7928234958861,12.8439511197061,0.341515103022629,0.0693926196682188,1,1,"gam",1
"SRC-990-EXT-PRECISION-DEVELOPMENT","Precision Development","filing","exact_base",1,"latent_base_salary",12.4150937427763,NA,12.4150937427763,12.4150937427763,12.4213713899814,12.0199983688707,12.8160483135073,11.898305491186,12.949433115006,0.34099519071665,0.0695701169816999,1,1,"gam",1
"SRC-990-EXT-SOFTWARE-FREEDOM-CONSERVANCY","Software Freedom Conservancy","filing","exact_base",1,"latent_base_salary",12.1568022510686,NA,12.1568022510686,12.1568022510686,12.3497248051805,11.9483517840699,12.7444017287064,11.8266589063851,12.8777865302051,-0.00393627036491417,0.121959327873068,1,1,"gam",1
"SRC-990-EXT-GRANTMAKERS-FOR-EDUCATION","Grantmakers for Education","filing","exact_base",1,"latent_base_salary",12.4309659850717,NA,12.4309659850717,12.4309659850717,12.5215751103167,12.120202089206,12.9162520338426,11.9985092115212,13.0496368353412,0.261274655048143,0.0822747434503763,1,1,"gam",1
"SRC-990-EXT-ANIMAL-LEGAL-DEFENSE-FUND","Animal Legal Defense Fund","filing","exact_base",1,"latent_base_salary",12.5370734769901,NA,12.5370734769901,12.5370734769901,12.5691928711321,12.1678198500214,12.963869794658,12.0461269723367,13.0972545961567,0.331203712374775,0.0713809717109757,1,1,"gam",1
"SRC-990-EXT-ANIMAL-WELFARE-INSTITUTE","Animal Welfare Institute","filing","exact_base",2,"latent_base_salary",12.1688180822369,NA,12.1688180822369,12.1688180822369,12.3897516706359,12.0168380945582,12.787002411789,11.904607528968,12.8939527308813,0.0142059647728319,0.128099040828686,1,1,"gam",1
"SRC-990-EXT3-LEARNING-POLICY-INSTITUTE","Learning Policy Institute","filing","exact_base",2,"latent_base_salary",13.1712146825618,NA,13.1712146825618,13.1712146825618,12.9801558900472,12.6072423139694,13.3774066312002,12.4950117483792,13.4843569502925,-0.113778112591639,0.123392334086758,1,1,"gam",1
"SRC-990-EXT-NATIONAL-EMPLOYMENT-LAW-PROJECT","National Employment Law Project","filing","exact_base",2,"latent_base_salary",12.8184638703657,NA,12.8184638703657,12.8184638703657,12.9578851149136,12.5849715388358,13.3551358560666,12.4727409732457,13.462086175159,0.319438883015833,0.0891089346938272,1,1,"gam",1
"SRC-990-EXT-PEAK-GRANTMAKING","PEAK Grantmaking","filing","exact_base",2,"latent_base_salary",12.6147062287155,NA,12.6147062287155,12.6147062287155,12.6930610264945,12.3201474504168,13.0903117676476,12.2079168848266,13.1972620867399,0.442751373929352,0.0715636553666887,1,1,"gam",1
"SRC-990-EXT-FEDERATION-OF-AMERICAN-SCIENTISTS","Federation of American Scientists","filing","exact_base",2,"latent_base_salary",13.0648771145336,NA,13.0648771145336,13.0648771145336,12.9327891920767,12.5598756159989,13.3300399332297,12.4476450504087,13.436990252322,0.0595493198118318,0.0966701978482704,1,1,"gam",1
"SRC-990-EXT-TECHCONGRESS","TechCongress","filing","exact_base",2,"latent_base_salary",12.4960490464963,NA,12.4960490464963,12.4960490464963,12.3024639127505,11.9295503366727,12.6997146539035,11.8173197710826,12.8066649729959,-0.120557143206327,0.12468346015845,1,1,"gam",1
"SRC-990-EXT-INSTITUTE-FOR-SECURITY-AND-TECHNOLOGY","Institute for Security and Technology","filing","exact_base",2,"latent_base_salary",12.3935414740295,NA,12.3935414740295,12.3935414740295,12.6943056854756,12.3213921093978,13.0915564266286,12.2091615438076,13.1985067457209,-0.319869782497266,0.179465335584254,1,1,"gam",1
"SRC-990-EXT-GLOBAL-HEALTH-CORPS","Global Health Corps","filing","exact_base",2,"latent_base_salary",12.4246040572612,NA,12.4246040572612,12.4246040572612,12.3110461681196,11.9381325920418,12.7082969092726,11.8259020264516,12.8152472283649,0.118497979715754,0.0897382763130407,1,1,"gam",1
"SRC-990-EXT-THIRD-WAY-INSTITUTE","Third Way Institute","filing","exact_base",2,"latent_base_salary",12.9939824923999,NA,12.9939824923999,12.9939824923999,12.4074476551234,12.0345340790456,12.8046983962764,11.9223035134554,12.9116487153687,-1.5688191788379,0.428164720536306,0,0,"gam",1
"SRC-990-EXT-MERCY-FOR-ANIMALS","Mercy For Animals","filing","exact_base",2,"latent_base_salary",12.2436538423338,NA,12.2436538423338,12.2436538423338,12.5021277621876,12.1292141861098,12.8993785033406,12.0169836205196,13.0063288224329,-0.146395115386447,0.150887725093552,1,1,"gam",1
"SRC-990-EXT-EVIDENCE-ACTION","Evidence Action","filing","exact_base",2,"latent_base_salary",12.8276536554356,NA,12.8276536554356,12.8276536554356,12.7361243453604,12.3632107692826,13.1333750865134,12.2509802036925,13.2403254056058,0.188796096814178,0.0825075637581396,1,1,"gam",1
"SRC-990-EA-COPENHAGEN-CONSENSUS-CENTER","Copenhagen Consensus Center","filing","exact_base",2,"latent_base_salary",13.0459767896383,NA,13.0459767896383,13.0459767896383,12.0347553613716,11.6618417852938,12.4320061025246,11.5496112197036,12.5389564216169,-4.07172809120471,0.845157768148714,0,0,"gam",1
"SRC-990-EXT-CENTER-FOR-AI-SAFETY","Center for AI Safety","filing","exact_base",3,"latent_base_salary",12.7213413939825,NA,12.7213413939825,12.7213413939825,12.5002788479187,12.1367442935237,12.8714461955795,12.0254206473911,13.0091966997424,-0.050549335452386,0.135167729586301,1,1,"gam",1
"SRC-990-EXT-CENTER-FOR-DEMOCRACY-TECHNOLOGY","Center for Democracy & Technology","filing","exact_base",3,"latent_base_salary",12.9169778646385,NA,12.9169778646385,12.9169778646385,12.7794784072127,12.4159438528177,13.1506457548735,12.3046202066851,13.2883962590364,0.208914609297912,0.0934092395102137,1,1,"gam",1
"SRC-990-EXT-PROJECT-DRAWDOWN","Project Drawdown","filing","exact_base",3,"latent_base_salary",13.0056540850792,NA,13.0056540850792,13.0056540850792,12.7144891632316,12.3509546088366,13.0856565108924,12.239630962704,13.2234070150552,-0.330165334680168,0.180608470407993,1,1,"gam",1
"SRC-990-EXT-CHARITY-NAVIGATOR","Charity Navigator","filing","exact_base",3,"latent_base_salary",12.7520384665336,NA,12.7520384665336,12.7520384665336,12.5574125613497,12.1938780069547,12.9285799090105,12.0825543608221,13.0663304131733,0.0395938753806948,0.120333218496359,1,1,"gam",1
"SRC-990-EXT-CHICAGO-COUNCIL-ON-GLOBAL-AFFAIRS","Chicago Council on Global Affairs","filing","exact_base",3,"latent_base_salary",13.1491202773988,NA,13.1491202773988,13.1491202773988,12.6627776129174,12.2992430585224,13.0339449605782,12.1879194123898,13.171695464741,-1.23953797300141,0.338637036330793,0,1,"gam",1
"SRC-990-EXT-RESEARCH-AMERICA","Research!America","filing","exact_base",3,"latent_base_salary",13.297112905275,NA,13.297112905275,13.297112905275,12.9390299662287,12.5754954118337,13.3101973138895,12.4641717657011,13.4479478180523,-0.644428640987115,0.23062799153244,1,1,"gam",1
"SRC-990-EXT-VILLAGE-ENTERPRISE","Village Enterprise","filing","exact_base",3,"latent_base_salary",12.5400430408691,NA,12.5400430408691,12.5400430408691,12.4267157986852,12.0631812442902,12.797883146346,11.9518575981576,12.9356336505088,0.269917862840506,0.08436621417485,1,1,"gam",1
"SRC-990-EXT-FARM-SANCTUARY","Farm Sanctuary","filing","exact_base",3,"latent_base_salary",12.3163882693373,NA,12.3163882693373,12.3163882693373,12.412957835865,12.04942328147,12.7841251835258,11.9380996353374,12.9218756876886,0.360704726612226,0.0766140994588571,1,1,"gam",1
"SRC-990-EXT-ARMS-CONTROL-ASSOCIATION","Arms Control Association","filing","exact_base",3,"latent_base_salary",11.7955985634313,NA,11.7955985634313,11.7955985634313,12.4224785653215,12.0589440109266,12.7936459129824,11.947620364794,12.9313964171452,-2.44905710077024,0.468610419859556,0,0,"gam",1
"SRC-990-EXT3-AMERICAN-SECURITY-PROJECT","American Security Project","filing","exact_base",3,"latent_base_salary",11.9786620658855,NA,11.9786620658855,11.9786620658855,12.5063370625128,12.1428025081179,12.8775044101737,12.0314788619853,13.0152549143365,-1.52016997855368,0.37485527014651,0,0,"gam",1
"SRC-990-EA-GIVEWELL","GiveWell","filing","exact_base",3,"latent_base_salary",13.0190388321958,NA,13.0190388321958,13.0190388321958,12.334610937785,11.97107638339,12.7057782854458,11.8597527372574,12.8435287896086,-2.20551494962322,0.522984613176574,0,0,"gam",1
"SRC-990-EXT-GIVINGTUESDAY","GivingTuesday","filing","exact_base",4,"latent_base_salary",12.8728251821158,NA,12.8728251821158,12.8728251821158,12.4233497077024,12.0567653753771,12.8011268780591,11.93200657302,12.9321474849706,-1.01263635858265,0.298993468552929,0,1,"gam",1
"SRC-990-EXT3-NATIONAL-ACADEMY-FOR-STATE-HEALTH-POLICY","National Academy for State Health Policy","filing","exact_base",4,"latent_base_salary",12.8776933603378,NA,12.8776933603378,12.8776933603378,12.9204693964533,12.5538850641279,13.29824656681,12.4291262617708,13.4292671737215,0.395426808259473,0.068144616417325,1,1,"gam",1
"SRC-990-EXT3-CARBON-MAPPER","Carbon Mapper","filing","exact_base",4,"latent_base_salary",12.5153758745745,NA,12.5153758745745,12.5153758745745,12.943699918857,12.5771155865316,13.3214770892137,12.4523567841745,13.4524976961252,-0.921563516268585,0.290060227848139,0,1,"gam",1
"SRC-990-EXT-CENTER-FOR-EFFECTIVE-PHILANTHROPY","Center for Effective Philanthropy","filing","exact_base",4,"latent_base_salary",13.2146671151145,NA,13.2146671151145,13.2146671151145,12.8129734991369,12.4463891668115,13.1907506694936,12.3216303644544,13.3217712764051,-0.775369727456043,0.258677597517913,0,1,"gam",1
"SRC-990-EXT-ECONOMIC-POLICY-INSTITUTE","Economic Policy Institute","filing","exact_base",4,"latent_base_salary",12.4477248107957,NA,12.4477248107957,12.4477248107957,12.6395707781925,12.2729864458672,13.0173479485492,12.1482276435101,13.1483685554607,0.0611634272478345,0.119827537609406,1,1,"gam",1
"SRC-990-EXT-ELECTRONIC-FRONTIER-FOUNDATION","Electronic Frontier Foundation","filing","exact_base",4,"latent_base_salary",12.757183396529,NA,12.757183396529,12.757183396529,12.8266704571119,12.4600861247866,13.2044476274686,12.3353273224295,13.3354682343802,0.366808242186894,0.0729684220438205,1,1,"gam",1
"SRC-990-EXT-ENERGY-FOR-GROWTH-HUB","Energy for Growth Hub","filing","exact_base",4,"latent_base_salary",13.0105039226493,NA,13.0105039226493,13.0105039226493,12.6220224333672,12.2554381010419,12.9997996037239,12.1306792986848,13.1308202106354,-0.709697789785926,0.247881043517294,0,1,"gam",1
"SRC-990-EXT-LAST-MILE-HEALTH","Last Mile Health","filing","exact_base",4,"latent_base_salary",12.4850802155385,NA,12.4850802155385,12.4850802155385,12.538090242985,12.1715059106597,12.9158674133417,12.0467471083026,13.0468880202533,0.386226261159812,0.0697452820377423,1,1,"gam",1
"SRC-990-EA-FORESIGHT-INSTITUTE","Foresight Institute","filing","exact_base",4,"latent_base_salary",12.5911934036369,NA,12.5911934036369,12.5911934036369,12.446536934466,12.0799526021406,12.8243141048227,11.9551937997835,12.9553347117342,0.213776121761472,0.093399288023389,1,1,"gam",1
"SRC-990-EXT-DATAKIND","DataKind","filing","exact_base",5,"latent_base_salary",12.4083285202951,NA,12.4083285202951,12.4083285202951,12.4646680458479,12.0691027470701,12.875466439643,11.9481215877287,13.0040661094715,0.306162040907066,0.0755920243103814,1,1,"gam",1
"SRC-990-EXT-FAR-AI","FAR AI","filing","exact_base",5,"latent_base_salary",12.405415596293,NA,12.405415596293,12.405415596293,12.4504933235782,12.0549280248004,12.8612917173733,11.933946865459,12.9898913872018,0.313749839376761,0.0739459947275284,1,1,"gam",1
"SRC-990-EXT-IDEAS42","ideas42","filing","exact_base",5,"latent_base_salary",12.4941514017925,NA,12.4941514017925,12.4941514017925,12.670533726779,12.2749684280012,13.0813321205741,12.1539872686598,13.2099317904026,0.0789629272321979,0.113530620374159,1,1,"gam",1
"SRC-990-EXT-TAX-FOUNDATION","Tax Foundation","filing","exact_base",5,"latent_base_salary",12.515216592965,NA,12.515216592965,12.515216592965,12.4897501610514,12.0941848622736,12.9005485548465,11.9732037029322,13.029148224675,0.305731302529924,0.071565303358415,1,1,"gam",1
"SRC-990-EXT-PETERSON-INSTITUTE-FOR-INTERNATIONAL-ECONOMICS","Peterson Institute for International Economics","filing","exact_base",5,"latent_base_salary",13.3086807403212,NA,13.3086807403212,13.3086807403212,13.3594860351741,12.9639207363963,13.7702844289692,12.8429395770549,13.8988840987977,0.310207475411167,0.0747399125907211,1,1,"gam",1
"SRC-990-EXT-WORLD-JUSTICE-PROJECT","World Justice Project","filing","exact_base",5,"latent_base_salary",12.8497369708156,NA,12.8497369708156,12.8497369708156,12.9844319923809,12.5888666936031,13.395230386176,12.4678855342617,13.5238300560045,0.185290768329777,0.0963363474484292,1,1,"gam",1
"SRC-990-EXT-SIGHTLINE-INSTITUTE","Sightline Institute","filing","exact_base",5,"latent_base_salary",12.2612800796685,NA,12.2612800796685,12.2612800796685,12.3499178055084,11.9543525067306,12.7607161993035,11.8333713473892,12.889315869132,0.270402501192466,0.0822106359216153,1,1,"gam",1
"SRC-990-EXT-OPEN-MARKETS-INSTITUTE","Open Markets Institute","filing","exact_base",5,"latent_base_salary",12.1897506129305,NA,12.1897506129305,12.1897506129305,12.3745396516614,11.9789743528836,12.7853380454565,11.8579931935422,12.913937715285,0.0548540372669817,0.117467750969389,1,1,"gam",1
"SRC-990-EXT-STRONGMINDS","StrongMinds","filing","exact_base",5,"latent_base_salary",12.4509506432504,NA,12.4509506432504,12.4509506432504,12.3950464483148,11.999481149537,12.8058448421099,11.8784999901956,12.9344445119384,0.275958485831221,0.0747303281777421,1,1,"gam",1
"SRC-990-EXT-NEW-AMERICA","New America","filing","exact_base",5,"latent_base_salary",13.2081577341251,NA,13.2081577341251,13.2081577341251,13.2877331127298,12.892167813952,13.6985315065249,12.7711866546106,13.8271311763534,0.282512140393391,0.0800727777215174,1,1,"gam",1
"SRC-990-EXT-INNOVATIONS-FOR-POVERTY-ACTION","Innovations for Poverty Action","filing","exact_base",5,"latent_base_salary",12.4867659407714,NA,12.4867659407714,12.4867659407714,13.0328433946149,12.6372780958371,13.44364178841,12.5162969364957,13.5722414582385,-1.34787243812525,0.386220703180114,0,0,"gam",1
"SRC-990-EXT-REDWOOD-RESEARCH","Redwood Research","filing","exact_base",5,"latent_base_salary",12.5766540301346,NA,12.5766540301346,12.5766540301346,12.9547491491772,12.5591838503994,13.3655475429723,12.438202691058,13.4941472128008,-0.584093637652011,0.242213137616578,1,1,"gam",1
"SRC-990-EXT-INTERNET-SECURITY-RESEARCH-GROUP","Internet Security Research Group","filing","exact_base",6,"latent_base_salary",12.6634761632277,NA,12.6634761632277,12.6634761632277,12.4259596571512,12.0213015965923,12.8446829498338,11.8953083693718,12.964581248644,-0.151636678235669,0.142123060758662,1,1,"gam",1
"SRC-990-EXT-INSTITUTE-FOR-ENERGY-ECONOMICS-AND-FINANCIAL-ANALYSIS","Institute for Energy Economics and Financial Analysis","filing","exact_base",6,"latent_base_salary",12.5797210272034,NA,12.5797210272034,12.5797210272034,12.5709547800995,12.1662967195406,12.989678072782,12.0403034923201,13.1095763715923,0.350678067696609,0.0702997408530609,1,1,"gam",1
"SRC-990-EXT-BREAKTHROUGH-INSTITUTE","Breakthrough Institute","filing","exact_base",6,"latent_base_salary",12.579065834723,NA,12.579065834723,12.579065834723,12.5133580273532,12.1086999667944,12.9320813200358,11.9827067395739,13.0519796188461,0.291103833172707,0.0761148754285052,1,1,"gam",1
"SRC-990-EXT-COMMITTEE-FOR-A-RESPONSIBLE-FEDERAL-BUDGET","Committee for a Responsible Federal Budget","filing","exact_base",6,"latent_base_salary",13.2655461923519,NA,13.2655461923519,13.2655461923519,12.9434167413343,12.5387586807754,13.3621400340169,12.4127654535549,13.4820383328271,-0.410002397790681,0.195150304135214,1,1,"gam",1
"SRC-990-EXT-FRESH-ENERGY","Fresh Energy","filing","exact_base",6,"latent_base_salary",12.4117920746609,NA,12.4117920746609,12.4117920746609,12.4051912223643,12.0005331618054,12.8239145150468,11.8745399345849,12.9438128138571,0.351645316004983,0.0702578393742373,1,1,"gam",1
"SRC-990-EXT-MIGRATION-POLICY-INSTITUTE","Migration Policy Institute","filing","exact_base",6,"latent_base_salary",12.6227383916406,NA,12.6227383916406,12.6227383916406,12.5329802468603,12.1283221863015,12.9517035395429,12.0023289590809,13.0716018383532,0.248335637175382,0.0812135620346798,1,1,"gam",1
"SRC-990-EXT-CODE-FOR-SCIENCE-SOCIETY","Code for Science & Society","filing","exact_base",6,"latent_base_salary",12.2746977427298,NA,12.2746977427298,12.2746977427298,12.4209547537597,12.0162966932008,12.8396780464422,11.8903034659803,12.9595763452525,0.156727343708785,0.10027699786218,1,1,"gam",1
"SRC-990-EXT-INDEPENDENT-SECTOR","Independent Sector","filing","exact_base",6,"latent_base_salary",13.3541442871094,NA,13.3541442871094,13.3541442871094,13.1072347769948,12.7025767164359,13.5259580696774,12.5765834892154,13.6458563684876,-0.180797840490041,0.147457715243216,1,1,"gam",1
"SRC-990-EXT-INSTITUTE-FOR-POLICY-STUDIES","Institute for Policy Studies","filing","exact_base",6,"latent_base_salary",12.053986283532,NA,12.053986283532,12.053986283532,12.3919466008408,11.987288540282,12.8106698935234,11.8612953130615,12.9305681923337,-0.495185188139603,0.211361524579323,1,1,"gam",1
"SRC-990-EXT-VILLAGEREACH","VillageReach","filing","exact_base",6,"latent_base_salary",12.4314315810676,NA,12.4314315810676,12.4314315810676,12.460178942698,12.0555208821391,12.8789022353806,11.9295276549186,12.9988005341908,0.352762064963301,0.0714634403880809,1,1,"gam",1
"SRC-990-EXT-RESULTS-FOR-DEVELOPMENT","Results for Development","filing","exact_base",6,"latent_base_salary",12.9211104925028,NA,12.9211104925028,12.9211104925028,13.0953770104553,12.6907189498965,13.5141003031379,12.564725722676,13.6339986019482,0.0716300213018073,0.112254821520165,1,1,"gam",1
"SRC-990-EXT-CREATIVE-COMMONS","Creative Commons","filing","exact_base",6,"latent_base_salary",12.4083285202951,NA,12.4083285202951,12.4083285202951,12.402555853492,11.9978977929331,12.8212791461746,11.8719045657126,12.9411774449848,0.351988471465422,0.0702453368829136,1,1,"gam",1
"SRC-990-EXT3-CENTER-FOR-ARMS-CONTROL-AND-NON-PROLIFERATION","Center for Arms Control and Non-Proliferation","filing","exact_base",6,"latent_base_salary",12.5533356659485,NA,12.5533356659485,12.5533356659485,12.3210581557887,11.9164000952298,12.7397814484713,11.7904068680093,12.8596797472815,-0.135402039359449,0.139213221710106,1,1,"gam",1
"SRC-990-EXT-FUTURE-OF-PRIVACY-FORUM","Future of Privacy Forum","filing","exact_base",7,"latent_base_salary",13.5088520328401,NA,13.5088520328401,13.5088520328401,12.9672549461336,12.5773872233319,13.3587585247734,12.4366590557141,13.4751759325311,-1.40782631370199,0.374267413727658,0,0,"gam",1
"SRC-990-EXT-JAIN-FAMILY-INSTITUTE","Jain Family Institute","filing","exact_base",7,"latent_base_salary",12.3338860528408,NA,12.3338860528408,12.3338860528408,12.5740090034551,12.1841412806534,12.9655125820949,12.0434131130356,13.0819299898526,-0.182201566802114,0.151006618620175,1,1,"gam",1
"SRC-990-EXT-ORCID","ORCID","filing","exact_base",7,"latent_base_salary",12.5696077844296,NA,12.5696077844296,12.5696077844296,12.3452042799491,11.9553365571474,12.7367078585889,11.8146083895296,12.8531252663466,-0.0198152899267254,0.129960404206544,1,1,"gam",1
"SRC-990-EXT-SOCIAL-SCIENCE-RESEARCH-COUNCIL","Social Science Research Council","filing","exact_base",7,"latent_base_salary",12.7968302816124,NA,12.7968302816124,12.7968302816124,13.0610763233669,12.6712086005653,13.4525799020068,12.5304804329475,13.5689973097645,-0.285174591267722,0.166312794504545,1,1,"gam",1
"SRC-990-EXT-STIMSON-CENTER","Stimson Center","filing","exact_base",7,"latent_base_salary",12.9582226865033,NA,12.9582226865033,12.9582226865033,12.7046737103226,12.3148059875209,13.0961772889624,12.1740778199031,13.2125946967201,-0.100811493128467,0.146596003873574,1,1,"gam",1
"SRC-990-EXT-GOOD-FOOD-INSTITUTE","Good Food Institute","filing","exact_base",7,"latent_base_salary",12.3904522913386,NA,12.3904522913386,12.3904522913386,12.7597059465956,12.369838223794,13.1512095252355,12.2291100561762,13.2676269329932,-0.720733218829421,0.242089719862252,1,1,"gam",1
"SRC-990-EXT-ECONOMIC-INNOVATION-GROUP","Economic Innovation Group","filing","exact_base",7,"latent_base_salary",12.9583656609222,NA,12.9583656609222,12.9583656609222,12.9802077370771,12.5903400142755,13.371711315717,12.4496118466577,13.4881287234747,0.379018846434631,0.0688081160623373,1,1,"gam",1
"SRC-990-EXT-BIPARTISAN-POLICY-CENTER","Bipartisan Policy Center","filing","exact_base",7,"latent_base_salary",13.69992393343,NA,13.69992393343,13.69992393343,13.2188942873329,12.8290265645312,13.6103978659727,12.6882983969134,13.7268152737304,-1.02534479051629,0.319667747338189,0,1,"gam",1
"SRC-990-EXT-RESULTS-FOR-AMERICA","Results for America","filing","exact_base",7,"latent_base_salary",12.6889203108623,NA,12.6889203108623,12.6889203108623,13.0938116973559,12.7039439745542,13.4853152759958,12.5632158069364,13.6017326837535,-0.851616400350149,0.270503401431345,0,1,"gam",1
"SRC-990-EXT3-NUCLEAR-INNOVATION-ALLIANCE","Nuclear Innovation Alliance","filing","exact_base",7,"latent_base_salary",12.6101041264858,NA,12.6101041264858,12.6101041264858,12.3016315432738,11.9117638204722,12.6931351219137,11.7710356528544,12.8095525296714,-0.265897944585642,0.182020190871407,1,1,"gam",1
"SRC-990-EXT3-CENTER-FOR-INTERNATIONAL-POLICY","Center for International Policy","filing","exact_base",7,"latent_base_salary",12.3116931273939,NA,12.3116931273939,12.3116931273939,12.268621330546,11.8787536077443,12.6601249091859,11.7380254401265,12.7765423169436,0.358043665283891,0.0691521498587354,1,1,"gam",1
"SRC-990-EA-CENTER-FOR-ELECTION-SCIENCE","Center for Election Science","filing","exact_base",7,"latent_base_salary",12.2614916001655,NA,12.2614916001655,12.2614916001655,12.27906856778,11.8892008449783,12.6705721464198,11.7484726773605,12.7869895541775,0.380338020075538,0.0684527635070412,1,1,"gam",1
"SRC-990-EXT-PARTNERSHIP-ON-AI","Partnership on AI","filing","exact_base",8,"latent_base_salary",12.7912011974447,NA,12.7912011974447,12.7912011974447,12.8487368998649,12.4566965217458,13.253276216433,12.3210972770329,13.3754291236206,0.361991607049916,0.0728790718397907,1,1,"gam",1
"SRC-990-EXT-FRAMEWORKS-INSTITUTE","FrameWorks Institute","filing","exact_base",8,"latent_base_salary",13.0266397001217,NA,13.0266397001217,13.0266397001217,12.9600147421825,12.5679743640635,13.3645540587507,12.4323751193506,13.4867069659382,0.28722629312465,0.0753409371148189,1,1,"gam",1
"SRC-990-EXT-QUINCY-INSTITUTE-FOR-RESPONSIBLE-STATECRAFT","Quincy Institute for Responsible Statecraft","filing","exact_base",8,"latent_base_salary",12.631030234805,NA,12.631030234805,12.631030234805,12.9806791473832,12.5886387692642,13.3852184639514,12.4530395245513,13.5073713711389,-0.570570004958025,0.220024914604961,1,1,"gam",1
"SRC-990-EXT-COUNCIL-ON-STRATEGIC-RISKS","Council on Strategic Risks","filing","exact_base",8,"latent_base_salary",12.508796619219,NA,12.508796619219,12.508796619219,12.5285291448485,12.1364887667294,12.9330684614166,12.0008895220165,13.0552213686042,0.372404880696586,0.0689468841558707,1,1,"gam",1
"SRC-990-EXT-INFORMATION-TECHNOLOGY-AND-INNOVATION-FOUNDATION","Information Technology and Innovation Foundation","filing","exact_base",8,"latent_base_salary",13.2745188452622,NA,13.2745188452622,13.2745188452622,13.0000737943042,12.6080334161852,13.4046131108724,12.4724341714723,13.5267660180599,-0.244741081326866,0.165288976376684,1,1,"gam",1
"SRC-990-EXT-NUMFOCUS","NumFOCUS","filing","exact_base",8,"latent_base_salary",12.0255072657542,NA,12.0255072657542,12.0255072657542,12.4095906904817,12.0175503123626,12.8141300070498,11.8819510676497,12.9362829142374,-0.710843462600729,0.24669712708213,1,1,"gam",1
"SRC-990-EXT-TECHNICAL-ASSISTANCE-COLLABORATIVE","Technical Assistance Collaborative","filing","exact_base",8,"latent_base_salary",12.4383619268654,NA,12.4383619268654,12.4383619268654,12.4810557088573,12.0890153307383,12.8855950254255,11.9534160860254,13.007747932613,0.369929080656602,0.0708418056681091,1,1,"gam",1
"SRC-990-EXT-CENTER-FOR-A-NEW-AMERICAN-SECURITY","Center for a New American Security","filing","exact_base",8,"latent_base_salary",13.1871814907024,NA,13.1871814907024,13.1871814907024,13.1032312601723,12.7111908820532,13.5077705767404,12.5755916373403,13.629923483928,0.255576810094029,0.079094712316865,1,1,"gam",1
"SRC-990-EXT-DATA-QUALITY-CAMPAIGN","Data Quality Campaign","filing","exact_base",8,"latent_base_salary",12.9352645395531,NA,12.9352645395531,12.9352645395531,13.0629479095579,12.6709075314388,13.467487226126,12.5353082867259,13.5896401333136,0.256224568537219,0.0908955028884217,1,1,"gam",1
"SRC-990-EXT-GRANTMAKERS-FOR-EFFECTIVE-ORGANIZATIONS","Grantmakers for Effective Organizations","filing","exact_base",8,"latent_base_salary",12.8837522170102,NA,12.8837522170102,12.8837522170102,12.7573296070999,12.3652892289808,13.161868923668,12.2296899842679,13.2840218308555,0.163788784902269,0.0915204686430293,1,1,"gam",1
"SRC-990-EXT-THE-SENTENCING-PROJECT","The Sentencing Project","filing","exact_base",8,"latent_base_salary",12.2172732835324,NA,12.2172732835324,12.2172732835324,12.4058196355063,12.0137792573872,12.8103589520744,11.8781800126743,12.932511859262,0.0810925783233194,0.116841234914062,1,1,"gam",1
"SRC-990-EXT-PHYSICIANS-FOR-SOCIAL-RESPONSIBILITY","Physicians for Social Responsibility","filing","exact_base",8,"latent_base_salary",11.9808845054682,NA,11.9808845054682,11.9808845054682,12.3155020083162,11.9234616301972,12.7200413248843,11.7878623854842,12.8421942320719,-0.507923729513564,0.208791548806928,1,1,"gam",1
"SRC-990-EXT-INSTITUTE-FOR-THE-STUDY-OF-WAR","Institute for the Study of War","filing","exact_base",9,"latent_base_salary",12.2737531161958,NA,12.2737531161958,12.2737531161958,12.3525188407131,11.9632346522413,12.7723252725602,11.8442135768561,12.8972033998087,0.294835240418456,0.0796260650786049,1,1,"gam",1
"SRC-990-EXT-CENTER-FOR-CLIMATE-AND-ENERGY-SOLUTIONS","Center for Climate and Energy Solutions","filing","exact_base",9,"latent_base_salary",12.9791557665258,NA,12.9791557665258,12.9791557665258,13.0680298125867,12.6787456241149,13.4878362444338,12.5597245487297,13.6127143716823,0.282606669963768,0.0819467155471251,1,1,"gam",1
"SRC-990-EXT-SAN-FRANCISCO-ESTUARY-INSTITUTE","San Francisco Estuary Institute","filing","exact_base",9,"latent_base_salary",12.1771418570467,NA,12.1771418570467,12.1771418570467,12.4102931086335,12.0210089201617,12.8300995404806,11.9019878447765,12.9549776677291,-0.0687748537469841,0.14223560353642,1,1,"gam",1
"SRC-990-EXT-PUBLIC-AGENDA","Public Agenda","filing","exact_base",9,"latent_base_salary",12.5141054670907,NA,12.5141054670907,12.5141054670907,12.330597456069,11.9413132675971,12.7504038879161,11.822292192212,12.8752820151645,0.00714304748614092,0.114244410571206,1,1,"gam",1
"SRC-990-EXT-PUBLIC-KNOWLEDGE","Public Knowledge","filing","exact_base",9,"latent_base_salary",12.4996822653103,NA,12.4996822653103,12.4996822653103,12.4364952114875,12.0472110230157,12.8563016433347,11.9281899476305,12.9811797705831,0.252848234041481,0.0765129388935233,1,1,"gam",1
"SRC-990-EXT-NATIONAL-COMMITTEE-FOR-RESPONSIVE-PHILANTHROPY","National Committee for Responsive Philanthropy","filing","exact_base",9,"latent_base_salary",12.742437732963,NA,12.742437732963,12.742437732963,12.4722586342512,12.0829744457794,12.8920650660983,11.9639533703942,13.0169431933468,-0.210737292926926,0.159994996197578,1,1,"gam",1
"SRC-990-EXT-OPENSECRETS","OpenSecrets","filing","exact_base",9,"latent_base_salary",12.3218529214459,NA,12.3218529214459,12.3218529214459,12.3249097589875,11.9356255705157,12.7447161908346,11.8166044951305,12.8695943180831,0.319731612385368,0.0711070150198161,1,1,"gam",1
"SRC-990-EXT-LIVING-GOODS","Living Goods","filing","exact_base",9,"latent_base_salary",12.5107284211723,NA,12.5107284211723,12.5107284211723,12.4220149797793,12.0327307913075,12.8418214116264,11.9137097159223,12.9666995388749,0.21029064901437,0.0816639067516388,1,1,"gam",1
"SRC-990-EXT-THE-HUMANE-LEAGUE","The Humane League","filing","exact_base",9,"latent_base_salary",12.3775599734482,NA,12.3775599734482,12.3775599734482,12.4011942032489,12.0119100147771,12.8210006350961,11.8928889393919,12.9458787623445,0.324546045845338,0.071858727096577,1,1,"gam",1
"SRC-990-EXT-CLEAN-AIR-TASK-FORCE","Clean Air Task Force","filing","exact_base",9,"latent_base_salary",12.8291533338357,NA,12.8291533338357,12.8291533338357,12.8801146049767,12.4908304165049,13.2999210368238,12.3718093411197,13.4247991640723,0.317687340957632,0.0746662624957089,1,1,"gam",1
"SRC-990-EXT-VERA-INSTITUTE-OF-JUSTICE","Vera Institute of Justice","filing","exact_base",9,"latent_base_salary",13.3181829414966,NA,13.3181829414966,13.3181829414966,13.1512105441075,12.7619263556356,13.5710169759546,12.6429052802505,13.695895103203,0.0458661722170131,0.107141731909737,1,1,"gam",1
"SRC-990-EXT-DEMOS","Demos","filing","exact_base",10,"latent_base_salary",12.6428849557391,NA,12.6428849557391,12.6428849557391,12.79215352459,12.4262470400256,13.199414131147,12.3104814401577,13.3387470065339,0.235308947238104,0.0972407582590754,1,1,"gam",1
"SRC-990-EXT-ENVIRONMENTAL-LAW-INSTITUTE","Environmental Law Institute","filing","exact_base",10,"latent_base_salary",12.6696219906236,NA,12.6696219906236,12.6696219906236,12.4275686312322,12.0616621466679,12.8348292377892,11.9458965467999,12.9741621131761,-0.158765854577085,0.146309028583312,1,1,"gam",1
"SRC-990-EXT-CENTER-FOR-OPEN-SCIENCE","Center for Open Science","filing","exact_base",10,"latent_base_salary",12.5016604600873,NA,12.5016604600873,12.5016604600873,12.4893348789582,12.1234283943939,12.8965954855152,12.0076627945259,13.0359283609022,0.348885748096078,0.0683534321788266,1,1,"gam",1
"SRC-990-EXT-INSTITUTE-FOR-NONPROFIT-NEWS","Institute for Nonprofit News","filing","exact_base",10,"latent_base_salary",12.3400869277947,NA,12.3400869277947,12.3400869277947,12.4249452474389,12.0590387628746,12.8322058539959,11.9432731630066,12.9715387293829,0.340004734287412,0.076931610282558,1,1,"gam",1
"SRC-990-EXT-NISKANEN-CENTER","Niskanen Center","filing","exact_base",10,"latent_base_salary",13.3543131280751,NA,13.3543131280751,13.3543131280751,12.9240034958594,12.5580970112951,13.3312641024164,12.4423314114271,13.4705969778033,-0.827823836946927,0.280857812954471,0,1,"gam",1
"SRC-990-EXT-INSTITUTE-ON-TAXATION-AND-ECONOMIC-POLICY","Institute on Taxation and Economic Policy","filing","exact_base",10,"latent_base_salary",12.3346530459445,NA,12.3346530459445,12.3346530459445,12.789206920839,12.4233004362747,13.196467527396,12.3075348364067,13.3358004027829,-1.02090968216354,0.307581837156897,0,1,"gam",1
"SRC-990-EXT-ROOSEVELT-INSTITUTE","Roosevelt Institute","filing","exact_base",10,"latent_base_salary",13.0866290852163,NA,13.0866290852163,13.0866290852163,12.9904184464311,12.6245119618668,13.3976790529882,12.5087463619988,13.5370119283751,0.220636193739665,0.0822970607075072,1,1,"gam",1
"SRC-990-EXT-AMERICAN-IMMIGRATION-COUNCIL","American Immigration Council","filing","exact_base",10,"latent_base_salary",12.6131309837729,NA,12.6131309837729,12.6131309837729,12.5547528578528,12.1888463732885,12.9620134644098,12.0730807734205,13.1013463397968,0.291232825745873,0.0736711243675857,1,1,"gam",1
"SRC-990-EXT-PROJECT-HEALTHY-CHILDREN","Project Healthy Children","filing","exact_base",10,"latent_base_salary",11.5747708002363,NA,11.5747708002363,11.5747708002363,12.6044899184476,12.2385834338833,13.0117505250047,12.1228178340153,13.1510834003916,-5.98762367888758,0.866255237157669,0,0,"gam",1
"SRC-990-EXT-EXPONENT-PHILANTHROPY","Exponent Philanthropy","filing","exact_base",10,"latent_base_salary",12.6069727833315,NA,12.6069727833315,12.6069727833315,12.3137462748376,11.9478397902733,12.7210068813946,11.8320741904053,12.8603397567815,-0.317430130846737,0.178221455193773,1,1,"gam",1
"SRC-990-EXT-GUTTMACHER-INSTITUTE","Guttmacher Institute","filing","exact_base",10,"latent_base_salary",12.8946594433338,NA,12.8946594433338,12.8946594433338,13.331342848193,12.9654363636287,13.7386034547501,12.8496707637607,13.877936330137,-0.923662892793653,0.291941944562532,0,1,"gam",1
"SRC-990-EXT-OPEN-SOURCE-INITIATIVE","Open Source Initiative","filing","exact_base",10,"latent_base_salary",12.2102910853882,NA,12.2102910853882,12.2102910853882,12.5215804191952,12.1556739346309,12.9288410257523,12.0399083347629,13.0681739011392,-0.293987184846552,0.190942385613451,1,1,"gam",1
"SRC-990-EXT-POPULATION-REFERENCE-BUREAU","Population Reference Bureau","filing","exact_base",1,"latent_base_salary",12.816309953692,NA,12.816309953692,12.816309953692,12.4078869050149,11.9801918810459,12.843237129891,11.8665780599041,12.979904086842,-0.602137438483677,0.254213700484258,1,1,"svr",1
"SRC-990-EXT3-CENTER-FOR-HEALTH-CARE-STRATEGIES","Center for Health Care Strategies","filing","exact_base",1,"latent_base_salary",12.6222962067176,NA,12.6222962067176,12.6222962067176,12.6230680918152,12.1953730678461,13.0584183166912,12.0817592467043,13.1950852736422,0.205173437370302,0.077791717714447,1,1,"svr",1
"SRC-990-EXT-CLIMATE-CENTRAL","Climate Central","filing","exact_base",1,"latent_base_salary",12.6801870016491,NA,12.6801870016491,12.6801870016491,12.7091754360023,12.2814804120332,13.1445256608783,12.1678665908914,13.2811926178294,0.199755690537936,0.0789973934349985,1,1,"svr",1
"SRC-990-EXT-BULLETIN-OF-THE-ATOMIC-SCIENTISTS","Bulletin of the Atomic Scientists","filing","exact_base",1,"latent_base_salary",12.3173567420894,NA,12.3173567420894,12.3173567420894,12.3616391439288,11.9339441199598,12.7969893688048,11.820330298818,12.9336563257559,0.192189874630592,0.0804642756767343,1,1,"svr",1
"SRC-990-EXT-PRECISION-DEVELOPMENT","Precision Development","filing","exact_base",1,"latent_base_salary",12.4150937427763,NA,12.4150937427763,12.4150937427763,12.5000522728102,12.0723572488411,12.9354024976862,11.9587434276994,13.0720694546373,0.156714347345662,0.0871068962484077,1,1,"svr",1
"SRC-990-EXT-SOFTWARE-FREEDOM-CONSERVANCY","Software Freedom Conservancy","filing","exact_base",1,"latent_base_salary",12.1568022510686,NA,12.1568022510686,12.1568022510686,12.4219161317303,11.9942211077613,12.8572663566064,11.8806072866195,12.9939333135574,-0.178740282542619,0.159853415592115,1,1,"svr",1
"SRC-990-EXT-GRANTMAKERS-FOR-EDUCATION","Grantmakers for Education","filing","exact_base",1,"latent_base_salary",12.4309659850717,NA,12.4309659850717,12.4309659850717,12.5365211290112,12.1088261050421,12.9718713538872,11.9952122839003,13.1085383108382,0.130860715934382,0.0919559939172897,1,1,"svr",1
"SRC-990-EXT-ANIMAL-LEGAL-DEFENSE-FUND","Animal Legal Defense Fund","filing","exact_base",1,"latent_base_salary",12.5370734769901,NA,12.5370734769901,12.5370734769901,12.5219094551143,12.0942144311452,12.9572596799903,11.9806006100034,13.0939266369413,0.20339674959817,0.0779740511476671,1,1,"svr",1
"SRC-990-EXT-ANIMAL-WELFARE-INSTITUTE","Animal Welfare Institute","filing","exact_base",2,"latent_base_salary",12.1688180822369,NA,12.1688180822369,12.1688180822369,12.4246020840893,12.045593064475,12.8313616814861,11.9357874568757,12.9308082200562,-0.091161969149409,0.153824292270219,1,1,"svr",1
"SRC-990-EXT3-LEARNING-POLICY-INSTITUTE","Learning Policy Institute","filing","exact_base",2,"latent_base_salary",13.1712146825618,NA,13.1712146825618,13.1712146825618,12.9709597283873,12.5919507087731,13.3777193257841,12.4821451011738,13.4771658643543,-0.0386995306058604,0.122132475574767,1,1,"svr",1
"SRC-990-EXT-NATIONAL-EMPLOYMENT-LAW-PROJECT","National Employment Law Project","filing","exact_base",2,"latent_base_salary",12.8184638703657,NA,12.8184638703657,12.8184638703657,12.9808014589194,12.6017924393052,13.3875610563162,12.4919868317058,13.4870075948863,0.175423901955184,0.104822289763898,1,1,"svr",1
"SRC-990-EXT-PEAK-GRANTMAKING","PEAK Grantmaking","filing","exact_base",2,"latent_base_salary",12.6147062287155,NA,12.6147062287155,12.6147062287155,12.7458278412099,12.3668188215957,13.1525874386067,12.2570132139964,13.2520339771769,0.236487730520266,0.0928564039496915,1,1,"svr",1
"SRC-990-EXT-FEDERATION-OF-AMERICAN-SCIENTISTS","Federation of American Scientists","filing","exact_base",2,"latent_base_salary",13.0648771145336,NA,13.0648771145336,13.0648771145336,12.7395606847235,12.3605516651093,13.1463202821203,12.2507460575099,13.2457668206904,-0.303530492418706,0.195875442995665,1,1,"svr",1
"SRC-990-EXT-TECHCONGRESS","TechCongress","filing","exact_base",2,"latent_base_salary",12.4960490464963,NA,12.4960490464963,12.4960490464963,12.462280786574,12.0832717669598,12.8690403839708,11.9734661593604,12.9684869225409,0.272883317206741,0.0723615100838456,1,1,"svr",1
"SRC-990-EXT-INSTITUTE-FOR-SECURITY-AND-TECHNOLOGY","Institute for Security and Technology","filing","exact_base",2,"latent_base_salary",12.3935414740295,NA,12.3935414740295,12.3935414740295,12.7204262538208,12.3414172342066,13.1271858512176,12.2316116266072,13.2266323897877,-0.348564117454064,0.202065623598776,1,1,"svr",1
"SRC-990-EXT-GLOBAL-HEALTH-CORPS","Global Health Corps","filing","exact_base",2,"latent_base_salary",12.4246040572612,NA,12.4246040572612,12.4246040572612,12.4449512246791,12.0659422050649,12.8517108220759,11.9561365974655,12.951157360646,0.313876298881759,0.0709474580068805,1,1,"svr",1
"SRC-990-EXT-THIRD-WAY-INSTITUTE","Third Way Institute","filing","exact_base",2,"latent_base_salary",12.9939824923999,NA,12.9939824923999,12.9939824923999,12.4407169506467,12.0617079310325,12.8474765480435,11.9519023234332,12.9469230866137,-1.1992673185267,0.384758665759876,0,0,"svr",1
"SRC-990-EXT-MERCY-FOR-ANIMALS","Mercy For Animals","filing","exact_base",2,"latent_base_salary",12.2436538423338,NA,12.2436538423338,12.2436538423338,12.4243880709466,12.0453790513324,12.8311476683434,11.9355734437331,12.9305942069136,0.132141695924713,0.112971412888952,1,1,"svr",1
"SRC-990-EXT-EVIDENCE-ACTION","Evidence Action","filing","exact_base",2,"latent_base_salary",12.8276536554356,NA,12.8276536554356,12.8276536554356,12.5450445088712,12.166035489257,12.951804106268,12.0562298816577,13.0512506448381,-0.212630210421142,0.16776531500552,1,1,"svr",1
"SRC-990-EA-COPENHAGEN-CONSENSUS-CENTER","Copenhagen Consensus Center","filing","exact_base",2,"latent_base_salary",13.0459767896383,NA,13.0459767896383,13.0459767896383,12.1311402815679,11.7521312619537,12.5378998789647,11.6423256543544,12.6373464175349,-5.3268399055421,0.740147512615566,0,0,"svr",1
"SRC-990-EXT-CENTER-FOR-AI-SAFETY","Center for AI Safety","filing","exact_base",3,"latent_base_salary",12.7213413939825,NA,12.7213413939825,12.7213413939825,12.5469331040302,12.1568985924687,12.9542959655594,12.0358656329803,13.0985291918795,-0.0372887375649062,0.118371784421463,1,1,"svr",1
"SRC-990-EXT-CENTER-FOR-DEMOCRACY-TECHNOLOGY","Center for Democracy & Technology","filing","exact_base",3,"latent_base_salary",12.9169778646385,NA,12.9169778646385,12.9169778646385,12.7696018184806,12.3795673069192,13.1769646800098,12.2585343474307,13.32119790633,0.0481106632965171,0.10601723443384,1,1,"svr",1
"SRC-990-EXT-PROJECT-DRAWDOWN","Project Drawdown","filing","exact_base",3,"latent_base_salary",13.0056540850792,NA,13.0056540850792,13.0056540850792,12.6939429060042,12.3039083944428,13.1013057675334,12.1828754349543,13.2455389938536,-0.474800139402305,0.200568832560613,1,1,"svr",1
"SRC-990-EXT-CHARITY-NAVIGATOR","Charity Navigator","filing","exact_base",3,"latent_base_salary",12.7520384665336,NA,12.7520384665336,12.7520384665336,12.5866128342871,12.1965783227257,12.9939756958163,12.0755453632372,13.1382089221365,-0.00862526430049737,0.114104132647178,1,1,"svr",1
"SRC-990-EXT-CHICAGO-COUNCIL-ON-GLOBAL-AFFAIRS","Chicago Council on Global Affairs","filing","exact_base",3,"latent_base_salary",13.1491202773988,NA,13.1491202773988,13.1491202773988,12.6907561679169,12.3007216563555,13.0981190294461,12.179688696867,13.2423522557663,-0.987364218201333,0.314372293542953,0,1,"svr",1
"SRC-990-EXT-RESEARCH-AMERICA","Research!America","filing","exact_base",3,"latent_base_salary",13.297112905275,NA,13.297112905275,13.297112905275,12.9319376755505,12.5419031639891,13.3393005370797,12.4208702045007,13.4835337633999,-0.649575078637181,0.239562356084953,1,1,"svr",1
"SRC-990-EXT-VILLAGE-ENTERPRISE","Village Enterprise","filing","exact_base",3,"latent_base_salary",12.5400430408691,NA,12.5400430408691,12.5400430408691,12.4764103046332,12.0863757930718,12.8837731661624,11.9653428335834,13.0280063924826,0.273716342728659,0.07805247948926,1,1,"svr",1
"SRC-990-EXT-FARM-SANCTUARY","Farm Sanctuary","filing","exact_base",3,"latent_base_salary",12.3163882693373,NA,12.3163882693373,12.3163882693373,12.41296156277,12.0229270512085,12.8203244242992,11.9018940917201,12.9645576506194,0.339126286507082,0.07723736454334,1,1,"svr",1
"SRC-990-EXT-ARMS-CONTROL-ASSOCIATION","Arms Control Association","filing","exact_base",3,"latent_base_salary",11.7955985634313,NA,11.7955985634313,11.7955985634313,12.3911949033786,12.0011603918171,12.7985577649078,11.8801274323287,12.942790991228,-1.75309522082608,0.421966946665068,0,0,"svr",1
"SRC-990-EXT3-AMERICAN-SECURITY-PROJECT","American Security Project","filing","exact_base",3,"latent_base_salary",11.9786620658855,NA,11.9786620658855,11.9786620658855,12.4657132403548,12.0756787287933,12.873076101884,11.9546457693049,13.0173093282042,-1.08820348406307,0.322668128143941,0,1,"svr",1
"SRC-990-EA-GIVEWELL","GiveWell","filing","exact_base",3,"latent_base_salary",13.0190388321958,NA,13.0190388321958,13.0190388321958,12.6040169702664,12.213982458705,13.0113798317956,12.0929494992165,13.1556130581158,-0.824524650118715,0.278622020484367,0,1,"svr",1
"SRC-990-EXT-GIVINGTUESDAY","GivingTuesday","filing","exact_base",4,"latent_base_salary",12.8728251821158,NA,12.8728251821158,12.8728251821158,12.478729689487,12.0677641320409,12.8584782423331,11.9488582093094,12.9752172513477,-0.625781151709432,0.252393084064161,0,1,"svr",1
"SRC-990-EXT3-NATIONAL-ACADEMY-FOR-STATE-HEALTH-POLICY","National Academy for State Health Policy","filing","exact_base",4,"latent_base_salary",12.8776933603378,NA,12.8776933603378,12.8776933603378,12.9475977853619,12.5366322279158,13.327346338208,12.4177263051843,13.4440853472226,0.283635867705224,0.0768603614761081,1,1,"svr",1
"SRC-990-EXT3-CARBON-MAPPER","Carbon Mapper","filing","exact_base",4,"latent_base_salary",12.5153758745745,NA,12.5153758745745,12.5153758745745,12.8442022361286,12.4332366786825,13.2239507889747,12.314330755951,13.3406897979893,-0.462903779608782,0.202380094737635,1,1,"svr",1
"SRC-990-EXT-CENTER-FOR-EFFECTIVE-PHILANTHROPY","Center for Effective Philanthropy","filing","exact_base",4,"latent_base_salary",13.2146671151145,NA,13.2146671151145,13.2146671151145,12.7988443622228,12.3878788047767,13.1785929150689,12.2689728820453,13.2953319240835,-0.738930550620053,0.270363969328081,0,1,"svr",1
"SRC-990-EXT-ECONOMIC-POLICY-INSTITUTE","Economic Policy Institute","filing","exact_base",4,"latent_base_salary",12.4477248107957,NA,12.4477248107957,12.4477248107957,12.6786594010098,12.2676938435638,13.058407953856,12.1487879208323,13.1751469628705,-0.115534530091111,0.139823648095468,1,1,"svr",1
"SRC-990-EXT-ELECTRONIC-FRONTIER-FOUNDATION","Electronic Frontier Foundation","filing","exact_base",4,"latent_base_salary",12.757183396529,NA,12.757183396529,12.757183396529,12.7602958468452,12.3493302893991,13.1400443996913,12.2304243666677,13.2567834087059,0.321253883998528,0.0697645986155684,1,1,"svr",1
"SRC-990-EXT-ENERGY-FOR-GROWTH-HUB","Energy for Growth Hub","filing","exact_base",4,"latent_base_salary",13.0105039226493,NA,13.0105039226493,13.0105039226493,12.3428920253633,11.9319264679173,12.7226405782095,11.8130205451858,12.839379587224,-2.26755451995167,0.501103799952113,0,0,"svr",1
"SRC-990-EXT-LAST-MILE-HEALTH","Last Mile Health","filing","exact_base",4,"latent_base_salary",12.4850802155385,NA,12.4850802155385,12.4850802155385,12.5577349293989,12.1467693719529,12.9374834822451,12.0278634492214,13.0542224912596,0.280423522915266,0.0774111919703753,1,1,"svr",1
"SRC-990-EA-FORESIGHT-INSTITUTE","Foresight Institute","filing","exact_base",4,"latent_base_salary",12.5911934036369,NA,12.5911934036369,12.5911934036369,12.255229778317,11.8442642208709,12.6349783311631,11.7253582981394,12.7517173401777,-0.353828208990541,0.206953770041888,1,1,"svr",1
"SRC-990-EXT-DATAKIND","DataKind","filing","exact_base",5,"latent_base_salary",12.4083285202951,NA,12.4083285202951,12.4083285202951,12.5644277942463,12.1299713714145,12.9837636521408,12.0011515644761,13.1263151875099,0.0964347755960837,0.106371416574014,1,1,"svr",1
"SRC-990-EXT-FAR-AI","FAR AI","filing","exact_base",5,"latent_base_salary",12.405415596293,NA,12.405415596293,12.405415596293,12.508212431777,12.0737560089451,12.9275482896715,11.9449362020067,13.0700998250406,0.203522654579036,0.0887678278505162,1,1,"svr",1
"SRC-990-EXT-IDEAS42","ideas42","filing","exact_base",5,"latent_base_salary",12.4941514017925,NA,12.4941514017925,12.4941514017925,12.6854384219276,12.2509819990958,13.1047742798222,12.1221621921574,13.2473258151913,-0.000627223755514716,0.121465543718865,1,1,"svr",1
"SRC-990-EXT-TAX-FOUNDATION","Tax Foundation","filing","exact_base",5,"latent_base_salary",12.515216592965,NA,12.515216592965,12.515216592965,12.5553227351994,12.1208663123676,12.9746585930939,11.9920465054292,13.117210128463,0.260785698424268,0.0769754073512487,1,1,"svr",1
"SRC-990-EXT-PETERSON-INSTITUTE-FOR-INTERNATIONAL-ECONOMICS","Peterson Institute for International Economics","filing","exact_base",5,"latent_base_salary",13.3086807403212,NA,13.3086807403212,13.3086807403212,13.1746651086382,12.7402086858064,13.5940009665327,12.6113888788679,13.7365525019018,0.123237403591326,0.0968680395624879,1,1,"svr",1
"SRC-990-EXT-WORLD-JUSTICE-PROJECT","World Justice Project","filing","exact_base",5,"latent_base_salary",12.8497369708156,NA,12.8497369708156,12.8497369708156,13.0099965164644,12.5755400936326,13.4293323743589,12.4467202866941,13.571883909728,0.0859531023518585,0.108018639474432,1,1,"svr",1
"SRC-990-EXT-SIGHTLINE-INSTITUTE","Sightline Institute","filing","exact_base",5,"latent_base_salary",12.2612800796685,NA,12.2612800796685,12.2612800796685,12.4274640486071,11.9930076257753,12.8467999065016,11.8641878188369,12.9893514418707,0.070540942111271,0.110429371933883,1,1,"svr",1
"SRC-990-EXT-OPEN-MARKETS-INSTITUTE","Open Markets Institute","filing","exact_base",5,"latent_base_salary",12.1897506129305,NA,12.1897506129305,12.1897506129305,12.4922577837177,12.0578013608859,12.9115936416122,11.9289815539475,13.0541451769813,-0.377406488835333,0.18421497398754,1,1,"svr",1
"SRC-990-EXT-STRONGMINDS","StrongMinds","filing","exact_base",5,"latent_base_salary",12.4509506432504,NA,12.4509506432504,12.4509506432504,12.4250602096805,11.9906037868487,12.8443960675751,11.8617839799103,12.9869476029442,0.248024713720381,0.0755232084536663,1,1,"svr",1
"SRC-990-EXT-NEW-AMERICA","New America","filing","exact_base",5,"latent_base_salary",13.2081577341251,NA,13.2081577341251,13.2081577341251,13.2297697963447,12.7953133735129,13.6491056542392,12.6664935665745,13.7916571896084,0.26401751301686,0.0754268354595954,1,1,"svr",1
"SRC-990-EXT-INNOVATIONS-FOR-POVERTY-ACTION","Innovations for Poverty Action","filing","exact_base",5,"latent_base_salary",12.4867659407714,NA,12.4867659407714,12.4867659407714,12.8969985767062,12.4625421538744,13.3163344346007,12.3337223469359,13.4588859699698,-0.698627761887841,0.261488610821723,1,1,"svr",1
"SRC-990-EXT-REDWOOD-RESEARCH","Redwood Research","filing","exact_base",5,"latent_base_salary",12.5766540301346,NA,12.5766540301346,12.5766540301346,12.7015562845961,12.2670998617643,13.1208921424906,12.1382800548258,13.2634436778597,0.165466977009033,0.0952601294322731,1,1,"svr",1
"SRC-990-EXT-INTERNET-SECURITY-RESEARCH-GROUP","Internet Security Research Group","filing","exact_base",6,"latent_base_salary",12.6634761632277,NA,12.6634761632277,12.6634761632277,12.5115226062494,12.1185512635301,12.9267708293699,11.998388355652,13.0316165441679,0.0474728911979776,0.101206012454422,1,1,"svr",1
"SRC-990-EXT-INSTITUTE-FOR-ENERGY-ECONOMICS-AND-FINANCIAL-ANALYSIS","Institute for Energy Economics and Financial Analysis","filing","exact_base",6,"latent_base_salary",12.5797210272034,NA,12.5797210272034,12.5797210272034,12.6311459676536,12.2381746249344,13.0463941907742,12.1180117170563,13.1512399055722,0.271279819432373,0.0772014816390156,1,1,"svr",1
"SRC-990-EXT-BREAKTHROUGH-INSTITUTE","Breakthrough Institute","filing","exact_base",6,"latent_base_salary",12.579065834723,NA,12.579065834723,12.579065834723,12.5663453055867,12.1733739628675,12.9815935287073,12.0532110549894,13.0864392435053,0.252843818040144,0.0736598972907094,1,1,"svr",1
"SRC-990-EXT-COMMITTEE-FOR-A-RESPONSIBLE-FEDERAL-BUDGET","Committee for a Responsible Federal Budget","filing","exact_base",6,"latent_base_salary",13.2655461923519,NA,13.2655461923519,13.2655461923519,12.8989119125183,12.505940569799,13.3141601356388,12.385777661921,13.4190058504368,-0.337923115663465,0.220825131670715,1,1,"svr",1
"SRC-990-EXT-FRESH-ENERGY","Fresh Energy","filing","exact_base",6,"latent_base_salary",12.4117920746609,NA,12.4117920746609,12.4117920746609,12.5808790762469,12.1879077335276,12.9961272993674,12.0677448256495,13.1009730141654,0.113967878452786,0.111179669001641,1,1,"svr",1
"SRC-990-EXT-MIGRATION-POLICY-INSTITUTE","Migration Policy Institute","filing","exact_base",6,"latent_base_salary",12.6227383916406,NA,12.6227383916406,12.6227383916406,12.6009306994899,12.2079593567706,13.0161789226104,12.0877964488925,13.1210246374084,0.24468805137668,0.0740240085530922,1,1,"svr",1
"SRC-990-EXT-CODE-FOR-SCIENCE-SOCIETY","Code for Science & Society","filing","exact_base",6,"latent_base_salary",12.2746977427298,NA,12.2746977427298,12.2746977427298,12.6746596043307,12.2816882616115,13.0899078274513,12.1615253537334,13.1947535422492,-0.636605016365241,0.259417166537998,0,1,"svr",1
"SRC-990-EXT-INDEPENDENT-SECTOR","Independent Sector","filing","exact_base",6,"latent_base_salary",13.3541442871094,NA,13.3541442871094,13.3541442871094,13.0331561101281,12.6401847674089,13.4484043332487,12.5200218595308,13.5532500480467,-0.227986103410046,0.188789503754505,1,1,"svr",1
"SRC-990-EXT-INSTITUTE-FOR-POLICY-STUDIES","Institute for Policy Studies","filing","exact_base",6,"latent_base_salary",12.053986283532,NA,12.053986283532,12.053986283532,12.5284933037714,12.1355219610521,12.9437415268919,12.015359053174,13.0485872416899,-0.994103091526233,0.322249420643452,0,1,"svr",1
"SRC-990-EXT-VILLAGEREACH","VillageReach","filing","exact_base",6,"latent_base_salary",12.4314315810676,NA,12.4314315810676,12.4314315810676,12.3737256449665,11.9807543022472,12.788973868087,11.8605913943691,12.893819582885,0.201834995790153,0.0775050292856012,1,1,"svr",1
"SRC-990-EXT-RESULTS-FOR-DEVELOPMENT","Results for Development","filing","exact_base",6,"latent_base_salary",12.9211104925028,NA,12.9211104925028,12.9211104925028,12.9984582856695,12.6054869429502,13.41370650879,12.4853240350721,13.518552223588,0.257357029929124,0.0816918993839005,1,1,"svr",1
"SRC-990-EXT-CREATIVE-COMMONS","Creative Commons","filing","exact_base",6,"latent_base_salary",12.4083285202951,NA,12.4083285202951,12.4083285202951,12.425602226215,12.0326308834958,12.8408504493356,11.9124679756177,12.9456961641335,0.270474587107269,0.0739748721029759,1,1,"svr",1
"SRC-990-EXT3-CENTER-FOR-ARMS-CONTROL-AND-NON-PROLIFERATION","Center for Arms Control and Non-Proliferation","filing","exact_base",6,"latent_base_salary",12.5533356659485,NA,12.5533356659485,12.5533356659485,12.1174204425454,11.7244490998262,12.532668665666,11.6042861919481,12.637514380464,-0.586758404517188,0.274981267867528,0,1,"svr",1
"SRC-990-EXT-FUTURE-OF-PRIVACY-FORUM","Future of Privacy Forum","filing","exact_base",7,"latent_base_salary",13.5088520328401,NA,13.5088520328401,13.5088520328401,12.9993259834641,12.5796319040669,13.4153847172026,12.4352498573998,13.5363502533507,-1.06608117178224,0.342947844640768,0,1,"svr",1
"SRC-990-EXT-JAIN-FAMILY-INSTITUTE","Jain Family Institute","filing","exact_base",7,"latent_base_salary",12.3338860528408,NA,12.3338860528408,12.3338860528408,12.6291734019755,12.2094793225784,13.045232135714,12.0650972759112,13.1661976718621,-0.366638043607301,0.180563505272382,1,1,"svr",1
"SRC-990-EXT-ORCID","ORCID","filing","exact_base",7,"latent_base_salary",12.5696077844296,NA,12.5696077844296,12.5696077844296,12.3838329842144,11.9641389048172,12.7998917179529,11.81975685815,12.920857254101,-0.0142342441711119,0.116685252875067,1,1,"svr",1
"SRC-990-EXT-SOCIAL-SCIENCE-RESEARCH-COUNCIL","Social Science Research Council","filing","exact_base",7,"latent_base_salary",12.7968302816124,NA,12.7968302816124,12.7968302816124,13.0962405891547,12.6765465097576,13.5122993228933,12.5321644630904,13.6332648590414,-0.384309684047045,0.183314041896244,1,1,"svr",1
"SRC-990-EXT-STIMSON-CENTER","Stimson Center","filing","exact_base",7,"latent_base_salary",12.9582226865033,NA,12.9582226865033,12.9582226865033,12.6853729809395,12.2656789015424,13.1014317146781,12.1212968548752,13.2223972508262,-0.196765621701386,0.162591575378504,1,1,"svr",1
"SRC-990-EXT-GOOD-FOOD-INSTITUTE","Good Food Institute","filing","exact_base",7,"latent_base_salary",12.3904522913386,NA,12.3904522913386,12.3904522913386,12.6955769647254,12.2758828853283,13.1116356984639,12.1315008386611,13.2326012346121,-0.408725854006467,0.187164441421143,1,1,"svr",1
"SRC-990-EXT-ECONOMIC-INNOVATION-GROUP","Economic Innovation Group","filing","exact_base",7,"latent_base_salary",12.9583656609222,NA,12.9583656609222,12.9583656609222,13.0021382102279,12.5824441308307,13.4181969439664,12.4380620841636,13.5391624801145,0.316537356755447,0.0748577723057963,1,1,"svr",1
"SRC-990-EXT-BIPARTISAN-POLICY-CENTER","Bipartisan Policy Center","filing","exact_base",7,"latent_base_salary",13.69992393343,NA,13.69992393343,13.69992393343,13.0848556895355,12.6651616101384,13.5009144232741,12.5207795634712,13.6218799594222,-1.708136089198,0.43923616925908,0,0,"svr",1
"SRC-990-EXT-RESULTS-FOR-AMERICA","Results for America","filing","exact_base",7,"latent_base_salary",12.6889203108623,NA,12.6889203108623,12.6889203108623,13.1027414596092,12.683047380212,13.5188001933477,12.5386653335448,13.6397657294958,-0.820283331484306,0.267631661415814,1,1,"svr",1
"SRC-990-EXT3-NUCLEAR-INNOVATION-ALLIANCE","Nuclear Innovation Alliance","filing","exact_base",7,"latent_base_salary",12.6101041264858,NA,12.6101041264858,12.6101041264858,12.355508530749,11.9358144513518,12.7715672644875,11.7914324046847,12.8925328006356,-0.157666444679597,0.151855655919082,1,1,"svr",1
"SRC-990-EXT3-CENTER-FOR-INTERNATIONAL-POLICY","Center for International Policy","filing","exact_base",7,"latent_base_salary",12.3116931273939,NA,12.3116931273939,12.3116931273939,12.16434069388,11.7446466144828,12.5803994276185,11.6002645678157,12.7013649637666,0.0665597870940091,0.1010317346264,1,1,"svr",1
"SRC-990-EA-CENTER-FOR-ELECTION-SCIENCE","Center for Election Science","filing","exact_base",7,"latent_base_salary",12.2614916001655,NA,12.2614916001655,12.2614916001655,12.1605085843867,11.7408145049895,12.5765673181252,11.5964324583224,12.6975328542733,0.161253999917775,0.0863682121326405,1,1,"svr",1
"SRC-990-EXT-PARTNERSHIP-ON-AI","Partnership on AI","filing","exact_base",8,"latent_base_salary",12.7912011974447,NA,12.7912011974447,12.7912011974447,12.8191128906719,12.4129308799892,13.2499600208598,12.2978011796045,13.3597836460727,0.210815017147674,0.0775532208062492,1,1,"svr",1
"SRC-990-EXT-FRAMEWORKS-INSTITUTE","FrameWorks Institute","filing","exact_base",8,"latent_base_salary",13.0266397001217,NA,13.0266397001217,13.0266397001217,12.9585807745703,12.5523987638877,13.3894279047582,12.4372690635029,13.4992515299712,0.13144644917284,0.0831422823590455,1,1,"svr",1
"SRC-990-EXT-QUINCY-INSTITUTE-FOR-RESPONSIBLE-STATECRAFT","Quincy Institute for Responsible Statecraft","filing","exact_base",8,"latent_base_salary",12.631030234805,NA,12.631030234805,12.631030234805,13.002021442283,12.5958394316003,13.4328685724709,12.4807097312156,13.5426921976838,-0.446111276953396,0.230164762048992,1,1,"svr",1
"SRC-990-EXT-COUNCIL-ON-STRATEGIC-RISKS","Council on Strategic Risks","filing","exact_base",8,"latent_base_salary",12.508796619219,NA,12.508796619219,12.508796619219,12.548851388198,12.1426693775153,12.9796985183859,12.0275396771306,13.0895221435988,0.213054508466938,0.0784416426970123,1,1,"svr",1
"SRC-990-EXT-INFORMATION-TECHNOLOGY-AND-INNOVATION-FOUNDATION","Information Technology and Innovation Foundation","filing","exact_base",8,"latent_base_salary",13.2745188452622,NA,13.2745188452622,13.2745188452622,13.0204986797202,12.6143166690375,13.451345809908,12.4991869686527,13.561169435121,-0.148090563568307,0.15115514828868,1,1,"svr",1
"SRC-990-EXT-NUMFOCUS","NumFOCUS","filing","exact_base",8,"latent_base_salary",12.0255072657542,NA,12.0255072657542,12.0255072657542,12.5001780903557,12.093996079673,12.9310252205436,11.9788663792883,13.0408488457565,-0.892069151689474,0.314757005202761,0,1,"svr",1
"SRC-990-EXT-TECHNICAL-ASSISTANCE-COLLABORATIVE","Technical Assistance Collaborative","filing","exact_base",8,"latent_base_salary",12.4383619268654,NA,12.4383619268654,12.4383619268654,12.4615231227319,12.0553411120492,12.8923702529198,11.9402114116645,13.0021938781327,0.209407615384482,0.0773048003520355,1,1,"svr",1
"SRC-990-EXT-CENTER-FOR-A-NEW-AMERICAN-SECURITY","Center for a New American Security","filing","exact_base",8,"latent_base_salary",13.1871814907024,NA,13.1871814907024,13.1871814907024,13.1532223900788,12.7470403793962,13.5840695202667,12.6319106790114,13.6938931454797,0.170710042335461,0.0786367157103582,1,1,"svr",1
"SRC-990-EXT-DATA-QUALITY-CAMPAIGN","Data Quality Campaign","filing","exact_base",8,"latent_base_salary",12.9352645395531,NA,12.9352645395531,12.9352645395531,13.0542547743272,12.6480727636445,13.485101904515,12.5329430632597,13.594925529728,0.178978669001176,0.0930794420863002,1,1,"svr",1
"SRC-990-EXT-GRANTMAKERS-FOR-EFFECTIVE-ORGANIZATIONS","Grantmakers for Effective Organizations","filing","exact_base",8,"latent_base_salary",12.8837522170102,NA,12.8837522170102,12.8837522170102,12.7323967343687,12.326214723686,13.1632438645566,12.2110850233013,13.2730674897696,0.00925293790165016,0.10504775298865,1,1,"svr",1
"SRC-990-EXT-THE-SENTENCING-PROJECT","The Sentencing Project","filing","exact_base",8,"latent_base_salary",12.2172732835324,NA,12.2172732835324,12.2172732835324,12.3422730862694,11.9360910755868,12.7731202164573,11.820961375202,12.8829438416703,0.1729596181048,0.0948148625406886,1,1,"svr",1
"SRC-990-EXT-PHYSICIANS-FOR-SOCIAL-RESPONSIBILITY","Physicians for Social Responsibility","filing","exact_base",8,"latent_base_salary",11.9808845054682,NA,11.9808845054682,11.9808845054682,12.4329384932667,12.0267564825841,12.8637856234546,11.9116267821993,12.9736092486676,-0.786002073820444,0.295390234195158,0,1,"svr",1
"SRC-990-EXT-INSTITUTE-FOR-THE-STUDY-OF-WAR","Institute for the Study of War","filing","exact_base",9,"latent_base_salary",12.2737531161958,NA,12.2737531161958,12.2737531161958,12.2579051140435,11.8413366284281,12.6940791151369,11.7216120146639,12.8139626198559,0.237488100539503,0.0760792215590704,1,1,"svr",1
"SRC-990-EXT-CENTER-FOR-CLIMATE-AND-ENERGY-SOLUTIONS","Center for Climate and Energy Solutions","filing","exact_base",9,"latent_base_salary",12.9791557665258,NA,12.9791557665258,12.9791557665258,13.0700435915796,12.6534751059642,13.5062175926731,12.5337504922,13.6261010973921,0.230581558891141,0.0850706232080981,1,1,"svr",1
"SRC-990-EXT-SAN-FRANCISCO-ESTUARY-INSTITUTE","San Francisco Estuary Institute","filing","exact_base",9,"latent_base_salary",12.1771418570467,NA,12.1771418570467,12.1771418570467,12.3030334429818,11.8864649573664,12.7392074440753,11.7667403436022,12.8590909487943,0.185815543207,0.0943344874733157,1,1,"svr",1
"SRC-990-EXT-PUBLIC-AGENDA","Public Agenda","filing","exact_base",9,"latent_base_salary",12.5141054670907,NA,12.5141054670907,12.5141054670907,12.3485526449566,11.9319841593412,12.78472664605,11.812259545577,12.904610150769,-0.00828666106189346,0.11070416791371,1,1,"svr",1
"SRC-990-EXT-PUBLIC-KNOWLEDGE","Public Knowledge","filing","exact_base",9,"latent_base_salary",12.4996822653103,NA,12.4996822653103,12.4996822653103,12.4183549780432,12.0017864924278,12.8545289791367,11.8820618786636,12.9744124838557,0.156110252109866,0.084863482248557,1,1,"svr",1
"SRC-990-EXT-NATIONAL-COMMITTEE-FOR-RESPONSIVE-PHILANTHROPY","National Committee for Responsive Philanthropy","filing","exact_base",9,"latent_base_salary",12.742437732963,NA,12.742437732963,12.742437732963,12.4607446737821,12.0441761881667,12.8969186748756,11.9244515744025,13.0168021795946,-0.258596973087591,0.168946602980662,1,1,"svr",1
"SRC-990-EXT-OPENSECRETS","OpenSecrets","filing","exact_base",9,"latent_base_salary",12.3218529214459,NA,12.3218529214459,12.3218529214459,12.2634342620478,11.8468657764324,12.6996082631412,11.7271411626682,12.8194917678602,0.190668240339043,0.0806009359215292,1,1,"svr",1
"SRC-990-EXT-LIVING-GOODS","Living Goods","filing","exact_base",9,"latent_base_salary",12.5107284211723,NA,12.5107284211723,12.5107284211723,12.4815971291902,12.0650286435748,12.9177711302837,11.9453040298106,13.0376546350027,0.225544058144224,0.0770055829824324,1,1,"svr",1
"SRC-990-EXT-THE-HUMANE-LEAGUE","The Humane League","filing","exact_base",9,"latent_base_salary",12.3775599734482,NA,12.3775599734482,12.3775599734482,12.1950699901691,11.7785015045537,12.6312439912625,11.6587768907895,12.7511274959815,-0.0451042007373035,0.117682566195448,1,1,"svr",1
"SRC-990-EXT-CLEAN-AIR-TASK-FORCE","Clean Air Task Force","filing","exact_base",9,"latent_base_salary",12.8291533338357,NA,12.8291533338357,12.8291533338357,12.7185963650029,12.3020278793875,13.1547703660964,12.1823032656233,13.2746538708154,0.104417367230176,0.0920767563999903,1,1,"svr",1
"SRC-990-EXT-VERA-INSTITUTE-OF-JUSTICE","Vera Institute of Justice","filing","exact_base",9,"latent_base_salary",13.3181829414966,NA,13.3181829414966,13.3181829414966,12.9669026188687,12.5503341332533,13.4030766199621,12.4306095194891,13.5229601246811,-0.409903775683891,0.214193351256772,1,1,"svr",1
"SRC-990-EXT-DEMOS","Demos","filing","exact_base",10,"latent_base_salary",12.6428849557391,NA,12.6428849557391,12.6428849557391,12.80466830306,12.4227273867639,13.1889025574186,12.3055854580657,13.2960768675082,0.187817275781819,0.101525528082881,1,1,"svr",1
"SRC-990-EXT-ENVIRONMENTAL-LAW-INSTITUTE","Environmental Law Institute","filing","exact_base",10,"latent_base_salary",12.6696219906236,NA,12.6696219906236,12.6696219906236,12.4896450788871,12.1077041625909,12.8738793332456,11.9905622338927,12.9810536433352,0.0166379069622593,0.114081882343633,1,1,"svr",1
"SRC-990-EXT-CENTER-FOR-OPEN-SCIENCE","Center for Open Science","filing","exact_base",10,"latent_base_salary",12.5016604600873,NA,12.5016604600873,12.5016604600873,12.4991146346604,12.1171737183642,12.8833488890189,12.000031789666,12.9905231991085,0.372630433858025,0.0673229111271672,1,1,"svr",1
"SRC-990-EXT-INSTITUTE-FOR-NONPROFIT-NEWS","Institute for Nonprofit News","filing","exact_base",10,"latent_base_salary",12.3400869277947,NA,12.3400869277947,12.3400869277947,12.322925999412,11.9409850831159,12.7071602537705,11.8238431544177,12.8143345638602,0.358393614918147,0.0680453243742692,1,1,"svr",1
"SRC-990-EXT-NISKANEN-CENTER","Niskanen Center","filing","exact_base",10,"latent_base_salary",13.3543131280751,NA,13.3543131280751,13.3543131280751,12.9288371478763,12.5468962315801,13.3130714022348,12.4297543028819,13.4202457123244,-0.704502061884066,0.280778988951778,0,1,"svr",1
"SRC-990-EXT-INSTITUTE-ON-TAXATION-AND-ECONOMIC-POLICY","Institute on Taxation and Economic Policy","filing","exact_base",10,"latent_base_salary",12.3346530459445,NA,12.3346530459445,12.3346530459445,12.7587389726969,12.3767980564007,13.1429732270554,12.2596561277025,13.250147537145,-0.793707736442294,0.277136156017153,0,1,"svr",1
"SRC-990-EXT-ROOSEVELT-INSTITUTE","Roosevelt Institute","filing","exact_base",10,"latent_base_salary",13.0866290852163,NA,13.0866290852163,13.0866290852163,12.9512667227836,12.5693258064874,13.3355009771421,12.4521838777892,13.4426752872317,0.123483841517295,0.0951399862366172,1,1,"svr",1
"SRC-990-EXT-AMERICAN-IMMIGRATION-COUNCIL","American Immigration Council","filing","exact_base",10,"latent_base_salary",12.6131309837729,NA,12.6131309837729,12.6131309837729,12.5697527178873,12.1878118015911,12.9539869722458,12.0706698728929,13.0611612823354,0.321947476749955,0.070865222025196,1,1,"svr",1
"SRC-990-EXT-PROJECT-HEALTHY-CHILDREN","Project Healthy Children","filing","exact_base",10,"latent_base_salary",11.5747708002363,NA,11.5747708002363,11.5747708002363,12.7496571476096,12.3677162313134,13.1338914019681,12.2505743026152,13.2410657120577,-11.4751157184921,1.00662344509592,0,0,"svr",1
"SRC-990-EXT-EXPONENT-PHILANTHROPY","Exponent Philanthropy","filing","exact_base",10,"latent_base_salary",12.6069727833315,NA,12.6069727833315,12.6069727833315,12.3263269669365,11.9443860506403,12.710561221295,11.8272441219422,12.8177355313846,-0.213272510287831,0.171112019642736,1,1,"svr",1
"SRC-990-EXT-GUTTMACHER-INSTITUTE","Guttmacher Institute","filing","exact_base",10,"latent_base_salary",12.8946594433338,NA,12.8946594433338,12.8946594433338,13.2792239680038,12.8972830517077,13.6634582223623,12.7801411230095,13.770632532452,-0.640360489493556,0.244626387909397,0,1,"svr",1
"SRC-990-EXT-OPEN-SOURCE-INITIATIVE","Open Source Initiative","filing","exact_base",10,"latent_base_salary",12.2102910853882,NA,12.2102910853882,12.2102910853882,12.7781604698827,12.3962195535866,13.1623947242412,12.2790776248884,13.2695690343309,-1.44070423933932,0.405874145319957,0,0,"svr",1
"SRC-990-EXT-POPULATION-REFERENCE-BUREAU","Population Reference Bureau","filing","exact_base",1,"latent_base_salary",12.816309953692,NA,12.816309953692,12.816309953692,12.4579585533773,12.0967700024852,12.8191471042694,11.9943780670972,12.9215390396574,-0.460848832578748,0.226600517511881,1,1,"gp",1
"SRC-990-EXT3-CENTER-FOR-HEALTH-CARE-STRATEGIES","Center for Health Care Strategies","filing","exact_base",1,"latent_base_salary",12.6222962067176,NA,12.6222962067176,12.6222962067176,12.6794941606932,12.3394981752817,13.0194901461047,12.2431140377324,13.1158742836541,0.384713398844093,0.0669000144619772,1,1,"gp",1
"SRC-990-EXT-CLIMATE-CENTRAL","Climate Central","filing","exact_base",1,"latent_base_salary",12.6801870016491,NA,12.6801870016491,12.6801870016491,12.7467943897073,12.4029536325392,13.0906351468754,12.3054795556208,13.1881092237938,0.365893898487113,0.0692635796375555,1,1,"gp",1
"SRC-990-EXT-BULLETIN-OF-THE-ATOMIC-SCIENTISTS","Bulletin of the Atomic Scientists","filing","exact_base",1,"latent_base_salary",12.3173567420894,NA,12.3173567420894,12.3173567420894,12.3639738838902,12.0201721161954,12.7077756515849,11.9227090922508,12.8052386755295,0.381725091134147,0.0659169184612228,1,1,"gp",1
"SRC-990-EXT-PRECISION-DEVELOPMENT","Precision Development","filing","exact_base",1,"latent_base_salary",12.4150937427763,NA,12.4150937427763,12.4150937427763,12.4440949039358,12.10111396986,12.7870758380115,12.0038836408409,12.8843061670307,0.393342107692382,0.063796170084032,1,1,"gp",1
"SRC-990-EXT-SOFTWARE-FREEDOM-CONSERVANCY","Software Freedom Conservancy","filing","exact_base",1,"latent_base_salary",12.1568022510686,NA,12.1568022510686,12.1568022510686,12.3289769932459,11.9563503073926,12.7016036790992,11.8507158196783,12.8072381668134,0.140990492458478,0.107475030139789,1,1,"gp",1
"SRC-990-EXT-GRANTMAKERS-FOR-EDUCATION","Grantmakers for Education","filing","exact_base",1,"latent_base_salary",12.4309659850717,NA,12.4309659850717,12.4309659850717,12.4708960214347,12.1193922586345,12.8223997842349,12.0197458260984,12.922046216771,0.3640708658753,0.0664128137972445,1,1,"gp",1
"SRC-990-EXT-ANIMAL-LEGAL-DEFENSE-FUND","Animal Legal Defense Fund","filing","exact_base",1,"latent_base_salary",12.5370734769901,NA,12.5370734769901,12.5370734769901,12.5646128188276,12.2237170251707,12.9055086124845,12.1270778044867,13.0021478331685,0.399952135559188,0.0632998583824177,1,1,"gp",1
"SRC-990-EXT-ANIMAL-WELFARE-INSTITUTE","Animal Welfare Institute","filing","exact_base",2,"latent_base_salary",12.1688180822369,NA,12.1688180822369,12.1688180822369,12.4294993238289,12.1038055401352,12.7551931075226,12.0114758780407,12.8475227696171,-0.075138481600953,0.157610453564641,1,1,"gp",1
"SRC-990-EXT3-LEARNING-POLICY-INSTITUTE","Learning Policy Institute","filing","exact_base",2,"latent_base_salary",13.1712146825618,NA,13.1712146825618,13.1712146825618,13.0121752611132,12.6837150016212,13.3406355206051,12.5906010820788,13.4337494401476,0.249947858831041,0.098050160431382,1,1,"gp",1
"SRC-990-EXT-NATIONAL-EMPLOYMENT-LAW-PROJECT","National Employment Law Project","filing","exact_base",2,"latent_base_salary",12.8184638703657,NA,12.8184638703657,12.8184638703657,13.0143270868913,12.6845292009376,13.344124972845,12.5910360828798,13.4376180909028,0.148772474216341,0.116897779337197,1,1,"gp",1
"SRC-990-EXT-PEAK-GRANTMAKING","PEAK Grantmaking","filing","exact_base",2,"latent_base_salary",12.6147062287155,NA,12.6147062287155,12.6147062287155,12.7319417796003,12.4086437939125,13.055239765288,12.3169933072626,13.1468902519379,0.350330933745981,0.0803066354169239,1,1,"gp",1
"SRC-990-EXT-FEDERATION-OF-AMERICAN-SCIENTISTS","Federation of American Scientists","filing","exact_base",2,"latent_base_salary",13.0648771145336,NA,13.0648771145336,13.0648771145336,12.8036401682484,12.4737133098837,13.1335670266132,12.3801836299395,13.2270967065574,-0.0768271807701366,0.157697834367941,1,1,"gp",1
"SRC-990-EXT-TECHCONGRESS","TechCongress","filing","exact_base",2,"latent_base_salary",12.4960490464963,NA,12.4960490464963,12.4960490464963,12.3171517617724,11.9560711062752,12.6782324172696,11.8537097577324,12.7805937658124,0.146209777724728,0.109696773527081,1,1,"gp",1
"SRC-990-EXT-INSTITUTE-FOR-SECURITY-AND-TECHNOLOGY","Institute for Security and Technology","filing","exact_base",2,"latent_base_salary",12.3935414740295,NA,12.3935414740295,12.3935414740295,12.6878282966886,12.3619766460425,13.0136799473347,12.2696022308606,13.1060543625165,-0.219352138428424,0.181946994881329,1,1,"gp",1
"SRC-990-EXT-GLOBAL-HEALTH-CORPS","Global Health Corps","filing","exact_base",2,"latent_base_salary",12.4246040572612,NA,12.4246040572612,12.4246040572612,12.3710135386779,12.0199376607165,12.7220894166394,11.9204125275866,12.8216145497693,0.356751417857517,0.0681888654441844,1,1,"gp",1
"SRC-990-EXT-THIRD-WAY-INSTITUTE","Third Way Institute","filing","exact_base",2,"latent_base_salary",12.9939824923999,NA,12.9939824923999,12.9939824923999,12.4720026917313,12.0640249076444,12.8799804758182,11.9483688747918,12.9956365086708,-1.11856362320715,0.355840578682777,0,1,"gp",1
"SRC-990-EXT-MERCY-FOR-ANIMALS","Mercy For Animals","filing","exact_base",2,"latent_base_salary",12.2436538423338,NA,12.2436538423338,12.2436538423338,12.4622929645594,12.1305882885226,12.7939976405963,12.0365546219715,12.8880313071474,0.0758679417166865,0.130080063715835,1,1,"gp",1
"SRC-990-EXT-EVIDENCE-ACTION","Evidence Action","filing","exact_base",2,"latent_base_salary",12.8276536554356,NA,12.8276536554356,12.8276536554356,12.618973441709,12.2826879708467,12.9552589125714,12.1873557126136,13.0505911708045,0.102708433509833,0.124248719260259,1,1,"gp",1
"SRC-990-EA-COPENHAGEN-CONSENSUS-CENTER","Copenhagen Consensus Center","filing","exact_base",2,"latent_base_salary",13.0459767896383,NA,13.0459767896383,13.0459767896383,12.1996048111989,11.8079362370887,12.591273385309,11.6969036386446,12.7023059837531,-3.56819138609553,0.674459419420129,0,0,"gp",1
"SRC-990-EXT-CENTER-FOR-AI-SAFETY","Center for AI Safety","filing","exact_base",3,"latent_base_salary",12.7213413939825,NA,12.7213413939825,12.7213413939825,12.5156049287752,12.1908880497308,12.8403218078196,12.0988353265302,12.9323745310203,0.1242831356617,0.122423898253942,1,1,"gp",1
"SRC-990-EXT-CENTER-FOR-DEMOCRACY-TECHNOLOGY","Center for Democracy & Technology","filing","exact_base",3,"latent_base_salary",12.9169778646385,NA,12.9169778646385,12.9169778646385,12.7635487580123,12.440908752639,13.0861887633855,12.3494447942656,13.177652721759,0.27464708427225,0.0950243447295084,1,1,"gp",1
"SRC-990-EXT-PROJECT-DRAWDOWN","Project Drawdown","filing","exact_base",3,"latent_base_salary",13.0056540850792,NA,13.0056540850792,13.0056540850792,12.6331747742466,12.3031179616335,12.9632315868598,12.2095514414656,13.0567981070277,-0.608225783323298,0.244218725272949,0,1,"gp",1
"SRC-990-EXT-CHARITY-NAVIGATOR","Charity Navigator","filing","exact_base",3,"latent_base_salary",12.7520384665336,NA,12.7520384665336,12.7520384665336,12.5828689633508,12.2594668835643,12.9062710431373,12.1677868876839,12.9979510390178,0.233293096424689,0.10259484948245,1,1,"gp",1
"SRC-990-EXT-CHICAGO-COUNCIL-ON-GLOBAL-AFFAIRS","Chicago Council on Global Affairs","filing","exact_base",3,"latent_base_salary",13.1491202773988,NA,13.1491202773988,13.1491202773988,12.7165799263286,12.3921092362104,13.0410506164468,12.3001263041495,13.1330335485077,-1.00460663832644,0.298768279227881,0,0,"gp",1
"SRC-990-EXT-RESEARCH-AMERICA","Research!America","filing","exact_base",3,"latent_base_salary",13.297112905275,NA,13.297112905275,13.297112905275,12.9290233852011,12.6059505195967,13.2520962508055,12.5143638513624,13.3436829190398,-0.606967322380672,0.242032500471098,0,1,"gp",1
"SRC-990-EXT-VILLAGE-ENTERPRISE","Village Enterprise","filing","exact_base",3,"latent_base_salary",12.5400430408691,NA,12.5400430408691,12.5400430408691,12.5021005358432,12.1582856813335,12.845915390353,12.0608189474588,12.9433821242277,0.386783917381568,0.0648329511173015,1,1,"gp",1
"SRC-990-EXT-FARM-SANCTUARY","Farm Sanctuary","filing","exact_base",3,"latent_base_salary",12.3163882693373,NA,12.3163882693373,12.3163882693373,12.454964787312,12.1177043755468,12.7922251990771,12.0220957351148,12.8878338395091,0.277392186197347,0.0899572331391887,1,1,"gp",1
"SRC-990-EXT-ARMS-CONTROL-ASSOCIATION","Arms Control Association","filing","exact_base",3,"latent_base_salary",11.7955985634313,NA,11.7955985634313,11.7955985634313,12.3860691838362,12.0388659824667,12.7332723852056,11.940438699339,12.8316996683333,-1.98806409913265,0.440424869014292,0,0,"gp",1
"SRC-990-EXT3-AMERICAN-SECURITY-PROJECT","American Security Project","filing","exact_base",3,"latent_base_salary",11.9786620658855,NA,11.9786620658855,11.9786620658855,12.5344109182962,12.1509153437869,12.9179064928055,12.0421996771641,13.0266221594283,-1.43700103218999,0.394307734614857,0,0,"gp",1
"SRC-990-EA-GIVEWELL","GiveWell","filing","exact_base",3,"latent_base_salary",13.0190388321958,NA,13.0190388321958,13.0190388321958,12.5981734905326,12.0905166144786,13.1058303665866,11.9466029441149,13.2497440369502,-0.557318763355335,0.255897966673636,1,1,"gp",1
"SRC-990-EXT-GIVINGTUESDAY","GivingTuesday","filing","exact_base",4,"latent_base_salary",12.8728251821158,NA,12.8728251821158,12.8728251821158,12.4244880676726,12.0884642961195,12.7605118392257,11.9932062260042,12.855769909341,-1.04217308799016,0.309767364254088,0,0,"gp",1
"SRC-990-EXT3-NATIONAL-ACADEMY-FOR-STATE-HEALTH-POLICY","National Academy for State Health Policy","filing","exact_base",4,"latent_base_salary",12.8776933603378,NA,12.8776933603378,12.8776933603378,12.9831825903346,12.6754228916902,13.290942288979,12.5881772935094,13.3781878871598,0.411089497690394,0.0743156611726106,1,1,"gp",1
"SRC-990-EXT3-CARBON-MAPPER","Carbon Mapper","filing","exact_base",4,"latent_base_salary",12.5153758745745,NA,12.5153758745745,12.5153758745745,12.8336742909974,12.477908770106,13.1894398118887,12.377054188369,13.2902943936257,-0.294713562398669,0.196394664490349,1,1,"gp",1
"SRC-990-EXT-CENTER-FOR-EFFECTIVE-PHILANTHROPY","Center for Effective Philanthropy","filing","exact_base",4,"latent_base_salary",13.2146671151145,NA,13.2146671151145,13.2146671151145,12.8146524126344,12.5038704978759,13.1254343273929,12.4157681434211,13.2135366818477,-0.862653246995038,0.273217005105071,0,0,"gp",1
"SRC-990-EXT-ECONOMIC-POLICY-INSTITUTE","Economic Policy Institute","filing","exact_base",4,"latent_base_salary",12.4477248107957,NA,12.4477248107957,12.4477248107957,12.7059966712503,12.3971267974208,13.0148665450799,12.3095664800011,13.1024268624995,-0.0702081091603637,0.157270622753331,1,1,"gp",1
"SRC-990-EXT-ELECTRONIC-FRONTIER-FOUNDATION","Electronic Frontier Foundation","filing","exact_base",4,"latent_base_salary",12.757183396529,NA,12.757183396529,12.757183396529,12.7483752449921,12.4335709949286,13.0631794950556,12.344328364306,13.1524221256782,0.484294351978213,0.0575315375044487,1,1,"gp",1
"SRC-990-EXT-ENERGY-FOR-GROWTH-HUB","Energy for Growth Hub","filing","exact_base",4,"latent_base_salary",13.0105039226493,NA,13.0105039226493,13.0105039226493,12.2668684621483,11.9129222775062,12.6208146467904,11.8125834523159,12.7211534719808,-3.25708866303393,0.58841443797383,0,0,"gp",1
"SRC-990-EXT-LAST-MILE-HEALTH","Last Mile Health","filing","exact_base",4,"latent_base_salary",12.4850802155385,NA,12.4850802155385,12.4850802155385,12.5575945174905,12.2377878876487,12.8774011473323,12.1471271518681,12.9680618831129,0.426952072473846,0.0666654153406411,1,1,"gp",1
"SRC-990-EA-FORESIGHT-INSTITUTE","Foresight Institute","filing","exact_base",4,"latent_base_salary",12.5911934036369,NA,12.5911934036369,12.5911934036369,12.1452215723626,11.7522345978745,12.5382085468507,11.6408282512427,12.6496148934825,-0.794437756239094,0.292892888707886,0,1,"gp",1
"SRC-990-EXT-DATAKIND","DataKind","filing","exact_base",5,"latent_base_salary",12.4083285202951,NA,12.4083285202951,12.4083285202951,12.5367182197817,12.1700325006828,12.9034039388805,12.0660821944924,13.0073542450709,0.231709764016554,0.0894715993093919,1,1,"gp",1
"SRC-990-EXT-FAR-AI","FAR AI","filing","exact_base",5,"latent_base_salary",12.405415596293,NA,12.405415596293,12.405415596293,12.4943644083612,12.1251248194979,12.8636039972245,12.0204505267159,12.9682782900065,0.277787800125239,0.0782009639376164,1,1,"gp",1
"SRC-990-EXT-IDEAS42","ideas42","filing","exact_base",5,"latent_base_salary",12.4941514017925,NA,12.4941514017925,12.4941514017925,12.6586697748482,12.2954416372189,13.0218979124776,12.1924715073313,13.1248680423651,0.173391229976153,0.103298509823561,1,1,"gp",1
"SRC-990-EXT-TAX-FOUNDATION","Tax Foundation","filing","exact_base",5,"latent_base_salary",12.515216592965,NA,12.515216592965,12.515216592965,12.5559995331573,12.2156005469703,12.8963985193443,12.1191021643008,12.9928969020137,0.394982304175085,0.0645660639893689,1,1,"gp",1
"SRC-990-EXT-PETERSON-INSTITUTE-FOR-INTERNATIONAL-ECONOMICS","Peterson Institute for International Economics","filing","exact_base",5,"latent_base_salary",13.3086807403212,NA,13.3086807403212,13.3086807403212,13.0754191916899,12.6259493715154,13.5248890118644,12.4985309229724,13.6523074604074,-0.0923510687352838,0.141669502156794,1,1,"gp",1
"SRC-990-EXT-WORLD-JUSTICE-PROJECT","World Justice Project","filing","exact_base",5,"latent_base_salary",12.8497369708156,NA,12.8497369708156,12.8497369708156,13.0035935470055,12.665214375775,13.341972718236,12.56928858258,13.4378985114311,0.242948786891134,0.0964921885225448,1,1,"gp",1
"SRC-990-EXT-SIGHTLINE-INSTITUTE","Sightline Institute","filing","exact_base",5,"latent_base_salary",12.2612800796685,NA,12.2612800796685,12.2612800796685,12.397954255732,12.0377983196901,12.758110191774,11.9356991162637,12.8602093952003,0.232092225603912,0.0916822791209985,1,1,"gp",1
"SRC-990-EXT-OPEN-MARKETS-INSTITUTE","Open Markets Institute","filing","exact_base",5,"latent_base_salary",12.1897506129305,NA,12.1897506129305,12.1897506129305,12.4218535515368,12.0774345677792,12.7662725352943,11.9797965716572,12.8639105314163,0.0220976661104633,0.138151570540446,1,1,"gp",1
"SRC-990-EXT-STRONGMINDS","StrongMinds","filing","exact_base",5,"latent_base_salary",12.4509506432504,NA,12.4509506432504,12.4509506432504,12.426438771049,12.0822416633018,12.7706358787962,11.9846665659457,12.8682109761523,0.391509098200455,0.0636572776467862,1,1,"gp",1
"SRC-990-EXT-NEW-AMERICA","New America","filing","exact_base",5,"latent_base_salary",13.2081577341251,NA,13.2081577341251,13.2081577341251,13.1992782009854,12.8240055108612,13.5745508911096,12.7176209177029,13.6809354842679,0.308775557666044,0.0685395711431531,1,1,"gp",1
"SRC-990-EXT-INNOVATIONS-FOR-POVERTY-ACTION","Innovations for Poverty Action","filing","exact_base",5,"latent_base_salary",12.4867659407714,NA,12.4867659407714,12.4867659407714,12.8857528019286,12.52029338564,13.2512122182172,12.4166907192567,13.3548148846005,-0.643037893056676,0.259050954303227,0,1,"gp",1
"SRC-990-EXT-REDWOOD-RESEARCH","Redwood Research","filing","exact_base",5,"latent_base_salary",12.5766540301346,NA,12.5766540301346,12.5766540301346,12.6750618992609,12.0784778389759,13.2716459595458,11.9093545475445,13.4407692509772,-0.176675781329583,0.117057380520226,1,1,"gp",1
"SRC-990-EXT-INTERNET-SECURITY-RESEARCH-GROUP","Internet Security Research Group","filing","exact_base",6,"latent_base_salary",12.6634761632277,NA,12.6634761632277,12.6634761632277,12.4816310041786,12.140261727953,12.8230002804043,12.0434882815399,12.9197737268173,0.170901504277104,0.109937483765622,1,1,"gp",1
"SRC-990-EXT-INSTITUTE-FOR-ENERGY-ECONOMICS-AND-FINANCIAL-ANALYSIS","Institute for Energy Economics and Financial Analysis","filing","exact_base",6,"latent_base_salary",12.5797210272034,NA,12.5797210272034,12.5797210272034,12.630122082192,12.288335469954,12.97190869443,12.1914437145804,13.0688004498035,0.384844532097259,0.0661144839405413,1,1,"gp",1
"SRC-990-EXT-BREAKTHROUGH-INSTITUTE","Breakthrough Institute","filing","exact_base",6,"latent_base_salary",12.579065834723,NA,12.579065834723,12.579065834723,12.5792276240188,12.2395461103856,12.918909137652,12.1432511212157,13.0152041268219,0.408879609922197,0.0619420366899496,1,1,"gp",1
"SRC-990-EXT-COMMITTEE-FOR-A-RESPONSIBLE-FEDERAL-BUDGET","Committee for a Responsible Federal Budget","filing","exact_base",6,"latent_base_salary",13.2655461923519,NA,13.2655461923519,13.2655461923519,12.9397551333058,12.5943077427015,13.2852025239101,12.4963782075284,13.3831320590833,-0.338345216765827,0.203425295692797,1,1,"gp",1
"SRC-990-EXT-FRESH-ENERGY","Fresh Energy","filing","exact_base",6,"latent_base_salary",12.4117920746609,NA,12.4117920746609,12.4117920746609,12.5538342562167,12.1868458307293,12.920822681704,12.082809711484,13.0248588009494,0.208538964589023,0.0944669749641915,1,1,"gp",1
"SRC-990-EXT-MIGRATION-POLICY-INSTITUTE","Migration Policy Institute","filing","exact_base",6,"latent_base_salary",12.6227383916406,NA,12.6227383916406,12.6227383916406,12.6106460324716,12.2721439730273,12.949148091916,12.1761833427312,13.0451087222121,0.411310121297161,0.0619477363633276,1,1,"gp",1
"SRC-990-EXT-CODE-FOR-SCIENCE-SOCIETY","Code for Science & Society","filing","exact_base",6,"latent_base_salary",12.2746977427298,NA,12.2746977427298,12.2746977427298,12.6311912557504,12.2620557839672,13.0003267275336,12.1574110069306,13.1049715045702,-0.440178647433487,0.223886372732542,1,1,"gp",1
"SRC-990-EXT-INDEPENDENT-SECTOR","Independent Sector","filing","exact_base",6,"latent_base_salary",13.3541442871094,NA,13.3541442871094,13.3541442871094,13.0977549823348,12.7420974295691,13.4534125351006,12.6412734552955,13.5542365093741,-0.0638343944382118,0.153162961312256,1,1,"gp",1
"SRC-990-EXT-INSTITUTE-FOR-POLICY-STUDIES","Institute for Policy Studies","filing","exact_base",6,"latent_base_salary",12.053986283532,NA,12.053986283532,12.053986283532,12.5116517772989,12.1377529813898,12.885550573208,12.031757868151,12.9915456864469,-0.917451749092294,0.30765667393913,0,1,"gp",1
"SRC-990-EXT-VILLAGEREACH","VillageReach","filing","exact_base",6,"latent_base_salary",12.4314315810676,NA,12.4314315810676,12.4314315810676,12.4122679943256,12.0534512537479,12.7710847349033,11.9517316936272,12.872804295024,0.351734121616982,0.0659544336615833,1,1,"gp",1
"SRC-990-EXT-RESULTS-FOR-DEVELOPMENT","Results for Development","filing","exact_base",6,"latent_base_salary",12.9211104925028,NA,12.9211104925028,12.9211104925028,12.9470856047584,12.5908855465952,13.3032856629215,12.4899077795797,13.404263429937,0.357028858078287,0.0659219291817979,1,1,"gp",1
"SRC-990-EXT-CREATIVE-COMMONS","Creative Commons","filing","exact_base",6,"latent_base_salary",12.4083285202951,NA,12.4083285202951,12.4083285202951,12.445148187973,12.0983405123049,12.791955863641,12.0000253552177,12.8902710207282,0.378861848071704,0.0652369579791301,1,1,"gp",1
"SRC-990-EXT3-CENTER-FOR-ARMS-CONTROL-AND-NON-PROLIFERATION","Center for Arms Control and Non-Proliferation","filing","exact_base",6,"latent_base_salary",12.5533356659485,NA,12.5533356659485,12.5533356659485,12.198125419439,11.8275732126611,12.5686776262169,11.7225268109395,12.6737240279385,-0.432701813421731,0.222670989221698,1,1,"gp",1
"SRC-990-EXT-FUTURE-OF-PRIVACY-FORUM","Future of Privacy Forum","filing","exact_base",7,"latent_base_salary",13.5088520328401,NA,13.5088520328401,13.5088520328401,13.020067517359,12.7007946877674,13.3393403469507,12.6102852769404,13.4298497577776,-1.45381381075609,0.35290967661208,0,0,"gp",1
"SRC-990-EXT-JAIN-FAMILY-INSTITUTE","Jain Family Institute","filing","exact_base",7,"latent_base_salary",12.3338860528408,NA,12.3338860528408,12.3338860528408,12.6081786231882,12.2915359764698,12.9248212699065,12.2017721859405,13.0145850604358,-0.137099432467426,0.168127889015802,1,1,"gp",1
"SRC-990-EXT-ORCID","ORCID","filing","exact_base",7,"latent_base_salary",12.5696077844296,NA,12.5696077844296,12.5696077844296,12.3054800254233,11.9561744178432,12.6547856330035,11.8571511317681,12.7538089190786,-0.088584422161053,0.158508286688561,1,1,"gp",1
"SRC-990-EXT-SOCIAL-SCIENCE-RESEARCH-COUNCIL","Social Science Research Council","filing","exact_base",7,"latent_base_salary",12.7968302816124,NA,12.7968302816124,12.7968302816124,13.1161698644543,12.7944766608136,13.437863068095,12.7032811075753,13.5290586213333,-0.345925032558262,0.201960179181624,1,1,"gp",1
"SRC-990-EXT-STIMSON-CENTER","Stimson Center","filing","exact_base",7,"latent_base_salary",12.9582226865033,NA,12.9582226865033,12.9582226865033,12.6968031495511,12.3778802703919,13.0157260287104,12.2874700656498,13.1061362334525,-0.0798168627326303,0.158648945962123,1,1,"gp",1
"SRC-990-EXT-GOOD-FOOD-INSTITUTE","Good Food Institute","filing","exact_base",7,"latent_base_salary",12.3904522913386,NA,12.3904522913386,12.3904522913386,12.7081672546285,12.383082326391,13.033252182866,12.2909252663582,13.1254092428987,-0.331573396999302,0.200130410537798,1,1,"gp",1
"SRC-990-EXT-ECONOMIC-INNOVATION-GROUP","Economic Innovation Group","filing","exact_base",7,"latent_base_salary",12.9583656609222,NA,12.9583656609222,12.9583656609222,12.9598645621918,12.6347806185801,13.2849485058035,12.542623837675,13.3771052867085,0.452787355093435,0.0592836176963795,1,1,"gp",1
"SRC-990-EXT-BIPARTISAN-POLICY-CENTER","Bipartisan Policy Center","filing","exact_base",7,"latent_base_salary",13.69992393343,NA,13.69992393343,13.69992393343,13.1097398867457,12.7536657373504,13.4658140361409,12.6527236637211,13.5667561097703,-1.89423578720321,0.436787905920338,0,0,"gp",1
"SRC-990-EXT-RESULTS-FOR-AMERICA","Results for America","filing","exact_base",7,"latent_base_salary",12.6889203108623,NA,12.6889203108623,12.6889203108623,13.1273949654469,12.7976758624751,13.4571140684187,12.704205078298,13.5505848525958,-1.01360805580016,0.302632193615514,0,0,"gp",1
"SRC-990-EXT3-NUCLEAR-INNOVATION-ALLIANCE","Nuclear Innovation Alliance","filing","exact_base",7,"latent_base_salary",12.6101041264858,NA,12.6101041264858,12.6101041264858,12.3327485904893,11.9862288772675,12.6792683037112,11.8879953535325,12.7775018274462,-0.137141354487152,0.167692391962607,1,1,"gp",1
"SRC-990-EXT3-CENTER-FOR-INTERNATIONAL-POLICY","Center for International Policy","filing","exact_base",7,"latent_base_salary",12.3116931273939,NA,12.3116931273939,12.3116931273939,12.2399267282064,11.8733125448661,12.6065409115467,11.7693825180693,12.7104709383435,0.301110457000938,0.0739983796016589,1,1,"gp",1
"SRC-990-EA-CENTER-FOR-ELECTION-SCIENCE","Center for Election Science","filing","exact_base",7,"latent_base_salary",12.2614916001655,NA,12.2614916001655,12.2614916001655,12.2811615021265,11.9070590884169,12.6552639158362,11.8010062523609,12.7613167518921,0.310088449385559,0.0687473189543461,1,1,"gp",1
"SRC-990-EXT-PARTNERSHIP-ON-AI","Partnership on AI","filing","exact_base",8,"latent_base_salary",12.7912011974447,NA,12.7912011974447,12.7912011974447,12.8769730197962,12.5436849892664,13.2102610503261,12.4492024637175,13.304743575875,0.373494564201035,0.0719602995233328,1,1,"gp",1
"SRC-990-EXT-FRAMEWORKS-INSTITUTE","FrameWorks Institute","filing","exact_base",8,"latent_base_salary",13.0266397001217,NA,13.0266397001217,13.0266397001217,13.0251521746622,12.6831007426592,13.3672036066651,12.586133914562,13.4641704347623,0.40191160789046,0.0623774667621622,1,1,"gp",1
"SRC-990-EXT-QUINCY-INSTITUTE-FOR-RESPONSIBLE-STATECRAFT","Quincy Institute for Responsible Statecraft","filing","exact_base",8,"latent_base_salary",12.631030234805,NA,12.631030234805,12.631030234805,13.0282348376959,12.6836791195841,13.3727905558076,12.5860023611727,13.470467314219,-0.696686765997516,0.262107096434388,0,1,"gp",1
"SRC-990-EXT-COUNCIL-ON-STRATEGIC-RISKS","Council on Strategic Risks","filing","exact_base",8,"latent_base_salary",12.508796619219,NA,12.508796619219,12.508796619219,12.5661854463242,12.2345415803574,12.897829312291,12.1405251526162,12.9918457400322,0.408236866641567,0.0655328545957281,1,1,"gp",1
"SRC-990-EXT-INFORMATION-TECHNOLOGY-AND-INNOVATION-FOUNDATION","Information Technology and Innovation Foundation","filing","exact_base",8,"latent_base_salary",13.2745188452622,NA,13.2745188452622,13.2745188452622,13.0429042076831,12.6980234301773,13.387784985189,12.6002545219444,13.4855538934219,0.0233191235137244,0.137847991894136,1,1,"gp",1
"SRC-990-EXT-NUMFOCUS","NumFOCUS","filing","exact_base",8,"latent_base_salary",12.0255072657542,NA,12.0255072657542,12.0255072657542,12.5436191456201,12.1901943570331,12.8970439342071,12.0900033403795,12.9972349508607,-1.39558150465625,0.368962764843867,0,0,"gp",1
"SRC-990-EXT-TECHNICAL-ASSISTANCE-COLLABORATIVE","Technical Assistance Collaborative","filing","exact_base",8,"latent_base_salary",12.4383619268654,NA,12.4383619268654,12.4383619268654,12.4991373413248,12.1661907830513,12.8320838995983,12.0718050601422,12.9264696225073,0.401544187244911,0.0663600178279387,1,1,"gp",1
"SRC-990-EXT-CENTER-FOR-A-NEW-AMERICAN-SECURITY","Center for a New American Security","filing","exact_base",8,"latent_base_salary",13.1871814907024,NA,13.1871814907024,13.1871814907024,13.1558163910407,12.8142119683359,13.4974208137455,12.7173718611635,13.594260920918,0.396311933531199,0.0637633161229054,1,1,"gp",1
"SRC-990-EXT-DATA-QUALITY-CAMPAIGN","Data Quality Campaign","filing","exact_base",8,"latent_base_salary",12.9352645395531,NA,12.9352645395531,12.9352645395531,13.0717279417245,12.7019443566804,13.4415115267686,12.5971158485401,13.5463400349089,0.212134917989337,0.0927090731751588,1,1,"gp",1
"SRC-990-EXT-GRANTMAKERS-FOR-EFFECTIVE-ORGANIZATIONS","Grantmakers for Effective Organizations","filing","exact_base",8,"latent_base_salary",12.8837522170102,NA,12.8837522170102,12.8837522170102,12.7797924416657,12.4476100904652,13.1119747928662,12.3534410096426,13.2061438736888,0.350773873714336,0.0769891923980242,1,1,"gp",1
"SRC-990-EXT-THE-SENTENCING-PROJECT","The Sentencing Project","filing","exact_base",8,"latent_base_salary",12.2172732835324,NA,12.2172732835324,12.2172732835324,12.3578922801068,12.0091104522348,12.7066741079788,11.910235650429,12.8055489097846,0.248959732121684,0.0919589082255837,1,1,"gp",1
"SRC-990-EXT-PHYSICIANS-FOR-SOCIAL-RESPONSIBILITY","Physicians for Social Responsibility","filing","exact_base",8,"latent_base_salary",11.9808845054682,NA,11.9808845054682,11.9808845054682,12.4261271780124,12.0646943116212,12.7875600444037,11.9622331161839,12.890021239841,-0.899367136647179,0.299907485097356,0,1,"gp",1
"SRC-990-EXT-INSTITUTE-FOR-THE-STUDY-OF-WAR","Institute for the Study of War","filing","exact_base",9,"latent_base_salary",12.2737531161958,NA,12.2737531161958,12.2737531161958,12.3486926527511,11.9861990030519,12.7111863024503,11.8834370902867,12.8139482152155,0.308784829137073,0.0739766301136227,1,1,"gp",1
"SRC-990-EXT-CENTER-FOR-CLIMATE-AND-ENERGY-SOLUTIONS","Center for Climate and Energy Solutions","filing","exact_base",9,"latent_base_salary",12.9791557665258,NA,12.9791557665258,12.9791557665258,13.0607920378382,12.7083992812411,13.4131847944353,12.6085008313164,13.51308324436,0.328070743917625,0.0738586200795813,1,1,"gp",1
"SRC-990-EXT-SAN-FRANCISCO-ESTUARY-INSTITUTE","San Francisco Estuary Institute","filing","exact_base",9,"latent_base_salary",12.1771418570467,NA,12.1771418570467,12.1771418570467,12.3840500818109,12.0258032520874,12.7422969115345,11.9242452537748,12.8438549098471,0.0817402113851802,0.123780668642666,1,1,"gp",1
"SRC-990-EXT-PUBLIC-AGENDA","Public Agenda","filing","exact_base",9,"latent_base_salary",12.5141054670907,NA,12.5141054670907,12.5141054670907,12.3439933048747,11.9930849580526,12.6949016516967,11.8936073176729,12.7943792920765,0.183377313026245,0.104845911242795,1,1,"gp",1
"SRC-990-EXT-PUBLIC-KNOWLEDGE","Public Knowledge","filing","exact_base",9,"latent_base_salary",12.4996822653103,NA,12.4996822653103,12.4996822653103,12.4344840845707,12.0853658174486,12.7836023516929,11.9863956397902,12.8825725293512,0.352837842833139,0.0698583486418202,1,1,"gp",1
"SRC-990-EXT-NATIONAL-COMMITTEE-FOR-RESPONSIVE-PHILANTHROPY","National Committee for Responsive Philanthropy","filing","exact_base",9,"latent_base_salary",12.742437732963,NA,12.742437732963,12.742437732963,12.4806203222058,12.1332457432906,12.827994901121,12.0347698770101,12.9264707674016,-0.0800063037449052,0.157065199081414,1,1,"gp",1
"SRC-990-EXT-OPENSECRETS","OpenSecrets","filing","exact_base",9,"latent_base_salary",12.3218529214459,NA,12.3218529214459,12.3218529214459,12.3357876389782,11.9620410736251,12.7095342043312,11.8560891156336,12.8154861623227,0.312168793749508,0.0684194393403572,1,1,"gp",1
"SRC-990-EXT-LIVING-GOODS","Living Goods","filing","exact_base",9,"latent_base_salary",12.5107284211723,NA,12.5107284211723,12.5107284211723,12.4353485694341,12.0537266194624,12.8169705194057,11.9455420993616,12.9251550395065,0.260418268497186,0.0771620084865818,1,1,"gp",1
"SRC-990-EXT-THE-HUMANE-LEAGUE","The Humane League","filing","exact_base",9,"latent_base_salary",12.3775599734482,NA,12.3775599734482,12.3775599734482,12.3090893792011,11.9269066217377,12.6912721366644,11.8185631205056,12.7996156378965,0.264631592084105,0.0759364975964556,1,1,"gp",1
"SRC-990-EXT-CLEAN-AIR-TASK-FORCE","Clean Air Task Force","filing","exact_base",9,"latent_base_salary",12.8291533338357,NA,12.8291533338357,12.8291533338357,12.7097109921147,12.3495840577002,13.0698379265293,12.2474930758321,13.1719289083973,0.260098445656857,0.0856246037491921,1,1,"gp",1
"SRC-990-EXT-VERA-INSTITUTE-OF-JUSTICE","Vera Institute of Justice","filing","exact_base",9,"latent_base_salary",13.3181829414966,NA,13.3181829414966,13.3181829414966,12.9616861117809,12.5670214888725,13.3563507346892,12.4551395522249,13.4682326713369,-0.411182531828493,0.220417677859828,1,1,"gp",1
"SRC-990-EXT-DEMOS","Demos","filing","exact_base",10,"latent_base_salary",12.6428849557391,NA,12.6428849557391,12.6428849557391,12.8356671178997,12.5383241011421,13.1330101346573,12.4540314875342,13.2173027482651,0.19681010941502,0.114687066622663,1,1,"gp",1
"SRC-990-EXT-ENVIRONMENTAL-LAW-INSTITUTE","Environmental Law Institute","filing","exact_base",10,"latent_base_salary",12.6696219906236,NA,12.6696219906236,12.6696219906236,12.5357721321397,12.2253397102498,12.8462045540296,12.137336432167,12.9342078321124,0.346255475810936,0.0853861857397786,1,1,"gp",1
"SRC-990-EXT-CENTER-FOR-OPEN-SCIENCE","Center for Open Science","filing","exact_base",10,"latent_base_salary",12.5016604600873,NA,12.5016604600873,12.5016604600873,12.5432442336501,12.243227003386,12.8432614639141,12.1581762874078,12.9283121798923,0.51727231838335,0.057648146429061,1,1,"gp",1
"SRC-990-EXT-INSTITUTE-FOR-NONPROFIT-NEWS","Institute for Nonprofit News","filing","exact_base",10,"latent_base_salary",12.3400869277947,NA,12.3400869277947,12.3400869277947,12.3532190139949,12.0384966083832,12.6679414196066,11.9492771795255,12.7571608484644,0.483767521058103,0.0576707053209524,1,1,"gp",1
"SRC-990-EXT-NISKANEN-CENTER","Niskanen Center","filing","exact_base",10,"latent_base_salary",13.3543131280751,NA,13.3543131280751,13.3543131280751,12.9568150302969,12.6591453081316,13.2544847524622,12.5747600780803,13.3388699825135,-0.923439795665243,0.274715662218041,0,0,"gp",1
"SRC-990-EXT-INSTITUTE-ON-TAXATION-AND-ECONOMIC-POLICY","Institute on Taxation and Economic Policy","filing","exact_base",10,"latent_base_salary",12.3346530459445,NA,12.3346530459445,12.3346530459445,12.7832280285752,12.478421814675,13.0880342424754,12.3920134883799,13.1744425687705,-1.26133206903289,0.319839605307021,0,0,"gp",1
"SRC-990-EXT-ROOSEVELT-INSTITUTE","Roosevelt Institute","filing","exact_base",10,"latent_base_salary",13.0866290852163,NA,13.0866290852163,13.0866290852163,12.9719605815759,12.6653187330504,13.2786024301014,12.5783900298455,13.3655311333063,0.396374561191393,0.0774301209722936,1,1,"gp",1
"SRC-990-EXT-AMERICAN-IMMIGRATION-COUNCIL","American Immigration Council","filing","exact_base",10,"latent_base_salary",12.6131309837729,NA,12.6131309837729,12.6131309837729,12.6157032574521,12.31452237997,12.9168841349343,12.2291417861746,13.0022647287297,0.529117344783645,0.0549325164252695,1,1,"gp",1
"SRC-990-EXT-PROJECT-HEALTHY-CHILDREN","Project Healthy Children","filing","exact_base",10,"latent_base_salary",11.5747708002363,NA,11.5747708002363,11.5747708002363,12.7530316474594,12.3707672277484,13.1352960671704,12.2624005764038,13.243662718515,-7.51106926562106,1.00997827179925,0,0,"gp",1
"SRC-990-EXT-EXPONENT-PHILANTHROPY","Exponent Philanthropy","filing","exact_base",10,"latent_base_salary",12.6069727833315,NA,12.6069727833315,12.6069727833315,12.3228196430978,12.0185526705971,12.6270866155984,11.932297211746,12.7133420744496,-0.197222462788958,0.177016065072338,1,1,"gp",1
"SRC-990-EXT-GUTTMACHER-INSTITUTE","Guttmacher Institute","filing","exact_base",10,"latent_base_salary",12.8946594433338,NA,12.8946594433338,12.8946594433338,13.3146457606316,12.9896398253767,13.6396516958866,12.8975051587569,13.7317863625064,-0.918246980333943,0.287221631997187,0,0,"gp",1
"SRC-990-EXT-OPEN-SOURCE-INITIATIVE","Open Source Initiative","filing","exact_base",10,"latent_base_salary",12.2102910853882,NA,12.2102910853882,12.2102910853882,12.7253984797138,12.3592459747419,13.0915509846858,12.2554468273474,13.1953501320803,-1.2913875380882,0.362010602160844,0,0,"gp",1
"SRC-990-EXT-INSTITUTE-FOR-ENERGY-ECONOMICS-AND-FINANCIAL-ANALYSIS","Institute for Energy Economics and Financial Analysis","filing","exact_base",1,"latent_base_salary",12.5797210272034,NA,12.5797210272034,12.5797210272034,12.5341167626177,12.1335445077074,12.9073121813821,12.0301150836644,13.0160566630877,0.281723480901568,0.0727000553877194,1,1,"bayesian_filing",2
"SRC-990-EXT-CHARITY-NAVIGATOR","Charity Navigator","filing","exact_base",1,"latent_base_salary",12.7520384665336,NA,12.7520384665336,12.7520384665336,12.6757300642614,12.2818094798755,13.0738871681465,12.1800352986648,13.182932140527,0.255524528015946,0.0743438881957788,1,1,"bayesian_filing",2
"SRC-990-EXT-SOCIAL-SCIENCE-RESEARCH-COUNCIL","Social Science Research Council","filing","exact_base",1,"latent_base_salary",12.7968302816124,NA,12.7968302816124,12.7968302816124,13.0934446241598,12.6655595216515,13.4893525458746,12.5543972347131,13.5965829489122,-0.212560152561855,0.17404998898523,1,1,"bayesian_filing",2
"SRC-990-EXT-CHICAGO-COUNCIL-ON-GLOBAL-AFFAIRS","Chicago Council on Global Affairs","filing","exact_base",1,"latent_base_salary",13.1491202773988,NA,13.1491202773988,13.1491202773988,12.8333490048332,12.4496937559908,13.2281328850546,12.3343456445318,13.3504701129608,-0.282080822634408,0.189458916011359,1,1,"bayesian_filing",2
"SRC-990-EXT-ROOSEVELT-INSTITUTE","Roosevelt Institute","filing","exact_base",1,"latent_base_salary",13.0866290852163,NA,13.0866290852163,13.0866290852163,12.9332621409392,12.5530129812911,13.2966498408235,12.45076839781,13.3993432899555,0.174512878629772,0.100920784641521,1,1,"bayesian_filing",2
"SRC-990-EXT-PUBLIC-KNOWLEDGE","Public Knowledge","filing","exact_base",1,"latent_base_salary",12.4996822653103,NA,12.4996822653103,12.4996822653103,12.5727376161374,12.1862695735911,12.9536753376851,12.0568413445285,13.064308897514,0.26415030317148,0.0769864140402436,1,1,"bayesian_filing",2
"SRC-990-EXT-RESULTS-FOR-DEVELOPMENT","Results for Development","filing","exact_base",1,"latent_base_salary",12.9211104925028,NA,12.9211104925028,12.9211104925028,12.9126803676922,12.5353762052029,13.3080848547373,12.4247085820736,13.4227760901643,0.295092601653954,0.0691361994784892,1,1,"bayesian_filing",2
"SRC-990-EXT-SIGHTLINE-INSTITUTE","Sightline Institute","filing","exact_base",1,"latent_base_salary",12.2612800796685,NA,12.2612800796685,12.2612800796685,12.045840831895,11.6498737115195,12.4441065507447,11.5360619680183,12.5659100937906,0.0124502590638368,0.128340333094333,1,1,"bayesian_filing",2
"SRC-990-EXT-NEW-AMERICA","New America","filing","exact_base",1,"latent_base_salary",13.2081577341251,NA,13.2081577341251,13.2081577341251,13.347734485492,12.9568659827778,13.7247729457226,12.8468519911337,13.8434211640371,0.169482943184259,0.091368707438737,1,1,"bayesian_filing",2
"SRC-990-EXT3-CENTER-FOR-HEALTH-CARE-STRATEGIES","Center for Health Care Strategies","filing","exact_base",2,"latent_base_salary",12.6222962067176,NA,12.6222962067176,12.6222962067176,12.6976983142633,12.3397929799073,13.0937595108972,12.2175122695009,13.2083672079293,0.278643443854191,0.0767548111133221,1,1,"bayesian_filing",2
"SRC-990-EXT-FAR-AI","FAR AI","filing","exact_base",2,"latent_base_salary",12.405415596293,NA,12.405415596293,12.405415596293,12.6516412209985,12.2651443227939,13.0384457946538,12.1511881559619,13.1424830339319,-0.0544521669772668,0.154667169933809,1,1,"bayesian_filing",2
"SRC-990-EXT-QUINCY-INSTITUTE-FOR-RESPONSIBLE-STATECRAFT","Quincy Institute for Responsible Statecraft","filing","exact_base",2,"latent_base_salary",12.631030234805,NA,12.631030234805,12.631030234805,13.0167840753341,12.6739078543314,13.3864464835386,12.5502853990849,13.4853499328423,-0.586627002307193,0.25538932151721,0,1,"bayesian_filing",2
"SRC-990-EXT-IDEAS42","ideas42","filing","exact_base",2,"latent_base_salary",12.4941514017925,NA,12.4941514017925,12.4941514017925,12.6586423129401,12.2717830717076,13.0526748591891,12.1773854803528,13.1446507759284,0.119757652602499,0.108296746448849,1,1,"bayesian_filing",2
"SRC-990-EXT-CENTER-FOR-OPEN-SCIENCE","Center for Open Science","filing","exact_base",2,"latent_base_salary",12.5016604600873,NA,12.5016604600873,12.5016604600873,12.5144716482995,12.1583180215332,12.8631426158815,12.0604662635387,12.9577013592131,0.335903380531124,0.0672331980488791,1,1,"bayesian_filing",2
"SRC-990-EXT3-LEARNING-POLICY-INSTITUTE","Learning Policy Institute","filing","exact_base",2,"latent_base_salary",13.1712146825618,NA,13.1712146825618,13.1712146825618,12.8939038569713,12.5221485769395,13.2627871605703,12.418584712423,13.3751115442703,-0.147706483315842,0.168199459146698,1,1,"bayesian_filing",2
"SRC-990-EXT-NISKANEN-CENTER","Niskanen Center","filing","exact_base",2,"latent_base_salary",13.3543131280751,NA,13.3543131280751,13.3543131280751,12.9389607118259,12.5649100848461,13.3104267072426,12.4744513171015,13.4244370126202,-0.738574243746845,0.27122009864562,0,1,"bayesian_filing",2
"SRC-990-EXT-INSTITUTE-ON-TAXATION-AND-ECONOMIC-POLICY","Institute on Taxation and Economic Policy","filing","exact_base",2,"latent_base_salary",12.3346530459445,NA,12.3346530459445,12.3346530459445,12.7247779974306,12.3537716378025,13.0987519958506,12.2590380740697,13.1958866174881,-0.599079986364256,0.256866364433306,0,1,"bayesian_filing",2
"SRC-990-EXT-VILLAGEREACH","VillageReach","filing","exact_base",2,"latent_base_salary",12.4314315810676,NA,12.4314315810676,12.4314315810676,12.4789879101596,12.0729711797507,12.8662254162143,11.9746069747264,12.9697404626415,0.266384347468405,0.0717630952961398,1,1,"bayesian_filing",2
"SRC-990-EXT-LAST-MILE-HEALTH","Last Mile Health","filing","exact_base",2,"latent_base_salary",12.4850802155385,NA,12.4850802155385,12.4850802155385,12.5302651354371,12.1733947060259,12.8912221498761,12.0583168264659,12.9903407135454,0.321695313638214,0.0696198743624644,1,1,"bayesian_filing",2
"SRC-990-EXT-FARM-SANCTUARY","Farm Sanctuary","filing","exact_base",2,"latent_base_salary",12.3163882693373,NA,12.3163882693373,12.3163882693373,12.3752923804257,11.9957983602578,12.7622099312505,11.8953890026134,12.8659865911729,0.270424342163868,0.0742085476376507,1,1,"bayesian_filing",2
"SRC-990-EXT-DATAKIND","DataKind","filing","exact_base",3,"latent_base_salary",12.4083285202951,NA,12.4083285202951,12.4083285202951,12.6877567264299,12.2862284875628,13.066009226561,12.1737650556033,13.1732552843173,-0.16058948486098,0.163314783785573,1,1,"bayesian_filing",2
"SRC-990-EXT-INTERNET-SECURITY-RESEARCH-GROUP","Internet Security Research Group","filing","exact_base",3,"latent_base_salary",12.6634761632277,NA,12.6634761632277,12.6634761632277,12.4649997284276,12.0796574962142,12.8412753886026,11.9620796938436,12.9423667486867,0.0701244185655949,0.127818357926956,1,1,"bayesian_filing",2
"SRC-990-EXT-ORCID","ORCID","filing","exact_base",3,"latent_base_salary",12.5696077844296,NA,12.5696077844296,12.5696077844296,11.8563918450299,11.4480358989457,12.2541933351725,11.308503926509,12.358216362077,-2.20982323921256,0.538449194757839,0,0,"bayesian_filing",2
"SRC-990-EXT-DATA-QUALITY-CAMPAIGN","Data Quality Campaign","filing","exact_base",3,"latent_base_salary",12.9352645395531,NA,12.9352645395531,12.9352645395531,13.1475722592048,12.6975307717772,13.5681365613806,12.565073238447,13.7103305474081,-0.0429130310438719,0.132228812708893,1,1,"bayesian_filing",2
"SRC-990-EXT-INDEPENDENT-SECTOR","Independent Sector","filing","exact_base",3,"latent_base_salary",13.3541442871094,NA,13.3541442871094,13.3541442871094,13.3276124498891,12.9574003003152,13.7041097551932,12.8598893871564,13.8026231479744,0.292514027720891,0.0698241641344998,1,1,"bayesian_filing",2
"SRC-990-EXT-FEDERATION-OF-AMERICAN-SCIENTISTS","Federation of American Scientists","filing","exact_base",3,"latent_base_salary",13.0648771145336,NA,13.0648771145336,13.0648771145336,12.9267602184314,12.5338245177893,13.3463634716055,12.4307758522621,13.4640983495776,0.149838938681359,0.0979597141010715,1,1,"bayesian_filing",2
"SRC-990-EXT-NATIONAL-COMMITTEE-FOR-RESPONSIVE-PHILANTHROPY","National Committee for Responsive Philanthropy","filing","exact_base",3,"latent_base_salary",12.742437732963,NA,12.742437732963,12.742437732963,12.6643555950489,12.2848379220775,13.0702663816344,12.1593962295056,13.1813428486117,0.212570359739202,0.0806173593514015,1,1,"bayesian_filing",2
"SRC-990-EXT-THE-HUMANE-LEAGUE","The Humane League","filing","exact_base",3,"latent_base_salary",12.3775599734482,NA,12.3775599734482,12.3775599734482,12.1081007183245,11.733576006589,12.514179877404,11.6065998924098,12.624267330033,-0.130971775260343,0.169913035839199,1,1,"bayesian_filing",2
"SRC-990-EXT-MERCY-FOR-ANIMALS","Mercy For Animals","filing","exact_base",3,"latent_base_salary",12.2436538423338,NA,12.2436538423338,12.2436538423338,12.242966802724,11.8456189059846,12.6284122632934,11.7451104000417,12.7427819735522,0.286414253464556,0.0701586196043872,1,1,"bayesian_filing",2
"SRC-990-EXT-GUTTMACHER-INSTITUTE","Guttmacher Institute","filing","exact_base",3,"latent_base_salary",12.8946594433338,NA,12.8946594433338,12.8946594433338,13.4785326502206,13.0942240947131,13.8537104807468,12.963180774876,13.9833333428955,-1.62224161858125,0.427488176263792,0,0,"bayesian_filing",2
"SRC-990-EXT-VERA-INSTITUTE-OF-JUSTICE","Vera Institute of Justice","filing","exact_base",3,"latent_base_salary",13.3181829414966,NA,13.3181829414966,13.3181829414966,13.3115192004792,12.9179841533712,13.7088046828148,12.8172851530405,13.8133593004634,0.283854385582905,0.0704740452125102,1,1,"bayesian_filing",2
"SRC-990-EXT-ARMS-CONTROL-ASSOCIATION","Arms Control Association","filing","exact_base",3,"latent_base_salary",11.7955985634313,NA,11.7955985634313,11.7955985634313,12.0228700473894,11.4864837209497,12.5516606808882,11.3442784683506,12.6867409248516,-0.167820792601192,0.138178091818174,1,1,"bayesian_filing",2
"SRC-990-EXT3-CENTER-FOR-INTERNATIONAL-POLICY","Center for International Policy","filing","exact_base",3,"latent_base_salary",12.3116931273939,NA,12.3116931273939,12.3116931273939,12.0561968719409,11.5113759322376,12.5920218698037,11.3261046722905,12.7879816620563,-0.256201806836814,0.176176064690546,1,1,"bayesian_filing",2
"SRC-990-EXT-GIVINGTUESDAY","GivingTuesday","filing","exact_base",4,"latent_base_salary",12.8728251821158,NA,12.8728251821158,12.8728251821158,12.6260085783691,12.2349715966848,13.0295983607322,12.1303746354277,13.1336796678421,-0.0506352603016295,0.146814530963743,1,1,"bayesian_filing",2
"SRC-990-EXT-INSTITUTE-FOR-THE-STUDY-OF-WAR","Institute for the Study of War","filing","exact_base",4,"latent_base_salary",12.2737531161958,NA,12.2737531161958,12.2737531161958,12.5733478321432,12.2140200550948,12.9389795547391,12.1112130120675,13.0642913718894,-0.228763095236981,0.179977619414241,1,1,"bayesian_filing",2
"SRC-990-EXT-CENTER-FOR-CLIMATE-AND-ENERGY-SOLUTIONS","Center for Climate and Energy Solutions","filing","exact_base",4,"latent_base_salary",12.9791557665258,NA,12.9791557665258,12.9791557665258,13.0942120823898,12.7229475256271,13.4583491798667,12.6298361121486,13.5709346143133,0.247799213949084,0.0823950857412299,1,1,"bayesian_filing",2
"SRC-990-EXT-PETERSON-INSTITUTE-FOR-INTERNATIONAL-ECONOMICS","Peterson Institute for International Economics","filing","exact_base",4,"latent_base_salary",13.3086807403212,NA,13.3086807403212,13.3086807403212,13.7382659368722,13.3699934062193,14.1224871833206,13.2674984949009,14.2188234069032,-0.81239467807064,0.279717531405868,0,1,"bayesian_filing",2
"SRC-990-EXT-ECONOMIC-POLICY-INSTITUTE","Economic Policy Institute","filing","exact_base",4,"latent_base_salary",12.4477248107957,NA,12.4477248107957,12.4477248107957,12.8578928948436,12.4991762883902,13.2048098952102,12.3790631427743,13.3062238977029,-0.756503727279442,0.270306848974931,0,1,"bayesian_filing",2
"SRC-990-EXT-RESEARCH-AMERICA","Research!America","filing","exact_base",4,"latent_base_salary",13.297112905275,NA,13.297112905275,13.297112905275,12.8140475561332,12.4513290681764,13.1764715842781,12.3419213055846,13.300256268844,-1.12918785393271,0.335035970424863,0,1,"bayesian_filing",2
"SRC-990-EXT-STIMSON-CENTER","Stimson Center","filing","exact_base",4,"latent_base_salary",12.9582226865033,NA,12.9582226865033,12.9582226865033,12.6727623363902,12.304068049701,13.0325223674759,12.2022552151017,13.1475471774748,-0.182618070153511,0.162764204273825,1,1,"bayesian_filing",2
"SRC-990-EXT-PEAK-GRANTMAKING","PEAK Grantmaking","filing","exact_base",4,"latent_base_salary",12.6147062287155,NA,12.6147062287155,12.6147062287155,12.8213727809691,12.4614035936727,13.1945726325499,12.3503555711149,13.2988380052439,0.0704469489333911,0.128158478420137,1,1,"bayesian_filing",2
"SRC-990-EXT-GRANTMAKERS-FOR-EDUCATION","Grantmakers for Education","filing","exact_base",4,"latent_base_salary",12.4309659850717,NA,12.4309659850717,12.4309659850717,12.8488425546844,12.4195161417014,13.2797648150097,12.304511464319,13.4135306891436,-0.589854084871378,0.258176788102212,1,1,"bayesian_filing",2
"SRC-990-EXT-ENERGY-FOR-GROWTH-HUB","Energy for Growth Hub","filing","exact_base",4,"latent_base_salary",13.0105039226493,NA,13.0105039226493,13.0105039226493,12.5113183563321,12.1355869551819,12.8889991789533,12.0097279594311,12.9777541284897,-1.14958038833212,0.353426692259847,0,0,"bayesian_filing",2
"SRC-990-EXT-OPEN-MARKETS-INSTITUTE","Open Markets Institute","filing","exact_base",4,"latent_base_salary",12.1897506129305,NA,12.1897506129305,12.1897506129305,12.46590946793,12.117039317156,12.8232869602343,12.0020410992249,12.9145789087566,-0.141549360295299,0.165943241624075,1,1,"bayesian_filing",2
"SRC-990-EXT-STRONGMINDS","StrongMinds","filing","exact_base",4,"latent_base_salary",12.4509506432504,NA,12.4509506432504,12.4509506432504,12.242652488699,11.8790714431754,12.5984697592045,11.7752035192188,12.7184035949437,0.0750639050411472,0.125864903964585,1,1,"bayesian_filing",2
"SRC-990-EXT-REDWOOD-RESEARCH","Redwood Research","filing","exact_base",4,"latent_base_salary",12.5766540301346,NA,12.5766540301346,12.5766540301346,13.0049202519709,12.3640679891624,13.611262005439,12.1729941273432,13.7986538449971,-0.60953272851019,0.234854844851825,1,1,"bayesian_filing",2
"SRC-990-EXT-PARTNERSHIP-ON-AI","Partnership on AI","filing","exact_base",5,"latent_base_salary",12.7912011974447,NA,12.7912011974447,12.7912011974447,12.8109431740783,12.4324486218682,13.1790544117167,12.3228085996598,13.2854866714489,0.31888659211242,0.0685974142944258,1,1,"bayesian_filing",2
"SRC-990-EXT-FUTURE-OF-PRIVACY-FORUM","Future of Privacy Forum","filing","exact_base",5,"latent_base_salary",13.5088520328401,NA,13.5088520328401,13.5088520328401,12.9664952059307,12.6004026951202,13.3375862071818,12.5030511762768,13.4355909777089,-1.43465766506906,0.388002571625861,0,0,"bayesian_filing",2
"SRC-990-EXT-CLIMATE-CENTRAL","Climate Central","filing","exact_base",5,"latent_base_salary",12.6801870016491,NA,12.6801870016491,12.6801870016491,12.6650258994661,12.3062441348367,13.0269361976589,12.2007076154345,13.126242848002,0.312458154980233,0.068543923881182,1,1,"bayesian_filing",2
"SRC-990-EXT-DEMOS","Demos","filing","exact_base",5,"latent_base_salary",12.6428849557391,NA,12.6428849557391,12.6428849557391,12.8424062526874,12.4728071102462,13.1985331113206,12.3505952512477,13.3094324251528,0.0653230705546182,0.122098440655613,1,1,"bayesian_filing",2
"SRC-990-EXT3-NATIONAL-ACADEMY-FOR-STATE-HEALTH-POLICY","National Academy for State Health Policy","filing","exact_base",5,"latent_base_salary",12.8776933603378,NA,12.8776933603378,12.8776933603378,12.9221285137043,12.5376970050781,13.281743546374,12.4199892686674,13.3884604312365,0.285380570595955,0.0713785853868773,1,1,"bayesian_filing",2
"SRC-990-EXT-PROJECT-DRAWDOWN","Project Drawdown","filing","exact_base",5,"latent_base_salary",13.0056540850792,NA,13.0056540850792,13.0056540850792,12.5731900245327,12.1671903438512,12.9728934954373,12.0507460624979,13.0999718545456,-0.707970193504566,0.275054852244517,0,1,"bayesian_filing",2
"SRC-990-EXT-BREAKTHROUGH-INSTITUTE","Breakthrough Institute","filing","exact_base",5,"latent_base_salary",12.579065834723,NA,12.579065834723,12.579065834723,12.4575230238131,12.0656782275394,12.8741102278916,11.9470575034979,12.982296436957,0.177682696298341,0.0906279899182238,1,1,"bayesian_filing",2
"SRC-990-EXT-MIGRATION-POLICY-INSTITUTE","Migration Policy Institute","filing","exact_base",5,"latent_base_salary",12.6227383916406,NA,12.6227383916406,12.6227383916406,12.7182587497866,12.3332060673824,13.0918101647694,12.2281531583123,13.1947911492393,0.25589948256726,0.0810106092635765,1,1,"bayesian_filing",2
"SRC-990-EXT-THE-SENTENCING-PROJECT","The Sentencing Project","filing","exact_base",5,"latent_base_salary",12.2172732835324,NA,12.2172732835324,12.2172732835324,12.2645116382988,11.8886299215391,12.6536981538771,11.7883969252566,12.7667685100185,0.295026396766073,0.0719535987079173,1,1,"bayesian_filing",2
"SRC-990-EXT-EXPONENT-PHILANTHROPY","Exponent Philanthropy","filing","exact_base",5,"latent_base_salary",12.6069727833315,NA,12.6069727833315,12.6069727833315,12.2949444542784,11.8975465403022,12.686558910109,11.7967966294161,12.7916138294814,-0.26649744239626,0.196188580394155,1,1,"bayesian_filing",2
"SRC-990-EXT-RESULTS-FOR-AMERICA","Results for America","filing","exact_base",5,"latent_base_salary",12.6889203108623,NA,12.6889203108623,12.6889203108623,13.0138504582282,12.6371711202985,13.3941316701356,12.511695132627,13.493099852542,-0.3225368121895,0.202783964794058,1,1,"bayesian_filing",2
"SRC-990-EXT-VILLAGE-ENTERPRISE","Village Enterprise","filing","exact_base",5,"latent_base_salary",12.5400430408691,NA,12.5400430408691,12.5400430408691,12.5210197051991,12.1421540091719,12.9087884160183,12.0307865269283,13.02473994037,0.3182722783058,0.0685465590914734,1,1,"bayesian_filing",2
"SRC-990-EXT3-NUCLEAR-INNOVATION-ALLIANCE","Nuclear Innovation Alliance","filing","exact_base",5,"latent_base_salary",12.6101041264858,NA,12.6101041264858,12.6101041264858,12.0888121837034,11.706418948016,12.4756485912551,11.5871370765992,12.5791190497842,-1.27541495031856,0.36902497945251,0,0,"bayesian_filing",2
"SRC-990-EXT-ANIMAL-WELFARE-INSTITUTE","Animal Welfare Institute","filing","exact_base",6,"latent_base_salary",12.1688180822369,NA,12.1688180822369,12.1688180822369,12.2621422592058,11.8833946969295,12.6592308240279,11.7707229014224,12.760886781019,0.256865776282957,0.0799012088075557,1,1,"bayesian_filing",2
"SRC-990-EXT-TAX-FOUNDATION","Tax Foundation","filing","exact_base",6,"latent_base_salary",12.515216592965,NA,12.515216592965,12.515216592965,12.6263101859821,12.2672976589542,12.9988818831427,12.164079740105,13.0835035728057,0.294116715764654,0.0824248738147321,1,1,"bayesian_filing",2
"SRC-990-EXT-COMMITTEE-FOR-A-RESPONSIBLE-FEDERAL-BUDGET","Committee for a Responsible Federal Budget","filing","exact_base",6,"latent_base_salary",13.2655461923519,NA,13.2655461923519,13.2655461923519,12.9704186314495,12.6142274115299,13.3069569534443,12.5202958790635,13.4114086235801,-0.207790350673773,0.174034023377258,1,1,"bayesian_filing",2
"SRC-990-EXT-SAN-FRANCISCO-ESTUARY-INSTITUTE","San Francisco Estuary Institute","filing","exact_base",6,"latent_base_salary",12.1771418570467,NA,12.1771418570467,12.1771418570467,12.5277539771201,12.1693610967654,12.8961159246312,12.0602907838662,12.9911352641467,-0.42360718416003,0.222479498508553,1,1,"bayesian_filing",2
"SRC-990-EXT-PUBLIC-AGENDA","Public Agenda","filing","exact_base",6,"latent_base_salary",12.5141054670907,NA,12.5141054670907,12.5141054670907,12.3453021846703,11.9806694654124,12.7206396977147,11.8756937987689,12.8191363354331,0.144930407746168,0.109126904853348,1,1,"bayesian_filing",2
"SRC-990-EXT-EVIDENCE-ACTION","Evidence Action","filing","exact_base",6,"latent_base_salary",12.8276536554356,NA,12.8276536554356,12.8276536554356,12.6418821510366,12.2796796102356,12.9764314313526,12.1877237855163,13.0824803094807,0.134708256019855,0.11268842080148,1,1,"bayesian_filing",2
"SRC-990-EXT-PHYSICIANS-FOR-SOCIAL-RESPONSIBILITY","Physicians for Social Responsibility","filing","exact_base",6,"latent_base_salary",11.9808845054682,NA,11.9808845054682,11.9808845054682,12.3098021014622,11.9406554486274,12.661331530101,11.8422673598748,12.7689516589062,-0.338076055022091,0.193089041249366,1,1,"bayesian_filing",2
"SRC-990-EXT3-AMERICAN-SECURITY-PROJECT","American Security Project","filing","exact_base",6,"latent_base_salary",11.9786620658855,NA,11.9786620658855,11.9786620658855,11.9479783601693,11.4718204317777,12.408916114784,11.3318106780833,12.5300656065829,0.0998354514798656,0.0873777075537931,1,1,"bayesian_filing",2
"SRC-990-EA-GIVEWELL","GiveWell","filing","exact_base",6,"latent_base_salary",13.0190388321958,NA,13.0190388321958,13.0190388321958,12.6810125771373,12.1570418440896,13.2128502691911,11.9946542380125,13.3573862051175,-0.353259761066503,0.1954842954396,1,1,"bayesian_filing",2
"SRC-990-EXT-FRAMEWORKS-INSTITUTE","FrameWorks Institute","filing","exact_base",7,"latent_base_salary",13.0266397001217,NA,13.0266397001217,13.0266397001217,12.790219118951,12.4215860313927,13.1381772266068,12.3140787856062,13.2438494685187,-0.0286861057924054,0.143141386275649,1,1,"bayesian_filing",2
"SRC-990-EXT-COUNCIL-ON-STRATEGIC-RISKS","Council on Strategic Risks","filing","exact_base",7,"latent_base_salary",12.508796619219,NA,12.508796619219,12.508796619219,12.5531221625931,12.1649275966652,12.9269461125151,12.0387545959849,13.0199538910058,0.278954186272845,0.071815042218316,1,1,"bayesian_filing",2
"SRC-990-EXT-ENVIRONMENTAL-LAW-INSTITUTE","Environmental Law Institute","filing","exact_base",7,"latent_base_salary",12.6696219906236,NA,12.6696219906236,12.6696219906236,12.7069869770656,12.315187952039,13.0991777573943,12.1900628457975,13.1955941668627,0.2388475807719,0.074021252360473,1,1,"bayesian_filing",2
"SRC-990-EXT-INSTITUTE-FOR-NONPROFIT-NEWS","Institute for Nonprofit News","filing","exact_base",7,"latent_base_salary",12.3400869277947,NA,12.3400869277947,12.3400869277947,12.2946286470334,11.8536425460908,12.7238223992019,11.7230077380536,12.8413775105006,0.142897516067394,0.0841466377190395,1,1,"bayesian_filing",2
"SRC-990-EXT-TECHNICAL-ASSISTANCE-COLLABORATIVE","Technical Assistance Collaborative","filing","exact_base",7,"latent_base_salary",12.4383619268654,NA,12.4383619268654,12.4383619268654,12.5386354133698,12.155710761381,12.9405453841633,12.0290626460272,13.0519257990738,0.235736364775096,0.0831041503939515,1,1,"bayesian_filing",2
"SRC-990-EXT-PRECISION-DEVELOPMENT","Precision Development","filing","exact_base",7,"latent_base_salary",12.4150937427763,NA,12.4150937427763,12.4150937427763,12.4111235581473,12.0085638779675,12.7736711665091,11.8975924627584,12.8817403831777,0.28768079473308,0.0696426492564105,1,1,"bayesian_filing",2
"SRC-990-EXT-CREATIVE-COMMONS","Creative Commons","filing","exact_base",7,"latent_base_salary",12.4083285202951,NA,12.4083285202951,12.4083285202951,12.3678186668728,11.9682178025122,12.7554127928085,11.864747579918,12.8580526905548,0.27925279868901,0.0727540080456284,1,1,"bayesian_filing",2
"SRC-990-EXT-BIPARTISAN-POLICY-CENTER","Bipartisan Policy Center","filing","exact_base",7,"latent_base_salary",13.69992393343,NA,13.69992393343,13.69992393343,13.3563285610642,12.9728927904521,13.7316820023183,12.8804806475264,13.8400476837248,-0.382628063964624,0.211571488703285,1,1,"bayesian_filing",2
"SRC-990-EXT-LIVING-GOODS","Living Goods","filing","exact_base",7,"latent_base_salary",12.5107284211723,NA,12.5107284211723,12.5107284211723,12.4070855785965,12.0108256808616,12.8081631900195,11.8874928284991,12.9229290826453,0.182126886128349,0.0881924594887408,1,1,"bayesian_filing",2
"SRC-990-EXT-INNOVATIONS-FOR-POVERTY-ACTION","Innovations for Poverty Action","filing","exact_base",7,"latent_base_salary",12.4867659407714,NA,12.4867659407714,12.4867659407714,12.8730582073569,12.4887305468434,13.2605145920713,12.3830153054526,13.3630027296099,-0.535387218127302,0.243826179043133,0,1,"bayesian_filing",2
"SRC-990-EXT-OPEN-SOURCE-INITIATIVE","Open Source Initiative","filing","exact_base",7,"latent_base_salary",12.2102910853882,NA,12.2102910853882,12.2102910853882,11.7991551765997,11.2483034561673,12.3433882062163,11.0763628479682,12.4972612171013,-0.547211258025272,0.255177319891572,1,1,"bayesian_filing",2
"SRC-990-EA-CENTER-FOR-ELECTION-SCIENCE","Center for Election Science","filing","exact_base",7,"latent_base_salary",12.2614916001655,NA,12.2614916001655,12.2614916001655,11.8440339095305,11.3198379753808,12.3813206132913,11.161246324285,12.551597707652,-0.529672849465139,0.252787320457759,1,1,"bayesian_filing",2
"SRC-990-EXT-POPULATION-REFERENCE-BUREAU","Population Reference Bureau","filing","exact_base",8,"latent_base_salary",12.816309953692,NA,12.816309953692,12.816309953692,12.189376530347,11.7070452589738,12.6748139027238,11.5602219877994,12.7877076354871,-1.33561107755676,0.444243252423049,0,0,"bayesian_filing",2
"SRC-990-EXT-JAIN-FAMILY-INSTITUTE","Jain Family Institute","filing","exact_base",8,"latent_base_salary",12.3338860528408,NA,12.3338860528408,12.3338860528408,12.5270028969881,12.1625334848951,12.8845283798982,12.0767110015295,12.9975287649318,0.10003310164384,0.11868847552788,1,1,"bayesian_filing",2
"SRC-990-EXT3-CARBON-MAPPER","Carbon Mapper","filing","exact_base",8,"latent_base_salary",12.5153758745745,NA,12.5153758745745,12.5153758745745,12.9298160119558,12.5458196240302,13.3273649715085,12.452210202872,13.4434272660915,-0.674364670931693,0.274366897888755,0,1,"bayesian_filing",2
"SRC-990-EXT-INSTITUTE-FOR-POLICY-STUDIES","Institute for Policy Studies","filing","exact_base",8,"latent_base_salary",12.053986283532,NA,12.053986283532,12.053986283532,12.089550195717,11.6040743256925,12.5715455841684,11.4657383111552,12.7158444626979,0.0390468657404254,0.0904177125093107,1,1,"bayesian_filing",2
"SRC-990-EXT-NATIONAL-EMPLOYMENT-LAW-PROJECT","National Employment Law Project","filing","exact_base",8,"latent_base_salary",12.8184638703657,NA,12.8184638703657,12.8184638703657,12.8355040921754,12.4811259664841,13.2025558429287,12.3761622850643,13.308538577076,0.354424990181274,0.0656039941836937,1,1,"bayesian_filing",2
"SRC-990-EXT-AMERICAN-IMMIGRATION-COUNCIL","American Immigration Council","filing","exact_base",8,"latent_base_salary",12.6131309837729,NA,12.6131309837729,12.6131309837729,12.7149587321453,12.3476758452263,13.0797120705402,12.2215915713956,13.1819919724726,0.267034343207173,0.079921810334015,1,1,"bayesian_filing",2
"SRC-990-EXT-GOOD-FOOD-INSTITUTE","Good Food Institute","filing","exact_base",8,"latent_base_salary",12.3904522913386,NA,12.3904522913386,12.3904522913386,12.5357872081627,12.1738134794879,12.9119347851381,12.0712801624043,13.0306283476295,0.201302446054165,0.0916636814888154,1,1,"bayesian_filing",2
"SRC-990-EXT-SOFTWARE-FREEDOM-CONSERVANCY","Software Freedom Conservancy","filing","exact_base",8,"latent_base_salary",12.1568022510686,NA,12.1568022510686,12.1568022510686,11.9881086598363,11.4732679692407,12.5411438008981,11.3081605715497,12.6911992330144,-0.120831693268144,0.139098664683055,1,1,"bayesian_filing",2
"SRC-990-EXT-OPENSECRETS","OpenSecrets","filing","exact_base",8,"latent_base_salary",12.3218529214459,NA,12.3218529214459,12.3218529214459,12.2314858071543,11.8542024328078,12.5737329056072,11.7520877059198,12.6859881797402,0.288662940880043,0.0798817381547021,1,1,"bayesian_filing",2
"SRC-990-EXT-CLEAN-AIR-TASK-FORCE","Clean Air Task Force","filing","exact_base",8,"latent_base_salary",12.8291533338357,NA,12.8291533338357,12.8291533338357,12.7954407376265,12.4219702037166,13.1767418393934,12.306794919942,13.2848821582014,0.29711949766694,0.0707446513689417,1,1,"bayesian_filing",2
"SRC-990-EA-FORESIGHT-INSTITUTE","Foresight Institute","filing","exact_base",8,"latent_base_salary",12.5911934036369,NA,12.5911934036369,12.5911934036369,11.9057035342824,11.4007964030161,12.4180727320994,11.2564896919049,12.5561434967782,-1.51934613019193,0.484576397316443,0,0,"bayesian_filing",2
"SRC-990-EA-COPENHAGEN-CONSENSUS-CENTER","Copenhagen Consensus Center","filing","exact_base",8,"latent_base_salary",13.0459767896383,NA,13.0459767896383,13.0459767896383,11.4702942626077,10.9712934892695,11.9767719791983,10.8157839007021,12.1214185372983,-7.51872123622685,1.36112384774166,0,0,"bayesian_filing",2
"SRC-990-EXT-INFORMATION-TECHNOLOGY-AND-INNOVATION-FOUNDATION","Information Technology and Innovation Foundation","filing","exact_base",9,"latent_base_salary",13.2745188452622,NA,13.2745188452622,13.2745188452622,13.0517689370879,12.6947849658413,13.413051253401,12.5859149860812,13.5137251559224,0.0342194765262321,0.132749026153424,1,1,"bayesian_filing",2
"SRC-990-EXT-NUMFOCUS","NumFOCUS","filing","exact_base",9,"latent_base_salary",12.0255072657542,NA,12.0255072657542,12.0255072657542,12.2233050579918,11.6630336284819,12.775022073737,11.4924359991202,12.9302029773679,-0.172393151591181,0.136099147111372,1,1,"bayesian_filing",2
"SRC-990-EXT-FRESH-ENERGY","Fresh Energy","filing","exact_base",9,"latent_base_salary",12.4117920746609,NA,12.4117920746609,12.4117920746609,12.222339907507,11.7289195724366,12.7033957041861,11.5798025735867,12.8492710863661,-0.110359674322975,0.132063074552942,1,1,"bayesian_filing",2
"SRC-990-EXT-CENTER-FOR-A-NEW-AMERICAN-SECURITY","Center for a New American Security","filing","exact_base",9,"latent_base_salary",13.1871814907024,NA,13.1871814907024,13.1871814907024,13.0670151299305,12.7225987902286,13.425345495675,12.6159062943875,13.5216174486181,0.267117388407472,0.0888669187386249,1,1,"bayesian_filing",2
"SRC-990-EXT-GRANTMAKERS-FOR-EFFECTIVE-ORGANIZATIONS","Grantmakers for Effective Organizations","filing","exact_base",9,"latent_base_salary",12.8837522170102,NA,12.8837522170102,12.8837522170102,12.9209749933659,12.5729341034063,13.2916379604734,12.4823613993476,13.3879006128094,0.368313958515641,0.0677484350614898,1,1,"bayesian_filing",2
"SRC-990-EXT-ELECTRONIC-FRONTIER-FOUNDATION","Electronic Frontier Foundation","filing","exact_base",9,"latent_base_salary",12.757183396529,NA,12.757183396529,12.757183396529,12.7847405667595,12.4242810831038,13.1498445566254,12.3265121550485,13.2469190865337,0.343401738874796,0.0678167303464003,1,1,"bayesian_filing",2
"SRC-990-EXT-INSTITUTE-FOR-SECURITY-AND-TECHNOLOGY","Institute for Security and Technology","filing","exact_base",9,"latent_base_salary",12.3935414740295,NA,12.3935414740295,12.3935414740295,12.74746826813,12.3963651770949,13.1062120472226,12.2934489189265,13.1966283952821,-0.47058629164914,0.224877899819547,0,1,"bayesian_filing",2
"SRC-990-EXT-PROJECT-HEALTHY-CHILDREN","Project Healthy Children","filing","exact_base",9,"latent_base_salary",11.5747708002363,NA,11.5747708002363,11.5747708002363,12.5758112565194,12.1997148202442,12.9681770530746,12.0840177487276,13.0829119454041,-5.19952773457409,0.822555552957995,0,0,"bayesian_filing",2
"SRC-990-EXT-THIRD-WAY-INSTITUTE","Third Way Institute","filing","exact_base",9,"latent_base_salary",12.9939824923999,NA,12.9939824923999,12.9939824923999,12.5117795498632,11.9046609414583,13.1148446178501,11.7120224100562,13.2876924103723,-0.686208540908929,0.313813768748521,1,1,"bayesian_filing",2
"SRC-990-EXT-ANIMAL-LEGAL-DEFENSE-FUND","Animal Legal Defense Fund","filing","exact_base",9,"latent_base_salary",12.5370734769901,NA,12.5370734769901,12.5370734769901,12.4028279310622,12.0377722086379,12.7643018688902,11.9201016805907,12.8653964899044,0.223601294623277,0.0931296942515302,1,1,"bayesian_filing",2
"SRC-990-EXT-CENTER-FOR-AI-SAFETY","Center for AI Safety","filing","exact_base",10,"latent_base_salary",12.7213413939825,NA,12.7213413939825,12.7213413939825,12.6559342147741,12.2332155310109,13.0568244673945,12.1146981502796,13.1500663100223,0.220124700082881,0.0804779646783569,1,1,"bayesian_filing",2
"SRC-990-EXT-CENTER-FOR-DEMOCRACY-TECHNOLOGY","Center for Democracy & Technology","filing","exact_base",10,"latent_base_salary",12.9169778646385,NA,12.9169778646385,12.9169778646385,12.8550237041975,12.4563322872387,13.2388193644069,12.3391085644189,13.3447063541495,0.271697212941676,0.0747671059500607,1,1,"bayesian_filing",2
"SRC-990-EXT-CENTER-FOR-EFFECTIVE-PHILANTHROPY","Center for Effective Philanthropy","filing","exact_base",10,"latent_base_salary",13.2146671151145,NA,13.2146671151145,13.2146671151145,12.962289756318,12.5836915321976,13.3572491710916,12.4913621674409,13.4758034720988,-0.0788456919762835,0.145763393398309,1,1,"bayesian_filing",2
"SRC-990-EXT-WORLD-JUSTICE-PROJECT","World Justice Project","filing","exact_base",10,"latent_base_salary",12.8497369708156,NA,12.8497369708156,12.8497369708156,12.9491523816578,12.5330706032264,13.321531711649,12.4274131573396,13.4265554504102,0.227870484591887,0.0857928240967897,1,1,"bayesian_filing",2
"SRC-990-EXT-CODE-FOR-SCIENCE-SOCIETY","Code for Science & Society","filing","exact_base",10,"latent_base_salary",12.2746977427298,NA,12.2746977427298,12.2746977427298,12.383771568811,11.8472678795871,12.9098834822626,11.6840837888423,13.0530392740657,-0.0693165349765527,0.110349162919526,1,1,"bayesian_filing",2
"SRC-990-EXT-BULLETIN-OF-THE-ATOMIC-SCIENTISTS","Bulletin of the Atomic Scientists","filing","exact_base",10,"latent_base_salary",12.3173567420894,NA,12.3173567420894,12.3173567420894,12.3076096651954,11.9193615966369,12.6754302644734,11.8123356136432,12.7860361061014,0.307316346153542,0.0684269233108337,1,1,"bayesian_filing",2
"SRC-990-EXT-TECHCONGRESS","TechCongress","filing","exact_base",10,"latent_base_salary",12.4960490464963,NA,12.4960490464963,12.4960490464963,12.1956217282456,11.8164265994465,12.5880607198158,11.6954478128922,12.7022629255044,-0.225550342667513,0.182194407861128,1,1,"bayesian_filing",2
"SRC-990-EXT-ECONOMIC-INNOVATION-GROUP","Economic Innovation Group","filing","exact_base",10,"latent_base_salary",12.9583656609222,NA,12.9583656609222,12.9583656609222,12.9130988215985,12.5288472794885,13.2937339355883,12.4114808364952,13.4047835351613,0.303498747232274,0.0701676675134413,1,1,"bayesian_filing",2
"SRC-990-EXT-GLOBAL-HEALTH-CORPS","Global Health Corps","filing","exact_base",10,"latent_base_salary",12.4246040572612,NA,12.4246040572612,12.4246040572612,11.8943414874755,11.5012985351043,12.2918445052459,11.3784549854265,12.4040732033493,-1.27008470238588,0.376173774744638,0,0,"bayesian_filing",2
"SRC-990-EXT3-CENTER-FOR-ARMS-CONTROL-AND-NON-PROLIFERATION","Center for Arms Control and Non-Proliferation","filing","exact_base",10,"latent_base_salary",12.5533356659485,NA,12.5533356659485,12.5533356659485,11.9508311001172,11.399694804012,12.4468128413407,11.2679916784301,12.5966087783944,-1.12896460042054,0.397360854817179,0,1,"bayesian_filing",2
"SRC-990-EXT-INSTITUTE-FOR-ENERGY-ECONOMICS-AND-FINANCIAL-ANALYSIS","Institute for Energy Economics and Financial Analysis","filing","exact_base",1,"latent_base_salary",12.5797210272034,NA,12.5797210272034,12.5797210272034,12.538816186484,12.1779833288326,12.868619456816,12.0743669037607,12.9658058880963,0.375545431186096,0.0664727020039069,1,1,"bayesian_exact",2
"SRC-990-EXT-CHARITY-NAVIGATOR","Charity Navigator","filing","exact_base",1,"latent_base_salary",12.7520384665336,NA,12.7520384665336,12.7520384665336,12.7000677088119,12.3471166670093,13.054600554203,12.2481894757835,13.1653156046115,0.361211379218698,0.068196366965614,1,1,"bayesian_exact",2
"SRC-990-EXT-SOCIAL-SCIENCE-RESEARCH-COUNCIL","Social Science Research Council","filing","exact_base",1,"latent_base_salary",12.7968302816124,NA,12.7968302816124,12.7968302816124,13.0388244017249,12.6774674964336,13.397532515335,12.5797375620777,13.5245707814012,-0.0312982389933638,0.138197925192736,1,1,"bayesian_exact",2
"SRC-990-EXT-CHICAGO-COUNCIL-ON-GLOBAL-AFFAIRS","Chicago Council on Global Affairs","filing","exact_base",1,"latent_base_salary",13.1491202773988,NA,13.1491202773988,13.1491202773988,12.8101443937121,12.4653545997616,13.1771083499607,12.3548917507004,13.2694183824331,-0.397777815458943,0.213195053489475,1,1,"bayesian_exact",2
"SRC-990-EXT-ROOSEVELT-INSTITUTE","Roosevelt Institute","filing","exact_base",1,"latent_base_salary",13.0866290852163,NA,13.0866290852163,13.0866290852163,12.9106684745186,12.5821598722104,13.251869881308,12.478825435713,13.3466567557191,0.185816373210775,0.107329062361626,1,1,"bayesian_exact",2
"SRC-990-EXT-PUBLIC-KNOWLEDGE","Public Knowledge","filing","exact_base",1,"latent_base_salary",12.4996822653103,NA,12.4996822653103,12.4996822653103,12.6124857929629,12.2649010893573,12.9566803592152,12.1739322111803,13.0393310842889,0.298162657097769,0.0800172111250572,1,1,"bayesian_exact",2
"SRC-990-EXT-RESULTS-FOR-DEVELOPMENT","Results for Development","filing","exact_base",1,"latent_base_salary",12.9211104925028,NA,12.9211104925028,12.9211104925028,12.86071069333,12.5262455496318,13.2198677597729,12.4295101660507,13.3180217721618,0.366193489640478,0.0685373146869556,1,1,"bayesian_exact",2
"SRC-990-EXT-SIGHTLINE-INSTITUTE","Sightline Institute","filing","exact_base",1,"latent_base_salary",12.2612800796685,NA,12.2612800796685,12.2612800796685,12.1181060132201,11.7624572125126,12.4836099992377,11.6592824639239,12.5832393371277,0.224373417735709,0.0940858780342808,1,1,"bayesian_exact",2
"SRC-990-EXT-NEW-AMERICA","New America","filing","exact_base",1,"latent_base_salary",13.2081577341251,NA,13.2081577341251,13.2081577341251,13.2342417123881,12.8897156694042,13.5966359596151,12.763638154022,13.6833996837798,0.365383139133073,0.0651590836552787,1,1,"bayesian_exact",2
"SRC-990-EXT3-CENTER-FOR-HEALTH-CARE-STRATEGIES","Center for Health Care Strategies","filing","exact_base",2,"latent_base_salary",12.6222962067176,NA,12.6222962067176,12.6222962067176,12.7153008836962,12.3683077631873,13.0546015596385,12.2772007345914,13.1579999133016,0.346244165035202,0.0746033841039644,1,1,"bayesian_exact",2
"SRC-990-EXT-FAR-AI","FAR AI","filing","exact_base",2,"latent_base_salary",12.405415596293,NA,12.405415596293,12.405415596293,12.6474692449872,12.2865756587659,12.9926541444899,12.2053560579711,13.0835719354202,-0.0164046117480043,0.143513301155482,1,1,"bayesian_exact",2
"SRC-990-EXT-QUINCY-INSTITUTE-FOR-RESPONSIBLE-STATECRAFT","Quincy Institute for Responsible Statecraft","filing","exact_base",2,"latent_base_salary",12.631030234805,NA,12.631030234805,12.631030234805,12.9385323699823,12.5996716099677,13.2758856313279,12.5229356862816,13.3568207392882,-0.277764649180317,0.186805392133926,1,1,"bayesian_exact",2
"SRC-990-EXT-IDEAS42","ideas42","filing","exact_base",2,"latent_base_salary",12.4941514017925,NA,12.4941514017925,12.4941514017925,12.6415835435,12.2852556973946,12.9941630045607,12.1909153292324,13.0989968507371,0.217227503558205,0.0924869802064187,1,1,"bayesian_exact",2
"SRC-990-EXT-CENTER-FOR-OPEN-SCIENCE","Center for Open Science","filing","exact_base",2,"latent_base_salary",12.5016604600873,NA,12.5016604600873,12.5016604600873,12.5485008732129,12.2148140180979,12.8728685903353,12.1342686377172,12.9510853836633,0.406325965132956,0.0629684516579777,1,1,"bayesian_exact",2
"SRC-990-EXT3-LEARNING-POLICY-INSTITUTE","Learning Policy Institute","filing","exact_base",2,"latent_base_salary",13.1712146825618,NA,13.1712146825618,13.1712146825618,12.8829241804214,12.5469791845685,13.2139313566789,12.4411927970502,13.3139175235048,-0.195804866236595,0.179357797040453,1,1,"bayesian_exact",2
"SRC-990-EXT-NISKANEN-CENTER","Niskanen Center","filing","exact_base",2,"latent_base_salary",13.3543131280751,NA,13.3543131280751,13.3543131280751,12.9446847814089,12.6034619341685,13.2734119066101,12.510335459246,13.3805440193629,-0.817840758217377,0.283955088058249,0,1,"bayesian_exact",2
"SRC-990-EXT-INSTITUTE-ON-TAXATION-AND-ECONOMIC-POLICY","Institute on Taxation and Economic Policy","filing","exact_base",2,"latent_base_salary",12.3346530459445,NA,12.3346530459445,12.3346530459445,12.7503634544821,12.4141744380903,13.0966544820961,12.3218930521234,13.1793578924222,-0.816832028168158,0.271719735564391,0,1,"bayesian_exact",2
"SRC-990-EXT-VILLAGEREACH","VillageReach","filing","exact_base",2,"latent_base_salary",12.4314315810676,NA,12.4314315810676,12.4314315810676,12.5077322286621,12.164382389573,12.8674371185674,12.0625912066797,12.9659018626872,0.331042292204691,0.0710375520637277,1,1,"bayesian_exact",2
"SRC-990-EXT-LAST-MILE-HEALTH","Last Mile Health","filing","exact_base",2,"latent_base_salary",12.4850802155385,NA,12.4850802155385,12.4850802155385,12.5512825464448,12.2202930571386,12.8867362162326,12.1187263348049,12.9753979759337,0.392934260873049,0.0677623584821067,1,1,"bayesian_exact",2
"SRC-990-EXT-FARM-SANCTUARY","Farm Sanctuary","filing","exact_base",2,"latent_base_salary",12.3163882693373,NA,12.3163882693373,12.3163882693373,12.4778400174871,12.1381893233195,12.8220681736299,12.0472109740815,12.9355443470824,0.206668802828767,0.10084557081359,1,1,"bayesian_exact",2
"SRC-990-EXT-DATAKIND","DataKind","filing","exact_base",3,"latent_base_salary",12.4083285202951,NA,12.4083285202951,12.4083285202951,12.6591472072325,12.321807956332,13.0093821841803,12.2345946028618,13.0906223919715,-0.0478084124540255,0.157108647219946,1,1,"bayesian_exact",2
"SRC-990-EXT-INTERNET-SECURITY-RESEARCH-GROUP","Internet Security Research Group","filing","exact_base",3,"latent_base_salary",12.6634761632277,NA,12.6634761632277,12.6634761632277,12.4451714253154,12.0988562073005,12.7795710417878,11.9987699756383,12.8692049295526,0.0704155959835908,0.127144873663985,1,1,"bayesian_exact",2
"SRC-990-EXT-ORCID","ORCID","filing","exact_base",3,"latent_base_salary",12.5696077844296,NA,12.5696077844296,12.5696077844296,11.9830144817325,11.6170637779938,12.3692432587417,11.511485445502,12.4839411940662,-1.69766907546826,0.427035782838587,0,0,"bayesian_exact",2
"SRC-990-EXT-DATA-QUALITY-CAMPAIGN","Data Quality Campaign","filing","exact_base",3,"latent_base_salary",12.9352645395531,NA,12.9352645395531,12.9352645395531,13.088598561192,12.7227158787483,13.4641022461025,12.6351681039246,13.5805464509727,0.206335925364171,0.0999989486525132,1,1,"bayesian_exact",2
"SRC-990-EXT-INDEPENDENT-SECTOR","Independent Sector","filing","exact_base",3,"latent_base_salary",13.3541442871094,NA,13.3541442871094,13.3541442871094,13.1953370448434,12.8736541651006,13.5440432711655,12.7743322449268,13.6478437369787,0.225503157979709,0.102806538417937,1,1,"bayesian_exact",2
"SRC-990-EXT-FEDERATION-OF-AMERICAN-SCIENTISTS","Federation of American Scientists","filing","exact_base",3,"latent_base_salary",13.0648771145336,NA,13.0648771145336,13.0648771145336,12.6989135711517,12.3216238523336,13.075537083953,12.2032283490519,13.1916459982523,-0.474214911385755,0.234228268163398,1,1,"bayesian_exact",2
"SRC-990-EXT-NATIONAL-COMMITTEE-FOR-RESPONSIVE-PHILANTHROPY","National Committee for Responsive Philanthropy","filing","exact_base",3,"latent_base_salary",12.742437732963,NA,12.742437732963,12.742437732963,12.5892732356024,12.2068289136941,12.9834264487174,12.0833659544685,13.0802564195611,0.176464188783432,0.0982172436098164,1,1,"bayesian_exact",2
"SRC-990-EXT-THE-HUMANE-LEAGUE","The Humane League","filing","exact_base",3,"latent_base_salary",12.3775599734482,NA,12.3775599734482,12.3775599734482,12.370534562261,12.0242045951066,12.7374657361688,11.9268445206556,12.8425572323928,0.368313520934418,0.0647283535559333,1,1,"bayesian_exact",2
"SRC-990-EXT-MERCY-FOR-ANIMALS","Mercy For Animals","filing","exact_base",3,"latent_base_salary",12.2436538423338,NA,12.2436538423338,12.2436538423338,12.4328003137495,12.0925439487469,12.7798575064638,11.9938975884843,12.8791234122254,0.148324618342492,0.119457323261807,1,1,"bayesian_exact",2
"SRC-990-EXT-GUTTMACHER-INSTITUTE","Guttmacher Institute","filing","exact_base",3,"latent_base_salary",12.8946594433338,NA,12.8946594433338,12.8946594433338,13.3240448042344,12.9823338387152,13.64843463136,12.888083858076,13.7556107538514,-0.91222055766674,0.288760680467926,0,1,"bayesian_exact",2
"SRC-990-EXT-VERA-INSTITUTE-OF-JUSTICE","Vera Institute of Justice","filing","exact_base",3,"latent_base_salary",13.3181829414966,NA,13.3181829414966,13.3181829414966,13.1620082599195,12.8310984657337,13.5106608790114,12.7375614094445,13.6079628156759,0.231031654021158,0.0950780690567134,1,1,"bayesian_exact",2
"SRC-990-EXT-ARMS-CONTROL-ASSOCIATION","Arms Control Association","filing","exact_base",3,"latent_base_salary",11.7955985634313,NA,11.7955985634313,11.7955985634313,12.3623081337976,11.9446188627012,12.807171511233,11.8075611223817,12.9453605937962,-1.2064147809969,0.373617743601126,0,0,"bayesian_exact",2
"SRC-990-EXT3-CENTER-FOR-INTERNATIONAL-POLICY","Center for International Policy","filing","exact_base",3,"latent_base_salary",12.3116931273939,NA,12.3116931273939,12.3116931273939,12.372887345365,11.9048628246059,12.8547213425991,11.7608263910396,12.9853759193261,0.0580304611794501,0.0923124917591648,1,1,"bayesian_exact",2
"SRC-990-EXT-GIVINGTUESDAY","GivingTuesday","filing","exact_base",4,"latent_base_salary",12.8728251821158,NA,12.8728251821158,12.8728251821158,12.6596399579338,12.3179474724328,13.0101663466301,12.2370350958337,13.0960456785121,0.0861464815383195,0.131169315017548,1,1,"bayesian_exact",2
"SRC-990-EXT-INSTITUTE-FOR-THE-STUDY-OF-WAR","Institute for the Study of War","filing","exact_base",4,"latent_base_salary",12.2737531161958,NA,12.2737531161958,12.2737531161958,12.6295633872585,12.2920692878126,12.9705084091052,12.2033260615601,13.0763402166874,-0.534971534233633,0.226830335345342,0,1,"bayesian_exact",2
"SRC-990-EXT-CENTER-FOR-CLIMATE-AND-ENERGY-SOLUTIONS","Center for Climate and Energy Solutions","filing","exact_base",4,"latent_base_salary",12.9791557665258,NA,12.9791557665258,12.9791557665258,13.0207443034995,12.6664844344734,13.3313023303613,12.5672101662755,13.4337312719138,0.425608689908826,0.0621994121891212,1,1,"bayesian_exact",2
"SRC-990-EXT-PETERSON-INSTITUTE-FOR-INTERNATIONAL-ECONOMICS","Peterson Institute for International Economics","filing","exact_base",4,"latent_base_salary",13.3086807403212,NA,13.3086807403212,13.3086807403212,13.6135696284861,13.2793154003714,13.9487579183206,13.189929073125,14.0380189850726,-0.2698741926138,0.190979015555065,1,1,"bayesian_exact",2
"SRC-990-EXT-ECONOMIC-POLICY-INSTITUTE","Economic Policy Institute","filing","exact_base",4,"latent_base_salary",12.4477248107957,NA,12.4477248107957,12.4477248107957,12.9167800598217,12.6059433770364,13.2306358344235,12.5279938332776,13.3197192808719,-1.34141955458768,0.334288174882258,0,0,"bayesian_exact",2
"SRC-990-EXT-RESEARCH-AMERICA","Research!America","filing","exact_base",4,"latent_base_salary",13.297112905275,NA,13.297112905275,13.297112905275,12.7857661594356,12.4636572833108,13.1258643182643,12.3776586476463,13.2338812364173,-1.56553483176007,0.3615433503464,0,0,"bayesian_exact",2
"SRC-990-EXT-STIMSON-CENTER","Stimson Center","filing","exact_base",4,"latent_base_salary",12.9582226865033,NA,12.9582226865033,12.9582226865033,12.6485080963692,12.3037880848848,12.9776852908382,12.2251391846964,13.0753935664254,-0.304052744346675,0.199573856997448,1,1,"bayesian_exact",2
"SRC-990-EXT-PEAK-GRANTMAKING","PEAK Grantmaking","filing","exact_base",4,"latent_base_salary",12.6147062287155,NA,12.6147062287155,12.6147062287155,12.8359916813326,12.5081450137721,13.1521831678597,12.4018981239426,13.25613950323,0.0599099186594589,0.130546462814685,1,1,"bayesian_exact",2
"SRC-990-EXT-GRANTMAKERS-FOR-EDUCATION","Grantmakers for Education","filing","exact_base",4,"latent_base_salary",12.4309659850717,NA,12.4309659850717,12.4309659850717,12.7243675864278,12.3290213898001,13.1101960136124,12.2329271142873,13.2222695195097,-0.187203304392344,0.166418026473993,1,1,"bayesian_exact",2
"SRC-990-EXT-ENERGY-FOR-GROWTH-HUB","Energy for Growth Hub","filing","exact_base",4,"latent_base_salary",13.0105039226493,NA,13.0105039226493,13.0105039226493,12.472872663276,12.1104411762228,12.834400081312,12.0223671661167,12.9406750134765,-1.58925670622579,0.389662197502335,0,0,"bayesian_exact",2
"SRC-990-EXT-OPEN-MARKETS-INSTITUTE","Open Markets Institute","filing","exact_base",4,"latent_base_salary",12.1897506129305,NA,12.1897506129305,12.1897506129305,12.4832816213697,12.1611732592292,12.7781375947941,12.059943332949,12.8756007485751,-0.235641172656232,0.181879353612466,1,1,"bayesian_exact",2
"SRC-990-EXT-STRONGMINDS","StrongMinds","filing","exact_base",4,"latent_base_salary",12.4509506432504,NA,12.4509506432504,12.4509506432504,12.3224850963029,12.0136837783121,12.6368205806857,11.9215664736638,12.7334931533565,0.340185507590023,0.0844961908530394,1,1,"bayesian_exact",2
"SRC-990-EXT-REDWOOD-RESEARCH","Redwood Research","filing","exact_base",4,"latent_base_salary",12.5766540301346,NA,12.5766540301346,12.5766540301346,12.9880153943107,12.40889347577,13.5692323722005,12.2481368866562,13.7590863281738,-0.541630179273385,0.240523000196181,1,1,"bayesian_exact",2
"SRC-990-EXT-PARTNERSHIP-ON-AI","Partnership on AI","filing","exact_base",5,"latent_base_salary",12.7912011974447,NA,12.7912011974447,12.7912011974447,12.7833522129348,12.4269935643505,13.1140957999856,12.3461394794666,13.2133943226299,0.43698021054396,0.0608388231502825,1,1,"bayesian_exact",2
"SRC-990-EXT-FUTURE-OF-PRIVACY-FORUM","Future of Privacy Forum","filing","exact_base",5,"latent_base_salary",13.5088520328401,NA,13.5088520328401,13.5088520328401,12.8625391159506,12.5288234355466,13.1947453849421,12.4420339902709,13.2842844446697,-2.64599277031469,0.503326318941208,0,0,"bayesian_exact",2
"SRC-990-EXT-CLIMATE-CENTRAL","Climate Central","filing","exact_base",5,"latent_base_salary",12.6801870016491,NA,12.6801870016491,12.6801870016491,12.6584773441439,12.3112992478966,12.9652520227905,12.2205706096959,13.0652276585129,0.418774083026522,0.0630899269417875,1,1,"bayesian_exact",2
"SRC-990-EXT-DEMOS","Demos","filing","exact_base",5,"latent_base_salary",12.6428849557391,NA,12.6428849557391,12.6428849557391,12.8656445876696,12.5180804855395,13.2006047846192,12.435380896038,13.2941369746808,0.0483345526383683,0.127754554522094,1,1,"bayesian_exact",2
"SRC-990-EXT3-NATIONAL-ACADEMY-FOR-STATE-HEALTH-POLICY","National Academy for State Health Policy","filing","exact_base",5,"latent_base_salary",12.8776933603378,NA,12.8776933603378,12.8776933603378,12.974482891017,12.6273316719252,13.3237304788652,12.5413911154488,13.4289762125633,0.345924254054733,0.0791571476292466,1,1,"bayesian_exact",2
"SRC-990-EXT-PROJECT-DRAWDOWN","Project Drawdown","filing","exact_base",5,"latent_base_salary",13.0056540850792,NA,13.0056540850792,13.0056540850792,12.698830332105,12.3313736535999,13.0510706687425,12.2340156668973,13.1603637494187,-0.252638743024631,0.195212852288489,1,1,"bayesian_exact",2
"SRC-990-EXT-BREAKTHROUGH-INSTITUTE","Breakthrough Institute","filing","exact_base",5,"latent_base_salary",12.579065834723,NA,12.579065834723,12.579065834723,12.5833018377322,12.2221943450278,12.9445252335718,12.1050067778726,13.0562816858823,0.344756124383628,0.0676813674164971,1,1,"bayesian_exact",2
"SRC-990-EXT-MIGRATION-POLICY-INSTITUTE","Migration Policy Institute","filing","exact_base",5,"latent_base_salary",12.6227383916406,NA,12.6227383916406,12.6227383916406,12.8132075258092,12.4726591424143,13.1504622928476,12.3544558732871,13.2543939782179,0.148277296959267,0.11493918957475,1,1,"bayesian_exact",2
"SRC-990-EXT-THE-SENTENCING-PROJECT","The Sentencing Project","filing","exact_base",5,"latent_base_salary",12.2172732835324,NA,12.2172732835324,12.2172732835324,12.2609093371083,11.9177038630676,12.5899996282172,11.8251481750633,12.6986480159809,0.406216011039005,0.0650429641555946,1,1,"bayesian_exact",2
"SRC-990-EXT-EXPONENT-PHILANTHROPY","Exponent Philanthropy","filing","exact_base",5,"latent_base_salary",12.6069727833315,NA,12.6069727833315,12.6069727833315,12.3867448038791,12.0425517007214,12.7286171937884,11.9460289975129,12.8188535817032,0.0543359952303907,0.130676240359762,1,1,"bayesian_exact",2
"SRC-990-EXT-RESULTS-FOR-AMERICA","Results for America","filing","exact_base",5,"latent_base_salary",12.6889203108623,NA,12.6889203108623,12.6889203108623,13.0037074546747,12.6707230280953,13.3353491550063,12.6015409045623,13.4372144315122,-0.316178881036107,0.191019785272102,1,1,"bayesian_exact",2
"SRC-990-EXT-VILLAGE-ENTERPRISE","Village Enterprise","filing","exact_base",5,"latent_base_salary",12.5400430408691,NA,12.5400430408691,12.5400430408691,12.5455509448532,12.2189552950283,12.8824283502134,12.1176061792728,12.9916382545106,0.429125479800654,0.0607001813262261,1,1,"bayesian_exact",2
"SRC-990-EXT3-NUCLEAR-INNOVATION-ALLIANCE","Nuclear Innovation Alliance","filing","exact_base",5,"latent_base_salary",12.6101041264858,NA,12.6101041264858,12.6101041264858,12.1212344190235,11.781205692687,12.449540721323,11.6915940298392,12.5508503186424,-1.30337539226817,0.344123748028043,0,0,"bayesian_exact",2
"SRC-990-EXT-ANIMAL-WELFARE-INSTITUTE","Animal Welfare Institute","filing","exact_base",6,"latent_base_salary",12.1688180822369,NA,12.1688180822369,12.1688180822369,12.4160030494622,12.0622216946839,12.7626276837531,11.9598089111087,12.8564424043168,-0.0380794006944583,0.149047547804589,1,1,"bayesian_exact",2
"SRC-990-EXT-TAX-FOUNDATION","Tax Foundation","filing","exact_base",6,"latent_base_salary",12.515216592965,NA,12.515216592965,12.515216592965,12.6164815357561,12.2843968817938,12.9668050132452,12.1768545415882,13.0589072701175,0.331341795956997,0.0772967860942524,1,1,"bayesian_exact",2
"SRC-990-EXT-COMMITTEE-FOR-A-RESPONSIBLE-FEDERAL-BUDGET","Committee for a Responsible Federal Budget","filing","exact_base",6,"latent_base_salary",13.2655461923519,NA,13.2655461923519,13.2655461923519,13.0141327034856,12.6708236050929,13.3333896273147,12.5684799471766,13.4255612185785,-0.0462890616563549,0.15302898432614,1,1,"bayesian_exact",2
"SRC-990-EXT-SAN-FRANCISCO-ESTUARY-INSTITUTE","San Francisco Estuary Institute","filing","exact_base",6,"latent_base_salary",12.1771418570467,NA,12.1771418570467,12.1771418570467,12.4565205870091,12.1120471841633,12.8111752283501,12.0195623786201,12.9257713101481,-0.151271636994874,0.169827022425509,1,1,"bayesian_exact",2
"SRC-990-EXT-PUBLIC-AGENDA","Public Agenda","filing","exact_base",6,"latent_base_salary",12.5141054670907,NA,12.5141054670907,12.5141054670907,12.4071223725162,12.0397298493743,12.7539929761254,11.943150874762,12.8685720934955,0.279505560912045,0.0834775589058994,1,1,"bayesian_exact",2
"SRC-990-EXT-EVIDENCE-ACTION","Evidence Action","filing","exact_base",6,"latent_base_salary",12.8276536554356,NA,12.8276536554356,12.8276536554356,12.6238361326064,12.273314775235,12.9722299429174,12.1663865745259,13.0646553008597,0.102228335676855,0.120470053971023,1,1,"bayesian_exact",2
"SRC-990-EXT-PHYSICIANS-FOR-SOCIAL-RESPONSIBILITY","Physicians for Social Responsibility","filing","exact_base",6,"latent_base_salary",11.9808845054682,NA,11.9808845054682,11.9808845054682,12.2892300828534,11.9377593644134,12.629622462994,11.8527812754971,12.7322607300119,-0.26306289997076,0.190599556622017,1,1,"bayesian_exact",2
"SRC-990-EXT3-AMERICAN-SECURITY-PROJECT","American Security Project","filing","exact_base",6,"latent_base_salary",11.9786620658855,NA,11.9786620658855,11.9786620658855,12.2233225593492,11.771403464084,12.6889463420779,11.6268290655499,12.8059349756271,-0.115753517825898,0.158001011304882,1,1,"bayesian_exact",2
"SRC-990-EA-GIVEWELL","GiveWell","filing","exact_base",6,"latent_base_salary",13.0190388321958,NA,13.0190388321958,13.0190388321958,12.7768143783138,12.2734092535651,13.2945155117911,12.1320608867508,13.4618630086218,-0.179670742111523,0.164990246081006,1,1,"bayesian_exact",2
"SRC-990-EXT-FRAMEWORKS-INSTITUTE","FrameWorks Institute","filing","exact_base",7,"latent_base_salary",13.0266397001217,NA,13.0266397001217,13.0266397001217,12.8224987340274,12.4690081633293,13.1753988262257,12.3659960859597,13.2851146861154,0.0981827952646126,0.123203004136945,1,1,"bayesian_exact",2
"SRC-990-EXT-COUNCIL-ON-STRATEGIC-RISKS","Council on Strategic Risks","filing","exact_base",7,"latent_base_salary",12.508796619219,NA,12.508796619219,12.508796619219,12.6115982266224,12.2606151221681,12.9512407518653,12.1670605691652,13.051059775729,0.318760870518583,0.0804507403535774,1,1,"bayesian_exact",2
"SRC-990-EXT-ENVIRONMENTAL-LAW-INSTITUTE","Environmental Law Institute","filing","exact_base",7,"latent_base_salary",12.6696219906236,NA,12.6696219906236,12.6696219906236,12.7300941895962,12.379767876933,13.1015943459907,12.2710159149743,13.1947089751736,0.326499418824542,0.0721531637193726,1,1,"bayesian_exact",2
"SRC-990-EXT-INSTITUTE-FOR-NONPROFIT-NEWS","Institute for Nonprofit News","filing","exact_base",7,"latent_base_salary",12.3400869277947,NA,12.3400869277947,12.3400869277947,12.3317302196388,11.932676298521,12.7558854557971,11.8178837130959,12.8544635945595,0.236031377208196,0.0730168826527826,1,1,"bayesian_exact",2
"SRC-990-EXT-TECHNICAL-ASSISTANCE-COLLABORATIVE","Technical Assistance Collaborative","filing","exact_base",7,"latent_base_salary",12.4383619268654,NA,12.4383619268654,12.4383619268654,12.4889702321819,12.1647811855286,12.8397711974215,12.0419131570406,12.9348167046528,0.367086784661627,0.0679067467906864,1,1,"bayesian_exact",2
"SRC-990-EXT-PRECISION-DEVELOPMENT","Precision Development","filing","exact_base",7,"latent_base_salary",12.4150937427763,NA,12.4150937427763,12.4150937427763,12.5090687794666,12.1758478131322,12.8535100802702,12.0839253843608,12.9609859008382,0.331025486819938,0.0785504540368052,1,1,"bayesian_exact",2
"SRC-990-EXT-CREATIVE-COMMONS","Creative Commons","filing","exact_base",7,"latent_base_salary",12.4083285202951,NA,12.4083285202951,12.4083285202951,12.5043271932661,12.1356464964751,12.8521670766415,12.0464112060232,12.9451897677904,0.319578376514828,0.0792374385482871,1,1,"bayesian_exact",2
"SRC-990-EXT-BIPARTISAN-POLICY-CENTER","Bipartisan Policy Center","filing","exact_base",7,"latent_base_salary",13.69992393343,NA,13.69992393343,13.69992393343,13.2255305576836,12.8670520579621,13.5823032783099,12.7710854851098,13.6952491129858,-1.13507327961434,0.32594752921138,0,0,"bayesian_exact",2
"SRC-990-EXT-LIVING-GOODS","Living Goods","filing","exact_base",7,"latent_base_salary",12.5107284211723,NA,12.5107284211723,12.5107284211723,12.4251515462126,12.0505273187283,12.8193914634472,11.9534788846986,12.9096056991611,0.287878781309342,0.0790866774289631,1,1,"bayesian_exact",2
"SRC-990-EXT-INNOVATIONS-FOR-POVERTY-ACTION","Innovations for Poverty Action","filing","exact_base",7,"latent_base_salary",12.4867659407714,NA,12.4867659407714,12.4867659407714,12.7423287803255,12.3641542216582,13.0860836022118,12.2539766368296,13.1838549970489,-0.0674823026312973,0.156005762634042,1,1,"bayesian_exact",2
"SRC-990-EXT-OPEN-SOURCE-INITIATIVE","Open Source Initiative","filing","exact_base",7,"latent_base_salary",12.2102910853882,NA,12.2102910853882,12.2102910853882,12.168606430689,11.6932000531288,12.6781060027998,11.5518381166895,12.8402906080413,0.0489590049190551,0.0931678560849054,1,1,"bayesian_exact",2
"SRC-990-EA-CENTER-FOR-ELECTION-SCIENCE","Center for Election Science","filing","exact_base",7,"latent_base_salary",12.2614916001655,NA,12.2614916001655,12.2614916001655,12.2863900449815,11.8224570945431,12.757764851644,11.7003492696819,12.8873757763526,0.116319128341846,0.0830200824675919,1,1,"bayesian_exact",2
"SRC-990-EXT-POPULATION-REFERENCE-BUREAU","Population Reference Bureau","filing","exact_base",8,"latent_base_salary",12.816309953692,NA,12.816309953692,12.816309953692,12.5353725309255,12.0775253997409,12.9933561782118,11.9858385469414,13.1117667076297,-0.190613002970185,0.172233009720354,1,1,"bayesian_exact",2
"SRC-990-EXT-JAIN-FAMILY-INSTITUTE","Jain Family Institute","filing","exact_base",8,"latent_base_salary",12.3338860528408,NA,12.3338860528408,12.3338860528408,12.6220625578314,12.2749036889936,12.9757506784022,12.1799357063878,13.0588486483397,-0.192517632100425,0.173291519746609,1,1,"bayesian_exact",2
"SRC-990-EXT3-CARBON-MAPPER","Carbon Mapper","filing","exact_base",8,"latent_base_salary",12.5153758745745,NA,12.5153758745745,12.5153758745745,12.8465295268919,12.4946528667676,13.2009543367997,12.4055332439771,13.2837498353931,-0.363363946850553,0.203194964700109,1,1,"bayesian_exact",2
"SRC-990-EXT-INSTITUTE-FOR-POLICY-STUDIES","Institute for Policy Studies","filing","exact_base",8,"latent_base_salary",12.053986283532,NA,12.053986283532,12.053986283532,12.4614455235285,12.0230539226536,12.9256776184757,11.8913923822899,13.077960919646,-0.558286040715502,0.25471080917525,1,1,"bayesian_exact",2
"SRC-990-EXT-NATIONAL-EMPLOYMENT-LAW-PROJECT","National Employment Law Project","filing","exact_base",8,"latent_base_salary",12.8184638703657,NA,12.8184638703657,12.8184638703657,12.8634135621585,12.5277039114046,13.1883206630649,12.4302303838298,13.2729509044207,0.42195977440786,0.0633409129338246,1,1,"bayesian_exact",2
"SRC-990-EXT-AMERICAN-IMMIGRATION-COUNCIL","American Immigration Council","filing","exact_base",8,"latent_base_salary",12.6131309837729,NA,12.6131309837729,12.6131309837729,12.6355476138945,12.3048329068923,12.9888031981455,12.2139916616623,13.0863676349963,0.409591435228466,0.062676554941593,1,1,"bayesian_exact",2
"SRC-990-EXT-GOOD-FOOD-INSTITUTE","Good Food Institute","filing","exact_base",8,"latent_base_salary",12.3904522913386,NA,12.3904522913386,12.3904522913386,12.6103227078491,12.2930110035665,12.964969442804,12.1927635944304,13.0809388718221,0.0582064016845694,0.120696403028096,1,1,"bayesian_exact",2
"SRC-990-EXT-SOFTWARE-FREEDOM-CONSERVANCY","Software Freedom Conservancy","filing","exact_base",8,"latent_base_salary",12.1568022510686,NA,12.1568022510686,12.1568022510686,12.1684891102929,11.6589537500848,12.6545623510732,11.492979063113,12.8002921219654,0.0461516016804847,0.0913503340450764,1,1,"bayesian_exact",2
"SRC-990-EXT-OPENSECRETS","OpenSecrets","filing","exact_base",8,"latent_base_salary",12.3218529214459,NA,12.3218529214459,12.3218529214459,12.3274083574598,11.9822080685665,12.6765156611301,11.896560277662,12.7845145871459,0.405408929745978,0.0621984224345913,1,1,"bayesian_exact",2
"SRC-990-EXT-CLEAN-AIR-TASK-FORCE","Clean Air Task Force","filing","exact_base",8,"latent_base_salary",12.8291533338357,NA,12.8291533338357,12.8291533338357,12.7972913098192,12.4482329428221,13.1558138366018,12.3166238868154,13.2598782077422,0.35967394047316,0.066350453337203,1,1,"bayesian_exact",2
"SRC-990-EA-FORESIGHT-INSTITUTE","Foresight Institute","filing","exact_base",8,"latent_base_salary",12.5911934036369,NA,12.5911934036369,12.5911934036369,12.2543371157525,11.8139524360083,12.6939819532439,11.6940621219351,12.8257582473681,-0.324706281622326,0.193296755943291,1,1,"bayesian_exact",2
"SRC-990-EA-COPENHAGEN-CONSENSUS-CENTER","Copenhagen Consensus Center","filing","exact_base",8,"latent_base_salary",13.0459767896383,NA,13.0459767896383,13.0459767896383,11.9870389964247,11.5357240041014,12.4417983739217,11.3840844999555,12.5699244993311,-3.96698709435227,0.834431298576106,0,0,"bayesian_exact",2
"SRC-990-EXT-INFORMATION-TECHNOLOGY-AND-INNOVATION-FOUNDATION","Information Technology and Innovation Foundation","filing","exact_base",9,"latent_base_salary",13.2745188452622,NA,13.2745188452622,13.2745188452622,12.9594128060311,12.6452467841108,13.3001188917711,12.5597655971993,13.387384563724,-0.321148351524799,0.191221278396536,1,1,"bayesian_exact",2
"SRC-990-EXT-NUMFOCUS","NumFOCUS","filing","exact_base",9,"latent_base_salary",12.0255072657542,NA,12.0255072657542,12.0255072657542,12.3801819824119,11.8921009845375,12.8442975255374,11.7656124771974,12.9774647214096,-0.407396729884328,0.226278113999847,1,1,"bayesian_exact",2
"SRC-990-EXT-FRESH-ENERGY","Fresh Energy","filing","exact_base",9,"latent_base_salary",12.4117920746609,NA,12.4117920746609,12.4117920746609,12.469394270444,12.0454628140934,12.9112533131711,11.9169620683508,13.0347480057078,0.164873664195735,0.0842554498721407,1,1,"bayesian_exact",2
"SRC-990-EXT-CENTER-FOR-A-NEW-AMERICAN-SECURITY","Center for a New American Security","filing","exact_base",9,"latent_base_salary",13.1871814907024,NA,13.1871814907024,13.1871814907024,12.933377131396,12.6145989228497,13.2817128741889,12.5247852061616,13.3704323037909,-0.0510638568106021,0.149009831464656,1,1,"bayesian_exact",2
"SRC-990-EXT-GRANTMAKERS-FOR-EFFECTIVE-ORGANIZATIONS","Grantmakers for Effective Organizations","filing","exact_base",9,"latent_base_salary",12.8837522170102,NA,12.8837522170102,12.8837522170102,12.8885421699767,12.5627365137012,13.1915349871726,12.4757948414534,13.2953952924474,0.485531826779697,0.0570089029830865,1,1,"bayesian_exact",2
"SRC-990-EXT-ELECTRONIC-FRONTIER-FOUNDATION","Electronic Frontier Foundation","filing","exact_base",9,"latent_base_salary",12.757183396529,NA,12.757183396529,12.757183396529,12.6301204985324,12.2965395012803,12.9506492766972,12.2091690456334,13.0367343856637,0.323170820495195,0.0868040898647249,1,1,"bayesian_exact",2
"SRC-990-EXT-INSTITUTE-FOR-SECURITY-AND-TECHNOLOGY","Institute for Security and Technology","filing","exact_base",9,"latent_base_salary",12.3935414740295,NA,12.3935414740295,12.3935414740295,12.7046035813188,12.3828227750962,13.0258340463764,12.2924569501781,13.1167703772386,-0.32584269377009,0.202664967962068,1,1,"bayesian_exact",2
"SRC-990-EXT-PROJECT-HEALTHY-CHILDREN","Project Healthy Children","filing","exact_base",9,"latent_base_salary",11.5747708002363,NA,11.5747708002363,11.5747708002363,12.6831353270027,12.3374425376258,13.0305372762695,12.2407571145155,13.1243411386763,-7.67028486313769,0.965949675150795,0,0,"bayesian_exact",2
"SRC-990-EXT-THIRD-WAY-INSTITUTE","Third Way Institute","filing","exact_base",9,"latent_base_salary",12.9939824923999,NA,12.9939824923999,12.9939824923999,12.7951258805175,12.2101315275812,13.3842144348243,12.0453240350174,13.5427179355135,-0.248292348838385,0.132846940021429,1,1,"bayesian_exact",2
"SRC-990-EXT-ANIMAL-LEGAL-DEFENSE-FUND","Animal Legal Defense Fund","filing","exact_base",9,"latent_base_salary",12.5370734769901,NA,12.5370734769901,12.5370734769901,12.4316585678628,12.099186558227,12.7656762212242,11.9941751347455,12.8626363777961,0.361348911804149,0.077796620152182,1,1,"bayesian_exact",2
"SRC-990-EXT-CENTER-FOR-AI-SAFETY","Center for AI Safety","filing","exact_base",10,"latent_base_salary",12.7213413939825,NA,12.7213413939825,12.7213413939825,12.6895340620764,12.3222811330397,13.0605560632943,12.1928585115237,13.1643626630897,0.308521566391722,0.0700909409122202,1,1,"bayesian_exact",2
"SRC-990-EXT-CENTER-FOR-DEMOCRACY-TECHNOLOGY","Center for Democracy & Technology","filing","exact_base",10,"latent_base_salary",12.9169778646385,NA,12.9169778646385,12.9169778646385,12.7796901765703,12.4277144939628,13.1228527238162,12.3337469282488,13.2155843137155,0.260454830337424,0.0894205816686196,1,1,"bayesian_exact",2
"SRC-990-EXT-CENTER-FOR-EFFECTIVE-PHILANTHROPY","Center for Effective Philanthropy","filing","exact_base",10,"latent_base_salary",13.2146671151145,NA,13.2146671151145,13.2146671151145,12.9234804054536,12.5615692604622,13.2748499259134,12.4644661548718,13.3502243883423,-0.196855122132861,0.181226431411355,1,1,"bayesian_exact",2
"SRC-990-EXT-WORLD-JUSTICE-PROJECT","World Justice Project","filing","exact_base",10,"latent_base_salary",12.8497369708156,NA,12.8497369708156,12.8497369708156,12.8499569082264,12.492565903437,13.1992783599309,12.3811542651544,13.3001104488856,0.372486564717208,0.0639729840008871,1,1,"bayesian_exact",2
"SRC-990-EXT-CODE-FOR-SCIENCE-SOCIETY","Code for Science & Society","filing","exact_base",10,"latent_base_salary",12.2746977427298,NA,12.2746977427298,12.2746977427298,12.5928409316691,12.118579735685,13.0534328893872,11.9701902819993,13.1888142692275,-0.299784545376771,0.206544278295313,1,1,"bayesian_exact",2
"SRC-990-EXT-BULLETIN-OF-THE-ATOMIC-SCIENTISTS","Bulletin of the Atomic Scientists","filing","exact_base",10,"latent_base_salary",12.3173567420894,NA,12.3173567420894,12.3173567420894,12.3453979471413,12.012118629646,12.689642130576,11.9003007785608,12.7883030344541,0.398992769127719,0.0636621238060346,1,1,"bayesian_exact",2
"SRC-990-EXT-TECHCONGRESS","TechCongress","filing","exact_base",10,"latent_base_salary",12.4960490464963,NA,12.4960490464963,12.4960490464963,12.1844013453962,11.8154789668534,12.5384992352043,11.7210396412901,12.6229466292156,-0.280993601867541,0.200830573064681,1,1,"bayesian_exact",2
"SRC-990-EXT-ECONOMIC-INNOVATION-GROUP","Economic Innovation Group","filing","exact_base",10,"latent_base_salary",12.9583656609222,NA,12.9583656609222,12.9583656609222,12.9242403962974,12.5885995863971,13.266631321575,12.4899944620135,13.3651601318282,0.403926814655072,0.063813504467967,1,1,"bayesian_exact",2
"SRC-990-EXT-GLOBAL-HEALTH-CORPS","Global Health Corps","filing","exact_base",10,"latent_base_salary",12.4246040572612,NA,12.4246040572612,12.4246040572612,12.0531567199505,11.690387805895,12.4088034812156,11.5913766617438,12.5020898713617,-0.546270089253292,0.235757612226216,0,1,"bayesian_exact",2
"SRC-990-EXT3-CENTER-FOR-ARMS-CONTROL-AND-NON-PROLIFERATION","Center for Arms Control and Non-Proliferation","filing","exact_base",10,"latent_base_salary",12.5533356659485,NA,12.5533356659485,12.5533356659485,12.2641410651102,11.783872815239,12.730885200814,11.6474962733371,12.861833002586,-0.221109369247738,0.180562516383579,1,1,"bayesian_exact",2
"SRC-990-EXT-INSTITUTE-FOR-ENERGY-ECONOMICS-AND-FINANCIAL-ANALYSIS","Institute for Energy Economics and Financial Analysis","filing","exact_base",1,"latent_base_salary",12.5797210272034,NA,12.5797210272034,12.5797210272034,12.609473778313,12.2675688054191,12.9561777215179,12.1734201231129,13.0534846736487,0.399356744423716,0.0630501660928285,1,1,"bayesian_numeric",2
"SRC-990-EXT-CHARITY-NAVIGATOR","Charity Navigator","filing","exact_base",1,"latent_base_salary",12.7520384665336,NA,12.7520384665336,12.7520384665336,12.6300726427962,12.2778421796574,12.9656931529543,12.1747602554156,13.0593119086235,0.300910177398241,0.0840367886797873,1,1,"bayesian_numeric",2
"SRC-990-EXT-SOCIAL-SCIENCE-RESEARCH-COUNCIL","Social Science Research Council","filing","exact_base",1,"latent_base_salary",12.7968302816124,NA,12.7968302816124,12.7968302816124,12.9819523695901,12.6399284872691,13.3421014507027,12.536150480183,13.4264222650201,0.157388497844547,0.112823585312809,1,1,"bayesian_numeric",2
"SRC-990-EXT-CHICAGO-COUNCIL-ON-GLOBAL-AFFAIRS","Chicago Council on Global Affairs","filing","exact_base",1,"latent_base_salary",13.1491202773988,NA,13.1491202773988,13.1491202773988,12.68443047708,12.3343905364612,13.0268115250919,12.2330528589358,13.1307755925054,-1.12559244900509,0.323080248333332,0,0,"bayesian_numeric",2
"SRC-990-EXT-ROOSEVELT-INSTITUTE","Roosevelt Institute","filing","exact_base",1,"latent_base_salary",13.0866290852163,NA,13.0866290852163,13.0866290852163,12.9229329931658,12.5802551493216,13.2560093244318,12.4650618621079,13.3523210186058,0.212071809694343,0.101100160073654,1,1,"bayesian_numeric",2
"SRC-990-EXT-PUBLIC-KNOWLEDGE","Public Knowledge","filing","exact_base",1,"latent_base_salary",12.4996822653103,NA,12.4996822653103,12.4996822653103,12.5772367410752,12.2370116442304,12.9188926558341,12.1384273800801,13.0251591264592,0.35967355068602,0.07081490189826,1,1,"bayesian_numeric",2
"SRC-990-EXT-RESULTS-FOR-DEVELOPMENT","Results for Development","filing","exact_base",1,"latent_base_salary",12.9211104925028,NA,12.9211104925028,12.9211104925028,12.9297607098063,12.5768925938385,13.2821147593992,12.4805647384593,13.3929165314642,0.391258356840131,0.062590633237994,1,1,"bayesian_numeric",2
"SRC-990-EXT-SIGHTLINE-INSTITUTE","Sightline Institute","filing","exact_base",1,"latent_base_salary",12.2612800796685,NA,12.2612800796685,12.2612800796685,12.1747877189665,11.8374084510956,12.5232949307029,11.7350050943297,12.6196609864664,0.333701635782158,0.0750112928574699,1,1,"bayesian_numeric",2
"SRC-990-EXT-NEW-AMERICA","New America","filing","exact_base",1,"latent_base_salary",13.2081577341251,NA,13.2081577341251,13.2081577341251,13.2486917060717,12.8932445975189,13.6032448595727,12.8018485748088,13.6970039848129,0.369133707306856,0.0663097975678002,1,1,"bayesian_numeric",2
"SRC-990-EXT3-CENTER-FOR-HEALTH-CARE-STRATEGIES","Center for Health Care Strategies","filing","exact_base",2,"latent_base_salary",12.6222962067176,NA,12.6222962067176,12.6222962067176,12.6955974646117,12.3558480723331,13.0263302256545,12.2428130545003,13.1189833861667,0.393782281498904,0.0689675265139296,1,1,"bayesian_numeric",2
"SRC-990-EXT-FAR-AI","FAR AI","filing","exact_base",2,"latent_base_salary",12.405415596293,NA,12.405415596293,12.405415596293,12.5928436140608,12.2599458579251,12.9388702162005,12.1564586601245,13.0330338271051,0.162263391456414,0.114953504140813,1,1,"bayesian_numeric",2
"SRC-990-EXT-QUINCY-INSTITUTE-FOR-RESPONSIBLE-STATECRAFT","Quincy Institute for Responsible Statecraft","filing","exact_base",2,"latent_base_salary",12.631030234805,NA,12.631030234805,12.631030234805,12.9596379508753,12.644547231911,13.2958702863007,12.5515839515132,13.3933642387653,-0.382537861603927,0.209759642288793,0,1,"bayesian_numeric",2
"SRC-990-EXT-IDEAS42","ideas42","filing","exact_base",2,"latent_base_salary",12.4941514017925,NA,12.4941514017925,12.4941514017925,12.7153642184774,12.3782069911147,13.0511967737981,12.2831757393291,13.141285954275,0.0555204640179084,0.132008042661464,1,1,"bayesian_numeric",2
"SRC-990-EXT-CENTER-FOR-OPEN-SCIENCE","Center for Open Science","filing","exact_base",2,"latent_base_salary",12.5016604600873,NA,12.5016604600873,12.5016604600873,12.6182970786512,12.2929561327643,12.9603563210288,12.2030402936228,13.0473740127698,0.333651665202674,0.0816470313320013,1,1,"bayesian_numeric",2
"SRC-990-EXT3-LEARNING-POLICY-INSTITUTE","Learning Policy Institute","filing","exact_base",2,"latent_base_salary",13.1712146825618,NA,13.1712146825618,13.1712146825618,12.8989189454528,12.5614879615907,13.2243748464625,12.476658537136,13.3209559861305,-0.126672013235206,0.163864647017808,1,1,"bayesian_numeric",2
"SRC-990-EXT-NISKANEN-CENTER","Niskanen Center","filing","exact_base",2,"latent_base_salary",13.3543131280751,NA,13.3543131280751,13.3543131280751,12.8807152113136,12.5361998257292,13.2136115696923,12.4560807291818,13.3086450609737,-1.25600794799786,0.332412800194905,0,0,"bayesian_numeric",2
"SRC-990-EXT-INSTITUTE-ON-TAXATION-AND-ECONOMIC-POLICY","Institute on Taxation and Economic Policy","filing","exact_base",2,"latent_base_salary",12.3346530459445,NA,12.3346530459445,12.3346530459445,12.848952706787,12.510029001846,13.1856916648152,12.409882955708,13.2850706072187,-1.51450045881531,0.375304061395712,0,0,"bayesian_numeric",2
"SRC-990-EXT-VILLAGEREACH","VillageReach","filing","exact_base",2,"latent_base_salary",12.4314315810676,NA,12.4314315810676,12.4314315810676,12.4230490029248,12.0854127483708,12.7598764856982,11.9956120159673,12.8633737284042,0.412476590678103,0.0615042268824609,1,1,"bayesian_numeric",2
"SRC-990-EXT-LAST-MILE-HEALTH","Last Mile Health","filing","exact_base",2,"latent_base_salary",12.4850802155385,NA,12.4850802155385,12.4850802155385,12.5426588143015,12.2090319264772,12.8750087287871,12.1109360496132,12.9714699097207,0.39976753265288,0.0665118579807234,1,1,"bayesian_numeric",2
"SRC-990-EXT-FARM-SANCTUARY","Farm Sanctuary","filing","exact_base",2,"latent_base_salary",12.3163882693373,NA,12.3163882693373,12.3163882693373,12.5193435217647,12.1956889044985,12.8573533025921,12.0893691129732,12.9527478991832,0.114120000208747,0.121411201813473,1,1,"bayesian_numeric",2
"SRC-990-EXT-DATAKIND","DataKind","filing","exact_base",3,"latent_base_salary",12.4083285202951,NA,12.4083285202951,12.4083285202951,12.6182024577407,12.2775948703455,12.9554377397805,12.1784874609605,13.0468160291708,0.0937291905539175,0.127466573952777,1,1,"bayesian_numeric",2
"SRC-990-EXT-INTERNET-SECURITY-RESEARCH-GROUP","Internet Security Research Group","filing","exact_base",3,"latent_base_salary",12.6634761632277,NA,12.6634761632277,12.6634761632277,12.5081630644442,12.1758022478654,12.8582626382335,12.0681331516977,12.9398700281494,0.247711178766667,0.0968999971446068,1,1,"bayesian_numeric",2
"SRC-990-EXT-ORCID","ORCID","filing","exact_base",3,"latent_base_salary",12.5696077844296,NA,12.5696077844296,12.5696077844296,12.1400345079047,11.7887262353448,12.4936320355801,11.6822163537322,12.5902857161671,-0.89546150329658,0.292237510391511,0,1,"bayesian_numeric",2
"SRC-990-EXT-DATA-QUALITY-CAMPAIGN","Data Quality Campaign","filing","exact_base",3,"latent_base_salary",12.9352645395531,NA,12.9352645395531,12.9352645395531,13.0642584852519,12.7485789577706,13.4119501878638,12.6502089514174,13.5163543929996,0.29108424679872,0.0867576109148485,1,1,"bayesian_numeric",2
"SRC-990-EXT-INDEPENDENT-SECTOR","Independent Sector","filing","exact_base",3,"latent_base_salary",13.3541442871094,NA,13.3541442871094,13.3541442871094,13.1333152680462,12.7945513122426,13.4584519011698,12.6922742922616,13.565072808031,0.0603044451556601,0.129573132957571,1,1,"bayesian_numeric",2
"SRC-990-EXT-FEDERATION-OF-AMERICAN-SCIENTISTS","Federation of American Scientists","filing","exact_base",3,"latent_base_salary",13.0648771145336,NA,13.0648771145336,13.0648771145336,12.8082804305261,12.4595905175036,13.1346183680963,12.3593557037951,13.2343361162346,-0.0653868032481491,0.152419050045986,1,1,"bayesian_numeric",2
"SRC-990-EXT-NATIONAL-COMMITTEE-FOR-RESPONSIVE-PHILANTHROPY","National Committee for Responsive Philanthropy","filing","exact_base",3,"latent_base_salary",12.742437732963,NA,12.742437732963,12.742437732963,12.6198209059415,12.2817460080719,12.9593992918476,12.1858557942334,13.0569565727172,0.316872106969306,0.0836258903593498,1,1,"bayesian_numeric",2
"SRC-990-EXT-THE-HUMANE-LEAGUE","The Humane League","filing","exact_base",3,"latent_base_salary",12.3775599734482,NA,12.3775599734482,12.3775599734482,12.331411892639,11.9932027383609,12.6651071925111,11.8962761136644,12.7729584831389,0.394348514355776,0.065563857540066,1,1,"bayesian_numeric",2
"SRC-990-EXT-MERCY-FOR-ANIMALS","Mercy For Animals","filing","exact_base",3,"latent_base_salary",12.2436538423338,NA,12.2436538423338,12.2436538423338,12.5047409517499,12.1652984160194,12.8427683877776,12.0894436566771,12.9255192929457,-0.0813180317766279,0.158389029204953,1,1,"bayesian_numeric",2
"SRC-990-EXT-GUTTMACHER-INSTITUTE","Guttmacher Institute","filing","exact_base",3,"latent_base_salary",12.8946594433338,NA,12.8946594433338,12.8946594433338,13.3064038099012,12.9629151064232,13.6379907210614,12.8609827713034,13.731736595189,-0.796204555015546,0.279781616265024,0,1,"bayesian_numeric",2
"SRC-990-EXT-VERA-INSTITUTE-OF-JUSTICE","Vera Institute of Justice","filing","exact_base",3,"latent_base_salary",13.3181829414966,NA,13.3181829414966,13.3181829414966,13.0270303954142,12.675008560663,13.3814448609697,12.5876419242241,13.4785033755038,-0.197722805498349,0.17433107847289,1,1,"bayesian_numeric",2
"SRC-990-EXT-ARMS-CONTROL-ASSOCIATION","Arms Control Association","filing","exact_base",3,"latent_base_salary",11.7955985634313,NA,11.7955985634313,11.7955985634313,12.3738085346316,11.8777801693614,12.8452161261509,11.747439579352,12.9748072810115,-1.15095779292066,0.407313733311984,0,1,"bayesian_numeric",2
"SRC-990-EXT3-CENTER-FOR-INTERNATIONAL-POLICY","Center for International Policy","filing","exact_base",3,"latent_base_salary",12.3116931273939,NA,12.3116931273939,12.3116931273939,12.430653350331,11.9346805699704,12.9113317869154,11.7882096391863,13.0550540639639,0.0122782151398237,0.099377325396093,1,1,"bayesian_numeric",2
"SRC-990-EXT-GIVINGTUESDAY","GivingTuesday","filing","exact_base",4,"latent_base_salary",12.8728251821158,NA,12.8728251821158,12.8728251821158,12.5630990613046,12.198469433846,12.9169242387903,12.118961923153,13.031971223963,-0.269787632635482,0.190305139155881,1,1,"bayesian_numeric",2
"SRC-990-EXT-INSTITUTE-FOR-THE-STUDY-OF-WAR","Institute for the Study of War","filing","exact_base",4,"latent_base_salary",12.2737531161958,NA,12.2737531161958,12.2737531161958,12.3682211836817,12.0228733110222,12.7066982722249,11.9252445652247,12.7961290274023,0.340848743652811,0.0752663986766168,1,1,"bayesian_numeric",2
"SRC-990-EXT-CENTER-FOR-CLIMATE-AND-ENERGY-SOLUTIONS","Center for Climate and Energy Solutions","filing","exact_base",4,"latent_base_salary",12.9791557665258,NA,12.9791557665258,12.9791557665258,12.9595142874318,12.6206258262084,13.2858868599804,12.5161717977665,13.3788257189075,0.407691820823382,0.0623269847508047,1,1,"bayesian_numeric",2
"SRC-990-EXT-PETERSON-INSTITUTE-FOR-INTERNATIONAL-ECONOMICS","Peterson Institute for International Economics","filing","exact_base",4,"latent_base_salary",13.3086807403212,NA,13.3086807403212,13.3086807403212,13.5088396760891,13.1293402861229,13.888916212013,13.0067825262713,13.9803720091498,0.0913254241649925,0.123893571877908,1,1,"bayesian_numeric",2
"SRC-990-EXT-ECONOMIC-POLICY-INSTITUTE","Economic Policy Institute","filing","exact_base",4,"latent_base_salary",12.4477248107957,NA,12.4477248107957,12.4477248107957,12.6640885651764,12.3499930156254,13.0064868997576,12.2502036198757,13.0907129376797,0.0755914616827618,0.129633450121752,1,1,"bayesian_numeric",2
"SRC-990-EXT-RESEARCH-AMERICA","Research!America","filing","exact_base",4,"latent_base_salary",13.297112905275,NA,13.297112905275,13.297112905275,12.9004817214941,12.5821936423858,13.2560998298285,12.4785469909056,13.3633564380778,-0.722470834436378,0.26102725687867,0,1,"bayesian_numeric",2
"SRC-990-EXT-STIMSON-CENTER","Stimson Center","filing","exact_base",4,"latent_base_salary",12.9582226865033,NA,12.9582226865033,12.9582226865033,12.6959048932874,12.3472108903765,13.0287138574234,12.2541271455826,13.1385096771149,-0.0871748124672274,0.156298515802084,1,1,"bayesian_numeric",2
"SRC-990-EXT-PEAK-GRANTMAKING","PEAK Grantmaking","filing","exact_base",4,"latent_base_salary",12.6147062287155,NA,12.6147062287155,12.6147062287155,12.7239075976428,12.3906398348798,13.0584415953251,12.282740869008,13.1603436762667,0.324645051920049,0.0799092059820661,1,1,"bayesian_numeric",2
"SRC-990-EXT-GRANTMAKERS-FOR-EDUCATION","Grantmakers for Education","filing","exact_base",4,"latent_base_salary",12.4309659850717,NA,12.4309659850717,12.4309659850717,12.6477267622904,12.2935432670339,12.9865624742966,12.1824908246063,13.1004879038385,0.0673951507602391,0.127844634683176,1,1,"bayesian_numeric",2
"SRC-990-EXT-ENERGY-FOR-GROWTH-HUB","Energy for Growth Hub","filing","exact_base",4,"latent_base_salary",13.0105039226493,NA,13.0105039226493,13.0105039226493,12.7543896169177,12.3982099375235,13.0914867493712,12.3049215691241,13.1782213365868,-0.0645481859349399,0.154322153144946,1,1,"bayesian_numeric",2
"SRC-990-EXT-OPEN-MARKETS-INSTITUTE","Open Markets Institute","filing","exact_base",4,"latent_base_salary",12.1897506129305,NA,12.1897506129305,12.1897506129305,12.5196896593673,12.1916090792491,12.865276212416,12.1111965383255,12.9590424444091,-0.372843914118008,0.207737894296262,0,1,"bayesian_numeric",2
"SRC-990-EXT-STRONGMINDS","StrongMinds","filing","exact_base",4,"latent_base_salary",12.4509506432504,NA,12.4509506432504,12.4509506432504,12.436277511379,12.1086361845928,12.7719981241801,12.0127687478978,12.8623871779185,0.412785392664623,0.0620802334003174,1,1,"bayesian_numeric",2
"SRC-990-EXT-REDWOOD-RESEARCH","Redwood Research","filing","exact_base",4,"latent_base_salary",12.5766540301346,NA,12.5766540301346,12.5766540301346,12.9006165489464,12.305767658899,13.5047989045586,12.1135307894217,13.6703846345424,-0.393850062651103,0.205243856420168,1,1,"bayesian_numeric",2
"SRC-990-EXT-PARTNERSHIP-ON-AI","Partnership on AI","filing","exact_base",5,"latent_base_salary",12.7912011974447,NA,12.7912011974447,12.7912011974447,12.8086655363561,12.4740165788317,13.1520616724158,12.3777814822898,13.2451733346618,0.430326959220996,0.0615420262436303,1,1,"bayesian_numeric",2
"SRC-990-EXT-FUTURE-OF-PRIVACY-FORUM","Future of Privacy Forum","filing","exact_base",5,"latent_base_salary",13.5088520328401,NA,13.5088520328401,13.5088520328401,12.8758424946782,12.5397807420053,13.2175041711427,12.4540009613508,13.3206645414385,-2.50826469993717,0.484454026793218,0,0,"bayesian_numeric",2
"SRC-990-EXT-CLIMATE-CENTRAL","Climate Central","filing","exact_base",5,"latent_base_salary",12.6801870016491,NA,12.6801870016491,12.6801870016491,12.7632152874839,12.4293647089127,13.092384341205,12.3273663720475,13.2021245060677,0.376741523181404,0.0723217129406072,1,1,"bayesian_numeric",2
"SRC-990-EXT-DEMOS","Demos","filing","exact_base",5,"latent_base_salary",12.6428849557391,NA,12.6428849557391,12.6428849557391,12.7770562033487,12.4309881572341,13.118192143277,12.3439917999511,13.2182206584237,0.296440204274075,0.088738532955655,1,1,"bayesian_numeric",2
"SRC-990-EXT3-NATIONAL-ACADEMY-FOR-STATE-HEALTH-POLICY","National Academy for State Health Policy","filing","exact_base",5,"latent_base_salary",12.8776933603378,NA,12.8776933603378,12.8776933603378,12.8525034015677,12.5082863108056,13.1807578986218,12.4212666597313,13.2732669215663,0.429443628087858,0.0615770786158248,1,1,"bayesian_numeric",2
"SRC-990-EXT-PROJECT-DRAWDOWN","Project Drawdown","filing","exact_base",5,"latent_base_salary",13.0056540850792,NA,13.0056540850792,13.0056540850792,12.7433238104072,12.4099279361038,13.0903703357158,12.3133968308504,13.2099845066807,-0.0865993241023446,0.15501472330107,1,1,"bayesian_numeric",2
"SRC-990-EXT-BREAKTHROUGH-INSTITUTE","Breakthrough Institute","filing","exact_base",5,"latent_base_salary",12.579065834723,NA,12.579065834723,12.579065834723,12.6104873790846,12.3034360057555,12.9567944219395,12.2025028333812,13.047740386209,0.426746777243279,0.0626220216206617,1,1,"bayesian_numeric",2
"SRC-990-EXT-MIGRATION-POLICY-INSTITUTE","Migration Policy Institute","filing","exact_base",5,"latent_base_salary",12.6227383916406,NA,12.6227383916406,12.6227383916406,12.6176740173776,12.2885672995996,12.9397964477115,12.1833392608749,13.0398926740797,0.435316990656126,0.0607427337314999,1,1,"bayesian_numeric",2
"SRC-990-EXT-THE-SENTENCING-PROJECT","The Sentencing Project","filing","exact_base",5,"latent_base_salary",12.2172732835324,NA,12.2172732835324,12.2172732835324,12.2509916235233,11.9159810769256,12.580396143326,11.8229843483778,12.6793623097154,0.41117654945772,0.0638214271975164,1,1,"bayesian_numeric",2
"SRC-990-EXT-EXPONENT-PHILANTHROPY","Exponent Philanthropy","filing","exact_base",5,"latent_base_salary",12.6069727833315,NA,12.6069727833315,12.6069727833315,12.2773253261937,11.9395488138021,12.6234826788212,11.849819786892,12.709946504129,-0.378848386167675,0.20527996079513,1,1,"bayesian_numeric",2
"SRC-990-EXT-RESULTS-FOR-AMERICA","Results for America","filing","exact_base",5,"latent_base_salary",12.6889203108623,NA,12.6889203108623,12.6889203108623,13.0143525237588,12.6900160965411,13.3467326577116,12.5800002897533,13.4444415217164,-0.362115536529151,0.205567487504626,0,1,"bayesian_numeric",2
"SRC-990-EXT-VILLAGE-ENTERPRISE","Village Enterprise","filing","exact_base",5,"latent_base_salary",12.5400430408691,NA,12.5400430408691,12.5400430408691,12.5416962607973,12.2022084703469,12.8858034129578,12.1083101142703,12.9874557464709,0.398368572645915,0.0630638170335414,1,1,"bayesian_numeric",2
"SRC-990-EXT3-NUCLEAR-INNOVATION-ALLIANCE","Nuclear Innovation Alliance","filing","exact_base",5,"latent_base_salary",12.6101041264858,NA,12.6101041264858,12.6101041264858,12.2312227494484,11.8870676615235,12.5710353399908,11.7765532011193,12.6630710413607,-0.615030767209447,0.24329596297387,0,1,"bayesian_numeric",2
"SRC-990-EXT-ANIMAL-WELFARE-INSTITUTE","Animal Welfare Institute","filing","exact_base",6,"latent_base_salary",12.1688180822369,NA,12.1688180822369,12.1688180822369,12.4275169494083,12.0867363624385,12.7765527343846,11.9980627617933,12.8675226343891,-0.0734615419515481,0.157559857809362,1,1,"bayesian_numeric",2
"SRC-990-EXT-TAX-FOUNDATION","Tax Foundation","filing","exact_base",6,"latent_base_salary",12.515216592965,NA,12.515216592965,12.515216592965,12.5856494574845,12.2503453885884,12.9407472535283,12.1672122852887,13.0457819565292,0.389389056500431,0.0685251385466021,1,1,"bayesian_numeric",2
"SRC-990-EXT-COMMITTEE-FOR-A-RESPONSIBLE-FEDERAL-BUDGET","Committee for a Responsible Federal Budget","filing","exact_base",6,"latent_base_salary",13.2655461923519,NA,13.2655461923519,13.2655461923519,12.9442441261178,12.609008404565,13.2679127302459,12.5249414449068,13.3507888422667,-0.333668301532718,0.201707813307018,1,1,"bayesian_numeric",2
"SRC-990-EXT-SAN-FRANCISCO-ESTUARY-INSTITUTE","San Francisco Estuary Institute","filing","exact_base",6,"latent_base_salary",12.1771418570467,NA,12.1771418570467,12.1771418570467,12.439403753242,12.0930827203594,12.7672160307584,11.9968552571805,12.8562633029959,-0.087783775010172,0.159326367868204,1,1,"bayesian_numeric",2
"SRC-990-EXT-PUBLIC-AGENDA","Public Agenda","filing","exact_base",6,"latent_base_salary",12.5141054670907,NA,12.5141054670907,12.5141054670907,12.3087814942782,11.9836619140427,12.6550131133242,11.8917102631698,12.7475906886952,0.107977631891255,0.120210045035518,1,1,"bayesian_numeric",2
"SRC-990-EXT-EVIDENCE-ACTION","Evidence Action","filing","exact_base",6,"latent_base_salary",12.8276536554356,NA,12.8276536554356,12.8276536554356,12.6379592888525,12.2942145035005,12.9797996274241,12.1847523116494,13.0737094130737,0.147242262446563,0.112822320955332,1,1,"bayesian_numeric",2
"SRC-990-EXT-PHYSICIANS-FOR-SOCIAL-RESPONSIBILITY","Physicians for Social Responsibility","filing","exact_base",6,"latent_base_salary",11.9808845054682,NA,11.9808845054682,11.9808845054682,12.3462690237195,12.0094599103037,12.6905053605659,11.9021608899428,12.7853140105611,-0.548707916441158,0.238868929977747,0,1,"bayesian_numeric",2
"SRC-990-EXT3-AMERICAN-SECURITY-PROJECT","American Security Project","filing","exact_base",6,"latent_base_salary",11.9786620658855,NA,11.9786620658855,11.9786620658855,12.1588748398471,11.6977141471713,12.6140222606847,11.5693049828956,12.7439847966977,-0.0338522920049695,0.116654010630784,1,1,"bayesian_numeric",2
"SRC-990-EA-GIVEWELL","GiveWell","filing","exact_base",6,"latent_base_salary",13.0190388321958,NA,13.0190388321958,13.0190388321958,12.7220960645194,12.2311018821486,13.2464365139194,12.0877440513844,13.3920784376196,-0.283363007743342,0.162648823145664,1,1,"bayesian_numeric",2
"SRC-990-EXT-FRAMEWORKS-INSTITUTE","FrameWorks Institute","filing","exact_base",7,"latent_base_salary",13.0266397001217,NA,13.0266397001217,13.0266397001217,12.8887898320407,12.5229608858646,13.2400766673146,12.4353440952602,13.3389876631497,0.266191473384986,0.0897353857468073,1,1,"bayesian_numeric",2
"SRC-990-EXT-COUNCIL-ON-STRATEGIC-RISKS","Council on Strategic Risks","filing","exact_base",7,"latent_base_salary",12.508796619219,NA,12.508796619219,12.508796619219,12.647108272324,12.3146858403132,12.9911737892395,12.224310978386,13.0744006168909,0.267068166193267,0.0914057678806187,1,1,"bayesian_numeric",2
"SRC-990-EXT-ENVIRONMENTAL-LAW-INSTITUTE","Environmental Law Institute","filing","exact_base",7,"latent_base_salary",12.6696219906236,NA,12.6696219906236,12.6696219906236,12.5795868903332,12.2438182016518,12.9178557985307,12.1207770257618,13.0184777292522,0.338162586919834,0.0748332139451812,1,1,"bayesian_numeric",2
"SRC-990-EXT-INSTITUTE-FOR-NONPROFIT-NEWS","Institute for Nonprofit News","filing","exact_base",7,"latent_base_salary",12.3400869277947,NA,12.3400869277947,12.3400869277947,12.3563149136384,12.0283001539631,12.706575245218,11.9326218263567,12.8057227281589,0.38181479101916,0.0640191049834888,1,1,"bayesian_numeric",2
"SRC-990-EXT-TECHNICAL-ASSISTANCE-COLLABORATIVE","Technical Assistance Collaborative","filing","exact_base",7,"latent_base_salary",12.4383619268654,NA,12.4383619268654,12.4383619268654,12.532245541184,12.1982346254327,12.8875942661903,12.0854239509712,12.9831685977784,0.338335484425237,0.0754237047073115,1,1,"bayesian_numeric",2
"SRC-990-EXT-PRECISION-DEVELOPMENT","Precision Development","filing","exact_base",7,"latent_base_salary",12.4150937427763,NA,12.4150937427763,12.4150937427763,12.5179853249725,12.1812589778507,12.8655496788305,12.084297844316,12.9764347405936,0.324849423772532,0.0790738945884103,1,1,"bayesian_numeric",2
"SRC-990-EXT-CREATIVE-COMMONS","Creative Commons","filing","exact_base",7,"latent_base_salary",12.4083285202951,NA,12.4083285202951,12.4083285202951,12.5651983687953,12.2225690393933,12.9152622577324,12.1327857164154,13.0175095682024,0.225688818588972,0.100348397419583,1,1,"bayesian_numeric",2
"SRC-990-EXT-BIPARTISAN-POLICY-CENTER","Bipartisan Policy Center","filing","exact_base",7,"latent_base_salary",13.69992393343,NA,13.69992393343,13.69992393343,13.2860942214241,12.9489267467938,13.6340644542481,12.8434844072024,13.7294601011233,-0.767246301983993,0.277404681601963,0,1,"bayesian_numeric",2
"SRC-990-EXT-LIVING-GOODS","Living Goods","filing","exact_base",7,"latent_base_salary",12.5107284211723,NA,12.5107284211723,12.5107284211723,12.423682387971,12.0576115709232,12.7883605064387,11.9597140535771,12.8999868939392,0.288931287152198,0.077222200882431,1,1,"bayesian_numeric",2
"SRC-990-EXT-INNOVATIONS-FOR-POVERTY-ACTION","Innovations for Poverty Action","filing","exact_base",7,"latent_base_salary",12.4867659407714,NA,12.4867659407714,12.4867659407714,12.8135238804278,12.4588633205438,13.1615012797117,12.3712698131455,13.2677957353731,-0.341717553491406,0.200018171678239,1,1,"bayesian_numeric",2
"SRC-990-EXT-OPEN-SOURCE-INITIATIVE","Open Source Initiative","filing","exact_base",7,"latent_base_salary",12.2102910853882,NA,12.2102910853882,12.2102910853882,12.1629981539886,11.6642758788148,12.6374091909155,11.5255181868478,12.7706079412131,0.0450880707546818,0.0882726569322375,1,1,"bayesian_numeric",2
"SRC-990-EA-CENTER-FOR-ELECTION-SCIENCE","Center for Election Science","filing","exact_base",7,"latent_base_salary",12.2614916001655,NA,12.2614916001655,12.2614916001655,12.2645645483414,11.7605524186484,12.7439481308279,11.6318734363939,12.881121377016,0.0721719896272062,0.0882893548438082,1,1,"bayesian_numeric",2
"SRC-990-EXT-POPULATION-REFERENCE-BUREAU","Population Reference Bureau","filing","exact_base",8,"latent_base_salary",12.816309953692,NA,12.816309953692,12.816309953692,12.5678212024482,12.1183514369846,13.0163482407993,11.9929819038708,13.1285470847035,-0.122041000866397,0.158949338518207,1,1,"bayesian_numeric",2
"SRC-990-EXT-JAIN-FAMILY-INSTITUTE","Jain Family Institute","filing","exact_base",8,"latent_base_salary",12.3338860528408,NA,12.3338860528408,12.3338860528408,12.6768229120362,12.3390709052453,13.000112716315,12.2435245603313,13.0999703089862,-0.459556369486184,0.220397486877354,0,1,"bayesian_numeric",2
"SRC-990-EXT3-CARBON-MAPPER","Carbon Mapper","filing","exact_base",8,"latent_base_salary",12.5153758745745,NA,12.5153758745745,12.5153758745745,12.8560454766021,12.5108957864645,13.1965973336965,12.4206835138053,13.2875919495164,-0.432523420117582,0.210829199581723,1,1,"bayesian_numeric",2
"SRC-990-EXT-INSTITUTE-FOR-POLICY-STUDIES","Institute for Policy Studies","filing","exact_base",8,"latent_base_salary",12.053986283532,NA,12.053986283532,12.053986283532,12.5040807396565,12.0497581758346,12.9436841051089,11.9210256577206,13.101800075437,-0.687813737270742,0.295129278921087,1,1,"bayesian_numeric",2
"SRC-990-EXT-NATIONAL-EMPLOYMENT-LAW-PROJECT","National Employment Law Project","filing","exact_base",8,"latent_base_salary",12.8184638703657,NA,12.8184638703657,12.8184638703657,12.8915290046652,12.5501937199213,13.2322404049492,12.4556681596777,13.3424571943628,0.39833835073802,0.0680860822027052,1,1,"bayesian_numeric",2
"SRC-990-EXT-AMERICAN-IMMIGRATION-COUNCIL","American Immigration Council","filing","exact_base",8,"latent_base_salary",12.6131309837729,NA,12.6131309837729,12.6131309837729,12.674135831657,12.3487078355006,13.0099141034112,12.2579857784107,13.1074839862213,0.410841394529887,0.0663122141248015,1,1,"bayesian_numeric",2
"SRC-990-EXT-GOOD-FOOD-INSTITUTE","Good Food Institute","filing","exact_base",8,"latent_base_salary",12.3904522913386,NA,12.3904522913386,12.3904522913386,12.7035777374835,12.3859967892941,13.0479194390528,12.2814224162571,13.1436739346987,-0.302099150008166,0.197572756857447,1,1,"bayesian_numeric",2
"SRC-990-EXT-SOFTWARE-FREEDOM-CONSERVANCY","Software Freedom Conservancy","filing","exact_base",8,"latent_base_salary",12.1568022510686,NA,12.1568022510686,12.1568022510686,12.2575958675905,11.8238515269831,12.7310356048232,11.6893028821661,12.8910517044846,0.0563655872716438,0.0929241501425547,1,1,"bayesian_numeric",2
"SRC-990-EXT-OPENSECRETS","OpenSecrets","filing","exact_base",8,"latent_base_salary",12.3218529214459,NA,12.3218529214459,12.3218529214459,12.3842733650216,12.0229700751792,12.7140686371033,11.9253147540184,12.8133141970562,0.383930505865201,0.0687112269618093,1,1,"bayesian_numeric",2
"SRC-990-EXT-CLEAN-AIR-TASK-FORCE","Clean Air Task Force","filing","exact_base",8,"latent_base_salary",12.8291533338357,NA,12.8291533338357,12.8291533338357,12.7990862321909,12.4570061017074,13.123716600305,12.3695564361485,13.224715131552,0.423390038623315,0.0617864352034982,1,1,"bayesian_numeric",2
"SRC-990-EA-FORESIGHT-INSTITUTE","Foresight Institute","filing","exact_base",8,"latent_base_salary",12.5911934036369,NA,12.5911934036369,12.5911934036369,12.1825336895228,11.7006589183319,12.6392502274109,11.5651720938407,12.794466207192,-0.551802742603583,0.24733562598752,1,1,"bayesian_numeric",2
"SRC-990-EA-COPENHAGEN-CONSENSUS-CENTER","Copenhagen Consensus Center","filing","exact_base",8,"latent_base_salary",13.0459767896383,NA,13.0459767896383,13.0459767896383,11.9390653276446,11.4662852492961,12.4172205251052,11.3446195291218,12.5530629887234,-4.20463668644781,0.906658566004857,0,0,"bayesian_numeric",2
"SRC-990-EXT-INFORMATION-TECHNOLOGY-AND-INNOVATION-FOUNDATION","Information Technology and Innovation Foundation","filing","exact_base",9,"latent_base_salary",13.2745188452622,NA,13.2745188452622,13.2745188452622,12.946958990525,12.6207405332888,13.2764733570401,12.5223034959347,13.3653957915956,-0.408407793554737,0.209504036833365,1,1,"bayesian_numeric",2
"SRC-990-EXT-NUMFOCUS","NumFOCUS","filing","exact_base",9,"latent_base_salary",12.0255072657542,NA,12.0255072657542,12.0255072657542,12.5531707917187,12.1064255822555,13.0139395690423,11.9788490697175,13.1414452603141,-1.02944013043237,0.35139292305723,0,1,"bayesian_numeric",2
"SRC-990-EXT-FRESH-ENERGY","Fresh Energy","filing","exact_base",9,"latent_base_salary",12.4117920746609,NA,12.4117920746609,12.4117920746609,12.4988451782741,12.0589545643179,12.9649734405407,11.935818990037,13.0648997041356,0.0952195048402,0.095516726136011,1,1,"bayesian_numeric",2
"SRC-990-EXT-CENTER-FOR-A-NEW-AMERICAN-SECURITY","Center for a New American Security","filing","exact_base",9,"latent_base_salary",13.1871814907024,NA,13.1871814907024,13.1871814907024,13.0149169647734,12.7101190710418,13.3378071706856,12.6008626426922,13.4089566252595,0.237300832995068,0.105227864170402,1,1,"bayesian_numeric",2
"SRC-990-EXT-GRANTMAKERS-FOR-EFFECTIVE-ORGANIZATIONS","Grantmakers for Effective Organizations","filing","exact_base",9,"latent_base_salary",12.8837522170102,NA,12.8837522170102,12.8837522170102,12.7988721525485,12.5077867806785,13.1204843319799,12.4191850127835,13.2009565739322,0.430897945888187,0.0690054469515321,1,1,"bayesian_numeric",2
"SRC-990-EXT-ELECTRONIC-FRONTIER-FOUNDATION","Electronic Frontier Foundation","filing","exact_base",9,"latent_base_salary",12.757183396529,NA,12.757183396529,12.757183396529,12.7173506935124,12.3908804390527,13.0258343114147,12.296901918621,13.1142654065678,0.475494321544917,0.0606382357284923,1,1,"bayesian_numeric",2
"SRC-990-EXT-INSTITUTE-FOR-SECURITY-AND-TECHNOLOGY","Institute for Security and Technology","filing","exact_base",9,"latent_base_salary",12.3935414740295,NA,12.3935414740295,12.3935414740295,12.7373459291369,12.4194570951929,13.0352791138768,12.3253451942845,13.1259004856243,-0.5068444852816,0.224386374125714,0,1,"bayesian_numeric",2
"SRC-990-EXT-PROJECT-HEALTHY-CHILDREN","Project Healthy Children","filing","exact_base",9,"latent_base_salary",11.5747708002363,NA,11.5747708002363,11.5747708002363,12.6403507146646,12.2892169404573,12.994746556604,12.1752729132206,13.0931465254371,-7.31493656083695,0.922611098822419,0,0,"bayesian_numeric",2
"SRC-990-EXT-THIRD-WAY-INSTITUTE","Third Way Institute","filing","exact_base",9,"latent_base_salary",12.9939824923999,NA,12.9939824923999,12.9939824923999,12.6374352903594,12.0320481232216,13.2569784342456,11.8719334954525,13.4190086555862,-0.435036077046058,0.23462277212733,1,1,"bayesian_numeric",2
"SRC-990-EXT-ANIMAL-LEGAL-DEFENSE-FUND","Animal Legal Defense Fund","filing","exact_base",9,"latent_base_salary",12.5370734769901,NA,12.5370734769901,12.5370734769901,12.5850386639128,12.2561677766452,12.9009391801,12.1537149491881,12.9863562448817,0.469458307275364,0.0612884358298259,1,1,"bayesian_numeric",2
"SRC-990-EXT-CENTER-FOR-AI-SAFETY","Center for AI Safety","filing","exact_base",10,"latent_base_salary",12.7213413939825,NA,12.7213413939825,12.7213413939825,12.5862072591926,12.2647584454947,12.9030450937553,12.182864491616,13.0078654916069,0.289468918427452,0.0893634126384386,1,1,"bayesian_numeric",2
"SRC-990-EXT-CENTER-FOR-DEMOCRACY-TECHNOLOGY","Center for Democracy & Technology","filing","exact_base",10,"latent_base_salary",12.9169778646385,NA,12.9169778646385,12.9169778646385,12.7738007191184,12.4501281118457,13.1225311438085,12.3479522428742,13.2318622387616,0.274886129520389,0.0926179321855301,1,1,"bayesian_numeric",2
"SRC-990-EXT-CENTER-FOR-EFFECTIVE-PHILANTHROPY","Center for Effective Philanthropy","filing","exact_base",10,"latent_base_salary",13.2146671151145,NA,13.2146671151145,13.2146671151145,12.7560083845413,12.4346054214361,13.0840478645884,12.3434447907625,13.1819739309604,-1.12910686736077,0.3223587510286,0,0,"bayesian_numeric",2
"SRC-990-EXT-WORLD-JUSTICE-PROJECT","World Justice Project","filing","exact_base",10,"latent_base_salary",12.8497369708156,NA,12.8497369708156,12.8497369708156,12.8947168528126,12.5605847500298,13.2257952989039,12.4595088738847,13.3333907174625,0.411305713536352,0.0640174179013382,1,1,"bayesian_numeric",2
"SRC-990-EXT-CODE-FOR-SCIENCE-SOCIETY","Code for Science & Society","filing","exact_base",10,"latent_base_salary",12.2746977427298,NA,12.2746977427298,12.2746977427298,12.6164448502579,12.1245304839299,13.1052962004321,11.9915009564283,13.2464162287184,-0.367333841968517,0.188840551996398,1,1,"bayesian_numeric",2
"SRC-990-EXT-BULLETIN-OF-THE-ATOMIC-SCIENTISTS","Bulletin of the Atomic Scientists","filing","exact_base",10,"latent_base_salary",12.3173567420894,NA,12.3173567420894,12.3173567420894,12.3565380734671,12.0233569155703,12.6891131516666,11.9290605369193,12.7821953805151,0.407753427210582,0.0642894701690139,1,1,"bayesian_numeric",2
"SRC-990-EXT-TECHCONGRESS","TechCongress","filing","exact_base",10,"latent_base_salary",12.4960490464963,NA,12.4960490464963,12.4960490464963,12.2017936388834,11.8479900222347,12.5621368429501,11.75613221441,12.658837884596,-0.211384928646746,0.181596833206527,1,1,"bayesian_numeric",2
"SRC-990-EXT-ECONOMIC-INNOVATION-GROUP","Economic Innovation Group","filing","exact_base",10,"latent_base_salary",12.9583656609222,NA,12.9583656609222,12.9583656609222,12.9470196244601,12.5997188736232,13.2944292278039,12.4935338995059,13.410016589281,0.417251593334744,0.0618147047209158,1,1,"bayesian_numeric",2
"SRC-990-EXT-GLOBAL-HEALTH-CORPS","Global Health Corps","filing","exact_base",10,"latent_base_salary",12.4246040572612,NA,12.4246040572612,12.4246040572612,12.0657391800036,11.7208500030128,12.3972669758256,11.6377141732562,12.4906665326667,-0.51022164934406,0.22754411241878,0,1,"bayesian_numeric",2
"SRC-990-EXT3-CENTER-FOR-ARMS-CONTROL-AND-NON-PROLIFERATION","Center for Arms Control and Non-Proliferation","filing","exact_base",10,"latent_base_salary",12.5533356659485,NA,12.5533356659485,12.5533356659485,12.3209348316471,11.8392347407162,12.8125116073771,11.7149934216387,12.9519460341644,-0.135112717356879,0.144051254844599,1,1,"bayesian_numeric",2
"SRC-990-EXT-INSTITUTE-FOR-ENERGY-ECONOMICS-AND-FINANCIAL-ANALYSIS","Institute for Energy Economics and Financial Analysis","filing","exact_base",1,"latent_base_salary",12.5797210272034,NA,12.5797210272034,12.5797210272034,12.6338806646272,12.2611549265548,13.0671579484581,12.1562064726329,13.1866122289929,0.334082105062843,0.0745746961380157,1,1,"scale_linear",2
"SRC-990-EXT-CHARITY-NAVIGATOR","Charity Navigator","filing","exact_base",1,"latent_base_salary",12.7520384665336,NA,12.7520384665336,12.7520384665336,12.6185784487322,12.2458527106597,13.051855732563,12.1409042567378,13.1713100130978,-0.0187040348749348,0.0994319498663486,1,1,"scale_linear",2
"SRC-990-EXT-SOCIAL-SCIENCE-RESEARCH-COUNCIL","Social Science Research Council","filing","exact_base",1,"latent_base_salary",12.7968302816124,NA,12.7968302816124,12.7968302816124,12.9912069823026,12.6184812442302,13.4244842661335,12.5135327903083,13.5439385466683,0.163116636151294,0.116788166065985,1,1,"scale_linear",2
"SRC-990-EXT-CHICAGO-COUNCIL-ON-GLOBAL-AFFAIRS","Chicago Council on Global Affairs","filing","exact_base",1,"latent_base_salary",13.1491202773988,NA,13.1491202773988,13.1491202773988,12.6960828362613,12.3233570981889,13.1293601200921,12.2184086442669,13.2488144006269,-0.696491611950782,0.293379974604031,0,1,"scale_linear",2
"SRC-990-EXT-ROOSEVELT-INSTITUTE","Roosevelt Institute","filing","exact_base",1,"latent_base_salary",13.0866290852163,NA,13.0866290852163,13.0866290852163,12.9248066620106,12.5520809239381,13.3580839458414,12.4471324700162,13.4775382263762,-0.0783963675639525,0.110018437893465,1,1,"scale_linear",2
"SRC-990-EXT-PUBLIC-KNOWLEDGE","Public Knowledge","filing","exact_base",1,"latent_base_salary",12.4996822653103,NA,12.4996822653103,12.4996822653103,12.5341568484975,12.161431110425,12.9674341323283,12.0564826565031,13.0868884128631,0.321280276618972,0.0729674446333001,1,1,"scale_linear",2
"SRC-990-EXT-RESULTS-FOR-DEVELOPMENT","Results for Development","filing","exact_base",1,"latent_base_salary",12.9211104925028,NA,12.9211104925028,12.9211104925028,12.9975378424533,12.6248121043808,13.4308151262841,12.5198636504589,13.5502694068189,0.337267890281594,0.077696866231957,1,1,"scale_linear",2
"SRC-990-EXT-SIGHTLINE-INSTITUTE","Sightline Institute","filing","exact_base",1,"latent_base_salary",12.2612800796685,NA,12.2612800796685,12.2612800796685,12.1433868883272,11.7706611502547,12.576664172158,11.6657126963328,12.6961184526928,0.0167538738069755,0.0942867442574872,1,1,"scale_linear",2
"SRC-990-EXT-NEW-AMERICA","New America","filing","exact_base",1,"latent_base_salary",13.2081577341251,NA,13.2081577341251,13.2081577341251,13.2907138006224,12.9179880625499,13.7239910844532,12.813039608628,13.843445364988,0.335998786625979,0.0787999916518431,1,1,"scale_linear",2
"SRC-990-EXT3-CENTER-FOR-HEALTH-CARE-STRATEGIES","Center for Health Care Strategies","filing","exact_base",2,"latent_base_salary",12.6222962067176,NA,12.6222962067176,12.6222962067176,12.7038556524696,12.3373275063609,13.1204984016384,12.2286050707121,13.2410788575459,0.364799538257053,0.0775135237981276,1,1,"scale_linear",2
"SRC-990-EXT-FAR-AI","FAR AI","filing","exact_base",2,"latent_base_salary",12.405415596293,NA,12.405415596293,12.405415596293,12.5950911239258,12.228562977817,13.0117338730946,12.1198405421683,13.132314329002,0.135223977251502,0.116944919289932,1,1,"scale_linear",2
"SRC-990-EXT-QUINCY-INSTITUTE-FOR-RESPONSIBLE-STATECRAFT","Quincy Institute for Responsible Statecraft","filing","exact_base",2,"latent_base_salary",12.631030234805,NA,12.631030234805,12.631030234805,12.9212435920243,12.5547154459155,13.3378863411931,12.4459930102668,13.4584667971006,-0.231668511053681,0.17770213791325,1,1,"scale_linear",2
"SRC-990-EXT-IDEAS42","ideas42","filing","exact_base",2,"latent_base_salary",12.4941514017925,NA,12.4941514017925,12.4941514017925,12.7362225606721,12.3696944145633,13.1528653098409,12.2609719789146,13.2734457657484,-0.0497000136847954,0.146191397605939,1,1,"scale_linear",2
"SRC-990-EXT-CENTER-FOR-OPEN-SCIENCE","Center for Open Science","filing","exact_base",2,"latent_base_salary",12.5016604600873,NA,12.5016604600873,12.5016604600873,12.6134240083536,12.2468958622448,13.0300667575224,12.1381734265961,13.1506472134299,0.329461660352622,0.0853660521849357,1,1,"scale_linear",2
"SRC-990-EXT3-LEARNING-POLICY-INSTITUTE","Learning Policy Institute","filing","exact_base",2,"latent_base_salary",13.1712146825618,NA,13.1712146825618,13.1712146825618,12.9145847915366,12.5480566454278,13.3312275407054,12.4393342097791,13.4518079966129,-0.196728866649247,0.152785796003861,1,1,"scale_linear",2
"SRC-990-EXT-NISKANEN-CENTER","Niskanen Center","filing","exact_base",2,"latent_base_salary",13.3543131280751,NA,13.3543131280751,13.3543131280751,12.870741914612,12.5042137685032,13.2873846637808,12.3954913328545,13.4079651196883,-0.91769264537808,0.320052967456084,0,1,"scale_linear",2
"SRC-990-EXT-INSTITUTE-ON-TAXATION-AND-ECONOMIC-POLICY","Institute on Taxation and Economic Policy","filing","exact_base",2,"latent_base_salary",12.3346530459445,NA,12.3346530459445,12.3346530459445,12.7915315731089,12.4250034270001,13.2081743222777,12.3162809913514,13.3287547781851,-0.974906710895278,0.311443593025211,0,1,"scale_linear",2
"SRC-990-EXT-VILLAGEREACH","VillageReach","filing","exact_base",2,"latent_base_salary",12.4314315810676,NA,12.4314315810676,12.4314315810676,12.5207398662018,12.154211720093,12.9373826153706,12.0454892844443,13.057963071278,0.358119577550186,0.079280544480179,1,1,"scale_linear",2
"SRC-990-EXT-LAST-MILE-HEALTH","Last Mile Health","filing","exact_base",2,"latent_base_salary",12.4850802155385,NA,12.4850802155385,12.4850802155385,12.6227316571117,12.256203511003,13.0393744062805,12.1474810753542,13.159954862188,0.279940587399365,0.0941165027047665,1,1,"scale_linear",2
"SRC-990-EXT-FARM-SANCTUARY","Farm Sanctuary","filing","exact_base",2,"latent_base_salary",12.3163882693373,NA,12.3163882693373,12.3163882693373,12.5510505102147,12.1845223641059,12.9676932593835,12.0757999284572,13.088273715291,-0.0222526866044794,0.141714533252359,1,1,"scale_linear",2
"SRC-990-EXT-DATAKIND","DataKind","filing","exact_base",3,"latent_base_salary",12.4083285202951,NA,12.4083285202951,12.4083285202951,12.6002555878447,12.2435939878526,13.0307734782753,12.1430344027026,13.1497562293578,0.204316889023844,0.113548646431197,1,1,"scale_linear",2
"SRC-990-EXT-INTERNET-SECURITY-RESEARCH-GROUP","Internet Security Research Group","filing","exact_base",3,"latent_base_salary",12.6634761632277,NA,12.6634761632277,12.6634761632277,12.5084027475207,12.1517411475286,12.9389206379513,12.0511815623785,13.0579033890337,-0.080708936544007,0.107529597444935,1,1,"scale_linear",2
"SRC-990-EXT-ORCID","ORCID","filing","exact_base",3,"latent_base_salary",12.5696077844296,NA,12.5696077844296,12.5696077844296,12.1474513648945,11.7907897649024,12.5779692553251,11.6902301797524,12.6969520064076,-0.60148728363132,0.272074221711415,1,1,"scale_linear",2
"SRC-990-EXT-DATA-QUALITY-CAMPAIGN","Data Quality Campaign","filing","exact_base",3,"latent_base_salary",12.9352645395531,NA,12.9352645395531,12.9352645395531,13.0198766334985,12.6632150335064,13.4503945239291,12.5626554483563,13.5693772750115,0.397732319139027,0.0758346796316163,1,1,"scale_linear",2
"SRC-990-EXT-INDEPENDENT-SECTOR","Independent Sector","filing","exact_base",3,"latent_base_salary",13.3541442871094,NA,13.3541442871094,13.3541442871094,13.0917075360376,12.7350459360455,13.5222254264682,12.6344863508954,13.6412081775506,-0.321534765154138,0.16143222552513,1,1,"scale_linear",2
"SRC-990-EXT-FEDERATION-OF-AMERICAN-SCIENTISTS","Federation of American Scientists","filing","exact_base",3,"latent_base_salary",13.0648771145336,NA,13.0648771145336,13.0648771145336,12.8741514391492,12.5174898391571,13.3046693295798,12.4169302540071,13.4236520806623,-0.176078845673369,0.123336994678216,1,1,"scale_linear",2
"SRC-990-EXT-NATIONAL-COMMITTEE-FOR-RESPONSIVE-PHILANTHROPY","National Committee for Responsive Philanthropy","filing","exact_base",3,"latent_base_salary",12.742437732963,NA,12.742437732963,12.742437732963,12.5770515320476,12.2203899320555,13.0075694224782,12.1198303469054,13.1265521735606,-0.109635900424004,0.11187093461753,1,1,"scale_linear",2
"SRC-990-EXT-THE-HUMANE-LEAGUE","The Humane League","filing","exact_base",3,"latent_base_salary",12.3775599734482,NA,12.3775599734482,12.3775599734482,12.3929873510435,12.0363257510514,12.8235052414741,11.9357661659014,12.9424879925566,0.364217680030383,0.0692521211990606,1,1,"scale_linear",2
"SRC-990-EXT-MERCY-FOR-ANIMALS","Mercy For Animals","filing","exact_base",3,"latent_base_salary",12.2436538423338,NA,12.2436538423338,12.2436538423338,12.5665823348604,12.2099207348683,12.997100225291,12.1093611497183,13.1160829763735,-0.286529180670225,0.196680990543936,1,1,"scale_linear",2
"SRC-990-EXT-GUTTMACHER-INSTITUTE","Guttmacher Institute","filing","exact_base",3,"latent_base_salary",12.8946594433338,NA,12.8946594433338,12.8946594433338,13.3239413339914,12.9672797339993,13.754459224422,12.8667201488493,13.8734419755045,-0.835905290197568,0.284001143387332,0,1,"scale_linear",2
"SRC-990-EXT-VERA-INSTITUTE-OF-JUSTICE","Vera Institute of Justice","filing","exact_base",3,"latent_base_salary",13.3181829414966,NA,13.3181829414966,13.3181829414966,13.0965613988721,12.73989979888,13.5270792893027,12.6393402137299,13.6460620403852,-0.246579113363649,0.138769353596662,1,1,"scale_linear",2
"SRC-990-EXT-ARMS-CONTROL-ASSOCIATION","Arms Control Association","filing","exact_base",3,"latent_base_salary",11.7955985634313,NA,11.7955985634313,11.7955985634313,12.403958100807,12.0472965008149,12.8344759912376,11.9467369156648,12.9534587423201,-2.31442154119209,0.450708960880859,0,0,"scale_linear",2
"SRC-990-EXT3-CENTER-FOR-INTERNATIONAL-POLICY","Center for International Policy","filing","exact_base",3,"latent_base_salary",12.3116931273939,NA,12.3116931273939,12.3116931273939,12.3463927866136,11.9897311866215,12.7769106770442,11.8891716014715,12.8958934281267,0.386308750987599,0.0696631359000863,1,1,"scale_linear",2
"SRC-990-EXT-GIVINGTUESDAY","GivingTuesday","filing","exact_base",4,"latent_base_salary",12.8728251821158,NA,12.8728251821158,12.8728251821158,12.559885673215,12.1811120815548,12.9952120527293,12.0758670367336,13.1212777549729,-0.37169630473202,0.190652643645084,1,1,"scale_linear",2
"SRC-990-EXT-INSTITUTE-FOR-THE-STUDY-OF-WAR","Institute for the Study of War","filing","exact_base",4,"latent_base_salary",12.2737531161958,NA,12.2737531161958,12.2737531161958,12.3655617491569,11.9867881574968,12.8008881286713,11.8815431126756,12.9269538309148,0.324153967827061,0.0808081674577839,1,1,"scale_linear",2
"SRC-990-EXT-CENTER-FOR-CLIMATE-AND-ENERGY-SOLUTIONS","Center for Climate and Energy Solutions","filing","exact_base",4,"latent_base_salary",12.9791557665258,NA,12.9791557665258,12.9791557665258,12.9816465159429,12.6028729242828,13.4169728954573,12.4976278794616,13.5430385977008,0.300676893585836,0.0721126225534208,1,1,"scale_linear",2
"SRC-990-EXT-PETERSON-INSTITUTE-FOR-INTERNATIONAL-ECONOMICS","Peterson Institute for International Economics","filing","exact_base",4,"latent_base_salary",13.3086807403212,NA,13.3086807403212,13.3086807403212,13.4807566813207,13.1019830896606,13.9160830608351,12.9967380448394,14.0421487630786,0.186743493066795,0.107227889241575,1,1,"scale_linear",2
"SRC-990-EXT-ECONOMIC-POLICY-INSTITUTE","Economic Policy Institute","filing","exact_base",4,"latent_base_salary",12.4477248107957,NA,12.4477248107957,12.4477248107957,12.6811543539599,12.3023807622997,13.1164807334742,12.1971357174785,13.2425464357178,0.0105841213199604,0.13800699263473,1,1,"scale_linear",2
"SRC-990-EXT-RESEARCH-AMERICA","Research!America","filing","exact_base",4,"latent_base_salary",13.297112905275,NA,13.297112905275,13.297112905275,12.880747039247,12.5019734475869,13.3160734187614,12.3967284027657,13.4421391210049,-0.621536300779139,0.265046067950663,1,1,"scale_linear",2
"SRC-990-EXT-STIMSON-CENTER","Stimson Center","filing","exact_base",4,"latent_base_salary",12.9582226865033,NA,12.9582226865033,12.9582226865033,12.7108699621789,12.3320963705188,13.1461963416933,12.2268513256976,13.2722620439368,-0.23258896005633,0.150923174402411,1,1,"scale_linear",2
"SRC-990-EXT-PEAK-GRANTMAKING","PEAK Grantmaking","filing","exact_base",4,"latent_base_salary",12.6147062287155,NA,12.6147062287155,12.6147062287155,12.7002448415023,12.3214712498422,13.1355712210167,12.216226205021,13.2616369232602,0.328749121775178,0.0794716667952475,1,1,"scale_linear",2
"SRC-990-EXT-GRANTMAKERS-FOR-EDUCATION","Grantmakers for Education","filing","exact_base",4,"latent_base_salary",12.4309659850717,NA,12.4309659850717,12.4309659850717,12.5864397291278,12.2076661374676,13.0217661086421,12.1024210926464,13.1478318108857,0.225865096798301,0.100398507692418,1,1,"scale_linear",2
"SRC-990-EXT-ENERGY-FOR-GROWTH-HUB","Energy for Growth Hub","filing","exact_base",4,"latent_base_salary",13.0105039226493,NA,13.0105039226493,13.0105039226493,12.6783284424496,12.2995548507894,13.1136548219639,12.1943098059682,13.2397205242075,-0.41322550957609,0.203468350173888,1,1,"scale_linear",2
"SRC-990-EXT-OPEN-MARKETS-INSTITUTE","Open Markets Institute","filing","exact_base",4,"latent_base_salary",12.1897506129305,NA,12.1897506129305,12.1897506129305,12.4742477677997,12.0954741761395,12.909574147314,11.9902291313183,13.0356398495575,-0.156389197175868,0.169495093400755,1,1,"scale_linear",2
"SRC-990-EXT-STRONGMINDS","StrongMinds","filing","exact_base",4,"latent_base_salary",12.4509506432504,NA,12.4509506432504,12.4509506432504,12.4520445031045,12.0732709114444,12.8873708826188,11.9680258666231,13.0134365848624,0.298909174600982,0.0721517667790674,1,1,"scale_linear",2
"SRC-990-EXT-REDWOOD-RESEARCH","Redwood Research","filing","exact_base",4,"latent_base_salary",12.5766540301346,NA,12.5766540301346,12.5766540301346,12.7862050890416,12.4074314973814,13.2215314685559,12.3021864525602,13.3475971707995,0.0837354356244078,0.125042020193786,1,1,"scale_linear",2
"SRC-990-EXT-PARTNERSHIP-ON-AI","Partnership on AI","filing","exact_base",5,"latent_base_salary",12.7912011974447,NA,12.7912011974447,12.7912011974447,12.7984763343763,12.4297817541144,13.2189250002301,12.3253694877735,13.330913527668,0.269246549038222,0.072003553551479,1,1,"scale_linear",2
"SRC-990-EXT-FUTURE-OF-PRIVACY-FORUM","Future of Privacy Forum","filing","exact_base",5,"latent_base_salary",13.5088520328401,NA,13.5088520328401,13.5088520328401,12.8892458239236,12.5205512436617,13.3096944897774,12.4161389773208,13.4216830172153,-1.73078522163646,0.445053311440376,0,0,"scale_linear",2
"SRC-990-EXT-CLIMATE-CENTRAL","Climate Central","filing","exact_base",5,"latent_base_salary",12.6801870016491,NA,12.6801870016491,12.6801870016491,12.757300820535,12.3886062402731,13.1777494863888,12.2841939739322,13.2897380138267,0.326519218363629,0.0772987874528085,1,1,"scale_linear",2
"SRC-990-EXT-DEMOS","Demos","filing","exact_base",5,"latent_base_salary",12.6428849557391,NA,12.6428849557391,12.6428849557391,12.7629740525997,12.3942794723378,13.1834227184535,12.2898672059969,13.2954112458914,0.309428688424086,0.0872264367892358,1,1,"scale_linear",2
"SRC-990-EXT3-NATIONAL-ACADEMY-FOR-STATE-HEALTH-POLICY","National Academy for State Health Policy","filing","exact_base",5,"latent_base_salary",12.8776933603378,NA,12.8776933603378,12.8776933603378,12.8473491889348,12.4786546086729,13.2677978547886,12.3742423423319,13.3797863822265,0.206881875755445,0.0745011337648483,1,1,"scale_linear",2
"SRC-990-EXT-PROJECT-DRAWDOWN","Project Drawdown","filing","exact_base",5,"latent_base_salary",13.0056540850792,NA,13.0056540850792,13.0056540850792,12.694540045027,12.3258454647651,13.1149887108808,12.2214331984241,13.2269772383186,-0.293872337620133,0.188820165797503,1,1,"scale_linear",2
"SRC-990-EXT-BREAKTHROUGH-INSTITUTE","Breakthrough Institute","filing","exact_base",5,"latent_base_salary",12.579065834723,NA,12.579065834723,12.579065834723,12.5869618449899,12.218267264728,13.0074105108437,12.113854998387,13.1193990382815,0.270138023779469,0.0719928228727326,1,1,"scale_linear",2
"SRC-990-EXT-MIGRATION-POLICY-INSTITUTE","Migration Policy Institute","filing","exact_base",5,"latent_base_salary",12.6227383916406,NA,12.6227383916406,12.6227383916406,12.6020513199307,12.2333567396688,13.0224999857845,12.1289444733278,13.1344885132224,0.224195090891347,0.0735185865262991,1,1,"scale_linear",2
"SRC-990-EXT-THE-SENTENCING-PROJECT","The Sentencing Project","filing","exact_base",5,"latent_base_salary",12.2172732835324,NA,12.2172732835324,12.2172732835324,12.2336105265047,11.8649159462427,12.6540591923585,11.7605036799018,12.7660477197963,0.281697474218634,0.0719475183784557,1,1,"scale_linear",2
"SRC-990-EXT-EXPONENT-PHILANTHROPY","Exponent Philanthropy","filing","exact_base",5,"latent_base_salary",12.6069727833315,NA,12.6069727833315,12.6069727833315,12.2371533684184,11.8684587881565,12.6576020342722,11.7640465218155,12.7695905617101,-0.433383925933222,0.229847797156273,1,1,"scale_linear",2
"SRC-990-EXT-RESULTS-FOR-AMERICA","Results for America","filing","exact_base",5,"latent_base_salary",12.6889203108623,NA,12.6889203108623,12.6889203108623,13.0460517738559,12.677357193594,13.4665004397097,12.572944927253,13.5784889671475,-0.415340203026684,0.221610918747929,1,1,"scale_linear",2
"SRC-990-EXT-VILLAGE-ENTERPRISE","Village Enterprise","filing","exact_base",5,"latent_base_salary",12.5400430408691,NA,12.5400430408691,12.5400430408691,12.6060875144517,12.2373929341898,13.0265361803055,12.1329806678489,13.1385247077434,0.324047555920203,0.0755694184736757,1,1,"scale_linear",2
"SRC-990-EXT3-NUCLEAR-INNOVATION-ALLIANCE","Nuclear Innovation Alliance","filing","exact_base",5,"latent_base_salary",12.6101041264858,NA,12.6101041264858,12.6101041264858,12.1597901567527,11.7910955764908,12.5802388226065,11.6866833101499,12.6922273500444,-0.692501173914808,0.293215129282209,0,1,"scale_linear",2
"SRC-990-EXT-ANIMAL-WELFARE-INSTITUTE","Animal Welfare Institute","filing","exact_base",6,"latent_base_salary",12.1688180822369,NA,12.1688180822369,12.1688180822369,12.4246090860566,12.0751902750534,12.833787439114,11.9728817401265,12.9570633114826,-0.0186350375721012,0.151536627328286,1,1,"scale_linear",2
"SRC-990-EXT-TAX-FOUNDATION","Tax Foundation","filing","exact_base",6,"latent_base_salary",12.515216592965,NA,12.515216592965,12.515216592965,12.5867229694207,12.2373041584176,12.9959013224782,12.1349956234906,13.1191771948468,0.391689750343459,0.0725930377839966,1,1,"scale_linear",2
"SRC-990-EXT-COMMITTEE-FOR-A-RESPONSIBLE-FEDERAL-BUDGET","Committee for a Responsible Federal Budget","filing","exact_base",6,"latent_base_salary",13.2655461923519,NA,13.2655461923519,13.2655461923519,12.9447708801004,12.5953520690973,13.3539492331578,12.4930435341703,13.4772251055265,-0.37943546580423,0.197547846863495,1,1,"scale_linear",2
"SRC-990-EXT-SAN-FRANCISCO-ESTUARY-INSTITUTE","San Francisco Estuary Institute","filing","exact_base",6,"latent_base_salary",12.1771418570467,NA,12.1771418570467,12.1771418570467,12.4469337313782,12.0975149203751,12.8561120844357,11.9952063854481,12.9793879568043,-0.0708318292068009,0.160787224943931,1,1,"scale_linear",2
"SRC-990-EXT-PUBLIC-AGENDA","Public Agenda","filing","exact_base",6,"latent_base_salary",12.5141054670907,NA,12.5141054670907,12.5141054670907,12.2957222572501,11.946303446247,12.7049006103075,11.84399491132,12.8281764826761,-0.146969525975218,0.134371133862626,1,1,"scale_linear",2
"SRC-990-EXT-EVIDENCE-ACTION","Evidence Action","filing","exact_base",6,"latent_base_salary",12.8276536554356,NA,12.8276536554356,12.8276536554356,12.6549756842748,12.3055568732717,13.0641540373323,12.2032483383447,13.1874299097009,-0.034950712081746,0.111788969590542,1,1,"scale_linear",2
"SRC-990-EXT-PHYSICIANS-FOR-SOCIAL-RESPONSIBILITY","Physicians for Social Responsibility","filing","exact_base",6,"latent_base_salary",11.9808845054682,NA,11.9808845054682,11.9808845054682,12.3293029934048,11.9798841824017,12.7384813464623,11.8775756474747,12.8617572188309,-0.421025345190848,0.218967115069827,1,1,"scale_linear",2
"SRC-990-EXT3-AMERICAN-SECURITY-PROJECT","American Security Project","filing","exact_base",6,"latent_base_salary",11.9786620658855,NA,11.9786620658855,11.9786620658855,12.4617059660081,12.112287155005,12.8708843190655,12.009978620078,12.9941601914342,-1.33596703394936,0.335771978826035,0,0,"scale_linear",2
"SRC-990-EA-GIVEWELL","GiveWell","filing","exact_base",6,"latent_base_salary",13.0190388321958,NA,13.0190388321958,13.0190388321958,12.2366348960284,11.8872160850252,12.6458132490858,11.7849075500983,12.7690891214544,-2.7453444217322,0.606113114782568,0,0,"scale_linear",2
"SRC-990-EXT-FRAMEWORKS-INSTITUTE","FrameWorks Institute","filing","exact_base",7,"latent_base_salary",13.0266397001217,NA,13.0266397001217,13.0266397001217,12.8889293902479,12.5123114480962,13.3202622786512,12.4063571740554,13.4392533803268,-0.00462262732522101,0.0997656419825987,1,1,"scale_linear",2
"SRC-990-EXT-COUNCIL-ON-STRATEGIC-RISKS","Council on Strategic Risks","filing","exact_base",7,"latent_base_salary",12.508796619219,NA,12.508796619219,12.508796619219,12.6195430490334,12.2429251068817,13.0508759374367,12.136970832841,13.1698670391123,0.275716308652272,0.0875739591440543,1,1,"scale_linear",2
"SRC-990-EXT-ENVIRONMENTAL-LAW-INSTITUTE","Environmental Law Institute","filing","exact_base",7,"latent_base_salary",12.6696219906236,NA,12.6696219906236,12.6696219906236,12.5622908964376,12.1856729542859,12.9936237848409,12.0797186802452,13.1126148865165,0.0496322379071006,0.0904945054994593,1,1,"scale_linear",2
"SRC-990-EXT-INSTITUTE-FOR-NONPROFIT-NEWS","Institute for Nonprofit News","filing","exact_base",7,"latent_base_salary",12.3400869277947,NA,12.3400869277947,12.3400869277947,12.4232566062128,12.0466386640611,12.8545894946161,11.9406843900204,12.9735805962917,0.291317954040945,0.0811580151041265,1,1,"scale_linear",2
"SRC-990-EXT-TECHNICAL-ASSISTANCE-COLLABORATIVE","Technical Assistance Collaborative","filing","exact_base",7,"latent_base_salary",12.4383619268654,NA,12.4383619268654,12.4383619268654,12.5787220915319,12.2021041493802,13.0100549799352,12.0961498753395,13.1290460816108,0.241582278421801,0.0966908143997277,1,1,"scale_linear",2
"SRC-990-EXT-PRECISION-DEVELOPMENT","Precision Development","filing","exact_base",7,"latent_base_salary",12.4150937427763,NA,12.4150937427763,12.4150937427763,12.5132021950801,12.1365842529284,12.9445350834834,12.0306299788877,13.063526185159,0.284868795239947,0.084382586553704,1,1,"scale_linear",2
"SRC-990-EXT-CREATIVE-COMMONS","Creative Commons","filing","exact_base",7,"latent_base_salary",12.4083285202951,NA,12.4083285202951,12.4083285202951,12.5318544136742,12.1552364715225,12.9631873020775,12.0492821974818,13.0821784037531,0.26311043586494,0.0912288718008213,1,1,"scale_linear",2
"SRC-990-EXT-BIPARTISAN-POLICY-CENTER","Bipartisan Policy Center","filing","exact_base",7,"latent_base_salary",13.69992393343,NA,13.69992393343,13.69992393343,13.2998178119495,12.9231998697978,13.7311507003528,12.8172455957571,13.8501418020284,-0.493924430538318,0.248240324850342,1,1,"scale_linear",2
"SRC-990-EXT-LIVING-GOODS","Living Goods","filing","exact_base",7,"latent_base_salary",12.5107284211723,NA,12.5107284211723,12.5107284211723,12.5372153428451,12.1605974006934,12.9685482312484,12.0546431266527,13.087539332924,0.272701763353823,0.0743509884529256,1,1,"scale_linear",2
"SRC-990-EXT-INNOVATIONS-FOR-POVERTY-ACTION","Innovations for Poverty Action","filing","exact_base",7,"latent_base_salary",12.4867659407714,NA,12.4867659407714,12.4867659407714,12.9128458146917,12.53622787254,13.344178703095,12.4302735984992,13.4631698047705,-0.73694106855784,0.279316862108604,0,1,"scale_linear",2
"SRC-990-EXT-OPEN-SOURCE-INITIATIVE","Open Source Initiative","filing","exact_base",7,"latent_base_salary",12.2102910853882,NA,12.2102910853882,12.2102910853882,12.4095969818161,12.0329790396645,12.8409298702195,11.9270247656237,12.959920971895,0.127605157579333,0.121369553471298,1,1,"scale_linear",2
"SRC-990-EA-CENTER-FOR-ELECTION-SCIENCE","Center for Election Science","filing","exact_base",7,"latent_base_salary",12.2614916001655,NA,12.2614916001655,12.2614916001655,12.3076474984278,11.9310295562761,12.7389803868311,11.8250752822354,12.8579714885067,0.286691166359154,0.0757421287947295,1,1,"scale_linear",2
"SRC-990-EXT-POPULATION-REFERENCE-BUREAU","Population Reference Bureau","filing","exact_base",8,"latent_base_salary",12.816309953692,NA,12.816309953692,12.816309953692,12.3449571980136,11.9828544116298,12.7532165367908,11.8805214629976,12.861911110023,-0.816199135696904,0.312723688760999,0,1,"scale_linear",2
"SRC-990-EXT-JAIN-FAMILY-INSTITUTE","Jain Family Institute","filing","exact_base",8,"latent_base_salary",12.3338860528408,NA,12.3338860528408,12.3338860528408,12.6501459341635,12.2880431477796,13.0584052729406,12.1857101991474,13.1670998461728,-0.296963640440147,0.194891310818122,1,1,"scale_linear",2
"SRC-990-EXT3-CARBON-MAPPER","Carbon Mapper","filing","exact_base",8,"latent_base_salary",12.5153758745745,NA,12.5153758745745,12.5153758745745,12.8669115909198,12.504808804536,13.275170929697,12.4024758559037,13.3838655029292,-0.436734167458641,0.221797092018742,1,1,"scale_linear",2
"SRC-990-EXT-INSTITUTE-FOR-POLICY-STUDIES","Institute for Policy Studies","filing","exact_base",8,"latent_base_salary",12.053986283532,NA,12.053986283532,12.053986283532,12.3385072725715,11.9764044861876,12.7467666113486,11.8740715375554,12.8554611845808,-0.178267579621591,0.172257827586229,1,1,"scale_linear",2
"SRC-990-EXT-NATIONAL-EMPLOYMENT-LAW-PROJECT","National Employment Law Project","filing","exact_base",8,"latent_base_salary",12.8184638703657,NA,12.8184638703657,12.8184638703657,12.903377437228,12.5412746508442,13.3116367760052,12.4389417022119,13.4203313492374,0.357241507295328,0.0770754529301607,1,1,"scale_linear",2
"SRC-990-EXT-AMERICAN-IMMIGRATION-COUNCIL","American Immigration Council","filing","exact_base",8,"latent_base_salary",12.6131309837729,NA,12.6131309837729,12.6131309837729,12.6890648194454,12.3269620330616,13.0973241582226,12.2246290844293,13.2060187314548,0.364166972155695,0.0751759337836561,1,1,"scale_linear",2
"SRC-990-EXT-GOOD-FOOD-INSTITUTE","Good Food Institute","filing","exact_base",8,"latent_base_salary",12.3904522913386,NA,12.3904522913386,12.3904522913386,12.7701123175807,12.4080095311969,13.1783716563579,12.3056765825647,13.2870662295901,-0.557790757396394,0.244412310858367,0,1,"scale_linear",2
"SRC-990-EXT-SOFTWARE-FREEDOM-CONSERVANCY","Software Freedom Conservancy","filing","exact_base",8,"latent_base_salary",12.1568022510686,NA,12.1568022510686,12.1568022510686,12.2651691901442,11.9030664037604,12.6734285289214,11.8007334551282,12.7821231021536,0.330034842251166,0.083118434813781,1,1,"scale_linear",2
"SRC-990-EXT-OPENSECRETS","OpenSecrets","filing","exact_base",8,"latent_base_salary",12.3218529214459,NA,12.3218529214459,12.3218529214459,12.3475950066799,11.9854922202961,12.7558543454571,11.8831592716639,12.8645489186893,0.367703369847273,0.0688540518154818,1,1,"scale_linear",2
"SRC-990-EXT-CLEAN-AIR-TASK-FORCE","Clean Air Task Force","filing","exact_base",8,"latent_base_salary",12.8291533338357,NA,12.8291533338357,12.8291533338357,12.8638522784597,12.5017494920759,13.2721116172369,12.3994165434437,13.3808061904691,0.371314659082126,0.0694464941646711,1,1,"scale_linear",2
"SRC-990-EA-FORESIGHT-INSTITUTE","Foresight Institute","filing","exact_base",8,"latent_base_salary",12.5911934036369,NA,12.5911934036369,12.5911934036369,12.3282116908817,11.9661089044978,12.7364710296588,11.8637759558656,12.845165602891,-0.227177004620728,0.157671992151498,1,1,"scale_linear",2
"SRC-990-EA-COPENHAGEN-CONSENSUS-CENTER","Copenhagen Consensus Center","filing","exact_base",8,"latent_base_salary",13.0459767896383,NA,13.0459767896383,13.0459767896383,12.185929159838,11.8238263734542,12.5941884986152,11.721493424822,12.7028830718474,-3.31442890785884,0.681974337559222,0,0,"scale_linear",2
"SRC-990-EXT-INFORMATION-TECHNOLOGY-AND-INNOVATION-FOUNDATION","Information Technology and Innovation Foundation","filing","exact_base",9,"latent_base_salary",13.2745188452622,NA,13.2745188452622,13.2745188452622,12.9037770554568,12.5391206929767,13.3092408251481,12.4494727221266,13.4264764025759,-0.514795748875205,0.242728696510077,1,1,"scale_linear",2
"SRC-990-EXT-NUMFOCUS","NumFOCUS","filing","exact_base",9,"latent_base_salary",12.0255072657542,NA,12.0255072657542,12.0255072657542,12.4016866956725,12.0370303331924,12.8071504653637,11.9473823623422,12.9243860427916,-0.418279843874076,0.227198416401438,0,1,"scale_linear",2
"SRC-990-EXT-FRESH-ENERGY","Fresh Energy","filing","exact_base",9,"latent_base_salary",12.4117920746609,NA,12.4117920746609,12.4117920746609,12.3461303722892,11.9814740098091,12.7515941419804,11.8918260389589,12.8688297194083,0.118537632796746,0.0819062876952486,1,1,"scale_linear",2
"SRC-990-EXT-CENTER-FOR-A-NEW-AMERICAN-SECURITY","Center for a New American Security","filing","exact_base",9,"latent_base_salary",13.1871814907024,NA,13.1871814907024,13.1871814907024,13.0032526278521,12.6385962653719,13.4087163975433,12.5489482945218,13.5259519749712,-0.113510818844745,0.125194745520365,1,1,"scale_linear",2
"SRC-990-EXT-GRANTMAKERS-FOR-EFFECTIVE-ORGANIZATIONS","Grantmakers for Effective Organizations","filing","exact_base",9,"latent_base_salary",12.8837522170102,NA,12.8837522170102,12.8837522170102,12.7719550505817,12.4072986881016,13.1774188202729,12.3176507172514,13.2946543977008,0.0155978761700952,0.0954596685699863,1,1,"scale_linear",2
"SRC-990-EXT-ELECTRONIC-FRONTIER-FOUNDATION","Electronic Frontier Foundation","filing","exact_base",9,"latent_base_salary",12.757183396529,NA,12.757183396529,12.757183396529,12.7693923782251,12.404736015745,13.1748561479164,12.3150880448949,13.2920917253442,0.291018566495843,0.0701950993894208,1,1,"scale_linear",2
"SRC-990-EXT-INSTITUTE-FOR-SECURITY-AND-TECHNOLOGY","Institute for Security and Technology","filing","exact_base",9,"latent_base_salary",12.3935414740295,NA,12.3935414740295,12.3935414740295,12.6880382127549,12.3233818502748,13.0935019824462,12.2337338794247,13.210737559874,-0.0586135491468558,0.165580043540825,1,1,"scale_linear",2
"SRC-990-EXT-PROJECT-HEALTHY-CHILDREN","Project Healthy Children","filing","exact_base",9,"latent_base_salary",11.5747708002363,NA,11.5747708002363,11.5747708002363,12.628956764756,12.2643004022758,13.0344205344472,12.1746524314257,13.1516561118751,-11.5853507272129,0.88499056976972,0,0,"scale_linear",2
"SRC-990-EXT-THIRD-WAY-INSTITUTE","Third Way Institute","filing","exact_base",9,"latent_base_salary",12.9939824923999,NA,12.9939824923999,12.9939824923999,12.4415787081195,12.0769223456393,12.8470424778107,11.9872743747892,12.9642780552386,-1.28218783681352,0.396977383514398,0,0,"scale_linear",2
"SRC-990-EXT-ANIMAL-LEGAL-DEFENSE-FUND","Animal Legal Defense Fund","filing","exact_base",9,"latent_base_salary",12.5370734769901,NA,12.5370734769901,12.5370734769901,12.6206706713968,12.2560143089167,13.026134441088,12.1663663380665,13.1433700185159,0.370925224665526,0.0735787966999266,1,1,"scale_linear",2
"SRC-990-EXT-CENTER-FOR-AI-SAFETY","Center for AI Safety","filing","exact_base",10,"latent_base_salary",12.7213413939825,NA,12.7213413939825,12.7213413939825,12.5739265024492,12.2051149904163,13.0118989533015,12.1023397435023,13.1396940305883,-0.0434493001633653,0.105446633345429,1,1,"scale_linear",2
"SRC-990-EXT-CENTER-FOR-DEMOCRACY-TECHNOLOGY","Center for Democracy & Technology","filing","exact_base",10,"latent_base_salary",12.9169778646385,NA,12.9169778646385,12.9169778646385,12.7556779337137,12.3868664216809,13.193650384566,12.2840911747668,13.3214454618528,-0.0791961409090667,0.111088718960182,1,1,"scale_linear",2
"SRC-990-EXT-CENTER-FOR-EFFECTIVE-PHILANTHROPY","Center for Effective Philanthropy","filing","exact_base",10,"latent_base_salary",13.2146671151145,NA,13.2146671151145,13.2146671151145,12.7708901925298,12.4020786804969,13.2088626433821,12.2993034335829,13.3366577206689,-0.732092253731633,0.289737295136037,0,1,"scale_linear",2
"SRC-990-EXT-WORLD-JUSTICE-PROJECT","World Justice Project","filing","exact_base",10,"latent_base_salary",12.8497369708156,NA,12.8497369708156,12.8497369708156,12.8758005568568,12.5069890448239,13.313773007709,12.4042137979098,13.4415680849958,0.347087544456514,0.0709242920343153,1,1,"scale_linear",2
"SRC-990-EXT-CODE-FOR-SCIENCE-SOCIETY","Code for Science & Society","filing","exact_base",10,"latent_base_salary",12.2746977427298,NA,12.2746977427298,12.2746977427298,12.3670579694184,11.9982464573855,12.8050304202706,11.8954712104714,12.9328254975574,0.357886158034097,0.0787553459974783,1,1,"scale_linear",2
"SRC-990-EXT-BULLETIN-OF-THE-ATOMIC-SCIENTISTS","Bulletin of the Atomic Scientists","filing","exact_base",10,"latent_base_salary",12.3173567420894,NA,12.3173567420894,12.3173567420894,12.3198287807656,11.9510172687327,12.7578012316179,11.8482420218187,12.8855963089047,0.317542791619639,0.0711597574812923,1,1,"scale_linear",2
"SRC-990-EXT-TECHCONGRESS","TechCongress","filing","exact_base",10,"latent_base_salary",12.4960490464963,NA,12.4960490464963,12.4960490464963,12.1867997292596,11.8179882172268,12.6247721801119,11.7152129703127,12.7525672573987,-0.406370735600754,0.19119851651734,1,1,"scale_linear",2
"SRC-990-EXT-ECONOMIC-INNOVATION-GROUP","Economic Innovation Group","filing","exact_base",10,"latent_base_salary",12.9583656609222,NA,12.9583656609222,12.9583656609222,12.9015389109574,12.5327273989245,13.3395113618097,12.4299521520105,13.4673064390965,0.196669542341099,0.0783584212529462,1,1,"scale_linear",2
"SRC-990-EXT-GLOBAL-HEALTH-CORPS","Global Health Corps","filing","exact_base",10,"latent_base_salary",12.4246040572612,NA,12.4246040572612,12.4246040572612,12.0390934258667,11.6702819138338,12.477065876719,11.5675066669197,12.6048609540058,-0.574997491982389,0.24452312877779,1,1,"scale_linear",2
"SRC-990-EXT3-CENTER-FOR-ARMS-CONTROL-AND-NON-PROLIFERATION","Center for Arms Control and Non-Proliferation","filing","exact_base",10,"latent_base_salary",12.5533356659485,NA,12.5533356659485,12.5533356659485,12.3140631608338,11.945251648801,12.7520356116861,11.8424764018869,12.8798306889729,-0.260347395509601,0.149062920805726,1,1,"scale_linear",2
"SRC-990-EXT-INSTITUTE-FOR-ENERGY-ECONOMICS-AND-FINANCIAL-ANALYSIS","Institute for Energy Economics and Financial Analysis","filing","exact_base",1,"latent_base_salary",12.5797210272034,NA,12.5797210272034,12.5797210272034,12.5656339409459,12.1926653917225,12.962980500177,12.065504824482,13.0835223337906,0.413397764425129,0.0657701701156228,1,1,"gam",2
"SRC-990-EXT-CHARITY-NAVIGATOR","Charity Navigator","filing","exact_base",1,"latent_base_salary",12.7520384665336,NA,12.7520384665336,12.7520384665336,12.539747602164,12.1667790529407,12.9370941613952,12.0396184857002,13.0576359950088,-0.0553726157013774,0.125843409335818,1,1,"gam",2
"SRC-990-EXT-SOCIAL-SCIENCE-RESEARCH-COUNCIL","Social Science Research Council","filing","exact_base",1,"latent_base_salary",12.7968302816124,NA,12.7968302816124,12.7968302816124,13.0787747561245,12.7058062069011,13.4761213153556,12.5786456396607,13.5966631489692,-0.354775025093784,0.176817423829674,1,1,"gam",2
"SRC-990-EXT-CHICAGO-COUNCIL-ON-GLOBAL-AFFAIRS","Chicago Council on Global Affairs","filing","exact_base",1,"latent_base_salary",13.1491202773988,NA,13.1491202773988,13.1491202773988,12.6895460872175,12.3165775379941,13.0868926464486,12.1894169707537,13.2074344800622,-0.891909107646416,0.302984476992659,0,1,"gam",2
"SRC-990-EXT-ROOSEVELT-INSTITUTE","Roosevelt Institute","filing","exact_base",1,"latent_base_salary",13.0866290852163,NA,13.0866290852163,13.0866290852163,13.0063118741133,12.6333433248899,13.4036584333444,12.5061827576495,13.524200266958,0.307478486804052,0.0746023062294808,1,1,"gam",2
"SRC-990-EXT-PUBLIC-KNOWLEDGE","Public Knowledge","filing","exact_base",1,"latent_base_salary",12.4996822653103,NA,12.4996822653103,12.4996822653103,12.4171637265951,12.0441951773718,12.8145102858262,11.9170346101313,12.9350521194398,0.30258313763249,0.0751094007136947,1,1,"gam",2
"SRC-990-EXT-RESULTS-FOR-DEVELOPMENT","Results for Development","filing","exact_base",1,"latent_base_salary",12.9211104925028,NA,12.9211104925028,12.9211104925028,13.1027997306375,12.7298311814141,13.5001462898686,12.6026706141737,13.6206881234822,0.0992768434185434,0.115471066137529,1,1,"gam",2
"SRC-990-EXT-SIGHTLINE-INSTITUTE","Sightline Institute","filing","exact_base",1,"latent_base_salary",12.2612800796685,NA,12.2612800796685,12.2612800796685,12.3343831971435,11.9614146479202,12.7317297563747,11.8342540806797,12.8522715899882,0.395356163934001,0.0742497596085236,1,1,"gam",2
"SRC-990-EXT-NEW-AMERICA","New America","filing","exact_base",1,"latent_base_salary",13.2081577341251,NA,13.2081577341251,13.2081577341251,13.2887637485786,12.9157951993553,13.6861103078098,12.7886346321148,13.8066521414234,0.384425247308058,0.0760563539862406,1,1,"gam",2
"SRC-990-EXT3-CENTER-FOR-HEALTH-CARE-STRATEGIES","Center for Health Care Strategies","filing","exact_base",2,"latent_base_salary",12.6222962067176,NA,12.6222962067176,12.6222962067176,12.671173887116,12.3083169481676,13.0678163476555,12.1837881276254,13.1972999284192,0.419660094923028,0.0694474190228478,1,1,"gam",2
"SRC-990-EXT-FAR-AI","FAR AI","filing","exact_base",2,"latent_base_salary",12.405415596293,NA,12.405415596293,12.405415596293,12.5180538538003,12.1551969148519,12.9146963143397,12.0306680943097,13.0441798951035,0.328853381077873,0.0855445591411,1,1,"gam",2
"SRC-990-EXT-QUINCY-INSTITUTE-FOR-RESPONSIBLE-STATECRAFT","Quincy Institute for Responsible Statecraft","filing","exact_base",2,"latent_base_salary",12.631030234805,NA,12.631030234805,12.631030234805,12.9890308314233,12.6261738924749,13.3856732919628,12.5016450719327,13.5151568727265,-0.651502117162256,0.234510820169072,1,1,"gam",2
"SRC-990-EXT-IDEAS42","ideas42","filing","exact_base",2,"latent_base_salary",12.4941514017925,NA,12.4941514017925,12.4941514017925,12.7006994959117,12.3378425569633,13.0973419564512,12.2133137364211,13.2268255372149,0.0116749836316434,0.129136176454279,1,1,"gam",2
"SRC-990-EXT-CENTER-FOR-OPEN-SCIENCE","Center for Open Science","filing","exact_base",2,"latent_base_salary",12.5016604600873,NA,12.5016604600873,12.5016604600873,12.5283455790921,12.1654886401438,12.9249880396316,12.0409598196015,13.0544716203953,0.425174795387896,0.0667048857160178,1,1,"gam",2
"SRC-990-EXT3-LEARNING-POLICY-INSTITUTE","Learning Policy Institute","filing","exact_base",2,"latent_base_salary",13.1712146825618,NA,13.1712146825618,13.1712146825618,12.9850862686004,12.622229329652,13.3817287291399,12.4977005091098,13.5112123099036,0.0474783884900665,0.111901863255623,1,1,"gam",2
"SRC-990-EXT-NISKANEN-CENTER","Niskanen Center","filing","exact_base",2,"latent_base_salary",13.3543131280751,NA,13.3543131280751,13.3543131280751,12.9318148419007,12.5689579029524,13.3284573024402,12.4444290824101,13.4579408832039,-0.787079759899628,0.271436171205889,0,1,"gam",2
"SRC-990-EXT-INSTITUTE-ON-TAXATION-AND-ECONOMIC-POLICY","Institute on Taxation and Economic Policy","filing","exact_base",2,"latent_base_salary",12.3346530459445,NA,12.3346530459445,12.3346530459445,12.7982481216842,12.4353911827358,13.1948905822237,12.3108623621936,13.3243741629874,-1.08186098926291,0.323529791623892,0,1,"gam",2
"SRC-990-EXT-VILLAGEREACH","VillageReach","filing","exact_base",2,"latent_base_salary",12.4314315810676,NA,12.4314315810676,12.4314315810676,12.4457209362824,12.082863997334,12.8423633968218,11.9583351767918,12.9718469775856,0.422743000696724,0.0658285205191467,1,1,"gam",2
"SRC-990-EXT-LAST-MILE-HEALTH","Last Mile Health","filing","exact_base",2,"latent_base_salary",12.4850802155385,NA,12.4850802155385,12.4850802155385,12.5548179516768,12.1919610127284,12.9514604122163,12.0674321921862,13.08094399298,0.402348979977643,0.0733905767063899,1,1,"gam",2
"SRC-990-EXT-FARM-SANCTUARY","Farm Sanctuary","filing","exact_base",2,"latent_base_salary",12.3163882693373,NA,12.3163882693373,12.3163882693373,12.4562563393213,12.0933994003729,12.8528987998608,11.9688705798307,12.9823823806245,0.256660543382368,0.095936947241623,1,1,"gam",2
"SRC-990-EXT-DATAKIND","DataKind","filing","exact_base",3,"latent_base_salary",12.4083285202951,NA,12.4083285202951,12.4083285202951,12.524311457898,12.1523811525963,12.9408381516924,12.0330647532196,13.0627090710762,0.299072960556709,0.0871725251933158,1,1,"gam",2
"SRC-990-EXT-INTERNET-SECURITY-RESEARCH-GROUP","Internet Security Research Group","filing","exact_base",3,"latent_base_salary",12.6634761632277,NA,12.6634761632277,12.6634761632277,12.4351160714455,12.0631857661438,12.8516427652399,11.943869366767,12.9735136846237,-0.148483777542861,0.137061321242604,1,1,"gam",2
"SRC-990-EXT-ORCID","ORCID","filing","exact_base",3,"latent_base_salary",12.5696077844296,NA,12.5696077844296,12.5696077844296,12.3371001942258,11.9651698889241,12.7536268880202,11.8458534895473,12.8754978074039,-0.158747760728882,0.139315616554715,1,1,"gam",2
"SRC-990-EXT-DATA-QUALITY-CAMPAIGN","Data Quality Campaign","filing","exact_base",3,"latent_base_salary",12.9352645395531,NA,12.9352645395531,12.9352645395531,13.0704540349694,12.6985237296677,13.4869807287638,12.5792073302909,13.6088516481475,0.259269810345324,0.0938361178935693,1,1,"gam",2
"SRC-990-EXT-INDEPENDENT-SECTOR","Independent Sector","filing","exact_base",3,"latent_base_salary",13.3541442871094,NA,13.3541442871094,13.3541442871094,13.1449502745692,12.7730199692675,13.5614769683636,12.6537035698908,13.6833478877474,-0.100138879090707,0.12703402066594,1,1,"gam",2
"SRC-990-EXT-FEDERATION-OF-AMERICAN-SCIENTISTS","Federation of American Scientists","filing","exact_base",3,"latent_base_salary",13.0648771145336,NA,13.0648771145336,13.0648771145336,12.9341991165451,12.5622688112434,13.3507258103395,12.4429524118666,13.4725967297233,0.108206975633629,0.0932768428582345,1,1,"gam",2
"SRC-990-EXT-NATIONAL-COMMITTEE-FOR-RESPONSIVE-PHILANTHROPY","National Committee for Responsive Philanthropy","filing","exact_base",3,"latent_base_salary",12.742437732963,NA,12.742437732963,12.742437732963,12.4918486448812,12.1199183395795,12.9083753386756,12.0006019402028,13.0302462580594,-0.202729189510632,0.149482558111199,1,1,"gam",2
"SRC-990-EXT-THE-HUMANE-LEAGUE","The Humane League","filing","exact_base",3,"latent_base_salary",12.3775599734482,NA,12.3775599734482,12.3775599734482,12.3929341467983,12.0210038414966,12.8094608405927,11.9016874421199,12.9313317599765,0.371286856678634,0.0691068278363331,1,1,"gam",2
"SRC-990-EXT-MERCY-FOR-ANIMALS","Mercy For Animals","filing","exact_base",3,"latent_base_salary",12.2436538423338,NA,12.2436538423338,12.2436538423338,12.4920705276639,12.1201402223622,12.9085972214583,12.0008238229854,13.0304681408421,-0.0965118198646315,0.151000317110894,1,1,"gam",2
"SRC-990-EXT-GUTTMACHER-INSTITUTE","Guttmacher Institute","filing","exact_base",3,"latent_base_salary",12.8946594433338,NA,12.8946594433338,12.8946594433338,13.3287686336592,12.9568383283575,13.7452953274536,12.8375219289808,13.8671662468374,-0.888863150742647,0.291454268827995,0,1,"gam",2
"SRC-990-EXT-VERA-INSTITUTE-OF-JUSTICE","Vera Institute of Justice","filing","exact_base",3,"latent_base_salary",13.3181829414966,NA,13.3181829414966,13.3181829414966,13.159543217182,12.7876129118803,13.5760699109764,12.6682965125036,13.6979408303602,0.0334056964059104,0.103864826644621,1,1,"gam",2
"SRC-990-EXT-ARMS-CONTROL-ASSOCIATION","Arms Control Association","filing","exact_base",3,"latent_base_salary",11.7955985634313,NA,11.7955985634313,11.7955985634313,12.3853707814755,12.0134404761738,12.8018974752699,11.894124076797,12.9237683946537,-1.89116887248887,0.432830469625365,0,0,"gam",2
"SRC-990-EXT3-CENTER-FOR-INTERNATIONAL-POLICY","Center for International Policy","filing","exact_base",3,"latent_base_salary",12.3116931273939,NA,12.3116931273939,12.3116931273939,12.3256921255396,11.9537618202379,12.742218819334,11.8344454208611,12.8640897387178,0.370620060923808,0.0690623732253797,1,1,"gam",2
"SRC-990-EXT-GIVINGTUESDAY","GivingTuesday","filing","exact_base",4,"latent_base_salary",12.8728251821158,NA,12.8728251821158,12.8728251821158,12.4613882742778,12.0750360868019,12.8641561809133,11.9519644522138,13.0045298179377,-0.776551773816759,0.261699712878297,0,1,"gam",2
"SRC-990-EXT-INSTITUTE-FOR-THE-STUDY-OF-WAR","Institute for the Study of War","filing","exact_base",4,"latent_base_salary",12.2737531161958,NA,12.2737531161958,12.2737531161958,12.3537300685934,11.9673778811175,12.7564979752289,11.8443062465294,12.8968716122533,0.32156218496753,0.0784004442045644,1,1,"gam",2
"SRC-990-EXT-CENTER-FOR-CLIMATE-AND-ENERGY-SOLUTIONS","Center for Climate and Energy Solutions","filing","exact_base",4,"latent_base_salary",12.9791557665258,NA,12.9791557665258,12.9791557665258,13.0559406637749,12.6695884762989,13.4587085704103,12.5465168417108,13.5990822074347,0.326872023255657,0.0776194752599376,1,1,"gam",2
"SRC-990-EXT-PETERSON-INSTITUTE-FOR-INTERNATIONAL-ECONOMICS","Peterson Institute for International Economics","filing","exact_base",4,"latent_base_salary",13.3086807403212,NA,13.3086807403212,13.3086807403212,13.3886109794785,13.0022587920025,13.7913788861139,12.8791871574144,13.9317525231383,0.321641512740766,0.0783888123076655,1,1,"gam",2
"SRC-990-EXT-ECONOMIC-POLICY-INSTITUTE","Economic Policy Institute","filing","exact_base",4,"latent_base_salary",12.4477248107957,NA,12.4477248107957,12.4477248107957,12.6376556731059,12.2513034856299,13.0404235797413,12.1282318510418,13.1807972167657,0.019262689854427,0.12116852336206,1,1,"gam",2
"SRC-990-EXT-RESEARCH-AMERICA","Research!America","filing","exact_base",4,"latent_base_salary",13.297112905275,NA,13.297112905275,13.297112905275,12.9356208128099,12.5492686253339,13.3383887194453,12.4261969907458,13.4787623564697,-0.562661050276194,0.22257233936768,1,1,"gam",2
"SRC-990-EXT-STIMSON-CENTER","Stimson Center","filing","exact_base",4,"latent_base_salary",12.9582226865033,NA,12.9582226865033,12.9582226865033,12.683258783757,12.296906596281,13.0860266903924,12.1738349616929,13.2264003274168,-0.218521898362754,0.161900700873609,1,1,"gam",2
"SRC-990-EXT-PEAK-GRANTMAKING","PEAK Grantmaking","filing","exact_base",4,"latent_base_salary",12.6147062287155,NA,12.6147062287155,12.6147062287155,12.6708875365866,12.2845353491106,13.0736554432221,12.1614637145226,13.2140290802465,0.355665290518902,0.0732644288818717,1,1,"gam",2
"SRC-990-EXT-GRANTMAKERS-FOR-EDUCATION","Grantmakers for Education","filing","exact_base",4,"latent_base_salary",12.4309659850717,NA,12.4309659850717,12.4309659850717,12.479003899979,12.092651712503,12.8817718066145,11.9695800779149,13.0221454436388,0.364399573370444,0.071875417012589,1,1,"gam",2
"SRC-990-EXT-ENERGY-FOR-GROWTH-HUB","Energy for Growth Hub","filing","exact_base",4,"latent_base_salary",13.0105039226493,NA,13.0105039226493,13.0105039226493,12.6249564442039,12.2386042567279,13.0277243508394,12.1155326221398,13.1680979878637,-0.66499563385563,0.241097908569354,1,1,"gam",2
"SRC-990-EXT-OPEN-MARKETS-INSTITUTE","Open Markets Institute","filing","exact_base",4,"latent_base_salary",12.1897506129305,NA,12.1897506129305,12.1897506129305,12.363145174117,11.976792986641,12.7659130807524,11.8537213520529,12.9062867177768,0.0768344231331519,0.112929367416452,1,1,"gam",2
"SRC-990-EXT-STRONGMINDS","StrongMinds","filing","exact_base",4,"latent_base_salary",12.4509506432504,NA,12.4509506432504,12.4509506432504,12.3782289076386,11.9918767201627,12.7809968142741,11.8688050855746,12.9213704512985,0.325877156819244,0.0739468497815735,1,1,"gam",2
"SRC-990-EXT-REDWOOD-RESEARCH","Redwood Research","filing","exact_base",4,"latent_base_salary",12.5766540301346,NA,12.5766540301346,12.5766540301346,12.8001531353218,12.4138009478458,13.2029210419572,12.2907293132577,13.3432946789816,-0.104767260634357,0.139574222176482,1,1,"gam",2
"SRC-990-EXT-PARTNERSHIP-ON-AI","Partnership on AI","filing","exact_base",5,"latent_base_salary",12.7912011974447,NA,12.7912011974447,12.7912011974447,12.8419937604489,12.4703955055569,13.2349656481748,12.3509536922416,13.3505337129369,0.373904062657097,0.0712171873802653,1,1,"gam",2
"SRC-990-EXT-FUTURE-OF-PRIVACY-FORUM","Future of Privacy Forum","filing","exact_base",5,"latent_base_salary",13.5088520328401,NA,13.5088520328401,13.5088520328401,12.9611361883109,12.5895379334188,13.3541080760368,12.4700961201036,13.4696761407988,-1.43402573677382,0.381788289803491,0,0,"gam",2
"SRC-990-EXT-CLIMATE-CENTRAL","Climate Central","filing","exact_base",5,"latent_base_salary",12.6801870016491,NA,12.6801870016491,12.6801870016491,12.7629115605486,12.3913133056566,13.1558834482745,12.2718714923413,13.2714515130366,0.34146177200026,0.077652973926546,1,1,"gam",2
"SRC-990-EXT-DEMOS","Demos","filing","exact_base",5,"latent_base_salary",12.6428849557391,NA,12.6428849557391,12.6428849557391,12.7965752615633,12.4249770066713,13.1895471492892,12.305535193356,13.3051152140513,0.189243310892,0.101983313888537,1,1,"gam",2
"SRC-990-EXT3-NATIONAL-ACADEMY-FOR-STATE-HEALTH-POLICY","National Academy for State Health Policy","filing","exact_base",5,"latent_base_salary",12.8776933603378,NA,12.8776933603378,12.8776933603378,12.9099095345332,12.5383112796411,13.3028814222591,12.4188694663259,13.4184494870211,0.381815897686911,0.0688309514672287,1,1,"gam",2
"SRC-990-EXT-PROJECT-DRAWDOWN","Project Drawdown","filing","exact_base",5,"latent_base_salary",13.0056540850792,NA,13.0056540850792,13.0056540850792,12.672567666491,12.3009694115989,13.0655395542169,12.1815275982837,13.1811076189789,-0.362830201411759,0.2015636487488,1,1,"gam",2
"SRC-990-EXT-BREAKTHROUGH-INSTITUTE","Breakthrough Institute","filing","exact_base",5,"latent_base_salary",12.579065834723,NA,12.579065834723,12.579065834723,12.5181426864558,12.1465444315637,12.9111145741817,12.0271026182485,13.0266826389437,0.311086659076177,0.0719878817044999,1,1,"gam",2
"SRC-990-EXT-MIGRATION-POLICY-INSTITUTE","Migration Policy Institute","filing","exact_base",5,"latent_base_salary",12.6227383916406,NA,12.6227383916406,12.6227383916406,12.5370056545944,12.1654073997023,12.9299775423203,12.0459655863871,13.0455456070823,0.268138131239924,0.0769322743357154,1,1,"gam",2
"SRC-990-EXT-THE-SENTENCING-PROJECT","The Sentencing Project","filing","exact_base",5,"latent_base_salary",12.2172732835324,NA,12.2172732835324,12.2172732835324,12.3436919683644,11.9720937134723,12.7366638560903,11.8526519001571,12.8522319208523,0.259836588293111,0.0910714246911388,1,1,"gam",2
"SRC-990-EXT-EXPONENT-PHILANTHROPY","Exponent Philanthropy","filing","exact_base",5,"latent_base_salary",12.6069727833315,NA,12.6069727833315,12.6069727833315,12.2888650292294,11.9172667743373,12.6818369169553,11.7978249610221,12.7974049817173,-0.313437938532816,0.190863390526159,1,1,"gam",2
"SRC-990-EXT-RESULTS-FOR-AMERICA","Results for America","filing","exact_base",5,"latent_base_salary",12.6889203108623,NA,12.6889203108623,12.6889203108623,13.1135469073653,12.7419486524733,13.5065187950912,12.622506839158,13.6220868598533,-0.848403683560611,0.285706917420483,0,1,"gam",2
"SRC-990-EXT-VILLAGE-ENTERPRISE","Village Enterprise","filing","exact_base",5,"latent_base_salary",12.5400430408691,NA,12.5400430408691,12.5400430408691,12.5303274331628,12.1587291782707,12.9232993208887,12.0392873649555,13.0388673856507,0.371008166018965,0.0671582440505058,1,1,"gam",2
"SRC-990-EXT3-NUCLEAR-INNOVATION-ALLIANCE","Nuclear Innovation Alliance","filing","exact_base",5,"latent_base_salary",12.6101041264858,NA,12.6101041264858,12.6101041264858,12.3116701157284,11.9400718608363,12.7046420034543,11.8206300475211,12.8202100682163,-0.251591123674706,0.177309968426234,1,1,"gam",2
"SRC-990-EXT-ANIMAL-WELFARE-INSTITUTE","Animal Welfare Institute","filing","exact_base",6,"latent_base_salary",12.1688180822369,NA,12.1688180822369,12.1688180822369,12.3812178257031,12.0325835913183,12.772148922359,11.9207150427905,12.8991413226938,0.0565065858550127,0.128478114947068,1,1,"gam",2
"SRC-990-EXT-TAX-FOUNDATION","Tax Foundation","filing","exact_base",6,"latent_base_salary",12.515216592965,NA,12.515216592965,12.515216592965,12.5127380021441,12.1641037677593,12.9036690988,12.0522352192315,13.0306614991348,0.41679302979035,0.0646268051527837,1,1,"gam",2
"SRC-990-EXT-COMMITTEE-FOR-A-RESPONSIBLE-FEDERAL-BUDGET","Committee for a Responsible Federal Budget","filing","exact_base",6,"latent_base_salary",13.2655461923519,NA,13.2655461923519,13.2655461923519,12.9938983224471,12.6452640880622,13.384829419103,12.5333955395345,13.5118218194377,-0.225097188124994,0.163248963910138,1,1,"gam",2
"SRC-990-EXT-SAN-FRANCISCO-ESTUARY-INSTITUTE","San Francisco Estuary Institute","filing","exact_base",6,"latent_base_salary",12.1771418570467,NA,12.1771418570467,12.1771418570467,12.388003949072,12.0393697146871,12.7789350457279,11.9275011661594,12.9059274460626,0.0624552866676893,0.127588742522706,1,1,"gam",2
"SRC-990-EXT-PUBLIC-AGENDA","Public Agenda","filing","exact_base",6,"latent_base_salary",12.5141054670907,NA,12.5141054670907,12.5141054670907,12.3713548790009,12.0227206446161,12.7622859756568,11.9108520960883,12.8892783759916,0.121327954117562,0.0952868928860423,1,1,"gam",2
"SRC-990-EXT-EVIDENCE-ACTION","Evidence Action","filing","exact_base",6,"latent_base_salary",12.8276536554356,NA,12.8276536554356,12.8276536554356,12.6481267973205,12.2994925629357,13.0390578939764,12.1876240144079,13.1660502943112,0.0261884683270446,0.111356450453419,1,1,"gam",2
"SRC-990-EXT-PHYSICIANS-FOR-SOCIAL-RESPONSIBILITY","Physicians for Social Responsibility","filing","exact_base",6,"latent_base_salary",11.9808845054682,NA,11.9808845054682,11.9808845054682,12.355345932951,12.0067116985661,12.7462770296069,11.8948431500384,12.8732694299416,-0.654536481641498,0.244971690586326,0,1,"gam",2
"SRC-990-EXT3-AMERICAN-SECURITY-PROJECT","American Security Project","filing","exact_base",6,"latent_base_salary",11.9786620658855,NA,11.9786620658855,11.9786620658855,12.4424565109213,12.0938222765364,12.8333876075772,11.9819537280087,12.9603800079119,-1.17032792641789,0.322553902847301,0,0,"gam",2
"SRC-990-EA-GIVEWELL","GiveWell","filing","exact_base",6,"latent_base_salary",13.0190388321958,NA,13.0190388321958,13.0190388321958,12.2407068684082,11.8920726340234,12.6316379650641,11.7802040854956,12.7586303653989,-2.88471320445051,0.605819795315413,0,0,"gam",2
"SRC-990-EXT-FRAMEWORKS-INSTITUTE","FrameWorks Institute","filing","exact_base",7,"latent_base_salary",13.0266397001217,NA,13.0266397001217,13.0266397001217,12.9834228017989,12.6145958525392,13.3897006751957,12.492327563798,13.5050882117103,0.306013057094628,0.0705377525200344,1,1,"gam",2
"SRC-990-EXT-COUNCIL-ON-STRATEGIC-RISKS","Council on Strategic Risks","filing","exact_base",7,"latent_base_salary",12.508796619219,NA,12.508796619219,12.508796619219,12.5210600726341,12.1522331233744,12.9273379460309,12.0299648346332,13.0427254825455,0.347665412061666,0.0693733807073907,1,1,"gam",2
"SRC-990-EXT-ENVIRONMENTAL-LAW-INSTITUTE","Environmental Law Institute","filing","exact_base",7,"latent_base_salary",12.6696219906236,NA,12.6696219906236,12.6696219906236,12.4519689474669,12.0831419982072,12.8582468208637,11.960873709466,12.9736343573783,-0.0197762263778407,0.125308706198727,1,1,"gam",2
"SRC-990-EXT-INSTITUTE-FOR-NONPROFIT-NEWS","Institute for Nonprofit News","filing","exact_base",7,"latent_base_salary",12.3400869277947,NA,12.3400869277947,12.3400869277947,12.3889528484319,12.0201258991721,12.7952307218287,11.8978576104309,12.9106182583433,0.344581307810628,0.0733517429073222,1,1,"gam",2
"SRC-990-EXT-TECHNICAL-ASSISTANCE-COLLABORATIVE","Technical Assistance Collaborative","filing","exact_base",7,"latent_base_salary",12.4383619268654,NA,12.4383619268654,12.4383619268654,12.4715548880878,12.102727938828,12.8778327614846,11.9804596500868,12.9932202979991,0.349174289652854,0.0711832889227374,1,1,"gam",2
"SRC-990-EXT-PRECISION-DEVELOPMENT","Precision Development","filing","exact_base",7,"latent_base_salary",12.4150937427763,NA,12.4150937427763,12.4150937427763,12.4026654585108,12.0338385092511,12.8089433319076,11.9115702205099,12.9243308684222,0.33539437342699,0.0688310815679123,1,1,"gam",2
"SRC-990-EXT-CREATIVE-COMMONS","Creative Commons","filing","exact_base",7,"latent_base_salary",12.4083285202951,NA,12.4083285202951,12.4083285202951,12.4057419935331,12.0369150442733,12.8120198669299,11.9146467555322,12.9274074034445,0.341580069883002,0.0688414410224274,1,1,"gam",2
"SRC-990-EXT-BIPARTISAN-POLICY-CENTER","Bipartisan Policy Center","filing","exact_base",7,"latent_base_salary",13.69992393343,NA,13.69992393343,13.69992393343,13.1766920258843,12.8078650766246,13.5829698992811,12.6855967878834,13.6983574357957,-1.1759994415191,0.351166371564015,0,0,"gam",2
"SRC-990-EXT-LIVING-GOODS","Living Goods","filing","exact_base",7,"latent_base_salary",12.5107284211723,NA,12.5107284211723,12.5107284211723,12.4510495278061,12.0822225785464,12.857327401203,11.9599542898052,12.9727149377175,0.284819068994789,0.0725117195039871,1,1,"gam",2
"SRC-990-EXT-INNOVATIONS-FOR-POVERTY-ACTION","Innovations for Poverty Action","filing","exact_base",7,"latent_base_salary",12.4867659407714,NA,12.4867659407714,12.4867659407714,13.0264528299069,12.6576258806471,13.4327307033037,12.535357591906,13.5481182398183,-1.44947193447289,0.392613104637653,0,0,"gam",2
"SRC-990-EXT-OPEN-SOURCE-INITIATIVE","Open Source Initiative","filing","exact_base",7,"latent_base_salary",12.2102910853882,NA,12.2102910853882,12.2102910853882,12.4042675639079,12.0354406146481,12.8105454373047,11.9131723259069,12.9259329738192,0.0602652353133137,0.124707574203888,1,1,"gam",2
"SRC-990-EA-CENTER-FOR-ELECTION-SCIENCE","Center for Election Science","filing","exact_base",7,"latent_base_salary",12.2614916001655,NA,12.2614916001655,12.2614916001655,12.2818931065185,11.9130661572588,12.6881709799153,11.7907978685176,12.8035585164299,0.349262225597451,0.0699295205617051,1,1,"gam",2
"SRC-990-EXT-POPULATION-REFERENCE-BUREAU","Population Reference Bureau","filing","exact_base",8,"latent_base_salary",12.816309953692,NA,12.816309953692,12.816309953692,12.3769393860153,12.0249994713091,12.7671128872115,11.8935547522081,12.8841996725784,-0.818156846064791,0.285173548585952,0,1,"gam",2
"SRC-990-EXT-JAIN-FAMILY-INSTITUTE","Jain Family Institute","filing","exact_base",8,"latent_base_salary",12.3338860528408,NA,12.3338860528408,12.3338860528408,12.5932820712213,12.2413421565151,12.9834555724175,12.1098974374142,13.1005423577844,-0.223814938573666,0.163435036237842,1,1,"gam",2
"SRC-990-EXT3-CARBON-MAPPER","Carbon Mapper","filing","exact_base",8,"latent_base_salary",12.5153758745745,NA,12.5153758745745,12.5153758745745,12.9734601397498,12.6215202250436,13.363633640946,12.4900755059426,13.4807204263128,-1.16766503042486,0.322188313235812,0,1,"gam",2
"SRC-990-EXT-INSTITUTE-FOR-POLICY-STUDIES","Institute for Policy Studies","filing","exact_base",8,"latent_base_salary",12.053986283532,NA,12.053986283532,12.053986283532,12.3593098047588,12.0073698900526,12.749483305955,11.8759251709516,12.8665700913218,-0.450603172551261,0.196284897948424,1,1,"gam",2
"SRC-990-EXT-NATIONAL-EMPLOYMENT-LAW-PROJECT","National Employment Law Project","filing","exact_base",8,"latent_base_salary",12.8184638703657,NA,12.8184638703657,12.8184638703657,12.9883897289136,12.6364498142074,13.3785632301098,12.5050050951064,13.4956500154766,0.171813144282735,0.109890386182692,1,1,"gam",2
"SRC-990-EXT-AMERICAN-IMMIGRATION-COUNCIL","American Immigration Council","filing","exact_base",8,"latent_base_salary",12.6131309837729,NA,12.6131309837729,12.6131309837729,12.6083383388539,12.2563984241477,12.9985118400501,12.1249537050467,13.1155986254169,0.426197064669308,0.0642104499665519,1,1,"gam",2
"SRC-990-EXT-GOOD-FOOD-INSTITUTE","Good Food Institute","filing","exact_base",8,"latent_base_salary",12.3904522913386,NA,12.3904522913386,12.3904522913386,12.7533378109288,12.4013978962226,13.143511312125,12.2699531771216,13.2605980974918,-0.728781165536791,0.241202680904248,0,1,"gam",2
"SRC-990-EXT-SOFTWARE-FREEDOM-CONSERVANCY","Software Freedom Conservancy","filing","exact_base",8,"latent_base_salary",12.1568022510686,NA,12.1568022510686,12.1568022510686,12.2842392204994,11.9322993057933,12.6744127216957,11.8008545866923,12.7914995070625,0.308783544531664,0.0907246598196692,1,1,"gam",2
"SRC-990-EXT-OPENSECRETS","OpenSecrets","filing","exact_base",8,"latent_base_salary",12.3218529214459,NA,12.3218529214459,12.3218529214459,12.3526501073511,12.0007101926449,12.7428236085473,11.8692654735439,12.8599103939141,0.441032331966724,0.0660893516141359,1,1,"gam",2
"SRC-990-EXT-CLEAN-AIR-TASK-FORCE","Clean Air Task Force","filing","exact_base",8,"latent_base_salary",12.8291533338357,NA,12.8291533338357,12.8291533338357,12.8968491443018,12.5449092295956,13.287022645498,12.4134645104946,13.4041094308649,0.421367821375549,0.0721826948412803,1,1,"gam",2
"SRC-990-EA-FORESIGHT-INSTITUTE","Foresight Institute","filing","exact_base",8,"latent_base_salary",12.5911934036369,NA,12.5911934036369,12.5911934036369,12.3478860432437,11.9959461285375,12.7380595444399,11.8645014094366,12.8551463298068,-0.101726462711667,0.141144739158492,1,1,"gam",2
"SRC-990-EA-COPENHAGEN-CONSENSUS-CENTER","Copenhagen Consensus Center","filing","exact_base",8,"latent_base_salary",13.0459767896383,NA,13.0459767896383,13.0459767896383,12.0214223032954,11.6694823885892,12.4115958044916,11.5380376694882,12.5286825898584,-3.66268169320937,0.846233026582558,0,0,"gam",2
"SRC-990-EXT-INFORMATION-TECHNOLOGY-AND-INNOVATION-FOUNDATION","Information Technology and Innovation Foundation","filing","exact_base",9,"latent_base_salary",13.2745188452622,NA,13.2745188452622,13.2745188452622,12.9705521773839,12.6065821464642,13.3536714567298,12.5063907573655,13.4781215274387,-0.363643528828781,0.197256403326309,1,1,"gam",2
"SRC-990-EXT-NUMFOCUS","NumFOCUS","filing","exact_base",9,"latent_base_salary",12.0255072657542,NA,12.0255072657542,12.0255072657542,12.4207762855768,12.0568062546571,12.8038955649227,11.9566148655584,12.9283456356316,-0.619966828976926,0.246648068477806,0,1,"gam",2
"SRC-990-EXT-FRESH-ENERGY","Fresh Energy","filing","exact_base",9,"latent_base_salary",12.4117920746609,NA,12.4117920746609,12.4117920746609,12.3563942418911,11.9924242109714,12.739513521237,11.8922328218727,12.8639635919459,0.247858365770967,0.0750216997862654,1,1,"gam",2
"SRC-990-EXT-CENTER-FOR-A-NEW-AMERICAN-SECURITY","Center for a New American Security","filing","exact_base",9,"latent_base_salary",13.1871814907024,NA,13.1871814907024,13.1871814907024,13.0655394338969,12.7015694029773,13.4486587132428,12.6013780138785,13.5731087839517,0.0546436378167459,0.0958443417700188,1,1,"gam",2
"SRC-990-EXT-GRANTMAKERS-FOR-EFFECTIVE-ORGANIZATIONS","Grantmakers for Effective Organizations","filing","exact_base",9,"latent_base_salary",12.8837522170102,NA,12.8837522170102,12.8837522170102,12.7713639790828,12.4073939481632,13.1544832584288,12.3072025590645,13.2789333291377,0.0807447088307296,0.0923360595222328,1,1,"gam",2
"SRC-990-EXT-ELECTRONIC-FRONTIER-FOUNDATION","Electronic Frontier Foundation","filing","exact_base",9,"latent_base_salary",12.757183396529,NA,12.757183396529,12.757183396529,12.7999020679782,12.4359320370585,13.1830213473241,12.3357406479598,13.307471418033,0.446427080136338,0.0654101084922817,1,1,"gam",2
"SRC-990-EXT-INSTITUTE-FOR-SECURITY-AND-TECHNOLOGY","Institute for Security and Technology","filing","exact_base",9,"latent_base_salary",12.3935414740295,NA,12.3935414740295,12.3935414740295,12.6778222882367,12.313852257317,13.0609415675826,12.2136608682183,13.1853916382915,-0.154411104022717,0.161635549744459,1,1,"gam",2
"SRC-990-EXT-PROJECT-HEALTHY-CHILDREN","Project Healthy Children","filing","exact_base",9,"latent_base_salary",11.5747708002363,NA,11.5747708002363,11.5747708002363,12.5731947620264,12.2092247311067,12.9563140413723,12.109033342008,13.0807641120812,-9.58732878995498,0.831105888111865,0,0,"gam",2
"SRC-990-EXT-THIRD-WAY-INSTITUTE","Third Way Institute","filing","exact_base",9,"latent_base_salary",12.9939824923999,NA,12.9939824923999,12.9939824923999,12.4622434771773,12.0982734462577,12.8453627565233,11.9980820571589,12.9698128272322,-1.41714310557739,0.385235856628523,0,0,"gam",2
"SRC-990-EXT-ANIMAL-LEGAL-DEFENSE-FUND","Animal Legal Defense Fund","filing","exact_base",9,"latent_base_salary",12.5370734769901,NA,12.5370734769901,12.5370734769901,12.5606299821883,12.1966599512687,12.9437492615343,12.0964685621699,13.0681993322431,0.425343366432575,0.0650562377000548,1,1,"gam",2
"SRC-990-EXT-CENTER-FOR-AI-SAFETY","Center for AI Safety","filing","exact_base",10,"latent_base_salary",12.7213413939825,NA,12.7213413939825,12.7213413939825,12.5018915414771,12.1261149001445,12.9269222410381,12.0127901778752,13.0515390199877,-0.173045652699888,0.133691700323841,1,1,"gam",2
"SRC-990-EXT-CENTER-FOR-DEMOCRACY-TECHNOLOGY","Center for Democracy & Technology","filing","exact_base",10,"latent_base_salary",12.9169778646385,NA,12.9169778646385,12.9169778646385,12.7712789420961,12.3955023007635,13.1963096416571,12.2821775784942,13.3209264206068,0.0437242900113031,0.0998002454868891,1,1,"gam",2
"SRC-990-EXT-CENTER-FOR-EFFECTIVE-PHILANTHROPY","Center for Effective Philanthropy","filing","exact_base",10,"latent_base_salary",13.2146671151145,NA,13.2146671151145,13.2146671151145,12.7930248564498,12.4172482151172,13.2180555560108,12.3039234928479,13.3426723349605,-0.663921351816775,0.269536407018268,1,1,"gam",2
"SRC-990-EXT-WORLD-JUSTICE-PROJECT","World Justice Project","filing","exact_base",10,"latent_base_salary",12.8497369708156,NA,12.8497369708156,12.8497369708156,12.9386937353721,12.5629170940395,13.3637244349331,12.4495923717702,13.4883412138827,0.35222902964786,0.0790855383168298,1,1,"gam",2
"SRC-990-EXT-CODE-FOR-SCIENCE-SOCIETY","Code for Science & Society","filing","exact_base",10,"latent_base_salary",12.2746977427298,NA,12.2746977427298,12.2746977427298,12.3714510654441,11.9956744241115,12.7964817650051,11.8823497018422,12.9210985439547,0.339871865332243,0.081083380838433,1,1,"gam",2
"SRC-990-EXT-BULLETIN-OF-THE-ATOMIC-SCIENTISTS","Bulletin of the Atomic Scientists","filing","exact_base",10,"latent_base_salary",12.3173567420894,NA,12.3173567420894,12.3173567420894,12.3036753731718,11.9278987318392,12.7287060727328,11.8145740095699,12.8533228516825,0.365325085578185,0.0693262848620037,1,1,"gam",2
"SRC-990-EXT-TECHCONGRESS","TechCongress","filing","exact_base",10,"latent_base_salary",12.4960490464963,NA,12.4960490464963,12.4960490464963,12.3798645894753,12.0040879481427,12.8048952890363,11.8907632258734,12.9295120679859,0.133595869663575,0.089288546658504,1,1,"gam",2
"SRC-990-EXT-ECONOMIC-INNOVATION-GROUP","Economic Innovation Group","filing","exact_base",10,"latent_base_salary",12.9583656609222,NA,12.9583656609222,12.9583656609222,12.9673159901369,12.5915393488043,13.3923466896979,12.478214626535,13.5169634686475,0.386664178450455,0.0688102182075717,1,1,"gam",2
"SRC-990-EXT-GLOBAL-HEALTH-CORPS","Global Health Corps","filing","exact_base",10,"latent_base_salary",12.4246040572612,NA,12.4246040572612,12.4246040572612,12.3156422283621,11.9398655870295,12.7406729279231,11.8265408647602,12.8652897068728,0.154902637815893,0.0870127954721478,1,1,"gam",2
"SRC-990-EXT3-CENTER-FOR-ARMS-CONTROL-AND-NON-PROLIFERATION","Center for Arms Control and Non-Proliferation","filing","exact_base",10,"latent_base_salary",12.5533356659485,NA,12.5533356659485,12.5533356659485,12.2994870588342,11.9237104175016,12.7245177583951,11.8103856952323,12.8491345373448,-0.260171987077949,0.152755902577837,1,1,"gam",2
"SRC-990-EXT-INSTITUTE-FOR-ENERGY-ECONOMICS-AND-FINANCIAL-ANALYSIS","Institute for Energy Economics and Financial Analysis","filing","exact_base",1,"latent_base_salary",12.5797210272034,NA,12.5797210272034,12.5797210272034,12.6008245827903,12.1910817960692,13.028206434191,12.0619601521939,13.1721668255432,0.363654494307106,0.0713679389334219,1,1,"svr",2
"SRC-990-EXT-CHARITY-NAVIGATOR","Charity Navigator","filing","exact_base",1,"latent_base_salary",12.7520384665336,NA,12.7520384665336,12.7520384665336,12.5999950358764,12.1902522491554,13.0273768872772,12.0611306052801,13.1713372786294,0.117953410700998,0.0991788856687435,1,1,"svr",2
"SRC-990-EXT-SOCIAL-SCIENCE-RESEARCH-COUNCIL","Social Science Research Council","filing","exact_base",1,"latent_base_salary",12.7968302816124,NA,12.7968302816124,12.7968302816124,13.1127141129385,12.7029713262175,13.5400959643393,12.5738496823422,13.6840563556915,-0.500405059202491,0.19995564282152,1,1,"svr",2
"SRC-990-EXT-CHICAGO-COUNCIL-ON-GLOBAL-AFFAIRS","Chicago Council on Global Affairs","filing","exact_base",1,"latent_base_salary",13.1491202773988,NA,13.1491202773988,13.1491202773988,12.7100192282718,12.3002764415508,13.1374010796726,12.1711547976755,13.2813614710247,-0.839505383983109,0.279847684096324,0,1,"svr",2
"SRC-990-EXT-ROOSEVELT-INSTITUTE","Roosevelt Institute","filing","exact_base",1,"latent_base_salary",13.0866290852163,NA,13.0866290852163,13.0866290852163,12.9884635730015,12.5787207862805,13.4158454244023,12.4495991424052,13.5598058157545,0.24492838380833,0.0820439994546117,1,1,"svr",2
"SRC-990-EXT-PUBLIC-KNOWLEDGE","Public Knowledge","filing","exact_base",1,"latent_base_salary",12.4996822653103,NA,12.4996822653103,12.4996822653103,12.4835880181911,12.07384523147,12.9109698695918,11.9447235875947,13.054930260944,0.35826764965031,0.0704037046056301,1,1,"svr",2
"SRC-990-EXT-RESULTS-FOR-DEVELOPMENT","Results for Development","filing","exact_base",1,"latent_base_salary",12.9211104925028,NA,12.9211104925028,12.9211104925028,13.0170554712116,12.6073126844905,13.4444373226123,12.4781910406152,13.5883977139645,0.272442483979986,0.0852244231339365,1,1,"svr",2
"SRC-990-EXT-SIGHTLINE-INSTITUTE","Sightline Institute","filing","exact_base",1,"latent_base_salary",12.2612800796685,NA,12.2612800796685,12.2612800796685,12.4041359895068,11.9943932027858,12.8315178409076,11.8652715589105,12.9754782322598,0.14926187919515,0.101503732016105,1,1,"svr",2
"SRC-990-EXT-NEW-AMERICA","New America","filing","exact_base",1,"latent_base_salary",13.2081577341251,NA,13.2081577341251,13.2081577341251,13.2921544795936,12.8824116928726,13.7195363309944,12.7532900489973,13.8634967223466,0.296117687835885,0.0819765062704771,1,1,"svr",2
"SRC-990-EXT3-CENTER-FOR-HEALTH-CARE-STRATEGIES","Center for Health Care Strategies","filing","exact_base",2,"latent_base_salary",12.6222962067176,NA,12.6222962067176,12.6222962067176,12.6921851396846,12.3192286630477,13.0744805820808,12.2113253758727,13.1838255834279,0.408264516551412,0.0711064389879208,1,1,"svr",2
"SRC-990-EXT-FAR-AI","FAR AI","filing","exact_base",2,"latent_base_salary",12.405415596293,NA,12.405415596293,12.405415596293,12.528532730315,12.1555762536781,12.9108281727112,12.047672966503,13.0201731740583,0.320658759579817,0.0848733272514863,1,1,"svr",2
"SRC-990-EXT-QUINCY-INSTITUTE-FOR-RESPONSIBLE-STATECRAFT","Quincy Institute for Responsible Statecraft","filing","exact_base",2,"latent_base_salary",12.631030234805,NA,12.631030234805,12.631030234805,13.0175781471383,12.6446216705013,13.3998735895345,12.5367183833263,13.5092185908816,-0.611166503337792,0.246282287484519,0,1,"svr",2
"SRC-990-EXT-IDEAS42","ideas42","filing","exact_base",2,"latent_base_salary",12.4941514017925,NA,12.4941514017925,12.4941514017925,12.7292406656088,12.3562841889719,13.111536108005,12.2483809017969,13.2208811093521,-0.0526338359171652,0.137890082359987,1,1,"svr",2
"SRC-990-EXT-CENTER-FOR-OPEN-SCIENCE","Center for Open Science","filing","exact_base",2,"latent_base_salary",12.5016604600873,NA,12.5016604600873,12.5016604600873,12.5586477742599,12.185691297623,12.9409432166561,12.0777880104479,13.0502882180032,0.417405915672342,0.0690308255644518,1,1,"svr",2
"SRC-990-EXT3-LEARNING-POLICY-INSTITUTE","Learning Policy Institute","filing","exact_base",2,"latent_base_salary",13.1712146825618,NA,13.1712146825618,13.1712146825618,12.9928250477941,12.6198685711572,13.3751204901903,12.5119652839822,13.4844654915374,0.00576918360601031,0.114304526141517,1,1,"svr",2
"SRC-990-EXT-NISKANEN-CENTER","Niskanen Center","filing","exact_base",2,"latent_base_salary",13.3543131280751,NA,13.3543131280751,13.3543131280751,12.9336530740004,12.5606965973634,13.3159485163966,12.4527933101884,13.4252935177437,-0.714349950171954,0.279319717075254,0,1,"svr",2
"SRC-990-EXT-INSTITUTE-ON-TAXATION-AND-ECONOMIC-POLICY","Institute on Taxation and Economic Policy","filing","exact_base",2,"latent_base_salary",12.3346530459445,NA,12.3346530459445,12.3346530459445,12.8044282905331,12.4314718138962,13.1867237329293,12.3235685267212,13.2960687342764,-0.969560768536508,0.317503443952764,0,1,"svr",2
"SRC-990-EXT-VILLAGEREACH","VillageReach","filing","exact_base",2,"latent_base_salary",12.4314315810676,NA,12.4314315810676,12.4314315810676,12.4187533443125,12.0457968676755,12.8010487867086,11.9378935805005,12.9103937880558,0.385762867636653,0.066554910088535,1,1,"svr",2
"SRC-990-EXT-LAST-MILE-HEALTH","Last Mile Health","filing","exact_base",2,"latent_base_salary",12.4850802155385,NA,12.4850802155385,12.4850802155385,12.5250414742918,12.1520849976549,12.907336916688,12.0441817104799,13.0166819180351,0.422045529549788,0.0670652906986827,1,1,"svr",2
"SRC-990-EXT-FARM-SANCTUARY","Farm Sanctuary","filing","exact_base",2,"latent_base_salary",12.3163882693373,NA,12.3163882693373,12.3163882693373,12.4805363805225,12.1075799038855,12.8628318229186,11.9996766167105,12.9721768242658,0.205298492238734,0.100845155837382,1,1,"svr",2
"SRC-990-EXT-DATAKIND","DataKind","filing","exact_base",3,"latent_base_salary",12.4083285202951,NA,12.4083285202951,12.4083285202951,12.4993952949851,12.1189934966124,12.9005422642034,11.9944175239827,13.0125143838952,0.354017672929409,0.0778925114074049,1,1,"svr",2
"SRC-990-EXT-INTERNET-SECURITY-RESEARCH-GROUP","Internet Security Research Group","filing","exact_base",3,"latent_base_salary",12.6634761632277,NA,12.6634761632277,12.6634761632277,12.4604446900572,12.0800428916845,12.8615916592755,11.9554669190548,12.9735637789673,-0.0889375417746896,0.125027266562169,1,1,"svr",2
"SRC-990-EXT-ORCID","ORCID","filing","exact_base",3,"latent_base_salary",12.5696077844296,NA,12.5696077844296,12.5696077844296,12.3859233628707,12.005521564498,12.787070332089,11.8809455918683,12.8990424517808,-0.0259950783030078,0.115316413663991,1,1,"svr",2
"SRC-990-EXT-DATA-QUALITY-CAMPAIGN","Data Quality Campaign","filing","exact_base",3,"latent_base_salary",12.9352645395531,NA,12.9352645395531,12.9352645395531,13.032951875878,12.6525500775053,13.4340988450964,12.5279741048756,13.5460709647882,0.341346713731735,0.0796758377173868,1,1,"svr",2
"SRC-990-EXT-INDEPENDENT-SECTOR","Independent Sector","filing","exact_base",3,"latent_base_salary",13.3541442871094,NA,13.3541442871094,13.3541442871094,13.1566131054098,12.7762113070371,13.5577600746282,12.6516353344075,13.66973219432,-0.0712421126145164,0.122194932965815,1,1,"svr",2
"SRC-990-EXT-FEDERATION-OF-AMERICAN-SCIENTISTS","Federation of American Scientists","filing","exact_base",3,"latent_base_salary",13.0648771145336,NA,13.0648771145336,13.0648771145336,12.8493880761239,12.4689862777512,13.2505350453422,12.3444103051215,13.362507165034,-0.128249177834975,0.131645384534145,1,1,"svr",2
"SRC-990-EXT-NATIONAL-COMMITTEE-FOR-RESPONSIVE-PHILANTHROPY","National Committee for Responsive Philanthropy","filing","exact_base",3,"latent_base_salary",12.742437732963,NA,12.742437732963,12.742437732963,12.4952816507116,12.1148798523389,12.8964286199299,11.9903038797092,13.0084007396217,-0.222176475758123,0.149674624550498,1,1,"svr",2
"SRC-990-EXT-THE-HUMANE-LEAGUE","The Humane League","filing","exact_base",3,"latent_base_salary",12.3775599734482,NA,12.3775599734482,12.3775599734482,12.1963460021483,11.8159442037756,12.5974929713667,11.6913682311459,12.7094650910584,-0.0178429340706465,0.114127985587742,1,1,"svr",2
"SRC-990-EXT-MERCY-FOR-ANIMALS","Mercy For Animals","filing","exact_base",3,"latent_base_salary",12.2436538423338,NA,12.2436538423338,12.2436538423338,12.4184605541104,12.0380587557377,12.8196075233288,11.9134827831081,12.9315796430206,0.129274999630817,0.109046903368492,1,1,"svr",2
"SRC-990-EXT-GUTTMACHER-INSTITUTE","Guttmacher Institute","filing","exact_base",3,"latent_base_salary",12.8946594433338,NA,12.8946594433338,12.8946594433338,13.2573096767042,12.8769078783315,13.6584566459226,12.7523319057018,13.7704287656144,-0.601720003283287,0.230629696397338,1,1,"svr",2
"SRC-990-EXT-VERA-INSTITUTE-OF-JUSTICE","Vera Institute of Justice","filing","exact_base",3,"latent_base_salary",13.3181829414966,NA,13.3181829414966,13.3181829414966,13.0474575637143,12.6670557653416,13.4486045329327,12.542479792712,13.5605766526245,-0.28588396813457,0.164145212978115,1,1,"svr",2
"SRC-990-EXT-ARMS-CONTROL-ASSOCIATION","Arms Control Association","filing","exact_base",3,"latent_base_salary",11.7955985634313,NA,11.7955985634313,11.7955985634313,12.3079767174401,11.9275749190674,12.7091236866585,11.8029989464378,12.8210958063503,-1.24823941212699,0.357778866013296,0,0,"svr",2
"SRC-990-EXT3-CENTER-FOR-INTERNATIONAL-POLICY","Center for International Policy","filing","exact_base",3,"latent_base_salary",12.3116931273939,NA,12.3116931273939,12.3116931273939,12.2970670257354,11.9166652273626,12.6982139949537,11.792089254733,12.8101861146455,0.405320581050929,0.0670110650386462,1,1,"svr",2
"SRC-990-EXT-GIVINGTUESDAY","GivingTuesday","filing","exact_base",4,"latent_base_salary",12.8728251821158,NA,12.8728251821158,12.8728251821158,12.3250671462481,11.939109079473,12.7365593029517,11.828539297324,12.8631063136138,-1.35257220476617,0.376589009102055,0,0,"svr",2
"SRC-990-EXT-INSTITUTE-FOR-THE-STUDY-OF-WAR","Institute for the Study of War","filing","exact_base",4,"latent_base_salary",12.2737531161958,NA,12.2737531161958,12.2737531161958,12.2593129645672,11.8733548977921,12.6708051212708,11.7627851156431,12.7973521319329,0.316510986302665,0.0706583215872044,1,1,"svr",2
"SRC-990-EXT-CENTER-FOR-CLIMATE-AND-ENERGY-SOLUTIONS","Center for Climate and Energy Solutions","filing","exact_base",4,"latent_base_salary",12.9791557665258,NA,12.9791557665258,12.9791557665258,12.9364945102779,12.5505364435028,13.3479866669815,12.4399666613537,13.4745336776436,0.301925714615415,0.0725105257942488,1,1,"svr",2
"SRC-990-EXT-PETERSON-INSTITUTE-FOR-INTERNATIONAL-ECONOMICS","Peterson Institute for International Economics","filing","exact_base",4,"latent_base_salary",13.3086807403212,NA,13.3086807403212,13.3086807403212,12.5443909391489,12.1584328723739,12.9558830958526,12.0478630902248,13.0824301065146,-2.62446128446785,0.580489886417677,0,0,"svr",2
"SRC-990-EXT-ECONOMIC-POLICY-INSTITUTE","Economic Policy Institute","filing","exact_base",4,"latent_base_salary",12.4477248107957,NA,12.4477248107957,12.4477248107957,12.8448524459309,12.4588943791558,13.2563446026345,12.3483245970068,13.3828916132966,-0.599298667081161,0.258398442461383,0,1,"svr",2
"SRC-990-EXT-RESEARCH-AMERICA","Research!America","filing","exact_base",4,"latent_base_salary",13.297112905275,NA,13.297112905275,13.297112905275,13.0632294351855,12.6772713684105,13.4747215918891,12.5667015862614,13.6012686025512,-0.0821152932483185,0.137681324131945,1,1,"svr",2
"SRC-990-EXT-STIMSON-CENTER","Stimson Center","filing","exact_base",4,"latent_base_salary",12.9582226865033,NA,12.9582226865033,12.9582226865033,12.7611225323351,12.37516446556,13.1726146890387,12.264594683411,13.2991616997008,0.0220037021788084,0.118773537173312,1,1,"svr",2
"SRC-990-EXT-PEAK-GRANTMAKING","PEAK Grantmaking","filing","exact_base",4,"latent_base_salary",12.6147062287155,NA,12.6147062287155,12.6147062287155,12.5825875331913,12.1966294664163,12.994079689895,12.0860596842672,13.120626700557,0.308922447007056,0.0715644936489304,1,1,"svr",2
"SRC-990-EXT-GRANTMAKERS-FOR-EDUCATION","Grantmakers for Education","filing","exact_base",4,"latent_base_salary",12.4309659850717,NA,12.4309659850717,12.4309659850717,12.4124661822815,12.0265081155064,12.8239583389851,11.9159383333573,12.9505053496472,0.315235902844815,0.0707907354140669,1,1,"svr",2
"SRC-990-EXT-ENERGY-FOR-GROWTH-HUB","Energy for Growth Hub","filing","exact_base",4,"latent_base_salary",13.0105039226493,NA,13.0105039226493,13.0105039226493,12.2251299281772,11.8391718614022,12.6366220848809,11.7286020792531,12.763169095543,-2.71032441178975,0.600872099279414,0,0,"svr",2
"SRC-990-EXT-OPEN-MARKETS-INSTITUTE","Open Markets Institute","filing","exact_base",4,"latent_base_salary",12.1897506129305,NA,12.1897506129305,12.1897506129305,12.5287396550826,12.1427815883075,12.9402318117862,12.0322118061585,13.0667788224483,-0.389777240754141,0.213159171914036,1,1,"svr",2
"SRC-990-EXT-STRONGMINDS","StrongMinds","filing","exact_base",4,"latent_base_salary",12.4509506432504,NA,12.4509506432504,12.4509506432504,12.3758044432861,11.989846376511,12.7872965999897,11.8792765943619,12.9138436106518,0.269346453623999,0.0773036355482889,1,1,"svr",2
"SRC-990-EXT-REDWOOD-RESEARCH","Redwood Research","filing","exact_base",4,"latent_base_salary",12.5766540301346,NA,12.5766540301346,12.5766540301346,12.5780593858534,12.1921013190783,12.989551542557,12.0815315369293,13.1160985532191,0.318764607011487,0.0705746802053062,1,1,"svr",2
"SRC-990-EXT-PARTNERSHIP-ON-AI","Partnership on AI","filing","exact_base",5,"latent_base_salary",12.7912011974447,NA,12.7912011974447,12.7912011974447,12.8403305725098,12.440872705877,13.2393017017491,12.3361350386707,13.3904599711215,0.278851770928015,0.0742223173301184,1,1,"svr",2
"SRC-990-EXT-FUTURE-OF-PRIVACY-FORUM","Future of Privacy Forum","filing","exact_base",5,"latent_base_salary",13.5088520328401,NA,13.5088520328401,13.5088520328401,12.9923724087285,12.5929145420957,13.3913435379677,12.4881768748894,13.5425018073401,-1.34370889038889,0.354410119518629,0,1,"svr",2
"SRC-990-EXT-CLIMATE-CENTRAL","Climate Central","filing","exact_base",5,"latent_base_salary",12.6801870016491,NA,12.6801870016491,12.6801870016491,12.7260846551058,12.326626788473,13.125055784345,12.2218891212667,13.2762140537174,0.283288025060508,0.0737479687968274,1,1,"svr",2
"SRC-990-EXT-DEMOS","Demos","filing","exact_base",5,"latent_base_salary",12.6428849557391,NA,12.6428849557391,12.6428849557391,12.82762336548,12.4281654988472,13.2265944947192,12.3234278316409,13.3777527640917,-0.00263483686428989,0.117164835154541,1,1,"svr",2
"SRC-990-EXT3-NATIONAL-ACADEMY-FOR-STATE-HEALTH-POLICY","National Academy for State Health Policy","filing","exact_base",5,"latent_base_salary",12.8776933603378,NA,12.8776933603378,12.8776933603378,12.9335472280954,12.5340893614626,13.3325183573346,12.4293516942563,13.4836766267071,0.269154766913283,0.0752976667431839,1,1,"svr",2
"SRC-990-EXT-PROJECT-DRAWDOWN","Project Drawdown","filing","exact_base",5,"latent_base_salary",13.0056540850792,NA,13.0056540850792,13.0056540850792,12.6573294289834,12.2578715623506,13.0563005582226,12.1531338951443,13.207458827595,-0.539285607255187,0.215766169831102,1,1,"svr",2
"SRC-990-EXT-BREAKTHROUGH-INSTITUTE","Breakthrough Institute","filing","exact_base",5,"latent_base_salary",12.579065834723,NA,12.579065834723,12.579065834723,12.5757906424022,12.1763327757694,12.9747617716414,12.0715951085631,13.1259200410139,0.331045756071694,0.070013076600946,1,1,"svr",2
"SRC-990-EXT-MIGRATION-POLICY-INSTITUTE","Migration Policy Institute","filing","exact_base",5,"latent_base_salary",12.6227383916406,NA,12.6227383916406,12.6227383916406,12.6021586089295,12.2027007422967,13.0011297381688,12.0979630750904,13.1522880075412,0.338209460479714,0.0702868226534505,1,1,"svr",2
"SRC-990-EXT-THE-SENTENCING-PROJECT","The Sentencing Project","filing","exact_base",5,"latent_base_salary",12.2172732835324,NA,12.2172732835324,12.2172732835324,12.3451200695898,11.945662202957,12.7440911988291,11.8409245357507,12.8952494682015,0.132439603313753,0.0939604962484435,1,1,"svr",2
"SRC-990-EXT-EXPONENT-PHILANTHROPY","Exponent Philanthropy","filing","exact_base",5,"latent_base_salary",12.6069727833315,NA,12.6069727833315,12.6069727833315,12.3252503620879,11.9257924954551,12.7242214913272,11.8210548282488,12.8753797606996,-0.245357177326356,0.168869011719654,1,1,"svr",2
"SRC-990-EXT-RESULTS-FOR-AMERICA","Results for America","filing","exact_base",5,"latent_base_salary",12.6889203108623,NA,12.6889203108623,12.6889203108623,13.1349968093044,12.7355389426716,13.5339679385437,12.6308012754653,13.6851262079161,-0.71205568612725,0.294856848555248,0,1,"svr",2
"SRC-990-EXT-VILLAGE-ENTERPRISE","Village Enterprise","filing","exact_base",5,"latent_base_salary",12.5400430408691,NA,12.5400430408691,12.5400430408691,12.5390806194632,12.1396227528304,12.9380517487024,12.0348850856241,13.0892100180749,0.329688079230742,0.0700398199658205,1,1,"svr",2
"SRC-990-EXT3-NUCLEAR-INNOVATION-ALLIANCE","Nuclear Innovation Alliance","filing","exact_base",5,"latent_base_salary",12.6101041264858,NA,12.6101041264858,12.6101041264858,12.3067752533185,11.9073173866857,12.7057463825577,11.8025797194793,12.8569046519301,-0.339255073003986,0.183412775040278,1,1,"svr",2
"SRC-990-EXT-ANIMAL-WELFARE-INSTITUTE","Animal Welfare Institute","filing","exact_base",6,"latent_base_salary",12.1688180822369,NA,12.1688180822369,12.1688180822369,12.3947975170084,12.0349920132325,12.7837975481046,11.9182682205456,12.9035550651655,-0.0120500099599306,0.13463310901147,1,1,"svr",2
"SRC-990-EXT-TAX-FOUNDATION","Tax Foundation","filing","exact_base",6,"latent_base_salary",12.515216592965,NA,12.515216592965,12.515216592965,12.5385481360286,12.1787426322527,12.9275481671248,12.0620188395658,13.0473056841857,0.44515327007622,0.0650972437481502,1,1,"svr",2
"SRC-990-EXT-COMMITTEE-FOR-A-RESPONSIBLE-FEDERAL-BUDGET","Committee for a Responsible Federal Budget","filing","exact_base",6,"latent_base_salary",13.2655461923519,NA,13.2655461923519,13.2655461923519,12.9486607636137,12.5888552598378,13.3376607947099,12.4721314671509,13.4574183117708,-0.373139092000806,0.19641921502822,1,1,"svr",2
"SRC-990-EXT-SAN-FRANCISCO-ESTUARY-INSTITUTE","San Francisco Estuary Institute","filing","exact_base",6,"latent_base_salary",12.1771418570467,NA,12.1771418570467,12.1771418570467,12.3669680456101,12.0071625418342,12.7559680767063,11.8904387491473,12.8757255937672,0.127572049741711,0.114416708126207,1,1,"svr",2
"SRC-990-EXT-PUBLIC-AGENDA","Public Agenda","filing","exact_base",6,"latent_base_salary",12.5141054670907,NA,12.5141054670907,12.5141054670907,12.3963612948644,12.0365557910884,12.7853613259606,11.9198319984016,12.9051188430214,0.167445099487718,0.0876678913047637,1,1,"svr",2
"SRC-990-EXT-EVIDENCE-ACTION","Evidence Action","filing","exact_base",6,"latent_base_salary",12.8276536554356,NA,12.8276536554356,12.8276536554356,12.6360142147685,12.2762087109926,13.0250142458647,12.1594849183057,13.1447717629256,-0.0403783672700273,0.119458945483353,1,1,"svr",2
"SRC-990-EXT-PHYSICIANS-FOR-SOCIAL-RESPONSIBILITY","Physicians for Social Responsibility","filing","exact_base",6,"latent_base_salary",11.9808845054682,NA,11.9808845054682,11.9808845054682,12.4101510833135,12.0503455795375,12.7991511144097,11.9336217868507,12.9189086314705,-0.913564310240639,0.287365525270101,0,1,"svr",2
"SRC-990-EXT3-AMERICAN-SECURITY-PROJECT","American Security Project","filing","exact_base",6,"latent_base_salary",11.9786620658855,NA,11.9786620658855,11.9786620658855,12.3796252957106,12.0198197919347,12.7686253268068,11.9030959992478,12.8883828438677,-0.766437908720258,0.263171092265757,0,1,"svr",2
"SRC-990-EA-GIVEWELL","GiveWell","filing","exact_base",6,"latent_base_salary",13.0190388321958,NA,13.0190388321958,13.0190388321958,12.634418459621,12.274612955845,13.0234184907172,12.1578891631581,13.143176007778,-0.602692130177297,0.247556332317834,1,1,"svr",2
"SRC-990-EXT-FRAMEWORKS-INSTITUTE","FrameWorks Institute","filing","exact_base",7,"latent_base_salary",13.0266397001217,NA,13.0266397001217,13.0266397001217,12.9880677969668,12.5999910021399,13.4086161418054,12.4649659167818,13.5442557174193,0.295418885676768,0.0726282875305349,1,1,"svr",2
"SRC-990-EXT-COUNCIL-ON-STRATEGIC-RISKS","Council on Strategic Risks","filing","exact_base",7,"latent_base_salary",12.508796619219,NA,12.508796619219,12.508796619219,12.567617426489,12.1795406316621,12.9881657713276,12.044515546304,13.1238053469415,0.283694630992314,0.0776427131666184,1,1,"svr",2
"SRC-990-EXT-ENVIRONMENTAL-LAW-INSTITUTE","Environmental Law Institute","filing","exact_base",7,"latent_base_salary",12.6696219906236,NA,12.6696219906236,12.6696219906236,12.550847945502,12.1627711506751,12.9713962903406,12.027746065317,13.1070358659545,0.191398254981385,0.0875133746510779,1,1,"svr",2
"SRC-990-EXT-INSTITUTE-FOR-NONPROFIT-NEWS","Institute for Nonprofit News","filing","exact_base",7,"latent_base_salary",12.3400869277947,NA,12.3400869277947,12.3400869277947,12.368017343113,11.9799405482861,12.7885656879516,11.844915462928,12.9242052635655,0.306143430454179,0.0732617060714909,1,1,"svr",2
"SRC-990-EXT-TECHNICAL-ASSISTANCE-COLLABORATIVE","Technical Assistance Collaborative","filing","exact_base",7,"latent_base_salary",12.4383619268654,NA,12.4383619268654,12.4383619268654,12.4747385838313,12.0866617890043,12.8952869286698,11.9516367036462,13.0309265042838,0.301742475650639,0.0742041143316636,1,1,"svr",2
"SRC-990-EXT-PRECISION-DEVELOPMENT","Precision Development","filing","exact_base",7,"latent_base_salary",12.4150937427763,NA,12.4150937427763,12.4150937427763,12.5274611963585,12.1393844015316,12.9480095411971,12.0043593161734,13.083649116811,0.205881348900123,0.0911785686876533,1,1,"svr",2
"SRC-990-EXT-CREATIVE-COMMONS","Creative Commons","filing","exact_base",7,"latent_base_salary",12.4083285202951,NA,12.4083285202951,12.4083285202951,12.4190085840027,12.0309317891758,12.8395569288413,11.8959067038177,12.9751965044552,0.311025817175968,0.0719395822837416,1,1,"svr",2
"SRC-990-EXT-BIPARTISAN-POLICY-CENTER","Bipartisan Policy Center","filing","exact_base",7,"latent_base_salary",13.69992393343,NA,13.69992393343,13.69992393343,13.0362241549392,12.6481473601123,13.4567724997778,12.5131222747542,13.5924120753917,-1.93297485362728,0.477913175199909,0,0,"svr",2
"SRC-990-EXT-LIVING-GOODS","Living Goods","filing","exact_base",7,"latent_base_salary",12.5107284211723,NA,12.5107284211723,12.5107284211723,12.5169244026821,12.1288476078551,12.9374727475206,11.993822522497,13.0731123231346,0.311394705090696,0.0717288028673604,1,1,"svr",2
"SRC-990-EXT-INNOVATIONS-FOR-POVERTY-ACTION","Innovations for Poverty Action","filing","exact_base",7,"latent_base_salary",12.4867659407714,NA,12.4867659407714,12.4867659407714,12.9573359605307,12.5692591657038,13.3778843053692,12.4342340803456,13.5135238809832,-1.0942193268502,0.323856156462886,0,1,"svr",2
"SRC-990-EXT-OPEN-SOURCE-INITIATIVE","Open Source Initiative","filing","exact_base",7,"latent_base_salary",12.2102910853882,NA,12.2102910853882,12.2102910853882,12.8346105307395,12.4465337359126,13.2551588755781,12.3115086505545,13.390798451192,-2.06606997920896,0.46349008483513,0,0,"svr",2
"SRC-990-EA-CENTER-FOR-ELECTION-SCIENCE","Center for Election Science","filing","exact_base",7,"latent_base_salary",12.2614916001655,NA,12.2614916001655,12.2614916001655,12.344250517105,11.9561737222781,12.7647988619435,11.8211486369199,12.9004384375575,0.25463290615533,0.0827828677815224,1,1,"svr",2
"SRC-990-EXT-POPULATION-REFERENCE-BUREAU","Population Reference Bureau","filing","exact_base",8,"latent_base_salary",12.816309953692,NA,12.816309953692,12.816309953692,12.4767295035483,12.1115766354316,12.8648446275933,11.9876993570324,12.9766991111292,-0.363709207159394,0.20448669466198,1,1,"svr",2
"SRC-990-EXT-JAIN-FAMILY-INSTITUTE","Jain Family Institute","filing","exact_base",8,"latent_base_salary",12.3338860528408,NA,12.3338860528408,12.3338860528408,12.6221603370719,12.2570074689553,13.010275461117,12.1331301905561,13.1221299446528,-0.354791324158193,0.182200810388271,1,1,"svr",2
"SRC-990-EXT3-CARBON-MAPPER","Carbon Mapper","filing","exact_base",8,"latent_base_salary",12.5153758745745,NA,12.5153758745745,12.5153758745745,12.7788592119562,12.4137063438396,13.1669743360013,12.2898290654404,13.2788288195371,-0.237823197656879,0.165077836041213,1,1,"svr",2
"SRC-990-EXT-INSTITUTE-FOR-POLICY-STUDIES","Institute for Policy Studies","filing","exact_base",8,"latent_base_salary",12.053986283532,NA,12.053986283532,12.053986283532,12.4641080463416,12.098955178225,12.8522231703866,11.9750778998258,12.9640776539225,-0.853651973424983,0.277328643861076,0,1,"svr",2
"SRC-990-EXT-NATIONAL-EMPLOYMENT-LAW-PROJECT","National Employment Law Project","filing","exact_base",8,"latent_base_salary",12.8184638703657,NA,12.8184638703657,12.8184638703657,13.0259730772763,12.6608202091597,13.4140882013214,12.5369429307605,13.5259426848572,0.0161426434758563,0.130168473290796,1,1,"svr",2
"SRC-990-EXT-AMERICAN-IMMIGRATION-COUNCIL","American Immigration Council","filing","exact_base",8,"latent_base_salary",12.6131309837729,NA,12.6131309837729,12.6131309837729,12.6080476573763,12.2428947892597,12.9961627814214,12.1190175108605,13.1080172649573,0.378852407490982,0.0661501858482837,1,1,"svr",2
"SRC-990-EXT-GOOD-FOOD-INSTITUTE","Good Food Institute","filing","exact_base",8,"latent_base_salary",12.3904522913386,NA,12.3904522913386,12.3904522913386,12.6836944947032,12.3185416265866,13.0718096187483,12.1946643481874,13.1836641022841,-0.378009601067788,0.18573913551084,1,1,"svr",2
"SRC-990-EXT-SOFTWARE-FREEDOM-CONSERVANCY","Software Freedom Conservancy","filing","exact_base",8,"latent_base_salary",12.1568022510686,NA,12.1568022510686,12.1568022510686,12.2614574370211,11.8963045689045,12.6495725610662,11.7724272905053,12.761427044602,0.336584991137052,0.0836739180942606,1,1,"svr",2
"SRC-990-EXT-OPENSECRETS","OpenSecrets","filing","exact_base",8,"latent_base_salary",12.3218529214459,NA,12.3218529214459,12.3218529214459,12.313566353785,11.9484134856684,12.7016814778301,11.8245362072692,12.813535961366,0.375984969840904,0.0661724795590469,1,1,"svr",2
"SRC-990-EXT-CLEAN-AIR-TASK-FORCE","Clean Air Task Force","filing","exact_base",8,"latent_base_salary",12.8291533338357,NA,12.8291533338357,12.8291533338357,12.7781187935056,12.412965925389,13.1662339175507,12.2890886469898,13.2780884010866,0.322805210653069,0.0692900793589346,1,1,"svr",2
"SRC-990-EA-FORESIGHT-INSTITUTE","Foresight Institute","filing","exact_base",8,"latent_base_salary",12.5911934036369,NA,12.5911934036369,12.5911934036369,12.2975314989173,11.9323786308007,12.6856466229624,11.8085013524015,12.7975011064983,-0.203718900285794,0.172122555023536,1,1,"svr",2
"SRC-990-EA-COPENHAGEN-CONSENSUS-CENTER","Copenhagen Consensus Center","filing","exact_base",8,"latent_base_salary",13.0459767896383,NA,13.0459767896383,13.0459767896383,12.1755848710882,11.8104320029716,12.5636999951332,11.6865547245723,12.6755544786691,-3.54144191673173,0.693342585529824,0,0,"svr",2
"SRC-990-EXT-INFORMATION-TECHNOLOGY-AND-INNOVATION-FOUNDATION","Information Technology and Innovation Foundation","filing","exact_base",9,"latent_base_salary",13.2745188452622,NA,13.2745188452622,13.2745188452622,13.0127077598942,12.6492202053467,13.4129542615087,12.5517719126681,13.5408819952846,-0.206317079394821,0.155137651904304,1,1,"svr",2
"SRC-990-EXT-NUMFOCUS","NumFOCUS","filing","exact_base",9,"latent_base_salary",12.0255072657542,NA,12.0255072657542,12.0255072657542,12.4180756686891,12.0545881141416,12.8183221703035,11.957139821463,12.9462499040795,-0.59946193322076,0.259729756213509,0,1,"svr",2
"SRC-990-EXT-FRESH-ENERGY","Fresh Energy","filing","exact_base",9,"latent_base_salary",12.4117920746609,NA,12.4117920746609,12.4117920746609,12.3874628017314,12.0239752471838,12.7877093033458,11.9265269545053,12.9156370371218,0.409648792432029,0.0660593878950897,1,1,"svr",2
"SRC-990-EXT-CENTER-FOR-A-NEW-AMERICAN-SECURITY","Center for a New American Security","filing","exact_base",9,"latent_base_salary",13.1871814907024,NA,13.1871814907024,13.1871814907024,13.1259768083197,12.7624892537722,13.5262233099342,12.6650409610936,13.6541510437101,0.346785161740803,0.0707106611139944,1,1,"svr",2
"SRC-990-EXT-GRANTMAKERS-FOR-EFFECTIVE-ORGANIZATIONS","Grantmakers for Effective Organizations","filing","exact_base",9,"latent_base_salary",12.8837522170102,NA,12.8837522170102,12.8837522170102,12.7834833720138,12.4199958174662,13.1837298736282,12.3225475247877,13.3116576074042,0.25494524901425,0.0798214193961814,1,1,"svr",2
"SRC-990-EXT-ELECTRONIC-FRONTIER-FOUNDATION","Electronic Frontier Foundation","filing","exact_base",9,"latent_base_salary",12.757183396529,NA,12.757183396529,12.757183396529,12.7633091748327,12.3998216202852,13.1635556764472,12.3023733276066,13.2914834102231,0.436132686817205,0.0652913107178951,1,1,"svr",2
"SRC-990-EXT-INSTITUTE-FOR-SECURITY-AND-TECHNOLOGY","Institute for Security and Technology","filing","exact_base",9,"latent_base_salary",12.3935414740295,NA,12.3935414740295,12.3935414740295,12.6863412167962,12.3228536622486,13.0865877184106,12.22540536957,13.2145154521866,-0.310827081937745,0.182623973545537,1,1,"svr",2
"SRC-990-EXT-PROJECT-HEALTHY-CHILDREN","Project Healthy Children","filing","exact_base",9,"latent_base_salary",11.5747708002363,NA,11.5747708002363,11.5747708002363,12.6859882226904,12.3225006681429,13.0862347243048,12.2250523754643,13.2141624580808,-15.3254973849651,0.960452331084951,0,0,"svr",2
"SRC-990-EXT-THIRD-WAY-INSTITUTE","Third Way Institute","filing","exact_base",9,"latent_base_salary",12.9939824923999,NA,12.9939824923999,12.9939824923999,12.4829996793558,12.1195121248083,12.8832461809703,12.0220638321297,13.0111739147462,-1.12757920485534,0.348440322587533,0,1,"svr",2
"SRC-990-EXT-ANIMAL-LEGAL-DEFENSE-FUND","Animal Legal Defense Fund","filing","exact_base",9,"latent_base_salary",12.5370734769901,NA,12.5370734769901,12.5370734769901,12.5412569277522,12.1777693732047,12.9415034293666,12.0803210805261,13.0694311631426,0.435235512549736,0.0652552413276309,1,1,"svr",2
"SRC-990-EXT-CENTER-FOR-AI-SAFETY","Center for AI Safety","filing","exact_base",10,"latent_base_salary",12.7213413939825,NA,12.7213413939825,12.7213413939825,12.5306733781228,12.1422393129831,12.9135447859146,12.0281208172988,13.0247872101338,-0.0184443044199716,0.121376826243564,1,1,"svr",2
"SRC-990-EXT-CENTER-FOR-DEMOCRACY-TECHNOLOGY","Center for Democracy & Technology","filing","exact_base",10,"latent_base_salary",12.9169778646385,NA,12.9169778646385,12.9169778646385,12.7711580593379,12.3827239941981,13.1540294671297,12.2686054985138,13.2652718913489,0.0930210975241077,0.100898097302246,1,1,"svr",2
"SRC-990-EXT-CENTER-FOR-EFFECTIVE-PHILANTHROPY","Center for Effective Philanthropy","filing","exact_base",10,"latent_base_salary",13.2146671151145,NA,13.2146671151145,13.2146671151145,12.761968046944,12.3735339818042,13.1448394547357,12.2594154861199,13.256081878955,-0.873897291930001,0.307410850677308,0,1,"svr",2
"SRC-990-EXT-WORLD-JUSTICE-PROJECT","World Justice Project","filing","exact_base",10,"latent_base_salary",12.8497369708156,NA,12.8497369708156,12.8497369708156,12.9713828583992,12.5829487932594,13.354254266191,12.4688302975751,13.4654966904102,0.292019787871941,0.085280417312549,1,1,"svr",2
"SRC-990-EXT-CODE-FOR-SCIENCE-SOCIETY","Code for Science & Society","filing","exact_base",10,"latent_base_salary",12.2746977427298,NA,12.2746977427298,12.2746977427298,12.5865060090622,12.1980719439225,12.969377416854,12.0839534482382,13.0806198410732,-0.342636026589112,0.186567516010566,1,1,"svr",2
"SRC-990-EXT-BULLETIN-OF-THE-ATOMIC-SCIENTISTS","Bulletin of the Atomic Scientists","filing","exact_base",10,"latent_base_salary",12.3173567420894,NA,12.3173567420894,12.3173567420894,12.362542189044,11.9741081239042,12.7454135968357,11.8599896282199,12.856656021055,0.389518252870033,0.0690345975636989,1,1,"svr",2
"SRC-990-EXT-TECHCONGRESS","TechCongress","filing","exact_base",10,"latent_base_salary",12.4960490464963,NA,12.4960490464963,12.4960490464963,12.5085746159075,12.1201405507678,12.8914460236993,12.0060220550835,13.0026884479185,0.385648160128157,0.0672849903600151,1,1,"svr",2
"SRC-990-EXT-ECONOMIC-INNOVATION-GROUP","Economic Innovation Group","filing","exact_base",10,"latent_base_salary",12.9583656609222,NA,12.9583656609222,12.9583656609222,12.9296679671,12.5412339019603,13.3125393748918,12.427115406276,13.423781799111,0.344779607895346,0.0695365300964722,1,1,"svr",2
"SRC-990-EXT-GLOBAL-HEALTH-CORPS","Global Health Corps","filing","exact_base",10,"latent_base_salary",12.4246040572612,NA,12.4246040572612,12.4246040572612,12.430629226957,12.0421951618173,12.8135006347488,11.928076666133,12.924743058968,0.381733950329921,0.0673121312380204,1,1,"svr",2
"SRC-990-EXT3-CENTER-FOR-ARMS-CONTROL-AND-NON-PROLIFERATION","Center for Arms Control and Non-Proliferation","filing","exact_base",10,"latent_base_salary",12.5533356659485,NA,12.5533356659485,12.5533356659485,12.1806545952756,11.7922205301358,12.5635260030674,11.6781020344515,12.6747684272866,-0.519023399380092,0.24091405431889,1,1,"svr",2
"SRC-990-EXT-INSTITUTE-FOR-ENERGY-ECONOMICS-AND-FINANCIAL-ANALYSIS","Institute for Energy Economics and Financial Analysis","filing","exact_base",1,"latent_base_salary",12.5797210272034,NA,12.5797210272034,12.5797210272034,12.6176170580459,12.2794776703388,12.9557564457529,12.1836198524409,13.0516142636509,0.403115789435725,0.063828450760515,1,1,"gp",2
"SRC-990-EXT-CHARITY-NAVIGATOR","Charity Navigator","filing","exact_base",1,"latent_base_salary",12.7520384665336,NA,12.7520384665336,12.7520384665336,12.5970723060251,12.261195072962,12.9329495390882,12.1659785444725,13.0281660675777,0.24533715773303,0.0967737651054438,1,1,"gp",2
"SRC-990-EXT-SOCIAL-SCIENCE-RESEARCH-COUNCIL","Social Science Research Council","filing","exact_base",1,"latent_base_salary",12.7968302816124,NA,12.7968302816124,12.7968302816124,13.1077962242544,12.7672799938144,13.4483124546945,12.6707483740283,13.5448440744805,-0.27841939287839,0.192730586392363,1,1,"gp",2
"SRC-990-EXT-CHICAGO-COUNCIL-ON-GLOBAL-AFFAIRS","Chicago Council on Global Affairs","filing","exact_base",1,"latent_base_salary",13.1491202773988,NA,13.1491202773988,13.1491202773988,12.7343622581735,12.3971029877015,13.0716215286456,12.3014946708102,13.1672298455368,-0.825913316773254,0.27922417949618,0,1,"gp",2
"SRC-990-EXT-ROOSEVELT-INSTITUTE","Roosevelt Institute","filing","exact_base",1,"latent_base_salary",13.0866290852163,NA,13.0866290852163,13.0866290852163,12.9726490988119,12.6290867503744,13.3162114472494,12.5316915984625,13.4136065991613,0.307136333743907,0.0816965663046853,1,1,"gp",2
"SRC-990-EXT-PUBLIC-KNOWLEDGE","Public Knowledge","filing","exact_base",1,"latent_base_salary",12.4996822653103,NA,12.4996822653103,12.4996822653103,12.4524587297566,12.1111006246345,12.7938168348787,12.0143303450741,12.8905871144391,0.388240281200073,0.0655790575385364,1,1,"gp",2
"SRC-990-EXT-RESULTS-FOR-DEVELOPMENT","Results for Development","filing","exact_base",1,"latent_base_salary",12.9211104925028,NA,12.9211104925028,12.9211104925028,12.9483509417277,12.5927717462114,13.303930137244,12.4919699851292,13.4047318983261,0.358320797584048,0.0659070695573652,1,1,"gp",2
"SRC-990-EXT-SIGHTLINE-INSTITUTE","Sightline Institute","filing","exact_base",1,"latent_base_salary",12.2612800796685,NA,12.2612800796685,12.2612800796685,12.381713279193,12.0266627108875,12.7367638474984,11.9260108082743,12.8374157501117,0.27014491067938,0.0853074828999159,1,1,"gp",2
"SRC-990-EXT-NEW-AMERICA","New America","filing","exact_base",1,"latent_base_salary",13.2081577341251,NA,13.2081577341251,13.2081577341251,13.2040130381245,12.8334270363522,13.5745990398968,12.7283710542192,13.6796550220298,0.321699990174703,0.0676012276275913,1,1,"gp",2
"SRC-990-EXT3-CENTER-FOR-HEALTH-CARE-STRATEGIES","Center for Health Care Strategies","filing","exact_base",2,"latent_base_salary",12.6222962067176,NA,12.6222962067176,12.6222962067176,12.7035404561959,12.3696590435788,13.0374218688131,12.2750083024533,13.1320726099385,0.377479237759286,0.0709106047921709,1,1,"gp",2
"SRC-990-EXT-FAR-AI","FAR AI","filing","exact_base",2,"latent_base_salary",12.405415596293,NA,12.405415596293,12.405415596293,12.5055321025146,12.1542396609313,12.8568245440979,12.0546531350238,12.9564110700054,0.308570726979656,0.0784870243964119,1,1,"gp",2
"SRC-990-EXT-QUINCY-INSTITUTE-FOR-RESPONSIBLE-STATECRAFT","Quincy Institute for Responsible Statecraft","filing","exact_base",2,"latent_base_salary",12.631030234805,NA,12.631030234805,12.631030234805,13.0317339079014,12.6936362683744,13.3698315474284,12.5977902855054,13.4656775302974,-0.739911806591638,0.266670405404919,0,1,"gp",2
"SRC-990-EXT-IDEAS42","ideas42","filing","exact_base",2,"latent_base_salary",12.4941514017925,NA,12.4941514017925,12.4941514017925,12.6857195836444,12.3280144956449,13.043424671644,12.2266100735834,13.1448290937054,0.121653467387713,0.11571540599035,1,1,"gp",2
"SRC-990-EXT-CENTER-FOR-OPEN-SCIENCE","Center for Open Science","filing","exact_base",2,"latent_base_salary",12.5016604600873,NA,12.5016604600873,12.5016604600873,12.5776684169646,12.2467911046088,12.9085457293205,12.1529919841649,13.0023448497644,0.391806847054348,0.0691994359705231,1,1,"gp",2
"SRC-990-EXT3-LEARNING-POLICY-INSTITUTE","Learning Policy Institute","filing","exact_base",2,"latent_base_salary",13.1712146825618,NA,13.1712146825618,13.1712146825618,13.0173311830396,12.6798567347194,13.3548056313598,12.5841874178981,13.4504749481811,0.244654828784869,0.0964272500682545,1,1,"gp",2
"SRC-990-EXT-NISKANEN-CENTER","Niskanen Center","filing","exact_base",2,"latent_base_salary",13.3543131280751,NA,13.3543131280751,13.3543131280751,12.9666585523269,12.6377661057345,13.2955509989193,12.5445296671544,13.3887874374994,-0.699681133164815,0.257548356744627,0,1,"gp",2
"SRC-990-EXT-INSTITUTE-ON-TAXATION-AND-ECONOMIC-POLICY","Institute on Taxation and Economic Policy","filing","exact_base",2,"latent_base_salary",12.3346530459445,NA,12.3346530459445,12.3346530459445,12.8019297580409,12.4656877485744,13.1381717675073,12.3703678110432,13.2334917050385,-1.16688201245827,0.327106956453474,0,0,"gp",2
"SRC-990-EXT-VILLAGEREACH","VillageReach","filing","exact_base",2,"latent_base_salary",12.4314315810676,NA,12.4314315810676,12.4314315810676,12.4157380709592,12.0619027272368,12.7695734146815,11.9615953239071,12.8698808180113,0.366441176549775,0.064878762024663,1,1,"gp",2
"SRC-990-EXT-LAST-MILE-HEALTH","Last Mile Health","filing","exact_base",2,"latent_base_salary",12.4850802155385,NA,12.4850802155385,12.4850802155385,12.539513730567,12.1999324542171,12.8790950069168,12.1036658809242,12.9753615802097,0.388074688474416,0.0663691268381983,1,1,"gp",2
"SRC-990-EXT-FARM-SANCTUARY","Farm Sanctuary","filing","exact_base",2,"latent_base_salary",12.3163882693373,NA,12.3163882693373,12.3163882693373,12.4695854056616,12.1202873628922,12.8188834484309,12.0212662213359,12.9179045899872,0.223001232151732,0.0971709481206117,1,1,"gp",2
"SRC-990-EXT-DATAKIND","DataKind","filing","exact_base",3,"latent_base_salary",12.4083285202951,NA,12.4083285202951,12.4083285202951,12.5112489005086,12.1612244867094,12.8612733143078,12.0619974290593,12.960500371958,0.307886992908178,0.079119688945198,1,1,"gp",2
"SRC-990-EXT-INTERNET-SECURITY-RESEARCH-GROUP","Internet Security Research Group","filing","exact_base",3,"latent_base_salary",12.6634761632277,NA,12.6634761632277,12.6634761632277,12.4579295878281,12.1240830892045,12.7917760864518,12.0294422457111,12.8864169299452,0.114914191653529,0.122421302005817,1,1,"gp",2
"SRC-990-EXT-ORCID","ORCID","filing","exact_base",3,"latent_base_salary",12.5696077844296,NA,12.5696077844296,12.5696077844296,12.3059569409311,11.9422258715771,12.669688010285,11.839113167534,12.7728007143282,-0.0909856969178013,0.157570619319937,1,1,"gp",2
"SRC-990-EXT-DATA-QUALITY-CAMPAIGN","Data Quality Campaign","filing","exact_base",3,"latent_base_salary",12.9352645395531,NA,12.9352645395531,12.9352645395531,13.0356413036408,12.6721306921152,13.3991519151664,12.5690804848031,13.5022021224786,0.27846533977022,0.080312091852711,1,1,"gp",2
"SRC-990-EXT-INDEPENDENT-SECTOR","Independent Sector","filing","exact_base",3,"latent_base_salary",13.3541442871094,NA,13.3541442871094,13.3541442871094,13.1508912869267,12.799885015509,13.5018975583444,12.700379614867,13.6014029589863,0.100733353084722,0.121564029123841,1,1,"gp",2
"SRC-990-EXT-FEDERATION-OF-AMERICAN-SCIENTISTS","Federation of American Scientists","filing","exact_base",3,"latent_base_salary",13.0648771145336,NA,13.0648771145336,13.0648771145336,12.8212147471311,12.4811665624996,13.1612629317625,12.3847676271967,13.2576618670654,-0.0138355509243169,0.145492851372599,1,1,"gp",2
"SRC-990-EXT-NATIONAL-COMMITTEE-FOR-RESPONSIVE-PHILANTHROPY","National Committee for Responsive Philanthropy","filing","exact_base",3,"latent_base_salary",12.742437732963,NA,12.742437732963,12.742437732963,12.5036741162134,12.1686315244569,12.8387167079699,12.0736516051803,12.9336966272465,0.00558989349191186,0.142511201507303,1,1,"gp",2
"SRC-990-EXT-THE-HUMANE-LEAGUE","The Humane League","filing","exact_base",3,"latent_base_salary",12.3775599734482,NA,12.3775599734482,12.3775599734482,12.3105222754795,11.9426512890064,12.6783932619526,11.838364975985,12.782679574974,0.301885693258776,0.0733000137714218,1,1,"gp",2
"SRC-990-EXT-MERCY-FOR-ANIMALS","Mercy For Animals","filing","exact_base",3,"latent_base_salary",12.2436538423338,NA,12.2436538423338,12.2436538423338,12.4661626654079,12.1220499782126,12.8102753526032,12.0244988129099,12.9078265179058,0.0525704693829341,0.132372539457817,1,1,"gp",2
"SRC-990-EXT-GUTTMACHER-INSTITUTE","Guttmacher Institute","filing","exact_base",3,"latent_base_salary",12.8946594433338,NA,12.8946594433338,12.8946594433338,13.25898206789,12.899706528923,13.6182576068569,12.797856905834,13.7201072299459,-0.491622623863469,0.231706526745343,0,1,"gp",2
"SRC-990-EXT-VERA-INSTITUTE-OF-JUSTICE","Vera Institute of Justice","filing","exact_base",3,"latent_base_salary",13.3181829414966,NA,13.3181829414966,13.3181829414966,12.998154193599,12.6153384033885,13.3809699838095,12.5068154461686,13.4894929410293,-0.28457127288922,0.194868433641955,1,1,"gp",2
"SRC-990-EXT-ARMS-CONTROL-ASSOCIATION","Arms Control Association","filing","exact_base",3,"latent_base_salary",11.7955985634313,NA,11.7955985634313,11.7955985634313,12.3295069040021,11.9694013112476,12.6896124967565,11.8673163794436,12.7916974285605,-1.45466968182568,0.381586646598607,0,0,"gp",2
"SRC-990-EXT3-CENTER-FOR-INTERNATIONAL-POLICY","Center for International Policy","filing","exact_base",3,"latent_base_salary",12.3116931273939,NA,12.3116931273939,12.3116931273939,12.3411313631945,11.962647370556,12.7196153558329,11.8553524177567,12.8269103086323,0.295746594329082,0.0701874204994808,1,1,"gp",2
"SRC-990-EXT-GIVINGTUESDAY","GivingTuesday","filing","exact_base",4,"latent_base_salary",12.8728251821158,NA,12.8728251821158,12.8728251821158,12.41928639262,12.0668762514439,12.7716965337961,11.9669728732325,12.8715999120074,-0.988018109524645,0.309762558164353,0,0,"gp",2
"SRC-990-EXT-INSTITUTE-FOR-THE-STUDY-OF-WAR","Institute for the Study of War","filing","exact_base",4,"latent_base_salary",12.2737531161958,NA,12.2737531161958,12.2737531161958,12.3378302198836,11.9961666747394,12.6794937650278,11.899309807177,12.7763506325903,0.374178229135984,0.0684180490528387,1,1,"gp",2
"SRC-990-EXT-CENTER-FOR-CLIMATE-AND-ENERGY-SOLUTIONS","Center for Climate and Energy Solutions","filing","exact_base",4,"latent_base_salary",12.9791557665258,NA,12.9791557665258,12.9791557665258,13.0309963206634,12.6962288187386,13.3657638225883,12.6013268836069,13.46066575772,0.403759755121205,0.0651368226933019,1,1,"gp",2
"SRC-990-EXT-PETERSON-INSTITUTE-FOR-INTERNATIONAL-ECONOMICS","Peterson Institute for International Economics","filing","exact_base",4,"latent_base_salary",13.3086807403212,NA,13.3086807403212,13.3086807403212,13.0078365110061,12.5614450759982,13.454227946014,12.4348993068751,13.5807737151371,-0.237295098094741,0.179067922579421,1,1,"gp",2
"SRC-990-EXT-ECONOMIC-POLICY-INSTITUTE","Economic Policy Institute","filing","exact_base",4,"latent_base_salary",12.4477248107957,NA,12.4477248107957,12.4477248107957,12.705138797931,12.385806819487,13.024470776375,12.2952806407823,13.1149969550797,-0.0629501397570109,0.155803084411998,1,1,"gp",2
"SRC-990-EXT-RESEARCH-AMERICA","Research!America","filing","exact_base",4,"latent_base_salary",13.297112905275,NA,13.297112905275,13.297112905275,13.0030793316277,12.6839569022139,13.3222017610414,12.5934901277475,13.4126685355078,-0.225828751441864,0.182602088709004,1,1,"gp",2
"SRC-990-EXT-STIMSON-CENTER","Stimson Center","filing","exact_base",4,"latent_base_salary",12.9582226865033,NA,12.9582226865033,12.9582226865033,12.700031879423,12.3767697805934,13.0232939782526,12.2851294673692,13.1149342914768,-0.0654338809460964,0.156055812166141,1,1,"gp",2
"SRC-990-EXT-PEAK-GRANTMAKING","PEAK Grantmaking","filing","exact_base",4,"latent_base_salary",12.6147062287155,NA,12.6147062287155,12.6147062287155,12.6578014153103,12.3327161434427,12.9828866871779,12.2405589859956,13.075043844625,0.438369438514953,0.06219415220957,1,1,"gp",2
"SRC-990-EXT-GRANTMAKERS-FOR-EDUCATION","Grantmakers for Education","filing","exact_base",4,"latent_base_salary",12.4309659850717,NA,12.4309659850717,12.4309659850717,12.3098449809534,11.9644362154919,12.655253746415,11.86651763001,12.7531723318968,0.291184583975064,0.0843427842353475,1,1,"gp",2
"SRC-990-EXT-ENERGY-FOR-GROWTH-HUB","Energy for Growth Hub","filing","exact_base",4,"latent_base_salary",13.0105039226493,NA,13.0105039226493,13.0105039226493,12.2745046581663,11.8990262946804,12.6499830216522,11.7925833959819,12.7564259203506,-2.8465141248333,0.571830128216691,0,0,"gp",2
"SRC-990-EXT-OPEN-MARKETS-INSTITUTE","Open Markets Institute","filing","exact_base",4,"latent_base_salary",12.1897506129305,NA,12.1897506129305,12.1897506129305,12.3672432726659,12.039657652017,12.6948288933148,11.9467916804332,12.7876948648986,0.204063162570791,0.10701999110359,1,1,"gp",2
"SRC-990-EXT-STRONGMINDS","StrongMinds","filing","exact_base",4,"latent_base_salary",12.4509506432504,NA,12.4509506432504,12.4509506432504,12.4172777095867,12.0900895858249,12.7444658333485,11.9973362990854,12.8372191200881,0.437655150627466,0.0614330071982433,1,1,"gp",2
"SRC-990-EXT-REDWOOD-RESEARCH","Redwood Research","filing","exact_base",4,"latent_base_salary",12.5766540301346,NA,12.5766540301346,12.5766540301346,12.6406598875481,12.0639205050684,13.2173992700279,11.9004229040488,13.3808968710474,-0.130616224616491,0.108795805979242,1,1,"gp",2
"SRC-990-EXT-PARTNERSHIP-ON-AI","Partnership on AI","filing","exact_base",5,"latent_base_salary",12.7912011974447,NA,12.7912011974447,12.7912011974447,12.8409560331376,12.5088524635715,13.1730596027037,12.4147057162476,13.2672063500277,0.413009661207156,0.0643595082492645,1,1,"gp",2
"SRC-990-EXT-FUTURE-OF-PRIVACY-FORUM","Future of Privacy Forum","filing","exact_base",5,"latent_base_salary",13.5088520328401,NA,13.5088520328401,13.5088520328401,13.0049654946163,12.6716659916814,13.3382649975512,12.5771802138651,13.4327507753674,-1.44904123353345,0.362368622991477,0,0,"gp",2
"SRC-990-EXT-CLIMATE-CENTRAL","Climate Central","filing","exact_base",5,"latent_base_salary",12.6801870016491,NA,12.6801870016491,12.6801870016491,12.7438793590472,12.4076600159965,13.0800987020979,12.3123465040792,13.1754122140152,0.389655087177222,0.0674493021351235,1,1,"gp",2
"SRC-990-EXT-DEMOS","Demos","filing","exact_base",5,"latent_base_salary",12.6428849557391,NA,12.6428849557391,12.6428849557391,12.8296777213738,12.5003392802034,13.1590161625442,12.4069764083576,13.25237903439,0.17563602227471,0.111957038353786,1,1,"gp",2
"SRC-990-EXT3-NATIONAL-ACADEMY-FOR-STATE-HEALTH-POLICY","National Academy for State Health Policy","filing","exact_base",5,"latent_base_salary",12.8776933603378,NA,12.8776933603378,12.8776933603378,12.9418815900183,12.6118963917489,13.2718667882877,12.5183501732524,13.3654130067842,0.406768819410711,0.0665245432237629,1,1,"gp",2
"SRC-990-EXT-PROJECT-DRAWDOWN","Project Drawdown","filing","exact_base",5,"latent_base_salary",13.0056540850792,NA,13.0056540850792,13.0056540850792,12.6464838534509,12.3089704763225,12.9839972305792,12.2132901237251,13.0796775831767,-0.514669604129243,0.231490721040223,0,1,"gp",2
"SRC-990-EXT-BREAKTHROUGH-INSTITUTE","Breakthrough Institute","filing","exact_base",5,"latent_base_salary",12.579065834723,NA,12.579065834723,12.579065834723,12.5637977367931,12.2332272048687,12.8943682687175,12.1395150524143,12.9880804211719,0.434316406947899,0.0606410144614301,1,1,"gp",2
"SRC-990-EXT-MIGRATION-POLICY-INSTITUTE","Migration Policy Institute","filing","exact_base",5,"latent_base_salary",12.6227383916406,NA,12.6227383916406,12.6227383916406,12.5966091998755,12.2670621760222,12.9261562237288,12.173640173884,13.0195782258669,0.434006702314162,0.0611522373187807,1,1,"gp",2
"SRC-990-EXT-THE-SENTENCING-PROJECT","The Sentencing Project","filing","exact_base",5,"latent_base_salary",12.2172732835324,NA,12.2172732835324,12.2172732835324,12.3398768007674,11.9928160999287,12.6869375016062,11.8944292137214,12.7853243878135,0.284909018072116,0.0850605334823819,1,1,"gp",2
"SRC-990-EXT-EXPONENT-PHILANTHROPY","Exponent Philanthropy","filing","exact_base",5,"latent_base_salary",12.6069727833315,NA,12.6069727833315,12.6069727833315,12.310082291485,11.9714931014951,12.648671481475,11.8755077709001,12.74465681207,-0.219276031117725,0.182420550329915,1,1,"gp",2
"SRC-990-EXT-RESULTS-FOR-AMERICA","Results for America","filing","exact_base",5,"latent_base_salary",12.6889203108623,NA,12.6889203108623,12.6889203108623,13.1388434620029,12.7975758168403,13.4801111071656,12.7008311814214,13.5768557425845,-1.02312270872221,0.309673469711095,0,0,"gp",2
"SRC-990-EXT-VILLAGE-ENTERPRISE","Village Enterprise","filing","exact_base",5,"latent_base_salary",12.5400430408691,NA,12.5400430408691,12.5400430408691,12.5243497318105,12.1727420005,12.875957463121,12.0730660943359,12.9756333692851,0.372736204576064,0.0644747934441159,1,1,"gp",2
"SRC-990-EXT3-NUCLEAR-INNOVATION-ALLIANCE","Nuclear Innovation Alliance","filing","exact_base",5,"latent_base_salary",12.6101041264858,NA,12.6101041264858,12.6101041264858,12.3066356049515,11.9453684271974,12.6679027827056,11.8429542021866,12.7703170077165,-0.232174859956026,0.184942154186571,1,1,"gp",2
"SRC-990-EXT-ANIMAL-WELFARE-INSTITUTE","Animal Welfare Institute","filing","exact_base",6,"latent_base_salary",12.1688180822369,NA,12.1688180822369,12.1688180822369,12.4207052573909,12.0884033159554,12.7530071988263,11.9942003329629,12.8472101818188,-0.0409890042089767,0.151204379594128,1,1,"gp",2
"SRC-990-EXT-TAX-FOUNDATION","Tax Foundation","filing","exact_base",6,"latent_base_salary",12.515216592965,NA,12.515216592965,12.515216592965,12.5698653398413,12.2409553834249,12.8987752962577,12.1477139810529,12.9920166986296,0.41843438062491,0.0646025700368793,1,1,"gp",2
"SRC-990-EXT-COMMITTEE-FOR-A-RESPONSIBLE-FEDERAL-BUDGET","Committee for a Responsible Federal Budget","filing","exact_base",6,"latent_base_salary",13.2655461923519,NA,13.2655461923519,13.2655461923519,12.9502321997568,12.6175279608577,13.2829364386558,12.5232109321243,13.3772534673892,-0.307950535165098,0.197114409850286,1,1,"gp",2
"SRC-990-EXT-SAN-FRANCISCO-ESTUARY-INSTITUTE","San Francisco Estuary Institute","filing","exact_base",6,"latent_base_salary",12.1771418570467,NA,12.1771418570467,12.1771418570467,12.3926116365383,12.0550513790224,12.7301718940542,11.9593577364865,12.8258655365902,0.0805547283259587,0.128199571635313,1,1,"gp",2
"SRC-990-EXT-PUBLIC-AGENDA","Public Agenda","filing","exact_base",6,"latent_base_salary",12.5141054670907,NA,12.5141054670907,12.5141054670907,12.3942271170239,12.0582220182881,12.7302322157597,11.9629692416571,12.8254849923906,0.315234080904178,0.082765090865809,1,1,"gp",2
"SRC-990-EXT-EVIDENCE-ACTION","Evidence Action","filing","exact_base",6,"latent_base_salary",12.8276536554356,NA,12.8276536554356,12.8276536554356,12.6134386427138,12.2708358254967,12.9560414599308,12.1737126873529,13.0531645980746,0.0792757191456199,0.127511680783233,1,1,"gp",2
"SRC-990-EXT-PHYSICIANS-FOR-SOCIAL-RESPONSIBILITY","Physicians for Social Responsibility","filing","exact_base",6,"latent_base_salary",11.9808845054682,NA,11.9808845054682,11.9808845054682,12.4351123974559,12.0763924908968,12.7938323040151,11.9747003818748,12.895524413037,-0.962329318911174,0.308634227826455,0,1,"gp",2
"SRC-990-EXT3-AMERICAN-SECURITY-PROJECT","American Security Project","filing","exact_base",6,"latent_base_salary",11.9786620658855,NA,11.9786620658855,11.9786620658855,12.479188966243,12.0874729015399,12.8709050309461,11.9764268401726,12.9819510923134,-1.07441891641224,0.341075428675445,0,1,"gp",2
"SRC-990-EA-GIVEWELL","GiveWell","filing","exact_base",6,"latent_base_salary",13.0190388321958,NA,13.0190388321958,13.0190388321958,12.5718475877913,12.0450376461265,13.0986575294561,11.895694347798,13.2480008277846,-0.621677839982438,0.273050461133039,1,1,"gp",2
"SRC-990-EXT-FRAMEWORKS-INSTITUTE","FrameWorks Institute","filing","exact_base",7,"latent_base_salary",13.0266397001217,NA,13.0266397001217,13.0266397001217,13.0111498227662,12.6815163165894,13.3407833289429,12.5880697979143,13.434229847618,0.437093476157979,0.060481742730966,1,1,"gp",2
"SRC-990-EXT-COUNCIL-ON-STRATEGIC-RISKS","Council on Strategic Risks","filing","exact_base",7,"latent_base_salary",12.508796619219,NA,12.508796619219,12.508796619219,12.5670394738292,12.2467815485687,12.8872973990898,12.1559928768077,12.9780860708508,0.44060169126969,0.0637910762851553,1,1,"gp",2
"SRC-990-EXT-ENVIRONMENTAL-LAW-INSTITUTE","Environmental Law Institute","filing","exact_base",7,"latent_base_salary",12.6696219906236,NA,12.6696219906236,12.6696219906236,12.5172165151749,12.1794549782629,12.8549780520868,12.0837042758151,12.9507287545347,0.247353252233087,0.0958030035709636,1,1,"gp",2
"SRC-990-EXT-INSTITUTE-FOR-NONPROFIT-NEWS","Institute for Nonprofit News","filing","exact_base",7,"latent_base_salary",12.3400869277947,NA,12.3400869277947,12.3400869277947,12.3576087460223,11.9996155947958,12.7156018972487,11.8981295108123,12.8170879812323,0.354407183036075,0.0657194983579954,1,1,"gp",2
"SRC-990-EXT-TECHNICAL-ASSISTANCE-COLLABORATIVE","Technical Assistance Collaborative","filing","exact_base",7,"latent_base_salary",12.4383619268654,NA,12.4383619268654,12.4383619268654,12.4795164623061,12.1533110238804,12.8057219007317,12.0608363147791,12.8981966098331,0.436290298220507,0.062133371378314,1,1,"gp",2
"SRC-990-EXT-PRECISION-DEVELOPMENT","Precision Development","filing","exact_base",7,"latent_base_salary",12.4150937427763,NA,12.4150937427763,12.4150937427763,12.4680721287222,12.1350145326343,12.8011297248101,12.0405973320478,12.8955469253966,0.407794948271828,0.0650277283070383,1,1,"gp",2
"SRC-990-EXT-CREATIVE-COMMONS","Creative Commons","filing","exact_base",7,"latent_base_salary",12.4083285202951,NA,12.4083285202951,12.4083285202951,12.4447446476658,12.1142682096266,12.775221085705,12.0205827314812,12.8689065638505,0.426381656293583,0.0623116222215034,1,1,"gp",2
"SRC-990-EXT-BIPARTISAN-POLICY-CENTER","Bipartisan Policy Center","filing","exact_base",7,"latent_base_salary",13.69992393343,NA,13.69992393343,13.69992393343,13.0461141428864,12.6803863935743,13.4118418921985,12.5767076585073,13.5155206272654,-2.28939586941629,0.494947475732075,0,0,"gp",2
"SRC-990-EXT-LIVING-GOODS","Living Goods","filing","exact_base",7,"latent_base_salary",12.5107284211723,NA,12.5107284211723,12.5107284211723,12.4606877362066,12.0723886495932,12.8489868228201,11.9623112540347,12.9590642183786,0.261474201113542,0.0740971470566877,1,1,"gp",2
"SRC-990-EXT-INNOVATIONS-FOR-POVERTY-ACTION","Innovations for Poverty Action","filing","exact_base",7,"latent_base_salary",12.4867659407714,NA,12.4867659407714,12.4867659407714,12.8842356333964,12.5286908788175,13.2397803879753,12.4278988812625,13.3405723855303,-0.663032948961505,0.259870563645875,0,1,"gp",2
"SRC-990-EXT-OPEN-SOURCE-INITIATIVE","Open Source Initiative","filing","exact_base",7,"latent_base_salary",12.2102910853882,NA,12.2102910853882,12.2102910853882,12.7270983427538,12.3390199209024,13.1151767646052,12.2290050807378,13.2251916047698,-1.18065118472773,0.356857297809489,0,0,"gp",2
"SRC-990-EA-CENTER-FOR-ELECTION-SCIENCE","Center for Election Science","filing","exact_base",7,"latent_base_salary",12.2614916001655,NA,12.2614916001655,12.2614916001655,12.318446769196,11.9131457666332,12.7237477717587,11.7982485641483,12.8386449742437,0.216041892946477,0.077988886552893,1,1,"gp",2
"SRC-990-EXT-POPULATION-REFERENCE-BUREAU","Population Reference Bureau","filing","exact_base",8,"latent_base_salary",12.816309953692,NA,12.816309953692,12.816309953692,12.4949409844275,12.1519114396156,12.8379705292394,12.0546673301282,12.9352146387269,-0.321682229635802,0.200348745322542,1,1,"gp",2
"SRC-990-EXT-JAIN-FAMILY-INSTITUTE","Jain Family Institute","filing","exact_base",8,"latent_base_salary",12.3338860528408,NA,12.3338860528408,12.3338860528408,12.6368322005555,12.3190057642293,12.9546586368818,12.2289063857951,13.044758015316,-0.2707102579642,0.189645535481507,1,1,"gp",2
"SRC-990-EXT3-CARBON-MAPPER","Carbon Mapper","filing","exact_base",8,"latent_base_salary",12.5153758745745,NA,12.5153758745745,12.5153758745745,12.8187035958935,12.4672712366232,13.1701359551638,12.3676450459957,13.2697621457913,-0.236891553648647,0.185793657488683,1,1,"gp",2
"SRC-990-EXT-INSTITUTE-FOR-POLICY-STUDIES","Institute for Policy Studies","filing","exact_base",8,"latent_base_salary",12.053986283532,NA,12.053986283532,12.053986283532,12.4392708107508,12.0898315150216,12.7887101064799,11.990770330214,12.8877712912876,-0.617743350239521,0.250877900646721,0,1,"gp",2
"SRC-990-EXT-NATIONAL-EMPLOYMENT-LAW-PROJECT","National Employment Law Project","filing","exact_base",8,"latent_base_salary",12.8184638703657,NA,12.8184638703657,12.8184638703657,13.0250035833467,12.699850822514,13.3501563441795,12.6076745328831,13.4423326338104,0.121252722359389,0.122895936252295,1,1,"gp",2
"SRC-990-EXT-AMERICAN-IMMIGRATION-COUNCIL","American Immigration Council","filing","exact_base",8,"latent_base_salary",12.6131309837729,NA,12.6131309837729,12.6131309837729,12.6354848023856,12.3166733614356,12.9542962433357,12.2262947478774,13.0446748568939,0.468251239084658,0.0589370727673125,1,1,"gp",2
"SRC-990-EXT-GOOD-FOOD-INSTITUTE","Good Food Institute","filing","exact_base",8,"latent_base_salary",12.3904522913386,NA,12.3904522913386,12.3904522913386,12.6956644890122,12.3689924984017,13.0223364796227,12.2763855282387,13.1149434497857,-0.268908195580565,0.190154717296355,1,1,"gp",2
"SRC-990-EXT-SOFTWARE-FREEDOM-CONSERVANCY","Software Freedom Conservancy","filing","exact_base",8,"latent_base_salary",12.1568022510686,NA,12.1568022510686,12.1568022510686,12.2346177789174,11.8745690882034,12.5946664696314,11.7725002873373,12.6967352704975,0.31229130412903,0.0741998622968436,1,1,"gp",2
"SRC-990-EXT-OPENSECRETS","OpenSecrets","filing","exact_base",8,"latent_base_salary",12.3218529214459,NA,12.3218529214459,12.3218529214459,12.3554649321174,12.0108560814572,12.7000737827776,11.9131642607066,12.7977656035282,0.386665953490011,0.0645144676644096,1,1,"gp",2
"SRC-990-EXT-CLEAN-AIR-TASK-FORCE","Clean Air Task Force","filing","exact_base",8,"latent_base_salary",12.8291533338357,NA,12.8291533338357,12.8291533338357,12.7809382457503,12.4474242527642,13.1144522387363,12.3528776699988,13.2089988215017,0.410040950123908,0.0643708461421691,1,1,"gp",2
"SRC-990-EA-FORESIGHT-INSTITUTE","Foresight Institute","filing","exact_base",8,"latent_base_salary",12.5911934036369,NA,12.5911934036369,12.5911934036369,12.2404401797077,11.8470732898713,12.6338070695442,11.7355592425173,12.7453211168982,-0.390759367517588,0.216264733910114,1,1,"gp",2
"SRC-990-EA-COPENHAGEN-CONSENSUS-CENTER","Copenhagen Consensus Center","filing","exact_base",8,"latent_base_salary",13.0459767896383,NA,13.0459767896383,13.0459767896383,12.1938905571534,11.8050158124172,12.5827653018896,11.6947752257798,12.693005888527,-3.66903328847418,0.681337731846264,0,0,"gp",2
"SRC-990-EXT-INFORMATION-TECHNOLOGY-AND-INNOVATION-FOUNDATION","Information Technology and Innovation Foundation","filing","exact_base",9,"latent_base_salary",13.2745188452622,NA,13.2745188452622,13.2745188452622,12.9978323251387,12.678505969904,13.3171586803734,12.587981385301,13.4076832649764,-0.145847487942741,0.169603576361274,1,1,"gp",2
"SRC-990-EXT-NUMFOCUS","NumFOCUS","filing","exact_base",9,"latent_base_salary",12.0255072657542,NA,12.0255072657542,12.0255072657542,12.5132849887313,12.1773088819927,12.8492610954699,12.08206432419,12.9445056532726,-1.3110411747967,0.346284732324335,0,0,"gp",2
"SRC-990-EXT-FRESH-ENERGY","Fresh Energy","filing","exact_base",9,"latent_base_salary",12.4117920746609,NA,12.4117920746609,12.4117920746609,12.4668958220232,12.1338300151637,12.7999616288827,12.0394104869376,12.8943811571089,0.406070851065993,0.0653792114837548,1,1,"gp",2
"SRC-990-EXT-CENTER-FOR-A-NEW-AMERICAN-SECURITY","Center for a New American Security","filing","exact_base",9,"latent_base_salary",13.1871814907024,NA,13.1871814907024,13.1871814907024,13.1324726755417,12.8125625400178,13.4523828110656,12.7218724618145,13.5430728892688,0.44483211374813,0.0631009261292505,1,1,"gp",2
"SRC-990-EXT-GRANTMAKERS-FOR-EFFECTIVE-ORGANIZATIONS","Grantmakers for Effective Organizations","filing","exact_base",9,"latent_base_salary",12.8837522170102,NA,12.8837522170102,12.8837522170102,12.7684666912594,12.4558852733089,13.0810481092098,12.3672727847037,13.1696605978151,0.38032012491902,0.0783430105225086,1,1,"gp",2
"SRC-990-EXT-ELECTRONIC-FRONTIER-FOUNDATION","Electronic Frontier Foundation","filing","exact_base",9,"latent_base_salary",12.757183396529,NA,12.757183396529,12.757183396529,12.7701211295283,12.4541234575254,13.0861188015312,12.3645425083658,13.1756997506908,0.479776857582512,0.0578939305145478,1,1,"gp",2
"SRC-990-EXT-INSTITUTE-FOR-SECURITY-AND-TECHNOLOGY","Institute for Security and Technology","filing","exact_base",9,"latent_base_salary",12.3935414740295,NA,12.3935414740295,12.3935414740295,12.6489979028678,12.3327433354835,12.9652524702522,12.2430895600529,13.0549062456828,-0.0554586480365349,0.154667244033544,1,1,"gp",2
"SRC-990-EXT-PROJECT-HEALTHY-CHILDREN","Project Healthy Children","filing","exact_base",9,"latent_base_salary",11.5747708002363,NA,11.5747708002363,11.5747708002363,12.6817203885624,12.3063635337657,13.0570772433591,12.1999550810922,13.1634856960325,-6.83281318757958,0.941713569270767,0,0,"gp",2
"SRC-990-EXT-THIRD-WAY-INSTITUTE","Third Way Institute","filing","exact_base",9,"latent_base_salary",12.9939824923999,NA,12.9939824923999,12.9939824923999,12.5599122998429,12.1665544054604,12.9532701942253,12.0550429081926,13.0647816914931,-0.737800218458749,0.28271393429391,0,1,"gp",2
"SRC-990-EXT-ANIMAL-LEGAL-DEFENSE-FUND","Animal Legal Defense Fund","filing","exact_base",9,"latent_base_salary",12.5370734769901,NA,12.5370734769901,12.5370734769901,12.5680565754187,12.2529605137133,12.8831526371241,12.163635158545,12.9724779922924,0.476070966712019,0.0590142935727304,1,1,"gp",2
"SRC-990-EXT-CENTER-FOR-AI-SAFETY","Center for AI Safety","filing","exact_base",10,"latent_base_salary",12.7213413939825,NA,12.7213413939825,12.7213413939825,12.5400898138676,12.2078722836904,12.8723073440449,12.1136932301167,12.9664863976186,0.186664806310481,0.109175396363632,1,1,"gp",2
"SRC-990-EXT-CENTER-FOR-DEMOCRACY-TECHNOLOGY","Center for Democracy & Technology","filing","exact_base",10,"latent_base_salary",12.9169778646385,NA,12.9169778646385,12.9169778646385,12.799742284275,12.4695833250551,13.1299012434949,12.3759878477435,13.2234967208065,0.33377241584638,0.0811291556068445,1,1,"gp",2
"SRC-990-EXT-CENTER-FOR-EFFECTIVE-PHILANTHROPY","Center for Effective Philanthropy","filing","exact_base",10,"latent_base_salary",13.2146671151145,NA,13.2146671151145,13.2146671151145,12.7757708980363,12.4445820817266,13.106959714346,12.3506946542401,13.2008471418325,-1.00796398717173,0.302584500630707,0,0,"gp",2
"SRC-990-EXT-WORLD-JUSTICE-PROJECT","World Justice Project","filing","exact_base",10,"latent_base_salary",12.8497369708156,NA,12.8497369708156,12.8497369708156,12.9955074681146,12.6641046396208,13.3269102966084,12.5701565426539,13.4208583935753,0.274673685848442,0.0923726474460389,1,1,"gp",2
"SRC-990-EXT-CODE-FOR-SCIENCE-SOCIETY","Code for Science & Society","filing","exact_base",10,"latent_base_salary",12.2746977427298,NA,12.2746977427298,12.2746977427298,12.5729342660647,12.2134371794404,12.9324313526891,12.111524750669,13.0343437814605,-0.212979988864054,0.181357103649359,1,1,"gp",2
"SRC-990-EXT-BULLETIN-OF-THE-ATOMIC-SCIENTISTS","Bulletin of the Atomic Scientists","filing","exact_base",10,"latent_base_salary",12.3173567420894,NA,12.3173567420894,12.3173567420894,12.3489635027071,12.0111158985309,12.6868111068833,11.9153407972096,12.7825862082047,0.407106119505334,0.063117538273841,1,1,"gp",2
"SRC-990-EXT-TECHCONGRESS","TechCongress","filing","exact_base",10,"latent_base_salary",12.4960490464963,NA,12.4960490464963,12.4960490464963,12.3461559835057,11.9730473173232,12.7192646496882,11.8672761948829,12.8250357721286,0.182482325573393,0.0981625390997704,1,1,"gp",2
"SRC-990-EXT-ECONOMIC-INNOVATION-GROUP","Economic Innovation Group","filing","exact_base",10,"latent_base_salary",12.9583656609222,NA,12.9583656609222,12.9583656609222,12.9516729406119,12.6111848905507,13.292160990673,12.5146612595105,13.3886846217132,0.406190939721181,0.0621563270812894,1,1,"gp",2
"SRC-990-EXT-GLOBAL-HEALTH-CORPS","Global Health Corps","filing","exact_base",10,"latent_base_salary",12.4246040572612,NA,12.4246040572612,12.4246040572612,12.4147962353999,12.0512476975507,12.7783447732491,11.9481867386529,12.881405732147,0.340377761551269,0.0664294896296503,1,1,"gp",2
"SRC-990-EXT3-CENTER-FOR-ARMS-CONTROL-AND-NON-PROLIFERATION","Center for Arms Control and Non-Proliferation","filing","exact_base",10,"latent_base_salary",12.5533356659485,NA,12.5533356659485,12.5533356659485,12.144396593757,11.7810123580751,12.5077808294388,11.6779979765587,12.6107952109552,-0.69855788128795,0.267898559202104,0,1,"gp",2
"SRC-990-EXT-CENTER-FOR-AI-SAFETY","Center for AI Safety","filing","exact_base",1,"latent_base_salary",12.7213413939825,NA,12.7213413939825,12.7213413939825,12.6727487143997,12.285057950116,13.041364262056,12.1776043817013,13.1450183324575,0.278816219805802,0.0710886301935983,1,1,"bayesian_filing",3
"SRC-990-EXT-FUTURE-OF-PRIVACY-FORUM","Future of Privacy Forum","filing","exact_base",1,"latent_base_salary",13.5088520328401,NA,13.5088520328401,13.5088520328401,12.9448805460016,12.5771411847746,13.3278303443447,12.4753288138891,13.4458510654063,-1.63959039917539,0.402785157766832,0,0,"bayesian_filing",3
"SRC-990-EXT-GRANTMAKERS-FOR-EFFECTIVE-ORGANIZATIONS","Grantmakers for Effective Organizations","filing","exact_base",1,"latent_base_salary",12.8837522170102,NA,12.8837522170102,12.8837522170102,12.8750068282453,12.5190541565104,13.2500602045331,12.3980627357776,13.3354904658535,0.34473980945669,0.0660763500855445,1,1,"bayesian_filing",3
"SRC-990-EXT-RESEARCH-AMERICA","Research!America","filing","exact_base",1,"latent_base_salary",13.297112905275,NA,13.297112905275,13.297112905275,12.8256761851237,12.4504192755472,13.2022309107587,12.3294665134371,13.3106703767132,-1.03281576397582,0.32553415159578,0,1,"bayesian_filing",3
"SRC-990-EXT-ROOSEVELT-INSTITUTE","Roosevelt Institute","filing","exact_base",1,"latent_base_salary",13.0866290852163,NA,13.0866290852163,13.0866290852163,12.8841596685192,12.5245141013086,13.2390999043215,12.4411048103072,13.3327280395047,0.0923165053975125,0.120737189024906,1,1,"bayesian_filing",3
"SRC-990-EXT-PUBLIC-KNOWLEDGE","Public Knowledge","filing","exact_base",1,"latent_base_salary",12.4996822653103,NA,12.4996822653103,12.4996822653103,12.5163648279022,12.1406099059936,12.886812474117,12.0460511348889,12.9856641516992,0.338950412562939,0.0672304394475521,1,1,"bayesian_filing",3
"SRC-990-EXT-VILLAGEREACH","VillageReach","filing","exact_base",1,"latent_base_salary",12.4314315810676,NA,12.4314315810676,12.4314315810676,12.5457820935405,12.1679339110117,12.9062945611055,12.0589398036863,13.0358180902646,0.228051382829036,0.0869880463175312,1,1,"bayesian_filing",3
"SRC-990-EXT-ECONOMIC-INNOVATION-GROUP","Economic Innovation Group","filing","exact_base",1,"latent_base_salary",12.9583656609222,NA,12.9583656609222,12.9583656609222,12.8614530288794,12.5046935449176,13.2274136172193,12.4078722455969,13.3384932055946,0.289945416946559,0.0801761624255346,1,1,"bayesian_filing",3
"SRC-990-EXT-ENERGY-FOR-GROWTH-HUB","Energy for Growth Hub","filing","exact_base",1,"latent_base_salary",13.0105039226493,NA,13.0105039226493,13.0105039226493,12.5412199362272,12.1723270188531,12.9033118210321,12.0671069049124,13.0101075142087,-0.973664994759952,0.317417360992172,0,0,"bayesian_filing",3
"SRC-990-EXT-INNOVATIONS-FOR-POVERTY-ACTION","Innovations for Poverty Action","filing","exact_base",1,"latent_base_salary",12.4867659407714,NA,12.4867659407714,12.4867659407714,12.853440797343,12.4743489946087,13.2166454036437,12.3634958521845,13.3323896215015,-0.494090015783015,0.241243888988394,1,1,"bayesian_filing",3
"SRC-990-EA-CENTER-FOR-ELECTION-SCIENCE","Center for Election Science","filing","exact_base",1,"latent_base_salary",12.2614916001655,NA,12.2614916001655,12.2614916001655,11.9134813245977,11.4357569336792,12.3886255353219,11.297080728146,12.5215531787031,-0.366544901087526,0.214669192341275,1,1,"bayesian_filing",3
"SRC-990-EXT-CENTER-FOR-DEMOCRACY-TECHNOLOGY","Center for Democracy & Technology","filing","exact_base",2,"latent_base_salary",12.9169778646385,NA,12.9169778646385,12.9169778646385,12.8679015625016,12.5157440878567,13.2169311599903,12.415885639616,13.3374348649895,0.315846557137559,0.0705356651152588,1,1,"bayesian_filing",3
"SRC-990-EXT-PROJECT-DRAWDOWN","Project Drawdown","filing","exact_base",2,"latent_base_salary",13.0056540850792,NA,13.0056540850792,13.0056540850792,12.6158339849697,12.2425293638502,12.997480584967,12.1233485289341,13.0984242218512,-0.566246271472564,0.249638157825292,0,1,"bayesian_filing",3
"SRC-990-EXT-CHARITY-NAVIGATOR","Charity Navigator","filing","exact_base",2,"latent_base_salary",12.7520384665336,NA,12.7520384665336,12.7520384665336,12.7062812345091,12.3355057311509,13.0543216019853,12.2349327436463,13.1473295013689,0.320846365147543,0.070252585458739,1,1,"bayesian_filing",3
"SRC-990-EXT-DATA-QUALITY-CAMPAIGN","Data Quality Campaign","filing","exact_base",2,"latent_base_salary",12.9352645395531,NA,12.9352645395531,12.9352645395531,13.0813146199731,12.656084125324,13.5023981976355,12.54578706104,13.6199961306419,0.114783793809161,0.100105256454584,1,1,"bayesian_filing",3
"SRC-990-EXT-NISKANEN-CENTER","Niskanen Center","filing","exact_base",2,"latent_base_salary",13.3543131280751,NA,13.3543131280751,13.3543131280751,12.9233295752347,12.5845573158701,13.2747875889921,12.4949307495676,13.3777397590344,-0.844776392102381,0.284059867653106,0,1,"bayesian_filing",3
"SRC-990-EXT-INSTITUTE-ON-TAXATION-AND-ECONOMIC-POLICY","Institute on Taxation and Economic Policy","filing","exact_base",2,"latent_base_salary",12.3346530459445,NA,12.3346530459445,12.3346530459445,12.6964510579363,12.3287284791924,13.061529255453,12.226930551206,13.1751237887042,-0.483844543625741,0.231351758279161,1,1,"bayesian_filing",3
"SRC-990-EXT-PUBLIC-AGENDA","Public Agenda","filing","exact_base",2,"latent_base_salary",12.5141054670907,NA,12.5141054670907,12.5141054670907,12.1856152886068,11.820584052285,12.5635781989989,11.7046457880702,12.6736175646154,-0.33673714465248,0.192944640612797,1,1,"bayesian_filing",3
"SRC-990-EXT-OPENSECRETS","OpenSecrets","filing","exact_base",2,"latent_base_salary",12.3218529214459,NA,12.3218529214459,12.3218529214459,12.171496613188,11.8127265861575,12.5293528914911,11.7087641327181,12.6426229474525,0.19500631355621,0.0980209607450475,1,1,"bayesian_filing",3
"SRC-990-EXT3-NUCLEAR-INNOVATION-ALLIANCE","Nuclear Innovation Alliance","filing","exact_base",2,"latent_base_salary",12.6101041264858,NA,12.6101041264858,12.6101041264858,12.0921759405752,11.736051233089,12.4598191958596,11.6199561333805,12.5696691853435,-1.29957361857641,0.350336138392729,0,0,"bayesian_filing",3
"SRC-990-EXT3-CENTER-FOR-ARMS-CONTROL-AND-NON-PROLIFERATION","Center for Arms Control and Non-Proliferation","filing","exact_base",2,"latent_base_salary",12.5533356659485,NA,12.5533356659485,12.5533356659485,11.9433200671591,11.4354435578609,12.4629931825114,11.2848800320408,12.5909723025662,-1.17064479497231,0.408028776879051,0,1,"bayesian_filing",3
"SRC-990-EA-FORESIGHT-INSTITUTE","Foresight Institute","filing","exact_base",2,"latent_base_salary",12.5911934036369,NA,12.5911934036369,12.5911934036369,12.0045269937674,11.4820051091802,12.5391889359083,11.3460187198726,12.6862703329818,-1.04251934369024,0.387770321684148,0,1,"bayesian_filing",3
"SRC-990-EXT-POPULATION-REFERENCE-BUREAU","Population Reference Bureau","filing","exact_base",3,"latent_base_salary",12.816309953692,NA,12.816309953692,12.816309953692,12.2338770221281,11.7057467768638,12.7494351927907,11.5672254950495,12.8890863858739,-1.05634149398573,0.397085588836878,0,1,"bayesian_filing",3
"SRC-990-EXT-FAR-AI","FAR AI","filing","exact_base",3,"latent_base_salary",12.405415596293,NA,12.405415596293,12.405415596293,12.66698493393,12.282551436015,13.0262334020228,12.1725093133868,13.1370957814967,-0.0962853821245541,0.15073695730963,1,1,"bayesian_filing",3
"SRC-990-EXT-QUINCY-INSTITUTE-FOR-RESPONSIBLE-STATECRAFT","Quincy Institute for Responsible Statecraft","filing","exact_base",3,"latent_base_salary",12.631030234805,NA,12.631030234805,12.631030234805,13.0616370315263,12.6921725985542,13.4106584652638,12.5970995491778,13.5353332952138,-0.807231540575498,0.280178594786485,0,1,"bayesian_filing",3
"SRC-990-EXT-ENVIRONMENTAL-LAW-INSTITUTE","Environmental Law Institute","filing","exact_base",3,"latent_base_salary",12.6696219906236,NA,12.6696219906236,12.6696219906236,12.6736315880308,12.3019608809378,13.0672472723831,12.2046238305218,13.1800937668705,0.284109436901903,0.0704552655513986,1,1,"bayesian_filing",3
"SRC-990-EXT-INSTITUTE-FOR-ENERGY-ECONOMICS-AND-FINANCIAL-ANALYSIS","Institute for Energy Economics and Financial Analysis","filing","exact_base",3,"latent_base_salary",12.5797210272034,NA,12.5797210272034,12.5797210272034,12.5423703214164,12.1668739691965,12.8986849388564,12.0616789715284,13.017201246838,0.317042193727811,0.0689303734923014,1,1,"bayesian_filing",3
"SRC-990-EXT3-LEARNING-POLICY-INSTITUTE","Learning Policy Institute","filing","exact_base",3,"latent_base_salary",13.1712146825618,NA,13.1712146825618,13.1712146825618,12.9050275684514,12.5311789996202,13.2771664520436,12.430295813134,13.3794248818652,-0.108472467376559,0.164965253857014,1,1,"bayesian_filing",3
"SRC-990-EXT-INSTITUTE-FOR-SECURITY-AND-TECHNOLOGY","Institute for Security and Technology","filing","exact_base",3,"latent_base_salary",12.3935414740295,NA,12.3935414740295,12.3935414740295,12.7733122890369,12.4030786315441,13.1450845966145,12.2880299958898,13.2374559756047,-0.559821316081388,0.244390703961786,0,1,"bayesian_filing",3
"SRC-990-EXT-ARMS-CONTROL-ASSOCIATION","Arms Control Association","filing","exact_base",3,"latent_base_salary",11.7955985634313,NA,11.7955985634313,11.7955985634313,12.0854907265137,11.5669984764416,12.6148735357065,11.4146503064947,12.7604292812333,-0.294295026012466,0.177602789750314,1,1,"bayesian_filing",3
"SRC-990-EXT-DATAKIND","DataKind","filing","exact_base",4,"latent_base_salary",12.4083285202951,NA,12.4083285202951,12.4083285202951,12.6638408891112,12.2630484609793,13.0448546651152,12.1628512680049,13.1535471530397,-0.0825999416289368,0.154107701324975,1,1,"bayesian_filing",3
"SRC-990-EXT-GIVINGTUESDAY","GivingTuesday","filing","exact_base",4,"latent_base_salary",12.8728251821158,NA,12.8728251821158,12.8728251821158,12.4312055455829,12.056148714185,12.8361192467302,11.9457778669987,12.9514970008885,-0.822960224302264,0.294191253524903,0,1,"bayesian_filing",3
"SRC-990-EXT-JAIN-FAMILY-INSTITUTE","Jain Family Institute","filing","exact_base",4,"latent_base_salary",12.3338860528408,NA,12.3338860528408,12.3338860528408,12.5567487712012,12.1928763395393,12.9433687701515,12.0873370049927,13.0348548232169,0.017714757540405,0.14045389144947,1,1,"bayesian_filing",3
"SRC-990-EXT-INTERNET-SECURITY-RESEARCH-GROUP","Internet Security Research Group","filing","exact_base",4,"latent_base_salary",12.6634761632277,NA,12.6634761632277,12.6634761632277,12.4468806536346,12.040513404865,12.8185020629473,11.9370770648782,12.9296133052104,0.0254823726927838,0.1306628214164,1,1,"bayesian_filing",3
"SRC-990-EXT-ORCID","ORCID","filing","exact_base",4,"latent_base_salary",12.5696077844296,NA,12.5696077844296,12.5696077844296,11.8780402050193,11.4712839488649,12.2995092769273,11.3590981776248,12.4220739183199,-2.03966445227777,0.513026461176245,0,0,"bayesian_filing",3
"SRC-990-EXT-ANIMAL-WELFARE-INSTITUTE","Animal Welfare Institute","filing","exact_base",4,"latent_base_salary",12.1688180822369,NA,12.1688180822369,12.1688180822369,12.2615875687919,11.8684277813834,12.6285836707454,11.7757874823543,12.7489724385295,0.239074767654302,0.0811717266607006,1,1,"bayesian_filing",3
"SRC-990-EXT-INSTITUTE-FOR-NONPROFIT-NEWS","Institute for Nonprofit News","filing","exact_base",4,"latent_base_salary",12.3400869277947,NA,12.3400869277947,12.3400869277947,12.2729343558636,11.8341296260487,12.7264803543338,11.7306582704382,12.8359285371045,0.166669857985078,0.0811901448930048,1,1,"bayesian_filing",3
"SRC-990-EXT-CODE-FOR-SCIENCE-SOCIETY","Code for Science & Society","filing","exact_base",4,"latent_base_salary",12.2746977427298,NA,12.2746977427298,12.2746977427298,12.3195430185132,11.7907280326987,12.8626217193935,11.6469414690086,13.0217040343288,-0.0393418934343623,0.0994904751448824,1,1,"bayesian_filing",3
"SRC-990-EXT-INDEPENDENT-SECTOR","Independent Sector","filing","exact_base",4,"latent_base_salary",13.3541442871094,NA,13.3541442871094,13.3541442871094,13.2441583976662,12.8481727973637,13.6183587326237,12.7487834117179,13.7270508736163,0.251832390051561,0.0851880639995692,1,1,"bayesian_filing",3
"SRC-990-EXT-CREATIVE-COMMONS","Creative Commons","filing","exact_base",4,"latent_base_salary",12.4083285202951,NA,12.4083285202951,12.4083285202951,12.3331598118214,11.9689042384555,12.6989871809407,11.8608865838184,12.8028817888521,0.279309900332297,0.0744331100320071,1,1,"bayesian_filing",3
"SRC-990-EXT-RESULTS-FOR-AMERICA","Results for America","filing","exact_base",4,"latent_base_salary",12.6889203108623,NA,12.6889203108623,12.6889203108623,12.9422766903905,12.5779669497228,13.3178199492716,12.4742314614821,13.446089121221,-0.0709850247690382,0.152069001777897,1,1,"bayesian_filing",3
"SRC-990-EXT-CLEAN-AIR-TASK-FORCE","Clean Air Task Force","filing","exact_base",4,"latent_base_salary",12.8291533338357,NA,12.8291533338357,12.8291533338357,12.6884481577335,12.289230929319,13.0690050145744,12.1801631200723,13.1967090474149,0.161938662015204,0.0980757753107909,1,1,"bayesian_filing",3
"SRC-990-EXT-IDEAS42","ideas42","filing","exact_base",5,"latent_base_salary",12.4941514017925,NA,12.4941514017925,12.4941514017925,12.5130154472285,12.1025640316078,12.897501524762,12.0126992296381,13.0020873700446,0.2995432289823,0.0700736568281188,1,1,"bayesian_filing",3
"SRC-990-EXT-PETERSON-INSTITUTE-FOR-INTERNATIONAL-ECONOMICS","Peterson Institute for International Economics","filing","exact_base",5,"latent_base_salary",13.3086807403212,NA,13.3086807403212,13.3086807403212,13.7870553315217,13.413925958097,14.1760696897629,13.2991935001501,14.2589940982295,-1.02064825754731,0.32089719985671,0,1,"bayesian_filing",3
"SRC-990-EXT-SOCIAL-SCIENCE-RESEARCH-COUNCIL","Social Science Research Council","filing","exact_base",5,"latent_base_salary",12.7968302816124,NA,12.7968302816124,12.7968302816124,13.1753104431791,12.7827124460032,13.5656639032057,12.6641556747362,13.6784010915465,-0.526272221288505,0.236631689170325,1,1,"bayesian_filing",3
"SRC-990-EXT-AMERICAN-IMMIGRATION-COUNCIL","American Immigration Council","filing","exact_base",5,"latent_base_salary",12.6131309837729,NA,12.6131309837729,12.6131309837729,12.5966402847986,12.2316882891755,12.9639614071284,12.1093044381093,13.053364610712,0.337663940306896,0.066680003829768,1,1,"bayesian_filing",3
"SRC-990-EXT-FEDERATION-OF-AMERICAN-SCIENTISTS","Federation of American Scientists","filing","exact_base",5,"latent_base_salary",13.0648771145336,NA,13.0648771145336,13.0648771145336,12.9252291735709,12.5385037031622,13.3213091386937,12.4443889048368,13.4269319107314,0.17382119024001,0.100596950606526,1,1,"bayesian_filing",3
"SRC-990-EXT-PRECISION-DEVELOPMENT","Precision Development","filing","exact_base",5,"latent_base_salary",12.4150937427763,NA,12.4150937427763,12.4150937427763,12.4670261216641,12.1022315224106,12.8319242771596,11.984686213447,12.9431961028981,0.332915134539451,0.0693358688102622,1,1,"bayesian_filing",3
"SRC-990-EXT-RESULTS-FOR-DEVELOPMENT","Results for Development","filing","exact_base",5,"latent_base_salary",12.9211104925028,NA,12.9211104925028,12.9211104925028,12.8890350845889,12.5214052024737,13.2510278251399,12.4223361956938,13.3493975947568,0.338021223962615,0.0682764910395139,1,1,"bayesian_filing",3
"SRC-990-EXT-SOFTWARE-FREEDOM-CONSERVANCY","Software Freedom Conservancy","filing","exact_base",5,"latent_base_salary",12.1568022510686,NA,12.1568022510686,12.1568022510686,12.0509459633522,11.5071278504695,12.6018325677552,11.3451502073727,12.7603567273208,-0.109659595652344,0.117382527454239,1,1,"bayesian_filing",3
"SRC-990-EXT-PROJECT-HEALTHY-CHILDREN","Project Healthy Children","filing","exact_base",5,"latent_base_salary",11.5747708002363,NA,11.5747708002363,11.5747708002363,12.6043632419448,12.2075103145109,12.999556548567,12.1059507370226,13.0913827608372,-5.18841345404039,0.870814607950768,0,0,"bayesian_filing",3
"SRC-990-EXT-SIGHTLINE-INSTITUTE","Sightline Institute","filing","exact_base",5,"latent_base_salary",12.2612800796685,NA,12.2612800796685,12.2612800796685,12.0278666809595,11.6545164378636,12.3850162733207,11.5545854342928,12.5057331840036,-0.0100450270256364,0.136131582942897,1,1,"bayesian_filing",3
"SRC-990-EXT-LAST-MILE-HEALTH","Last Mile Health","filing","exact_base",5,"latent_base_salary",12.4850802155385,NA,12.4850802155385,12.4850802155385,12.5412002495303,12.1787513947299,12.8917529632264,12.0775552726428,12.9933770690133,0.340385635254264,0.0699058642261012,1,1,"bayesian_filing",3
"SRC-990-EA-GIVEWELL","GiveWell","filing","exact_base",5,"latent_base_salary",13.0190388321958,NA,13.0190388321958,13.0190388321958,12.7112822664954,12.1217912605782,13.2990424424346,11.9624249937985,13.4644272627184,-0.392359103804747,0.177276005857185,1,1,"bayesian_filing",3
"SRC-990-EXT-FRAMEWORKS-INSTITUTE","FrameWorks Institute","filing","exact_base",6,"latent_base_salary",13.0266397001217,NA,13.0266397001217,13.0266397001217,12.8037626571905,12.4004649972607,13.1901760842054,12.287153977882,13.2953956258363,0.00374341633492742,0.13549597652845,1,1,"bayesian_filing",3
"SRC-990-EXT-WORLD-JUSTICE-PROJECT","World Justice Project","filing","exact_base",6,"latent_base_salary",12.8497369708156,NA,12.8497369708156,12.8497369708156,12.9477041949609,12.5528578373413,13.3361785383274,12.4158670494934,13.4697545446641,0.200621656426122,0.0867432843856479,1,1,"bayesian_filing",3
"SRC-990-EXT-STIMSON-CENTER","Stimson Center","filing","exact_base",6,"latent_base_salary",12.9582226865033,NA,12.9582226865033,12.9582226865033,12.7398776755388,12.3394940711625,13.125892785449,12.2115464686158,13.2583710945195,-0.0113358088977613,0.127717743107332,1,1,"bayesian_filing",3
"SRC-990-EXT-GOOD-FOOD-INSTITUTE","Good Food Institute","filing","exact_base",6,"latent_base_salary",12.3904522913386,NA,12.3904522913386,12.3904522913386,12.4668083200375,12.0597634221962,12.8582084295108,11.9561897125218,12.9850765123961,0.209356889500289,0.080930150456184,1,1,"bayesian_filing",3
"SRC-990-EXT-TECHCONGRESS","TechCongress","filing","exact_base",6,"latent_base_salary",12.4960490464963,NA,12.4960490464963,12.4960490464963,12.2738161508121,11.8821745685398,12.6772263461242,11.7597892885585,12.797902421818,-0.0149161066328822,0.132495064193006,1,1,"bayesian_filing",3
"SRC-990-EXT-NEW-AMERICA","New America","filing","exact_base",6,"latent_base_salary",13.2081577341251,NA,13.2081577341251,13.2081577341251,13.2969590111662,12.8694585568337,13.6789901608953,12.7500295279703,13.7977997619081,0.208113845063758,0.0813365802623356,1,1,"bayesian_filing",3
"SRC-990-EXT-THIRD-WAY-INSTITUTE","Third Way Institute","filing","exact_base",6,"latent_base_salary",12.9939824923999,NA,12.9939824923999,12.9939824923999,12.46658780295,11.8346357013091,13.0803301705738,11.6858564184648,13.2617653788426,-0.780827345887364,0.333538367343923,1,1,"bayesian_filing",3
"SRC-990-EXT-BIPARTISAN-POLICY-CENTER","Bipartisan Policy Center","filing","exact_base",6,"latent_base_salary",13.69992393343,NA,13.69992393343,13.69992393343,13.3299822418033,12.9464391548894,13.7260518407263,12.8292112565064,13.8469838411768,-0.475174690602522,0.2341596960099,1,1,"bayesian_filing",3
"SRC-990-EXT-THE-HUMANE-LEAGUE","The Humane League","filing","exact_base",6,"latent_base_salary",12.3775599734482,NA,12.3775599734482,12.3775599734482,12.2025901445162,11.8075608254945,12.6287751638379,11.6931964301214,12.7477655479951,0.068554393417482,0.114340024527524,1,1,"bayesian_filing",3
"SRC-990-EXT-VILLAGE-ENTERPRISE","Village Enterprise","filing","exact_base",6,"latent_base_salary",12.5400430408691,NA,12.5400430408691,12.5400430408691,12.4967706885914,12.1200473951336,12.9082789920932,12.0117230076708,13.0300675513915,0.265129378102517,0.073875780979022,1,1,"bayesian_filing",3
"SRC-990-EXT-FARM-SANCTUARY","Farm Sanctuary","filing","exact_base",6,"latent_base_salary",12.3163882693373,NA,12.3163882693373,12.3163882693373,12.3394812051791,11.9272758303659,12.7494211330797,11.8077256387303,12.8843746563241,0.228302924154029,0.0746375738715713,1,1,"bayesian_filing",3
"SRC-990-EXT-VERA-INSTITUTE-OF-JUSTICE","Vera Institute of Justice","filing","exact_base",6,"latent_base_salary",13.3181829414966,NA,13.3181829414966,13.3181829414966,13.2552545919775,12.8374943137348,13.6644079028928,12.6998832214508,13.7747093268404,0.217204685582797,0.0804719777266086,1,1,"bayesian_filing",3
"SRC-990-EXT-PHYSICIANS-FOR-SOCIAL-RESPONSIBILITY","Physicians for Social Responsibility","filing","exact_base",6,"latent_base_salary",11.9808845054682,NA,11.9808845054682,11.9808845054682,12.2571072238303,11.8545345731515,12.6577555850179,11.7374169853371,12.7604437472056,-0.147152137870369,0.171199412596227,1,1,"bayesian_filing",3
"SRC-990-EXT-DEMOS","Demos","filing","exact_base",7,"latent_base_salary",12.6428849557391,NA,12.6428849557391,12.6428849557391,12.8853560246454,12.5074428878733,13.2324497441238,12.3908411754691,13.3402454928179,-0.0301188413052955,0.139093849079449,1,1,"bayesian_filing",3
"SRC-990-EXT-INFORMATION-TECHNOLOGY-AND-INNOVATION-FOUNDATION","Information Technology and Innovation Foundation","filing","exact_base",7,"latent_base_salary",13.2745188452622,NA,13.2745188452622,13.2745188452622,13.0701210665257,12.7052132099607,13.4386964471574,12.6026578773687,13.5494499887776,0.0766814132669293,0.123737077437549,1,1,"bayesian_filing",3
"SRC-990-EXT-BREAKTHROUGH-INSTITUTE","Breakthrough Institute","filing","exact_base",7,"latent_base_salary",12.579065834723,NA,12.579065834723,12.579065834723,12.6059389857343,12.2325942469842,12.9658959708188,12.1358090916182,13.0676949726213,0.308211664433314,0.0694558657680563,1,1,"bayesian_filing",3
"SRC-990-EXT-CENTER-FOR-EFFECTIVE-PHILANTHROPY","Center for Effective Philanthropy","filing","exact_base",7,"latent_base_salary",13.2146671151145,NA,13.2146671151145,13.2146671151145,12.9836965516776,12.6018865437926,13.3550668288162,12.5175800139139,13.4642027249221,0.000915772510947876,0.134720000313185,1,1,"bayesian_filing",3
"SRC-990-EXT-SAN-FRANCISCO-ESTUARY-INSTITUTE","San Francisco Estuary Institute","filing","exact_base",7,"latent_base_salary",12.1771418570467,NA,12.1771418570467,12.1771418570467,12.5227498731092,12.14868433796,12.8825498914554,12.0401686316472,12.9849752238629,-0.392586550908436,0.214257545230116,1,1,"bayesian_filing",3
"SRC-990-EXT-NATIONAL-EMPLOYMENT-LAW-PROJECT","National Employment Law Project","filing","exact_base",7,"latent_base_salary",12.8184638703657,NA,12.8184638703657,12.8184638703657,12.8432392335295,12.494037178975,13.1850417057799,12.3981140873243,13.2738026096027,0.367325506253847,0.0658903736446303,1,1,"bayesian_filing",3
"SRC-990-EXT-BULLETIN-OF-THE-ATOMIC-SCIENTISTS","Bulletin of the Atomic Scientists","filing","exact_base",7,"latent_base_salary",12.3173567420894,NA,12.3173567420894,12.3173567420894,12.4105822628451,12.0462341345204,12.7711036797003,11.9372942623474,12.8819687240601,0.306077154162674,0.0773362645867957,1,1,"bayesian_filing",3
"SRC-990-EXT-OPEN-MARKETS-INSTITUTE","Open Markets Institute","filing","exact_base",7,"latent_base_salary",12.1897506129305,NA,12.1897506129305,12.1897506129305,12.4938901221222,12.1078306950835,12.8434600701847,12.0212036808457,12.9442190083087,-0.241646360615841,0.180487766584134,1,1,"bayesian_filing",3
"SRC-990-EXT-ANIMAL-LEGAL-DEFENSE-FUND","Animal Legal Defense Fund","filing","exact_base",7,"latent_base_salary",12.5370734769901,NA,12.5370734769901,12.5370734769901,12.3073239279979,11.9165393800627,12.6837634415738,11.807355081213,12.775336546426,-0.0107314848235938,0.132028260560424,1,1,"bayesian_filing",3
"SRC-990-EXT-EXPONENT-PHILANTHROPY","Exponent Philanthropy","filing","exact_base",7,"latent_base_salary",12.6069727833315,NA,12.6069727833315,12.6069727833315,12.3783621404667,11.9955898122928,12.7413493584304,11.8888826828627,12.8536207658279,-0.00202148400739866,0.131476515657837,1,1,"bayesian_filing",3
"SRC-990-EXT-LIVING-GOODS","Living Goods","filing","exact_base",7,"latent_base_salary",12.5107284211723,NA,12.5107284211723,12.5107284211723,12.4247196083806,12.0610122622429,12.8114998208055,11.9412587157241,12.8995067789982,0.264994998674,0.0755875870340944,1,1,"bayesian_filing",3
"SRC-990-EXT-PARTNERSHIP-ON-AI","Partnership on AI","filing","exact_base",8,"latent_base_salary",12.7912011974447,NA,12.7912011974447,12.7912011974447,12.8422474921619,12.459461335983,13.2328794298117,12.3299816783589,13.3382526884452,0.279595452302375,0.0732264687185069,1,1,"bayesian_filing",3
"SRC-990-EXT3-CENTER-FOR-HEALTH-CARE-STRATEGIES","Center for Health Care Strategies","filing","exact_base",8,"latent_base_salary",12.6222962067176,NA,12.6222962067176,12.6222962067176,12.6327861748355,12.2440552249639,13.0155819184672,12.1434554887542,13.1365999705953,0.272454871930678,0.0723117546190118,1,1,"bayesian_filing",3
"SRC-990-EXT-CLIMATE-CENTRAL","Climate Central","filing","exact_base",8,"latent_base_salary",12.6801870016491,NA,12.6801870016491,12.6801870016491,12.7613496976903,12.3738443214965,13.1383300652481,12.2649448995857,13.2578271887221,0.248077844909215,0.0802669554548349,1,1,"bayesian_filing",3
"SRC-990-EXT3-NATIONAL-ACADEMY-FOR-STATE-HEALTH-POLICY","National Academy for State Health Policy","filing","exact_base",8,"latent_base_salary",12.8776933603378,NA,12.8776933603378,12.8776933603378,12.8491816700663,12.4544172845159,13.2555984800773,12.3663055000044,13.3714067154175,0.258378857125858,0.0734095734338156,1,1,"bayesian_filing",3
"SRC-990-EXT-NUMFOCUS","NumFOCUS","filing","exact_base",8,"latent_base_salary",12.0255072657542,NA,12.0255072657542,12.0255072657542,12.2867480359509,11.7340933694325,12.8834749729305,11.5712978846151,13.0355144522636,-0.271011486588422,0.175945197501295,1,1,"bayesian_filing",3
"SRC-990-EXT3-CARBON-MAPPER","Carbon Mapper","filing","exact_base",8,"latent_base_salary",12.5153758745745,NA,12.5153758745745,12.5153758745745,12.9890416412475,12.5929256446686,13.3878114768144,12.460682962885,13.503851813104,-0.912666968551305,0.322599266103407,0,1,"bayesian_filing",3
"SRC-990-EXT-COMMITTEE-FOR-A-RESPONSIBLE-FEDERAL-BUDGET","Committee for a Responsible Federal Budget","filing","exact_base",8,"latent_base_salary",13.2655461923519,NA,13.2655461923519,13.2655461923519,12.9757543751304,12.5935047671012,13.3543582158468,12.5027662767952,13.4812839024737,-0.185796776458703,0.176152005094833,1,1,"bayesian_filing",3
"SRC-990-EXT-FRESH-ENERGY","Fresh Energy","filing","exact_base",8,"latent_base_salary",12.4117920746609,NA,12.4117920746609,12.4117920746609,12.2957484656144,11.7558569540483,12.8327619201993,11.6179319990801,12.9842189762837,-0.0893026308175892,0.107691073254654,1,1,"bayesian_filing",3
"SRC-990-EXT-MIGRATION-POLICY-INSTITUTE","Migration Policy Institute","filing","exact_base",8,"latent_base_salary",12.6227383916406,NA,12.6227383916406,12.6227383916406,12.6065138409804,12.2378866552027,13.0076697232734,12.126737458509,13.1115498095815,0.284053457543769,0.0712064768437874,1,1,"bayesian_filing",3
"SRC-990-EXT-GLOBAL-HEALTH-CORPS","Global Health Corps","filing","exact_base",8,"latent_base_salary",12.4246040572612,NA,12.4246040572612,12.4246040572612,11.8771731612274,11.4884201030979,12.2710760103765,11.3846946766718,12.4006579060139,-1.34579115426706,0.375890680806744,0,0,"bayesian_filing",3
"SRC-990-EXT-STRONGMINDS","StrongMinds","filing","exact_base",8,"latent_base_salary",12.4509506432504,NA,12.4509506432504,12.4509506432504,12.3048742315591,11.9529245340518,12.6709582229798,11.8301313161288,12.7799681110201,0.174007157408073,0.0945684140756373,1,1,"bayesian_filing",3
"SRC-990-EXT-EVIDENCE-ACTION","Evidence Action","filing","exact_base",8,"latent_base_salary",12.8276536554356,NA,12.8276536554356,12.8276536554356,12.6016252057171,12.2074998908801,12.9965325505665,12.0871950949484,13.0888427625771,-0.000217839721685098,0.133561954901785,1,1,"bayesian_filing",3
"SRC-990-EXT3-CENTER-FOR-INTERNATIONAL-POLICY","Center for International Policy","filing","exact_base",8,"latent_base_salary",12.3116931273939,NA,12.3116931273939,12.3116931273939,12.0472506604221,11.4784442817384,12.6131370041092,11.3153594317509,12.7494876433171,-0.265488125139666,0.171250306601713,1,1,"bayesian_filing",3
"SRC-990-EXT-INSTITUTE-FOR-THE-STUDY-OF-WAR","Institute for the Study of War","filing","exact_base",9,"latent_base_salary",12.2737531161958,NA,12.2737531161958,12.2737531161958,12.5115520561472,12.1143146708678,12.8933873293857,12.0112496256195,12.9941617292769,-0.0340896821219873,0.143460392094811,1,1,"bayesian_filing",3
"SRC-990-EXT-CENTER-FOR-CLIMATE-AND-ENERGY-SOLUTIONS","Center for Climate and Energy Solutions","filing","exact_base",9,"latent_base_salary",12.9791557665258,NA,12.9791557665258,12.9791557665258,13.071321616524,12.6646656054513,13.4839231651293,12.5420846471782,13.5778113729714,0.23409956571842,0.0805954104299215,1,1,"bayesian_filing",3
"SRC-990-EXT-CENTER-FOR-OPEN-SCIENCE","Center for Open Science","filing","exact_base",9,"latent_base_salary",12.5016604600873,NA,12.5016604600873,12.5016604600873,12.5032839488864,12.1433801442397,12.8733427984951,12.0278314772312,13.0028953162465,0.328968630056216,0.0678392021279559,1,1,"bayesian_filing",3
"SRC-990-EXT-TECHNICAL-ASSISTANCE-COLLABORATIVE","Technical Assistance Collaborative","filing","exact_base",9,"latent_base_salary",12.4383619268654,NA,12.4383619268654,12.4383619268654,12.515247400914,12.1536492877294,12.884285612663,12.0329224415065,12.9788528857685,0.282682286174714,0.0786695540175948,1,1,"bayesian_filing",3
"SRC-990-EXT-THE-SENTENCING-PROJECT","The Sentencing Project","filing","exact_base",9,"latent_base_salary",12.2172732835324,NA,12.2172732835324,12.2172732835324,12.3252717247908,11.9344877619895,12.6972820405094,11.8469623284112,12.8003419300669,0.235852227713063,0.0855693082790012,1,1,"bayesian_filing",3
"SRC-990-EXT-PEAK-GRANTMAKING","PEAK Grantmaking","filing","exact_base",9,"latent_base_salary",12.6147062287155,NA,12.6147062287155,12.6147062287155,12.8338921487581,12.4561748434703,13.2155589091616,12.3674745015171,13.3185549473433,0.0158166375888948,0.128456956144164,1,1,"bayesian_filing",3
"SRC-990-EXT-GRANTMAKERS-FOR-EDUCATION","Grantmakers for Education","filing","exact_base",9,"latent_base_salary",12.4309659850717,NA,12.4309659850717,12.4309659850717,12.9110296701194,12.4687127248567,13.3451852500478,12.3537560225337,13.4727774365659,-0.808451090143993,0.306210329255433,0,1,"bayesian_filing",3
"SRC-990-EXT-MERCY-FOR-ANIMALS","Mercy For Animals","filing","exact_base",9,"latent_base_salary",12.2436538423338,NA,12.2436538423338,12.2436538423338,12.3192308775782,11.9334733504757,12.7055222705733,11.8382790308231,12.8110621208398,0.260470392651977,0.0759935972204598,1,1,"bayesian_filing",3
"SRC-990-EXT-GUTTMACHER-INSTITUTE","Guttmacher Institute","filing","exact_base",9,"latent_base_salary",12.8946594433338,NA,12.8946594433338,12.8946594433338,13.3959333629067,13.0121441835841,13.7500753563406,12.9060824170009,13.8668372218447,-1.14170028773332,0.344706276703552,0,0,"bayesian_filing",3
"SRC-990-EXT-COUNCIL-ON-STRATEGIC-RISKS","Council on Strategic Risks","filing","exact_base",10,"latent_base_salary",12.508796619219,NA,12.508796619219,12.508796619219,12.530549004049,12.1738002485188,12.8905720244125,12.0692389353262,13.0005903520551,0.335733739036636,0.067981059582432,1,1,"bayesian_filing",3
"SRC-990-EXT-TAX-FOUNDATION","Tax Foundation","filing","exact_base",10,"latent_base_salary",12.515216592965,NA,12.515216592965,12.515216592965,12.5976637858086,12.2442016339641,12.9602338212567,12.1438462987588,13.0698588179866,0.318004635729234,0.0765557087094586,1,1,"bayesian_filing",3
"SRC-990-EXT-CENTER-FOR-A-NEW-AMERICAN-SECURITY","Center for a New American Security","filing","exact_base",10,"latent_base_salary",13.1871814907024,NA,13.1871814907024,13.1871814907024,13.0430890728209,12.6723651995996,13.4083175213152,12.5542524859314,13.517665974778,0.200567195004068,0.0973099791034667,1,1,"bayesian_filing",3
"SRC-990-EXT-ECONOMIC-POLICY-INSTITUTE","Economic Policy Institute","filing","exact_base",10,"latent_base_salary",12.4477248107957,NA,12.4477248107957,12.4477248107957,12.7413513781511,12.3733198622669,13.1039869033239,12.2628014365726,13.2080499098635,-0.203280416440847,0.182597020983791,1,1,"bayesian_filing",3
"SRC-990-EXT-CHICAGO-COUNCIL-ON-GLOBAL-AFFAIRS","Chicago Council on Global Affairs","filing","exact_base",10,"latent_base_salary",13.1491202773988,NA,13.1491202773988,13.1491202773988,12.8562309701506,12.4810693579916,13.2228622385627,12.3643349255697,13.3337733119306,-0.200193443508613,0.176300150329947,1,1,"bayesian_filing",3
"SRC-990-EXT-INSTITUTE-FOR-POLICY-STUDIES","Institute for Policy Studies","filing","exact_base",10,"latent_base_salary",12.053986283532,NA,12.053986283532,12.053986283532,12.167762319048,11.7059763833724,12.6558330323261,11.559142662146,12.7853011018986,0.0164638865208812,0.106809488855456,1,1,"bayesian_filing",3
"SRC-990-EXT-ELECTRONIC-FRONTIER-FOUNDATION","Electronic Frontier Foundation","filing","exact_base",10,"latent_base_salary",12.757183396529,NA,12.757183396529,12.757183396529,12.9960651540721,12.6139100773298,13.3532099754866,12.5099225672753,13.4700345528809,-0.0388175281923503,0.13983023532023,1,1,"bayesian_filing",3
"SRC-990-EXT-NATIONAL-COMMITTEE-FOR-RESPONSIVE-PHILANTHROPY","National Committee for Responsive Philanthropy","filing","exact_base",10,"latent_base_salary",12.742437732963,NA,12.742437732963,12.742437732963,12.6568966746152,12.2647240776164,13.0349727997363,12.1398518400474,13.1426156642959,0.24129510201555,0.0782967574868794,1,1,"bayesian_filing",3
"SRC-990-EXT-REDWOOD-RESEARCH","Redwood Research","filing","exact_base",10,"latent_base_salary",12.5766540301346,NA,12.5766540301346,12.5766540301346,13.0474528032297,12.4415413097205,13.6655352087577,12.277662061209,13.8765172076214,-0.645104378646258,0.265599775454665,1,1,"bayesian_filing",3
"SRC-990-EXT-OPEN-SOURCE-INITIATIVE","Open Source Initiative","filing","exact_base",10,"latent_base_salary",12.2102910853882,NA,12.2102910853882,12.2102910853882,11.6231855417939,11.0932187943864,12.1592701809813,10.9063094428792,12.3218096336408,-1.03784762225863,0.370455863964471,0,1,"bayesian_filing",3
"SRC-990-EXT3-AMERICAN-SECURITY-PROJECT","American Security Project","filing","exact_base",10,"latent_base_salary",11.9786620658855,NA,11.9786620658855,11.9786620658855,11.5667979365931,11.0521928063543,12.0548045592712,10.9094027532061,12.2137018934133,-0.517256675979922,0.251508597373963,1,1,"bayesian_filing",3
"SRC-990-EA-COPENHAGEN-CONSENSUS-CENTER","Copenhagen Consensus Center","filing","exact_base",10,"latent_base_salary",13.0459767896383,NA,13.0459767896383,13.0459767896383,11.4787378398877,10.9447628995195,11.9904679376569,10.8160308028807,12.126934030022,-6.75482366461133,1.30353980417853,0,0,"bayesian_filing",3
"SRC-990-EXT-CENTER-FOR-AI-SAFETY","Center for AI Safety","filing","exact_base",1,"latent_base_salary",12.7213413939825,NA,12.7213413939825,12.7213413939825,12.7449668317848,12.3843395817427,13.1040081497518,12.2857537580746,13.2055255473867,0.341903631256673,0.0667744262968462,1,1,"bayesian_exact",3
"SRC-990-EXT-FUTURE-OF-PRIVACY-FORUM","Future of Privacy Forum","filing","exact_base",1,"latent_base_salary",13.5088520328401,NA,13.5088520328401,13.5088520328401,12.8684175613246,12.5343524988978,13.2024682889742,12.4356101442177,13.2808118305544,-2.6865089646771,0.501603753924809,0,0,"bayesian_exact",3
"SRC-990-EXT-GRANTMAKERS-FOR-EFFECTIVE-ORGANIZATIONS","Grantmakers for Effective Organizations","filing","exact_base",1,"latent_base_salary",12.8837522170102,NA,12.8837522170102,12.8837522170102,12.8284726034954,12.512556695613,13.1575864119229,12.4092697395907,13.2740411304526,0.429749283068598,0.0635217134760027,1,1,"bayesian_exact",3
"SRC-990-EXT-RESEARCH-AMERICA","Research!America","filing","exact_base",1,"latent_base_salary",13.297112905275,NA,13.297112905275,13.297112905275,12.8080881907317,12.4733437924589,13.1364265504655,12.3864672075226,13.2231417772126,-1.37871409213217,0.345855987082894,0,0,"bayesian_exact",3
"SRC-990-EXT-ROOSEVELT-INSTITUTE","Roosevelt Institute","filing","exact_base",1,"latent_base_salary",13.0866290852163,NA,13.0866290852163,13.0866290852163,12.8680340529074,12.537760698631,13.1804573883488,12.4503040071079,13.2658373016558,0.080159162297072,0.126601262064262,1,1,"bayesian_exact",3
"SRC-990-EXT-PUBLIC-KNOWLEDGE","Public Knowledge","filing","exact_base",1,"latent_base_salary",12.4996822653103,NA,12.4996822653103,12.4996822653103,12.5657850163497,12.2215550257578,12.8960223949123,12.1519689282097,12.9906627111293,0.415483039114876,0.0653688498858611,1,1,"bayesian_exact",3
"SRC-990-EXT-VILLAGEREACH","VillageReach","filing","exact_base",1,"latent_base_salary",12.4314315810676,NA,12.4314315810676,12.4314315810676,12.58398711636,12.2337985671555,12.9408866577732,12.1262369907232,13.0225252460473,0.24651516132424,0.0917124062605503,1,1,"bayesian_exact",3
"SRC-990-EXT-ECONOMIC-INNOVATION-GROUP","Economic Innovation Group","filing","exact_base",1,"latent_base_salary",12.9583656609222,NA,12.9583656609222,12.9583656609222,12.8550830115889,12.5397954503583,13.1802618739175,12.4636913913203,13.2744246144137,0.37500290762079,0.074034534344988,1,1,"bayesian_exact",3
"SRC-990-EXT-ENERGY-FOR-GROWTH-HUB","Energy for Growth Hub","filing","exact_base",1,"latent_base_salary",13.0105039226493,NA,13.0105039226493,13.0105039226493,12.4887810823236,12.1487470322503,12.8214987545808,12.0355759896089,12.9275055534089,-1.49368203859343,0.378329578072114,0,0,"bayesian_exact",3
"SRC-990-EXT-INNOVATIONS-FOR-POVERTY-ACTION","Innovations for Poverty Action","filing","exact_base",1,"latent_base_salary",12.4867659407714,NA,12.4867659407714,12.4867659407714,12.6928137831783,12.3535804678784,13.029333536591,12.2682693335783,13.1316563663613,0.101012272728164,0.123356847542243,1,1,"bayesian_exact",3
"SRC-990-EA-CENTER-FOR-ELECTION-SCIENCE","Center for Election Science","filing","exact_base",1,"latent_base_salary",12.2614916001655,NA,12.2614916001655,12.2614916001655,12.2816757632291,11.8640031712098,12.7071075829633,11.7459282928637,12.8205911043323,0.20360279480429,0.0751020350125578,1,1,"bayesian_exact",3
"SRC-990-EXT-CENTER-FOR-DEMOCRACY-TECHNOLOGY","Center for Democracy & Technology","filing","exact_base",2,"latent_base_salary",12.9169778646385,NA,12.9169778646385,12.9169778646385,12.8017488809903,12.4569960471325,13.1473557603571,12.3661983184208,13.2396128505489,0.317452306058953,0.0823552827803445,1,1,"bayesian_exact",3
"SRC-990-EXT-PROJECT-DRAWDOWN","Project Drawdown","filing","exact_base",2,"latent_base_salary",13.0056540850792,NA,13.0056540850792,13.0056540850792,12.7034006836742,12.34865806755,13.0549625431255,12.253264990032,13.1742368924379,-0.240316532950189,0.187517750954227,1,1,"bayesian_exact",3
"SRC-990-EXT-CHARITY-NAVIGATOR","Charity Navigator","filing","exact_base",2,"latent_base_salary",12.7520384665336,NA,12.7520384665336,12.7520384665336,12.7159788755453,12.3831148014019,13.0587583319358,12.2946393766845,13.1672537665078,0.401288839181685,0.063916748329375,1,1,"bayesian_exact",3
"SRC-990-EXT-DATA-QUALITY-CAMPAIGN","Data Quality Campaign","filing","exact_base",2,"latent_base_salary",12.9352645395531,NA,12.9352645395531,12.9352645395531,13.0504109567288,12.6825003140072,13.4080291973615,12.5735387784975,13.4972959619425,0.272920943838254,0.0855716981820346,1,1,"bayesian_exact",3
"SRC-990-EXT-NISKANEN-CENTER","Niskanen Center","filing","exact_base",2,"latent_base_salary",13.3543131280751,NA,13.3543131280751,13.3543131280751,12.9497913382812,12.5935748845108,13.2749971882469,12.5096164383011,13.3772366037189,-0.791523682447973,0.270483058988223,0,1,"bayesian_exact",3
"SRC-990-EXT-INSTITUTE-ON-TAXATION-AND-ECONOMIC-POLICY","Institute on Taxation and Economic Policy","filing","exact_base",2,"latent_base_salary",12.3346530459445,NA,12.3346530459445,12.3346530459445,12.7201382786732,12.3889409887809,13.0548378753562,12.2788516148477,13.1884992844101,-0.651550826246925,0.252772007671222,0,1,"bayesian_exact",3
"SRC-990-EXT-PUBLIC-AGENDA","Public Agenda","filing","exact_base",2,"latent_base_salary",12.5141054670907,NA,12.5141054670907,12.5141054670907,12.3498574693318,12.0020185987394,12.7014429067358,11.9058630893425,12.800724661547,0.195736768828032,0.102323956852323,1,1,"bayesian_exact",3
"SRC-990-EXT-OPENSECRETS","OpenSecrets","filing","exact_base",2,"latent_base_salary",12.3218529214459,NA,12.3218529214459,12.3218529214459,12.2688829591262,11.9308434742933,12.6190426611403,11.8198344117869,12.7143242824291,0.388218488405958,0.0666622143637691,1,1,"bayesian_exact",3
"SRC-990-EXT3-NUCLEAR-INNOVATION-ALLIANCE","Nuclear Innovation Alliance","filing","exact_base",2,"latent_base_salary",12.6101041264858,NA,12.6101041264858,12.6101041264858,12.1387389490312,11.7825401076281,12.4769491463382,11.6636265745039,12.5784299336111,-1.15081462155421,0.324791591333714,0,0,"bayesian_exact",3
"SRC-990-EXT3-CENTER-FOR-ARMS-CONTROL-AND-NON-PROLIFERATION","Center for Arms Control and Non-Proliferation","filing","exact_base",2,"latent_base_salary",12.5533356659485,NA,12.5533356659485,12.5533356659485,12.2509127015839,11.7863316813096,12.6983548832982,11.6550301808196,12.8441204264574,-0.261347774151262,0.164387364172993,1,1,"bayesian_exact",3
"SRC-990-EA-FORESIGHT-INSTITUTE","Foresight Institute","filing","exact_base",2,"latent_base_salary",12.5911934036369,NA,12.5911934036369,12.5911934036369,12.3414675769695,11.8690508225808,12.8059158845657,11.7355975251523,12.9606708291414,-0.141058645386858,0.136979904592387,1,1,"bayesian_exact",3
"SRC-990-EXT-POPULATION-REFERENCE-BUREAU","Population Reference Bureau","filing","exact_base",3,"latent_base_salary",12.816309953692,NA,12.816309953692,12.816309953692,12.5387418798729,12.0836300326642,13.0039433347168,11.9594105347255,13.1262237411855,-0.193849787884105,0.162271009636644,1,1,"bayesian_exact",3
"SRC-990-EXT-FAR-AI","FAR AI","filing","exact_base",3,"latent_base_salary",12.405415596293,NA,12.405415596293,12.405415596293,12.6438819612873,12.3069265448382,12.9732988453605,12.2101260848344,13.0693097818061,-0.00238737502149944,0.142275771293376,1,1,"bayesian_exact",3
"SRC-990-EXT-QUINCY-INSTITUTE-FOR-RESPONSIBLE-STATECRAFT","Quincy Institute for Responsible Statecraft","filing","exact_base",3,"latent_base_salary",12.631030234805,NA,12.631030234805,12.631030234805,12.9708894404286,12.6552286469389,13.3177328131124,12.5669044491909,13.4141870280406,-0.435536901882483,0.214012931257088,0,1,"bayesian_exact",3
"SRC-990-EXT-ENVIRONMENTAL-LAW-INSTITUTE","Environmental Law Institute","filing","exact_base",3,"latent_base_salary",12.6696219906236,NA,12.6696219906236,12.6696219906236,12.7056387716531,12.3673968443517,13.0715568525411,12.2739310859881,13.1629304604071,0.376312546562693,0.0665821085649312,1,1,"bayesian_exact",3
"SRC-990-EXT-INSTITUTE-FOR-ENERGY-ECONOMICS-AND-FINANCIAL-ANALYSIS","Institute for Energy Economics and Financial Analysis","filing","exact_base",3,"latent_base_salary",12.5797210272034,NA,12.5797210272034,12.5797210272034,12.5529359966388,12.2180478546082,12.9028982112424,12.1208620914287,13.0016874516601,0.42034369414725,0.0611711765104942,1,1,"bayesian_exact",3
"SRC-990-EXT3-LEARNING-POLICY-INSTITUTE","Learning Policy Institute","filing","exact_base",3,"latent_base_salary",13.1712146825618,NA,13.1712146825618,13.1712146825618,12.8807631304849,12.5615385591341,13.194838027702,12.4568812459364,13.2860727248067,-0.212070851875826,0.175283827030636,1,1,"bayesian_exact",3
"SRC-990-EXT-INSTITUTE-FOR-SECURITY-AND-TECHNOLOGY","Institute for Security and Technology","filing","exact_base",3,"latent_base_salary",12.3935414740295,NA,12.3935414740295,12.3935414740295,12.7503874357824,12.4227333726119,13.0806937465955,12.3240101372427,13.1649072156606,-0.525176088120284,0.230442228435821,0,1,"bayesian_exact",3
"SRC-990-EXT-ARMS-CONTROL-ASSOCIATION","Arms Control Association","filing","exact_base",3,"latent_base_salary",11.7955985634313,NA,11.7955985634313,11.7955985634313,12.3764025451471,11.935108596386,12.8257121190963,11.799505669903,12.9608467180145,-1.25042145163343,0.390336492772833,0,0,"bayesian_exact",3
"SRC-990-EXT-DATAKIND","DataKind","filing","exact_base",4,"latent_base_salary",12.4083285202951,NA,12.4083285202951,12.4083285202951,12.6553464926485,12.3230505265854,13.0113118538389,12.22615137941,13.1025699654488,-0.0325721652512704,0.15021270439877,1,1,"bayesian_exact",3
"SRC-990-EXT-GIVINGTUESDAY","GivingTuesday","filing","exact_base",4,"latent_base_salary",12.8728251821158,NA,12.8728251821158,12.8728251821158,12.4819923262245,12.1526912367309,12.8259397731079,12.0556277002026,12.9253706248946,-0.693016772904626,0.251018724832739,0,1,"bayesian_exact",3
"SRC-990-EXT-JAIN-FAMILY-INSTITUTE","Jain Family Institute","filing","exact_base",4,"latent_base_salary",12.3338860528408,NA,12.3338860528408,12.3338860528408,12.6291391394671,12.28828807701,12.9391869220024,12.2029192575192,13.0332180972706,-0.225945462964077,0.181687659881035,1,1,"bayesian_exact",3
"SRC-990-EXT-INTERNET-SECURITY-RESEARCH-GROUP","Internet Security Research Group","filing","exact_base",4,"latent_base_salary",12.6634761632277,NA,12.6634761632277,12.6634761632277,12.4192411824081,12.090890860822,12.7506127714379,11.9868854288561,12.8423420151431,-0.0180655642182401,0.139408541740006,1,1,"bayesian_exact",3
"SRC-990-EXT-ORCID","ORCID","filing","exact_base",4,"latent_base_salary",12.5696077844296,NA,12.5696077844296,12.5696077844296,11.9475083319563,11.5872112411086,12.3281708877074,11.4667117642942,12.428774306403,-1.87578674519287,0.443301506472951,0,0,"bayesian_exact",3
"SRC-990-EXT-ANIMAL-WELFARE-INSTITUTE","Animal Welfare Institute","filing","exact_base",4,"latent_base_salary",12.1688180822369,NA,12.1688180822369,12.1688180822369,12.3850829835047,12.0515213106675,12.7061114607079,11.9453386264466,12.8001787788477,0.0745657381727023,0.123508260127715,1,1,"bayesian_exact",3
"SRC-990-EXT-INSTITUTE-FOR-NONPROFIT-NEWS","Institute for Nonprofit News","filing","exact_base",4,"latent_base_salary",12.3400869277947,NA,12.3400869277947,12.3400869277947,12.2858244573008,11.8899054305037,12.681439982531,11.7623893080075,12.7885049435679,0.257005945005572,0.0747227320773003,1,1,"bayesian_exact",3
"SRC-990-EXT-CODE-FOR-SCIENCE-SOCIETY","Code for Science & Society","filing","exact_base",4,"latent_base_salary",12.2746977427298,NA,12.2746977427298,12.2746977427298,12.5415597070592,12.0729776882726,13.0035690628193,11.9628032021079,13.1224642204658,-0.157412287561343,0.162733124969451,1,1,"bayesian_exact",3
"SRC-990-EXT-INDEPENDENT-SECTOR","Independent Sector","filing","exact_base",4,"latent_base_salary",13.3541442871094,NA,13.3541442871094,13.3541442871094,13.1610944563415,12.8261493152329,13.5099183605314,12.7450658169883,13.591731067408,0.154429358972319,0.112621566486017,1,1,"bayesian_exact",3
"SRC-990-EXT-CREATIVE-COMMONS","Creative Commons","filing","exact_base",4,"latent_base_salary",12.4083285202951,NA,12.4083285202951,12.4083285202951,12.4700150271084,12.1332064635326,12.8020765936928,12.0494677563118,12.8943663030748,0.394486715650052,0.067511375619407,1,1,"bayesian_exact",3
"SRC-990-EXT-RESULTS-FOR-AMERICA","Results for America","filing","exact_base",4,"latent_base_salary",12.6889203108623,NA,12.6889203108623,12.6889203108623,12.9575922075562,12.6428293097977,13.2899256117992,12.5452626534196,13.386960211554,-0.11668010299781,0.166618779844856,1,1,"bayesian_exact",3
"SRC-990-EXT-CLEAN-AIR-TASK-FORCE","Clean Air Task Force","filing","exact_base",4,"latent_base_salary",12.8291533338357,NA,12.8291533338357,12.8291533338357,12.7433610383968,12.3901452228725,13.1269076252923,12.2930144584224,13.2381005801446,0.313638271086695,0.077742313492413,1,1,"bayesian_exact",3
"SRC-990-EXT-IDEAS42","ideas42","filing","exact_base",5,"latent_base_salary",12.4941514017925,NA,12.4941514017925,12.4941514017925,12.4622706269659,12.1357660811671,12.8049522327285,12.0308904194885,12.8968057995947,0.414174900561514,0.0620041246011187,1,1,"bayesian_exact",3
"SRC-990-EXT-PETERSON-INSTITUTE-FOR-INTERNATIONAL-ECONOMICS","Peterson Institute for International Economics","filing","exact_base",5,"latent_base_salary",13.3086807403212,NA,13.3086807403212,13.3086807403212,13.6657860498103,13.3157689588628,14.0035341619776,13.2217644821419,14.0975978900209,-0.515296706471036,0.23564108588289,0,1,"bayesian_exact",3
"SRC-990-EXT-SOCIAL-SCIENCE-RESEARCH-COUNCIL","Social Science Research Council","filing","exact_base",5,"latent_base_salary",12.7968302816124,NA,12.7968302816124,12.7968302816124,13.0782179091659,12.7381272042483,13.4220110985152,12.646486887912,13.5239326538038,-0.173568169566169,0.168485307578187,1,1,"bayesian_exact",3
"SRC-990-EXT-AMERICAN-IMMIGRATION-COUNCIL","American Immigration Council","filing","exact_base",5,"latent_base_salary",12.6131309837729,NA,12.6131309837729,12.6131309837729,12.5341828165414,12.2114802936872,12.8453436615351,12.107878139884,12.9553131365527,0.414774506196057,0.0659510109535361,1,1,"bayesian_exact",3
"SRC-990-EXT-FEDERATION-OF-AMERICAN-SCIENTISTS","Federation of American Scientists","filing","exact_base",5,"latent_base_salary",13.0648771145336,NA,13.0648771145336,13.0648771145336,12.7325603847454,12.3834501308732,13.094452885445,12.2676478874524,13.17259901399,-0.369434424941525,0.205106673809468,1,1,"bayesian_exact",3
"SRC-990-EXT-PRECISION-DEVELOPMENT","Precision Development","filing","exact_base",5,"latent_base_salary",12.4150937427763,NA,12.4150937427763,12.4150937427763,12.5492946966124,12.229664574831,12.8745819396507,12.1410427748847,12.9655147094163,0.322907107264577,0.0856565036996444,1,1,"bayesian_exact",3
"SRC-990-EXT-RESULTS-FOR-DEVELOPMENT","Results for Development","filing","exact_base",5,"latent_base_salary",12.9211104925028,NA,12.9211104925028,12.9211104925028,12.8511887060886,12.5325666123669,13.1884696079897,12.4498046351563,13.2860301903642,0.424786339932904,0.0648199422193854,1,1,"bayesian_exact",3
"SRC-990-EXT-SOFTWARE-FREEDOM-CONSERVANCY","Software Freedom Conservancy","filing","exact_base",5,"latent_base_salary",12.1568022510686,NA,12.1568022510686,12.1568022510686,12.2240009025941,11.7309603548405,12.7036337193593,11.5987007612184,12.8230172948785,0.0497488506190149,0.088305377616186,1,1,"bayesian_exact",3
"SRC-990-EXT-PROJECT-HEALTHY-CHILDREN","Project Healthy Children","filing","exact_base",5,"latent_base_salary",11.5747708002363,NA,11.5747708002363,11.5747708002363,12.6810672958539,12.3364624996589,13.0474027765112,12.2500395623182,13.1566382580604,-7.53688125038999,0.950765519107864,0,0,"bayesian_exact",3
"SRC-990-EXT-SIGHTLINE-INSTITUTE","Sightline Institute","filing","exact_base",5,"latent_base_salary",12.2612800796685,NA,12.2612800796685,12.2612800796685,12.1195666296314,11.7758774606063,12.4655199042689,11.6689858552162,12.5574568437161,0.280838752086839,0.0898711885693146,1,1,"bayesian_exact",3
"SRC-990-EXT-LAST-MILE-HEALTH","Last Mile Health","filing","exact_base",5,"latent_base_salary",12.4850802155385,NA,12.4850802155385,12.4850802155385,12.5633441239717,12.2504284489534,12.8790399406256,12.1584458737198,12.9587304694162,0.424503226548553,0.068089704205373,1,1,"bayesian_exact",3
"SRC-990-EA-GIVEWELL","GiveWell","filing","exact_base",5,"latent_base_salary",13.0190388321958,NA,13.0190388321958,13.0190388321958,12.813271556101,12.2880378857889,13.3297017781086,12.1685209481673,13.4686046081137,-0.133541215976429,0.133231572776493,1,1,"bayesian_exact",3
"SRC-990-EXT-FRAMEWORKS-INSTITUTE","FrameWorks Institute","filing","exact_base",6,"latent_base_salary",13.0266397001217,NA,13.0266397001217,13.0266397001217,12.8218691739512,12.4769815741736,13.1608906657282,12.3865704011589,13.2411491518754,0.101789153883135,0.12336451646369,1,1,"bayesian_exact",3
"SRC-990-EXT-WORLD-JUSTICE-PROJECT","World Justice Project","filing","exact_base",6,"latent_base_salary",12.8497369708156,NA,12.8497369708156,12.8497369708156,12.7992026904544,12.429371220472,13.16661099907,12.3273488690624,13.2675325537748,0.342890757857675,0.0687123189631087,1,1,"bayesian_exact",3
"SRC-990-EXT-STIMSON-CENTER","Stimson Center","filing","exact_base",6,"latent_base_salary",12.9582226865033,NA,12.9582226865033,12.9582226865033,12.6726645996696,12.3299956740462,13.0213510488138,12.2226892339143,13.1230126264002,-0.175446240374685,0.173174589553155,1,1,"bayesian_exact",3
"SRC-990-EXT-GOOD-FOOD-INSTITUTE","Good Food Institute","filing","exact_base",6,"latent_base_salary",12.3904522913386,NA,12.3904522913386,12.3904522913386,12.6059317169938,12.2520916916475,12.963720074449,12.1623662558082,13.0779744172454,0.0623297393495679,0.124289494619503,1,1,"bayesian_exact",3
"SRC-990-EXT-TECHCONGRESS","TechCongress","filing","exact_base",6,"latent_base_salary",12.4960490464963,NA,12.4960490464963,12.4960490464963,12.2631480909685,11.8947637799523,12.6017749146509,11.7930013328971,12.7054887707304,0.00556342451035019,0.133864622590431,1,1,"bayesian_exact",3
"SRC-990-EXT-NEW-AMERICA","New America","filing","exact_base",6,"latent_base_salary",13.2081577341251,NA,13.2081577341251,13.2081577341251,13.1520851043973,12.8097898887103,13.5150405010712,12.7176623331763,13.6081781957337,0.343677893396668,0.0691928693615886,1,1,"bayesian_exact",3
"SRC-990-EXT-THIRD-WAY-INSTITUTE","Third Way Institute","filing","exact_base",6,"latent_base_salary",12.9939824923999,NA,12.9939824923999,12.9939824923999,12.7472547156734,12.1614095935364,13.3489510923171,12.0036394916145,13.52315671221,-0.270475580643011,0.155806908505569,1,1,"bayesian_exact",3
"SRC-990-EXT-BIPARTISAN-POLICY-CENTER","Bipartisan Policy Center","filing","exact_base",6,"latent_base_salary",13.69992393343,NA,13.69992393343,13.69992393343,13.1987934347668,12.8356565556566,13.5521200712466,12.7393063307706,13.6826682807872,-1.30389068797291,0.35730137532705,0,0,"bayesian_exact",3
"SRC-990-EXT-THE-HUMANE-LEAGUE","The Humane League","filing","exact_base",6,"latent_base_salary",12.3775599734482,NA,12.3775599734482,12.3775599734482,12.4521427073858,12.0687190358141,12.8368635893116,11.9598585474153,12.9475036194386,0.289766550615171,0.0745622168316646,1,1,"bayesian_exact",3
"SRC-990-EXT-VILLAGE-ENTERPRISE","Village Enterprise","filing","exact_base",6,"latent_base_salary",12.5400430408691,NA,12.5400430408691,12.5400430408691,12.5332956659572,12.1762928754656,12.8877692428471,12.0720593005527,12.9812453493128,0.393698041034823,0.0625218687308608,1,1,"bayesian_exact",3
"SRC-990-EXT-FARM-SANCTUARY","Farm Sanctuary","filing","exact_base",6,"latent_base_salary",12.3163882693373,NA,12.3163882693373,12.3163882693373,12.4869899513753,12.1256096510005,12.8404336595268,12.0113675551507,12.9508634415566,0.171012192623241,0.10495375687019,1,1,"bayesian_exact",3
"SRC-990-EXT-VERA-INSTITUTE-OF-JUSTICE","Vera Institute of Justice","filing","exact_base",6,"latent_base_salary",13.3181829414966,NA,13.3181829414966,13.3181829414966,13.0986618210522,12.7316127354164,13.462597409022,12.6419144009294,13.5791626782218,0.0473056628434907,0.134448444522306,1,1,"bayesian_exact",3
"SRC-990-EXT-PHYSICIANS-FOR-SOCIAL-RESPONSIBILITY","Physicians for Social Responsibility","filing","exact_base",6,"latent_base_salary",11.9808845054682,NA,11.9808845054682,11.9808845054682,12.2585454192949,11.9221153954614,12.5938143735788,11.817681331301,12.6905633732816,-0.142887219804539,0.176380587059363,1,1,"bayesian_exact",3
"SRC-990-EXT-DEMOS","Demos","filing","exact_base",7,"latent_base_salary",12.6428849557391,NA,12.6428849557391,12.6428849557391,12.8542403331967,12.502975672268,13.2030249653237,12.3959679291092,13.2934352740163,0.072207649131332,0.12541692030629,1,1,"bayesian_exact",3
"SRC-990-EXT-INFORMATION-TECHNOLOGY-AND-INNOVATION-FOUNDATION","Information Technology and Innovation Foundation","filing","exact_base",7,"latent_base_salary",13.2745188452622,NA,13.2745188452622,13.2745188452622,12.9903718565829,12.6092968753175,13.3600657614509,12.5130119789103,13.4724035306027,-0.163837201338981,0.177981185131251,1,1,"bayesian_exact",3
"SRC-990-EXT-BREAKTHROUGH-INSTITUTE","Breakthrough Institute","filing","exact_base",7,"latent_base_salary",12.579065834723,NA,12.579065834723,12.579065834723,12.6517745878594,12.3059860674775,13.0026147496596,12.2051135340155,13.1100567079706,0.316952682676762,0.0729604147015445,1,1,"bayesian_exact",3
"SRC-990-EXT-CENTER-FOR-EFFECTIVE-PHILANTHROPY","Center for Effective Philanthropy","filing","exact_base",7,"latent_base_salary",13.2146671151145,NA,13.2146671151145,13.2146671151145,12.9141245454169,12.5557622020017,13.2549892918929,12.464373123552,13.3633416217341,-0.236414226423145,0.185090863864299,1,1,"bayesian_exact",3
"SRC-990-EXT-SAN-FRANCISCO-ESTUARY-INSTITUTE","San Francisco Estuary Institute","filing","exact_base",7,"latent_base_salary",12.1771418570467,NA,12.1771418570467,12.1771418570467,12.4640263480811,12.107979764184,12.7967272880497,12.0004369564999,12.8959134825914,-0.176438592883417,0.17764411361172,1,1,"bayesian_exact",3
"SRC-990-EXT-NATIONAL-EMPLOYMENT-LAW-PROJECT","National Employment Law Project","filing","exact_base",7,"latent_base_salary",12.8184638703657,NA,12.8184638703657,12.8184638703657,12.8591245988626,12.5081900871754,13.2047006160651,12.3975232017926,13.299626299039,0.390044679874104,0.0646273165416652,1,1,"bayesian_exact",3
"SRC-990-EXT-BULLETIN-OF-THE-ATOMIC-SCIENTISTS","Bulletin of the Atomic Scientists","filing","exact_base",7,"latent_base_salary",12.3173567420894,NA,12.3173567420894,12.3173567420894,12.3643402577489,12.0414696032139,12.7048291557304,11.9283214613623,12.8070488312319,0.381030395464169,0.0657070848867339,1,1,"bayesian_exact",3
"SRC-990-EXT-OPEN-MARKETS-INSTITUTE","Open Markets Institute","filing","exact_base",7,"latent_base_salary",12.1897506129305,NA,12.1897506129305,12.1897506129305,12.5128169173872,12.1536046710893,12.83510624457,12.059181674519,12.937030228304,-0.334900764942917,0.201803592193944,1,1,"bayesian_exact",3
"SRC-990-EXT-ANIMAL-LEGAL-DEFENSE-FUND","Animal Legal Defense Fund","filing","exact_base",7,"latent_base_salary",12.5370734769901,NA,12.5370734769901,12.5370734769901,12.4940309185535,12.1388414004439,12.860856024333,12.0431352314102,12.9687045030681,0.354152395440525,0.0668372386449927,1,1,"bayesian_exact",3
"SRC-990-EXT-EXPONENT-PHILANTHROPY","Exponent Philanthropy","filing","exact_base",7,"latent_base_salary",12.6069727833315,NA,12.6069727833315,12.6069727833315,12.3609877926443,12.0071322953298,12.7178154842096,11.9080410821969,12.8379952976452,-0.0379182733331788,0.152078303508195,1,1,"bayesian_exact",3
"SRC-990-EXT-LIVING-GOODS","Living Goods","filing","exact_base",7,"latent_base_salary",12.5107284211723,NA,12.5107284211723,12.5107284211723,12.4367237066077,12.0888066528629,12.7983752215275,11.9844590237661,12.9150472111856,0.301103614008702,0.0724325787659906,1,1,"bayesian_exact",3
"SRC-990-EXT-PARTNERSHIP-ON-AI","Partnership on AI","filing","exact_base",8,"latent_base_salary",12.7912011974447,NA,12.7912011974447,12.7912011974447,12.8106273312021,12.449289326186,13.1684663088182,12.3505718216693,13.2709152417335,0.379675051049058,0.0640393290582179,1,1,"bayesian_exact",3
"SRC-990-EXT3-CENTER-FOR-HEALTH-CARE-STRATEGIES","Center for Health Care Strategies","filing","exact_base",8,"latent_base_salary",12.6222962067176,NA,12.6222962067176,12.6222962067176,12.6866597029106,12.3447048626458,13.035711056743,12.2373096987023,13.1363855593632,0.341870871818892,0.0698595997534381,1,1,"bayesian_exact",3
"SRC-990-EXT-CLIMATE-CENTRAL","Climate Central","filing","exact_base",8,"latent_base_salary",12.6801870016491,NA,12.6801870016491,12.6801870016491,12.7276427568316,12.3822755034683,13.086941899229,12.2870437688077,13.2069528017616,0.359983903517278,0.0666771507300865,1,1,"bayesian_exact",3
"SRC-990-EXT3-NATIONAL-ACADEMY-FOR-STATE-HEALTH-POLICY","National Academy for State Health Policy","filing","exact_base",8,"latent_base_salary",12.8776933603378,NA,12.8776933603378,12.8776933603378,12.916598878988,12.5573089600384,13.2989043603514,12.4554058885597,13.4023489722401,0.347932307316428,0.0681445834858032,1,1,"bayesian_exact",3
"SRC-990-EXT-NUMFOCUS","NumFOCUS","filing","exact_base",8,"latent_base_salary",12.0255072657542,NA,12.0255072657542,12.0255072657542,12.4561247818131,11.9192617619801,12.981131120867,11.7890556457293,13.1186808057291,-0.605738391785508,0.260866596627221,1,1,"bayesian_exact",3
"SRC-990-EXT3-CARBON-MAPPER","Carbon Mapper","filing","exact_base",8,"latent_base_salary",12.5153758745745,NA,12.5153758745745,12.5153758745745,12.8888309458602,12.5227463777348,13.2510433765145,12.4300751567723,13.3415732206335,-0.534459056741664,0.2303928947247,0,1,"bayesian_exact",3
"SRC-990-EXT-COMMITTEE-FOR-A-RESPONSIBLE-FEDERAL-BUDGET","Committee for a Responsible Federal Budget","filing","exact_base",8,"latent_base_salary",13.2655461923519,NA,13.2655461923519,13.2655461923519,13.0135081092516,12.660277048541,13.3629855601297,12.5670696128912,13.4491003972663,-0.051201132895478,0.145393894303971,1,1,"bayesian_exact",3
"SRC-990-EXT-FRESH-ENERGY","Fresh Energy","filing","exact_base",8,"latent_base_salary",12.4117920746609,NA,12.4117920746609,12.4117920746609,12.554503306647,12.0802749724877,13.0440684502498,11.9471501334366,13.1682636272428,0.0097177789405084,0.107551306390411,1,1,"bayesian_exact",3
"SRC-990-EXT-MIGRATION-POLICY-INSTITUTE","Migration Policy Institute","filing","exact_base",8,"latent_base_salary",12.6227383916406,NA,12.6227383916406,12.6227383916406,12.7175637673536,12.3600194469827,13.0848488174917,12.2653107372936,13.1901403788084,0.308138172281986,0.0799855983217797,1,1,"bayesian_exact",3
"SRC-990-EXT-GLOBAL-HEALTH-CORPS","Global Health Corps","filing","exact_base",8,"latent_base_salary",12.4246040572612,NA,12.4246040572612,12.4246040572612,12.0569347485081,11.6933564195063,12.4199556985042,11.5989201613654,12.5271714591457,-0.515379870908177,0.228383020939706,0,1,"bayesian_exact",3
"SRC-990-EXT-STRONGMINDS","StrongMinds","filing","exact_base",8,"latent_base_salary",12.4509506432504,NA,12.4509506432504,12.4509506432504,12.3889879950817,12.0304164919315,12.7311539569387,11.9239895749003,12.8472296315435,0.359688615176057,0.0678616109496987,1,1,"bayesian_exact",3
"SRC-990-EXT-EVIDENCE-ACTION","Evidence Action","filing","exact_base",8,"latent_base_salary",12.8276536554356,NA,12.8276536554356,12.8276536554356,12.623730389518,12.2787017741882,12.9805410503561,12.1836464846967,13.0778149999352,0.0950451289395196,0.118239729318407,1,1,"bayesian_exact",3
"SRC-990-EXT3-CENTER-FOR-INTERNATIONAL-POLICY","Center for International Policy","filing","exact_base",8,"latent_base_salary",12.3116931273939,NA,12.3116931273939,12.3116931273939,12.3917271230031,11.9055601092728,12.8665609765211,11.7512296261631,12.9955400907062,0.0291104982894532,0.0965504746499694,1,1,"bayesian_exact",3
"SRC-990-EXT-INSTITUTE-FOR-THE-STUDY-OF-WAR","Institute for the Study of War","filing","exact_base",9,"latent_base_salary",12.2737531161958,NA,12.2737531161958,12.2737531161958,12.5230834868643,12.1667316161101,12.8801722198551,12.0640305002516,12.9770921369913,-0.0454107249589056,0.156420353644183,1,1,"bayesian_exact",3
"SRC-990-EXT-CENTER-FOR-CLIMATE-AND-ENERGY-SOLUTIONS","Center for Climate and Energy Solutions","filing","exact_base",9,"latent_base_salary",12.9791557665258,NA,12.9791557665258,12.9791557665258,12.9890130706584,12.6186776607659,13.3474301655312,12.5232399009992,13.442349853443,0.387468897927777,0.0641267990720248,1,1,"bayesian_exact",3
"SRC-990-EXT-CENTER-FOR-OPEN-SCIENCE","Center for Open Science","filing","exact_base",9,"latent_base_salary",12.5016604600873,NA,12.5016604600873,12.5016604600873,12.5380699680919,12.1937505079193,12.8880312215093,12.0928115256196,12.9779656266118,0.412019375305152,0.0625416572246918,1,1,"bayesian_exact",3
"SRC-990-EXT-TECHNICAL-ASSISTANCE-COLLABORATIVE","Technical Assistance Collaborative","filing","exact_base",9,"latent_base_salary",12.4383619268654,NA,12.4383619268654,12.4383619268654,12.5106642968786,12.1919396038322,12.8450112772814,12.1071387758179,12.9461916122018,0.37150424204212,0.0690394668199825,1,1,"bayesian_exact",3
"SRC-990-EXT-THE-SENTENCING-PROJECT","The Sentencing Project","filing","exact_base",9,"latent_base_salary",12.2172732835324,NA,12.2172732835324,12.2172732835324,12.3171110153571,11.9890577674949,12.6687038405803,11.9001609014961,12.7588660999667,0.329466402066097,0.078608212357883,1,1,"bayesian_exact",3
"SRC-990-EXT-PEAK-GRANTMAKING","PEAK Grantmaking","filing","exact_base",9,"latent_base_salary",12.6147062287155,NA,12.6147062287155,12.6147062287155,12.8291653991754,12.4940668322313,13.168051990626,12.3775181634358,13.2781142683369,0.0709160906237734,0.12545089165416,1,1,"bayesian_exact",3
"SRC-990-EXT-GRANTMAKERS-FOR-EDUCATION","Grantmakers for Education","filing","exact_base",9,"latent_base_salary",12.4309659850717,NA,12.4309659850717,12.4309659850717,12.8082755837282,12.4104687829574,13.2156354453439,12.2912806784341,13.3262264719702,-0.47081106601211,0.225321431863976,1,1,"bayesian_exact",3
"SRC-990-EXT-MERCY-FOR-ANIMALS","Mercy For Animals","filing","exact_base",9,"latent_base_salary",12.2436538423338,NA,12.2436538423338,12.2436538423338,12.4472294641465,12.1049252404983,12.7913630074511,12.0247213092362,12.8902327714143,0.102058178360457,0.117315597427114,1,1,"bayesian_exact",3
"SRC-990-EXT-GUTTMACHER-INSTITUTE","Guttmacher Institute","filing","exact_base",9,"latent_base_salary",12.8946594433338,NA,12.8946594433338,12.8946594433338,13.3009155252054,12.9630090965852,13.635344968973,12.8697720183767,13.7435503544716,-0.75795470195416,0.271885157389459,0,1,"bayesian_exact",3
"SRC-990-EXT-COUNCIL-ON-STRATEGIC-RISKS","Council on Strategic Risks","filing","exact_base",10,"latent_base_salary",12.508796619219,NA,12.508796619219,12.508796619219,12.55768138792,12.2256073124389,12.8917286723951,12.1314864493958,12.9771196186584,0.410512173138332,0.0666505150709445,1,1,"bayesian_exact",3
"SRC-990-EXT-TAX-FOUNDATION","Tax Foundation","filing","exact_base",10,"latent_base_salary",12.515216592965,NA,12.515216592965,12.515216592965,12.6467790881096,12.3182940877451,12.9599947442565,12.2269718674247,13.0480146577065,0.309930463732387,0.0889737011570285,1,1,"bayesian_exact",3
"SRC-990-EXT-CENTER-FOR-A-NEW-AMERICAN-SECURITY","Center for a New American Security","filing","exact_base",10,"latent_base_salary",13.1871814907024,NA,13.1871814907024,13.1871814907024,12.9518264452642,12.6151571062108,13.2941174762418,12.5159466159286,13.4032414910312,0.011369839906275,0.137907239117054,1,1,"bayesian_exact",3
"SRC-990-EXT-ECONOMIC-POLICY-INSTITUTE","Economic Policy Institute","filing","exact_base",10,"latent_base_salary",12.4477248107957,NA,12.4477248107957,12.4477248107957,12.793948385936,12.4704382567734,13.1269628290659,12.3712129637504,13.2329026768237,-0.469018134130531,0.225593542109551,0,1,"bayesian_exact",3
"SRC-990-EXT-CHICAGO-COUNCIL-ON-GLOBAL-AFFAIRS","Chicago Council on Global Affairs","filing","exact_base",10,"latent_base_salary",13.1491202773988,NA,13.1491202773988,13.1491202773988,12.8242362524439,12.4848423899463,13.1681055409375,12.3938604461063,13.2538163925975,-0.347986733353915,0.198521958323013,1,1,"bayesian_exact",3
"SRC-990-EXT-INSTITUTE-FOR-POLICY-STUDIES","Institute for Policy Studies","filing","exact_base",10,"latent_base_salary",12.053986283532,NA,12.053986283532,12.053986283532,12.4796255274054,12.0284870062903,12.9119488117207,11.8910205959521,13.0170584125138,-0.627720091685119,0.268279050067639,1,1,"bayesian_exact",3
"SRC-990-EXT-ELECTRONIC-FRONTIER-FOUNDATION","Electronic Frontier Foundation","filing","exact_base",10,"latent_base_salary",12.757183396529,NA,12.757183396529,12.757183396529,12.803527776071,12.4500264956917,13.1596503750741,12.342661964666,13.2650726690207,0.348333184940269,0.0670922088667575,1,1,"bayesian_exact",3
"SRC-990-EXT-NATIONAL-COMMITTEE-FOR-RESPONSIVE-PHILANTHROPY","National Committee for Responsive Philanthropy","filing","exact_base",10,"latent_base_salary",12.742437732963,NA,12.742437732963,12.742437732963,12.6320580130733,12.2556036000949,12.9820893279771,12.1317693027642,13.0999674031996,0.261741659341647,0.0826068982556381,1,1,"bayesian_exact",3
"SRC-990-EXT-REDWOOD-RESEARCH","Redwood Research","filing","exact_base",10,"latent_base_salary",12.5766540301346,NA,12.5766540301346,12.5766540301346,12.8253020930262,12.2286113585116,13.400044504208,12.0329776301072,13.5619825307511,-0.284699372166501,0.157266855796218,1,1,"bayesian_exact",3
"SRC-990-EXT-OPEN-SOURCE-INITIATIVE","Open Source Initiative","filing","exact_base",10,"latent_base_salary",12.2102910853882,NA,12.2102910853882,12.2102910853882,11.9695590080612,11.4907623094401,12.4486017939662,11.3718554621957,12.570055134659,-0.14496353296925,0.142432137169155,1,1,"bayesian_exact",3
"SRC-990-EXT3-AMERICAN-SECURITY-PROJECT","American Security Project","filing","exact_base",10,"latent_base_salary",11.9786620658855,NA,11.9786620658855,11.9786620658855,12.0903736810544,11.6422471106016,12.5586713339899,11.5168590649379,12.6992524776342,0.0593626584785779,0.0965094550404153,1,1,"bayesian_exact",3
"SRC-990-EA-COPENHAGEN-CONSENSUS-CENTER","Copenhagen Consensus Center","filing","exact_base",10,"latent_base_salary",13.0459767896383,NA,13.0459767896383,13.0459767896383,12.0423995446816,11.5886870114283,12.5341659104416,11.4602576130108,12.6693579687209,-3.55285323262641,0.807185897268558,0,0,"bayesian_exact",3
"SRC-990-EXT-CENTER-FOR-AI-SAFETY","Center for AI Safety","filing","exact_base",1,"latent_base_salary",12.7213413939825,NA,12.7213413939825,12.7213413939825,12.5927468906742,12.2484875474286,12.9009141705098,12.1438510302158,12.9953264769896,0.31545927759703,0.0854501565799012,1,1,"bayesian_numeric",3
"SRC-990-EXT-FUTURE-OF-PRIVACY-FORUM","Future of Privacy Forum","filing","exact_base",1,"latent_base_salary",13.5088520328401,NA,13.5088520328401,13.5088520328401,12.8564934916005,12.5464271911543,13.1957060277008,12.4360812347552,13.2944394782267,-2.73286059713305,0.509716491020835,0,0,"bayesian_numeric",3
"SRC-990-EXT-GRANTMAKERS-FOR-EFFECTIVE-ORGANIZATIONS","Grantmakers for Effective Organizations","filing","exact_base",1,"latent_base_salary",12.8837522170102,NA,12.8837522170102,12.8837522170102,12.7474017193566,12.4237520717036,13.0800614391703,12.3248378086644,13.1714592859666,0.298935829438327,0.0888666963292695,1,1,"bayesian_numeric",3
"SRC-990-EXT-RESEARCH-AMERICA","Research!America","filing","exact_base",1,"latent_base_salary",13.297112905275,NA,13.297112905275,13.297112905275,12.8684867931063,12.5487771734041,13.1988560306861,12.4746042330225,13.2788199833201,-0.958238810618869,0.29497657937978,0,0,"bayesian_numeric",3
"SRC-990-EXT-ROOSEVELT-INSTITUTE","Roosevelt Institute","filing","exact_base",1,"latent_base_salary",13.0866290852163,NA,13.0866290852163,13.0866290852163,12.9011148960136,12.5726147003038,13.2239251714491,12.4780237378315,13.3156767301407,0.176473681301583,0.11293712663356,1,1,"bayesian_numeric",3
"SRC-990-EXT-PUBLIC-KNOWLEDGE","Public Knowledge","filing","exact_base",1,"latent_base_salary",12.4996822653103,NA,12.4996822653103,12.4996822653103,12.5667571948343,12.2544102811019,12.890372442064,12.1689089697413,13.0030419351162,0.404865004516252,0.0678942035638518,1,1,"bayesian_numeric",3
"SRC-990-EXT-VILLAGEREACH","VillageReach","filing","exact_base",1,"latent_base_salary",12.4314315810676,NA,12.4314315810676,12.4314315810676,12.4452590715436,12.1028980977946,12.7698486303585,12.0059083002868,12.8809299396599,0.418106079137955,0.06166200539012,1,1,"bayesian_numeric",3
"SRC-990-EXT-ECONOMIC-INNOVATION-GROUP","Economic Innovation Group","filing","exact_base",1,"latent_base_salary",12.9583656609222,NA,12.9583656609222,12.9583656609222,12.9161504967327,12.5900685606649,13.2483844799556,12.4894467674463,13.3616407574346,0.41942652379288,0.0636338989328679,1,1,"bayesian_numeric",3
"SRC-990-EXT-ENERGY-FOR-GROWTH-HUB","Energy for Growth Hub","filing","exact_base",1,"latent_base_salary",13.0105039226493,NA,13.0105039226493,13.0105039226493,12.6989809680627,12.3614537292069,13.0546628026748,12.2665030072284,13.1517274117174,-0.295490345422597,0.193174072023591,1,1,"bayesian_numeric",3
"SRC-990-EXT-INNOVATIONS-FOR-POVERTY-ACTION","Innovations for Poverty Action","filing","exact_base",1,"latent_base_salary",12.4867659407714,NA,12.4867659407714,12.4867659407714,12.8155505133925,12.468791697752,13.1522021552251,12.3666610528973,13.2470899560563,-0.372518106825895,0.202239394261968,1,1,"bayesian_numeric",3
"SRC-990-EA-CENTER-FOR-ELECTION-SCIENCE","Center for Election Science","filing","exact_base",1,"latent_base_salary",12.2614916001655,NA,12.2614916001655,12.2614916001655,12.2583605577962,11.793751730831,12.7197875775628,11.6516889084656,12.8892301402643,0.105524112120336,0.0851258699819529,1,1,"bayesian_numeric",3
"SRC-990-EXT-CENTER-FOR-DEMOCRACY-TECHNOLOGY","Center for Democracy & Technology","filing","exact_base",2,"latent_base_salary",12.9169778646385,NA,12.9169778646385,12.9169778646385,12.7756156312725,12.4526003032709,13.1092706856328,12.3625683953075,13.2055631118837,0.29243786397537,0.0899306336831947,1,1,"bayesian_numeric",3
"SRC-990-EXT-PROJECT-DRAWDOWN","Project Drawdown","filing","exact_base",2,"latent_base_salary",13.0056540850792,NA,13.0056540850792,13.0056540850792,12.7505442069392,12.4194214596131,13.0720549192284,12.3185544512564,13.1544190489076,-0.0583671937327719,0.153410623403782,1,1,"bayesian_numeric",3
"SRC-990-EXT-CHARITY-NAVIGATOR","Charity Navigator","filing","exact_base",2,"latent_base_salary",12.7520384665336,NA,12.7520384665336,12.7520384665336,12.6231789235317,12.2938946897647,12.9526511600826,12.2016947415937,13.0309048697483,0.318020787222693,0.0848305439221573,1,1,"bayesian_numeric",3
"SRC-990-EXT-DATA-QUALITY-CAMPAIGN","Data Quality Campaign","filing","exact_base",2,"latent_base_salary",12.9352645395531,NA,12.9352645395531,12.9352645395531,13.0469832919214,12.7146561744053,13.3945672168285,12.617333817091,13.4917816840473,0.335336266649499,0.0802550731267827,1,1,"bayesian_numeric",3
"SRC-990-EXT-NISKANEN-CENTER","Niskanen Center","filing","exact_base",2,"latent_base_salary",13.3543131280751,NA,13.3543131280751,13.3543131280751,12.8651929583317,12.5425160480493,13.1903313786414,12.4572343693691,13.2754711471293,-1.38801428008167,0.34842372663652,0,0,"bayesian_numeric",3
"SRC-990-EXT-INSTITUTE-ON-TAXATION-AND-ECONOMIC-POLICY","Institute on Taxation and Economic Policy","filing","exact_base",2,"latent_base_salary",12.3346530459445,NA,12.3346530459445,12.3346530459445,12.8011905695332,12.4523482725897,13.1352722967308,12.3498285332991,13.2342797325438,-1.1925272466482,0.327006855829062,0,0,"bayesian_numeric",3
"SRC-990-EXT-PUBLIC-AGENDA","Public Agenda","filing","exact_base",2,"latent_base_salary",12.5141054670907,NA,12.5141054670907,12.5141054670907,12.2520524440467,11.9127044701928,12.5837306865124,11.8250440391044,12.6789065763708,-0.0880495864211674,0.157505827774435,1,1,"bayesian_numeric",3
"SRC-990-EXT-OPENSECRETS","OpenSecrets","filing","exact_base",2,"latent_base_salary",12.3218529214459,NA,12.3218529214459,12.3218529214459,12.3093955588052,11.9776514227963,12.6578887925013,11.8875682208715,12.7689054942149,0.414807298247265,0.0621882274793829,1,1,"bayesian_numeric",3
"SRC-990-EXT3-NUCLEAR-INNOVATION-ALLIANCE","Nuclear Innovation Alliance","filing","exact_base",2,"latent_base_salary",12.6101041264858,NA,12.6101041264858,12.6101041264858,12.2358422103365,11.9009062113389,12.5676382215301,11.800372985521,12.648762091874,-0.605289391071461,0.24355040753015,0,1,"bayesian_numeric",3
"SRC-990-EXT3-CENTER-FOR-ARMS-CONTROL-AND-NON-PROLIFERATION","Center for Arms Control and Non-Proliferation","filing","exact_base",2,"latent_base_salary",12.5533356659485,NA,12.5533356659485,12.5533356659485,12.2873190312851,11.7937884357843,12.7690287030808,11.6576353141229,12.9007645114557,-0.193414002971882,0.150407289892151,1,1,"bayesian_numeric",3
"SRC-990-EA-FORESIGHT-INSTITUTE","Foresight Institute","filing","exact_base",2,"latent_base_salary",12.5911934036369,NA,12.5911934036369,12.5911934036369,12.2444452963837,11.782507689349,12.7184495047754,11.6559570937043,12.8549115653838,-0.362810941921586,0.20705232138228,1,1,"bayesian_numeric",3
"SRC-990-EXT-POPULATION-REFERENCE-BUREAU","Population Reference Bureau","filing","exact_base",3,"latent_base_salary",12.816309953692,NA,12.816309953692,12.816309953692,12.5791255155001,12.0963410319022,13.0511206069827,11.9841481052771,13.1915341009199,-0.132152249776077,0.142355176745101,1,1,"bayesian_numeric",3
"SRC-990-EXT-FAR-AI","FAR AI","filing","exact_base",3,"latent_base_salary",12.405415596293,NA,12.405415596293,12.405415596293,12.587020008061,12.248597474467,12.9113755806556,12.1532442793521,13.0087103882494,0.177089820565749,0.110989085939339,1,1,"bayesian_numeric",3
"SRC-990-EXT-QUINCY-INSTITUTE-FOR-RESPONSIBLE-STATECRAFT","Quincy Institute for Responsible Statecraft","filing","exact_base",3,"latent_base_salary",12.631030234805,NA,12.631030234805,12.631030234805,12.9586190752898,12.6202371633537,13.2904523654158,12.518017702261,13.3726751245673,-0.373379858217453,0.207101885366491,1,1,"bayesian_numeric",3
"SRC-990-EXT-ENVIRONMENTAL-LAW-INSTITUTE","Environmental Law Institute","filing","exact_base",3,"latent_base_salary",12.6696219906236,NA,12.6696219906236,12.6696219906236,12.5832017776819,12.2518497345753,12.9292676390873,12.1471700646271,13.0317779632447,0.368186911397363,0.072743845381281,1,1,"bayesian_numeric",3
"SRC-990-EXT-INSTITUTE-FOR-ENERGY-ECONOMICS-AND-FINANCIAL-ANALYSIS","Institute for Energy Economics and Financial Analysis","filing","exact_base",3,"latent_base_salary",12.5797210272034,NA,12.5797210272034,12.5797210272034,12.6089481073329,12.267820682722,12.9392363949797,12.1761406192582,13.0335437024278,0.426473035027627,0.0620850676210736,1,1,"bayesian_numeric",3
"SRC-990-EXT3-LEARNING-POLICY-INSTITUTE","Learning Policy Institute","filing","exact_base",3,"latent_base_salary",13.1712146825618,NA,13.1712146825618,13.1712146825618,12.8949225669977,12.5731025882256,13.2230923545819,12.4713713706991,13.3302454002987,-0.141226493456797,0.168120624090571,1,1,"bayesian_numeric",3
"SRC-990-EXT-INSTITUTE-FOR-SECURITY-AND-TECHNOLOGY","Institute for Security and Technology","filing","exact_base",3,"latent_base_salary",12.3935414740295,NA,12.3935414740295,12.3935414740295,12.7537698382327,12.4071846337982,13.1140288152884,12.3118729242748,13.1904158645494,-0.541333017317087,0.234575666518083,0,1,"bayesian_numeric",3
"SRC-990-EXT-ARMS-CONTROL-ASSOCIATION","Arms Control Association","filing","exact_base",3,"latent_base_salary",11.7955985634313,NA,11.7955985634313,11.7955985634313,12.3542142919042,11.8783495015884,12.8174991152579,11.7199596840442,12.9647132195007,-1.06533663526631,0.357483430873104,0,1,"bayesian_numeric",3
"SRC-990-EXT-DATAKIND","DataKind","filing","exact_base",4,"latent_base_salary",12.4083285202951,NA,12.4083285202951,12.4083285202951,12.6162643441949,12.2840773485771,12.9585607370202,12.1899524750468,13.0458819689612,0.101762963519352,0.122702448337191,1,1,"bayesian_numeric",3
"SRC-990-EXT-GIVINGTUESDAY","GivingTuesday","filing","exact_base",4,"latent_base_salary",12.8728251821158,NA,12.8728251821158,12.8728251821158,12.4971351450588,12.1607867337935,12.8301487162523,12.0628901494954,12.9369391470829,-0.618931181575813,0.249256990115238,0,1,"bayesian_numeric",3
"SRC-990-EXT-JAIN-FAMILY-INSTITUTE","Jain Family Institute","filing","exact_base",4,"latent_base_salary",12.3338860528408,NA,12.3338860528408,12.3338860528408,12.6750722494998,12.340096067598,13.0132463375708,12.2566034113438,13.1029603333397,-0.449715241705511,0.217257763508672,0,1,"bayesian_numeric",3
"SRC-990-EXT-INTERNET-SECURITY-RESEARCH-GROUP","Internet Security Research Group","filing","exact_base",4,"latent_base_salary",12.6634761632277,NA,12.6634761632277,12.6634761632277,12.5060820576235,12.1839165471089,12.8615380929903,12.1000350447497,12.9404481293744,0.247007234562304,0.0990011946807065,1,1,"bayesian_numeric",3
"SRC-990-EXT-ORCID","ORCID","filing","exact_base",4,"latent_base_salary",12.5696077844296,NA,12.5696077844296,12.5696077844296,12.1288529309724,11.7891729037448,12.4776437163659,11.7041882860779,12.599910073697,-0.974445628458403,0.306863470999523,0,1,"bayesian_numeric",3
"SRC-990-EXT-ANIMAL-WELFARE-INSTITUTE","Animal Welfare Institute","filing","exact_base",4,"latent_base_salary",12.1688180822369,NA,12.1688180822369,12.1688180822369,12.4054493917184,12.0835807407474,12.7294205128107,11.9995253132722,12.8074008797079,0.0118985671651169,0.139837859356329,1,1,"bayesian_numeric",3
"SRC-990-EXT-INSTITUTE-FOR-NONPROFIT-NEWS","Institute for Nonprofit News","filing","exact_base",4,"latent_base_salary",12.3400869277947,NA,12.3400869277947,12.3400869277947,12.3080117358611,11.9888921041096,12.6366040682766,11.8885267664324,12.7488348557193,0.411417234221898,0.0634755287493767,1,1,"bayesian_numeric",3
"SRC-990-EXT-CODE-FOR-SCIENCE-SOCIETY","Code for Science & Society","filing","exact_base",4,"latent_base_salary",12.2746977427298,NA,12.2746977427298,12.2746977427298,12.6361948251829,12.1567628151483,13.1150805098046,12.0322304524968,13.2622090485866,-0.397265286019218,0.238883211711913,1,1,"bayesian_numeric",3
"SRC-990-EXT-INDEPENDENT-SECTOR","Independent Sector","filing","exact_base",4,"latent_base_salary",13.3541442871094,NA,13.3541442871094,13.3541442871094,13.1277908634578,12.7759494819937,13.4513363995133,12.6873080246454,13.5458884843929,0.0435024641464485,0.134720137041872,1,1,"bayesian_numeric",3
"SRC-990-EXT-CREATIVE-COMMONS","Creative Commons","filing","exact_base",4,"latent_base_salary",12.4083285202951,NA,12.4083285202951,12.4083285202951,12.5542975990324,12.210379542439,12.8912575578167,12.1244809676602,12.998816556513,0.275372079562457,0.091124116612277,1,1,"bayesian_numeric",3
"SRC-990-EXT-RESULTS-FOR-AMERICA","Results for America","filing","exact_base",4,"latent_base_salary",12.6889203108623,NA,12.6889203108623,12.6889203108623,13.0166333696321,12.6876280126803,13.357395723566,12.5897113777349,13.4446152883383,-0.377774104887119,0.208483535961414,1,1,"bayesian_numeric",3
"SRC-990-EXT-CLEAN-AIR-TASK-FORCE","Clean Air Task Force","filing","exact_base",4,"latent_base_salary",12.8291533338357,NA,12.8291533338357,12.8291533338357,12.7680933541849,12.422914429296,13.1213618345975,12.3183575547024,13.2042082887973,0.400523115546013,0.0661038654814351,1,1,"bayesian_numeric",3
"SRC-990-EXT-IDEAS42","ideas42","filing","exact_base",5,"latent_base_salary",12.4941514017925,NA,12.4941514017925,12.4941514017925,12.6140045843894,12.293847636639,12.9466860849218,12.1934671749176,13.0342038516852,0.336518579824092,0.0821363032540434,1,1,"bayesian_numeric",3
"SRC-990-EXT-PETERSON-INSTITUTE-FOR-INTERNATIONAL-ECONOMICS","Peterson Institute for International Economics","filing","exact_base",5,"latent_base_salary",13.3086807403212,NA,13.3086807403212,13.3086807403212,13.5808766499878,13.2483969868904,13.9248068588261,13.148665793654,14.0220413697303,-0.12839351056567,0.161703630401251,1,1,"bayesian_numeric",3
"SRC-990-EXT-SOCIAL-SCIENCE-RESEARCH-COUNCIL","Social Science Research Council","filing","exact_base",5,"latent_base_salary",12.7968302816124,NA,12.7968302816124,12.7968302816124,13.0066726265649,12.6818450424082,13.3247525818766,12.5923977527186,13.4134411987474,0.10867388774439,0.12385386911191,1,1,"bayesian_numeric",3
"SRC-990-EXT-AMERICAN-IMMIGRATION-COUNCIL","American Immigration Council","filing","exact_base",5,"latent_base_salary",12.6131309837729,NA,12.6131309837729,12.6131309837729,12.6057544010033,12.2925487526767,12.9159021817103,12.2183725805677,12.9887785201465,0.471212090442731,0.0579620901205738,1,1,"bayesian_numeric",3
"SRC-990-EXT-FEDERATION-OF-AMERICAN-SCIENTISTS","Federation of American Scientists","filing","exact_base",5,"latent_base_salary",13.0648771145336,NA,13.0648771145336,13.0648771145336,12.8278339807497,12.507983778388,13.1695660018312,12.4055897531316,13.2652037848667,0.0121700092894783,0.14501879225045,1,1,"bayesian_numeric",3
"SRC-990-EXT-PRECISION-DEVELOPMENT","Precision Development","filing","exact_base",5,"latent_base_salary",12.4150937427763,NA,12.4150937427763,12.4150937427763,12.5701597390035,12.2436701071342,12.8870352828864,12.1569056791205,12.9899244497484,0.274215815720209,0.0958791547079613,1,1,"bayesian_numeric",3
"SRC-990-EXT-RESULTS-FOR-DEVELOPMENT","Results for Development","filing","exact_base",5,"latent_base_salary",12.9211104925028,NA,12.9211104925028,12.9211104925028,12.9395459421291,12.6307878426465,13.2671151812721,12.5438359030502,13.374254313781,0.45489780952966,0.0589697813065263,1,1,"bayesian_numeric",3
"SRC-990-EXT-SOFTWARE-FREEDOM-CONSERVANCY","Software Freedom Conservancy","filing","exact_base",5,"latent_base_salary",12.1568022510686,NA,12.1568022510686,12.1568022510686,12.383533975117,11.9434313778112,12.8290691510292,11.8031857409698,12.9545331625388,-0.0862521640577241,0.139370968414623,1,1,"bayesian_numeric",3
"SRC-990-EXT-PROJECT-HEALTHY-CHILDREN","Project Healthy Children","filing","exact_base",5,"latent_base_salary",11.5747708002363,NA,11.5747708002363,11.5747708002363,12.6471885874004,12.2953116153907,12.9974644616686,12.1993072622734,13.0926552315833,-7.05796741598925,0.915220703464185,0,0,"bayesian_numeric",3
"SRC-990-EXT-SIGHTLINE-INSTITUTE","Sightline Institute","filing","exact_base",5,"latent_base_salary",12.2612800796685,NA,12.2612800796685,12.2612800796685,12.1684297042825,11.8486151602026,12.4937025300864,11.7431301207851,12.5800129424642,0.383787705712481,0.0708380931460558,1,1,"bayesian_numeric",3
"SRC-990-EXT-LAST-MILE-HEALTH","Last Mile Health","filing","exact_base",5,"latent_base_salary",12.4850802155385,NA,12.4850802155385,12.4850802155385,12.5836317516016,12.2724913659663,12.9006805724439,12.1823516859273,12.9914796076674,0.383011690700551,0.0723944340488535,1,1,"bayesian_numeric",3
"SRC-990-EA-GIVEWELL","GiveWell","filing","exact_base",5,"latent_base_salary",13.0190388321958,NA,13.0190388321958,13.0190388321958,12.7842314171715,12.2667230303636,13.3016319975301,12.1453820120477,13.4550947470877,-0.170688406760612,0.156654244089504,1,1,"bayesian_numeric",3
"SRC-990-EXT-FRAMEWORKS-INSTITUTE","FrameWorks Institute","filing","exact_base",6,"latent_base_salary",13.0266397001217,NA,13.0266397001217,13.0266397001217,12.8769546399412,12.5493305025174,13.1951539835564,12.4464758212887,13.3035703309896,0.251202073022561,0.0956275793078133,1,1,"bayesian_numeric",3
"SRC-990-EXT-WORLD-JUSTICE-PROJECT","World Justice Project","filing","exact_base",6,"latent_base_salary",12.8497369708156,NA,12.8497369708156,12.8497369708156,12.8784168332714,12.5326878791204,13.2204063161858,12.4507763606358,13.3286224920415,0.410550747790461,0.0629317715351435,1,1,"bayesian_numeric",3
"SRC-990-EXT-STIMSON-CENTER","Stimson Center","filing","exact_base",6,"latent_base_salary",12.9582226865033,NA,12.9582226865033,12.9582226865033,12.6888926043193,12.3454434814265,13.0466989906699,12.2299435480983,13.1505185141435,-0.110988609699145,0.159370914618094,1,1,"bayesian_numeric",3
"SRC-990-EXT-GOOD-FOOD-INSTITUTE","Good Food Institute","filing","exact_base",6,"latent_base_salary",12.3904522913386,NA,12.3904522913386,12.3904522913386,12.6538374448048,12.3134459562735,12.9934436566791,12.2234060820071,13.0754367611801,-0.0914179125608028,0.160515684694216,1,1,"bayesian_numeric",3
"SRC-990-EXT-TECHCONGRESS","TechCongress","filing","exact_base",6,"latent_base_salary",12.4960490464963,NA,12.4960490464963,12.4960490464963,12.2713362677332,11.9142126439952,12.6446327814673,11.8043318704952,12.7611792199999,0.031890441427969,0.133624096063312,1,1,"bayesian_numeric",3
"SRC-990-EXT-NEW-AMERICA","New America","filing","exact_base",6,"latent_base_salary",13.2081577341251,NA,13.2081577341251,13.2081577341251,13.1939174820287,12.8391502584317,13.5492471979444,12.7262047143129,13.6692993387264,0.385286010019934,0.0642900273955193,1,1,"bayesian_numeric",3
"SRC-990-EXT-THIRD-WAY-INSTITUTE","Third Way Institute","filing","exact_base",6,"latent_base_salary",12.9939824923999,NA,12.9939824923999,12.9939824923999,12.5748448463248,11.9623750223061,13.1881394695554,11.7960612291918,13.3415291218152,-0.549680143611164,0.229995205813971,1,1,"bayesian_numeric",3
"SRC-990-EXT-BIPARTISAN-POLICY-CENTER","Bipartisan Policy Center","filing","exact_base",6,"latent_base_salary",13.69992393343,NA,13.69992393343,13.69992393343,13.2507574956651,12.9160542336351,13.6023432428574,12.8118602554638,13.7029623414792,-0.978722311369394,0.306360903444488,0,1,"bayesian_numeric",3
"SRC-990-EXT-THE-HUMANE-LEAGUE","The Humane League","filing","exact_base",6,"latent_base_salary",12.3775599734482,NA,12.3775599734482,12.3775599734482,12.3564432940325,12.0003400099546,12.693673889653,11.8910374591199,12.79051088764,0.391893191317775,0.0631484235229822,1,1,"bayesian_numeric",3
"SRC-990-EXT-VILLAGE-ENTERPRISE","Village Enterprise","filing","exact_base",6,"latent_base_salary",12.5400430408691,NA,12.5400430408691,12.5400430408691,12.5411716951204,12.1962375857053,12.8949822779528,12.1051799805893,12.991688806275,0.380715659775921,0.0637701369546605,1,1,"bayesian_numeric",3
"SRC-990-EXT-FARM-SANCTUARY","Farm Sanctuary","filing","exact_base",6,"latent_base_salary",12.3163882693373,NA,12.3163882693373,12.3163882693373,12.4984675886126,12.1632618704569,12.855067265115,12.0420234727801,12.9544746118416,0.158814296636028,0.114624894770856,1,1,"bayesian_numeric",3
"SRC-990-EXT-VERA-INSTITUTE-OF-JUSTICE","Vera Institute of Justice","filing","exact_base",6,"latent_base_salary",13.3181829414966,NA,13.3181829414966,13.3181829414966,12.981653467724,12.6413936063561,13.334812330749,12.5514832034681,13.4468737989876,-0.385896511190627,0.208474597767539,1,1,"bayesian_numeric",3
"SRC-990-EXT-PHYSICIANS-FOR-SOCIAL-RESPONSIBILITY","Physicians for Social Responsibility","filing","exact_base",6,"latent_base_salary",11.9808845054682,NA,11.9808845054682,11.9808845054682,12.3417197300734,11.9913072212572,12.6896572411544,11.8907056699401,12.7765965572694,-0.518017110687568,0.235195164601289,0,1,"bayesian_numeric",3
"SRC-990-EXT-DEMOS","Demos","filing","exact_base",7,"latent_base_salary",12.6428849557391,NA,12.6428849557391,12.6428849557391,12.7865479619959,12.4454923304437,13.1053685227018,12.3486426425963,13.2011584305937,0.272858261172072,0.0921515175654533,1,1,"bayesian_numeric",3
"SRC-990-EXT-INFORMATION-TECHNOLOGY-AND-INNOVATION-FOUNDATION","Information Technology and Innovation Foundation","filing","exact_base",7,"latent_base_salary",13.2745188452622,NA,13.2745188452622,13.2745188452622,12.9657799907217,12.6405971356205,13.3005163399249,12.5523772561498,13.3842042585422,-0.277335263734542,0.189047707517992,1,1,"bayesian_numeric",3
"SRC-990-EXT-BREAKTHROUGH-INSTITUTE","Breakthrough Institute","filing","exact_base",7,"latent_base_salary",12.579065834723,NA,12.579065834723,12.579065834723,12.6304080649076,12.3136557464936,12.9790325899643,12.2220525098426,13.0639965007357,0.408966415629226,0.0648998806632965,1,1,"bayesian_numeric",3
"SRC-990-EXT-CENTER-FOR-EFFECTIVE-PHILANTHROPY","Center for Effective Philanthropy","filing","exact_base",7,"latent_base_salary",13.2146671151145,NA,13.2146671151145,13.2146671151145,12.7619002908688,12.4228026849709,13.1016728584449,12.3167565572318,13.1815691057161,-1.09212074389792,0.315075735606419,0,0,"bayesian_numeric",3
"SRC-990-EXT-SAN-FRANCISCO-ESTUARY-INSTITUTE","San Francisco Estuary Institute","filing","exact_base",7,"latent_base_salary",12.1771418570467,NA,12.1771418570467,12.1771418570467,12.4410336784382,12.1187128257786,12.7782492078404,12.0148291820599,12.8788288252933,-0.0909506850450711,0.154441277580918,1,1,"bayesian_numeric",3
"SRC-990-EXT-NATIONAL-EMPLOYMENT-LAW-PROJECT","National Employment Law Project","filing","exact_base",7,"latent_base_salary",12.8184638703657,NA,12.8184638703657,12.8184638703657,12.8771964437443,12.5446065908587,13.2214716587504,12.4562341487651,13.3153205345368,0.397577876700702,0.0662797131822436,1,1,"bayesian_numeric",3
"SRC-990-EXT-BULLETIN-OF-THE-ATOMIC-SCIENTISTS","Bulletin of the Atomic Scientists","filing","exact_base",7,"latent_base_salary",12.3173567420894,NA,12.3173567420894,12.3173567420894,12.3949722434807,12.0607054929757,12.7227687120153,11.9584340160612,12.8462580812762,0.374809641110597,0.0699254853889905,1,1,"bayesian_numeric",3
"SRC-990-EXT-OPEN-MARKETS-INSTITUTE","Open Markets Institute","filing","exact_base",7,"latent_base_salary",12.1897506129305,NA,12.1897506129305,12.1897506129305,12.5064318320817,12.1584032902265,12.8549067904084,12.0782628232955,12.9491778412421,-0.319307793938658,0.197260609187642,1,1,"bayesian_numeric",3
"SRC-990-EXT-ANIMAL-LEGAL-DEFENSE-FUND","Animal Legal Defense Fund","filing","exact_base",7,"latent_base_salary",12.5370734769901,NA,12.5370734769901,12.5370734769901,12.6202425920255,12.2767881565343,12.9546466793868,12.1783491370474,13.0518898189737,0.372264309221259,0.0706159543491647,1,1,"bayesian_numeric",3
"SRC-990-EXT-EXPONENT-PHILANTHROPY","Exponent Philanthropy","filing","exact_base",7,"latent_base_salary",12.6069727833315,NA,12.6069727833315,12.6069727833315,12.3189590648851,11.9749805320833,12.6381270895973,11.8882016387765,12.7431513387509,-0.190772922419625,0.177817765908691,1,1,"bayesian_numeric",3
"SRC-990-EXT-LIVING-GOODS","Living Goods","filing","exact_base",7,"latent_base_salary",12.5107284211723,NA,12.5107284211723,12.5107284211723,12.3961334444219,12.0408645469094,12.7339551636759,11.9325360209948,12.8297588107508,0.281098032082667,0.0837236813893307,1,1,"bayesian_numeric",3
"SRC-990-EXT-PARTNERSHIP-ON-AI","Partnership on AI","filing","exact_base",8,"latent_base_salary",12.7912011974447,NA,12.7912011974447,12.7912011974447,12.8244316840808,12.4714483850968,13.160619138685,12.3633905678652,13.2597892261164,0.397390742983509,0.0643129844852086,1,1,"bayesian_numeric",3
"SRC-990-EXT3-CENTER-FOR-HEALTH-CARE-STRATEGIES","Center for Health Care Strategies","filing","exact_base",8,"latent_base_salary",12.6222962067176,NA,12.6222962067176,12.6222962067176,12.6688549257201,12.3237806960554,13.0125470550124,12.2351402866289,13.1118970149649,0.387166664435825,0.0670413145923612,1,1,"bayesian_numeric",3
"SRC-990-EXT-CLIMATE-CENTRAL","Climate Central","filing","exact_base",8,"latent_base_salary",12.6801870016491,NA,12.6801870016491,12.6801870016491,12.7756390397055,12.4299654161071,13.1197390992285,12.3302566728186,13.2199936314287,0.336962010135312,0.0767894413421636,1,1,"bayesian_numeric",3
"SRC-990-EXT3-NATIONAL-ACADEMY-FOR-STATE-HEALTH-POLICY","National Academy for State Health Policy","filing","exact_base",8,"latent_base_salary",12.8776933603378,NA,12.8776933603378,12.8776933603378,12.859687786074,12.51605105091,13.2003457591206,12.4190678731109,13.2991790146123,0.405072513240437,0.0626744687514444,1,1,"bayesian_numeric",3
"SRC-990-EXT-NUMFOCUS","NumFOCUS","filing","exact_base",8,"latent_base_salary",12.0255072657542,NA,12.0255072657542,12.0255072657542,12.5857393131539,12.0824476479054,13.0668098402844,11.9472983225455,13.2073082316835,-1.03717672076692,0.372195871069523,0,1,"bayesian_numeric",3
"SRC-990-EXT3-CARBON-MAPPER","Carbon Mapper","filing","exact_base",8,"latent_base_salary",12.5153758745745,NA,12.5153758745745,12.5153758745745,12.8792399462633,12.5352841163755,13.2501519438558,12.4076872551708,13.3596878247542,-0.518586021145854,0.229985500882837,0,1,"bayesian_numeric",3
"SRC-990-EXT-COMMITTEE-FOR-A-RESPONSIBLE-FEDERAL-BUDGET","Committee for a Responsible Federal Budget","filing","exact_base",8,"latent_base_salary",13.2655461923519,NA,13.2655461923519,13.2655461923519,12.9439564825316,12.5883278050875,13.3105320014131,12.4941549052741,13.426196339201,-0.323445316908093,0.19868667862883,1,1,"bayesian_numeric",3
"SRC-990-EXT-FRESH-ENERGY","Fresh Energy","filing","exact_base",8,"latent_base_salary",12.4117920746609,NA,12.4117920746609,12.4117920746609,12.558246126904,12.0994722020321,13.0303702007108,11.9327894938108,13.1619507369235,-0.00658332187778432,0.113958882881019,1,1,"bayesian_numeric",3
"SRC-990-EXT-MIGRATION-POLICY-INSTITUTE","Migration Policy Institute","filing","exact_base",8,"latent_base_salary",12.6227383916406,NA,12.6227383916406,12.6227383916406,12.6269707298317,12.2893224595445,12.9693512200366,12.2119816822236,13.0541359011861,0.409199406228187,0.0623703804255777,1,1,"bayesian_numeric",3
"SRC-990-EXT-GLOBAL-HEALTH-CORPS","Global Health Corps","filing","exact_base",8,"latent_base_salary",12.4246040572612,NA,12.4246040572612,12.4246040572612,12.0840111485248,11.7386847238495,12.4397955971525,11.6422511060035,12.5297339360234,-0.409165213354538,0.203770539707404,1,1,"bayesian_numeric",3
"SRC-990-EXT-STRONGMINDS","StrongMinds","filing","exact_base",8,"latent_base_salary",12.4509506432504,NA,12.4509506432504,12.4509506432504,12.4311028142424,12.1060118868304,12.7588256955004,12.0162562039444,12.8649453430943,0.398759845362607,0.062894785512878,1,1,"bayesian_numeric",3
"SRC-990-EXT-EVIDENCE-ACTION","Evidence Action","filing","exact_base",8,"latent_base_salary",12.8276536554356,NA,12.8276536554356,12.8276536554356,12.6628028710393,12.3110900648345,13.021563701439,12.2060739973063,13.1198804823088,0.196452782101522,0.100204364672449,1,1,"bayesian_numeric",3
"SRC-990-EXT3-CENTER-FOR-INTERNATIONAL-POLICY","Center for International Policy","filing","exact_base",8,"latent_base_salary",12.3116931273939,NA,12.3116931273939,12.3116931273939,12.4269702363686,11.9452688196557,12.9263822309124,11.7900313586547,13.0838714786694,-0.0170507156464659,0.0992756148591529,1,1,"bayesian_numeric",3
"SRC-990-EXT-INSTITUTE-FOR-THE-STUDY-OF-WAR","Institute for the Study of War","filing","exact_base",9,"latent_base_salary",12.2737531161958,NA,12.2737531161958,12.2737531161958,12.3875271029397,12.0420179748301,12.7429544199385,11.9528884417455,12.8479848227402,0.306180287313947,0.0809956219818895,1,1,"bayesian_numeric",3
"SRC-990-EXT-CENTER-FOR-CLIMATE-AND-ENERGY-SOLUTIONS","Center for Climate and Energy Solutions","filing","exact_base",9,"latent_base_salary",12.9791557665258,NA,12.9791557665258,12.9791557665258,12.9793608804279,12.648836329976,13.3130033211231,12.5415674783228,13.4092718580292,0.405909019633276,0.0623535660364023,1,1,"bayesian_numeric",3
"SRC-990-EXT-CENTER-FOR-OPEN-SCIENCE","Center for Open Science","filing","exact_base",9,"latent_base_salary",12.5016604600873,NA,12.5016604600873,12.5016604600873,12.6118492347333,12.2678948468379,12.9582599788421,12.179162089332,13.0511123038302,0.321585904273471,0.0797374544076435,1,1,"bayesian_numeric",3
"SRC-990-EXT-TECHNICAL-ASSISTANCE-COLLABORATIVE","Technical Assistance Collaborative","filing","exact_base",9,"latent_base_salary",12.4383619268654,NA,12.4383619268654,12.4383619268654,12.5419676032049,12.2071003896895,12.9039883369753,12.0941685831743,13.0089355583797,0.330759302405844,0.0791864669312913,1,1,"bayesian_numeric",3
"SRC-990-EXT-THE-SENTENCING-PROJECT","The Sentencing Project","filing","exact_base",9,"latent_base_salary",12.2172732835324,NA,12.2172732835324,12.2172732835324,12.288550819498,11.9284455996211,12.6261675403095,11.8401358769617,12.7198306780111,0.363508982365075,0.0700017761001918,1,1,"bayesian_numeric",3
"SRC-990-EXT-PEAK-GRANTMAKING","PEAK Grantmaking","filing","exact_base",9,"latent_base_salary",12.6147062287155,NA,12.6147062287155,12.6147062287155,12.7209052258391,12.3699662307922,13.0423859228808,12.2599100732855,13.1532734567606,0.329537744074977,0.0781090041273902,1,1,"bayesian_numeric",3
"SRC-990-EXT-GRANTMAKERS-FOR-EDUCATION","Grantmakers for Education","filing","exact_base",9,"latent_base_salary",12.4309659850717,NA,12.4309659850717,12.4309659850717,12.6475353918021,12.314921358405,12.9775818996654,12.2076929539571,13.0831596412353,0.0660489168741685,0.126592598691093,1,1,"bayesian_numeric",3
"SRC-990-EXT-MERCY-FOR-ANIMALS","Mercy For Animals","filing","exact_base",9,"latent_base_salary",12.2436538423338,NA,12.2436538423338,12.2436538423338,12.5380229725702,12.2090116949612,12.8894542632297,12.1022565862759,12.9809794942126,-0.211122543211219,0.18265376793597,1,1,"bayesian_numeric",3
"SRC-990-EXT-GUTTMACHER-INSTITUTE","Guttmacher Institute","filing","exact_base",9,"latent_base_salary",12.8946594433338,NA,12.8946594433338,12.8946594433338,13.314910933165,12.9620257944051,13.6640118387863,12.838254910762,13.7919325504754,-0.821568538762275,0.28446033957795,0,1,"bayesian_numeric",3
"SRC-990-EXT-COUNCIL-ON-STRATEGIC-RISKS","Council on Strategic Risks","filing","exact_base",10,"latent_base_salary",12.508796619219,NA,12.508796619219,12.508796619219,12.6303123973144,12.2794710355867,12.9639002450097,12.1915091781546,13.045514206549,0.321701279413461,0.0839973168409401,1,1,"bayesian_numeric",3
"SRC-990-EXT-TAX-FOUNDATION","Tax Foundation","filing","exact_base",10,"latent_base_salary",12.515216592965,NA,12.515216592965,12.515216592965,12.5894991278859,12.253482224947,12.9227102006292,12.1666005411418,13.0194037819166,0.391624461395361,0.0688708238969415,1,1,"bayesian_numeric",3
"SRC-990-EXT-CENTER-FOR-A-NEW-AMERICAN-SECURITY","Center for a New American Security","filing","exact_base",10,"latent_base_salary",13.1871814907024,NA,13.1871814907024,13.1871814907024,13.0486946006051,12.7232959671924,13.394414319934,12.6137392473316,13.4949751833419,0.283119142079525,0.0919937105988099,1,1,"bayesian_numeric",3
"SRC-990-EXT-ECONOMIC-POLICY-INSTITUTE","Economic Policy Institute","filing","exact_base",10,"latent_base_salary",12.4477248107957,NA,12.4477248107957,12.4477248107957,12.6682683714011,12.3210211153856,13.0031052850228,12.2412641148543,13.098276846221,0.0666903119751318,0.12985738008392,1,1,"bayesian_numeric",3
"SRC-990-EXT-CHICAGO-COUNCIL-ON-GLOBAL-AFFAIRS","Chicago Council on Global Affairs","filing","exact_base",10,"latent_base_salary",13.1491202773988,NA,13.1491202773988,13.1491202773988,12.6997142415193,12.3710193193909,13.0406633533314,12.2603274649155,13.121879830147,-1.07127120759178,0.313618523002969,0,0,"bayesian_numeric",3
"SRC-990-EXT-INSTITUTE-FOR-POLICY-STUDIES","Institute for Policy Studies","filing","exact_base",10,"latent_base_salary",12.053986283532,NA,12.053986283532,12.053986283532,12.511824913493,12.0658199823917,12.9714017517807,11.9324070259894,13.1034375901802,-0.702950847780167,0.273523726291605,0,1,"bayesian_numeric",3
"SRC-990-EXT-ELECTRONIC-FRONTIER-FOUNDATION","Electronic Frontier Foundation","filing","exact_base",10,"latent_base_salary",12.757183396529,NA,12.757183396529,12.757183396529,12.7570218933631,12.4149403556059,13.0878609323709,12.3173995588064,13.1864631288072,0.427899512945871,0.0616139157543287,1,1,"bayesian_numeric",3
"SRC-990-EXT-NATIONAL-COMMITTEE-FOR-RESPONSIVE-PHILANTHROPY","National Committee for Responsive Philanthropy","filing","exact_base",10,"latent_base_salary",12.742437732963,NA,12.742437732963,12.742437732963,12.6162403874098,12.2859982385557,12.9423233561353,12.1910944878959,13.0191771478973,0.310801634744072,0.085685373156598,1,1,"bayesian_numeric",3
"SRC-990-EXT-REDWOOD-RESEARCH","Redwood Research","filing","exact_base",10,"latent_base_salary",12.5766540301346,NA,12.5766540301346,12.5766540301346,12.7369330163478,12.1668221668993,13.3306831699894,12.0007127772201,13.4702139963156,-0.168245310746234,0.120342603789179,1,1,"bayesian_numeric",3
"SRC-990-EXT-OPEN-SOURCE-INITIATIVE","Open Source Initiative","filing","exact_base",10,"latent_base_salary",12.2102910853882,NA,12.2102910853882,12.2102910853882,11.9674335811494,11.4714841661151,12.4591368003871,11.3333753507586,12.5646406509194,-0.156725691212385,0.138066269740324,1,1,"bayesian_numeric",3
"SRC-990-EXT3-AMERICAN-SECURITY-PROJECT","American Security Project","filing","exact_base",10,"latent_base_salary",11.9786620658855,NA,11.9786620658855,11.9786620658855,12.0655928727318,11.5791262466078,12.5484722908945,11.4212300082873,12.6725717335031,0.0315311504528667,0.0994299723152681,1,1,"bayesian_numeric",3
"SRC-990-EA-COPENHAGEN-CONSENSUS-CENTER","Copenhagen Consensus Center","filing","exact_base",10,"latent_base_salary",13.0459767896383,NA,13.0459767896383,13.0459767896383,11.9628045725326,11.4875892273611,12.4510566846473,11.3515746966084,12.606338813752,-3.9070389489567,0.860575913613297,0,0,"bayesian_numeric",3
"SRC-990-EXT-CENTER-FOR-AI-SAFETY","Center for AI Safety","filing","exact_base",1,"latent_base_salary",12.7213413939825,NA,12.7213413939825,12.7213413939825,12.5791660889426,12.2287336836477,13.0077104272621,12.1340219554793,13.1127468068781,-0.0344268624133532,0.0993947930588898,1,1,"scale_linear",3
"SRC-990-EXT-FUTURE-OF-PRIVACY-FORUM","Future of Privacy Forum","filing","exact_base",1,"latent_base_salary",13.5088520328401,NA,13.5088520328401,13.5088520328401,12.865937804248,12.515505398953,13.2944821425675,12.4207936707847,13.3995185221835,-1.78404048972357,0.462781642375706,0,0,"scale_linear",3
"SRC-990-EXT-GRANTMAKERS-FOR-EFFECTIVE-ORGANIZATIONS","Grantmakers for Effective Organizations","filing","exact_base",1,"latent_base_salary",12.8837522170102,NA,12.8837522170102,12.8837522170102,12.7255983646974,12.3751659594024,13.1541427030169,12.2804542312341,13.2591790826329,-0.0768534741713585,0.105514920999448,1,1,"scale_linear",3
"SRC-990-EXT-RESEARCH-AMERICA","Research!America","filing","exact_base",1,"latent_base_salary",13.297112905275,NA,13.297112905275,13.297112905275,12.8506769743657,12.5002445690708,13.2792213126852,12.4055328409024,13.3842576923013,-0.60563304443809,0.285684343342019,0,1,"scale_linear",3
"SRC-990-EXT-ROOSEVELT-INSTITUTE","Roosevelt Institute","filing","exact_base",1,"latent_base_salary",13.0866290852163,NA,13.0866290852163,13.0866290852163,12.898069748866,12.547637343571,13.3266140871854,12.4529256154027,13.4316504668015,-0.147128254687519,0.118452465183306,1,1,"scale_linear",3
"SRC-990-EXT-PUBLIC-KNOWLEDGE","Public Knowledge","filing","exact_base",1,"latent_base_salary",12.4996822653103,NA,12.4996822653103,12.4996822653103,12.5177709683645,12.1673385630696,12.946315306684,12.0726268349012,13.0513516863,0.369289417078246,0.0695675949662343,1,1,"scale_linear",3
"SRC-990-EXT-VILLAGEREACH","VillageReach","filing","exact_base",1,"latent_base_salary",12.4314315810676,NA,12.4314315810676,12.4314315810676,12.5304278308195,12.1799954255245,12.958972169139,12.0852836973562,13.064008548755,0.368462235904878,0.0810244944827767,1,1,"scale_linear",3
"SRC-990-EXT-ECONOMIC-INNOVATION-GROUP","Economic Innovation Group","filing","exact_base",1,"latent_base_salary",12.9583656609222,NA,12.9583656609222,12.9583656609222,12.8683580823097,12.5179256770148,13.2969024206292,12.4232139488464,13.4019388002452,0.119731276017566,0.0829735625260845,1,1,"scale_linear",3
"SRC-990-EXT-ENERGY-FOR-GROWTH-HUB","Energy for Growth Hub","filing","exact_base",1,"latent_base_salary",13.0105039226493,NA,13.0105039226493,13.0105039226493,12.6330189066143,12.2825865013193,13.0615632449337,12.1878747731509,13.1665996245498,-0.422700962982801,0.231920564539903,1,1,"scale_linear",3
"SRC-990-EXT-INNOVATIONS-FOR-POVERTY-ACTION","Innovations for Poverty Action","filing","exact_base",1,"latent_base_salary",12.4867659407714,NA,12.4867659407714,12.4867659407714,12.9075800504266,12.5571476451316,13.3361243887461,12.4624359169633,13.4411607683621,-0.780034112310015,0.282147646912505,0,1,"scale_linear",3
"SRC-990-EA-CENTER-FOR-ELECTION-SCIENCE","Center for Election Science","filing","exact_base",1,"latent_base_salary",12.2614916001655,NA,12.2614916001655,12.2614916001655,12.2854400534986,11.9350076482036,12.713984391818,11.8402959200353,12.8190207714341,0.375476229285183,0.0697507373217535,1,1,"scale_linear",3
"SRC-990-EXT-CENTER-FOR-DEMOCRACY-TECHNOLOGY","Center for Democracy & Technology","filing","exact_base",2,"latent_base_salary",12.9169778646385,NA,12.9169778646385,12.9169778646385,12.7523712515948,12.4057247388738,13.1833824076872,12.3097898574084,13.3048073140464,-0.0877326868172938,0.109924269481007,1,1,"scale_linear",3
"SRC-990-EXT-PROJECT-DRAWDOWN","Project Drawdown","filing","exact_base",2,"latent_base_salary",13.0056540850792,NA,13.0056540850792,13.0056540850792,12.6877022051337,12.3410556924127,13.1187133612261,12.2451208109473,13.2401382675853,-0.466537810464764,0.196456288796375,1,1,"scale_linear",3
"SRC-990-EXT-CHARITY-NAVIGATOR","Charity Navigator","filing","exact_base",2,"latent_base_salary",12.7520384665336,NA,12.7520384665336,12.7520384665336,12.6026883661442,12.2560418534232,13.0336995222366,12.1601069719578,13.1551244285958,-0.0355339052606733,0.103383996619546,1,1,"scale_linear",3
"SRC-990-EXT-DATA-QUALITY-CAMPAIGN","Data Quality Campaign","filing","exact_base",2,"latent_base_salary",12.9352645395531,NA,12.9352645395531,12.9352645395531,13.0014107707752,12.6547642580542,13.4324219268676,12.5588293765888,13.5538468332268,0.43734995705208,0.0709310672190632,1,1,"scale_linear",3
"SRC-990-EXT-NISKANEN-CENTER","Niskanen Center","filing","exact_base",2,"latent_base_salary",13.3543131280751,NA,13.3543131280751,13.3543131280751,12.8510192038866,12.5043726911656,13.282030359979,12.4084378097002,13.4034552663381,-0.931462156901484,0.340161377533998,0,1,"scale_linear",3
"SRC-990-EXT-INSTITUTE-ON-TAXATION-AND-ECONOMIC-POLICY","Institute on Taxation and Economic Policy","filing","exact_base",2,"latent_base_salary",12.3346530459445,NA,12.3346530459445,12.3346530459445,12.7379400601704,12.3912935474493,13.1689512162627,12.2953586659839,13.2903761226219,-0.704823375278093,0.265328966824292,0,1,"scale_linear",3
"SRC-990-EXT-PUBLIC-AGENDA","Public Agenda","filing","exact_base",2,"latent_base_salary",12.5141054670907,NA,12.5141054670907,12.5141054670907,12.2164250007377,11.8697784880167,12.6474361568301,11.7738436065513,12.7688610631892,-0.431906045064485,0.183110631524909,1,1,"scale_linear",3
"SRC-990-EXT-OPENSECRETS","OpenSecrets","filing","exact_base",2,"latent_base_salary",12.3218529214459,NA,12.3218529214459,12.3218529214459,12.247315366016,11.900668853295,12.6783265221084,11.8047339718295,12.7997514284675,0.219937420282005,0.07829840597602,1,1,"scale_linear",3
"SRC-990-EXT3-NUCLEAR-INNOVATION-ALLIANCE","Nuclear Innovation Alliance","filing","exact_base",2,"latent_base_salary",12.6101041264858,NA,12.6101041264858,12.6101041264858,12.1557834925303,11.8091369798093,12.5867946486227,11.7132020983439,12.7082195549818,-0.749673738953099,0.29879313983087,0,1,"scale_linear",3
"SRC-990-EXT3-CENTER-FOR-ARMS-CONTROL-AND-NON-PROLIFERATION","Center for Arms Control and Non-Proliferation","filing","exact_base",2,"latent_base_salary",12.5533356659485,NA,12.5533356659485,12.5533356659485,12.2810445627754,11.9343980500544,12.7120557188678,11.838463168589,12.833480625227,-0.383572552060128,0.167150969497618,1,1,"scale_linear",3
"SRC-990-EA-FORESIGHT-INSTITUTE","Foresight Institute","filing","exact_base",2,"latent_base_salary",12.5911934036369,NA,12.5911934036369,12.5911934036369,12.4024043141677,12.0557578014467,12.8334154702601,11.9598229199813,12.9548403766193,-0.16666902996168,0.121156472399821,1,1,"scale_linear",3
"SRC-990-EXT-POPULATION-REFERENCE-BUREAU","Population Reference Bureau","filing","exact_base",3,"latent_base_salary",12.816309953692,NA,12.816309953692,12.816309953692,12.3648562563982,12.0127215816835,12.7812348954367,11.9148827744149,12.9059151089294,-0.791601104508292,0.293446599663531,0,1,"scale_linear",3
"SRC-990-EXT-FAR-AI","FAR AI","filing","exact_base",3,"latent_base_salary",12.405415596293,NA,12.405415596293,12.405415596293,12.585261706454,12.2331270317392,13.0016403454925,12.1352882244706,13.1263205589851,0.178375569713437,0.111571059685228,1,1,"scale_linear",3
"SRC-990-EXT-QUINCY-INSTITUTE-FOR-RESPONSIBLE-STATECRAFT","Quincy Institute for Responsible Statecraft","filing","exact_base",3,"latent_base_salary",12.631030234805,NA,12.631030234805,12.631030234805,12.9308994043956,12.5787647296808,13.3472780434341,12.4809259224123,13.4719582569268,-0.235732588887792,0.185402865985789,1,1,"scale_linear",3
"SRC-990-EXT-ENVIRONMENTAL-LAW-INSTITUTE","Environmental Law Institute","filing","exact_base",3,"latent_base_salary",12.6696219906236,NA,12.6696219906236,12.6696219906236,12.5742807143528,12.222146039638,12.9906593533913,12.1243072323694,13.1153395668839,0.175671076165547,0.0819668639120862,1,1,"scale_linear",3
"SRC-990-EXT-INSTITUTE-FOR-ENERGY-ECONOMICS-AND-FINANCIAL-ANALYSIS","Institute for Energy Economics and Financial Analysis","filing","exact_base",3,"latent_base_salary",12.5797210272034,NA,12.5797210272034,12.5797210272034,12.6339920991009,12.2818574243862,13.0503707381394,12.1840186171176,13.1750509516321,0.398840652073,0.0711239215791426,1,1,"scale_linear",3
"SRC-990-EXT3-LEARNING-POLICY-INSTITUTE","Learning Policy Institute","filing","exact_base",3,"latent_base_salary",13.1712146825618,NA,13.1712146825618,13.1712146825618,12.9087648340399,12.5566301593251,13.3251434730784,12.4587913520565,13.4498236865711,-0.232978620440417,0.156309113747698,1,1,"scale_linear",3
"SRC-990-EXT-INSTITUTE-FOR-SECURITY-AND-TECHNOLOGY","Institute for Security and Technology","filing","exact_base",3,"latent_base_salary",12.3935414740295,NA,12.3935414740295,12.3935414740295,12.7147250020967,12.3625903273819,13.1311036411352,12.2647515201133,13.2557838546278,-0.317165686300963,0.2012106616918,1,1,"scale_linear",3
"SRC-990-EXT-ARMS-CONTROL-ASSOCIATION","Arms Control Association","filing","exact_base",3,"latent_base_salary",11.7955985634313,NA,11.7955985634313,11.7955985634313,12.3649939721349,12.0128592974202,12.7813726111734,11.9150204901516,12.9060528246661,-1.97738032251163,0.420541826553317,0,0,"scale_linear",3
"SRC-990-EXT-DATAKIND","DataKind","filing","exact_base",4,"latent_base_salary",12.4083285202951,NA,12.4083285202951,12.4083285202951,12.6026918373365,12.2310239748742,13.0351563027764,12.1250556006913,13.1605032658877,0.0894601068869856,0.121267722216611,1,1,"scale_linear",3
"SRC-990-EXT-GIVINGTUESDAY","GivingTuesday","filing","exact_base",4,"latent_base_salary",12.8728251821158,NA,12.8728251821158,12.8728251821158,12.5238897698943,12.152221907432,12.9563542353342,12.046253533249,13.0817011984454,-0.418513759925617,0.210258596856274,1,1,"scale_linear",3
"SRC-990-EXT-JAIN-FAMILY-INSTITUTE","Jain Family Institute","filing","exact_base",4,"latent_base_salary",12.3338860528408,NA,12.3338860528408,12.3338860528408,12.6386233376556,12.2669554751932,13.0710878030954,12.1609871010103,13.1964347662067,-0.291864750080208,0.189341884177172,1,1,"scale_linear",3
"SRC-990-EXT-INTERNET-SECURITY-RESEARCH-GROUP","Internet Security Research Group","filing","exact_base",4,"latent_base_salary",12.6634761632277,NA,12.6634761632277,12.6634761632277,12.5153667840291,12.1436989215667,12.9478312494689,12.0377305473838,13.0731782125802,0.0205148860648907,0.100228945275926,1,1,"scale_linear",3
"SRC-990-EXT-ORCID","ORCID","filing","exact_base",4,"latent_base_salary",12.5696077844296,NA,12.5696077844296,12.5696077844296,12.1612330239819,11.7895651615196,12.5936974894218,11.6835967873367,12.719044452533,-0.583992190532918,0.254183609906141,1,1,"scale_linear",3
"SRC-990-EXT-ANIMAL-WELFARE-INSTITUTE","Animal Welfare Institute","filing","exact_base",4,"latent_base_salary",12.1688180822369,NA,12.1688180822369,12.1688180822369,12.4123639686421,12.0406961061798,12.844828434082,11.9347277319969,12.9701753971933,-0.0791568264172733,0.148851507610149,1,1,"scale_linear",3
"SRC-990-EXT-INSTITUTE-FOR-NONPROFIT-NEWS","Institute for Nonprofit News","filing","exact_base",4,"latent_base_salary",12.3400869277947,NA,12.3400869277947,12.3400869277947,12.3743757107176,12.0027078482553,12.8068401761575,11.8967394740723,12.9321871392687,0.359494813195875,0.0719516607359664,1,1,"scale_linear",3
"SRC-990-EXT-CODE-FOR-SCIENCE-SOCIETY","Code for Science & Society","filing","exact_base",4,"latent_base_salary",12.2746977427298,NA,12.2746977427298,12.2746977427298,12.3686969455087,11.9970290830463,12.8011614109486,11.8910607088634,12.9265083740598,0.331888775007883,0.0822561267833069,1,1,"scale_linear",3
"SRC-990-EXT-INDEPENDENT-SECTOR","Independent Sector","filing","exact_base",4,"latent_base_salary",13.3541442871094,NA,13.3541442871094,13.3541442871094,13.0834778280403,12.7118099655779,13.5159422934801,12.605841591395,13.6412892565914,-0.246008367661522,0.159612722970123,1,1,"scale_linear",3
"SRC-990-EXT-CREATIVE-COMMONS","Creative Commons","filing","exact_base",4,"latent_base_salary",12.4083285202951,NA,12.4083285202951,12.4083285202951,12.5176802080433,12.146012345581,12.9501446734832,12.0400439713981,13.0754916365945,0.309192226626735,0.0865316130919459,1,1,"scale_linear",3
"SRC-990-EXT-RESULTS-FOR-AMERICA","Results for America","filing","exact_base",4,"latent_base_salary",12.6889203108623,NA,12.6889203108623,12.6889203108623,13.0424002634238,12.6707324009615,13.4748647288637,12.5647640267786,13.600211691975,-0.461391825382214,0.225667351328288,1,1,"scale_linear",3
"SRC-990-EXT-CLEAN-AIR-TASK-FORCE","Clean Air Task Force","filing","exact_base",4,"latent_base_salary",12.8291533338357,NA,12.8291533338357,12.8291533338357,12.8372520764264,12.4655842139641,13.2697165418663,12.3596158397812,13.3950635049775,0.341854721368053,0.0706481090130612,1,1,"scale_linear",3
"SRC-990-EXT-IDEAS42","ideas42","filing","exact_base",5,"latent_base_salary",12.4941514017925,NA,12.4941514017925,12.4941514017925,12.6497901207112,12.2847762162179,13.0615774449903,12.1943400228959,13.1748691812108,0.207585989926297,0.10044617388985,1,1,"scale_linear",3
"SRC-990-EXT-PETERSON-INSTITUTE-FOR-INTERNATIONAL-ECONOMICS","Peterson Institute for International Economics","filing","exact_base",5,"latent_base_salary",13.3086807403212,NA,13.3086807403212,13.3086807403212,13.5616468206328,13.1966329161394,13.9734341449118,13.1061967228175,14.0867258811323,-0.0311205301207857,0.150394182734207,1,1,"scale_linear",3
"SRC-990-EXT-SOCIAL-SCIENCE-RESEARCH-COUNCIL","Social Science Research Council","filing","exact_base",5,"latent_base_salary",12.7968302816124,NA,12.7968302816124,12.7968302816124,13.0112580939862,12.6462441894929,13.4230454182653,12.5558079961709,13.5363371544858,0.0712150978371826,0.128142124234704,1,1,"scale_linear",3
"SRC-990-EXT-AMERICAN-IMMIGRATION-COUNCIL","American Immigration Council","filing","exact_base",5,"latent_base_salary",12.6131309837729,NA,12.6131309837729,12.6131309837729,12.6273310521294,12.2623171476361,13.0391183764085,12.1718809543141,13.152410112629,0.321903348025979,0.0700371017013992,1,1,"scale_linear",3
"SRC-990-EXT-FEDERATION-OF-AMERICAN-SCIENTISTS","Federation of American Scientists","filing","exact_base",5,"latent_base_salary",13.0648771145336,NA,13.0648771145336,13.0648771145336,12.8582687238304,12.4932548193371,13.2700560481095,12.4028186260151,13.38334778433,-0.0792848256352139,0.126430056165769,1,1,"scale_linear",3
"SRC-990-EXT-PRECISION-DEVELOPMENT","Precision Development","filing","exact_base",5,"latent_base_salary",12.4150937427763,NA,12.4150937427763,12.4150937427763,12.5472400773354,12.1822261728421,12.9590274016145,12.0917899795201,13.072319137835,0.251699892866142,0.0916976092067534,1,1,"scale_linear",3
"SRC-990-EXT-RESULTS-FOR-DEVELOPMENT","Results for Development","filing","exact_base",5,"latent_base_salary",12.9211104925028,NA,12.9211104925028,12.9211104925028,12.972061600474,12.6070476959807,13.3838489247531,12.5166115026587,13.4971406609736,0.330211255896319,0.0726787399482029,1,1,"scale_linear",3
"SRC-990-EXT-SOFTWARE-FREEDOM-CONSERVANCY","Software Freedom Conservancy","filing","exact_base",5,"latent_base_salary",12.1568022510686,NA,12.1568022510686,12.1568022510686,12.3501011350919,11.9850872305986,12.761888459371,11.8946510372766,12.8751801955915,0.123518803147422,0.117276111319959,1,1,"scale_linear",3
"SRC-990-EXT-PROJECT-HEALTHY-CHILDREN","Project Healthy Children","filing","exact_base",5,"latent_base_salary",11.5747708002363,NA,11.5747708002363,11.5747708002363,12.5954209243291,12.2304070198358,13.0072082486082,12.1399708265138,13.1204999848287,-11.8677518455429,0.863885795403243,0,0,"scale_linear",3
"SRC-990-EXT-SIGHTLINE-INSTITUTE","Sightline Institute","filing","exact_base",5,"latent_base_salary",12.2612800796685,NA,12.2612800796685,12.2612800796685,12.1691325081384,11.8041186036451,12.5809198324175,11.7136824103231,12.694211568638,0.172364985951341,0.0828605010677397,1,1,"scale_linear",3
"SRC-990-EXT-LAST-MILE-HEALTH","Last Mile Health","filing","exact_base",5,"latent_base_salary",12.4850802155385,NA,12.4850802155385,12.4850802155385,12.60891868646,12.2439047819667,13.0207060107391,12.1534685886447,13.1339977469596,0.265351904246945,0.0889404879366898,1,1,"scale_linear",3
"SRC-990-EA-GIVEWELL","GiveWell","filing","exact_base",5,"latent_base_salary",13.0190388321958,NA,13.0190388321958,13.0190388321958,12.3371749222075,11.9721610177142,12.7489622464866,11.8817248243922,12.8622539827071,-1.94370611733002,0.506218656799423,0,0,"scale_linear",3
"SRC-990-EXT-FRAMEWORKS-INSTITUTE","FrameWorks Institute","filing","exact_base",6,"latent_base_salary",13.0266397001217,NA,13.0266397001217,13.0266397001217,12.8735877300094,12.5148804030633,13.2964080646912,12.4173273851143,13.4154618353312,-0.0617446781252682,0.106001824615541,1,1,"scale_linear",3
"SRC-990-EXT-WORLD-JUSTICE-PROJECT","World Justice Project","filing","exact_base",6,"latent_base_salary",12.8497369708156,NA,12.8497369708156,12.8497369708156,12.8670833381637,12.5083760112176,13.2899036728455,12.4108229932686,13.4089574434854,0.375816367321592,0.0687842880239898,1,1,"scale_linear",3
"SRC-990-EXT-STIMSON-CENTER","Stimson Center","filing","exact_base",6,"latent_base_salary",12.9582226865033,NA,12.9582226865033,12.9582226865033,12.7061679402569,12.3474606133109,13.1289882749388,12.2499075953618,13.2480420455787,-0.271732290994684,0.154948172791795,1,1,"scale_linear",3
"SRC-990-EXT-GOOD-FOOD-INSTITUTE","Good Food Institute","filing","exact_base",6,"latent_base_salary",12.3904522913386,NA,12.3904522913386,12.3904522913386,12.7309879758928,12.3722806489467,13.1538083105747,12.2747276309977,13.2728620812146,-0.356273695137896,0.210139637974332,1,1,"scale_linear",3
"SRC-990-EXT-TECHCONGRESS","TechCongress","filing","exact_base",6,"latent_base_salary",12.4960490464963,NA,12.4960490464963,12.4960490464963,12.2511789309625,11.8924716040164,12.6739992656443,11.7949185860674,12.7930530362843,-0.260085416077609,0.150859217193222,1,1,"scale_linear",3
"SRC-990-EXT-NEW-AMERICA","New America","filing","exact_base",6,"latent_base_salary",13.2081577341251,NA,13.2081577341251,13.2081577341251,13.2417887419746,12.8830814150285,13.6646090766564,12.7855283970795,13.7836628472964,0.392914488998128,0.0692134246665675,1,1,"scale_linear",3
"SRC-990-EXT-THIRD-WAY-INSTITUTE","Third Way Institute","filing","exact_base",6,"latent_base_salary",12.9939824923999,NA,12.9939824923999,12.9939824923999,12.3982172082334,12.0395098812873,12.8210375429152,11.9419568633383,12.9400913135551,-1.50155200124333,0.424431930833311,0,0,"scale_linear",3
"SRC-990-EXT-BIPARTISAN-POLICY-CENTER","Bipartisan Policy Center","filing","exact_base",6,"latent_base_salary",13.69992393343,NA,13.69992393343,13.69992393343,13.2840193424423,12.9253120154962,13.7068396771242,12.8277589975472,13.8258934477641,-0.599784060556031,0.26787232686871,1,1,"scale_linear",3
"SRC-990-EXT-THE-HUMANE-LEAGUE","The Humane League","filing","exact_base",6,"latent_base_salary",12.3775599734482,NA,12.3775599734482,12.3775599734482,12.4163652030519,12.0576578761058,12.8391855377337,11.9601048581568,12.9582393083736,0.396821609652475,0.0695136693160627,1,1,"scale_linear",3
"SRC-990-EXT-VILLAGE-ENTERPRISE","Village Enterprise","filing","exact_base",6,"latent_base_salary",12.5400430408691,NA,12.5400430408691,12.5400430408691,12.6052979309255,12.2465906039794,13.0281182656073,12.1490375860304,13.1471720362473,0.404864287034254,0.07229662240937,1,1,"scale_linear",3
"SRC-990-EXT-FARM-SANCTUARY","Farm Sanctuary","filing","exact_base",6,"latent_base_salary",12.3163882693373,NA,12.3163882693373,12.3163882693373,12.5343687335665,12.1756614066204,12.9571890682483,12.0781083886714,13.0762428388883,0.0986405782188209,0.127493014309001,1,1,"scale_linear",3
"SRC-990-EXT-VERA-INSTITUTE-OF-JUSTICE","Vera Institute of Justice","filing","exact_base",6,"latent_base_salary",13.3181829414966,NA,13.3181829414966,13.3181829414966,13.0520234911104,12.6933161641643,13.4748438257922,12.5957631462153,13.5938975964321,-0.29370780056578,0.163203529590873,1,1,"scale_linear",3
"SRC-990-EXT-PHYSICIANS-FOR-SOCIAL-RESPONSIBILITY","Physicians for Social Responsibility","filing","exact_base",6,"latent_base_salary",11.9808845054682,NA,11.9808845054682,11.9808845054682,12.2858379726497,11.9271306457036,12.7086583073315,11.8295776277546,12.8277120779715,-0.216021331215094,0.183476255403504,1,1,"scale_linear",3
"SRC-990-EXT-DEMOS","Demos","filing","exact_base",7,"latent_base_salary",12.6428849557391,NA,12.6428849557391,12.6428849557391,12.7702889654762,12.4045612935064,13.2036005965112,12.3055382902246,13.3250960926294,0.271882583036422,0.0920329469886627,1,1,"scale_linear",3
"SRC-990-EXT-INFORMATION-TECHNOLOGY-AND-INNOVATION-FOUNDATION","Information Technology and Innovation Foundation","filing","exact_base",7,"latent_base_salary",13.2745188452622,NA,13.2745188452622,13.2745188452622,12.9243285401739,12.5586008682041,13.3576401712089,12.4595778649223,13.4791356673271,-0.424769953169448,0.211311859575306,1,1,"scale_linear",3
"SRC-990-EXT-BREAKTHROUGH-INSTITUTE","Breakthrough Institute","filing","exact_base",7,"latent_base_salary",12.579065834723,NA,12.579065834723,12.579065834723,12.6053545884605,12.2396269164906,13.0386662194954,12.1406039132089,13.1601617156137,0.337775970112984,0.0715892527550514,1,1,"scale_linear",3
"SRC-990-EXT-CENTER-FOR-EFFECTIVE-PHILANTHROPY","Center for Effective Philanthropy","filing","exact_base",7,"latent_base_salary",13.2146671151145,NA,13.2146671151145,13.2146671151145,12.7795988468424,12.4138711748726,13.2129104778774,12.3148481715908,13.3344059739956,-0.666854003419288,0.275324675445913,0,1,"scale_linear",3
"SRC-990-EXT-SAN-FRANCISCO-ESTUARY-INSTITUTE","San Francisco Estuary Institute","filing","exact_base",7,"latent_base_salary",12.1771418570467,NA,12.1771418570467,12.1771418570467,12.484140799544,12.1184131275741,12.9174524305789,12.0193901242924,13.0389479266972,-0.243916199101487,0.18992512980531,1,1,"scale_linear",3
"SRC-990-EXT-NATIONAL-EMPLOYMENT-LAW-PROJECT","National Employment Law Project","filing","exact_base",7,"latent_base_salary",12.8184638703657,NA,12.8184638703657,12.8184638703657,12.8818858190081,12.5161581470383,13.315197450043,12.4171351437565,13.4366929461613,0.341907859758099,0.0757829649730481,1,1,"scale_linear",3
"SRC-990-EXT-BULLETIN-OF-THE-ATOMIC-SCIENTISTS","Bulletin of the Atomic Scientists","filing","exact_base",7,"latent_base_salary",12.3173567420894,NA,12.3173567420894,12.3173567420894,12.3550428991056,11.9893152271357,12.7883545301405,11.8902922238539,12.9098500262588,0.34251467621959,0.0724631496465946,1,1,"scale_linear",3
"SRC-990-EXT-OPEN-MARKETS-INSTITUTE","Open Markets Institute","filing","exact_base",7,"latent_base_salary",12.1897506129305,NA,12.1897506129305,12.1897506129305,12.4666387996125,12.1009111276427,12.8999504306475,12.0018881243609,13.0214459267657,-0.144154128861833,0.169073422542054,1,1,"scale_linear",3
"SRC-990-EXT-ANIMAL-LEGAL-DEFENSE-FUND","Animal Legal Defense Fund","filing","exact_base",7,"latent_base_salary",12.5370734769901,NA,12.5370734769901,12.5370734769901,12.6451487427347,12.2794210707649,13.0784603737697,12.1803980674831,13.1999558698879,0.302962039341777,0.0859447993745719,1,1,"scale_linear",3
"SRC-990-EXT-EXPONENT-PHILANTHROPY","Exponent Philanthropy","filing","exact_base",7,"latent_base_salary",12.6069727833315,NA,12.6069727833315,12.6069727833315,12.2803335552112,11.9146058832413,12.7136451862461,11.8155828799596,12.8351406823644,-0.369186542560135,0.195135320475825,1,1,"scale_linear",3
"SRC-990-EXT-LIVING-GOODS","Living Goods","filing","exact_base",7,"latent_base_salary",12.5107284211723,NA,12.5107284211723,12.5107284211723,12.4905787913499,12.1248511193801,12.9238904223848,12.0258281160983,13.0453859185031,0.2897485171858,0.0717579918906322,1,1,"scale_linear",3
"SRC-990-EXT-PARTNERSHIP-ON-AI","Partnership on AI","filing","exact_base",8,"latent_base_salary",12.7912011974447,NA,12.7912011974447,12.7912011974447,12.8113342621448,12.4422975154862,13.2533434507981,12.3372807499752,13.3622800316826,0.251925192441758,0.0747247164786229,1,1,"scale_linear",3
"SRC-990-EXT3-CENTER-FOR-HEALTH-CARE-STRATEGIES","Center for Health Care Strategies","filing","exact_base",8,"latent_base_salary",12.6222962067176,NA,12.6222962067176,12.6222962067176,12.6744901036504,12.3054533569918,13.1164992923037,12.2004365914808,13.2254358731882,0.282660456725131,0.0772026501211706,1,1,"scale_linear",3
"SRC-990-EXT-CLIMATE-CENTRAL","Climate Central","filing","exact_base",8,"latent_base_salary",12.6801870016491,NA,12.6801870016491,12.6801870016491,12.7731670773384,12.4041303306798,13.2151762659917,12.2991135651688,13.3241128468762,0.292532773496799,0.0842954336396997,1,1,"scale_linear",3
"SRC-990-EXT3-NATIONAL-ACADEMY-FOR-STATE-HEALTH-POLICY","National Academy for State Health Policy","filing","exact_base",8,"latent_base_salary",12.8776933603378,NA,12.8776933603378,12.8776933603378,12.8537579608839,12.4847212142254,13.2957671495372,12.3797044487144,13.4047037304217,0.1863478948211,0.0756068461911258,1,1,"scale_linear",3
"SRC-990-EXT-NUMFOCUS","NumFOCUS","filing","exact_base",8,"latent_base_salary",12.0255072657542,NA,12.0255072657542,12.0255072657542,12.4024284337355,12.0333916870769,12.8444376223888,11.9283749215659,12.9533742032733,-0.518046384854774,0.242522188039578,0,1,"scale_linear",3
"SRC-990-EXT3-CARBON-MAPPER","Carbon Mapper","filing","exact_base",8,"latent_base_salary",12.5153758745745,NA,12.5153758745745,12.5153758745745,12.8987660298386,12.5297292831801,13.3407752184919,12.4247125176691,13.4497117993764,-0.549763273185341,0.24778398075179,0,1,"scale_linear",3
"SRC-990-EXT-COMMITTEE-FOR-A-RESPONSIBLE-FEDERAL-BUDGET","Committee for a Responsible Federal Budget","filing","exact_base",8,"latent_base_salary",13.2655461923519,NA,13.2655461923519,13.2655461923519,12.9000833298355,12.5310465831769,13.3420925184888,12.426029817666,13.4510290993733,-0.385546135392607,0.218436486252817,1,1,"scale_linear",3
"SRC-990-EXT-FRESH-ENERGY","Fresh Energy","filing","exact_base",8,"latent_base_salary",12.4117920746609,NA,12.4117920746609,12.4117920746609,12.3903510659479,12.0213143192893,12.8323602546012,11.9162975537783,12.9412968354856,0.190540123094156,0.0754288117373444,1,1,"scale_linear",3
"SRC-990-EXT-MIGRATION-POLICY-INSTITUTE","Migration Policy Institute","filing","exact_base",8,"latent_base_salary",12.6227383916406,NA,12.6227383916406,12.6227383916406,12.6128431145531,12.2438063678945,13.0548523032064,12.1387896023835,13.1637888840908,0.209357169662895,0.0748018588924866,1,1,"scale_linear",3
"SRC-990-EXT-GLOBAL-HEALTH-CORPS","Global Health Corps","filing","exact_base",8,"latent_base_salary",12.4246040572612,NA,12.4246040572612,12.4246040572612,12.0569380544505,11.6879013077919,12.4989472431038,11.5828845422809,12.6078838239883,-0.390489711017342,0.219993388559415,1,1,"scale_linear",3
"SRC-990-EXT-STRONGMINDS","StrongMinds","filing","exact_base",8,"latent_base_salary",12.4509506432504,NA,12.4509506432504,12.4509506432504,12.4528020499775,12.0837653033189,12.8948112386308,11.9787485378079,13.0037478195153,0.227271242246869,0.0745013330197134,1,1,"scale_linear",3
"SRC-990-EXT-EVIDENCE-ACTION","Evidence Action","filing","exact_base",8,"latent_base_salary",12.8276536554356,NA,12.8276536554356,12.8276536554356,12.7527990700594,12.3837623234008,13.1948082587127,12.2787455578899,13.3037448395972,0.0965660951158867,0.082427956700446,1,1,"scale_linear",3
"SRC-990-EXT3-CENTER-FOR-INTERNATIONAL-POLICY","Center for International Policy","filing","exact_base",8,"latent_base_salary",12.3116931273939,NA,12.3116931273939,12.3116931273939,12.2847358124886,11.91569906583,12.7267450011419,11.810682300319,12.8356815820264,0.181218272794057,0.075842610625028,1,1,"scale_linear",3
"SRC-990-EXT-INSTITUTE-FOR-THE-STUDY-OF-WAR","Institute for the Study of War","filing","exact_base",9,"latent_base_salary",12.2737531161958,NA,12.2737531161958,12.2737531161958,12.381810683794,12.010436756134,12.8091876460082,11.9119938283795,12.924842885164,0.271234759338124,0.0873730084162738,1,1,"scale_linear",3
"SRC-990-EXT-CENTER-FOR-CLIMATE-AND-ENERGY-SOLUTIONS","Center for Climate and Energy Solutions","filing","exact_base",9,"latent_base_salary",12.9791557665258,NA,12.9791557665258,12.9791557665258,13.0045632335975,12.6331893059375,13.4319401958117,12.534746378183,13.5475954349675,0.305559227692674,0.0728606335200843,1,1,"scale_linear",3
"SRC-990-EXT-CENTER-FOR-OPEN-SCIENCE","Center for Open Science","filing","exact_base",9,"latent_base_salary",12.5016604600873,NA,12.5016604600873,12.5016604600873,12.6090705074795,12.2376965798195,13.0364474696937,12.139253652065,13.1521027088495,0.272085515338866,0.0871879565214782,1,1,"scale_linear",3
"SRC-990-EXT-TECHNICAL-ASSISTANCE-COLLABORATIVE","Technical Assistance Collaborative","filing","exact_base",9,"latent_base_salary",12.4383619268654,NA,12.4383619268654,12.4383619268654,12.5802107624618,12.2088368348018,13.007587724676,12.1103939070473,13.1232429638318,0.215420707508525,0.0985315860863021,1,1,"scale_linear",3
"SRC-990-EXT-THE-SENTENCING-PROJECT","The Sentencing Project","filing","exact_base",9,"latent_base_salary",12.2172732835324,NA,12.2172732835324,12.2172732835324,12.2808067454048,11.9094328177448,12.708183707619,11.8109898899903,12.8238389467748,0.308522311929464,0.0772531505988443,1,1,"scale_linear",3
"SRC-990-EXT-PEAK-GRANTMAKING","PEAK Grantmaking","filing","exact_base",9,"latent_base_salary",12.6147062287155,NA,12.6147062287155,12.6147062287155,12.7082704008948,12.3368964732348,13.1356473631089,12.2384535454803,13.2513026022648,0.288152845447436,0.0834958664591809,1,1,"scale_linear",3
"SRC-990-EXT-GRANTMAKERS-FOR-EDUCATION","Grantmakers for Education","filing","exact_base",9,"latent_base_salary",12.4309659850717,NA,12.4309659850717,12.4309659850717,12.5978360788001,12.2264621511401,13.0252130410143,12.1280192233856,13.1408682801701,0.161541719967626,0.108627969126052,1,1,"scale_linear",3
"SRC-990-EXT-MERCY-FOR-ANIMALS","Mercy For Animals","filing","exact_base",9,"latent_base_salary",12.2436538423338,NA,12.2436538423338,12.2436538423338,12.5898990350913,12.2185251074313,13.0172759973055,12.1200821796768,13.1329312364613,-0.360758438996442,0.21882637264443,1,1,"scale_linear",3
"SRC-990-EXT-GUTTMACHER-INSTITUTE","Guttmacher Institute","filing","exact_base",9,"latent_base_salary",12.8946594433338,NA,12.8946594433338,12.8946594433338,13.3320978207492,12.9607238930893,13.7594747829634,12.8622809653347,13.8751300221192,-0.767663665236485,0.293891461299376,0,1,"scale_linear",3
"SRC-990-EXT-COUNCIL-ON-STRATEGIC-RISKS","Council on Strategic Risks","filing","exact_base",10,"latent_base_salary",12.508796619219,NA,12.508796619219,12.508796619219,12.6133496389029,12.2526901946636,13.037196549124,12.1530791910715,13.1456797071078,0.310185136800333,0.0848614242090343,1,1,"scale_linear",3
"SRC-990-EXT-TAX-FOUNDATION","Tax Foundation","filing","exact_base",10,"latent_base_salary",12.515216592965,NA,12.515216592965,12.515216592965,12.5813329150825,12.2206734708432,13.0051798253036,12.121062467251,13.1136629832874,0.348166784747909,0.0759660736191249,1,1,"scale_linear",3
"SRC-990-EXT-CENTER-FOR-A-NEW-AMERICAN-SECURITY","Center for a New American Security","filing","exact_base",10,"latent_base_salary",13.1871814907024,NA,13.1871814907024,13.1871814907024,13.0460013356965,12.6853418914572,13.4698482459176,12.585730887865,13.5783314039014,0.0251403229028966,0.0972172680984663,1,1,"scale_linear",3
"SRC-990-EXT-ECONOMIC-POLICY-INSTITUTE","Economic Policy Institute","filing","exact_base",10,"latent_base_salary",12.4477248107957,NA,12.4477248107957,12.4477248107957,12.6773052099127,12.3166457656733,13.1011521201338,12.2170347620812,13.2096352781175,0.00998542773869637,0.140104419702921,1,1,"scale_linear",3
"SRC-990-EXT-CHICAGO-COUNCIL-ON-GLOBAL-AFFAIRS","Chicago Council on Global Affairs","filing","exact_base",10,"latent_base_salary",13.1491202773988,NA,13.1491202773988,13.1491202773988,12.6917276337754,12.3310681895361,13.1155745439965,12.231457185944,13.2240577019803,-0.683905602956731,0.293056084772047,0,1,"scale_linear",3
"SRC-990-EXT-INSTITUTE-FOR-POLICY-STUDIES","Institute for Policy Studies","filing","exact_base",10,"latent_base_salary",12.053986283532,NA,12.053986283532,12.053986283532,12.4239368450475,12.0632774008082,12.8477837552686,11.9636663972161,12.9562669132524,-0.483525849414381,0.239336712923771,0,1,"scale_linear",3
"SRC-990-EXT-ELECTRONIC-FRONTIER-FOUNDATION","Electronic Frontier Foundation","filing","exact_base",10,"latent_base_salary",12.757183396529,NA,12.757183396529,12.757183396529,12.7862463660989,12.4255869218595,13.21009327632,12.3259759182674,13.3185764343037,0.34945749364962,0.0713402189414769,1,1,"scale_linear",3
"SRC-990-EXT-NATIONAL-COMMITTEE-FOR-RESPONSIVE-PHILANTHROPY","National Committee for Responsive Philanthropy","filing","exact_base",10,"latent_base_salary",12.742437732963,NA,12.742437732963,12.742437732963,12.5764149939974,12.215755549758,13.0002619042185,12.1161445461659,13.1087450622022,-0.0313083481168586,0.10658956089326,1,1,"scale_linear",3
"SRC-990-EXT-REDWOOD-RESEARCH","Redwood Research","filing","exact_base",10,"latent_base_salary",12.5766540301346,NA,12.5766540301346,12.5766540301346,12.5264401223037,12.1657806780644,12.9502870325248,12.0661696744722,13.0587701905086,0.242431678745193,0.0743208563568222,1,1,"scale_linear",3
"SRC-990-EXT-OPEN-SOURCE-INITIATIVE","Open Source Initiative","filing","exact_base",10,"latent_base_salary",12.2102910853882,NA,12.2102910853882,12.2102910853882,12.3301869441082,11.9695274998688,12.7540338543293,11.8699164962767,12.862517012313,0.285585160056876,0.0895476211675303,1,1,"scale_linear",3
"SRC-990-EXT3-AMERICAN-SECURITY-PROJECT","American Security Project","filing","exact_base",10,"latent_base_salary",11.9786620658855,NA,11.9786620658855,11.9786620658855,12.4224772329609,12.0618177887215,12.846324143182,11.9622067851294,12.9548073011657,-0.896738058125945,0.302275446990143,0,1,"scale_linear",3
"SRC-990-EA-COPENHAGEN-CONSENSUS-CENTER","Copenhagen Consensus Center","filing","exact_base",10,"latent_base_salary",13.0459767896383,NA,13.0459767896383,13.0459767896383,12.3000802163588,11.9394207721195,12.7239271265799,11.8398097685273,12.8324102845637,-2.41294572717698,0.56127912642618,0,0,"scale_linear",3
"SRC-990-EXT-CENTER-FOR-AI-SAFETY","Center for AI Safety","filing","exact_base",1,"latent_base_salary",12.7213413939825,NA,12.7213413939825,12.7213413939825,12.4838346165586,12.1449955411371,12.8929496160646,12.0355827186647,13.0106473299947,-0.118002824878086,0.134752520124904,1,1,"gam",3
"SRC-990-EXT-FUTURE-OF-PRIVACY-FORUM","Future of Privacy Forum","filing","exact_base",1,"latent_base_salary",13.5088520328401,NA,13.5088520328401,13.5088520328401,12.9388269796637,12.5999879042422,13.3479419791696,12.4905750817697,13.4656396930997,-1.38418369263113,0.392999875701465,0,0,"gam",3
"SRC-990-EXT-GRANTMAKERS-FOR-EFFECTIVE-ORGANIZATIONS","Grantmakers for Effective Organizations","filing","exact_base",1,"latent_base_salary",12.8837522170102,NA,12.8837522170102,12.8837522170102,12.7242858612757,12.3854467858542,13.1334008607817,12.2760339633818,13.2510985747118,0.0939435963960182,0.0970094538460734,1,1,"gam",3
"SRC-990-EXT-RESEARCH-AMERICA","Research!America","filing","exact_base",1,"latent_base_salary",13.297112905275,NA,13.297112905275,13.297112905275,12.9162676327874,12.5774285573659,13.3253826322933,12.4680157348934,13.4430803462235,-0.533169187365266,0.230847970007213,1,1,"gam",3
"SRC-990-EXT-ROOSEVELT-INSTITUTE","Roosevelt Institute","filing","exact_base",1,"latent_base_salary",13.0866290852163,NA,13.0866290852163,13.0866290852163,12.9717801999223,12.6329411245008,13.3808951994282,12.5235283020283,13.4985929133583,0.217405772205052,0.0812759390905911,1,1,"gam",3
"SRC-990-EXT-PUBLIC-KNOWLEDGE","Public Knowledge","filing","exact_base",1,"latent_base_salary",12.4996822653103,NA,12.4996822653103,12.4996822653103,12.4069570330187,12.0681179575971,12.8160720325246,11.9587051351247,12.9337697464547,0.275058132194982,0.0752731631716387,1,1,"gam",3
"SRC-990-EXT-VILLAGEREACH","VillageReach","filing","exact_base",1,"latent_base_salary",12.4314315810676,NA,12.4314315810676,12.4314315810676,12.4594193726454,12.1205802972239,12.8685343721514,12.0111674747515,12.9862320860815,0.443767305827617,0.0668189023768206,1,1,"gam",3
"SRC-990-EXT-ECONOMIC-INNOVATION-GROUP","Economic Innovation Group","filing","exact_base",1,"latent_base_salary",12.9583656609222,NA,12.9583656609222,12.9583656609222,12.9354387664925,12.596599691071,13.3445537659985,12.4871868685986,13.4622514799286,0.41227452959288,0.0650960091370819,1,1,"gam",3
"SRC-990-EXT-ENERGY-FOR-GROWTH-HUB","Energy for Growth Hub","filing","exact_base",1,"latent_base_salary",13.0105039226493,NA,13.0105039226493,13.0105039226493,12.5939182507618,12.2550791753403,13.0030332502678,12.1456663528679,13.1207309641979,-0.657643016954203,0.259029985481318,0,1,"gam",3
"SRC-990-EXT-INNOVATIONS-FOR-POVERTY-ACTION","Innovations for Poverty Action","filing","exact_base",1,"latent_base_salary",12.4867659407714,NA,12.4867659407714,12.4867659407714,12.995370716079,12.6565316406574,13.4044857155849,12.547118818185,13.522183429515,-1.46261047613002,0.375478033925447,0,0,"gam",3
"SRC-990-EA-CENTER-FOR-ELECTION-SCIENCE","Center for Election Science","filing","exact_base",1,"latent_base_salary",12.2614916001655,NA,12.2614916001655,12.2614916001655,12.2610552766726,11.9222162012511,12.6701702761786,11.8128033787787,12.7878679901087,0.4346611127369,0.0648698150282297,1,1,"gam",3
"SRC-990-EXT-CENTER-FOR-DEMOCRACY-TECHNOLOGY","Center for Democracy & Technology","filing","exact_base",2,"latent_base_salary",12.9169778646385,NA,12.9169778646385,12.9169778646385,12.7703119405403,12.4178058216571,13.1884305874384,12.3031177101315,13.3308709907062,0.149582296735644,0.0937892180229214,1,1,"gam",3
"SRC-990-EXT-PROJECT-DRAWDOWN","Project Drawdown","filing","exact_base",2,"latent_base_salary",13.0056540850792,NA,13.0056540850792,13.0056540850792,12.6666703028914,12.3141641840082,13.0847889497895,12.1994760724826,13.2272293530573,-0.498817146172922,0.203168398807582,1,1,"gam",3
"SRC-990-EXT-CHARITY-NAVIGATOR","Charity Navigator","filing","exact_base",2,"latent_base_salary",12.7520384665336,NA,12.7520384665336,12.7520384665336,12.5445446474693,12.1920385285861,12.9626632943674,12.0773504170605,13.1051036976352,-0.0484554533182229,0.121292108803623,1,1,"gam",3
"SRC-990-EXT-DATA-QUALITY-CAMPAIGN","Data Quality Campaign","filing","exact_base",2,"latent_base_salary",12.9352645395531,NA,12.9352645395531,12.9352645395531,13.0538986474233,12.70139252854,13.4720172943213,12.5867044170144,13.6144576975891,0.293768101760727,0.0894736678191181,1,1,"gam",3
"SRC-990-EXT-NISKANEN-CENTER","Niskanen Center","filing","exact_base",2,"latent_base_salary",13.3543131280751,NA,13.3543131280751,13.3543131280751,12.9112722113247,12.5587660924414,13.3293908582227,12.4440779809158,13.4718312614905,-0.870237464418568,0.283523453009189,0,1,"gam",3
"SRC-990-EXT-INSTITUTE-ON-TAXATION-AND-ECONOMIC-POLICY","Institute on Taxation and Economic Policy","filing","exact_base",2,"latent_base_salary",12.3346530459445,NA,12.3346530459445,12.3346530459445,12.7481678602738,12.3956617413906,13.1662865071719,12.280973629865,13.3087269104397,-0.851979251609082,0.284691237136248,0,1,"gam",3
"SRC-990-EXT-PUBLIC-AGENDA","Public Agenda","filing","exact_base",2,"latent_base_salary",12.5141054670907,NA,12.5141054670907,12.5141054670907,12.2976683345657,11.9451622156825,12.7157869814638,11.8304741041569,12.8582273847316,-0.0787465028527625,0.125966291889493,1,1,"gam",3
"SRC-990-EXT-OPENSECRETS","OpenSecrets","filing","exact_base",2,"latent_base_salary",12.3218529214459,NA,12.3218529214459,12.3218529214459,12.2815312951564,11.9290251762732,12.6996499420545,11.8143370647476,12.8420903453223,0.396930057761366,0.0672652133860115,1,1,"gam",3
"SRC-990-EXT3-NUCLEAR-INNOVATION-ALLIANCE","Nuclear Innovation Alliance","filing","exact_base",2,"latent_base_salary",12.6101041264858,NA,12.6101041264858,12.6101041264858,12.29506980186,11.9425636829768,12.7131884487581,11.8278755714512,12.8556288520259,-0.41623645939161,0.186377462479561,1,1,"gam",3
"SRC-990-EXT3-CENTER-FOR-ARMS-CONTROL-AND-NON-PROLIFERATION","Center for Arms Control and Non-Proliferation","filing","exact_base",2,"latent_base_salary",12.5533356659485,NA,12.5533356659485,12.5533356659485,12.2708225624185,11.9183164435353,12.6889412093166,11.8036283320097,12.8313816125844,-0.304623956147083,0.164800968209676,1,1,"gam",3
"SRC-990-EA-FORESIGHT-INSTITUTE","Foresight Institute","filing","exact_base",2,"latent_base_salary",12.5911934036369,NA,12.5911934036369,12.5911934036369,12.4139146645977,12.0614085457144,12.8320333114957,11.9467204341888,12.9744737147635,0.0522552799296485,0.106655143402715,1,1,"gam",3
"SRC-990-EXT-POPULATION-REFERENCE-BUREAU","Population Reference Bureau","filing","exact_base",3,"latent_base_salary",12.816309953692,NA,12.816309953692,12.816309953692,12.3717171791398,12.0320144963055,12.7624737158833,11.9211969810908,12.9096162355507,-1.00716727276534,0.288951187134868,0,1,"gam",3
"SRC-990-EXT-FAR-AI","FAR AI","filing","exact_base",3,"latent_base_salary",12.405415596293,NA,12.405415596293,12.405415596293,12.4976862278333,12.157983544999,12.8884427645768,12.0471660297843,13.0355852842442,0.379704980045346,0.0787531124188991,1,1,"gam",3
"SRC-990-EXT-QUINCY-INSTITUTE-FOR-RESPONSIBLE-STATECRAFT","Quincy Institute for Responsible Statecraft","filing","exact_base",3,"latent_base_salary",12.631030234805,NA,12.631030234805,12.631030234805,13.0060927938828,12.6663901110485,13.3968493306263,12.5555725958338,13.5439918502936,-0.713504371953144,0.25494319990779,0,1,"gam",3
"SRC-990-EXT-ENVIRONMENTAL-LAW-INSTITUTE","Environmental Law Institute","filing","exact_base",3,"latent_base_salary",12.6696219906236,NA,12.6696219906236,12.6696219906236,12.4804952671389,12.1407925843046,12.8712518038824,12.0299750690899,13.0183943235498,0.0738683410213439,0.110228601807701,1,1,"gam",3
"SRC-990-EXT-INSTITUTE-FOR-ENERGY-ECONOMICS-AND-FINANCIAL-ANALYSIS","Institute for Energy Economics and Financial Analysis","filing","exact_base",3,"latent_base_salary",12.5797210272034,NA,12.5797210272034,12.5797210272034,12.5715058544003,12.231803171566,12.9622623911438,12.1209856563513,13.1094049108112,0.457182589586312,0.0628322271600343,1,1,"gam",3
"SRC-990-EXT3-LEARNING-POLICY-INSTITUTE","Learning Policy Institute","filing","exact_base",3,"latent_base_salary",13.1712146825618,NA,13.1712146825618,13.1712146825618,12.9911554273771,12.6514527445428,13.3819119641205,12.5406352293281,13.5290544837879,0.101198902627993,0.105854491800308,1,1,"gam",3
"SRC-990-EXT-INSTITUTE-FOR-SECURITY-AND-TECHNOLOGY","Institute for Security and Technology","filing","exact_base",3,"latent_base_salary",12.3935414740295,NA,12.3935414740295,12.3935414740295,12.6988941481172,12.3591914652829,13.0896506848607,12.2483739500682,13.2367932045281,-0.420954572920888,0.199202285028572,1,1,"gam",3
"SRC-990-EXT-ARMS-CONTROL-ASSOCIATION","Arms Control Association","filing","exact_base",3,"latent_base_salary",11.7955985634313,NA,11.7955985634313,11.7955985634313,12.3520990442997,12.0123963614654,12.7428555810432,11.9015788462507,12.8899981007106,-1.80529259233988,0.419160521678106,0,0,"gam",3
"SRC-990-EXT-DATAKIND","DataKind","filing","exact_base",4,"latent_base_salary",12.4083285202951,NA,12.4083285202951,12.4083285202951,12.5170896629097,12.1441019457869,12.9322001482478,12.0264559246283,13.0644143287223,0.244252316967243,0.090092978741352,1,1,"gam",3
"SRC-990-EXT-GIVINGTUESDAY","GivingTuesday","filing","exact_base",4,"latent_base_salary",12.8728251821158,NA,12.8728251821158,12.8728251821158,12.4367883570343,12.0638006399115,12.8518988423724,11.9461546187529,12.9841130228468,-0.778181856894257,0.272732404119295,0,1,"gam",3
"SRC-990-EXT-JAIN-FAMILY-INSTITUTE","Jain Family Institute","filing","exact_base",4,"latent_base_salary",12.3338860528408,NA,12.3338860528408,12.3338860528408,12.5667278892427,12.19374017212,12.9818383745809,12.0760941509614,13.1140525550553,-0.163006956955756,0.150766173652481,1,1,"gam",3
"SRC-990-EXT-INTERNET-SECURITY-RESEARCH-GROUP","Internet Security Research Group","filing","exact_base",4,"latent_base_salary",12.6634761632277,NA,12.6634761632277,12.6634761632277,12.4271197391812,12.0541320220585,12.8422302245193,11.9364860008999,12.9744444049938,-0.062925861443305,0.133028712074729,1,1,"gam",3
"SRC-990-EXT-ORCID","ORCID","filing","exact_base",4,"latent_base_salary",12.5696077844296,NA,12.5696077844296,12.5696077844296,12.3564124455295,11.9834247284068,12.7715229308677,11.8657787072482,12.9037371113421,0.00533460937534302,0.120870419478499,1,1,"gam",3
"SRC-990-EXT-ANIMAL-WELFARE-INSTITUTE","Animal Welfare Institute","filing","exact_base",4,"latent_base_salary",12.1688180822369,NA,12.1688180822369,12.1688180822369,12.3468102162026,11.9738224990798,12.7619207015407,11.8561764779213,12.8941348820152,0.0354625101492045,0.119944030690131,1,1,"gam",3
"SRC-990-EXT-INSTITUTE-FOR-NONPROFIT-NEWS","Institute for Nonprofit News","filing","exact_base",4,"latent_base_salary",12.3400869277947,NA,12.3400869277947,12.3400869277947,12.3650811573052,11.9920934401825,12.7801916426434,11.8744474190239,12.9124058231178,0.371219140116568,0.070405781868863,1,1,"gam",3
"SRC-990-EXT-CODE-FOR-SCIENCE-SOCIETY","Code for Science & Society","filing","exact_base",4,"latent_base_salary",12.2746977427298,NA,12.2746977427298,12.2746977427298,12.3836082770676,12.0106205599448,12.7987187624057,11.8929745387862,12.9309329428801,0.243888527664515,0.0901450155174852,1,1,"gam",3
"SRC-990-EXT-INDEPENDENT-SECTOR","Independent Sector","filing","exact_base",4,"latent_base_salary",13.3541442871094,NA,13.3541442871094,13.3541442871094,13.1415848365592,12.7685971194364,13.5566953218973,12.6509510982778,13.6889095023717,0.00716052004848899,0.120551499394231,1,1,"gam",3
"SRC-990-EXT-CREATIVE-COMMONS","Creative Commons","filing","exact_base",4,"latent_base_salary",12.4083285202951,NA,12.4083285202951,12.4083285202951,12.4109015321,12.0379138149772,12.8260120174381,11.9202677938186,12.9582261979126,0.377902522567961,0.0685126842061209,1,1,"gam",3
"SRC-990-EXT-RESULTS-FOR-AMERICA","Results for America","filing","exact_base",4,"latent_base_salary",12.6889203108623,NA,12.6889203108623,12.6889203108623,13.1161472222474,12.7431595051247,13.5312577075855,12.6255134839661,13.66347188806,-0.837439779039326,0.295589348949928,0,1,"gam",3
"SRC-990-EXT-CLEAN-AIR-TASK-FORCE","Clean Air Task Force","filing","exact_base",4,"latent_base_salary",12.8291533338357,NA,12.8291533338357,12.8291533338357,12.8894299684779,12.5164422513551,13.304540453816,12.3987962301965,13.4367546342904,0.337194012193612,0.0763235309549414,1,1,"gam",3
"SRC-990-EXT-IDEAS42","ideas42","filing","exact_base",5,"latent_base_salary",12.4941514017925,NA,12.4941514017925,12.4941514017925,12.5961150013941,12.2246594035367,13.0114222680947,12.1221043858636,13.1346237682104,0.303468574867922,0.0837174305685738,1,1,"gam",3
"SRC-990-EXT-PETERSON-INSTITUTE-FOR-INTERNATIONAL-ECONOMICS","Peterson Institute for International Economics","filing","exact_base",5,"latent_base_salary",13.3086807403212,NA,13.3086807403212,13.3086807403212,13.5508903640025,13.1794347661451,13.9661976307032,13.0768797484721,14.0893991308189,-0.09157508957591,0.148450664569775,1,1,"gam",3
"SRC-990-EXT-SOCIAL-SCIENCE-RESEARCH-COUNCIL","Social Science Research Council","filing","exact_base",5,"latent_base_salary",12.7968302816124,NA,12.7968302816124,12.7968302816124,13.1007374803954,12.729281882538,13.5160447470961,12.626726864865,13.6392462472118,-0.318759272324505,0.189425345975628,1,1,"gam",3
"SRC-990-EXT-AMERICAN-IMMIGRATION-COUNCIL","American Immigration Council","filing","exact_base",5,"latent_base_salary",12.6131309837729,NA,12.6131309837729,12.6131309837729,12.6087477775895,12.2372921797321,13.0240550442901,12.1347371620591,13.1472565444058,0.34218296961887,0.0687196543949782,1,1,"gam",3
"SRC-990-EXT-FEDERATION-OF-AMERICAN-SCIENTISTS","Federation of American Scientists","filing","exact_base",5,"latent_base_salary",13.0648771145336,NA,13.0648771145336,13.0648771145336,12.8540878923251,12.4826322944677,13.2693951590257,12.3800772767947,13.3925966591414,-0.0374445694856913,0.125485567336264,1,1,"gam",3
"SRC-990-EXT-PRECISION-DEVELOPMENT","Precision Development","filing","exact_base",5,"latent_base_salary",12.4150937427763,NA,12.4150937427763,12.4150937427763,12.4884171370443,12.1169615391869,12.9037244037449,12.0144065215138,13.0269259038606,0.338690812585042,0.0765368189175041,1,1,"gam",3
"SRC-990-EXT-RESULTS-FOR-DEVELOPMENT","Results for Development","filing","exact_base",5,"latent_base_salary",12.9211104925028,NA,12.9211104925028,12.9211104925028,12.9462497487845,12.5747941509271,13.3615570154851,12.4722391332541,13.4847585156008,0.355758961894483,0.069663423178324,1,1,"gam",3
"SRC-990-EXT-SOFTWARE-FREEDOM-CONSERVANCY","Software Freedom Conservancy","filing","exact_base",5,"latent_base_salary",12.1568022510686,NA,12.1568022510686,12.1568022510686,12.3806504679391,12.0091948700817,12.7959577346398,11.9066398524087,12.9191592347555,-0.0256396129703007,0.137530743902911,1,1,"gam",3
"SRC-990-EXT-PROJECT-HEALTHY-CHILDREN","Project Healthy Children","filing","exact_base",5,"latent_base_salary",11.5747708002363,NA,11.5747708002363,11.5747708002363,12.6235954615791,12.2521398637217,13.0389027282797,12.1495848460486,13.1621042283954,-12.3144218476374,0.893816686362843,0,0,"gam",3
"SRC-990-EXT-SIGHTLINE-INSTITUTE","Sightline Institute","filing","exact_base",5,"latent_base_salary",12.2612800796685,NA,12.2612800796685,12.2612800796685,12.3195932114922,11.9481376136348,12.7349004781928,11.8455825959618,12.8581019783086,0.349598914058354,0.0736880076304412,1,1,"gam",3
"SRC-990-EXT-LAST-MILE-HEALTH","Last Mile Health","filing","exact_base",5,"latent_base_salary",12.4850802155385,NA,12.4850802155385,12.4850802155385,12.5548870926532,12.1834314947958,12.9701943593538,12.0808764771228,13.0933958594695,0.341711820801694,0.0758124208509345,1,1,"gam",3
"SRC-990-EA-GIVEWELL","GiveWell","filing","exact_base",5,"latent_base_salary",13.0190388321958,NA,13.0190388321958,13.0190388321958,12.020034425963,11.6485788281056,12.4353416926636,11.5460238104326,12.5585431927793,-4.6554901495761,0.815390799749003,0,0,"gam",3
"SRC-990-EXT-FRAMEWORKS-INSTITUTE","FrameWorks Institute","filing","exact_base",6,"latent_base_salary",13.0266397001217,NA,13.0266397001217,13.0266397001217,12.957999030473,12.6065561028861,13.348237440175,12.490951581371,13.4657476843359,0.326643166666754,0.0704575631960208,1,1,"gam",3
"SRC-990-EXT-WORLD-JUSTICE-PROJECT","World Justice Project","filing","exact_base",6,"latent_base_salary",12.8497369708156,NA,12.8497369708156,12.8497369708156,12.9474310711449,12.595988143558,13.3376694808469,12.4803836220429,13.4551797250078,0.334551324336422,0.0828493436446817,1,1,"gam",3
"SRC-990-EXT-STIMSON-CENTER","Stimson Center","filing","exact_base",6,"latent_base_salary",12.9582226865033,NA,12.9582226865033,12.9582226865033,12.694055768704,12.3426128411171,13.0842941784061,12.2270083196021,13.2018044225669,-0.108705088349698,0.150141902031774,1,1,"gam",3
"SRC-990-EXT-GOOD-FOOD-INSTITUTE","Good Food Institute","filing","exact_base",6,"latent_base_salary",12.3904522913386,NA,12.3904522913386,12.3904522913386,12.7431894962637,12.3917465686768,13.1334279059657,12.2761420471617,13.2509381501266,-0.604852308239713,0.235444375743859,0,1,"gam",3
"SRC-990-EXT-TECHCONGRESS","TechCongress","filing","exact_base",6,"latent_base_salary",12.4960490464963,NA,12.4960490464963,12.4960490464963,12.4362614764152,12.0848185488283,12.8264998861172,11.9692140273132,12.9440101302781,0.34116426097688,0.0690706860698833,1,1,"gam",3
"SRC-990-EXT-NEW-AMERICA","New America","filing","exact_base",6,"latent_base_salary",13.2081577341251,NA,13.2081577341251,13.2081577341251,13.1525920348449,12.801149107258,13.5428304445469,12.6855445857429,13.6603406887078,0.347718073267137,0.0684867622697551,1,1,"gam",3
"SRC-990-EXT-THIRD-WAY-INSTITUTE","Third Way Institute","filing","exact_base",6,"latent_base_salary",12.9939824923999,NA,12.9939824923999,12.9939824923999,12.4101634473074,12.0587205197205,12.8004018570094,11.9431159982054,12.9179121011703,-1.87046085457422,0.410525087601406,0,0,"gam",3
"SRC-990-EXT-BIPARTISAN-POLICY-CENTER","Bipartisan Policy Center","filing","exact_base",6,"latent_base_salary",13.69992393343,NA,13.69992393343,13.69992393343,13.1572102486683,12.8057673210814,13.5474486583703,12.6901627995663,13.6649589025312,-1.51208379906275,0.372468321122865,0,0,"gam",3
"SRC-990-EXT-THE-HUMANE-LEAGUE","The Humane League","filing","exact_base",6,"latent_base_salary",12.3775599734482,NA,12.3775599734482,12.3775599734482,12.3912989826254,12.0398560550385,12.7815373923274,11.9242515335235,12.8990476364883,0.409880799352453,0.066312705522697,1,1,"gam",3
"SRC-990-EXT-VILLAGE-ENTERPRISE","Village Enterprise","filing","exact_base",6,"latent_base_salary",12.5400430408691,NA,12.5400430408691,12.5400430408691,12.5371756605882,12.1857327330013,12.9274140702903,12.0701282114863,13.0449243144511,0.403984373507019,0.0655362688256648,1,1,"gam",3
"SRC-990-EXT-FARM-SANCTUARY","Farm Sanctuary","filing","exact_base",6,"latent_base_salary",12.3163882693373,NA,12.3163882693373,12.3163882693373,12.4262282281793,12.0747853005924,12.8164666378813,11.9591807790773,12.9339768820422,0.308862118020614,0.0869297451167934,1,1,"gam",3
"SRC-990-EXT-VERA-INSTITUTE-OF-JUSTICE","Vera Institute of Justice","filing","exact_base",6,"latent_base_salary",13.3181829414966,NA,13.3181829414966,13.3181829414966,13.0939456709527,12.7425027433658,13.4841840806547,12.6268982218507,13.6016943248156,-0.00733566732309732,0.127107272961389,1,1,"gam",3
"SRC-990-EXT-PHYSICIANS-FOR-SOCIAL-RESPONSIBILITY","Physicians for Social Responsibility","filing","exact_base",6,"latent_base_salary",11.9808845054682,NA,11.9808845054682,11.9808845054682,12.308731808553,11.9572888809661,12.698970218255,11.841684359451,12.8164804624159,-0.502872941911228,0.215847322092747,1,1,"gam",3
"SRC-990-EXT-DEMOS","Demos","filing","exact_base",7,"latent_base_salary",12.6428849557391,NA,12.6428849557391,12.6428849557391,12.7934785287929,12.4214895341413,13.2123183974414,12.3109245226281,13.3493120103367,0.132884859695199,0.105200101267146,1,1,"gam",3
"SRC-990-EXT-INFORMATION-TECHNOLOGY-AND-INNOVATION-FOUNDATION","Information Technology and Innovation Foundation","filing","exact_base",7,"latent_base_salary",13.2745188452622,NA,13.2745188452622,13.2745188452622,12.9886104959645,12.6166215013129,13.407450364613,12.5060564897997,13.5444439775083,-0.26911824555289,0.164794360904957,1,1,"gam",3
"SRC-990-EXT-BREAKTHROUGH-INSTITUTE","Breakthrough Institute","filing","exact_base",7,"latent_base_salary",12.579065834723,NA,12.579065834723,12.579065834723,12.5342588047936,12.162269810142,12.9530986734421,12.0517047986287,13.0900922863374,0.374034714856127,0.0689731353930472,1,1,"gam",3
"SRC-990-EXT-CENTER-FOR-EFFECTIVE-PHILANTHROPY","Center for Effective Philanthropy","filing","exact_base",7,"latent_base_salary",13.2146671151145,NA,13.2146671151145,13.2146671151145,12.7975222932933,12.4255332986417,13.2163621619418,12.3149682871285,13.3533557748371,-0.738840310186885,0.259865055562571,1,1,"gam",3
"SRC-990-EXT-SAN-FRANCISCO-ESTUARY-INSTITUTE","San Francisco Estuary Institute","filing","exact_base",7,"latent_base_salary",12.1771418570467,NA,12.1771418570467,12.1771418570467,12.417722026582,12.0457330319303,12.8365618952304,11.9351680204171,12.9735555081258,-0.196748265339184,0.153846404926695,1,1,"gam",3
"SRC-990-EXT-NATIONAL-EMPLOYMENT-LAW-PROJECT","National Employment Law Project","filing","exact_base",7,"latent_base_salary",12.8184638703657,NA,12.8184638703657,12.8184638703657,12.9451899349219,12.5732009402703,13.3640298035704,12.4626359287571,13.5010234164657,0.210657196819203,0.0951727932645451,1,1,"gam",3
"SRC-990-EXT-BULLETIN-OF-THE-ATOMIC-SCIENTISTS","Bulletin of the Atomic Scientists","filing","exact_base",7,"latent_base_salary",12.3173567420894,NA,12.3173567420894,12.3173567420894,12.3162730374627,11.9442840428111,12.7351129061112,11.8337190312979,12.8721065190065,0.404780479591347,0.0674637510572303,1,1,"gam",3
"SRC-990-EXT-OPEN-MARKETS-INSTITUTE","Open Markets Institute","filing","exact_base",7,"latent_base_salary",12.1897506129305,NA,12.1897506129305,12.1897506129305,12.3762922584583,12.0043032638067,12.7951321271068,11.8937382522935,12.9321257400021,0.00291174458411314,0.122724632702804,1,1,"gam",3
"SRC-990-EXT-ANIMAL-LEGAL-DEFENSE-FUND","Animal Legal Defense Fund","filing","exact_base",7,"latent_base_salary",12.5370734769901,NA,12.5370734769901,12.5370734769901,12.5825123383581,12.2105233437065,13.0013522070066,12.0999583321933,13.1383458199019,0.383738652543073,0.0721246613989427,1,1,"gam",3
"SRC-990-EXT-EXPONENT-PHILANTHROPY","Exponent Philanthropy","filing","exact_base",7,"latent_base_salary",12.6069727833315,NA,12.6069727833315,12.6069727833315,12.315302693898,11.9433136992464,12.7341425625465,11.8327486877332,12.8711361754418,-0.288934192636564,0.168495223775353,1,1,"gam",3
"SRC-990-EXT-LIVING-GOODS","Living Goods","filing","exact_base",7,"latent_base_salary",12.5107284211723,NA,12.5107284211723,12.5107284211723,12.427479985758,12.0554909911064,12.8463198544065,11.9449259795932,12.9833134673018,0.313113445376926,0.0748879029926779,1,1,"gam",3
"SRC-990-EXT-PARTNERSHIP-ON-AI","Partnership on AI","filing","exact_base",8,"latent_base_salary",12.7912011974447,NA,12.7912011974447,12.7912011974447,12.8615134851295,12.5003464233833,13.295580226817,12.3835495796511,13.4204608611357,0.290401713412064,0.0820991477175205,1,1,"gam",3
"SRC-990-EXT3-CENTER-FOR-HEALTH-CARE-STRATEGIES","Center for Health Care Strategies","filing","exact_base",8,"latent_base_salary",12.6222962067176,NA,12.6222962067176,12.6222962067176,12.6497784578454,12.2886113960992,13.0838451995329,12.171814552367,13.2087258338517,0.309737496777862,0.0743111637695072,1,1,"gam",3
"SRC-990-EXT-CLIMATE-CENTRAL","Climate Central","filing","exact_base",8,"latent_base_salary",12.6801870016491,NA,12.6801870016491,12.6801870016491,12.7831303173439,12.4219632555977,13.2171970590314,12.3051664118655,13.3420776933501,0.250808223127353,0.0913264906774134,1,1,"gam",3
"SRC-990-EXT3-NATIONAL-ACADEMY-FOR-STATE-HEALTH-POLICY","National Academy for State Health Policy","filing","exact_base",8,"latent_base_salary",12.8776933603378,NA,12.8776933603378,12.8776933603378,12.9215708424462,12.5604037807,13.3556375841338,12.4436069369678,13.4805182184525,0.306661597660924,0.076704645540265,1,1,"gam",3
"SRC-990-EXT-NUMFOCUS","NumFOCUS","filing","exact_base",8,"latent_base_salary",12.0255072657542,NA,12.0255072657542,12.0255072657542,12.4071158392898,12.0459487775436,12.8411825809774,11.9291519338114,12.9660632152961,-0.681974831876525,0.261729125220811,0,1,"gam",3
"SRC-990-EXT3-CARBON-MAPPER","Carbon Mapper","filing","exact_base",8,"latent_base_salary",12.5153758745745,NA,12.5153758745745,12.5153758745745,12.9627065526458,12.6015394908996,13.3967732943334,12.4847426471674,13.5216539286521,-0.991421690971649,0.317709590703643,0,1,"gam",3
"SRC-990-EXT-COMMITTEE-FOR-A-RESPONSIBLE-FEDERAL-BUDGET","Committee for a Responsible Federal Budget","filing","exact_base",8,"latent_base_salary",13.2655461923519,NA,13.2655461923519,13.2655461923519,12.9750151953051,12.6138481335589,13.4090819369926,12.4970512898267,13.5339625713113,-0.166484549658432,0.159573725808205,1,1,"gam",3
"SRC-990-EXT-FRESH-ENERGY","Fresh Energy","filing","exact_base",8,"latent_base_salary",12.4117920746609,NA,12.4117920746609,12.4117920746609,12.3903208498808,12.0291537881346,12.8243875915684,11.9123569444024,12.9492682258871,0.289571071731497,0.0715139709715565,1,1,"gam",3
"SRC-990-EXT-MIGRATION-POLICY-INSTITUTE","Migration Policy Institute","filing","exact_base",8,"latent_base_salary",12.6227383916406,NA,12.6227383916406,12.6227383916406,12.5468330005582,12.185665938812,12.9808997422458,12.0688690950798,13.1057803765645,0.226209070800056,0.0758869472855182,1,1,"gam",3
"SRC-990-EXT-GLOBAL-HEALTH-CORPS","Global Health Corps","filing","exact_base",8,"latent_base_salary",12.4246040572612,NA,12.4246040572612,12.4246040572612,12.33963747435,11.9784704126038,12.7737042160375,11.8616735688716,12.8985848503562,0.212778621737985,0.0773508669110471,1,1,"gam",3
"SRC-990-EXT-STRONGMINDS","StrongMinds","filing","exact_base",8,"latent_base_salary",12.4509506432504,NA,12.4509506432504,12.4509506432504,12.3896842086938,12.0285171469476,12.8237509503814,11.9117203032154,12.9486315847001,0.246467362089533,0.0739580346778207,1,1,"gam",3
"SRC-990-EXT-EVIDENCE-ACTION","Evidence Action","filing","exact_base",8,"latent_base_salary",12.8276536554356,NA,12.8276536554356,12.8276536554356,12.7630304397872,12.401863378041,13.1970971814747,12.2850665343088,13.3219778157935,0.241995855966129,0.0743522774809365,1,1,"gam",3
"SRC-990-EXT3-CENTER-FOR-INTERNATIONAL-POLICY","Center for International Policy","filing","exact_base",8,"latent_base_salary",12.3116931273939,NA,12.3116931273939,12.3116931273939,12.2648349411112,11.9036678793649,12.6989016827987,11.7868710356327,12.8237823171174,0.264322961061348,0.0725948843241106,1,1,"gam",3
"SRC-990-EXT-INSTITUTE-FOR-THE-STUDY-OF-WAR","Institute for the Study of War","filing","exact_base",9,"latent_base_salary",12.2737531161958,NA,12.2737531161958,12.2737531161958,12.3775179652453,12.0050074808028,12.7850084627182,11.8910055671281,12.9106383112941,0.264676957736247,0.0875778363994091,1,1,"gam",3
"SRC-990-EXT-CENTER-FOR-CLIMATE-AND-ENERGY-SOLUTIONS","Center for Climate and Energy Solutions","filing","exact_base",9,"latent_base_salary",12.9791557665258,NA,12.9791557665258,12.9791557665258,13.0795870101751,12.7070765257325,13.4870775076479,12.5930746120578,13.6127073562238,0.272501933305342,0.0864743355077685,1,1,"gam",3
"SRC-990-EXT-CENTER-FOR-OPEN-SCIENCE","Center for Open Science","filing","exact_base",9,"latent_base_salary",12.5016604600873,NA,12.5016604600873,12.5016604600873,12.5206144644637,12.1481039800212,12.9281049619366,12.0341020663465,13.0537348105125,0.382588344250037,0.0690278008165121,1,1,"gam",3
"SRC-990-EXT-TECHNICAL-ASSISTANCE-COLLABORATIVE","Technical Assistance Collaborative","filing","exact_base",9,"latent_base_salary",12.4383619268654,NA,12.4383619268654,12.4383619268654,12.4978891363672,12.1253786519246,12.90537963384,12.0113767382499,13.0310094824159,0.347700130155518,0.0753735427483977,1,1,"gam",3
"SRC-990-EXT-THE-SENTENCING-PROJECT","The Sentencing Project","filing","exact_base",9,"latent_base_salary",12.2172732835324,NA,12.2172732835324,12.2172732835324,12.3918821803459,12.0193716959034,12.7993726778187,11.9053697822286,12.9250025263946,0.049075949927033,0.117474775821423,1,1,"gam",3
"SRC-990-EXT-PEAK-GRANTMAKING","PEAK Grantmaking","filing","exact_base",9,"latent_base_salary",12.6147062287155,NA,12.6147062287155,12.6147062287155,12.6789872677524,12.3064767833099,13.0864777652252,12.1924748696351,13.2121076138011,0.341001240182786,0.0764261807748662,1,1,"gam",3
"SRC-990-EXT-GRANTMAKERS-FOR-EDUCATION","Grantmakers for Education","filing","exact_base",9,"latent_base_salary",12.4309659850717,NA,12.4309659850717,12.4309659850717,12.5067603171746,12.1342498327321,12.9142508146474,12.0202479190574,13.0398806632234,0.322520260314953,0.0792380386047038,1,1,"gam",3
"SRC-990-EXT-MERCY-FOR-ANIMALS","Mercy For Animals","filing","exact_base",9,"latent_base_salary",12.2436538423338,NA,12.2436538423338,12.2436538423338,12.5071887859673,12.1346783015248,12.9146792834401,12.02067638785,13.040309132016,-0.280552146619478,0.169638275347035,1,1,"gam",3
"SRC-990-EXT-GUTTMACHER-INSTITUTE","Guttmacher Institute","filing","exact_base",9,"latent_base_salary",12.8946594433338,NA,12.8946594433338,12.8946594433338,13.3480611375764,12.9755506531339,13.7555516350492,12.8615487394591,13.8811814836251,-0.918488175931437,0.317632600121292,0,1,"gam",3
"SRC-990-EXT-COUNCIL-ON-STRATEGIC-RISKS","Council on Strategic Risks","filing","exact_base",10,"latent_base_salary",12.508796619219,NA,12.508796619219,12.508796619219,12.5300886549587,12.1628175283838,12.9440873443997,12.036035629651,13.0694450782665,0.367289100813314,0.0697475993056451,1,1,"gam",3
"SRC-990-EXT-TAX-FOUNDATION","Tax Foundation","filing","exact_base",10,"latent_base_salary",12.515216592965,NA,12.515216592965,12.515216592965,12.4827679543058,12.1154968277309,12.8967666437469,11.9887149289982,13.0221243776137,0.337471775230952,0.0690522711835597,1,1,"gam",3
"SRC-990-EXT-CENTER-FOR-A-NEW-AMERICAN-SECURITY","Center for a New American Security","filing","exact_base",10,"latent_base_salary",13.1871814907024,NA,13.1871814907024,13.1871814907024,13.1112466754881,12.7439755489132,13.5252453649292,12.6171936501805,13.6506030987959,0.277202385286643,0.0744165625329999,1,1,"gam",3
"SRC-990-EXT-ECONOMIC-POLICY-INSTITUTE","Economic Policy Institute","filing","exact_base",10,"latent_base_salary",12.4477248107957,NA,12.4477248107957,12.4477248107957,12.6435027460762,12.2762316195013,13.0575014355173,12.1494497207686,13.1828591693841,0.0368337356710948,0.127098560974472,1,1,"gam",3
"SRC-990-EXT-CHICAGO-COUNCIL-ON-GLOBAL-AFFAIRS","Chicago Council on Global Affairs","filing","exact_base",10,"latent_base_salary",13.1491202773988,NA,13.1491202773988,13.1491202773988,12.6911809596914,12.3239098331165,13.1051796491325,12.1971279343838,13.2305373829993,-0.845523360325442,0.291924972299295,0,1,"gam",3
"SRC-990-EXT-INSTITUTE-FOR-POLICY-STUDIES","Institute for Policy Studies","filing","exact_base",10,"latent_base_salary",12.053986283532,NA,12.053986283532,12.053986283532,12.4297279046313,12.0624567780564,12.8437265940723,11.9356748793237,12.9690843279391,-0.708748697106814,0.251638693612279,0,1,"gam",3
"SRC-990-EXT-ELECTRONIC-FRONTIER-FOUNDATION","Electronic Frontier Foundation","filing","exact_base",10,"latent_base_salary",12.757183396529,NA,12.757183396529,12.757183396529,12.8038094908046,12.4365383642297,13.2178081802456,12.309756465497,13.3431659141124,0.360230633938935,0.0729566314517638,1,1,"gam",3
"SRC-990-EXT-NATIONAL-COMMITTEE-FOR-RESPONSIVE-PHILANTHROPY","National Committee for Responsive Philanthropy","filing","exact_base",10,"latent_base_salary",12.742437732963,NA,12.742437732963,12.742437732963,12.4812007993522,12.1139296727773,12.8951994887932,11.9871477740445,13.02055722266,-0.134251181264233,0.148373996840113,1,1,"gam",3
"SRC-990-EXT-REDWOOD-RESEARCH","Redwood Research","filing","exact_base",10,"latent_base_salary",12.5766540301346,NA,12.5766540301346,12.5766540301346,12.5308973154526,12.1636261888777,12.9448960048937,12.036844290145,13.0702537387605,0.321909378043098,0.0701441422011126,1,1,"gam",3
"SRC-990-EXT-OPEN-SOURCE-INITIATIVE","Open Source Initiative","filing","exact_base",10,"latent_base_salary",12.2102910853882,NA,12.2102910853882,12.2102910853882,12.1224091795533,11.7551380529784,12.5364078689944,11.6283561542457,12.6617656028612,0.256536202697364,0.0767783661203199,1,1,"gam",3
"SRC-990-EXT3-AMERICAN-SECURITY-PROJECT","American Security Project","filing","exact_base",10,"latent_base_salary",11.9786620658855,NA,11.9786620658855,11.9786620658855,12.2863906397832,11.9191195132083,12.7003893292243,11.7923376144756,12.8257470630911,-0.416156248380616,0.199165879430044,1,1,"gam",3
"SRC-990-EA-COPENHAGEN-CONSENSUS-CENTER","Copenhagen Consensus Center","filing","exact_base",10,"latent_base_salary",13.0459767896383,NA,13.0459767896383,13.0459767896383,12.0963976497476,11.7291265231727,12.5103963391887,11.60234462444,12.6357540730555,-3.93320403993479,0.756742355309949,0,0,"gam",3
"SRC-990-EXT-CENTER-FOR-AI-SAFETY","Center for AI Safety","filing","exact_base",1,"latent_base_salary",12.7213413939825,NA,12.7213413939825,12.7213413939825,12.5273442502698,12.1636530212215,12.9468155528255,12.0476390496714,13.0576715122695,-0.034923071868858,0.116172782420996,1,1,"svr",3
"SRC-990-EXT-FUTURE-OF-PRIVACY-FORUM","Future of Privacy Forum","filing","exact_base",1,"latent_base_salary",13.5088520328401,NA,13.5088520328401,13.5088520328401,12.9589335341344,12.5952423050861,13.37840483669,12.479228333536,13.4892607961341,-1.13455872356797,0.375051538462339,0,0,"svr",3
"SRC-990-EXT-GRANTMAKERS-FOR-EFFECTIVE-ORGANIZATIONS","Grantmakers for Effective Organizations","filing","exact_base",1,"latent_base_salary",12.8837522170102,NA,12.8837522170102,12.8837522170102,12.7128579054533,12.349166676405,13.1323292080089,12.2331527048549,13.243185167453,0.0276546439172638,0.105876957094285,1,1,"svr",3
"SRC-990-EXT-RESEARCH-AMERICA","Research!America","filing","exact_base",1,"latent_base_salary",13.297112905275,NA,13.297112905275,13.297112905275,12.9231902974598,12.5594990684114,13.3426616000154,12.4434850968613,13.4535175594595,-0.487276334860468,0.227413049825953,1,1,"svr",3
"SRC-990-EXT-ROOSEVELT-INSTITUTE","Roosevelt Institute","filing","exact_base",1,"latent_base_salary",13.0866290852163,NA,13.0866290852163,13.0866290852163,12.9205435882399,12.5568523591916,13.3400148907955,12.4408383876414,13.4508708502396,0.0407735607072728,0.103869634148174,1,1,"svr",3
"SRC-990-EXT-PUBLIC-KNOWLEDGE","Public Knowledge","filing","exact_base",1,"latent_base_salary",12.4996822653103,NA,12.4996822653103,12.4996822653103,12.44498862742,12.0812973983717,12.8644599299756,11.9652834268215,12.9753158894197,0.308297102160809,0.0722154345095303,1,1,"svr",3
"SRC-990-EXT-VILLAGEREACH","VillageReach","filing","exact_base",1,"latent_base_salary",12.4314315810676,NA,12.4314315810676,12.4314315810676,12.3979093928793,12.0342181638309,12.8173806954349,11.9182041922808,12.928236654879,0.33951579480095,0.0697881976496632,1,1,"svr",3
"SRC-990-EXT-ECONOMIC-INNOVATION-GROUP","Economic Innovation Group","filing","exact_base",1,"latent_base_salary",12.9583656609222,NA,12.9583656609222,12.9583656609222,12.8761237370283,12.51243250798,13.2955950395839,12.3964185364299,13.406450999028,0.254928269359994,0.0771924810266704,1,1,"svr",3
"SRC-990-EXT-ENERGY-FOR-GROWTH-HUB","Energy for Growth Hub","filing","exact_base",1,"latent_base_salary",13.0105039226493,NA,13.0105039226493,13.0105039226493,12.3788368737505,12.0151456447022,12.7983081763061,11.899131673152,12.9091641357502,-1.64661935425326,0.451554509801433,0,0,"svr",3
"SRC-990-EXT-INNOVATIONS-FOR-POVERTY-ACTION","Innovations for Poverty Action","filing","exact_base",1,"latent_base_salary",12.4867659407714,NA,12.4867659407714,12.4867659407714,12.9013410765262,12.5376498474779,13.3208123790818,12.4216358759278,13.4316683385259,-0.815818199271714,0.279760305703997,0,1,"svr",3
"SRC-990-EA-CENTER-FOR-ELECTION-SCIENCE","Center for Election Science","filing","exact_base",1,"latent_base_salary",12.2614916001655,NA,12.2614916001655,12.2614916001655,12.2067781112393,11.843086882191,12.6262494137949,11.7270729106409,12.737105373239,0.308263549097759,0.0722182893886088,1,1,"svr",3
"SRC-990-EXT-CENTER-FOR-DEMOCRACY-TECHNOLOGY","Center for Democracy & Technology","filing","exact_base",2,"latent_base_salary",12.9169778646385,NA,12.9169778646385,12.9169778646385,12.7659072879701,12.4166248187422,13.1953505482899,12.3168325690854,13.3248232634117,0.13543282371976,0.093741780378469,1,1,"svr",3
"SRC-990-EXT-PROJECT-DRAWDOWN","Project Drawdown","filing","exact_base",2,"latent_base_salary",13.0056540850792,NA,13.0056540850792,13.0056540850792,12.6271543156976,12.2778718464696,13.0565975760173,12.1780795968128,13.1860702911392,-0.543709635519211,0.22456917555446,1,1,"svr",3
"SRC-990-EXT-CHARITY-NAVIGATOR","Charity Navigator","filing","exact_base",2,"latent_base_salary",12.7520384665336,NA,12.7520384665336,12.7520384665336,12.5704815959244,12.2211991266964,12.9999248562441,12.1214068770396,13.1293975713659,0.0540986865043893,0.105814459269819,1,1,"svr",3
"SRC-990-EXT-DATA-QUALITY-CAMPAIGN","Data Quality Campaign","filing","exact_base",2,"latent_base_salary",12.9352645395531,NA,12.9352645395531,12.9352645395531,13.0812371355532,12.7319546663253,13.510680395873,12.6321624166685,13.6401531109948,0.164874865756046,0.104387512340323,1,1,"svr",3
"SRC-990-EXT-NISKANEN-CENTER","Niskanen Center","filing","exact_base",2,"latent_base_salary",13.3543131280751,NA,13.3543131280751,13.3543131280751,12.9229375823959,12.5736551131679,13.3523808427157,12.4738628635111,13.4818535578375,-0.729857018177103,0.265532540584014,0,1,"svr",3
"SRC-990-EXT-INSTITUTE-ON-TAXATION-AND-ECONOMIC-POLICY","Institute on Taxation and Economic Policy","filing","exact_base",2,"latent_base_salary",12.3346530459445,NA,12.3346530459445,12.3346530459445,12.7105629468264,12.3612804775985,13.1400062071462,12.2614882279417,13.269478922268,-0.583398757423637,0.255784786525493,0,1,"svr",3
"SRC-990-EXT-PUBLIC-AGENDA","Public Agenda","filing","exact_base",2,"latent_base_salary",12.5141054670907,NA,12.5141054670907,12.5141054670907,12.3497571595165,12.0004746902886,12.7792004198363,11.9006824406318,12.9086731349581,0.100506154656798,0.0987480262717572,1,1,"svr",3
"SRC-990-EXT-OPENSECRETS","OpenSecrets","filing","exact_base",2,"latent_base_salary",12.3218529214459,NA,12.3218529214459,12.3218529214459,12.2521673908799,11.9028849216519,12.6816106511996,11.8030926719951,12.8110833663215,0.313935089765815,0.0723880001404845,1,1,"svr",3
"SRC-990-EXT3-NUCLEAR-INNOVATION-ALLIANCE","Nuclear Innovation Alliance","filing","exact_base",2,"latent_base_salary",12.6101041264858,NA,12.6101041264858,12.6101041264858,12.3165391311857,11.9672566619578,12.7459823915055,11.867464412301,12.8754551066273,-0.267339221353303,0.165839311264788,1,1,"svr",3
"SRC-990-EXT3-CENTER-FOR-ARMS-CONTROL-AND-NON-PROLIFERATION","Center for Arms Control and Non-Proliferation","filing","exact_base",2,"latent_base_salary",12.5533356659485,NA,12.5533356659485,12.5533356659485,12.1560804727955,11.8067980035676,12.5855237331153,11.7070057539108,12.7149964482371,-0.608847849475731,0.238757071975839,1,1,"svr",3
"SRC-990-EA-FORESIGHT-INSTITUTE","Foresight Institute","filing","exact_base",2,"latent_base_salary",12.5911934036369,NA,12.5911934036369,12.5911934036369,12.2073068853622,11.8580244161343,12.636750145682,11.7582321664775,12.7662228608038,-0.562297623770759,0.228603417395058,1,1,"svr",3
"SRC-990-EXT-POPULATION-REFERENCE-BUREAU","Population Reference Bureau","filing","exact_base",3,"latent_base_salary",12.816309953692,NA,12.816309953692,12.816309953692,12.3631052554484,11.9990406463951,12.7879219202396,11.8838008816182,12.9135255462934,-0.815059031277124,0.291534488712398,0,1,"svr",3
"SRC-990-EXT-FAR-AI","FAR AI","filing","exact_base",3,"latent_base_salary",12.405415596293,NA,12.405415596293,12.405415596293,12.5161725735449,12.1521079644916,12.9409892383361,12.0368681997147,13.0665928643899,0.313270693686168,0.0863756920122653,1,1,"svr",3
"SRC-990-EXT-QUINCY-INSTITUTE-FOR-RESPONSIBLE-STATECRAFT","Quincy Institute for Responsible Statecraft","filing","exact_base",3,"latent_base_salary",12.631030234805,NA,12.631030234805,12.631030234805,13.026597050205,12.6625324411517,13.4514137149962,12.5472926763747,13.57701734105,-0.743147647930977,0.264253137683145,0,1,"svr",3
"SRC-990-EXT-ENVIRONMENTAL-LAW-INSTITUTE","Environmental Law Institute","filing","exact_base",3,"latent_base_salary",12.6696219906236,NA,12.6696219906236,12.6696219906236,12.4792073950319,12.1151427859786,12.9040240598231,11.9999030212017,13.0296276858769,-0.0142289950136705,0.114924542825686,1,1,"svr",3
"SRC-990-EXT-INSTITUTE-FOR-ENERGY-ECONOMICS-AND-FINANCIAL-ANALYSIS","Institute for Energy Economics and Financial Analysis","filing","exact_base",3,"latent_base_salary",12.5797210272034,NA,12.5797210272034,12.5797210272034,12.5892495598686,12.2251849508153,13.0140662246599,12.1099451860384,13.1396698507136,0.383173475809357,0.0679356407132639,1,1,"svr",3
"SRC-990-EXT3-LEARNING-POLICY-INSTITUTE","Learning Policy Institute","filing","exact_base",3,"latent_base_salary",13.1712146825618,NA,13.1712146825618,13.1712146825618,12.9746433013141,12.6105786922608,13.3994599661053,12.4953389274838,13.5250635921591,-0.0322615432449476,0.117857908784092,1,1,"svr",3
"SRC-990-EXT-INSTITUTE-FOR-SECURITY-AND-TECHNOLOGY","Institute for Security and Technology","filing","exact_base",3,"latent_base_salary",12.3935414740295,NA,12.3935414740295,12.3935414740295,12.6755587717263,12.311494162673,13.1003754365175,12.196254397896,13.2259790625713,-0.274933341429348,0.176953784211821,1,1,"svr",3
"SRC-990-EXT-ARMS-CONTROL-ASSOCIATION","Arms Control Association","filing","exact_base",3,"latent_base_salary",11.7955985634313,NA,11.7955985634313,11.7955985634313,12.3163359366737,11.9522713276204,12.741152601465,11.8370315628435,12.8667562275187,-1.2957237212012,0.374755183781459,0,0,"svr",3
"SRC-990-EXT-DATAKIND","DataKind","filing","exact_base",4,"latent_base_salary",12.4083285202951,NA,12.4083285202951,12.4083285202951,12.5300956628109,12.1391632000787,12.9499961845189,12.0058737785878,13.0675064964736,0.22589454997245,0.0932999733586078,1,1,"svr",3
"SRC-990-EXT-GIVINGTUESDAY","GivingTuesday","filing","exact_base",4,"latent_base_salary",12.8728251821158,NA,12.8728251821158,12.8728251821158,12.4805361989324,12.0896037362002,12.9004367206404,11.9563143147093,13.0179470325951,-0.531162373536653,0.240255657151857,1,1,"svr",3
"SRC-990-EXT-JAIN-FAMILY-INSTITUTE","Jain Family Institute","filing","exact_base",4,"latent_base_salary",12.3338860528408,NA,12.3338860528408,12.3338860528408,12.6153428149012,12.224410352169,13.0352433366092,12.0911209306781,13.1527536485639,-0.278509487411607,0.17606863004376,1,1,"svr",3
"SRC-990-EXT-INTERNET-SECURITY-RESEARCH-GROUP","Internet Security Research Group","filing","exact_base",4,"latent_base_salary",12.6634761632277,NA,12.6634761632277,12.6634761632277,12.4794475870443,12.0885151243121,12.8993481087523,11.9552257028212,13.016858420707,0.0316649177465322,0.111670999239329,1,1,"svr",3
"SRC-990-EXT-ORCID","ORCID","filing","exact_base",4,"latent_base_salary",12.5696077844296,NA,12.5696077844296,12.5696077844296,12.3855516178391,11.9946191551069,12.8054521395471,11.861329733616,12.9229624515018,0.0316027205952685,0.111683001766626,1,1,"svr",3
"SRC-990-EXT-ANIMAL-WELFARE-INSTITUTE","Animal Welfare Institute","filing","exact_base",4,"latent_base_salary",12.1688180822369,NA,12.1688180822369,12.1688180822369,12.3750799598377,11.9841474971055,12.7949804815457,11.8508580756145,12.9124907935004,0.00171827616702847,0.130675844478746,1,1,"svr",3
"SRC-990-EXT-INSTITUTE-FOR-NONPROFIT-NEWS","Institute for Nonprofit News","filing","exact_base",4,"latent_base_salary",12.3400869277947,NA,12.3400869277947,12.3400869277947,12.3255308394195,11.9345983766873,12.7454313611275,11.8013089551963,12.8629416730822,0.30565476972293,0.07120668858182,1,1,"svr",3
"SRC-990-EXT-CODE-FOR-SCIENCE-SOCIETY","Code for Science & Society","filing","exact_base",4,"latent_base_salary",12.2746977427298,NA,12.2746977427298,12.2746977427298,12.572647468122,12.1817150053898,12.99254798983,12.0484255838988,13.1100583017847,-0.345727437234209,0.187263862318255,1,1,"svr",3
"SRC-990-EXT-INDEPENDENT-SECTOR","Independent Sector","filing","exact_base",4,"latent_base_salary",13.3541442871094,NA,13.3541442871094,13.3541442871094,13.1203407842241,12.729408321492,13.5402413059322,12.596118900001,13.6577516178869,-0.0863334021448292,0.135784786965628,1,1,"svr",3
"SRC-990-EXT-CREATIVE-COMMONS","Creative Commons","filing","exact_base",4,"latent_base_salary",12.4083285202951,NA,12.4083285202951,12.4083285202951,12.4431204355678,12.0521879728356,12.8630209572759,11.9188985513447,12.9805312692306,0.317755616393041,0.0733748089502465,1,1,"svr",3
"SRC-990-EXT-RESULTS-FOR-AMERICA","Results for America","filing","exact_base",4,"latent_base_salary",12.6889203108623,NA,12.6889203108623,12.6889203108623,13.1373126032269,12.7463801404947,13.5572131249349,12.6130907190037,13.6747234368896,-0.953785020128922,0.304341626721674,0,1,"svr",3
"SRC-990-EXT-CLEAN-AIR-TASK-FORCE","Clean Air Task Force","filing","exact_base",4,"latent_base_salary",12.8291533338357,NA,12.8291533338357,12.8291533338357,12.7450665768898,12.3541341141576,13.1649670985978,12.2208446926667,13.2824774105525,0.225994274512106,0.0792707303984093,1,1,"svr",3
"SRC-990-EXT-IDEAS42","ideas42","filing","exact_base",5,"latent_base_salary",12.4941514017925,NA,12.4941514017925,12.4941514017925,12.6858971601256,12.2679799753507,13.1133587645921,12.1685899824824,13.2283996280661,-0.0157510925499447,0.121710442429534,1,1,"svr",3
"SRC-990-EXT-PETERSON-INSTITUTE-FOR-INTERNATIONAL-ECONOMICS","Peterson Institute for International Economics","filing","exact_base",5,"latent_base_salary",13.3086807403212,NA,13.3086807403212,13.3086807403212,13.206166367987,12.788249183212,13.6336279724535,12.6888591903438,13.7486688359275,0.158658884292925,0.0884442229806318,1,1,"svr",3
"SRC-990-EXT-SOCIAL-SCIENCE-RESEARCH-COUNCIL","Social Science Research Council","filing","exact_base",5,"latent_base_salary",12.7968302816124,NA,12.7968302816124,12.7968302816124,13.0896659224554,12.6717487376804,13.5171275269219,12.5723587448122,13.6321683903958,-0.237652461769682,0.176488581784962,1,1,"svr",3
"SRC-990-EXT-AMERICAN-IMMIGRATION-COUNCIL","American Immigration Council","filing","exact_base",5,"latent_base_salary",12.6131309837729,NA,12.6131309837729,12.6131309837729,12.6140252673907,12.1961080826157,13.0414868718572,12.0967180897475,13.1565277353311,0.22634477613301,0.0761851732677828,1,1,"svr",3
"SRC-990-EXT-FEDERATION-OF-AMERICAN-SCIENTISTS","Federation of American Scientists","filing","exact_base",5,"latent_base_salary",13.0648771145336,NA,13.0648771145336,13.0648771145336,12.7773820242035,12.3594648394285,13.20484362867,12.2600748465603,13.3198844921439,-0.215115701995312,0.169685799752944,1,1,"svr",3
"SRC-990-EXT-PRECISION-DEVELOPMENT","Precision Development","filing","exact_base",5,"latent_base_salary",12.4150937427763,NA,12.4150937427763,12.4150937427763,12.5450906564203,12.1271734716454,12.9725522608868,12.0277834787771,13.0875931243608,0.103280209918138,0.0978835896232792,1,1,"svr",3
"SRC-990-EXT-RESULTS-FOR-DEVELOPMENT","Results for Development","filing","exact_base",5,"latent_base_salary",12.9211104925028,NA,12.9211104925028,12.9211104925028,12.8569898169681,12.4390726321931,13.2844514214345,12.3396826393249,13.3994922849085,0.201224534186263,0.0808281136440437,1,1,"svr",3
"SRC-990-EXT-SOFTWARE-FREEDOM-CONSERVANCY","Software Freedom Conservancy","filing","exact_base",5,"latent_base_salary",12.1568022510686,NA,12.1568022510686,12.1568022510686,12.3870568388924,11.9691396541174,12.8145184433588,11.8697496612492,12.9295593068328,-0.0992615099448833,0.140431685439344,1,1,"svr",3
"SRC-990-EXT-PROJECT-HEALTHY-CHILDREN","Project Healthy Children","filing","exact_base",5,"latent_base_salary",11.5747708002363,NA,11.5747708002363,11.5747708002363,12.7226642488608,12.3047470640859,13.1501258533273,12.2053570712177,13.2651667168013,-12.5592207755369,0.972313913059425,0,0,"svr",3
"SRC-990-EXT-SIGHTLINE-INSTITUTE","Sightline Institute","filing","exact_base",5,"latent_base_salary",12.2612800796685,NA,12.2612800796685,12.2612800796685,12.3771984565687,11.9592812717937,12.8046600610351,11.8598912789255,12.9197009245091,0.126235409290638,0.0936014314426961,1,1,"svr",3
"SRC-990-EXT-LAST-MILE-HEALTH","Last Mile Health","filing","exact_base",5,"latent_base_salary",12.4850802155385,NA,12.4850802155385,12.4850802155385,12.4677437262429,12.0498265414679,12.8952053307093,11.9504365485997,13.0102461941833,0.225527912230937,0.0764223841280826,1,1,"svr",3
"SRC-990-EA-GIVEWELL","GiveWell","filing","exact_base",5,"latent_base_salary",13.0190388321958,NA,13.0190388321958,13.0190388321958,12.5025442685521,12.0846270837771,12.9300058730185,11.9852370909089,13.0450467364925,-0.976645205755968,0.344387841982355,0,1,"svr",3
"SRC-990-EXT-FRAMEWORKS-INSTITUTE","FrameWorks Institute","filing","exact_base",6,"latent_base_salary",13.0266397001217,NA,13.0266397001217,13.0266397001217,12.9586649617151,12.597511673612,13.3516886266783,12.4892342439783,13.4611434046707,0.314971605627777,0.0720853845390242,1,1,"svr",3
"SRC-990-EXT-WORLD-JUSTICE-PROJECT","World Justice Project","filing","exact_base",6,"latent_base_salary",12.8497369708156,NA,12.8497369708156,12.8497369708156,12.9852212660227,12.6240679779196,13.3782449309859,12.5157905482859,13.4876997089782,0.220836150668607,0.095527883961278,1,1,"svr",3
"SRC-990-EXT-STIMSON-CENTER","Stimson Center","filing","exact_base",6,"latent_base_salary",12.9582226865033,NA,12.9582226865033,12.9582226865033,12.6505249137525,12.2893716256494,13.0435485787157,12.1810941960157,13.153003356708,-0.286066084653999,0.181375847855774,1,1,"svr",3
"SRC-990-EXT-GOOD-FOOD-INSTITUTE","Good Food Institute","filing","exact_base",6,"latent_base_salary",12.3904522913386,NA,12.3904522913386,12.3904522913386,12.6608868834814,12.2997335953783,13.0539105484446,12.1914561657446,13.163365326437,-0.194784450438049,0.168825066673864,1,1,"svr",3
"SRC-990-EXT-TECHCONGRESS","TechCongress","filing","exact_base",6,"latent_base_salary",12.4960490464963,NA,12.4960490464963,12.4960490464963,12.5593989335389,12.1982456454358,12.9524225985021,12.0899682158021,13.0618773764944,0.337735949826758,0.0739388477343328,1,1,"svr",3
"SRC-990-EXT-NEW-AMERICA","New America","filing","exact_base",6,"latent_base_salary",13.2081577341251,NA,13.2081577341251,13.2081577341251,12.9021502819052,12.5409969938021,13.2951739468684,12.4327195641684,13.4046287248607,-0.280313701716215,0.18021349337101,1,1,"svr",3
"SRC-990-EXT-THIRD-WAY-INSTITUTE","Third Way Institute","filing","exact_base",6,"latent_base_salary",12.9939824923999,NA,12.9939824923999,12.9939824923999,12.4416834987867,12.0805302106836,12.8347071637499,11.9722527810499,12.9441619417423,-1.27867368678997,0.384226513945119,0,0,"svr",3
"SRC-990-EXT-BIPARTISAN-POLICY-CENTER","Bipartisan Policy Center","filing","exact_base",6,"latent_base_salary",13.69992393343,NA,13.69992393343,13.69992393343,12.9097448143805,12.5485915262774,13.3027684793437,12.4403140966437,13.4122232573361,-3.34551988207006,0.615751338083891,0,0,"svr",3
"SRC-990-EXT-THE-HUMANE-LEAGUE","The Humane League","filing","exact_base",6,"latent_base_salary",12.3775599734482,NA,12.3775599734482,12.3775599734482,12.1552150544919,11.7940617663888,12.5482387194551,11.6857843367551,12.6576934974474,-0.0109230758773486,0.128604640091884,1,1,"svr",3
"SRC-990-EXT-VILLAGE-ENTERPRISE","Village Enterprise","filing","exact_base",6,"latent_base_salary",12.5400430408691,NA,12.5400430408691,12.5400430408691,12.5345232430996,12.1733699549965,12.9275469080628,12.0650925253628,13.0370016860552,0.361163597715445,0.0668277337208817,1,1,"svr",3
"SRC-990-EXT-FARM-SANCTUARY","Farm Sanctuary","filing","exact_base",6,"latent_base_salary",12.3163882693373,NA,12.3163882693373,12.3163882693373,12.3286698037758,11.9675165156726,12.7216934687389,11.8592390860389,12.8311482467313,0.363123788572224,0.0673631555811529,1,1,"svr",3
"SRC-990-EXT-VERA-INSTITUTE-OF-JUSTICE","Vera Institute of Justice","filing","exact_base",6,"latent_base_salary",13.3181829414966,NA,13.3181829414966,13.3181829414966,12.7993189889203,12.4381657008172,13.1923426538835,12.3298882711834,13.3017974318758,-1.10161200076129,0.353404705609112,0,0,"svr",3
"SRC-990-EXT-PHYSICIANS-FOR-SOCIAL-RESPONSIBILITY","Physicians for Social Responsibility","filing","exact_base",6,"latent_base_salary",11.9808845054682,NA,11.9808845054682,11.9808845054682,12.4775648601599,12.1164115720567,12.870588525123,12.008134142423,12.9800433031154,-1.23517533072891,0.353248733899543,0,0,"svr",3
"SRC-990-EXT-DEMOS","Demos","filing","exact_base",7,"latent_base_salary",12.6428849557391,NA,12.6428849557391,12.6428849557391,12.8237554631259,12.4312699910316,13.2711269461732,12.3245881889077,13.3855661463058,0.0605026143710068,0.119341041907616,1,1,"svr",3
"SRC-990-EXT-INFORMATION-TECHNOLOGY-AND-INNOVATION-FOUNDATION","Information Technology and Innovation Foundation","filing","exact_base",7,"latent_base_salary",13.2745188452622,NA,13.2745188452622,13.2745188452622,13.0173256465117,12.6248401744173,13.4646971295589,12.5181583722934,13.5791363296915,-0.171383086116003,0.147924844323378,1,1,"svr",3
"SRC-990-EXT-BREAKTHROUGH-INSTITUTE","Breakthrough Institute","filing","exact_base",7,"latent_base_salary",12.579065834723,NA,12.579065834723,12.579065834723,12.5791111077782,12.1866256356839,13.0264825908255,12.07994383356,13.1409217909581,0.238032715994542,0.0756684781319068,1,1,"svr",3
"SRC-990-EXT-CENTER-FOR-EFFECTIVE-PHILANTHROPY","Center for Effective Philanthropy","filing","exact_base",7,"latent_base_salary",13.2146671151145,NA,13.2146671151145,13.2146671151145,12.7720275126528,12.3795420405584,13.2193989957,12.2728602384346,13.3338381958326,-0.6130935147279,0.273292039963596,1,1,"svr",3
"SRC-990-EXT-SAN-FRANCISCO-ESTUARY-INSTITUTE","San Francisco Estuary Institute","filing","exact_base",7,"latent_base_salary",12.1771418570467,NA,12.1771418570467,12.1771418570467,12.3516949125607,11.9592094404664,12.799066395608,11.8525276383425,12.9135055957406,0.0744015990986047,0.116513662161961,1,1,"svr",3
"SRC-990-EXT-NATIONAL-EMPLOYMENT-LAW-PROJECT","National Employment Law Project","filing","exact_base",7,"latent_base_salary",12.8184638703657,NA,12.8184638703657,12.8184638703657,13.0063455685951,12.6138600965008,13.4537170516424,12.5071782943769,13.568156251775,0.0446580381590547,0.122578130478859,1,1,"svr",3
"SRC-990-EXT-BULLETIN-OF-THE-ATOMIC-SCIENTISTS","Bulletin of the Atomic Scientists","filing","exact_base",7,"latent_base_salary",12.3173567420894,NA,12.3173567420894,12.3173567420894,12.3557742494781,11.9632887773838,12.8031457325254,11.8566069752599,12.917584932658,0.243746044541742,0.0781484106145487,1,1,"svr",3
"SRC-990-EXT-OPEN-MARKETS-INSTITUTE","Open Markets Institute","filing","exact_base",7,"latent_base_salary",12.1897506129305,NA,12.1897506129305,12.1897506129305,12.4200913941424,12.0276059220481,12.8674628771897,11.9209241199242,12.9819020773223,-0.0586991629738196,0.144318075268394,1,1,"svr",3
"SRC-990-EXT-ANIMAL-LEGAL-DEFENSE-FUND","Animal Legal Defense Fund","filing","exact_base",7,"latent_base_salary",12.5370734769901,NA,12.5370734769901,12.5370734769901,12.559110975827,12.1666255037327,13.0064824588743,12.0599437016088,13.1209216590069,0.244144941021622,0.0766302790727952,1,1,"svr",3
"SRC-990-EXT-EXPONENT-PHILANTHROPY","Exponent Philanthropy","filing","exact_base",7,"latent_base_salary",12.6069727833315,NA,12.6069727833315,12.6069727833315,12.3438919130006,11.9514064409062,12.7912633960478,11.8447246387823,12.9057025961804,-0.183751527427863,0.151126106746746,1,1,"svr",3
"SRC-990-EXT-LIVING-GOODS","Living Goods","filing","exact_base",7,"latent_base_salary",12.5107284211723,NA,12.5107284211723,12.5107284211723,12.4512230321262,12.0587375600319,12.8985945151734,11.952055757908,13.013033715306,0.187855520899594,0.0791719362989608,1,1,"svr",3
"SRC-990-EXT-PARTNERSHIP-ON-AI","Partnership on AI","filing","exact_base",8,"latent_base_salary",12.7912011974447,NA,12.7912011974447,12.7912011974447,12.8681320064157,12.46216205122,13.3275103299683,12.349031315826,13.443251751407,0.130776211788372,0.0907428186345889,1,1,"svr",3
"SRC-990-EXT3-CENTER-FOR-HEALTH-CARE-STRATEGIES","Center for Health Care Strategies","filing","exact_base",8,"latent_base_salary",12.6222962067176,NA,12.6222962067176,12.6222962067176,12.6500501224054,12.2440801672097,13.109428445958,12.1309494318156,13.2251698673967,0.147008907089702,0.0825852048022888,1,1,"svr",3
"SRC-990-EXT-CLIMATE-CENTRAL","Climate Central","filing","exact_base",8,"latent_base_salary",12.6801870016491,NA,12.6801870016491,12.6801870016491,12.7840491411699,12.3780791859742,13.2434274647225,12.2649484505801,13.3591688861612,0.110967233297221,0.0975528178719831,1,1,"svr",3
"SRC-990-EXT3-NATIONAL-ACADEMY-FOR-STATE-HEALTH-POLICY","National Academy for State Health Policy","filing","exact_base",8,"latent_base_salary",12.8776933603378,NA,12.8776933603378,12.8776933603378,12.9385784065025,12.5326084513068,13.3979567300551,12.4194777159128,13.5136981514938,0.13882926379551,0.0874692936935416,1,1,"svr",3
"SRC-990-EXT-NUMFOCUS","NumFOCUS","filing","exact_base",8,"latent_base_salary",12.0255072657542,NA,12.0255072657542,12.0255072657542,12.6540376429513,12.2480676877556,13.1134159665039,12.1349369523616,13.2291573879426,-1.85211994962807,0.468570601181862,0,0,"svr",3
"SRC-990-EXT3-CARBON-MAPPER","Carbon Mapper","filing","exact_base",8,"latent_base_salary",12.5153758745745,NA,12.5153758745745,12.5153758745745,12.9048717628711,12.4989018076754,13.3642500864237,12.3857710722814,13.4799915078624,-0.540263883971111,0.257172564857395,1,1,"svr",3
"SRC-990-EXT-COMMITTEE-FOR-A-RESPONSIBLE-FEDERAL-BUDGET","Committee for a Responsible Federal Budget","filing","exact_base",8,"latent_base_salary",13.2655461923519,NA,13.2655461923519,13.2655461923519,12.9909063147388,12.5849363595431,13.4502846382914,12.471805624149,13.5660260597301,-0.115896500664251,0.150878010395082,1,1,"svr",3
"SRC-990-EXT-FRESH-ENERGY","Fresh Energy","filing","exact_base",8,"latent_base_salary",12.4117920746609,NA,12.4117920746609,12.4117920746609,12.6013019325101,12.1953319773144,13.0606802560627,12.0822012419204,13.1764216775014,-0.00522945383608375,0.129746915648365,1,1,"svr",3
"SRC-990-EXT-MIGRATION-POLICY-INSTITUTE","Migration Policy Institute","filing","exact_base",8,"latent_base_salary",12.6227383916406,NA,12.6227383916406,12.6227383916406,12.5937931900021,12.1878232348063,13.0531715135546,12.0746924994123,13.1689129349934,0.137591282819277,0.0801195119323404,1,1,"svr",3
"SRC-990-EXT-GLOBAL-HEALTH-CORPS","Global Health Corps","filing","exact_base",8,"latent_base_salary",12.4246040572612,NA,12.4246040572612,12.4246040572612,12.3768258883849,11.9708559331892,12.8362042119375,11.8577251977952,12.9519456333762,0.129024876832759,0.0809383459161686,1,1,"svr",3
"SRC-990-EXT-STRONGMINDS","StrongMinds","filing","exact_base",8,"latent_base_salary",12.4509506432504,NA,12.4509506432504,12.4509506432504,12.4113965405578,12.0054265853621,12.8707748641104,11.8922958499681,12.9865162855491,0.133053542232902,0.0804810772621378,1,1,"svr",3
"SRC-990-EXT-EVIDENCE-ACTION","Evidence Action","filing","exact_base",8,"latent_base_salary",12.8276536554356,NA,12.8276536554356,12.8276536554356,12.6621887204945,12.2562187652988,13.1215670440471,12.1430880299048,13.2373084654858,0.0341892833203472,0.103935609191888,1,1,"svr",3
"SRC-990-EXT3-CENTER-FOR-INTERNATIONAL-POLICY","Center for International Policy","filing","exact_base",8,"latent_base_salary",12.3116931273939,NA,12.3116931273939,12.3116931273939,12.2478290983194,11.8418591431237,12.707207421872,11.7287284077297,12.8229488433107,0.119958047072464,0.0822769978072169,1,1,"svr",3
"SRC-990-EXT-INSTITUTE-FOR-THE-STUDY-OF-WAR","Institute for the Study of War","filing","exact_base",9,"latent_base_salary",12.2737531161958,NA,12.2737531161958,12.2737531161958,12.3528921152441,11.9612570345273,12.7794549813956,11.8475073732039,12.8908695032253,0.252473352547972,0.0827931915768138,1,1,"svr",3
"SRC-990-EXT-CENTER-FOR-CLIMATE-AND-ENERGY-SOLUTIONS","Center for Climate and Energy Solutions","filing","exact_base",9,"latent_base_salary",12.9791557665258,NA,12.9791557665258,12.9791557665258,13.0862598715285,12.6946247908117,13.51282273768,12.5808751294883,13.6242372595097,0.206649978215119,0.0903991889214966,1,1,"svr",3
"SRC-990-EXT-CENTER-FOR-OPEN-SCIENCE","Center for Open Science","filing","exact_base",9,"latent_base_salary",12.5016604600873,NA,12.5016604600873,12.5016604600873,12.5434646873476,12.1518296066307,12.970027553499,12.0380799453073,13.0814420753288,0.290898797499617,0.0757855189421276,1,1,"svr",3
"SRC-990-EXT-TECHNICAL-ASSISTANCE-COLLABORATIVE","Technical Assistance Collaborative","filing","exact_base",9,"latent_base_salary",12.4383619268654,NA,12.4383619268654,12.4383619268654,12.4700783776214,12.0784432969046,12.8966412437729,11.9646936355812,13.0080557656026,0.296536084311251,0.0745269862662526,1,1,"svr",3
"SRC-990-EXT-THE-SENTENCING-PROJECT","The Sentencing Project","filing","exact_base",9,"latent_base_salary",12.2172732835324,NA,12.2172732835324,12.2172732835324,12.3781401648258,11.986505084109,12.8047030309773,11.8727554227856,12.916117552807,0.0856438120743492,0.110326461134056,1,1,"svr",3
"SRC-990-EXT-PEAK-GRANTMAKING","PEAK Grantmaking","filing","exact_base",9,"latent_base_salary",12.6147062287155,NA,12.6147062287155,12.6147062287155,12.6938638032644,12.3022287225476,13.1204266694159,12.1884790612242,13.2318411912456,0.252447547505503,0.0827975849050045,1,1,"svr",3
"SRC-990-EXT-GRANTMAKERS-FOR-EDUCATION","Grantmakers for Education","filing","exact_base",9,"latent_base_salary",12.4309659850717,NA,12.4309659850717,12.4309659850717,12.5053036445488,12.1136685638319,12.9318665107002,11.9999189025085,13.04328103253,0.258926973661324,0.0816874708825207,1,1,"svr",3
"SRC-990-EXT-MERCY-FOR-ANIMALS","Mercy For Animals","filing","exact_base",9,"latent_base_salary",12.2436538423338,NA,12.2436538423338,12.2436538423338,12.448778138168,12.0571430574512,12.8753410043195,11.9433933961278,12.9867555261492,-0.034789811297306,0.131491616094438,1,1,"svr",3
"SRC-990-EXT-GUTTMACHER-INSTITUTE","Guttmacher Institute","filing","exact_base",9,"latent_base_salary",12.8946594433338,NA,12.8946594433338,12.8946594433338,13.394533060486,13.0028979797691,13.8210959266374,12.8891483184457,13.9325104484672,-1.06999866020614,0.349449191847799,0,1,"svr",3
"SRC-990-EXT-COUNCIL-ON-STRATEGIC-RISKS","Council on Strategic Risks","filing","exact_base",10,"latent_base_salary",12.508796619219,NA,12.508796619219,12.508796619219,12.5694807615462,12.1839787118685,13.0040014198497,12.062188013375,13.1223580945411,0.255430769237661,0.0809174977761605,1,1,"svr",3
"SRC-990-EXT-TAX-FOUNDATION","Tax Foundation","filing","exact_base",10,"latent_base_salary",12.515216592965,NA,12.515216592965,12.515216592965,12.5130787516945,12.1275767020168,12.947599409998,12.0057860035233,13.0659560846894,0.251767201324767,0.0741233123523398,1,1,"svr",3
"SRC-990-EXT-CENTER-FOR-A-NEW-AMERICAN-SECURITY","Center for a New American Security","filing","exact_base",10,"latent_base_salary",13.1871814907024,NA,13.1871814907024,13.1871814907024,13.1543675221372,12.7688654724595,13.5888881804407,12.647074773966,13.7072448551321,0.229981993220684,0.0745030680218482,1,1,"svr",3
"SRC-990-EXT-ECONOMIC-POLICY-INSTITUTE","Economic Policy Institute","filing","exact_base",10,"latent_base_salary",12.4477248107957,NA,12.4477248107957,12.4477248107957,12.6545623519651,12.2690603022874,13.0890830102686,12.1472696037939,13.20743968496,8.81560797567627e-05,0.134785864226432,1,1,"svr",3
"SRC-990-EXT-CHICAGO-COUNCIL-ON-GLOBAL-AFFAIRS","Chicago Council on Global Affairs","filing","exact_base",10,"latent_base_salary",13.1491202773988,NA,13.1491202773988,13.1491202773988,12.713063780394,12.3275617307162,13.1475844386974,12.2057710322227,13.2659411133888,-0.619287735654102,0.266016728150696,0,1,"svr",3
"SRC-990-EXT-INSTITUTE-FOR-POLICY-STUDIES","Institute for Policy Studies","filing","exact_base",10,"latent_base_salary",12.053986283532,NA,12.053986283532,12.053986283532,12.4506818004247,12.065179750747,12.8852024587282,11.9433890522535,13.0035591334196,-0.691467423621245,0.265455688242446,0,1,"svr",3
"SRC-990-EXT-ELECTRONIC-FRONTIER-FOUNDATION","Electronic Frontier Foundation","filing","exact_base",10,"latent_base_salary",12.757183396529,NA,12.757183396529,12.757183396529,12.7545858745746,12.3690838248969,13.1891065328781,12.2472931264034,13.3074632075695,0.251524770279503,0.0741112508839857,1,1,"svr",3
"SRC-990-EXT-NATIONAL-COMMITTEE-FOR-RESPONSIVE-PHILANTHROPY","National Committee for Responsive Philanthropy","filing","exact_base",10,"latent_base_salary",12.742437732963,NA,12.742437732963,12.742437732963,12.4948193561234,12.1093173064457,12.9293400144269,11.9875266079522,13.0476966891183,-0.0789414068640446,0.138851284319482,1,1,"svr",3
"SRC-990-EXT-REDWOOD-RESEARCH","Redwood Research","filing","exact_base",10,"latent_base_salary",12.5766540301346,NA,12.5766540301346,12.5766540301346,12.6592340597571,12.2737320100794,13.0937547180606,12.1519413115859,13.212111392752,0.241239670388375,0.0856849198880152,1,1,"svr",3
"SRC-990-EXT-OPEN-SOURCE-INITIATIVE","Open Source Initiative","filing","exact_base",10,"latent_base_salary",12.2102910853882,NA,12.2102910853882,12.2102910853882,12.442075083081,12.0565730334033,12.8765957413845,11.9347823349098,12.9949524160759,-0.0768828948908504,0.148690867144137,1,1,"svr",3
"SRC-990-EXT3-AMERICAN-SECURITY-PROJECT","American Security Project","filing","exact_base",10,"latent_base_salary",11.9786620658855,NA,11.9786620658855,11.9786620658855,12.4302996391844,12.0447975895067,12.8648202974879,11.9230068910132,12.9831769721793,-0.919114252658539,0.31144473414679,0,1,"svr",3
"SRC-990-EA-COPENHAGEN-CONSENSUS-CENTER","Copenhagen Consensus Center","filing","exact_base",10,"latent_base_salary",13.0459767896383,NA,13.0459767896383,13.0459767896383,12.4257533843757,12.040251334698,12.8602740426792,11.9184606362045,12.9786307173706,-1.54769386302342,0.427795237759342,0,0,"svr",3
"SRC-990-EXT-CENTER-FOR-AI-SAFETY","Center for AI Safety","filing","exact_base",1,"latent_base_salary",12.7213413939825,NA,12.7213413939825,12.7213413939825,12.534286036846,12.2108483451362,12.8577237285557,12.1191582537704,12.9494138199216,0.183218091568716,0.111889534826765,1,1,"gp",3
"SRC-990-EXT-FUTURE-OF-PRIVACY-FORUM","Future of Privacy Forum","filing","exact_base",1,"latent_base_salary",13.5088520328401,NA,13.5088520328401,13.5088520328401,12.958082902409,12.633535962944,13.2826298418739,12.5415314152528,13.3746343895652,-1.91051565759204,0.41054891850813,0,0,"gp",3
"SRC-990-EXT-GRANTMAKERS-FOR-EFFECTIVE-ORGANIZATIONS","Grantmakers for Effective Organizations","filing","exact_base",1,"latent_base_salary",12.8837522170102,NA,12.8837522170102,12.8837522170102,12.7257479574173,12.4023864762907,13.0491094385439,12.3107179895662,13.1407779252684,0.262051007124252,0.0971975501456225,1,1,"gp",3
"SRC-990-EXT-RESEARCH-AMERICA","Research!America","filing","exact_base",1,"latent_base_salary",13.297112905275,NA,13.297112905275,13.297112905275,12.9331979543403,12.6107865813755,13.2556093273051,12.5193874371129,13.3470084715677,-0.585155815241507,0.238615955062747,0,1,"gp",3
"SRC-990-EXT-ROOSEVELT-INSTITUTE","Roosevelt Institute","filing","exact_base",1,"latent_base_salary",13.0866290852163,NA,13.0866290852163,13.0866290852163,12.9337648027386,12.6043151417473,13.26321446373,12.5109207406277,13.3566088648496,0.262667194071854,0.0953077122333825,1,1,"gp",3
"SRC-990-EXT-PUBLIC-KNOWLEDGE","Public Knowledge","filing","exact_base",1,"latent_base_salary",12.4996822653103,NA,12.4996822653103,12.4996822653103,12.4286939208744,12.1007666503707,12.756621191378,12.0078038258004,12.8495840159483,0.405614086592141,0.0676053141312591,1,1,"gp",3
"SRC-990-EXT-VILLAGEREACH","VillageReach","filing","exact_base",1,"latent_base_salary",12.4314315810676,NA,12.4314315810676,12.4314315810676,12.4289822498748,12.0860792169509,12.7718852827987,11.9888709718258,12.8690935279238,0.399398647743814,0.0625383962349827,1,1,"gp",3
"SRC-990-EXT-ECONOMIC-INNOVATION-GROUP","Economic Innovation Group","filing","exact_base",1,"latent_base_salary",12.9583656609222,NA,12.9583656609222,12.9583656609222,12.882290713658,12.5507163802419,13.2138650470742,12.4567196640126,13.3078617633035,0.389808377312661,0.0693236604090723,1,1,"gp",3
"SRC-990-EXT-ENERGY-FOR-GROWTH-HUB","Energy for Growth Hub","filing","exact_base",1,"latent_base_salary",13.0105039226493,NA,13.0105039226493,13.0105039226493,12.3513393294875,11.9965990694053,12.7060795895697,11.8960351348616,12.8066435241134,-2.46986250310641,0.504586920405398,0,0,"gp",3
"SRC-990-EXT-INNOVATIONS-FOR-POVERTY-ACTION","Innovations for Poverty Action","filing","exact_base",1,"latent_base_salary",12.4867659407714,NA,12.4867659407714,12.4867659407714,12.8880097696396,12.5419656619002,13.2340538773789,12.4438669657108,13.3321525735683,-0.713746421214872,0.265241114011673,0,1,"gp",3
"SRC-990-EA-CENTER-FOR-ELECTION-SCIENCE","Center for Election Science","filing","exact_base",1,"latent_base_salary",12.2614916001655,NA,12.2614916001655,12.2614916001655,12.2719559057241,11.9010057540666,12.6429060573817,11.795846540501,12.7480652709473,0.320167079356778,0.0677948374069607,1,1,"gp",3
"SRC-990-EXT-CENTER-FOR-DEMOCRACY-TECHNOLOGY","Center for Democracy & Technology","filing","exact_base",2,"latent_base_salary",12.9169778646385,NA,12.9169778646385,12.9169778646385,12.8033886782636,12.4863680349988,13.1204093215284,12.3964970877009,13.2102802688263,0.372496974957303,0.0782597761155551,1,1,"gp",3
"SRC-990-EXT-PROJECT-DRAWDOWN","Project Drawdown","filing","exact_base",2,"latent_base_salary",13.0056540850792,NA,13.0056540850792,13.0056540850792,12.643929946794,12.3163072159458,12.9715526776422,12.2234307241362,13.0644291694518,-0.556009122180833,0.235631172633464,0,1,"gp",3
"SRC-990-EXT-CHARITY-NAVIGATOR","Charity Navigator","filing","exact_base",2,"latent_base_salary",12.7520384665336,NA,12.7520384665336,12.7520384665336,12.6129068702996,12.2951337637436,12.9306799768556,12.2050495035582,13.020764237041,0.318130796240013,0.0882992665962088,1,1,"gp",3
"SRC-990-EXT-DATA-QUALITY-CAMPAIGN","Data Quality Campaign","filing","exact_base",2,"latent_base_salary",12.9352645395531,NA,12.9352645395531,12.9352645395531,13.0741745207613,12.7241247106277,13.424224330895,12.6248904534695,13.5234585880531,0.249497647240931,0.091423373330485,1,1,"gp",3
"SRC-990-EXT-NISKANEN-CENTER","Niskanen Center","filing","exact_base",2,"latent_base_salary",13.3543131280751,NA,13.3543131280751,13.3543131280751,12.9555343695825,12.6390606675628,13.2720080716021,12.549344770508,13.3617239686569,-0.824211875070879,0.270537799486893,0,1,"gp",3
"SRC-990-EXT-INSTITUTE-ON-TAXATION-AND-ECONOMIC-POLICY","Institute on Taxation and Economic Policy","filing","exact_base",2,"latent_base_salary",12.3346530459445,NA,12.3346530459445,12.3346530459445,12.7326919343586,12.4062100701694,13.0591737985478,12.313656998205,13.1517268705122,-0.772090917632964,0.267240172000024,0,1,"gp",3
"SRC-990-EXT-PUBLIC-AGENDA","Public Agenda","filing","exact_base",2,"latent_base_salary",12.5141054670907,NA,12.5141054670907,12.5141054670907,12.3140904011792,11.9863763949405,12.6418044074179,11.893474027826,12.7347067745324,0.138848284736214,0.119175408100863,1,1,"gp",3
"SRC-990-EXT-OPENSECRETS","OpenSecrets","filing","exact_base",2,"latent_base_salary",12.3218529214459,NA,12.3218529214459,12.3218529214459,12.2954601263734,11.9462536470478,12.6446666056989,11.8472584624555,12.7436617902912,0.376534056059376,0.064697954387423,1,1,"gp",3
"SRC-990-EXT3-NUCLEAR-INNOVATION-ALLIANCE","Nuclear Innovation Alliance","filing","exact_base",2,"latent_base_salary",12.6101041264858,NA,12.6101041264858,12.6101041264858,12.2965080182093,11.941860768657,12.6511552677615,11.8413232013061,12.7516928351124,-0.276317111429406,0.193017023653058,1,1,"gp",3
"SRC-990-EXT3-CENTER-FOR-ARMS-CONTROL-AND-NON-PROLIFERATION","Center for Arms Control and Non-Proliferation","filing","exact_base",2,"latent_base_salary",12.5533356659485,NA,12.5533356659485,12.5533356659485,12.107735591315,11.7561706254958,12.4593005571341,11.6565068427542,12.5589643398757,-0.944739263235073,0.302865243806274,0,1,"gp",3
"SRC-990-EA-FORESIGHT-INSTITUTE","Foresight Institute","filing","exact_base",2,"latent_base_salary",12.5911934036369,NA,12.5911934036369,12.5911934036369,12.1785620060813,11.7861348989075,12.5709891132551,11.6748872668798,12.6822367452827,-0.643384930612272,0.265050201117123,0,1,"gp",3
"SRC-990-EXT-POPULATION-REFERENCE-BUREAU","Population Reference Bureau","filing","exact_base",3,"latent_base_salary",12.816309953692,NA,12.816309953692,12.816309953692,12.4232818366062,12.0772499371777,12.7693137360347,11.9791547018748,12.8674089713376,-0.669035824022279,0.258189592902825,0,1,"gp",3
"SRC-990-EXT-FAR-AI","FAR AI","filing","exact_base",3,"latent_base_salary",12.405415596293,NA,12.405415596293,12.405415596293,12.4816136286155,12.1378450652557,12.8253821919752,12.0403914542788,12.9228358029521,0.356573889486124,0.0712647866746444,1,1,"gp",3
"SRC-990-EXT-QUINCY-INSTITUTE-FOR-RESPONSIBLE-STATECRAFT","Quincy Institute for Responsible Statecraft","filing","exact_base",3,"latent_base_salary",12.631030234805,NA,12.631030234805,12.631030234805,13.0474393461417,12.7178875509243,13.3769911413591,12.6244641961708,13.4704144961127,-0.871943599059038,0.282746817369968,0,1,"gp",3
"SRC-990-EXT-ENVIRONMENTAL-LAW-INSTITUTE","Environmental Law Institute","filing","exact_base",3,"latent_base_salary",12.6696219906236,NA,12.6696219906236,12.6696219906236,12.5206464628153,12.1883004721073,12.8529924535233,12.0940850017582,12.9472079238724,0.265708944471395,0.0938372567340788,1,1,"gp",3
"SRC-990-EXT-INSTITUTE-FOR-ENERGY-ECONOMICS-AND-FINANCIAL-ANALYSIS","Institute for Energy Economics and Financial Analysis","filing","exact_base",3,"latent_base_salary",12.5797210272034,NA,12.5797210272034,12.5797210272034,12.6292916577826,12.3060416700417,12.9525416455235,12.2144047901429,13.0441785254224,0.439150858543485,0.0628196766219208,1,1,"gp",3
"SRC-990-EXT3-LEARNING-POLICY-INSTITUTE","Learning Policy Institute","filing","exact_base",3,"latent_base_salary",13.1712146825618,NA,13.1712146825618,13.1712146825618,13.0216924391571,12.6932345383292,13.350150339985,12.6001212874352,13.443263590879,0.27230512522107,0.0937408293807005,1,1,"gp",3
"SRC-990-EXT-INSTITUTE-FOR-SECURITY-AND-TECHNOLOGY","Institute for Security and Technology","filing","exact_base",3,"latent_base_salary",12.3935414740295,NA,12.3935414740295,12.3935414740295,12.6916356004879,12.36512683493,13.0181443660459,12.2725661368014,13.1107050641745,-0.236046276184679,0.184741833656075,1,1,"gp",3
"SRC-990-EXT-ARMS-CONTROL-ASSOCIATION","Arms Control Association","filing","exact_base",3,"latent_base_salary",11.7955985634313,NA,11.7955985634313,11.7955985634313,12.3288574861978,11.9831660320705,12.6745489403252,11.8851673082799,12.7725476641158,-1.56273302494412,0.3859438972701,0,0,"gp",3
"SRC-990-EXT-DATAKIND","DataKind","filing","exact_base",4,"latent_base_salary",12.4083285202951,NA,12.4083285202951,12.4083285202951,12.5252028509343,12.1753295569221,12.8750761449466,12.0761453396317,12.974260362237,0.287682710806188,0.083461752675066,1,1,"gp",3
"SRC-990-EXT-GIVINGTUESDAY","GivingTuesday","filing","exact_base",4,"latent_base_salary",12.8728251821158,NA,12.8728251821158,12.8728251821158,12.4781910987244,12.126131092312,12.8302511051368,12.026326972441,12.9300552250079,-0.658719202584159,0.258223090591731,0,1,"gp",3
"SRC-990-EXT-JAIN-FAMILY-INSTITUTE","Jain Family Institute","filing","exact_base",4,"latent_base_salary",12.3338860528408,NA,12.3338860528408,12.3338860528408,12.6119762533582,12.2809489433997,12.9430035633168,12.1871073007196,13.0368452059969,-0.144855938247612,0.169478459995021,1,1,"gp",3
"SRC-990-EXT-INTERNET-SECURITY-RESEARCH-GROUP","Internet Security Research Group","filing","exact_base",4,"latent_base_salary",12.6634761632277,NA,12.6634761632277,12.6634761632277,12.4710701946514,12.1373853315618,12.804755057741,12.0427903094964,12.8993500798065,0.153663820322673,0.115123130303328,1,1,"gp",3
"SRC-990-EXT-ORCID","ORCID","filing","exact_base",4,"latent_base_salary",12.5696077844296,NA,12.5696077844296,12.5696077844296,12.3046846980687,11.9400210798339,12.6693483163036,11.836644011141,12.7727253849965,-0.0954950748249244,0.158360770412994,1,1,"gp",3
"SRC-990-EXT-ANIMAL-WELFARE-INSTITUTE","Animal Welfare Institute","filing","exact_base",4,"latent_base_salary",12.1688180822369,NA,12.1688180822369,12.1688180822369,12.3964877100942,12.0599643315313,12.7330110886571,11.9645646297709,12.8284107904175,0.0423642797083255,0.135528695354789,1,1,"gp",3
"SRC-990-EXT-INSTITUTE-FOR-NONPROFIT-NEWS","Institute for Nonprofit News","filing","exact_base",4,"latent_base_salary",12.3400869277947,NA,12.3400869277947,12.3400869277947,12.3475928092139,11.9990605988879,12.6961250195398,11.9002565601879,12.7949290582399,0.382776743613065,0.063638587659296,1,1,"gp",3
"SRC-990-EXT-CODE-FOR-SCIENCE-SOCIETY","Code for Science & Society","filing","exact_base",4,"latent_base_salary",12.2746977427298,NA,12.2746977427298,12.2746977427298,12.5684199741009,12.2101933906484,12.9266465575535,12.1086411318723,13.0281988163296,-0.196355132598013,0.17826117731868,1,1,"gp",3
"SRC-990-EXT-INDEPENDENT-SECTOR","Independent Sector","filing","exact_base",4,"latent_base_salary",13.3541442871094,NA,13.3541442871094,13.3541442871094,13.1305778140925,12.7832275341131,13.4779280940719,12.6847585562432,13.5763970719418,0.0463655638002352,0.133005144640703,1,1,"gp",3
"SRC-990-EXT-CREATIVE-COMMONS","Creative Commons","filing","exact_base",4,"latent_base_salary",12.4083285202951,NA,12.4083285202951,12.4083285202951,12.4354968254266,12.0966135232922,12.7743801275611,12.0005448159909,12.8704488348624,0.405954473473058,0.0629090414686858,1,1,"gp",3
"SRC-990-EXT-RESULTS-FOR-AMERICA","Results for America","filing","exact_base",4,"latent_base_salary",12.6889203108623,NA,12.6889203108623,12.6889203108623,13.1581481048765,12.8167873020966,13.4995089076564,12.7200162577877,13.5962799519653,-1.1476608865659,0.327319183313997,0,0,"gp",3
"SRC-990-EXT-CLEAN-AIR-TASK-FORCE","Clean Air Task Force","filing","exact_base",4,"latent_base_salary",12.8291533338357,NA,12.8291533338357,12.8291533338357,12.7388950847788,12.3929018438741,13.0848883256836,12.2948175677255,13.1829726018321,0.334585876259864,0.075020026477656,1,1,"gp",3
"SRC-990-EXT-IDEAS42","ideas42","filing","exact_base",5,"latent_base_salary",12.4941514017925,NA,12.4941514017925,12.4941514017925,12.683182011562,12.3413184988625,13.0250455242615,12.2444049432767,13.1219590798474,0.151403139396857,0.113650073359847,1,1,"gp",3
"SRC-990-EXT-PETERSON-INSTITUTE-FOR-INTERNATIONAL-ECONOMICS","Peterson Institute for International Economics","filing","exact_base",5,"latent_base_salary",13.3086807403212,NA,13.3086807403212,13.3086807403212,13.1358835668102,12.7145296033512,13.5572375302691,12.5950816095114,13.6766855241089,0.0553062252311547,0.112254085125608,1,1,"gp",3
"SRC-990-EXT-SOCIAL-SCIENCE-RESEARCH-COUNCIL","Social Science Research Council","filing","exact_base",5,"latent_base_salary",12.7968302816124,NA,12.7968302816124,12.7968302816124,13.1154179822972,12.7939393882543,13.43689657634,12.702804673855,13.5280312907393,-0.342527285401373,0.201396362103271,1,1,"gp",3
"SRC-990-EXT-AMERICAN-IMMIGRATION-COUNCIL","American Immigration Council","filing","exact_base",5,"latent_base_salary",12.6131309837729,NA,12.6131309837729,12.6131309837729,12.6421516958868,12.3236236981738,12.9606796935998,12.2333254368348,13.0509779549388,0.46636134837206,0.059434860079624,1,1,"gp",3
"SRC-990-EXT-FEDERATION-OF-AMERICAN-SCIENTISTS","Federation of American Scientists","filing","exact_base",5,"latent_base_salary",13.0648771145336,NA,13.0648771145336,13.0648771145336,12.8213204008657,12.4942976887135,13.1483431130178,12.4015912938668,13.2410495078645,-0.00863945804882738,0.145926106510503,1,1,"gp",3
"SRC-990-EXT-PRECISION-DEVELOPMENT","Precision Development","filing","exact_base",5,"latent_base_salary",12.4150937427763,NA,12.4150937427763,12.4150937427763,12.5148642363529,12.1923394851616,12.8373889875441,12.1009081997473,12.9288202729584,0.382126868237175,0.0743892362192844,1,1,"gp",3
"SRC-990-EXT-RESULTS-FOR-DEVELOPMENT","Results for Development","filing","exact_base",5,"latent_base_salary",12.9211104925028,NA,12.9211104925028,12.9211104925028,12.9006495664766,12.5624645622813,13.238834570672,12.4665938127427,13.3347053202105,0.410289188858594,0.0623016977825832,1,1,"gp",3
"SRC-990-EXT-SOFTWARE-FREEDOM-CONSERVANCY","Software Freedom Conservancy","filing","exact_base",5,"latent_base_salary",12.1568022510686,NA,12.1568022510686,12.1568022510686,12.4077923315629,12.0559876145804,12.7595970485455,11.9562558657154,12.8593287974105,-0.0441645957006449,0.149820723240185,1,1,"gp",3
"SRC-990-EXT-PROJECT-HEALTHY-CHILDREN","Project Healthy Children","filing","exact_base",5,"latent_base_salary",11.5747708002363,NA,11.5747708002363,11.5747708002363,12.7217067921435,12.3255231442418,13.1178904400453,12.2132105851157,13.2302029991714,-6.62719208469858,0.972535682866275,0,0,"gp",3
"SRC-990-EXT-SIGHTLINE-INSTITUTE","Sightline Institute","filing","exact_base",5,"latent_base_salary",12.2612800796685,NA,12.2612800796685,12.2612800796685,12.3563782352329,12.0204466354838,12.6923098349821,11.9252146947942,12.7875417756716,0.354171780851871,0.0748730244017231,1,1,"gp",3
"SRC-990-EXT-LAST-MILE-HEALTH","Last Mile Health","filing","exact_base",5,"latent_base_salary",12.4850802155385,NA,12.4850802155385,12.4850802155385,12.529561336614,12.2048450355316,12.8542776376963,12.1127924761752,12.9463301970528,0.438526979034938,0.0623203217273571,1,1,"gp",3
"SRC-990-EA-GIVEWELL","GiveWell","filing","exact_base",5,"latent_base_salary",13.0190388321958,NA,13.0190388321958,13.0190388321958,12.5878402384381,12.0684195180623,13.1072609588139,11.9211709612945,13.2545095155817,-0.581750194527894,0.262241412685645,1,1,"gp",3
"SRC-990-EXT-FRAMEWORKS-INSTITUTE","FrameWorks Institute","filing","exact_base",6,"latent_base_salary",13.0266397001217,NA,13.0266397001217,13.0266397001217,13.015737042631,12.6875232076999,13.343950877562,12.5944791460964,13.4369949391656,0.44231678298422,0.060035964801251,1,1,"gp",3
"SRC-990-EXT-WORLD-JUSTICE-PROJECT","World Justice Project","filing","exact_base",6,"latent_base_salary",12.8497369708156,NA,12.8497369708156,12.8497369708156,13.0253635339929,12.7055813724902,13.3451456954957,12.6149275731437,13.4357994948422,0.22155501474694,0.105688281072866,1,1,"gp",3
"SRC-990-EXT-STIMSON-CENTER","Stimson Center","filing","exact_base",6,"latent_base_salary",12.9582226865033,NA,12.9582226865033,12.9582226865033,12.7055051108272,12.3816502110631,13.0293600105912,12.2898418470111,13.1211683746433,-0.0434558200975299,0.152248502944442,1,1,"gp",3
"SRC-990-EXT-GOOD-FOOD-INSTITUTE","Good Food Institute","filing","exact_base",6,"latent_base_salary",12.3904522913386,NA,12.3904522913386,12.3904522913386,12.6723724942442,12.341487722829,13.0032572656595,12.2476864878454,13.0970585006431,-0.161011991927005,0.172256192412742,1,1,"gp",3
"SRC-990-EXT-TECHCONGRESS","TechCongress","filing","exact_base",6,"latent_base_salary",12.4960490464963,NA,12.4960490464963,12.4960490464963,12.3869343207195,12.0229217917196,12.7509468497195,11.9197292977777,12.8541393436613,0.265913576323199,0.0828985042618574,1,1,"gp",3
"SRC-990-EXT-NEW-AMERICA","New America","filing","exact_base",6,"latent_base_salary",13.2081577341251,NA,13.2081577341251,13.2081577341251,12.8140693956078,12.4263523443998,13.2017864468158,12.3164399477912,13.3116988434243,-0.571785388060903,0.250795213450407,0,1,"gp",3
"SRC-990-EXT-THIRD-WAY-INSTITUTE","Third Way Institute","filing","exact_base",6,"latent_base_salary",12.9939824923999,NA,12.9939824923999,12.9939824923999,12.5000380464587,12.0887529886624,12.9113231042551,11.9721593896684,13.0279167032491,-0.966836820577578,0.330076300756045,0,1,"gp",3
"SRC-990-EXT-BIPARTISAN-POLICY-CENTER","Bipartisan Policy Center","filing","exact_base",6,"latent_base_salary",13.69992393343,NA,13.69992393343,13.69992393343,12.8166242889072,12.4220863061454,13.2111622716691,12.3102402702196,13.3230083075949,-3.85687721760954,0.709979191458673,0,0,"gp",3
"SRC-990-EXT-THE-HUMANE-LEAGUE","The Humane League","filing","exact_base",6,"latent_base_salary",12.3775599734482,NA,12.3775599734482,12.3775599734482,12.2708636017103,11.9084642550997,12.6332629483209,11.8057290759497,12.7359981274709,0.27296005598563,0.0819572723962081,1,1,"gp",3
"SRC-990-EXT-VILLAGE-ENTERPRISE","Village Enterprise","filing","exact_base",6,"latent_base_salary",12.5400430408691,NA,12.5400430408691,12.5400430408691,12.5073515867858,12.1614243366904,12.8532788368812,12.0633587680193,12.9513444055523,0.383325753785584,0.0646585363559889,1,1,"gp",3
"SRC-990-EXT-FARM-SANCTUARY","Farm Sanctuary","filing","exact_base",6,"latent_base_salary",12.3163882693373,NA,12.3163882693373,12.3163882693373,12.4157173985746,12.0748499522333,12.756584844916,11.9782187676194,12.8532160295298,0.335663812259428,0.0767870112139039,1,1,"gp",3
"SRC-990-EXT-VERA-INSTITUTE-OF-JUSTICE","Vera Institute of Justice","filing","exact_base",6,"latent_base_salary",13.3181829414966,NA,13.3181829414966,13.3181829414966,12.7403942623298,12.3372577691027,13.1435307555569,12.2229741749381,13.2578143497216,-1.44923515697414,0.408495208678695,0,0,"gp",3
"SRC-990-EXT-PHYSICIANS-FOR-SOCIAL-RESPONSIBILITY","Physicians for Social Responsibility","filing","exact_base",6,"latent_base_salary",11.9808845054682,NA,11.9808845054682,11.9808845054682,12.4459015539862,12.0905827901858,12.8012203177866,11.9898548578763,12.901948250096,-1.04263970790208,0.319309500695103,0,0,"gp",3
"SRC-990-EXT-DEMOS","Demos","filing","exact_base",7,"latent_base_salary",12.6428849557391,NA,12.6428849557391,12.6428849557391,12.8352710542533,12.5008978233326,13.1696442851741,12.406107658552,13.2644344499547,0.152782169915981,0.115135729383426,1,1,"gp",3
"SRC-990-EXT-INFORMATION-TECHNOLOGY-AND-INNOVATION-FOUNDATION","Information Technology and Innovation Foundation","filing","exact_base",7,"latent_base_salary",13.2745188452622,NA,13.2745188452622,13.2745188452622,13.0121962474301,12.6685222313004,13.3558702635598,12.5710954231494,13.4532970717108,-0.0812372957583203,0.157595796648954,1,1,"gp",3
"SRC-990-EXT-BREAKTHROUGH-INSTITUTE","Breakthrough Institute","filing","exact_base",7,"latent_base_salary",12.579065834723,NA,12.579065834723,12.579065834723,12.5860656667978,12.2502706228792,12.9218607107164,12.1550773938701,13.0170539397255,0.420030428552482,0.0613078842462457,1,1,"gp",3
"SRC-990-EXT-CENTER-FOR-EFFECTIVE-PHILANTHROPY","Center for Effective Philanthropy","filing","exact_base",7,"latent_base_salary",13.2146671151145,NA,13.2146671151145,13.2146671151145,12.7820856035857,12.4463070822469,13.1178641249244,12.3511185371596,13.2130526700117,-0.94248947296952,0.295546433021478,0,0,"gp",3
"SRC-990-EXT-SAN-FRANCISCO-ESTUARY-INSTITUTE","San Francisco Estuary Institute","filing","exact_base",7,"latent_base_salary",12.1771418570467,NA,12.1771418570467,12.1771418570467,12.3835866119924,12.0370367172825,12.7301365067024,11.9387946375149,12.82837858647,0.0974421262018013,0.123186160749746,1,1,"gp",3
"SRC-990-EXT-NATIONAL-EMPLOYMENT-LAW-PROJECT","National Employment Law Project","filing","exact_base",7,"latent_base_salary",12.8184638703657,NA,12.8184638703657,12.8184638703657,13.0138903603915,12.6701667165665,13.3576140042164,12.5727258396535,13.4550548811295,0.131595695391791,0.117100391793672,1,1,"gp",3
"SRC-990-EXT-BULLETIN-OF-THE-ATOMIC-SCIENTISTS","Bulletin of the Atomic Scientists","filing","exact_base",7,"latent_base_salary",12.3173567420894,NA,12.3173567420894,12.3173567420894,12.3620554492216,12.0186121252595,12.7054987731838,11.9212507151325,12.8028601833107,0.383956314097112,0.0655953732965212,1,1,"gp",3
"SRC-990-EXT-OPEN-MARKETS-INSTITUTE","Open Markets Institute","filing","exact_base",7,"latent_base_salary",12.1897506129305,NA,12.1897506129305,12.1897506129305,12.4243275501294,12.0825376603546,12.7661174399042,11.9856449758449,12.8630101244139,0.0158850152897125,0.139714774244151,1,1,"gp",3
"SRC-990-EXT-ANIMAL-LEGAL-DEFENSE-FUND","Animal Legal Defense Fund","filing","exact_base",7,"latent_base_salary",12.5370734769901,NA,12.5370734769901,12.5370734769901,12.5708290738256,12.2315643805174,12.9100937671337,12.1353875541179,13.0062705935332,0.401978279977901,0.0635807798176542,1,1,"gp",3
"SRC-990-EXT-EXPONENT-PHILANTHROPY","Exponent Philanthropy","filing","exact_base",7,"latent_base_salary",12.6069727833315,NA,12.6069727833315,12.6069727833315,12.3492153212319,12.0058240438731,12.6926065985907,11.9084773882349,12.7899532542288,-0.0646680755636646,0.154560850362576,1,1,"gp",3
"SRC-990-EXT-LIVING-GOODS","Living Goods","filing","exact_base",7,"latent_base_salary",12.5107284211723,NA,12.5107284211723,12.5107284211723,12.4286782197344,12.0556776816467,12.8016787578221,11.9499372120187,12.9074192274501,0.275572533007612,0.0771849505514623,1,1,"gp",3
"SRC-990-EXT-PARTNERSHIP-ON-AI","Partnership on AI","filing","exact_base",8,"latent_base_salary",12.7912011974447,NA,12.7912011974447,12.7912011974447,12.8772920598116,12.5357603438617,13.2188237757616,12.4389408480439,13.3156432715794,0.351268888113631,0.0732789464684422,1,1,"gp",3
"SRC-990-EXT3-CENTER-FOR-HEALTH-CARE-STRATEGIES","Center for Health Care Strategies","filing","exact_base",8,"latent_base_salary",12.6222962067176,NA,12.6222962067176,12.6222962067176,12.6806952951832,12.3386392034735,13.0227513868928,12.2416710544142,13.1197195359521,0.37797707056435,0.0674523135837018,1,1,"gp",3
"SRC-990-EXT-CLIMATE-CENTRAL","Climate Central","filing","exact_base",8,"latent_base_salary",12.6801870016491,NA,12.6801870016491,12.6801870016491,12.7733789647506,12.4256062835326,13.1211516459686,12.3270175607809,13.2197403687203,0.326372316155076,0.0760609857145799,1,1,"gp",3
"SRC-990-EXT3-NATIONAL-ACADEMY-FOR-STATE-HEALTH-POLICY","National Academy for State Health Policy","filing","exact_base",8,"latent_base_salary",12.8776933603378,NA,12.8776933603378,12.8776933603378,12.9552324106364,12.6158722124046,13.2945926088682,12.5196683116863,13.3907965095866,0.36695540165577,0.070877107904699,1,1,"gp",3
"SRC-990-EXT-NUMFOCUS","NumFOCUS","filing","exact_base",8,"latent_base_salary",12.0255072657542,NA,12.0255072657542,12.0255072657542,12.5714521120299,12.2070057890151,12.9358984350447,12.1036903204977,13.0392139035621,-1.50426712736475,0.39147259980966,0,0,"gp",3
"SRC-990-EXT3-CARBON-MAPPER","Carbon Mapper","filing","exact_base",8,"latent_base_salary",12.5153758745745,NA,12.5153758745745,12.5153758745745,12.8507242144726,12.4751001307904,13.2263482981547,12.3686159224411,13.332832506504,-0.346227722057785,0.206820802911381,1,1,"gp",3
"SRC-990-EXT-COMMITTEE-FOR-A-RESPONSIBLE-FEDERAL-BUDGET","Committee for a Responsible Federal Budget","filing","exact_base",8,"latent_base_salary",13.2655461923519,NA,13.2655461923519,13.2655461923519,12.9749411758949,12.6286689937887,13.321213358001,12.5305056416855,13.4193767101043,-0.188716755374687,0.177073707093017,1,1,"gp",3
"SRC-990-EXT-FRESH-ENERGY","Fresh Energy","filing","exact_base",8,"latent_base_salary",12.4117920746609,NA,12.4117920746609,12.4117920746609,12.5130523685729,12.1503912021883,12.8757135349575,12.0475818007704,12.9785229363754,0.279398870244109,0.0804353030460253,1,1,"gp",3
"SRC-990-EXT-MIGRATION-POLICY-INSTITUTE","Migration Policy Institute","filing","exact_base",8,"latent_base_salary",12.6227383916406,NA,12.6227383916406,12.6227383916406,12.6147294951061,12.2760065146002,12.953452475612,12.1799832562529,13.0494757339593,0.411246553142463,0.0618640142779092,1,1,"gp",3
"SRC-990-EXT-GLOBAL-HEALTH-CORPS","Global Health Corps","filing","exact_base",8,"latent_base_salary",12.4246040572612,NA,12.4246040572612,12.4246040572612,12.408904516131,12.0408963261255,12.7769127061366,11.9365711178091,12.881237914453,0.3272885389315,0.0674497936938933,1,1,"gp",3
"SRC-990-EXT-STRONGMINDS","StrongMinds","filing","exact_base",8,"latent_base_salary",12.4509506432504,NA,12.4509506432504,12.4509506432504,12.4401778745914,12.0958983519729,12.7844573972099,11.998299891146,12.8820558580368,0.394630322963189,0.062952777071546,1,1,"gp",3
"SRC-990-EXT-EVIDENCE-ACTION","Evidence Action","filing","exact_base",8,"latent_base_salary",12.8276536554356,NA,12.8276536554356,12.8276536554356,12.6484794376139,12.2947111179233,13.0022477573045,12.1944227149752,13.1025361602525,0.157598989367048,0.109343794922741,1,1,"gp",3
"SRC-990-EXT3-CENTER-FOR-INTERNATIONAL-POLICY","Center for International Policy","filing","exact_base",8,"latent_base_salary",12.3116931273939,NA,12.3116931273939,12.3116931273939,12.2540082059037,11.8727710107557,12.6352454010518,11.7646955633012,12.7433208485063,0.274665712549015,0.073968348447021,1,1,"gp",3
"SRC-990-EXT-INSTITUTE-FOR-THE-STUDY-OF-WAR","Institute for the Study of War","filing","exact_base",9,"latent_base_salary",12.2737531161958,NA,12.2737531161958,12.2737531161958,12.3754719106975,12.0204608730709,12.7304829483241,11.9198201768558,12.8311236445392,0.297323696574755,0.0794728926146988,1,1,"gp",3
"SRC-990-EXT-CENTER-FOR-CLIMATE-AND-ENERGY-SOLUTIONS","Center for Climate and Energy Solutions","filing","exact_base",9,"latent_base_salary",12.9791557665258,NA,12.9791557665258,12.9791557665258,13.0707804837369,12.7232035131682,13.4183574543057,12.6246702716661,13.5168906958078,0.328837681837935,0.0756143182180979,1,1,"gp",3
"SRC-990-EXT-CENTER-FOR-OPEN-SCIENCE","Center for Open Science","filing","exact_base",9,"latent_base_salary",12.5016604600873,NA,12.5016604600873,12.5016604600873,12.5709223961153,12.2316254965082,12.9102192957223,12.1354395400705,13.0064052521601,0.375793374681886,0.0690595376742755,1,1,"gp",3
"SRC-990-EXT-TECHNICAL-ASSISTANCE-COLLABORATIVE","Technical Assistance Collaborative","filing","exact_base",9,"latent_base_salary",12.4383619268654,NA,12.4383619268654,12.4383619268654,12.5132975668957,12.1727376305615,12.8538575032298,12.0761936207618,12.9504015130296,0.366538440392705,0.0704767964844614,1,1,"gp",3
"SRC-990-EXT-THE-SENTENCING-PROJECT","The Sentencing Project","filing","exact_base",9,"latent_base_salary",12.2172732835324,NA,12.2172732835324,12.2172732835324,12.3777905822295,12.0214751209316,12.7341060435273,11.9204646387309,12.835116525728,0.194417484088931,0.100952089284948,1,1,"gp",3
"SRC-990-EXT-PEAK-GRANTMAKING","PEAK Grantmaking","filing","exact_base",9,"latent_base_salary",12.6147062287155,NA,12.6147062287155,12.6147062287155,12.6983857899917,12.3584184813065,13.0383530986768,12.2620424732106,13.1347291067727,0.358287234218827,0.0724381269023622,1,1,"gp",3
"SRC-990-EXT-GRANTMAKERS-FOR-EDUCATION","Grantmakers for Education","filing","exact_base",9,"latent_base_salary",12.4309659850717,NA,12.4309659850717,12.4309659850717,12.4544806375629,12.1046724886942,12.8042887864315,12.0055067391467,12.903454535979,0.375792661210197,0.0645962743596558,1,1,"gp",3
"SRC-990-EXT-MERCY-FOR-ANIMALS","Mercy For Animals","filing","exact_base",9,"latent_base_salary",12.2436538423338,NA,12.2436538423338,12.2436538423338,12.4852314435788,12.1367730901755,12.8336897969822,12.0379899888867,12.9324728982709,-0.011318308607094,0.143951547780576,1,1,"gp",3
"SRC-990-EXT-GUTTMACHER-INSTITUTE","Guttmacher Institute","filing","exact_base",9,"latent_base_salary",12.8946594433338,NA,12.8946594433338,12.8946594433338,13.3039930248787,12.9391043599401,13.6688816898173,12.8356634936337,13.7723225561237,-0.696122408775372,0.267903785504948,0,1,"gp",3
"SRC-990-EXT-COUNCIL-ON-STRATEGIC-RISKS","Council on Strategic Risks","filing","exact_base",10,"latent_base_salary",12.508796619219,NA,12.508796619219,12.508796619219,12.5770104180235,12.2560174335896,12.8980034024575,12.1650203827667,12.9890004532803,0.428384214719027,0.0658999264255314,1,1,"gp",3
"SRC-990-EXT-TAX-FOUNDATION","Tax Foundation","filing","exact_base",10,"latent_base_salary",12.515216592965,NA,12.515216592965,12.515216592965,12.5495150294024,12.2270782884252,12.8719517703797,12.1356719526835,12.9633581061213,0.451689444132739,0.0606597819790012,1,1,"gp",3
"SRC-990-EXT-CENTER-FOR-A-NEW-AMERICAN-SECURITY","Center for a New American Security","filing","exact_base",10,"latent_base_salary",13.1871814907024,NA,13.1871814907024,13.1871814907024,13.1525440196435,12.8228433879365,13.4822446513504,12.7293778401063,13.5757101991806,0.429639704388342,0.0619795997486738,1,1,"gp",3
"SRC-990-EXT-ECONOMIC-POLICY-INSTITUTE","Economic Policy Institute","filing","exact_base",10,"latent_base_salary",12.4477248107957,NA,12.4477248107957,12.4477248107957,12.6859083881589,12.366464691825,13.0053520844929,12.2759068426508,13.0959099336671,0.0137689786898489,0.142723448166879,1,1,"gp",3
"SRC-990-EXT-CHICAGO-COUNCIL-ON-GLOBAL-AFFAIRS","Chicago Council on Global Affairs","filing","exact_base",10,"latent_base_salary",13.1491202773988,NA,13.1491202773988,13.1491202773988,12.7429741115922,12.4210944256681,13.0648537975162,12.3298460072937,13.1561022158906,-0.844723513713025,0.275655661971358,0,1,"gp",3
"SRC-990-EXT-INSTITUTE-FOR-POLICY-STUDIES","Institute for Policy Studies","filing","exact_base",10,"latent_base_salary",12.053986283532,NA,12.053986283532,12.053986283532,12.4648357533616,12.1145833341567,12.8150881725664,12.0152916401422,12.9143798665809,-0.751679738155684,0.272554704358001,0,1,"gp",3
"SRC-990-EXT-ELECTRONIC-FRONTIER-FOUNDATION","Electronic Frontier Foundation","filing","exact_base",10,"latent_base_salary",12.757183396529,NA,12.757183396529,12.757183396529,12.7618674782129,12.4373535343678,13.086381422058,12.3453583404763,13.1783766159495,0.454388654850233,0.0592107090325061,1,1,"gp",3
"SRC-990-EXT-NATIONAL-COMMITTEE-FOR-RESPONSIVE-PHILANTHROPY","National Committee for Responsive Philanthropy","filing","exact_base",10,"latent_base_salary",12.742437732963,NA,12.742437732963,12.742437732963,12.4973376168589,12.1731904043973,12.8214848293205,12.0812991737573,12.9133760599606,-0.0138192842587896,0.147089146151875,1,1,"gp",3
"SRC-990-EXT-REDWOOD-RESEARCH","Redwood Research","filing","exact_base",10,"latent_base_salary",12.5766540301346,NA,12.5766540301346,12.5766540301346,12.6259433278045,12.0122156508825,13.2396710047265,11.8382323823486,13.4136542732604,-0.187959642483383,0.113937234177402,1,1,"gp",3
"SRC-990-EXT-OPEN-SOURCE-INITIATIVE","Open Source Initiative","filing","exact_base",10,"latent_base_salary",12.2102910853882,NA,12.2102910853882,12.2102910853882,12.4244426073466,11.898213366381,12.9506718483122,11.7490346886318,13.0998505260614,-0.164847322742245,0.13953318876716,1,1,"gp",3
"SRC-990-EXT3-AMERICAN-SECURITY-PROJECT","American Security Project","filing","exact_base",10,"latent_base_salary",11.9786620658855,NA,11.9786620658855,11.9786620658855,12.4006764085344,11.9535573176732,12.8477954993956,11.8268052682267,12.9745475488422,-0.597497101038732,0.263557692385476,1,1,"gp",3
"SRC-990-EA-COPENHAGEN-CONSENSUS-CENTER","Copenhagen Consensus Center","filing","exact_base",10,"latent_base_salary",13.0459767896383,NA,13.0459767896383,13.0459767896383,12.4166182107365,11.8920162567141,12.9412201647589,11.7432988922018,13.0899375292712,-1.20764595739664,0.420425560714479,0,1,"gp",3
