organization,ein,source_wave,peer_tier,ea_affinity,comparability_score,ceo_name,ceo_title,top_executive_basis,tax_period_begin,tax_period_end,compensation_calendar_year,filing_date,irs_object_id,official_irs_url,propublica_url,part_vii_org,part_vii_related,part_vii_other,cash_proxy,total_proxy,schedule_j_base,revenue,expenses,employee_count,full_year_status,founder_flag,structure_flag,analysis_status,exclusion_reason,notes,retrieved_at,extraction_location,source_id,part_vii_org_jul2026,part_vii_related_jul2026,part_vii_other_jul2026,cash_proxy_jul2026,total_proxy_jul2026,schedule_j_base_jul2026,cpi_factor,tier_group,primary_eligible,structurally_clean,current_comp_year,close_expense,staff_known,staff_in_band,close_scale,joint_scale_known_staff,analysis_weight
Charity Navigator,13-4148824,legacy_original,strict_primary,functional-only,86.0,Michael Thatcher,President & CEO,legacy verified,2024-07-01,2025-06-30,2024.0,2026-03-19,202640789349301509,https://apps.irs.gov/pub/epostcard/990/xml/2026/202640789349301509_public.xml,https://projects.propublica.org/nonprofits/organizations/134148824,324339.0,0.0,21494.0,324339.0,345833.0,,7619753.0,7840893.0,,yes,no,none,primary,,Fiscal-year filer; compensation calendar year 2024 under IRS convention.,2026-08-25,"Form 990 Part VII Section A, columns D/E/F; rendered ProPublica Compensation table. Revenue/expenses from rendered Extracted Financial Data. Exact XML element names unavailable without raw XML.",SRC-990-EXT-CHARITY-NAVIGATOR,345254.9746548199,0.0,22880.10515303648,345254.9746548199,368135.07980785635,,1.0644880037701905,A,True,True,True,True,False,False,True,False,1.0452640402347024
Niskanen Center,45-5308952,legacy_original,strict_primary,functional-only,85.0,Ted Gayer,President,legacy verified,2024-01-01,2024-12-31,2024.0,2025-11-13,202523179349301947,https://apps.irs.gov/pub/epostcard/990/xml/2025/202523179349301947_public.xml,https://projects.propublica.org/nonprofits/organizations/455308952,682105.0,0.0,832.0,682105.0,682937.0,,9958495.0,10357724.0,,yes,no,unusually_high_cash_proxy_relative_to_prior_years,primary,,Retained despite high value under no-pay-driven-removal rule.,2026-08-25,"Form 990 Part VII Section A, columns D/E/F; rendered ProPublica Compensation table. Revenue/expenses from rendered Extracted Financial Data. Exact XML element names unavailable without raw XML.",SRC-990-EXT-NISKANEN-CENTER,726092.5898116659,0.0,885.6540191367986,726092.5898116659,726978.2438308026,,1.0644880037701905,A,True,True,True,True,False,False,True,False,1.0331098072087175
Center for Open Science,46-1496217,legacy_original,strict_primary,functional-only,87.0,Brian Nosek,Executive Director,legacy verified,2024-01-01,2024-12-31,2024.0,2025-11-17,202513219349318466,https://apps.irs.gov/pub/epostcard/990/xml/2025/202513219349318466_public.xml,https://projects.propublica.org/nonprofits/organizations/461496217,252500.0,0.0,10100.0,252500.0,262600.0,,10217166.0,8787031.0,,yes,yes,founder,primary,,Founder retained in main sample and excluded in founder sensitivity.,2026-08-25,"Form 990 Part VII Section A, columns D/E/F; rendered ProPublica Compensation table. Revenue/expenses from rendered Extracted Financial Data. Exact XML element names unavailable without raw XML.",SRC-990-EXT-CENTER-FOR-OPEN-SCIENCE,268783.2209519731,0.0,10751.328838078925,268783.2209519731,279534.54979005206,,1.0644880037701905,A,True,True,True,True,False,False,True,False,1.0574182732606872
Partnership on AI,32-0518917,legacy_original,strict_primary,EA-adjacent,94.0,Rebecca Finlay,Chief Executive Officer,legacy verified,2024-01-01,2024-12-31,2024.0,2025-11-17,202543219349322709,https://apps.irs.gov/pub/epostcard/990/xml/2025/202543219349322709_public.xml,https://projects.propublica.org/nonprofits/organizations/320518917,337293.0,0.0,30730.0,337293.0,368023.0,,9023889.0,8372133.0,,yes,no,none,primary,,Strong AI-policy/research/field-building match.,2026-08-25,"Form 990 Part VII Section A, columns D/E/F; rendered ProPublica Compensation table. Revenue/expenses from rendered Extracted Financial Data. Exact XML element names unavailable without raw XML.",SRC-990-EXT-PARTNERSHIP-ON-AI,359044.3522556589,0.0,32711.71635585796,359044.3522556589,391756.06861151685,,1.0644880037701905,A,True,True,True,True,False,False,True,False,1.1424979044425816
Center for Democracy & Technology,52-1905358,legacy_original,strict_primary,EA-adjacent,92.0,Alexandra Givens,President & CEO,legacy verified,2024-01-01,2024-12-31,2024.0,2025-11-17,202533219349301933,https://apps.irs.gov/pub/epostcard/990/xml/2025/202533219349301933_public.xml,https://projects.propublica.org/nonprofits/organizations/521905358,417500.0,0.0,45725.0,417500.0,463225.0,,11272645.0,8766703.0,,yes,no,none,primary,,Strong technology-policy research match.,2026-08-25,"Form 990 Part VII Section A, columns D/E/F; rendered ProPublica Compensation table. Revenue/expenses from rendered Extracted Financial Data. Exact XML element names unavailable without raw XML.",SRC-990-EXT-CENTER-FOR-DEMOCRACY-TECHNOLOGY,444423.7415740546,0.0,48673.71397239197,444423.7415740546,493097.45554644655,,1.0644880037701905,A,True,True,True,True,False,False,True,False,1.118189438390612
Future of Privacy Forum,45-3763097,legacy_original,strict_primary,EA-adjacent,93.0,Jules Polonetsky,Chief Executive Officer,legacy verified,2024-01-01,2024-12-31,2024.0,2025-11-17,202543219349319589,https://apps.irs.gov/pub/epostcard/990/xml/2025/202543219349319589_public.xml,https://projects.propublica.org/nonprofits/organizations/453763097,741942.0,0.0,66751.0,741942.0,808693.0,,9862821.0,14356624.0,,yes,yes,founder_and_unusually_high_cash_proxy,primary,,Retained under no-pay-driven-removal rule; isolated in founder and unusual-structure sensitivities.,2026-08-25,"Form 990 Part VII Section A, columns D/E/F; rendered ProPublica Compensation table. Revenue/expenses from rendered Extracted Financial Data. Exact XML element names unavailable without raw XML.",SRC-990-EXT-FUTURE-OF-PRIVACY-FORUM,789788.3584932628,0.0,71055.63873966399,789788.3584932628,860843.9972329268,,1.0644880037701905,A,True,True,True,True,False,False,True,False,1.1303436714165966
Results for America,81-2709681,legacy_original,secondary,functional-only,74.0,Michele Jolin,President & CEO,legacy verified,2024-01-01,2024-12-31,2024.0,2025-11-13,202513179349309376,https://apps.irs.gov/pub/epostcard/990/xml/2025/202513179349309376_public.xml,https://projects.propublica.org/nonprofits/organizations/812709681,311352.0,0.0,7176.0,311352.0,318528.0,,16801077.0,24594265.0,,yes,yes,above_strict_expense_band_and_implementation_mix,primary,,"Preselected primary candidate moved to secondary for scale/implementation, not pay.",2026-08-25,"Form 990 Part VII Section A, columns D/E/F; rendered ProPublica Compensation table. Revenue/expenses from rendered Extracted Financial Data. Exact XML element names unavailable without raw XML.",SRC-990-EXT-RESULTS-FOR-AMERICA,331430.4689498564,0.0,7638.765915054887,331430.4689498564,339069.23486491124,,1.0644880037701905,B,True,True,True,False,False,False,False,False,0.8994132439228835
Social Science Research Council,13-1325070,legacy_original,secondary,functional-only,85.0,Anna Harvey,President,legacy verified,2024-07-01,2025-06-30,2024.0,2026-05-13,202641339349307834,https://apps.irs.gov/pub/epostcard/990/xml/2026/202641339349307834_public.xml,https://projects.propublica.org/nonprofits/organizations/131325070,341003.0,0.0,42326.0,341003.0,383329.0,,14237307.0,15470220.0,,yes,no,fellowships_grants_and_regranting_mix,primary,,"Comparable research institution, but grants/fellowships structure differs.",2026-08-25,"Form 990 Part VII Section A, columns D/E/F; rendered ProPublica Compensation table. Revenue/expenses from rendered Extracted Financial Data. Exact XML element names unavailable without raw XML.",SRC-990-EXT-SOCIAL-SCIENCE-RESEARCH-COUNCIL,362993.6027496463,0.0,45055.51924757709,362993.6027496463,408049.12199722335,,1.0644880037701905,B,True,True,True,True,False,False,True,False,1.0331098072087175
Center for AI Safety,88-1751310,previous_expansion,Tier A expanded primary,EA-adjacent,94.0,Dan Hendrycks,President & Treasurer,sole top executive shown,2024-01-01,2024-12-31,2024.0,2025-11-17,202503219349323615,https://apps.irs.gov/pub/epostcard/990/xml/2025/202503219349323615_public.xml,https://projects.propublica.org/nonprofits/organizations/881751310,242953.0,0.0,22764.0,242953.0,265717.0,,10235085.0,7163607.0,25.0,yes,yes,founder,primary,,Founder retained; exclude in founder sensitivity.,2026-08-25,ProPublica latest 2024 filing table,SRC-990-EXT-CENTER-FOR-AI-SAFETY,258620.55397997913,0.0,24232.00491782462,258620.55397997913,282852.5588978037,,1.0644880037701905,A,True,True,True,True,True,True,True,True,1.1424979044425816
FAR AI,92-0692207,previous_expansion,Tier A expanded primary,EA-adjacent,91.0,Adam Gleave,President/CEO,explicit CEO,2024-01-01,2024-12-31,2024.0,2025-11-14,202543189349316054,https://apps.irs.gov/pub/epostcard/990/xml/2025/202543189349316054_public.xml,https://projects.propublica.org/nonprofits/organizations/920692207,229331.0,0.0,8273.0,229331.0,237604.0,,24293765.0,8602996.0,22.0,yes,no,none,primary,,,2026-08-25,ProPublica latest 2024 filing table,SRC-990-EXT-FAR-AI,244120.09839262156,0.0,8806.509255190787,244120.09839262156,252926.60764781237,,1.0644880037701905,A,True,True,True,True,True,True,True,True,1.106035205364627
Council on Strategic Risks,82-3106472,previous_expansion,Tier A expanded primary,EA-adjacent,90.0,Christine Parthemore,Chief Executive Officer,explicit CEO,2025-01-01,2025-12-31,2025.0,2026-04-21,202601119349300825,https://apps.irs.gov/pub/epostcard/990/xml/2026/202601119349300825_public.xml,https://projects.propublica.org/nonprofits/organizations/823106472,261000.0,0.0,16020.0,261000.0,277020.0,,6445581.0,5184309.0,23.0,yes,no,none,primary,,,2026-08-25,ProPublica latest 2025 filing table,SRC-990-EXT-COUNCIL-ON-STRATEGIC-RISKS,270708.162625061,0.0,16615.880326641676,270708.162625061,287324.04295170266,,1.0371960253833754,A,True,True,True,True,True,True,True,True,1.093880972338642
Population Reference Bureau,53-0214030,previous_expansion,Tier A expanded primary,EA-adjacent,94.0,Jeffrey Jordan,President & CEO,prior clean full compensation year; later filing transition,2023-10-01,2024-09-30,2023.0,2025-06-27,202501789349301305,https://apps.irs.gov/pub/epostcard/990/xml/2025/202501789349301305_public.xml,https://projects.propublica.org/nonprofits/organizations/530214030,357544.0,0.0,57162.0,357544.0,414706.0,,11745158.0,12190648.0,59.0,yes_for_compensation_calendar_2023,no,prior_year_due_transition,primary_older_clean,,Most recent filing reflected 2024 CEO transition; used immediately prior full-year compensation year.,2026-08-25,ProPublica FY2024 filing table,SRC-990-EXT-POPULATION-REFERENCE-BUREAU,391827.23005869956,0.0,62642.99813341962,391827.23005869956,454470.2281921192,,1.095885345744019,A,True,True,False,True,True,True,True,True,1.1424979044425816
Animal Welfare Institute,13-5655952,previous_expansion,Tier A expanded primary,EA-adjacent,88.0,Susan Millward,Executive Director/CEO,explicit CEO,2024-07-01,2025-06-30,2024.0,2025-11-14,202543189349305814,https://apps.irs.gov/pub/epostcard/990/xml/2025/202543189349305814_public.xml,https://projects.propublica.org/nonprofits/organizations/135655952,181013.0,0.0,9435.0,181013.0,190448.0,,6170763.0,7585554.0,35.0,yes,no,none,primary,,,2026-08-25,ProPublica latest FY2025 filing table,SRC-990-EXT-ANIMAL-WELFARE-INSTITUTE,192686.1670264535,0.0,10043.444315571749,192686.1670264535,202729.61134202525,,1.0644880037701905,A,True,True,True,True,True,True,True,True,1.069572506286672
Nuclear Threat Initiative,52-2289435,previous_expansion,Tier A expanded primary,EA-adjacent,88.0,Ernest Moniz,Chief Executive Officer / Co-Chair,explicit CEO; president/COO also highly paid,2024-01-01,2024-12-31,2024.0,2025-07-30,202522119349301667,https://apps.irs.gov/pub/epostcard/990/xml/2025/202522119349301667_public.xml,https://projects.propublica.org/nonprofits/organizations/522289435,472562.0,0.0,54250.0,472562.0,526812.0,,19649784.0,26073759.0,75.0,yes,no,dual_senior_executive,primary_with_structure_flag,,"CEO is clear, but president/COO is also a major senior executive; excluded in clean-structure sensitivity.",2026-08-25,ProPublica latest 2024 filing table,SRC-990-EXT-NUCLEAR-THREAT-INITIATIVE,503036.58003764885,0.0,57748.47420453284,503036.58003764885,560785.0542421817,,1.0644880037701905,A,True,False,True,False,True,True,False,False,1.069572506286672
ideas42,27-1678009,previous_expansion,Tier A expanded primary,EA-adjacent,91.0,Joshua Lloyd Wright,Chief Executive Director,prior clean full-year; 2024 CEO transition,2023-01-01,2023-12-31,2023.0,2024-11-14,202423199349314832,https://apps.irs.gov/pub/epostcard/990/xml/2024/202423199349314832_public.xml,https://projects.propublica.org/nonprofits/organizations/271678009,243431.0,0.0,28299.0,243431.0,271730.0,,23951203.0,18019969.0,103.0,yes,no,prior_year_due_transition,primary_older_clean,,2024 filing showed CEO from Feb and ED until June; used 2023 full-year top executive.,2026-08-25,ProPublica FY2023 filing table,SRC-990-EXT-IDEAS42,266772.46559981233,0.0,31012.459399209998,266772.46559981233,297784.9249990223,,1.095885345744019,A,True,True,False,True,True,False,False,False,1.106035205364627
Migration Policy Institute,52-2279789,previous_expansion,Tier A expanded primary,functional-only,87.0,Andrew Selee,President,top organization-wide executive,2024-07-01,2025-06-30,2024.0,2026-05-15,202601359349310000,https://apps.irs.gov/pub/epostcard/990/xml/2026/202601359349310000_public.xml,https://projects.propublica.org/nonprofits/organizations/522279789,285000.0,0.0,68194.0,285000.0,353194.0,,6855627.0,7069622.0,33.0,yes,no,none,primary,,,2026-08-25,ProPublica latest FY2025 filing table,SRC-990-EXT-MIGRATION-POLICY-INSTITUTE,303379.0810745043,0.0,72591.69492910437,303379.0810745043,375970.7760036087,,1.0644880037701905,A,True,True,True,True,True,True,True,True,1.0574182732606872
Peterson Institute for International Economics,52-1226967,previous_expansion,Tier A expanded primary,functional-only,87.0,Adam S. Posen,President,top organization-wide executive,2024-07-01,2025-06-30,2024.0,2026-04-28,202611189349300636,https://apps.irs.gov/pub/epostcard/990/xml/2026/202611189349300636_public.xml,https://projects.propublica.org/nonprofits/organizations/521226967,565908.0,0.0,56676.0,565908.0,622584.0,,17773572.0,16529676.0,55.0,yes,no,none,primary,,,2026-08-25,ProPublica latest FY2025 filing table,SRC-990-EXT-PETERSON-INSTITUTE-FOR-INTERNATIONAL-ECONOMICS,602402.277237581,0.0,60330.92210167932,602402.277237581,662733.1993392603,,1.0644880037701905,A,True,True,True,True,True,True,True,True,1.0574182732606872
San Francisco Estuary Institute,94-2951373,previous_expansion,Tier A expanded primary,functional-only,87.0,Warner Chabot,Executive Director,explicit ED,2024-07-01,2025-06-30,2024.0,2026-05-11,202631319349304238,https://apps.irs.gov/pub/epostcard/990/xml/2026/202631319349304238_public.xml,https://projects.propublica.org/nonprofits/organizations/942951373,182526.0,0.0,0.0,182526.0,182526.0,,19594340.0,19110723.0,99.0,yes,no,none,primary,,,2026-08-25,ProPublica latest FY2025 filing table,SRC-990-EXT-SAN-FRANCISCO-ESTUARY-INSTITUTE,194296.7373761578,0.0,0.0,194296.7373761578,194296.7373761578,,1.0644880037701905,A,True,True,True,True,True,True,True,True,1.0574182732606872
Technical Assistance Collaborative,22-3181028,previous_expansion,Tier A expanded primary,functional-only,87.0,Kevin Martone,Executive Director & President,prior clean full-year; FY2025 transition,2023-07-01,2024-06-30,2023.0,2025-03-03,202500629349300740,https://apps.irs.gov/pub/epostcard/990/xml/2025/202500629349300740_public.xml,https://projects.propublica.org/nonprofits/organizations/223181028,230222.0,0.0,50228.0,230222.0,280450.0,,17168882.0,17191674.0,57.0,yes_for_compensation_calendar_2023,no,prior_year_due_transition,primary_older_clean,,Latest filing had ED until Apr 2025 and interim ED; used FY2024 filing/2023 compensation year.,2026-08-25,ProPublica FY2024 filing table,SRC-990-EXT-TECHNICAL-ASSISTANCE-COLLABORATIVE,252296.91606787956,0.0,55044.12914603059,252296.91606787956,307341.04521391017,,1.095885345744019,A,True,True,False,True,True,True,True,True,1.0574182732606872
Wild Animal Initiative,82-2281466,previous_expansion,Tier A expanded primary,EA-adjacent,86.0,Cameron Meyer Shorb,Executive Director,explicit ED,2024-01-01,2024-12-31,2024.0,2025-08-19,202532319349300913,https://apps.irs.gov/pub/epostcard/990/xml/2025/202532319349300913_public.xml,https://projects.propublica.org/nonprofits/organizations/822281466,101961.0,0.0,12383.0,101961.0,114344.0,,2487849.0,3345940.0,16.0,yes,no,none,primary,,Below RP scale but retained per frozen Tier A assignment/EA weighting.,2026-08-25,ProPublica latest 2024 filing table,SRC-990-EXT-WILD-ANIMAL-INITIATIVE,108536.2613524124,0.0,13181.55495068627,108536.2613524124,121717.81630309868,,1.0644880037701905,A,True,True,True,False,True,True,False,False,1.0452640402347024
World Justice Project,27-0359097,previous_expansion,Tier A expanded primary,functional-only,86.0,Elizabeth Andersen,Executive Director,explicit ED,2024-01-01,2024-12-31,2024.0,2025-11-04,202543089349302129,https://apps.irs.gov/pub/epostcard/990/xml/2025/202543089349302129_public.xml,https://projects.propublica.org/nonprofits/organizations/270359097,358916.0,0.0,93278.0,358916.0,452194.0,,7781328.0,9495045.0,49.0,yes,no,none,primary,,,2026-08-25,ProPublica latest 2024 filing table,SRC-990-EXT-WORLD-JUSTICE-PROJECT,382061.7763611817,0.0,99293.31201567584,382061.7763611817,481355.0883768576,,1.0644880037701905,A,True,True,True,True,True,True,True,True,1.0452640402347024
Code for Science & Society,81-3791683,previous_expansion,Tier A expanded primary,functional-only,84.0,Danielle Robinson,Executive Director and President,explicit ED/president,2024-07-01,2025-06-30,2024.0,2026-05-15,202601359349304090,https://apps.irs.gov/pub/epostcard/990/xml/2026/202601359349304090_public.xml,https://projects.propublica.org/nonprofits/organizations/813791683,201230.0,0.0,24901.0,201230.0,226131.0,,10336769.0,18017578.0,41.0,yes,no,fiscal_sponsorship_platform,primary_with_structure_flag,,Organization is a research-infrastructure nonprofit and fiscal sponsor; included but excluded in sponsorship sensitivity.,2026-08-25,ProPublica latest FY2025 filing table,SRC-990-EXT-CODE-FOR-SCIENCE-SOCIETY,214206.92099867546,0.0,26506.815781881516,214206.92099867546,240713.73678055697,,1.0644880037701905,A,True,False,True,True,True,True,True,True,1.0209555741827325
Independent Sector,52-1081024,previous_expansion,Tier A expanded primary,functional-only,84.0,Akilah Watkins,President & Chief Executive Officer,explicit CEO,2024-01-01,2024-12-31,2024.0,2025-08-22,202502349349301110,https://apps.irs.gov/pub/epostcard/990/xml/2025/202502349349301110_public.xml,https://projects.propublica.org/nonprofits/organizations/521081024,592680.0,0.0,72159.0,592680.0,664839.0,,9158417.0,7756205.0,34.0,yes,no,none,primary,,,2026-08-25,ProPublica latest 2024 filing table,SRC-990-EXT-INDEPENDENT-SECTOR,630900.7500745166,0.0,76812.38986405318,630900.7500745166,707713.1399385697,,1.0644880037701905,A,True,True,True,True,True,True,True,True,1.0209555741827325
Research!America,52-1609875,previous_expansion,Tier A expanded primary,functional-only,84.0,Mary Woolley,President & Chief Executive Officer,explicit CEO,2025-01-01,2025-12-31,2025.0,2026-05-11,202601319349302140,https://apps.irs.gov/pub/epostcard/990/xml/2026/202601319349302140_public.xml,https://projects.propublica.org/nonprofits/organizations/521609875,597619.0,0.0,55121.0,597619.0,652740.0,,8914085.0,9394184.0,41.0,yes,no,long_tenured,primary,,,2026-08-25,ProPublica latest 2025 filing table,SRC-990-EXT-RESEARCH-AMERICA,619848.0514935874,0.0,57171.28211515704,619848.0514935874,677019.3336087444,,1.0371960253833754,A,True,True,True,True,True,True,True,True,1.0209555741827325
Stimson Center,52-1640938,previous_expansion,Tier A expanded primary,functional-only,83.0,Brian Finlay,President & CEO,explicit CEO,2024-01-01,2024-12-31,2024.0,2025-11-12,202533169349304988,https://apps.irs.gov/pub/epostcard/990/xml/2025/202533169349304988_public.xml,https://projects.propublica.org/nonprofits/organizations/521640938,398606.0,0.0,42061.0,398606.0,440667.0,,14861548.0,13743006.0,103.0,yes,no,none,primary,,,2026-08-25,ProPublica latest 2024 filing table,SRC-990-EXT-STIMSON-CENTER,424311.30523082055,0.0,44773.429926577985,424311.30523082055,469084.73515739857,,1.0644880037701905,A,True,True,True,True,True,False,False,False,1.0088013411567476
PEAK Grantmaking,74-3158155,previous_expansion,Tier A expanded primary,functional-only,81.0,Satonya Fair,President and CEO,explicit CEO,2024-01-01,2024-12-31,2024.0,2025-05-01,202511219349301641,https://apps.irs.gov/pub/epostcard/990/xml/2025/202511219349301641_public.xml,https://projects.propublica.org/nonprofits/organizations/743158155,283209.0,0.0,31790.0,283209.0,314999.0,,5320383.0,7129646.0,23.0,yes,no,none,primary,,,2026-08-25,ProPublica latest 2024 filing table,SRC-990-EXT-PEAK-GRANTMAKING,301472.5830597519,0.0,33840.07363985436,301472.5830597519,335312.6566996063,,1.0644880037701905,A,True,True,True,True,True,True,True,True,0.9844928751047778
Public Knowledge,52-2336690,previous_expansion,Tier A expanded primary,EA-adjacent,81.0,Christopher J. Lewis,President/CEO,explicit CEO,2024-01-01,2024-12-31,2024.0,2025-11-10,202533149349301903,https://apps.irs.gov/pub/epostcard/990/xml/2025/202533149349301903_public.xml,https://projects.propublica.org/nonprofits/organizations/522336690,252001.0,0.0,16771.0,252001.0,268772.0,,2876810.0,3654052.0,22.0,yes,no,none,primary,,Below RP scale but strong tech-policy match.,2026-08-25,ProPublica latest 2024 filing table,SRC-990-EXT-PUBLIC-KNOWLEDGE,268252.0414380918,0.0,17852.528311229868,268252.0414380918,286104.5697493216,,1.0644880037701905,A,True,True,True,False,True,True,False,False,0.9844928751047778
VillageReach,91-2083484,previous_expansion,Tier A expanded primary,EA-adjacent,81.0,Emily Bancroft,President,top organization-wide executive,2023-10-01,2024-09-30,2023.0,2025-08-07,202512199349301336,https://apps.irs.gov/pub/epostcard/990/xml/2025/202512199349301336_public.xml,https://projects.propublica.org/nonprofits/organizations/912083484,228632.0,0.0,14623.0,228632.0,243255.0,,31514699.0,31767757.0,62.0,yes,no,delivery_hybrid,primary_with_structure_flag,,Global health delivery/technical-assistance hybrid; excluded in research-only sensitivity.,2026-08-25,ProPublica FY2024 filing table,SRC-990-EXT-VILLAGEREACH,250554.45836814656,0.0,16025.13141081479,250554.45836814656,266579.5897789614,,1.095885345744019,A,True,False,False,False,True,True,False,False,0.9844928751047778
Bulletin of the Atomic Scientists,36-2136497,previous_expansion,Tier A expanded primary,EA-adjacent,80.0,Alexandra Bell,CEO,explicit CEO,2024-07-01,2025-06-30,2024.0,2026-01-14,202610149349301801,https://apps.irs.gov/pub/epostcard/990/xml/2026/202610149349301801_public.xml,https://projects.propublica.org/nonprofits/organizations/362136497,210000.0,0.0,6300.0,210000.0,216300.0,,2782626.0,3533371.0,21.0,yes,no,publishing_research_hybrid,primary_with_structure_flag,,Knowledge/publication model; retained but excluded in research-operations-only sensitivity.,2026-08-25,ProPublica latest FY2025 filing table,SRC-990-EXT-BULLETIN-OF-THE-ATOMIC-SCIENTISTS,223542.48079174003,0.0,6706.2744237522,223542.48079174003,230248.75521549225,,1.0644880037701905,A,True,False,True,False,True,True,False,False,0.9723386420787928
Federation of American Scientists,23-7185827,previous_expansion,Tier A expanded primary,EA-adjacent,76.0,Daniel Correa,Chief Executive Officer,explicit CEO,2024-07-01,2025-06-30,2024.0,2026-04-03,202620939349300837,https://apps.irs.gov/pub/epostcard/990/xml/2026/202620939349300837_public.xml,https://projects.propublica.org/nonprofits/organizations/237185827,683472.0,0.0,96001.0,683472.0,779473.0,,35602788.0,36430648.0,116.0,yes,no,above_primary_scale,primary_with_structure_flag,,"Above RP core scale; Tier A frozen assignment retained, isolated in close-scale sensitivity.",2026-08-25,ProPublica latest FY2025 filing table,SRC-990-EXT-FEDERATION-OF-AMERICAN-SCIENTISTS,727547.7449128197,0.0,102191.91284994206,727547.7449128197,829739.6577627618,,1.0644880037701905,A,True,False,True,False,True,False,False,False,0.9237217099748533
Good Food Institute,81-0840578,previous_expansion,Tier A expanded primary,EA-adjacent,76.0,Ilya Sheyman,CEO,explicit CEO; founder/president also paid,2024-01-01,2024-12-31,2024.0,2025-11-14,202543189349301719,https://apps.irs.gov/pub/epostcard/990/xml/2025/202543189349301719_public.xml,https://projects.propublica.org/nonprofits/organizations/810840578,225925.0,0.0,22475.0,225925.0,248400.0,,28143912.0,35420353.0,132.0,yes,no,founder_president_plus_ceo,primary_with_structure_flag,,"CEO used; founder/president Bruce Friedrich separately received $230,799 plus $21,241. Excluded in solo-top-executive sensitivity.",2026-08-25,ProPublica latest 2024 filing table,SRC-990-EXT-GOOD-FOOD-INSTITUTE,240494.4522517803,0.0,23924.36788473503,240494.4522517803,264418.82013651537,,1.0644880037701905,A,True,False,True,False,True,False,False,False,0.9237217099748533
National Committee for Responsive Philanthropy,52-1072749,previous_expansion,Tier A expanded primary,functional-only,76.0,Aaron Dorfman,CEO,explicit CEO,2024-10-01,2025-09-30,2024.0,2026-02-13,202610449349300906,https://apps.irs.gov/pub/epostcard/990/xml/2026/202610449349300906_public.xml,https://projects.propublica.org/nonprofits/organizations/521072749,321240.0,0.0,52272.0,321240.0,373512.0,,3680502.0,4098025.0,27.0,yes,no,none,primary,,,2026-08-25,ProPublica latest FY2025 filing table,SRC-990-EXT-NATIONAL-COMMITTEE-FOR-RESPONSIVE-PHILANTHROPY,341956.12633113604,0.0,55642.916933075394,341956.12633113604,397599.04326421145,,1.0644880037701905,A,True,True,True,False,True,True,False,False,0.9237217099748533
Electronic Frontier Foundation,04-3091431,previous_expansion,Tier A expanded primary,EA-adjacent,79.0,Cindy Cohn,Executive Director,explicit ED,2024-07-01,2025-06-30,2024.0,2026-04-09,202610989349301676,https://apps.irs.gov/pub/epostcard/990/xml/2026/202610989349301676_public.xml,https://projects.propublica.org/nonprofits/organizations/43091431,352039.0,0.0,24127.0,352039.0,376166.0,,21592581.0,25771066.0,121.0,yes,no,legal_advocacy_hybrid,primary_with_structure_flag,,"Technology-policy and research relevance, but substantial litigation/advocacy function.",2026-08-25,ProPublica latest FY2025 filing table,SRC-990-EXT-ELECTRONIC-FRONTIER-FOUNDATION,374741.29235925415,0.0,25682.902066963386,374741.29235925415,400424.19442621747,,1.0644880037701905,A,True,False,True,False,True,False,False,False,0.960184409052808
Center for Effective Philanthropy,04-3523528,previous_expansion,Tier A expanded primary,functional-only,87.0,Phil Buchanan,President,top organization-wide executive,2025-01-01,2025-12-31,2025.0,2026-07-22,202602039349300145,https://apps.irs.gov/pub/epostcard/990/xml/2026/202602039349300145_public.xml,https://projects.propublica.org/nonprofits/organizations/43523528,636356.0,0.0,64664.0,636356.0,701020.0,,18084378.0,15868358.0,74.0,yes,no,none,primary,,"Latest filing filed before Aug. 17, 2026 cutoff.",2026-08-25,ProPublica latest 2025 filing table,SRC-990-EXT-CENTER-FOR-EFFECTIVE-PHILANTHROPY,660025.9139288632,0.0,67069.24378539059,660025.9139288632,727095.1577142539,,1.0371960253833754,A,True,True,True,True,True,True,True,True,1.0574182732606872
Grantmakers for Effective Organizations,01-0669150,previous_expansion,Tier A expanded primary,functional-only,86.0,Marcus Walton,President & CEO,explicit CEO,2024-01-01,2024-12-31,2024.0,2025-11-06,202503109349303655,https://apps.irs.gov/pub/epostcard/990/xml/2025/202503109349303655_public.xml,https://projects.propublica.org/nonprofits/organizations/10669150,370900.0,0.0,12006.0,370900.0,382906.0,,10014322.0,7553004.0,28.0,yes,no,none,primary,,,2026-08-25,ProPublica latest 2024 filing table,SRC-990-EXT-GRANTMAKERS-FOR-EFFECTIVE-ORGANIZATIONS,394818.6005983637,0.0,12780.242973264907,394818.6005983637,407598.8435716286,,1.0644880037701905,A,True,True,True,True,True,True,True,True,1.0452640402347024
Precision Development,81-0779400,previous_expansion,Tier A expanded primary,EA-adjacent,76.0,Owen Barder,Chief Executive Officer,explicit CEO; latest filing excluded due March 2024 departure,2023-01-01,2023-12-31,2023.0,2024-11-14,202433199349302193,https://apps.irs.gov/pub/epostcard/990/xml/2024/202433199349302193_public.xml,https://projects.propublica.org/nonprofits/organizations/810779400,224927.0,0.0,22600.0,224927.0,247527.0,,6178835.0,5234047.0,12.0,yes,no,older_clean_due_transition,primary_older_clean,,2024 filing showed CEO until March 2024; prior full-year observation used without annualization.,2026-08-25,ProPublica filing-derived table; official IRS object ID identified from XML link,SRC-990-EXT-PRECISION-DEVELOPMENT,246494.20316216498,0.0,24767.00881381483,246494.20316216498,271261.2119759798,,1.095885345744019,A,True,True,False,True,True,False,False,False,0.9237217099748533
Results for Development,20-8530747,previous_expansion,Tier A expanded primary,EA-adjacent,76.0,Gina Lagomarsino,President & CEO,explicit CEO,2024-01-01,2024-12-31,2024.0,2025-09-30,202512739349302306,https://apps.irs.gov/pub/epostcard/990/xml/2025/202512739349302306_public.xml,https://projects.propublica.org/nonprofits/organizations/208530747,384084.0,0.0,13800.0,384084.0,397884.0,,49137699.0,48542325.0,140.0,yes,no,above_primary_scale,primary_with_structure_flag,,Above RP core scale; retained in broad and wider-scale sensitivities.,2026-08-25,ProPublica filing-derived table; official IRS object ID identified from XML link,SRC-990-EXT-RESULTS-FOR-DEVELOPMENT,408852.8104400699,0.0,14689.93445202863,408852.8104400699,423542.74489209853,,1.0644880037701905,A,True,False,True,False,True,False,False,False,0.9237217099748533
Last Mile Health,26-1401736,previous_expansion,Tier B weighted secondary,EA-adjacent,78.0,Lisha McCormick,Chief Executive Officer,explicit CEO,2024-07-01,2025-06-30,2024.0,2026-05-15,202631359349305343,https://apps.irs.gov/pub/epostcard/990/xml/2026/202631359349305343_public.xml,https://projects.propublica.org/nonprofits/organizations/261401736,249008.0,0.0,7164.0,249008.0,256172.0,,21567118.0,26962344.0,55.0,yes,no,delivery_hybrid,primary_with_structure_flag,,Global health delivery and systems-strengthening hybrid; retained outside research-only sensitivity.,2026-08-25,ProPublica filing-derived table; official IRS object ID identified from XML link,SRC-990-EXT-LAST-MILE-HEALTH,265066.02884280763,0.0,7625.992059009645,265066.02884280763,272692.02090181725,,1.0644880037701905,B,True,False,True,False,True,True,False,False,0.948030176026823
StrongMinds,46-2090059,previous_expansion,Tier B weighted secondary,EA-adjacent,78.0,Sean Mayberry,Chief Executive Officer,explicit CEO,2024-01-01,2024-12-31,2024.0,2025-06-20,202511719349300036,https://apps.irs.gov/pub/epostcard/990/xml/2025/202511719349300036_public.xml,https://projects.propublica.org/nonprofits/organizations/462090059,240015.0,0.0,7453.0,240015.0,247468.0,,9289461.0,9651790.0,25.0,yes,yes,delivery_hybrid,primary_with_structure_flag,,Evidence-based direct-service model; retained in broad functional sensitivity.,2026-08-25,ProPublica filing-derived table; official IRS object ID identified from XML link,SRC-990-EXT-STRONGMINDS,255493.08822490228,0.0,7933.62909209923,255493.08822490228,263426.7173170015,,1.0644880037701905,B,True,False,True,True,True,True,True,True,0.948030176026823
Animal Legal Defense Fund,94-2681680,previous_expansion,Tier B weighted secondary,EA-adjacent,75.0,Chris Green,Executive Director,explicit ED,2024-07-01,2025-06-30,2024.0,2026-05-04,202631249349301878,https://apps.irs.gov/pub/epostcard/990/xml/2026/202631249349301878_public.xml,https://projects.propublica.org/nonprofits/organizations/942681680,287102.0,0.0,29811.0,287102.0,316913.0,,19716926.0,17525202.0,109.0,yes,no,legal_advocacy_hybrid,primary_with_structure_flag,,Legal advocacy/litigation is a material operating-model difference.,2026-08-25,ProPublica filing-derived table; official IRS object ID identified from XML link,SRC-990-EXT-ANIMAL-LEGAL-DEFENSE-FUND,305616.63485842926,0.0,31733.45188039315,305616.63485842926,337350.0867388224,,1.0644880037701905,B,True,False,True,True,True,False,False,False,0.9115674769488683
Exponent Philanthropy,65-0617866,previous_expansion,Tier B weighted secondary,functional-only,74.0,Paul Daugherty,Chief Executive Officer,explicit CEO,2025-01-01,2025-12-31,2025.0,2026-06-18,202621699349300132,https://apps.irs.gov/pub/epostcard/990/xml/2026/202621699349300132_public.xml,https://projects.propublica.org/nonprofits/organizations/650617866,297424.0,0.0,53300.0,297424.0,350724.0,,3267087.0,3343665.0,19.0,yes,no,below_primary_scale,primary,,Below RP core scale but comparable national philanthropy-field infrastructure role.,2026-08-25,ProPublica filing-derived table; official IRS object ID identified from XML link,SRC-990-EXT-EXPONENT-PHILANTHROPY,308486.99065362505,0.0,55282.5481529339,308486.99065362505,363769.53880655894,,1.0371960253833754,B,True,True,True,False,True,True,False,False,0.8994132439228835
Living Goods,20-5010527,previous_expansion,Tier B weighted secondary,EA-adjacent,73.0,Elizabeth Ann Jarman,CEO/Officer,explicit CEO; 2024 filing excluded due CEO transition,2023-01-01,2023-12-31,2023.0,2024-11-14,202433199349307518,https://apps.irs.gov/pub/epostcard/990/xml/2024/202433199349307518_public.xml,https://projects.propublica.org/nonprofits/organizations/205010527,247500.0,0.0,0.0,247500.0,247500.0,,17489687.0,23722146.0,17.0,yes,no,delivery_hybrid_older_clean,primary_with_structure_flag,,2024 had CEOs through September/from October; prior full-year observation used. Global health delivery hybrid.,2026-08-25,ProPublica filing-derived table; official IRS object ID identified from XML link,SRC-990-EXT-LIVING-GOODS,271231.6230716447,0.0,0.0,271231.6230716447,271231.6230716447,,1.095885345744019,B,True,False,False,False,True,True,False,False,0.8872590108968985
The Humane League,04-3817491,previous_expansion,Tier B weighted secondary,EA-adjacent,73.0,Victoria Bond,President,top organization-wide executive; later filing has interim leadership,2024-01-01,2024-12-31,2024.0,2025-09-05,202512489349301801,https://apps.irs.gov/pub/epostcard/990/xml/2025/202512489349301801_public.xml,https://projects.propublica.org/nonprofits/organizations/043817491,223031.0,0.0,23029.0,223031.0,246060.0,,27934789.0,19963588.0,112.0,yes,no,campaign_advocacy_model,primary_with_structure_flag,,Used 2024 because 2025 filing reflected interim president/executive leadership.,2026-08-25,ProPublica filing-derived table; official IRS object ID identified from XML link,SRC-990-EXT-THE-HUMANE-LEAGUE,237413.82396886937,0.0,24514.09423882372,237413.82396886937,261927.9182076931,,1.0644880037701905,B,True,False,True,True,True,False,False,False,0.8872590108968985
Mercy For Animals,54-2076145,previous_expansion,Tier B weighted secondary,EA-adjacent,72.0,Leah Garces,Chief Executive Officer,explicit CEO,2024-01-01,2024-12-31,2024.0,2025-08-13,202502259349301135,https://apps.irs.gov/pub/epostcard/990/xml/2025/202502259349301135_public.xml,https://projects.propublica.org/nonprofits/organizations/542076145,195079.0,0.0,7282.0,195079.0,202361.0,,23344663.0,23908480.0,133.0,yes,no,campaign_advocacy_model,primary_with_structure_flag,,"Animal advocacy/campaign model; included in broad topical sensitivity, not research-only view.",2026-08-25,ProPublica filing-derived table; official IRS object ID identified from XML link,SRC-990-EXT-MERCY-FOR-ANIMALS,207659.255287485,0.0,7751.601643454528,207659.255287485,215410.85693093954,,1.0644880037701905,B,True,False,True,False,True,False,False,False,0.8751047778709136
Village Enterprise,22-2852248,previous_expansion,Tier B weighted secondary,EA-adjacent,72.0,Dianne Calvi,CEO,explicit CEO,2024-07-01,2025-06-30,2024.0,2026-05-15,202631359349301128,https://apps.irs.gov/pub/epostcard/990/xml/2026/202631359349301128_public.xml,https://projects.propublica.org/nonprofits/organizations/222852248,273863.0,0.0,28496.0,273863.0,302359.0,,21517758.0,20984394.0,19.0,yes,no,delivery_hybrid,primary_with_structure_flag,,Development delivery and evidence hybrid; retained outside research-only sensitivity.,2026-08-25,ProPublica filing-derived table; official IRS object ID identified from XML link,SRC-990-EXT-VILLAGE-ENTERPRISE,291523.8781765157,0.0,30333.65015543535,291523.8781765157,321857.52833195106,,1.0644880037701905,B,True,False,True,False,True,True,False,False,0.8751047778709136
Farm Sanctuary,51-0292919,previous_expansion,Tier B weighted secondary,EA-adjacent,71.0,Ellen O'Connell,CEO,explicit CEO; latest filing excluded due October 2024 transition,2023-01-01,2023-12-31,2023.0,2024-09-25,202422699349301652,https://apps.irs.gov/pub/epostcard/990/xml/2024/202422699349301652_public.xml,https://projects.propublica.org/nonprofits/organizations/510292919,203786.0,0.0,12709.0,203786.0,216495.0,,14525588.0,15586548.0,126.0,yes,no,sanctuary_delivery_older_clean,primary_with_structure_flag,,Used prior full year because 2024 filing showed CEO transition; substantial sanctuary operations.,2026-08-25,ProPublica filing-derived table; official IRS object ID identified from XML link,SRC-990-EXT-FARM-SANCTUARY,223326.0910677907,0.0,13927.606859060737,223326.0910677907,237253.6979268514,,1.095885345744019,B,True,False,False,True,True,False,False,False,0.8629505448449287
New Roots Institute,82-4594246,previous_expansion,Tier B weighted secondary,EA-adjacent,71.0,Monica Chen,Executive Director,explicit ED,2024-07-01,2025-06-30,2024.0,2025-12-17,202523519349301637,https://apps.irs.gov/pub/epostcard/990/xml/2025/202523519349301637_public.xml,https://projects.propublica.org/nonprofits/organizations/824594246,88945.0,0.0,6387.0,88945.0,95332.0,,3509009.0,2260435.0,36.0,yes,no,below_primary_scale,primary,,Below RP expense scale but strong animal-food-systems research/education match.,2026-08-25,ProPublica filing-derived table; official IRS object ID identified from XML link,SRC-990-EXT-NEW-ROOTS-INSTITUTE,94680.88549533961,0.0,6798.884880080207,94680.88549533961,101479.77037541982,,1.0644880037701905,B,True,True,True,False,True,True,False,False,0.8629505448449287
Innovations for Poverty Action,06-1660068,previous_expansion,Tier B weighted secondary,EA-adjacent,70.0,Annie Duflo,Executive Director,explicit ED,2024-01-01,2024-12-31,2024.0,2025-11-12,202513169349300641,https://apps.irs.gov/pub/epostcard/990/xml/2025/202513169349300641_public.xml,https://projects.propublica.org/nonprofits/organizations/061660068,249217.0,0.0,66190.0,249217.0,315407.0,,52795464.0,57894421.0,110.0,yes,no,above_primary_scale,primary_with_structure_flag,,Excellent research/evaluation match but materially above RP core scale.,2026-08-25,ProPublica filing-derived table; official IRS object ID identified from XML link,SRC-990-EXT-INNOVATIONS-FOR-POVERTY-ACTION,265288.5068355956,0.0,70458.46096954892,265288.5068355956,335746.9678051445,,1.0644880037701905,B,True,False,True,False,True,False,False,False,0.8507963118189438
Evidence Action,90-0874591,previous_expansion,Tier B weighted secondary,EA-adjacent,69.0,Kanika Bahl,Chief Executive Officer,explicit CEO,2024-01-01,2024-12-31,2024.0,2025-10-09,202512829349302256,https://apps.irs.gov/pub/epostcard/990/xml/2025/202512829349302256_public.xml,https://projects.propublica.org/nonprofits/organizations/900874591,385764.0,0.0,45901.0,385764.0,431665.0,,36213681.0,45139532.0,98.0,yes,no,above_scale_delivery_hybrid,primary_with_structure_flag,,EA-adjacent evidence-based delivery organization; materially above RP core scale.,2026-08-25,ProPublica filing-derived table; official IRS object ID identified from XML link,SRC-990-EXT-EVIDENCE-ACTION,410641.1502864038,0.0,48861.06386105552,410641.1502864038,459502.2141474593,,1.0644880037701905,B,True,False,True,False,True,True,False,False,0.8386420787929588
Redwood Research,87-1702255,previous_expansion,Tier B weighted secondary,EA-adjacent,66.0,Michael Shlegeris,"CEO, Director",explicit CEO,2024-01-01,2024-12-31,2024.0,2025-11-15,202503199349302920,https://apps.irs.gov/pub/epostcard/990/xml/2025/202503199349302920_public.xml,https://projects.propublica.org/nonprofits/organizations/871702255,272164.0,0.0,11301.0,272164.0,283465.0,,22060.0,2922498.0,6.0,yes,no,below_scale_revenue_anomaly,primary,,EA-adjacent AI research peer; expenses below RP scale and 2024 revenue reflects use of prior reserves.,2026-08-25,ProPublica filing-derived table; official IRS object ID identified from XML link,SRC-990-EXT-REDWOOD-RESEARCH,289715.3130581101,0.0,12029.778930606923,289715.3130581101,301745.0919887171,,1.0644880037701905,B,True,True,True,False,True,False,False,False,0.8021793797150041
Guttmacher Institute,13-2890727,previous_expansion,Tier B weighted secondary,functional-only,68.0,Herminia Palacio,President & CEO,explicit CEO; later filings had transition/acting CEOs,2022-01-01,2022-12-31,2022.0,2023-07-17,202341989349301459,https://apps.irs.gov/pub/epostcard/990/xml/2023/202341989349301459_public.xml,https://projects.propublica.org/nonprofits/organizations/132890727,371060.0,0.0,48391.0,371060.0,419451.0,,32979466.0,27769947.0,145.0,yes,no,older_clean_due_transition,primary_older_clean,,Latest clean full-year CEO observation is 2022; shown separately in recency sensitivity.,2026-08-25,ProPublica filing-derived table; official IRS object ID identified from XML link,SRC-990-EXT-GUTTMACHER-INSTITUTE,423377.7419828809,0.0,55213.90694845467,423377.7419828809,478591.6489313356,,1.1409953699748852,B,True,True,False,False,True,False,False,False,0.826487845766974
Economic Policy Institute,52-1368964,extension2,Tier A expanded primary,functional-only,86.0,Heidi Shierholz,President,President is organization-wide top executive,2024-01-01,2024-12-31,2024.0,2025-09-03,202542469349301614,https://apps.irs.gov/pub/epostcard/990/xml/2025/202542469349301614_public.xml,https://projects.propublica.org/nonprofits/organizations/521368964,239242.0,0.0,36671.0,239242.0,275913.0,,11927401.0,13581055.0,,yes,no,none,primary,,National economic research and policy institute; close expense scale. Latest filing filed before cutoff.,2026-08-25,ProPublica filing-derived table lines 21-90; IRS object ID from XML link,SRC-990-EXT-ECONOMIC-POLICY-INSTITUTE,254670.23899798794,0.0,39035.83958625666,254670.23899798794,293706.0785842446,,1.0644880037701905,A,True,True,True,True,False,False,True,False,1.0452640402347024
Tax Foundation,52-1703065,extension2,Tier A expanded primary,functional-only,88.0,Daniel Bunn,President & CEO and Board Secretary,explicit President & CEO,2025-01-01,2025-12-31,2025.0,2026-07-14,202631959349301758,https://apps.irs.gov/pub/epostcard/990/xml/2026/202631959349301758_public.xml,https://projects.propublica.org/nonprofits/organizations/521703065,362681.0,0.0,45865.0,362681.0,408546.0,,7746689.0,9094340.0,,yes,no,none,primary,,National tax-policy research institute; excellent core-expense match. 2025 filing was filed before cutoff.,2026-08-25,ProPublica filing-derived table lines 21-89; IRS object ID from XML link,SRC-990-EXT-TAX-FOUNDATION,376171.29168206797,0.0,47570.995704208515,376171.29168206797,423742.2873862765,,1.0371960253833754,A,True,True,True,True,False,False,True,False,1.069572506286672
Institute on Taxation and Economic Policy,04-2688165,extension2,Tier A expanded primary,functional-only,84.0,Amy Hanauer,Executive Director,explicit organization-wide Executive Director,2025-01-01,2025-12-31,2025.0,2026-06-04,202611559349300546,https://apps.irs.gov/pub/epostcard/990/xml/2026/202611559349300546_public.xml,https://projects.propublica.org/nonprofits/organizations/042688165,219286.0,0.0,87929.0,219286.0,307215.0,,8490036.0,4822380.0,,yes,no,lower_edge_expense,primary,,National tax-policy research organization; expenses at lower edge of primary scale.,2026-08-25,ProPublica filing-derived table lines 21-89; IRS object ID from XML link,SRC-990-EXT-INSTITUTE-ON-TAXATION-AND-ECONOMIC-POLICY,227442.56762221886,0.0,91199.60931593481,227442.56762221886,318642.1769381537,,1.0371960253833754,A,True,True,True,False,False,False,False,False,1.0209555741827325
Roosevelt Institute,23-7213592,extension2,Tier A expanded primary,functional-only,84.0,Felicia Wong,President & CEO,explicit President & CEO,2024-01-01,2024-12-31,2024.0,2025-09-30,202532729349301978,https://apps.irs.gov/pub/epostcard/990/xml/2025/202532729349301978_public.xml,https://projects.propublica.org/nonprofits/organizations/237213592,515721.0,0.0,51141.0,515721.0,566862.0,,22836897.0,14132654.0,,yes,no,none,primary,,National economic policy research institute with close expense scale.,2026-08-25,ProPublica filing-derived table lines 21-90; IRS object ID from XML link,SRC-990-EXT-ROOSEVELT-INSTITUTE,548978.8177923664,0.0,54438.98100081132,548978.8177923664,603417.7987931778,,1.0644880037701905,A,True,True,True,True,False,False,True,False,1.0209555741827325
Bipartisan Policy Center,73-1628382,extension2,Tier B weighted secondary,functional-only,75.0,Margaret Spellings,President & CEO,explicit President & CEO,2024-01-01,2024-12-31,2024.0,2025-11-06,202513109349302561,https://apps.irs.gov/pub/epostcard/990/xml/2025/202513109349302561_public.xml,https://projects.propublica.org/nonprofits/organizations/731628382,781500.0,195375.0,46194.0,976875.0,1023069.0,,37835818.0,35378989.0,,yes,no,above_scale_related_org_pay,primary_with_structure_flag,,Strong policy-research function but above RP scale; CEO compensation includes related-organization amount.,2026-08-25,ProPublica filing-derived table lines 28-104; IRS object ID from XML link,SRC-990-EXT-BIPARTISAN-POLICY-CENTER,831897.3749464039,207974.34373660097,49172.95884616018,1039871.718683005,1089044.677529165,,1.0644880037701905,B,True,False,True,False,False,False,False,False,0.9115674769488683
Third Way Institute,26-0535276,extension2,Tier B weighted secondary,functional-only,76.0,Jonathan Cowan,President,President is organization-wide top executive,2024-01-01,2024-12-31,2024.0,2025-11-11,202543159349301669,https://apps.irs.gov/pub/epostcard/990/xml/2025/202543159349301669_public.xml,https://projects.propublica.org/nonprofits/organizations/260535276,0.0,413118.0,41470.0,413118.0,454588.0,,19278889.0,22331511.0,,yes,no,all_cash_from_related_org,primary_with_structure_flag,,"Policy research institute; top executive cash is entirely reported by a related organization, kept as a labeled structural sensitivity.",2026-08-25,ProPublica filing-derived table lines 21-89; IRS object ID from XML link,SRC-990-EXT-THIRD-WAY-INSTITUTE,0.0,439759.1551415336,44144.31751634981,439759.1551415336,483903.4726578834,,1.0644880037701905,B,True,False,True,False,False,False,False,False,0.9237217099748533
New America,52-2096845,extension2,Tier B weighted secondary,functional-only,77.0,Anne-Marie Slaughter,CEO,explicit CEO,2024-01-01,2024-12-31,2024.0,2025-11-06,202513109349304131,https://apps.irs.gov/pub/epostcard/990/xml/2025/202513109349304131_public.xml,https://projects.propublica.org/nonprofits/organizations/522096845,570709.0,0.0,39151.0,570709.0,609860.0,,37233867.0,41339553.0,,yes,no,above_primary_scale,primary_with_structure_flag,,Large national policy research organization; included only in wider-scale sensitivity.,2026-08-25,ProPublica filing-derived table lines 26-100; IRS object ID from XML link,SRC-990-EXT-NEW-AMERICA,607512.8841436817,0.0,41675.769835606734,607512.8841436817,649188.6539792884,,1.0644880037701905,B,True,False,True,False,False,False,False,False,0.9358759430008382
FrameWorks Institute,71-0891642,extension2,Tier A expanded primary,functional-only,92.0,Nathaniel Kendall-Taylor,Chief Executive Officer,explicit CEO,2024-07-01,2025-06-30,2024.0,2026-05-18,202641389349300439,https://apps.irs.gov/pub/epostcard/990/xml/2026/202641389349300439_public.xml,https://projects.propublica.org/nonprofits/organizations/710891642,426832.0,0.0,61329.0,426832.0,488161.0,,5952829.0,10039139.0,,yes,no,none,primary,,Exceptionally close social-science research/advisory and operating-scale match.,2026-08-25,ProPublica filing-derived table lines 21-90; IRS object ID from XML link,SRC-990-EXT-FRAMEWORKS-INSTITUTE,454357.54362523794,0.0,65283.98478322202,454357.54362523794,519641.52840846,,1.0644880037701905,A,True,True,True,True,False,False,True,False,1.118189438390612
Data Quality Campaign,27-4566795,extension2,Tier A expanded primary,functional-only,86.0,Jennifer Bell-Ellwanger,CEO/President,explicit CEO/President,2024-07-01,2025-06-30,2024.0,2026-05-13,202621339349304737,https://apps.irs.gov/pub/epostcard/990/xml/2026/202621339349304737_public.xml,https://projects.propublica.org/nonprofits/organizations/274566795,411509.0,0.0,46847.0,411509.0,458356.0,,3867847.0,6466981.0,,yes,no,none,primary,,National data-policy research and field-building organization; close operating scale.,2026-08-25,ProPublica filing-derived table lines 21-89; IRS object ID from XML link,SRC-990-EXT-DATA-QUALITY-CAMPAIGN,438046.39394346735,0.0,49868.06951262212,438046.39394346735,487914.46345608943,,1.0644880037701905,A,True,True,True,True,False,False,True,False,1.0452640402347024
Public Agenda,13-2847587,extension2,Tier A expanded primary,functional-only,84.0,Andrew Seligsohn,President,President is organization-wide top executive,2024-07-01,2025-06-30,2024.0,2026-04-12,202631029349300503,https://apps.irs.gov/pub/epostcard/990/xml/2026/202631029349300503_public.xml,https://projects.propublica.org/nonprofits/organizations/132847587,255662.0,0.0,31061.0,255662.0,286723.0,,3699693.0,3449526.0,,yes,no,lower_edge_expense,primary,,Public-opinion research and engagement organization; expenses below but near wider RP scale.,2026-08-25,ProPublica filing-derived table lines 20-89; IRS object ID from XML link,SRC-990-EXT-PUBLIC-AGENDA,272149.1320198945,0.0,33064.06188510589,272149.1320198945,305213.19390500034,,1.0644880037701905,A,True,True,True,False,False,False,False,False,1.0209555741827325
National Employment Law Project,13-2758558,extension2,Tier A expanded primary,functional-only,83.0,Rebecca Dixon,President & CEO,explicit President & CEO,2024-01-01,2024-12-31,2024.0,2025-11-04,202523089349302957,https://apps.irs.gov/pub/epostcard/990/xml/2025/202523089349302957_public.xml,https://projects.propublica.org/nonprofits/organizations/132758558,346615.0,0.0,79051.0,346615.0,425666.0,,6874119.0,13263163.0,,yes,no,policy_plus_advocacy,primary,,Research and policy organization with advocacy/legal work; close scale.,2026-08-25,ProPublica filing-derived table lines 20-88; IRS object ID from XML link,SRC-990-EXT-NATIONAL-EMPLOYMENT-LAW-PROJECT,368967.5094268046,0.0,84148.84118603733,368967.5094268046,453116.35061284195,,1.0644880037701905,A,True,True,True,True,False,False,True,False,1.0088013411567476
The Sentencing Project,52-1472546,extension2,Tier A expanded primary,functional-only,83.0,Kara Gotsch,Executive Director,explicit Executive Director,2024-01-01,2024-12-31,2024.0,2025-10-09,202522829349301367,https://apps.irs.gov/pub/epostcard/990/xml/2025/202522829349301367_public.xml,https://projects.propublica.org/nonprofits/organizations/521472546,195000.0,0.0,26207.0,195000.0,221207.0,,8346667.0,5599399.0,,yes,no,none,primary,,Justice policy research and advocacy; close scale and clean organization-wide ED.,2026-08-25,ProPublica filing-derived table lines 20-88; IRS object ID from XML link,SRC-990-EXT-THE-SENTENCING-PROJECT,207575.16073518715,0.0,27897.037114805385,207575.16073518715,235472.19784999258,,1.0644880037701905,A,True,True,True,True,False,False,True,False,1.0088013411567476
Open Markets Institute,82-2529375,extension2,Tier B weighted secondary,functional-only,78.0,Barry Lynn,Executive Director,explicit Executive Director,2024-01-01,2024-12-31,2024.0,2025-11-16,202533209349300548,https://apps.irs.gov/pub/epostcard/990/xml/2025/202533209349300548_public.xml,https://projects.propublica.org/nonprofits/organizations/822529375,184842.0,0.0,34111.0,184842.0,218953.0,,2871589.0,3918043.0,,yes,no,lower_edge_expense,primary,,Competition-policy research institute; slightly below core scale.,2026-08-25,ProPublica filing-derived table lines 21-90; IRS object ID from XML link,SRC-990-EXT-OPEN-MARKETS-INSTITUTE,196762.09159288957,0.0,36310.75029660497,196762.09159288957,233072.84188949454,,1.0644880037701905,B,True,True,True,False,False,False,False,False,0.948030176026823
Committee for a Responsible Federal Budget,52-1231278,extension2,Tier A expanded primary,functional-only,87.0,Maya MacGuineas,President,President is organization-wide top executive,2025-01-01,2025-12-31,2025.0,2026-07-13,202611949349301721,https://apps.irs.gov/pub/epostcard/990/xml/2026/202611949349301721_public.xml,https://projects.propublica.org/nonprofits/organizations/521231278,612079.0,0.0,60152.0,612079.0,672231.0,,10368338.0,6703049.0,,yes,no,none,primary,,National fiscal-policy research institute; close scale and 2025 filing available before cutoff.,2026-08-25,ProPublica filing-derived table lines 21-90; IRS object ID from XML link,SRC-990-EXT-COMMITTEE-FOR-A-RESPONSIBLE-FEDERAL-BUDGET,634845.9060206311,0.0,62389.4153188608,634845.9060206311,697235.3213394918,,1.0371960253833754,A,True,True,True,True,False,False,True,False,1.0574182732606872
Chicago Council on Global Affairs,36-2181969,extension2,Tier A expanded primary,functional-only,84.0,Ivo Daalder,President,President is organization-wide top executive,2024-01-01,2024-12-31,2024.0,2025-11-13,202543179349309229,https://apps.irs.gov/pub/epostcard/990/xml/2025/202543179349309229_public.xml,https://projects.propublica.org/nonprofits/organizations/362181969,482447.0,0.0,32475.0,482447.0,514922.0,,7715407.0,11944089.0,,yes,no,membership_and_events_mix,primary,,"Research, surveys, and policy organization with some membership/events activity; close scale.",2026-08-25,ProPublica filing-derived table lines 21-90; IRS object ID from XML link,SRC-990-EXT-CHICAGO-COUNCIL-ON-GLOBAL-AFFAIRS,513559.0439549172,0.0,34569.24792243694,513559.0439549172,548128.291877354,,1.0644880037701905,A,True,True,True,True,False,False,True,False,1.0209555741827325
American Immigration Council,52-1549711,extension2,Tier A expanded primary,functional-only,81.0,Jeremy Robbins,Executive Director,explicit Executive Director,2024-01-01,2024-12-31,2024.0,2025-10-24,202542979349301509,https://apps.irs.gov/pub/epostcard/990/xml/2025/202542979349301509_public.xml,https://projects.propublica.org/nonprofits/organizations/521549711,327947.0,0.0,9912.0,327947.0,337859.0,,11940088.0,12429698.0,,yes,no,research_plus_legal_programs,primary,,Policy research plus legal/cultural-exchange programs; included with operating-model flag.,2026-08-25,ProPublica filing-derived table lines 20-94; IRS object ID from XML link,SRC-990-EXT-AMERICAN-IMMIGRATION-COUNCIL,349095.6473724227,0.0,10551.205093370128,349095.6473724227,359646.85246579285,,1.0644880037701905,A,True,True,True,True,False,False,True,False,0.9844928751047778
Institute for Policy Studies,52-0788947,extension2,Tier A expanded primary,functional-only,84.0,Tope Folarin,Executive Director,explicit Executive Director,2024-01-01,2024-12-31,2024.0,2025-11-17,202513219349302816,https://apps.irs.gov/pub/epostcard/990/xml/2025/202513219349302816_public.xml,https://projects.propublica.org/nonprofits/organizations/520788947,161376.0,0.0,27313.0,161376.0,188689.0,,5650996.0,5230308.0,,yes,no,none,primary,,Policy research institute with close expense scale.,2026-08-25,ProPublica filing-derived table lines 21-89; IRS object ID from XML link,SRC-990-EXT-INSTITUTE-FOR-POLICY-STUDIES,171782.81609641828,0.0,29074.360846975218,171782.81609641828,200857.1769433935,,1.0644880037701905,A,True,True,True,True,False,False,True,False,1.0209555741827325
Institute for Security and Technology,47-5677755,extension2,Tier B weighted secondary,EA-adjacent,86.0,Philip Reiner,CEO,explicit CEO,2024-01-01,2024-12-31,2024.0,2025-11-17,202523219349310552,https://apps.irs.gov/pub/epostcard/990/xml/2025/202523219349310552_public.xml,https://projects.propublica.org/nonprofits/organizations/475677755,324624.0,0.0,41801.0,324624.0,366425.0,,3587978.0,4436894.0,,yes,no,lower_edge_scale,primary,,Technology and security policy research/implementation organization; expenses near the lower edge of the expanded band.,2026-08-25,ProPublica filing-derived table lines 21-90; IRS object ID from XML link,SRC-990-EXT-INSTITUTE-FOR-SECURITY-AND-TECHNOLOGY,345558.3537358944,0.0,44496.663045597736,345558.3537358944,390055.0167814921,,1.0644880037701905,B,True,True,True,False,False,False,False,False,1.0452640402347024
Quincy Institute for Responsible Statecraft,84-2285143,extension2,Tier A expanded primary,EA-adjacent,91.0,Lora Lumpe,Chief Executive Officer,explicit CEO,2024-01-01,2024-12-31,2024.0,2025-11-12,202523169349300137,https://apps.irs.gov/pub/epostcard/990/xml/2025/202523169349300137_public.xml,https://projects.propublica.org/nonprofits/organizations/842285143,287373.0,0.0,52655.0,287373.0,340028.0,,5498898.0,7389743.0,,yes,no,none,primary,,National foreign-policy research institute with close expense scale and explicit solo CEO.,2026-08-25,ProPublica filing-derived table lines 21-89; IRS object ID from XML link,SRC-990-EXT-QUINCY-INSTITUTE-FOR-RESPONSIBLE-STATECRAFT,305905.11110745097,0.0,56050.615838519385,305905.11110745097,361955.7269459703,,1.0644880037701905,A,True,True,True,True,False,False,True,False,1.106035205364627
Center for a New American Security,20-8084828,extension2,Tier A expanded primary,EA-adjacent,86.0,Richard Fontaine,CEO,explicit CEO,2023-10-01,2024-09-30,2023.0,2025-08-20,202542329349300819,https://apps.irs.gov/pub/epostcard/990/xml/2025/202542329349300819_public.xml,https://projects.propublica.org/nonprofits/organizations/208084828,777325.0,0.0,0.0,777325.0,777325.0,,14063810.0,13803095.0,,yes,no,none,primary,,National-security and technology-policy research institute; compensation calendar year 2023 because the fiscal year ended September 2024.,2026-08-25,ProPublica filing-derived table lines 25-94; IRS object ID from XML link,SRC-990-EXT-CENTER-FOR-A-NEW-AMERICAN-SECURITY,851859.0763804696,0.0,0.0,851859.0763804696,851859.0763804696,,1.095885345744019,A,True,True,False,True,False,False,True,False,1.0452640402347024
Information Technology and Innovation Foundation,20-4403497,extension2,Tier A expanded primary,EA-adjacent,90.0,Robert Atkinson,President,President is organization-wide top executive,2024-03-01,2025-02-28,2024.0,2026-01-15,202630159349300603,https://apps.irs.gov/pub/epostcard/990/xml/2026/202630159349300603_public.xml,https://projects.propublica.org/nonprofits/organizations/204403497,606902.0,0.0,41857.0,606902.0,648759.0,,5804772.0,6925232.0,,yes,no,none,primary,,Technology-policy research institute with close core scale; fiscal-year filing reports calendar-year 2024 compensation.,2026-08-25,ProPublica filing-derived table lines 21-89; IRS object ID from XML link,SRC-990-EXT-INFORMATION-TECHNOLOGY-AND-INNOVATION-FOUNDATION,646039.8984641363,0.0,44556.27437380887,646039.8984641363,690596.172837945,,1.0644880037701905,A,True,True,True,True,False,False,True,False,1.093880972338642
Climate Central,26-1797336,extension2,Tier A expanded primary,EA-adjacent,91.0,Benjamin Strauss,CEO & Chief Scientist,explicit CEO,2025-01-01,2025-12-31,2025.0,2026-06-25,202631769349300823,https://apps.irs.gov/pub/epostcard/990/xml/2026/202631769349300823_public.xml,https://projects.propublica.org/nonprofits/organizations/261797336,309795.0,0.0,82196.0,309795.0,391991.0,,22272608.0,11535677.0,,yes,no,none,primary,,Science research and communication organization with close expense scale and explicit CEO.,2026-08-25,ProPublica filing-derived table lines 21-90; IRS object ID from XML link,SRC-990-EXT-CLIMATE-CENTRAL,321318.1426836428,0.0,85253.36450241192,321318.1426836428,406571.5071860547,,1.0371960253833754,A,True,True,True,True,False,False,True,False,1.106035205364627
Breakthrough Institute,81-4526660,extension2,Tier A expanded primary,EA-adjacent,88.0,Ronald Nordhaus,Executive Director,explicit Executive Director,2025-01-01,2025-12-31,2025.0,2026-05-27,202631469349301333,https://apps.irs.gov/pub/epostcard/990/xml/2026/202631469349301333_public.xml,https://projects.propublica.org/nonprofits/organizations/814526660,320000.0,0.0,50737.0,320000.0,370737.0,,5069912.0,5783654.0,,yes,no,none,primary,,Climate and technology policy research institute with close expense scale.,2026-08-25,ProPublica filing-derived table lines 21-89; IRS object ID from XML link,SRC-990-EXT-BREAKTHROUGH-INSTITUTE,331902.7281226801,0.0,52624.21473987631,331902.7281226801,384526.94286255643,,1.0371960253833754,A,True,True,True,True,False,False,True,False,1.069572506286672
Center for Climate and Energy Solutions,54-1892252,extension2,Tier A expanded primary,EA-adjacent,88.0,Nathaniel Keohane,President,President is organization-wide top executive,2024-04-01,2025-03-31,2024.0,2026-06-10,202631619349300808,https://apps.irs.gov/pub/epostcard/990/xml/2026/202631619349300808_public.xml,https://projects.propublica.org/nonprofits/organizations/541892252,529164.0,0.0,21504.0,529164.0,550668.0,,18710584.0,20611639.0,,yes,no,upper_edge_scale,primary_with_structure_flag,,Climate-policy research institute; expenses modestly above RP strict band but within expanded band.,2026-08-25,ProPublica filing-derived table lines 21-93; IRS object ID from XML link,SRC-990-EXT-CENTER-FOR-CLIMATE-AND-ENERGY-SOLUTIONS,563288.7300270492,0.0,22890.75003307418,563288.7300270492,586179.4800601234,,1.0644880037701905,A,True,False,True,False,False,False,False,False,1.069572506286672
Institute for Energy Economics and Financial Analysis,45-4244605,extension2,Tier A expanded primary,EA-adjacent,90.0,Alexandra Buchanan,CEO/Board Secretary,explicit CEO,2024-01-01,2024-12-31,2024.0,2025-07-16,202541979349300319,https://apps.irs.gov/pub/epostcard/990/xml/2025/202541979349300319_public.xml,https://projects.propublica.org/nonprofits/organizations/454244605,273000.0,0.0,32082.0,273000.0,305082.0,,11502239.0,13341578.0,,yes,no,none,primary,,Energy-economics research institute with close scale and explicit CEO.,2026-08-25,ProPublica filing-derived table lines 21-89; IRS object ID from XML link,SRC-990-EXT-INSTITUTE-FOR-ENERGY-ECONOMICS-AND-FINANCIAL-ANALYSIS,290605.225029262,0.0,34150.90413695526,290605.225029262,324756.1291662173,,1.0644880037701905,A,True,True,True,True,False,False,True,False,1.093880972338642
Demos,13-4105066,extension2,Tier A expanded primary,EA-adjacent,91.0,Taifa Smith Butler,President,President is organization-wide top executive,2024-07-01,2025-06-30,2024.0,2025-11-11,202503159349306085,https://apps.irs.gov/pub/epostcard/990/xml/2025/202503159349306085_public.xml,https://projects.propublica.org/nonprofits/organizations/134105066,290800.0,0.0,57692.0,290800.0,348492.0,,7617808.0,8584066.0,,yes,no,none,primary,,"National research, policy, and ideas organization with close expense scale and organization-wide president.",2026-08-25,ProPublica filing-derived table; official IRS object ID identified from XML link; browser source turn568175view0.,SRC-990-EXT-DEMOS,309553.11149637145,0.0,61412.441913509836,309553.11149637145,370965.55340988125,,1.0644880037701905,A,True,True,True,True,False,False,True,False,1.106035205364627
Vera Institute of Justice,13-1941627,extension2,Tier C broad sensitivity,functional-only,72.0,Nicholas Turner,President,President is organization-wide top executive,2024-07-01,2025-06-30,2024.0,2026-05-15,202631359349314463,https://apps.irs.gov/pub/epostcard/990/xml/2026/202631359349314463_public.xml,https://projects.propublica.org/nonprofits/organizations/131941627,596633.0,0.0,66532.0,596633.0,663165.0,,40162188.0,50053981.0,,yes,no,large_scale_and_implementation_mix,primary_with_structure_flag,,Research and justice-policy institution but materially larger than RP and with extensive implementation activity.,2026-08-25,ProPublica filing-derived table; official IRS object ID identified from XML link; browser source turn327197view0.,SRC-990-EXT-VERA-INSTITUTE-OF-JUSTICE,635108.6711534201,0.0,70822.51586683832,635108.6711534201,705931.1870202584,,1.0644880037701905,C,True,False,True,False,False,False,False,False,0.8751047778709136
Center for Public Integrity,54-1512177,extension2,Tier B weighted secondary,EA-adjacent,84.0,Paul Cheung,Chief Executive Officer,Explicit CEO; latest filing excluded because of leadership transition,2023-01-01,2023-12-31,2023.0,2024-08-26,202412399349300756,https://apps.irs.gov/pub/epostcard/990/xml/2024/202412399349300756_public.xml,https://projects.propublica.org/nonprofits/organizations/541512177,306912.0,0.0,28061.0,306912.0,334973.0,,3834099.0,6141454.0,,yes,no,older_clean_due_transition,primary_older_clean,,Prior clean full-year CEO observation used because the latest filing reflected a partial-year transition; no annualization.,2026-08-25,ProPublica filing-derived table; official IRS object ID identified from XML link; browser source turn327197view1.,SRC-990-EXT-CENTER-FOR-PUBLIC-INTEGRITY,336340.3632329884,0.0,30751.638686922917,336340.3632329884,367092.0019199113,,1.095885345744019,B,True,True,False,True,False,False,True,False,1.0209555741827325
GivingTuesday,84-2929872,extension2,Tier A expanded primary,EA-adjacent,92.0,Asha Curran,Chief Executive Officer and President,Explicit CEO and President,2024-07-01,2025-06-30,2024.0,2026-05-01,202601219349300720,https://apps.irs.gov/pub/epostcard/990/xml/2026/202601219349300720_public.xml,https://projects.propublica.org/nonprofits/organizations/842929872,420352.0,0.0,42521.0,420352.0,462873.0,,3656742.0,8638316.0,,yes,yes,none,primary,,"Global generosity research, data, field-building, and movement-infrastructure organization with close expense scale.",2026-08-25,ProPublica filing-derived table; official IRS object ID identified from XML link; browser source turn807748view0.,SRC-990-EXT-GIVINGTUESDAY,447459.6613608072,0.0,45263.094408312274,447459.6613608072,492722.7557691194,,1.0644880037701905,A,True,True,True,True,False,False,True,False,1.118189438390612
Institute for Nonprofit News,27-2614911,extension2,Tier A expanded primary,functional-only,87.0,Karen Rundlet,Chief Executive Officer,Explicit CEO,2024-01-01,2024-12-31,2024.0,2026-01-26,202630269349301213,https://apps.irs.gov/pub/epostcard/990/xml/2026/202630269349301213_public.xml,https://projects.propublica.org/nonprofits/organizations/272614911,214828.0,0.0,0.0,214828.0,214828.0,,15594880.0,15663213.0,,yes,no,membership_and_grant_support_mix,primary,,"National knowledge, standards, capacity-building, and network-infrastructure organization; some member-grant activity.",2026-08-25,ProPublica filing-derived table; official IRS object ID identified from XML link; browser source turn807748view1.,SRC-990-EXT-INSTITUTE-FOR-NONPROFIT-NEWS,228681.82887394252,0.0,0.0,228681.82887394252,228681.82887394252,,1.0644880037701905,A,True,True,True,True,False,False,True,False,1.0574182732606872
Creative Commons,04-3585301,extension2,Tier B weighted secondary,EA-adjacent,88.0,Anna Tumadottir,Chief Executive Officer,Explicit CEO,2024-01-01,2024-12-31,2024.0,2025-11-13,202543179349306294,https://apps.irs.gov/pub/epostcard/990/xml/2025/202543179349306294_public.xml,https://projects.propublica.org/nonprofits/organizations/043585301,230000.0,0.0,24431.0,230000.0,254431.0,,2439364.0,3912384.0,,yes,no,below_primary_scale_global_network,primary,,Open knowledge and digital public-goods organization; below RP core scale and operates through a global network.,2026-08-25,ProPublica filing-derived table; official IRS object ID identified from XML link; browser source turn807748view2.,SRC-990-EXT-CREATIVE-COMMONS,244832.24086714382,0.0,26006.506420109527,244832.24086714382,270838.7472872534,,1.0644880037701905,B,True,True,True,False,False,False,False,False,1.069572506286672
Sightline Institute,52-1833599,extension2,Tier B weighted secondary,functional-only,82.0,Alan Durning,Executive Director,Explicit Executive Director,2024-01-01,2024-12-31,2024.0,2025-08-12,202522249349300332,https://apps.irs.gov/pub/epostcard/990/xml/2025/202522249349300332_public.xml,https://projects.propublica.org/nonprofits/organizations/521833599,198548.0,0.0,29398.0,198548.0,227946.0,,2520867.0,3249823.0,,yes,yes,below_primary_scale_regional,primary,,Research and policy institute with strong functional similarity but smaller and regionally focused.,2026-08-25,ProPublica filing-derived table; official IRS object ID identified from XML link; browser source turn805570view0.,SRC-990-EXT-SIGHTLINE-INSTITUTE,211351.9641725638,0.0,31293.81833483606,211351.9641725638,242645.78250739988,,1.0644880037701905,B,True,True,True,False,False,False,False,False,0.9966471081307627
Clean Air Task Force,04-3512550,extension2,Tier C broad sensitivity,EA-adjacent,75.0,Armond Cohen,Executive Director,Explicit Executive Director,2024-01-01,2024-12-31,2024.0,2025-10-09,202522829349300322,https://apps.irs.gov/pub/epostcard/990/xml/2025/202522829349300322_public.xml,https://projects.propublica.org/nonprofits/organizations/043512550,350340.0,0.0,45275.0,350340.0,395615.0,,50064607.0,40445925.0,,yes,yes,above_primary_scale,primary_with_structure_flag,,"Highly relevant climate-policy and technical-research organization, but materially larger than RP.",2026-08-25,ProPublica filing-derived table; official IRS object ID identified from XML link; browser source turn805570view1.,SRC-990-EXT-CLEAN-AIR-TASK-FORCE,372932.7272408486,0.0,48194.69437069538,372932.7272408486,421127.421611544,,1.0644880037701905,C,True,False,True,False,False,False,False,False,0.9115674769488683
Sentient Media,83-0804345,extension2,Tier C broad sensitivity,EA-adjacent,69.0,Anna Bradley,Executive Director,Explicit Executive Director,2024-01-01,2024-12-31,2024.0,2025-10-09,202512829349301726,https://apps.irs.gov/pub/epostcard/990/xml/2025/202512829349301726_public.xml,https://projects.propublica.org/nonprofits/organizations/830804345,100000.0,0.0,0.0,100000.0,100000.0,,2237457.0,1194078.0,,yes,no,well_below_scale_media_model,primary_with_structure_flag,,"EA-adjacent animal and food-systems media organization, but far below RP scale and primarily journalistic.",2026-08-25,ProPublica filing-derived table; official IRS object ID identified from XML link; browser source turn805570view2.,SRC-990-EXT-SENTIENT-MEDIA,106448.80037701906,0.0,0.0,106448.80037701906,106448.80037701906,,1.0644880037701905,C,True,False,True,False,False,False,False,False,0.8386420787929588
Project Healthy Children,83-0396815,extension2,Tier B weighted secondary,EA-adjacent,83.0,Felix Brooks-Church,President and Chief Executive Officer,Explicit CEO; older clean observation because latest filing did not identify CEO compensation,2022-10-01,2023-09-30,2022.0,2024-08-12,202422259349302007,https://apps.irs.gov/pub/epostcard/990/xml/2024/202422259349302007_public.xml,https://projects.propublica.org/nonprofits/organizations/830396815,97940.0,0.0,114549.0,97940.0,212489.0,,6440940.0,9122441.0,,yes,yes,unusually_high_other_compensation_older_clean,primary_older_clean,,Close expense scale and EA-adjacent global-health work; very large other-compensation component requires separate treatment.,2026-08-25,ProPublica filing-derived table; official IRS object ID identified from XML link; browser source turn805570view3.,SRC-990-EXT-PROJECT-HEALTHY-CHILDREN,111749.08653534026,0.0,130699.87863525313,111749.08653534026,242448.96517059338,,1.1409953699748852,B,True,True,False,True,False,False,True,False,1.0088013411567476
Environmental Law Institute,52-0901863,extension2,Tier A expanded primary,functional-only,90.0,H. Jordan Diamond,President,President is organization-wide top executive,2024-01-01,2024-12-31,2024.0,2025-09-18,202522619349300012,https://apps.irs.gov/pub/epostcard/990/xml/2025/202522619349300012_public.xml,https://projects.propublica.org/nonprofits/organizations/520901863,300743.0,0.0,20344.0,300743.0,321087.0,,7186072.0,8907598.0,,yes,no,none,primary,,"Research, policy, education, and convening institute with close expense scale.",2026-08-25,ProPublica filing-derived table; official IRS object ID identified from XML link; browser source turn481574view0.,SRC-990-EXT-ENVIRONMENTAL-LAW-INSTITUTE,320137.31571785844,0.0,21655.94394870076,320137.31571785844,341793.25966655917,,1.0644880037701905,A,True,True,True,True,False,False,True,False,1.093880972338642
Food Animal Concerns Trust,36-3172605,extension2,Tier C broad sensitivity,EA-adjacent,65.0,Harry Rhodes,Executive Director,Explicit Executive Director,2024-07-01,2025-06-30,2024.0,2026-01-14,202620149349300022,https://apps.irs.gov/pub/epostcard/990/xml/2026/202620149349300022_public.xml,https://projects.propublica.org/nonprofits/organizations/363172605,124934.0,0.0,0.0,124934.0,124934.0,,901531.0,1058203.0,,yes,no,well_below_scale,primary_with_structure_flag,,"EA-adjacent food-systems advocacy organization, but far below RP scale.",2026-08-25,ProPublica filing-derived table; official IRS object ID identified from XML link; browser source turn491560view0.,SRC-990-EXT-FOOD-ANIMAL-CONCERNS-TRUST,132990.744263025,0.0,0.0,132990.744263025,132990.744263025,,1.0644880037701905,C,True,False,True,False,False,False,False,False,0.7900251466890192
Internet Security Research Group,46-3344200,extension2,Tier A expanded primary,EA-adjacent,91.0,Joshua Aas,Executive Director,Explicit Executive Director,2024-01-01,2024-12-31,2024.0,2025-07-07,202501889349300640,https://apps.irs.gov/pub/epostcard/990/xml/2025/202501889349300640_public.xml,https://projects.propublica.org/nonprofits/organizations/463344200,352850.0,0.0,44856.0,352850.0,397706.0,,9563960.0,7925896.0,,yes,yes,none,primary,,Technical public-interest infrastructure nonprofit with close expense scale and distributed knowledge-work model.,2026-08-25,ProPublica filing-derived table; official IRS object ID identified from XML link; browser source turn791228view0.,SRC-990-EXT-INTERNET-SECURITY-RESEARCH-GROUP,375604.5921303117,0.0,47748.67389711567,375604.5921303117,423353.2660274274,,1.0644880037701905,A,True,True,True,True,False,False,True,False,1.106035205364627
Arms Control Association,23-7124588,extension2,Tier C broad sensitivity,EA-adjacent,69.0,Daryl Kimball,Executive Director,Explicit Executive Director,2024-07-01,2025-06-30,2024.0,2026-05-14,202621349349307892,https://apps.irs.gov/pub/epostcard/990/xml/2026/202621349349307892_public.xml,https://projects.propublica.org/nonprofits/organizations/237124588,124630.0,0.0,51984.0,124630.0,176614.0,,1490547.0,1689329.0,,yes,no,well_below_scale,primary_with_structure_flag,,Nuclear-risk and arms-control research/advocacy organization; topical relevance but far below RP scale.,2026-08-25,ProPublica filing-derived table; official IRS object ID identified from XML link; browser source turn682727view0.,SRC-990-EXT-ARMS-CONTROL-ASSOCIATION,132667.13990987887,0.0,55336.344387989586,132667.13990987887,188003.48429786845,,1.0644880037701905,C,True,False,True,False,False,False,False,False,0.8386420787929588
Physicians for Social Responsibility,23-7059731,extension2,Tier C broad sensitivity,EA-adjacent,68.0,Brian Campbell,Executive Director,Explicit Executive Director,2024-01-01,2024-12-31,2024.0,2025-10-01,202512749349301461,https://apps.irs.gov/pub/epostcard/990/xml/2025/202512749349301461_public.xml,https://projects.propublica.org/nonprofits/organizations/237059731,150000.0,0.0,3000.0,150000.0,153000.0,,1615747.0,2180066.0,,yes,no,well_below_scale_membership_advocacy,primary_with_structure_flag,,Nuclear-risk and public-health advocacy organization; topical relevance but materially below RP scale.,2026-08-25,ProPublica filing-derived table; official IRS object ID identified from XML link; browser source turn682727view1.,SRC-990-EXT-PHYSICIANS-FOR-SOCIAL-RESPONSIBILITY,159673.2005655286,0.0,3193.4640113105715,159673.2005655286,162866.66457683916,,1.0644880037701905,C,True,False,True,False,False,False,False,False,0.826487845766974
Institute for the Study of War,26-0273675,extension2,Tier A expanded primary,EA-adjacent,89.0,Kimberly Kagan,President,President is organization-wide top executive,2024-01-01,2024-12-31,2024.0,2025-10-17,202502909349301720,https://apps.irs.gov/pub/epostcard/990/xml/2025/202502909349301720_public.xml,https://projects.propublica.org/nonprofits/organizations/260273675,221040.0,0.0,8400.0,221040.0,229440.0,,8244937.0,6699775.0,,yes,yes,none,primary,,Independent research institute with close scale and global-risk relevance.,2026-08-25,ProPublica filing-derived table; official IRS object ID identified from XML link; browser source turn884541view0.,SRC-990-EXT-INSTITUTE-FOR-THE-STUDY-OF-WAR,235294.42835336292,0.0,8941.699231669601,235294.42835336292,244236.12758503252,,1.0644880037701905,A,True,True,True,True,False,False,True,False,1.081726739312657
Learning Policy Institute,47-2772048,extension3,Tier A expanded primary,functional-only,87.0,Linda Darling-Hammond,Director/CEO,organization-wide CEO; separate Executive Director disclosed,2024-01-01,2024-12-31,2024.0,2025-11-14,202503179349312065,https://apps.irs.gov/pub/epostcard/990/xml/2025/202503179349312065_public.xml,https://projects.propublica.org/nonprofits/organizations/472772048,493225.0,0.0,83122.0,493225.0,576347.0,,10514616.0,16502674.0,,yes,yes,dual_senior_executive,primary_with_structure_flag,,Independent education-policy research institute. CEO and a separately paid Executive Director are both disclosed; retained under frozen no-pay-removal rule and isolated in structure sensitivities.,2026-08-25T17:45:00-0700,"ProPublica Nonprofit Explorer rendered Form 990 financial and compensation tables; official IRS object ID captured from filing XML link. ProPublica lines 23-34, 67-90 in turn604752view0.",SRC-990-EXT3-LEARNING-POLICY-INSTITUTE,525032.0956595523,0.0,88482.37184938577,525032.0956595523,613514.467508938,,1.0644880037701905,A,True,False,True,True,False,False,True,False,1.0574182732606872
Center for Health Care Strategies,22-3375015,extension3,Tier A expanded primary,functional-only,91.0,Allison Hamblin,President & CEO,full-time organization-wide President & CEO,2024-07-01,2025-06-30,2024.0,2026-05-08,202631279349304653,https://apps.irs.gov/pub/epostcard/990/xml/2026/202631279349304653_public.xml,https://projects.propublica.org/nonprofits/organizations/223375015,328553.0,0.0,67345.0,328553.0,395898.0,,11574666.0,12363722.0,,yes,no,none,primary,,Health-policy research and technical-assistance nonprofit; close operating-scale and full enterprise CEO match.,2026-08-25T17:45:00-0700,"ProPublica Nonprofit Explorer rendered Form 990 financial and compensation tables; official IRS object ID captured from filing XML link. ProPublica lines 21-34, 67-89 in turn604752view1.",SRC-990-EXT3-CENTER-FOR-HEALTH-CARE-STRATEGIES,349740.72710270743,0.0,71687.94461390348,349740.72710270743,421428.6717166109,,1.0644880037701905,A,True,True,True,True,False,False,True,False,1.106035205364627
National Academy for State Health Policy,52-1576801,extension3,Tier A expanded primary,functional-only,91.0,Hemi Tewarson,President / Executive Director,full-time organization-wide President/ED,2024-01-01,2024-12-31,2024.0,2025-11-13,202503179349302775,https://apps.irs.gov/pub/epostcard/990/xml/2025/202503179349302775_public.xml,https://projects.propublica.org/nonprofits/organizations/521576801,404414.0,0.0,53206.0,404414.0,457620.0,,10917630.0,11008991.0,,yes,no,none,primary,,"Legal filer Center for Health Policy Development, doing business as NASHP; national policy research and technical assistance.",2026-08-25T17:45:00-0700,"ProPublica Nonprofit Explorer rendered Form 990 financial and compensation tables; official IRS object ID captured from filing XML link. ProPublica lines 42-55, 88-111 in turn924991view0.",SRC-990-EXT3-NATIONAL-ACADEMY-FOR-STATE-HEALTH-POLICY,430493.8515567179,0.0,56637.14872859676,430493.8515567179,487131.00028531457,,1.0644880037701905,A,True,True,True,True,False,False,True,False,1.106035205364627
Carbon Mapper,85-3149996,extension3,Tier A expanded primary,EA-adjacent,87.0,Riley Duren,Director & CEO,full-time organization-wide CEO,2024-09-01,2025-08-31,2024.0,2026-01-08,202630139349300833,https://apps.irs.gov/pub/epostcard/990/xml/2026/202630139349300833_public.xml,https://projects.propublica.org/nonprofits/organizations/853149996,273487.0,0.0,27410.0,273487.0,300897.0,,42000541.0,16084459.0,,yes,yes,large_revenue_spike_and_technical_delivery,primary_with_structure_flag,,Technical climate-data and measurement nonprofit. Expense scale fits; unusually high current revenue and technical-delivery model are isolated in sensitivities.,2026-08-25T17:45:00-0700,"ProPublica Nonprofit Explorer rendered Form 990 financial and compensation tables; official IRS object ID captured from filing XML link. ProPublica lines 21-34, 67-90 in turn652640view1.",SRC-990-EXT3-CARBON-MAPPER,291123.63068709814,0.0,29177.616183340928,291123.63068709814,320301.24687043903,,1.0644880037701905,A,True,False,True,True,False,False,True,False,1.0574182732606872
Center for Arms Control and Non-Proliferation,04-2693322,extension3,Tier C broad sensitivity,EA-adjacent,68.0,John Tierney,Executive Director,full-time organization-wide Executive Director,2024-01-01,2024-12-31,2024.0,2025-11-13,202523179349304722,https://apps.irs.gov/pub/epostcard/990/xml/2025/202523179349304722_public.xml,https://projects.propublica.org/nonprofits/organizations/42693322,265891.0,0.0,11467.0,265891.0,277358.0,,1289993.0,1490265.0,,yes,no,well_below_scale,primary,,"Topically relevant nuclear-risk policy organization, but materially below RP scale; included only as Tier C broad sensitivity.",2026-08-25T17:45:00-0700,"ProPublica Nonprofit Explorer rendered Form 990 financial and compensation tables; official IRS object ID captured from filing XML link. ProPublica lines 21-34, 67-89 in turn230180view4.",SRC-990-EXT3-CENTER-FOR-ARMS-CONTROL-AND-NON-PROLIFERATION,283037.77981045976,0.0,12206.483939232776,283037.77981045976,295244.26374969253,,1.0644880037701905,C,True,True,True,False,False,False,False,False,0.826487845766974
Nuclear Innovation Alliance,37-1859117,extension3,Tier C broad sensitivity,EA-adjacent,70.0,Judith Greenwald,Executive Director,full-time organization-wide Executive Director,2025-01-01,2025-12-31,2025.0,2026-05-13,202621339349301817,https://apps.irs.gov/pub/epostcard/990/xml/2026/202621339349301817_public.xml,https://projects.propublica.org/nonprofits/organizations/371859117,288827.0,0.0,9285.0,288827.0,298112.0,,3029822.0,1898039.0,,yes,no,well_below_scale,primary,,"Strong technical/policy and EA-adjacent match, but materially below RP scale; Tier C only.",2026-08-25T17:45:00-0700,"ProPublica Nonprofit Explorer rendered Form 990 financial and compensation tables; official IRS object ID captured from filing XML link. ProPublica lines 21-34, 67-89 in turn652640view2.",SRC-990-EXT3-NUCLEAR-INNOVATION-ALLIANCE,299570.21642340417,0.0,9630.36509568464,299570.21642340417,309200.5815190888,,1.0371960253833754,C,True,True,True,False,False,False,False,False,0.8507963118189438
Center for International Policy,52-1446207,extension3,Tier C broad sensitivity,EA-adjacent,68.0,Nancy Okail,President & CEO,full-time organization-wide President & CEO,2024-01-01,2024-12-31,2024.0,2025-11-14,202513189349309501,https://apps.irs.gov/pub/epostcard/990/xml/2025/202513189349309501_public.xml,https://projects.propublica.org/nonprofits/organizations/521446207,208814.0,0.0,18062.0,208814.0,226876.0,,817220.0,2149942.0,,yes,no,well_below_scale_and_deficit_year,primary,,"Foreign-policy research comparator with a clean CEO observation, but substantially below scale and in a deficit year; Tier C only.",2026-08-25T17:45:00-0700,"ProPublica Nonprofit Explorer rendered Form 990 financial and compensation tables; official IRS object ID captured from filing XML link. ProPublica lines 21-34, 67-89 in turn230180view6.",SRC-990-EXT3-CENTER-FOR-INTERNATIONAL-POLICY,222279.9980192686,0.0,19226.78232409718,222279.9980192686,241506.78034336574,,1.0644880037701905,C,True,True,True,False,False,False,False,False,0.826487845766974
American Security Project,20-4079553,extension3,Tier C broad sensitivity,EA-adjacent,62.0,Matthew Wallin,CEO / Treasurer,organization-wide CEO,2024-01-01,2024-12-31,2024.0,2025-08-15,202542279349301744,https://apps.irs.gov/pub/epostcard/990/xml/2025/202542279349301744_public.xml,https://projects.propublica.org/nonprofits/organizations/204079553,152667.0,0.0,7316.0,152667.0,159983.0,,1662436.0,750155.0,,yes,no,very_small_scale_and_officer_combination,primary_with_structure_flag,,"Security-policy research comparator, but far below RP scale and CEO also serves as treasurer; broad structural sensitivity only.",2026-08-25T17:45:00-0700,"ProPublica Nonprofit Explorer rendered Form 990 financial and compensation tables; official IRS object ID captured from filing XML link. ProPublica lines 21-34, 67-89 in turn230180view7.",SRC-990-EXT3-AMERICAN-SECURITY-PROJECT,162512.1900715837,0.0,7787.7942355827145,162512.1900715837,170299.9843071664,,1.0644880037701905,C,True,False,True,False,False,False,False,False,0.7535624476110645
DataKind,46-4082076,extension3,Tier A expanded primary,EA-adjacent,92.0,Lauren Woodman,Chief Executive Officer,Organization-wide CEO,2024-10-01,2025-09-30,2024.0,2026-04-03,202640939349300014,https://apps.irs.gov/pub/epostcard/990/xml/2026/202640939349300014_public.xml,https://projects.propublica.org/nonprofits/organizations/464082076,230000.0,0.0,11500.0,230000.0,241500.0,,21931317.0,7005078.0,,yes,no,none,primary,,"Data-science technical-assistance and social-impact research organization; close operating expense scale. Revenue was temporarily much higher than expenses in this filing, so expenses anchor scale.",2026-08-25,ProPublica filing-derived table and XML link; browser source turn933533view0 lines 21-89.,SRC-990-EXT-DATAKIND,244832.24086714382,0.0,12241.612043357192,244832.24086714382,257073.852910501,,1.0644880037701905,A,True,True,True,True,False,False,True,False,1.118189438390612
ORCID,27-5142743,extension3,Tier A expanded primary,EA-adjacent,91.0,Christian Shillum,Executive Director,Organization-wide Executive Director,2024-01-01,2024-12-31,2024.0,2025-06-25,202501769349301020,https://apps.irs.gov/pub/epostcard/990/xml/2025/202501769349301020_public.xml,https://projects.propublica.org/nonprofits/organizations/275142743,292165.0,0.0,26746.0,292165.0,318911.0,,6811163.0,5803116.0,,yes,no,none,primary,,Global open-science identity and research infrastructure membership nonprofit; close expense scale.,2026-08-25,ProPublica filing-derived table and XML link; browser source turn933533view1 lines 22-90.,SRC-990-EXT-ORCID,311006.1376215177,0.0,28470.796148837515,311006.1376215177,339476.93377035524,,1.0644880037701905,A,True,True,True,True,False,False,True,False,1.106035205364627
OpenSecrets,52-1275227,extension3,Tier B weighted secondary,functional-only,84.0,Hilary Braseth,Executive Director,Organization-wide Executive Director,2025-01-01,2025-12-31,2025.0,2026-07-15,202631979349301803,https://apps.irs.gov/pub/epostcard/990/xml/2026/202631979349301803_public.xml,https://projects.propublica.org/nonprofits/organizations/521275227,222497.0,0.0,12787.0,222497.0,235284.0,,4281039.0,3374050.0,,yes,no,none,primary,,Public-interest political data and research infrastructure; below Tier A expense band but strong functional match.,2026-08-25,ProPublica filing-derived table and XML link; browser source turn933533view2 lines 21-89.,SRC-990-EXT-OPENSECRETS,230773.0040597249,0.0,13262.62557657722,230773.0040597249,244035.6296363021,,1.0371960253833754,B,True,True,True,False,False,False,False,False,1.0209555741827325
MuckRock Foundation,81-1485228,extension3,Tier B weighted secondary,functional-only,82.0,Michael Morisy,Executive Director,Organization-wide Executive Director in the most recent filing with a clean paid ED observation,2023-01-01,2023-12-31,2023.0,2024-11-06,202403119349300920,https://apps.irs.gov/pub/epostcard/990/xml/2024/202403119349300920_public.xml,https://projects.propublica.org/nonprofits/organizations/811485228,126234.0,0.0,0.0,126234.0,126234.0,,3776685.0,3231701.0,,yes,no,latest_filing_no_paid_ed_observation,primary_older_clean,,Open-government data and public-interest information infrastructure. The 2024 filing listed only unpaid officers; the prior 2023 full-year ED observation is retained as an explicitly older-clean sensitivity.,2026-08-25,ProPublica filing-derived table and XML link; browser source turn933533view3 lines 92-163.,SRC-990-EXT-MUCKROCK-FOUNDATION,138337.9907346505,0.0,0.0,138337.9907346505,138337.9907346505,,1.095885345744019,B,True,True,False,False,False,False,False,False,0.9966471081307627
NumFOCUS,45-4547709,extension3,Tier A expanded primary,EA-adjacent,89.0,Leah Silen,Executive Director,Organization-wide Executive Director,2024-01-01,2024-12-31,2024.0,2025-10-24,202512979349301136,https://apps.irs.gov/pub/epostcard/990/xml/2025/202512979349301136_public.xml,https://projects.propublica.org/nonprofits/organizations/454547709,156845.0,0.0,7941.0,156845.0,164786.0,,8376226.0,11090430.0,,yes,no,open_source_fiscal_sponsor_and_membership_model,primary_with_structure_flag,,Open-source scientific-computing infrastructure and fiscal-sponsorship platform. Included in broad primary analysis but not the structurally clean subset.,2026-08-25,ProPublica filing-derived table and XML link; browser source turn509907view0 lines 23-91.,SRC-990-EXT-NUMFOCUS,166959.62095133553,0.0,8453.099237939083,166959.62095133553,175412.72018927464,,1.0644880037701905,A,True,False,True,True,False,False,True,False,1.081726739312657
Software Freedom Conservancy,41-2203632,extension3,Tier B weighted secondary,EA-adjacent,85.0,Karen M Sandler,President and Executive Director,Organization-wide President and Executive Director,2024-03-01,2025-02-28,2024.0,2026-01-16,202640169349300604,https://apps.irs.gov/pub/epostcard/990/xml/2026/202640169349300604_public.xml,https://projects.propublica.org/nonprofits/organizations/412203632,178851.0,0.0,62291.0,178851.0,241142.0,,3214723.0,3805350.0,,yes,no,open_source_fiscal_sponsor_model,primary_with_structure_flag,,Open-source public-interest organization and fiscal sponsor; below Tier A expense band. Other compensation is reported separately and not treated as base.,2026-08-25,ProPublica filing-derived table and XML link; browser source turn509907view1 lines 21-89.,SRC-990-EXT-SOFTWARE-FREEDOM-CONSERVANCY,190384.74396230237,0.0,66308.02224284894,190384.74396230237,256692.7662051513,,1.0644880037701905,B,True,False,True,False,False,False,False,False,1.0331098072087175
Open Source Initiative,91-2037395,extension3,Tier C broad sensitivity,EA-adjacent,70.0,Stefano Maffuli,Executive Director,Organization-wide Executive Director,2024-01-01,2024-12-31,2024.0,2025-11-03,202533079349301473,https://apps.irs.gov/pub/epostcard/990/xml/2025/202533079349301473_public.xml,https://projects.propublica.org/nonprofits/organizations/912037395,188678.0,0.0,0.0,188678.0,188678.0,,1093077.0,1013797.0,,yes,no,well_below_scale_membership_governance,primary_with_structure_flag,,Strong open-technology governance relevance but materially below RP scale; Tier C only.,2026-08-25,ProPublica filing-derived table and XML link; browser source turn509907view2 lines 21-89.,SRC-990-EXT-OPEN-SOURCE-INITIATIVE,200845.467575352,0.0,0.0,200845.467575352,200845.467575352,,1.0644880037701905,C,True,False,True,False,False,False,False,False,0.8507963118189438
Grantmakers for Education,33-0919329,extension3,Tier B weighted secondary,functional-only,84.0,Nicole R Leach,Executive Director,Organization-wide Executive Director,2024-01-01,2024-12-31,2024.0,2025-11-03,202543079349303299,https://apps.irs.gov/pub/epostcard/990/xml/2025/202543079349303299_public.xml,https://projects.propublica.org/nonprofits/organizations/330919329,235266.0,0.0,46749.0,235266.0,282015.0,,3389406.0,3206947.0,,yes,no,none,primary,,"Philanthropy field-building, knowledge, and membership organization; below Tier A scale but functionally relevant.",2026-08-25,ProPublica filing-derived table and XML link; browser source turn509907view3 lines 21-90.,SRC-990-EXT-GRANTMAKERS-FOR-EDUCATION,250437.83469499767,0.0,49763.74968825264,250437.83469499767,300201.5843832503,,1.0644880037701905,B,True,True,True,False,False,False,False,False,1.0209555741827325
TechCongress,81-1839685,extension3,Tier B weighted secondary,EA-adjacent,87.0,Travis Moore,Executive Director / Board Secretary,Organization-wide Executive Director; board president is unpaid,2025-01-01,2025-12-31,2025.0,2026-07-14,202621959349301032,https://apps.irs.gov/pub/epostcard/990/xml/2026/202621959349301032_public.xml,https://projects.propublica.org/nonprofits/organizations/811839685,257694.0,0.0,36211.0,257694.0,293905.0,,7320089.0,3725264.0,,yes,no,none,primary,,Technology-policy talent and capacity-building nonprofit; current filing is below Tier A expense band but has a national executive scope.,2026-08-25,ProPublica filing-derived table and XML link; browser source turn568961view0 lines 21-89.,SRC-990-EXT-TECHCONGRESS,267279.1925651436,0.0,37557.905275157405,267279.1925651436,304837.09784030094,,1.0371960253833754,B,True,True,True,False,False,False,False,False,1.0574182732606872
Global Health Corps,80-0512336,extension3,Tier B weighted secondary,EA-adjacent,80.0,Heather Anderson,Chief Executive Officer,Organization-wide CEO,2024-08-01,2025-07-31,2024.0,2026-01-13,202600139349300115,https://apps.irs.gov/pub/epostcard/990/xml/2026/202600139349300115_public.xml,https://projects.propublica.org/nonprofits/organizations/800512336,233774.0,0.0,8530.0,233774.0,242304.0,,3224553.0,3112237.0,,yes,no,talent_fellowship_and_program_delivery_mix,primary_with_structure_flag,,EA-adjacent global-health talent and field-building comparator; delivery model and smaller expense scale reduce weight.,2026-08-25,ProPublica filing-derived table and XML link; browser source turn568961view1 lines 21-90.,SRC-990-EXT-GLOBAL-HEALTH-CORPS,248849.61859337255,0.0,9080.082672159726,248849.61859337255,257929.70126553223,,1.0644880037701905,B,True,False,True,False,False,False,False,False,0.9723386420787928
Economic Innovation Group,46-2450336,extension3,Tier B weighted secondary,functional-only,86.0,John Lettieri,President and CEO,Organization-wide President and CEO,2024-01-01,2024-12-31,2024.0,2025-11-17,202513219349307891,https://apps.irs.gov/pub/epostcard/990/xml/2025/202513219349307891_public.xml,https://projects.propublica.org/nonprofits/organizations/462450336,479718.0,0.0,55589.0,479718.0,535307.0,,5679893.0,5806034.0,,yes,no,501c4_and_first_class_travel_disclosed,primary_with_structure_flag,,Economic-policy research organization and close-scale comparator. Retained despite high compensation under the no-pay-driven-removal rule; 501(c)(4) status and travel disclosure are labeled.,2026-08-25,ProPublica filing-derived table and XML link; browser source turn518192view0 lines 29-100.,SRC-990-EXT-ECONOMIC-INNOVATION-GROUP,510654.05619262834,0.0,59173.82364158112,510654.05619262834,569827.8798342095,,1.0644880037701905,B,True,False,True,True,False,False,True,False,1.0452640402347024
Jain Family Institute,47-4407203,extension3,Tier A expanded primary,EA-adjacent,92.0,Michael B Stynes,CEO and Director,Organization-wide CEO,2024-01-01,2024-12-31,2024.0,2025-11-18,202523219349327407,https://apps.irs.gov/pub/epostcard/990/xml/2025/202523219349327407_public.xml,https://projects.propublica.org/nonprofits/organizations/474407203,213500.0,0.0,40893.0,213500.0,254393.0,,5330418.0,5374057.0,,yes,no,none,primary,,"Research, policy design, and evidence organization with close scale and strong functional relevance.",2026-08-25,ProPublica filing-derived table and XML link; browser source turn518192view1 lines 21-89.,SRC-990-EXT-JAIN-FAMILY-INSTITUTE,227268.1888049357,0.0,43530.107938174406,227268.1888049357,270798.2967431101,,1.0644880037701905,A,True,True,True,True,False,False,True,False,1.118189438390612
Fresh Energy,41-1735501,extension3,Tier A expanded primary,functional-only,87.0,Brenda Cassellius,Executive Director,Organization-wide Executive Director for the full 2024 compensation calendar year,2024-02-01,2025-01-31,2024.0,2025-11-12,202513169349301031,https://apps.irs.gov/pub/epostcard/990/xml/2025/202513169349301031_public.xml,https://projects.propublica.org/nonprofits/organizations/411735501,238121.0,0.0,22095.0,238121.0,260216.0,,7134049.0,7006749.0,,yes,no,departed_at_fiscal_year_end_after_full_compensation_year,primary,,"Climate and energy policy organization with close operating scale. Filing says ED served until Jan. 2025; the compensation convention is calendar 2024, during which she served throughout.",2026-08-25,ProPublica filing-derived table and XML link; browser source turn497898view0 lines 21-89.,SRC-990-EXT-FRESH-ENERGY,253476.94794576152,0.0,23519.86244330236,253476.94794576152,276996.8103890639,,1.0644880037701905,A,True,True,True,True,False,False,True,False,1.0574182732606872
Project Drawdown,38-3705448,extension3,Tier A expanded primary,EA-adjacent,91.0,Jonathan Foley,Executive Director,Organization-wide Executive Director,2024-01-01,2024-12-31,2024.0,2025-09-09,202512529349301621,https://apps.irs.gov/pub/epostcard/990/xml/2025/202512529349301621_public.xml,https://projects.propublica.org/nonprofits/organizations/383705448,417968.0,0.0,60392.0,417968.0,478360.0,,8269185.0,4479322.0,,yes,no,none,primary,,"Climate research, synthesis, and communications organization; slightly below Tier A expense floor but very strong functional match and national scope.",2026-08-25,ProPublica filing-derived table and XML link; browser source turn692537view1 lines 22-90.,SRC-990-EXT-PROJECT-DRAWDOWN,444921.92195981904,0.0,64286.55952368934,444921.92195981904,509208.4814835083,,1.0644880037701905,A,True,True,True,False,False,False,False,False,1.106035205364627
Energy for Growth Hub,83-1609680,extension3,Tier B weighted secondary,EA-adjacent,82.0,Todd Moss,Executive Director,Organization-wide Executive Director,2024-01-01,2024-12-31,2024.0,2025-11-17,202513219349322806,https://apps.irs.gov/pub/epostcard/990/xml/2025/202513219349322806_public.xml,https://projects.propublica.org/nonprofits/organizations/831609680,420000.0,0.0,78616.0,420000.0,498616.0,,2561222.0,2824520.0,,yes,no,none,primary,,Global-development and energy-policy research organization; below RP scale but strong thematic and functional relevance. High observation retained under frozen rules.,2026-08-25,ProPublica filing-derived table and XML link; browser source turn692537view2 lines 21-89.,SRC-990-EXT-ENERGY-FOR-GROWTH-HUB,447084.96158348006,0.0,83685.78890439731,447084.96158348006,530770.7504878774,,1.0644880037701905,B,True,True,True,False,False,False,False,False,0.9966471081307627
Better Food Foundation,81-4537521,extension3,Tier C broad sensitivity,EA-adjacent,69.0,Jennifer Channin,Executive Director,Organization-wide Executive Director,2024-01-01,2024-12-31,2024.0,2025-11-13,202533169349305288,https://apps.irs.gov/pub/epostcard/990/xml/2025/202533169349305288_public.xml,https://projects.propublica.org/nonprofits/organizations/814537521,93250.0,0.0,4000.0,93250.0,97250.0,,1677632.0,1787294.0,,yes,no,well_below_scale_food_system_strategy,primary_with_structure_flag,,EA-adjacent food-system strategy comparator; materially below RP scale and included only in Tier C sensitivity.,2026-08-25,ProPublica filing-derived table and XML link; browser source turn224604view0 lines 21-89.,SRC-990-EXT-BETTER-FOOD-FOUNDATION,99263.50635157026,0.0,4257.952015080762,99263.50635157026,103521.45836665103,,1.0644880037701905,C,True,False,True,False,False,False,False,False,0.8386420787929588
