record_id,stable_id_type,source_id,candidate_id,organization,evidence_stream,source_wave,tier,tier_label,tier_rationale,tier_citation,ea_relationship,ea_relationship_source_value,ea_rationale,ea_citation,expected_structure,observation_structure_flag,structure_rationale,structure_citation,topic_model,source_native_topic_or_model_description,topic_model_rationale,topic_model_citation,raw_title,title_group,title_group_rationale,title_group_citation,classification_timing,provenance_type,external_source_url,overall_confidence,caveats
form990::SRC-990-EXT3-ALLIANCE-FOR-HEALTH-POLICY,source_id,SRC-990-EXT3-ALLIANCE-FOR-HEALTH-POLICY,EXT3-021,Alliance for Health Policy,form990,extension3,B,Tier B weighted secondary,Incumbent peer tier Tier B weighted secondary with comparability score 70.0; analysis status excluded_partial_year. Health-policy convening and evidence organization; latest observation excluded from primary because it is partial-year. Latest CEO began in February 2024; no silent annualization.,"benchmark/deliverables/form990_evidence.csv#row=118;source_id=SRC-990-EXT3-ALLIANCE-FOR-HEALTH-POLICY;organization=Alliance for Health Policy | benchmark/scripts/normalize_and_analyze.py#L35-L36,L75-L79",functional-only,functional-only,EA relationship functional-only is preserved from the frozen/precomp organization classification or legacy normalized bridge.,benchmark/frozen/combined_peer_universe_3wave_precomp.csv#row=327;candidate_id=EXT3-021;organization=Alliance for Health Policy,independent nonprofit,partial_year_transition,Expected organization structure is independent nonprofit. Observation-specific structure flag is partial_year_transition: Health-policy convening and evidence organization; latest observation excluded from primary because it is partial-year.,benchmark/frozen/combined_peer_universe_3wave_precomp.csv#row=327;candidate_id=EXT3-021;organization=Alliance for Health Policy | benchmark/deliverables/form990_evidence.csv#row=118;source_id=SRC-990-EXT3-ALLIANCE-FOR-HEALTH-POLICY;organization=Alliance for Health Policy,health policy and evidence,Health-policy convening and evidence organization; latest observation excluded from primary because it is partial-year.,Precomp/legacy normalized topic cluster is health policy and evidence; filing notes provide the organization-specific operating-model context.,benchmark/frozen/combined_peer_universe_3wave_precomp.csv#row=327;candidate_id=EXT3-021;organization=Alliance for Health Policy,President & CEO,CEO_title_match,"Raw filing title ""President & CEO"" is normalized to CEO_title_match by the binary title-group rule.",benchmark/deliverables/form990_evidence.csv#row=118;source_id=SRC-990-EXT3-ALLIANCE-FOR-HEALTH-POLICY;organization=Alliance for Health Policy | benchmark/scripts/normalize_and_analyze.py#L253-L254,topic/EA/expected_structure=precomp_frozen; peer tier/final structure=post_source_verification_nonpay; structure_flag=post_filing; title_group=derived,precomp_normalized_metadata + filing_derived_role_data + post_filing_flag + derived_title_group,https://apps.irs.gov/pub/epostcard/990/xml/2025/202531619349300118_public.xml,high,
form990::SRC-990-EXT-AMERICAN-IMMIGRATION-COUNCIL,source_id,SRC-990-EXT-AMERICAN-IMMIGRATION-COUNCIL,EXT2-050,American Immigration Council,form990,extension2,A,Tier A expanded primary,Incumbent peer tier Tier A expanded primary with comparability score 81.0; analysis status primary. Policy research plus legal/cultural-exchange programs; included with operating-model flag.,"benchmark/deliverables/form990_evidence.csv#row=78;source_id=SRC-990-EXT-AMERICAN-IMMIGRATION-COUNCIL;organization=American Immigration Council | benchmark/scripts/normalize_and_analyze.py#L35-L36,L75-L79",functional-only,functional-only,EA relationship functional-only is preserved from the frozen/precomp organization classification or legacy normalized bridge.,benchmark/frozen/combined_peer_universe_3wave_precomp.csv#row=211;candidate_id=EXT2-050;organization=American Immigration Council,independent nonprofit,research_plus_legal_programs,Expected organization structure is independent nonprofit. Observation-specific structure flag is research_plus_legal_programs: Policy research plus legal/cultural-exchange programs; included with operating-model flag.,benchmark/frozen/combined_peer_universe_3wave_precomp.csv#row=211;candidate_id=EXT2-050;organization=American Immigration Council | benchmark/deliverables/form990_evidence.csv#row=78;source_id=SRC-990-EXT-AMERICAN-IMMIGRATION-COUNCIL;organization=American Immigration Council,"Research, evaluation, philanthropy infrastructure, and policy",Policy research plus legal/cultural-exchange programs; included with operating-model flag.,"Precomp/legacy normalized topic cluster is Research, evaluation, philanthropy infrastructure, and policy; filing notes provide the organization-specific operating-model context.",benchmark/frozen/combined_peer_universe_3wave_precomp.csv#row=211;candidate_id=EXT2-050;organization=American Immigration Council,Executive Director,ED_or_President,"Raw filing title ""Executive Director"" is normalized to ED_or_President by the binary title-group rule.",benchmark/deliverables/form990_evidence.csv#row=78;source_id=SRC-990-EXT-AMERICAN-IMMIGRATION-COUNCIL;organization=American Immigration Council | benchmark/scripts/normalize_and_analyze.py#L253-L254,topic/EA/expected_structure=precomp_frozen; peer tier/final structure=post_source_verification_nonpay; structure_flag=post_filing; title_group=derived,precomp_normalized_metadata + filing_derived_role_data + post_filing_flag + derived_title_group,https://apps.irs.gov/pub/epostcard/990/xml/2025/202542979349301509_public.xml,high,
form990::SRC-990-EXT3-AMERICAN-SECURITY-PROJECT,source_id,SRC-990-EXT3-AMERICAN-SECURITY-PROJECT,EXT3-072,American Security Project,form990,extension3,C,Tier C broad sensitivity,"Incumbent peer tier Tier C broad sensitivity with comparability score 62.0; analysis status primary_with_structure_flag. Security-policy research comparator, but far below RP scale and CEO also serves as treasurer; broad structural sensitivity only.","benchmark/deliverables/form990_evidence.csv#row=116;source_id=SRC-990-EXT3-AMERICAN-SECURITY-PROJECT;organization=American Security Project | benchmark/scripts/normalize_and_analyze.py#L35-L36,L75-L79",EA-adjacent,EA-adjacent,EA relationship EA-adjacent is preserved from the frozen/precomp organization classification or legacy normalized bridge.,benchmark/frozen/combined_peer_universe_3wave_precomp.csv#row=378;candidate_id=EXT3-072;organization=American Security Project,independent nonprofit,very_small_scale_and_officer_combination,"Expected organization structure is independent nonprofit. Observation-specific structure flag is very_small_scale_and_officer_combination: Security-policy research comparator, but far below RP scale and CEO also serves as treasurer; broad structural sensitivity only.",benchmark/frozen/combined_peer_universe_3wave_precomp.csv#row=378;candidate_id=EXT3-072;organization=American Security Project | benchmark/deliverables/form990_evidence.csv#row=116;source_id=SRC-990-EXT3-AMERICAN-SECURITY-PROJECT;organization=American Security Project,security and foreign policy,"Security-policy research comparator, but far below RP scale and CEO also serves as treasurer; broad structural sensitivity only.",Precomp/legacy normalized topic cluster is security and foreign policy; filing notes provide the organization-specific operating-model context.,benchmark/frozen/combined_peer_universe_3wave_precomp.csv#row=378;candidate_id=EXT3-072;organization=American Security Project,CEO / Treasurer,CEO_title_match,"Raw filing title ""CEO / Treasurer"" is normalized to CEO_title_match by the binary title-group rule.",benchmark/deliverables/form990_evidence.csv#row=116;source_id=SRC-990-EXT3-AMERICAN-SECURITY-PROJECT;organization=American Security Project | benchmark/scripts/normalize_and_analyze.py#L253-L254,topic/EA/expected_structure=precomp_frozen; peer tier/final structure=post_source_verification_nonpay; structure_flag=post_filing; title_group=derived,precomp_normalized_metadata + filing_derived_role_data + post_filing_flag + derived_title_group,https://apps.irs.gov/pub/epostcard/990/xml/2025/202542279349301744_public.xml,high,
form990::SRC-990-EXT-ANIMAL-EQUALITY,source_id,SRC-990-EXT-ANIMAL-EQUALITY,EXP-067,Animal Equality,form990,previous_expansion,B,Tier B weighted secondary,Incumbent peer tier Tier B weighted secondary with comparability score 80.0; analysis status structural_sensitivity. Not pooled in clean organization-wide CEO summaries because the US legal entity is part of a global structure and has multiple paid directors.,"benchmark/deliverables/form990_evidence.csv#row=44;source_id=SRC-990-EXT-ANIMAL-EQUALITY;organization=Animal Equality | benchmark/scripts/normalize_and_analyze.py#L35-L36,L75-L79",EA-adjacent,EA-adjacent,EA relationship EA-adjacent is preserved from the frozen/precomp organization classification or legacy normalized bridge.,benchmark/frozen/combined_peer_universe_3wave_precomp.csv#row=44;candidate_id=EXP-067;organization=Animal Equality,independent nonprofit,international_affiliate_multiple_directors,Expected organization structure is independent nonprofit. Observation-specific structure flag is international_affiliate_multiple_directors: Not pooled in clean organization-wide CEO summaries because the US legal entity is part of a global structure and has multiple paid directors.,benchmark/frozen/combined_peer_universe_3wave_precomp.csv#row=44;candidate_id=EXP-067;organization=Animal Equality | benchmark/deliverables/form990_evidence.csv#row=44;source_id=SRC-990-EXT-ANIMAL-EQUALITY;organization=Animal Equality,Animal welfare and food systems,Not pooled in clean organization-wide CEO summaries because the US legal entity is part of a global structure and has multiple paid directors.,Precomp/legacy normalized topic cluster is Animal welfare and food systems; filing notes provide the organization-specific operating-model context.,benchmark/frozen/combined_peer_universe_3wave_precomp.csv#row=44;candidate_id=EXP-067;organization=Animal Equality,President,ED_or_President,"Raw filing title ""President"" is normalized to ED_or_President by the binary title-group rule.",benchmark/deliverables/form990_evidence.csv#row=44;source_id=SRC-990-EXT-ANIMAL-EQUALITY;organization=Animal Equality | benchmark/scripts/normalize_and_analyze.py#L253-L254,topic/EA/expected_structure=precomp_frozen; peer tier/final structure=post_source_verification_nonpay; structure_flag=post_filing; title_group=derived,precomp_normalized_metadata + filing_derived_role_data + post_filing_flag + derived_title_group,https://apps.irs.gov/pub/epostcard/990/xml/2025/202533009349301263_public.xml,high,
form990::SRC-990-EXT-ANIMAL-LEGAL-DEFENSE-FUND,source_id,SRC-990-EXT-ANIMAL-LEGAL-DEFENSE-FUND,EXP-071,Animal Legal Defense Fund,form990,previous_expansion,B,Tier B weighted secondary,Incumbent peer tier Tier B weighted secondary with comparability score 75.0; analysis status primary_with_structure_flag. Legal advocacy/litigation is a material operating-model difference.,"benchmark/deliverables/form990_evidence.csv#row=47;source_id=SRC-990-EXT-ANIMAL-LEGAL-DEFENSE-FUND;organization=Animal Legal Defense Fund | benchmark/scripts/normalize_and_analyze.py#L35-L36,L75-L79",EA-adjacent,EA-adjacent,EA relationship EA-adjacent is preserved from the frozen/precomp organization classification or legacy normalized bridge.,benchmark/frozen/combined_peer_universe_3wave_precomp.csv#row=47;candidate_id=EXP-071;organization=Animal Legal Defense Fund,independent nonprofit,legal_advocacy_hybrid,Expected organization structure is independent nonprofit. Observation-specific structure flag is legal_advocacy_hybrid: Legal advocacy/litigation is a material operating-model difference.,benchmark/frozen/combined_peer_universe_3wave_precomp.csv#row=47;candidate_id=EXP-071;organization=Animal Legal Defense Fund | benchmark/deliverables/form990_evidence.csv#row=47;source_id=SRC-990-EXT-ANIMAL-LEGAL-DEFENSE-FUND;organization=Animal Legal Defense Fund,Animal welfare and food systems,Legal advocacy/litigation is a material operating-model difference.,Precomp/legacy normalized topic cluster is Animal welfare and food systems; filing notes provide the organization-specific operating-model context.,benchmark/frozen/combined_peer_universe_3wave_precomp.csv#row=47;candidate_id=EXP-071;organization=Animal Legal Defense Fund,Executive Director,ED_or_President,"Raw filing title ""Executive Director"" is normalized to ED_or_President by the binary title-group rule.",benchmark/deliverables/form990_evidence.csv#row=47;source_id=SRC-990-EXT-ANIMAL-LEGAL-DEFENSE-FUND;organization=Animal Legal Defense Fund | benchmark/scripts/normalize_and_analyze.py#L253-L254,topic/EA/expected_structure=precomp_frozen; peer tier/final structure=post_source_verification_nonpay; structure_flag=post_filing; title_group=derived,precomp_normalized_metadata + filing_derived_role_data + post_filing_flag + derived_title_group,https://apps.irs.gov/pub/epostcard/990/xml/2026/202631249349301878_public.xml,high,
form990::SRC-990-EXT-ANIMAL-WELFARE-INSTITUTE,source_id,SRC-990-EXT-ANIMAL-WELFARE-INSTITUTE,EXP-070,Animal Welfare Institute,form990,previous_expansion,A,Tier A expanded primary,Incumbent peer tier Tier A expanded primary with comparability score 88.0; analysis status primary.,"benchmark/deliverables/form990_evidence.csv#row=15;source_id=SRC-990-EXT-ANIMAL-WELFARE-INSTITUTE;organization=Animal Welfare Institute | benchmark/scripts/normalize_and_analyze.py#L35-L36,L75-L79",EA-adjacent,EA-adjacent,EA relationship EA-adjacent is preserved from the frozen/precomp organization classification or legacy normalized bridge.,benchmark/frozen/combined_peer_universe_3wave_precomp.csv#row=13;candidate_id=EXP-070;organization=Animal Welfare Institute,independent nonprofit,none,Expected organization structure is independent nonprofit. Observation-specific structure flag is none: ,benchmark/frozen/combined_peer_universe_3wave_precomp.csv#row=13;candidate_id=EXP-070;organization=Animal Welfare Institute | benchmark/deliverables/form990_evidence.csv#row=15;source_id=SRC-990-EXT-ANIMAL-WELFARE-INSTITUTE;organization=Animal Welfare Institute,Animal welfare and food systems,,Precomp/legacy normalized topic cluster is Animal welfare and food systems; filing notes provide the organization-specific operating-model context.,benchmark/frozen/combined_peer_universe_3wave_precomp.csv#row=13;candidate_id=EXP-070;organization=Animal Welfare Institute,Executive Director/CEO,CEO_title_match,"Raw filing title ""Executive Director/CEO"" is normalized to CEO_title_match by the binary title-group rule.",benchmark/deliverables/form990_evidence.csv#row=15;source_id=SRC-990-EXT-ANIMAL-WELFARE-INSTITUTE;organization=Animal Welfare Institute | benchmark/scripts/normalize_and_analyze.py#L253-L254,topic/EA/expected_structure=precomp_frozen; peer tier/final structure=post_source_verification_nonpay; structure_flag=post_filing; title_group=derived,precomp_normalized_metadata + filing_derived_role_data + post_filing_flag + derived_title_group,https://apps.irs.gov/pub/epostcard/990/xml/2025/202543189349305814_public.xml,high,
form990::SRC-990-EXT-ARMS-CONTROL-ASSOCIATION,source_id,SRC-990-EXT-ARMS-CONTROL-ASSOCIATION,EXT2-008,Arms Control Association,form990,extension2,C,Tier C broad sensitivity,Incumbent peer tier Tier C broad sensitivity with comparability score 69.0; analysis status primary_with_structure_flag. Nuclear-risk and arms-control research/advocacy organization; topical relevance but far below RP scale.,"benchmark/deliverables/form990_evidence.csv#row=103;source_id=SRC-990-EXT-ARMS-CONTROL-ASSOCIATION;organization=Arms Control Association | benchmark/scripts/normalize_and_analyze.py#L35-L36,L75-L79",EA-adjacent,EA-adjacent,EA relationship EA-adjacent is preserved from the frozen/precomp organization classification or legacy normalized bridge.,benchmark/frozen/combined_peer_universe_3wave_precomp.csv#row=169;candidate_id=EXT2-008;organization=Arms Control Association,independent nonprofit,well_below_scale,Expected organization structure is independent nonprofit. Observation-specific structure flag is well_below_scale: Nuclear-risk and arms-control research/advocacy organization; topical relevance but far below RP scale.,benchmark/frozen/combined_peer_universe_3wave_precomp.csv#row=169;candidate_id=EXT2-008;organization=Arms Control Association | benchmark/deliverables/form990_evidence.csv#row=103;source_id=SRC-990-EXT-ARMS-CONTROL-ASSOCIATION;organization=Arms Control Association,"AI, catastrophic risk, biosecurity, and technology policy",Nuclear-risk and arms-control research/advocacy organization; topical relevance but far below RP scale.,"Precomp/legacy normalized topic cluster is AI, catastrophic risk, biosecurity, and technology policy; filing notes provide the organization-specific operating-model context.",benchmark/frozen/combined_peer_universe_3wave_precomp.csv#row=169;candidate_id=EXT2-008;organization=Arms Control Association,Executive Director,ED_or_President,"Raw filing title ""Executive Director"" is normalized to ED_or_President by the binary title-group rule.",benchmark/deliverables/form990_evidence.csv#row=103;source_id=SRC-990-EXT-ARMS-CONTROL-ASSOCIATION;organization=Arms Control Association | benchmark/scripts/normalize_and_analyze.py#L253-L254,topic/EA/expected_structure=precomp_frozen; peer tier/final structure=post_source_verification_nonpay; structure_flag=post_filing; title_group=derived,precomp_normalized_metadata + filing_derived_role_data + post_filing_flag + derived_title_group,https://apps.irs.gov/pub/epostcard/990/xml/2026/202621349349307892_public.xml,high,
form990::SRC-990-EXT-BETTER-FOOD-FOUNDATION,source_id,SRC-990-EXT-BETTER-FOOD-FOUNDATION,EXT3-135,Better Food Foundation,form990,extension3,C,Tier C broad sensitivity,Incumbent peer tier Tier C broad sensitivity with comparability score 69.0; analysis status primary_with_structure_flag. EA-adjacent food-system strategy comparator; materially below RP scale and included only in Tier C sensitivity.,"benchmark/deliverables/form990_evidence.csv#row=136;source_id=SRC-990-EXT-BETTER-FOOD-FOUNDATION;organization=Better Food Foundation | benchmark/scripts/normalize_and_analyze.py#L35-L36,L75-L79",EA-adjacent,EA-adjacent,EA relationship EA-adjacent is preserved from the frozen/precomp organization classification or legacy normalized bridge.,benchmark/frozen/combined_peer_universe_3wave_precomp.csv#row=441;candidate_id=EXT3-135;organization=Better Food Foundation,independent nonprofit,well_below_scale_food_system_strategy,Expected organization structure is independent nonprofit. Observation-specific structure flag is well_below_scale_food_system_strategy: EA-adjacent food-system strategy comparator; materially below RP scale and included only in Tier C sensitivity.,benchmark/frozen/combined_peer_universe_3wave_precomp.csv#row=441;candidate_id=EXT3-135;organization=Better Food Foundation | benchmark/deliverables/form990_evidence.csv#row=136;source_id=SRC-990-EXT-BETTER-FOOD-FOUNDATION;organization=Better Food Foundation,animal welfare and food systems,EA-adjacent food-system strategy comparator; materially below RP scale and included only in Tier C sensitivity.,Precomp/legacy normalized topic cluster is animal welfare and food systems; filing notes provide the organization-specific operating-model context.,benchmark/frozen/combined_peer_universe_3wave_precomp.csv#row=441;candidate_id=EXT3-135;organization=Better Food Foundation,Executive Director,ED_or_President,"Raw filing title ""Executive Director"" is normalized to ED_or_President by the binary title-group rule.",benchmark/deliverables/form990_evidence.csv#row=136;source_id=SRC-990-EXT-BETTER-FOOD-FOUNDATION;organization=Better Food Foundation | benchmark/scripts/normalize_and_analyze.py#L253-L254,topic/EA/expected_structure=precomp_frozen; peer tier/final structure=post_source_verification_nonpay; structure_flag=post_filing; title_group=derived,precomp_normalized_metadata + filing_derived_role_data + post_filing_flag + derived_title_group,https://apps.irs.gov/pub/epostcard/990/xml/2025/202533169349305288_public.xml,high,
form990::SRC-990-EXT-BIPARTISAN-POLICY-CENTER,source_id,SRC-990-EXT-BIPARTISAN-POLICY-CENTER,EXT2-033,Bipartisan Policy Center,form990,extension2,B,Tier B weighted secondary,Incumbent peer tier Tier B weighted secondary with comparability score 75.0; analysis status primary_with_structure_flag. Strong policy-research function but above RP scale; CEO compensation includes related-organization amount.,"benchmark/deliverables/form990_evidence.csv#row=65;source_id=SRC-990-EXT-BIPARTISAN-POLICY-CENTER;organization=Bipartisan Policy Center | benchmark/scripts/normalize_and_analyze.py#L35-L36,L75-L79",functional-only,functional-only,EA relationship functional-only is preserved from the frozen/precomp organization classification or legacy normalized bridge.,benchmark/frozen/combined_peer_universe_3wave_precomp.csv#row=194;candidate_id=EXT2-033;organization=Bipartisan Policy Center,independent nonprofit,above_scale_related_org_pay,Expected organization structure is independent nonprofit. Observation-specific structure flag is above_scale_related_org_pay: Strong policy-research function but above RP scale; CEO compensation includes related-organization amount.,benchmark/frozen/combined_peer_universe_3wave_precomp.csv#row=194;candidate_id=EXT2-033;organization=Bipartisan Policy Center | benchmark/deliverables/form990_evidence.csv#row=65;source_id=SRC-990-EXT-BIPARTISAN-POLICY-CENTER;organization=Bipartisan Policy Center,"Research, evaluation, philanthropy infrastructure, and policy",Strong policy-research function but above RP scale; CEO compensation includes related-organization amount.,"Precomp/legacy normalized topic cluster is Research, evaluation, philanthropy infrastructure, and policy; filing notes provide the organization-specific operating-model context.",benchmark/frozen/combined_peer_universe_3wave_precomp.csv#row=194;candidate_id=EXT2-033;organization=Bipartisan Policy Center,President & CEO,CEO_title_match,"Raw filing title ""President & CEO"" is normalized to CEO_title_match by the binary title-group rule.",benchmark/deliverables/form990_evidence.csv#row=65;source_id=SRC-990-EXT-BIPARTISAN-POLICY-CENTER;organization=Bipartisan Policy Center | benchmark/scripts/normalize_and_analyze.py#L253-L254,topic/EA/expected_structure=precomp_frozen; peer tier/final structure=post_source_verification_nonpay; structure_flag=post_filing; title_group=derived,precomp_normalized_metadata + filing_derived_role_data + post_filing_flag + derived_title_group,https://apps.irs.gov/pub/epostcard/990/xml/2025/202513109349302561_public.xml,medium,"Observation structure label is compensation-informed and post-filing, but did not affect precomp peer selection."
form990::SRC-990-EXT-BREAKTHROUGH-INSTITUTE,source_id,SRC-990-EXT-BREAKTHROUGH-INSTITUTE,EXT2-100,Breakthrough Institute,form990,extension2,A,Tier A expanded primary,Incumbent peer tier Tier A expanded primary with comparability score 88.0; analysis status primary. Climate and technology policy research institute with close expense scale.,"benchmark/deliverables/form990_evidence.csv#row=85;source_id=SRC-990-EXT-BREAKTHROUGH-INSTITUTE;organization=Breakthrough Institute | benchmark/scripts/normalize_and_analyze.py#L35-L36,L75-L79",EA-adjacent,EA-adjacent,EA relationship EA-adjacent is preserved from the frozen/precomp organization classification or legacy normalized bridge.,benchmark/frozen/combined_peer_universe_3wave_precomp.csv#row=261;candidate_id=EXT2-100;organization=Breakthrough Institute,independent nonprofit,none,Expected organization structure is independent nonprofit. Observation-specific structure flag is none: Climate and technology policy research institute with close expense scale.,benchmark/frozen/combined_peer_universe_3wave_precomp.csv#row=261;candidate_id=EXT2-100;organization=Breakthrough Institute | benchmark/deliverables/form990_evidence.csv#row=85;source_id=SRC-990-EXT-BREAKTHROUGH-INSTITUTE;organization=Breakthrough Institute,"Climate, environment, and evidence",Climate and technology policy research institute with close expense scale.,"Precomp/legacy normalized topic cluster is Climate, environment, and evidence; filing notes provide the organization-specific operating-model context.",benchmark/frozen/combined_peer_universe_3wave_precomp.csv#row=261;candidate_id=EXT2-100;organization=Breakthrough Institute,Executive Director,ED_or_President,"Raw filing title ""Executive Director"" is normalized to ED_or_President by the binary title-group rule.",benchmark/deliverables/form990_evidence.csv#row=85;source_id=SRC-990-EXT-BREAKTHROUGH-INSTITUTE;organization=Breakthrough Institute | benchmark/scripts/normalize_and_analyze.py#L253-L254,topic/EA/expected_structure=precomp_frozen; peer tier/final structure=post_source_verification_nonpay; structure_flag=post_filing; title_group=derived,precomp_normalized_metadata + filing_derived_role_data + post_filing_flag + derived_title_group,https://apps.irs.gov/pub/epostcard/990/xml/2026/202631469349301333_public.xml,high,
form990::SRC-990-EXT-BRENNAN-CENTER-FOR-JUSTICE,source_id,SRC-990-EXT-BRENNAN-CENTER-FOR-JUSTICE,EXT2-042,Brennan Center for Justice,form990,extension2,C,Tier C broad sensitivity,Incumbent peer tier Tier C broad sensitivity with comparability score 68.0; analysis status structural_sensitivity. Large university-affiliated policy center with both a president and separately compensated executive director; not pooled in clean primary analysis.,"benchmark/deliverables/form990_evidence.csv#row=91;source_id=SRC-990-EXT-BRENNAN-CENTER-FOR-JUSTICE;organization=Brennan Center for Justice | benchmark/scripts/normalize_and_analyze.py#L35-L36,L75-L79",functional-only,functional-only,EA relationship functional-only is preserved from the frozen/precomp organization classification or legacy normalized bridge.,benchmark/frozen/combined_peer_universe_3wave_precomp.csv#row=203;candidate_id=EXT2-042;organization=Brennan Center for Justice,university-affiliated nonprofit,university_affiliate_dual_top_leadership_large_scale,Expected organization structure is university-affiliated nonprofit. Observation-specific structure flag is university_affiliate_dual_top_leadership_large_scale: Large university-affiliated policy center with both a president and separately compensated executive director; not pooled in clean primary analysis.,benchmark/frozen/combined_peer_universe_3wave_precomp.csv#row=203;candidate_id=EXT2-042;organization=Brennan Center for Justice | benchmark/deliverables/form990_evidence.csv#row=91;source_id=SRC-990-EXT-BRENNAN-CENTER-FOR-JUSTICE;organization=Brennan Center for Justice,"Research, evaluation, philanthropy infrastructure, and policy",Large university-affiliated policy center with both a president and separately compensated executive director; not pooled in clean primary analysis.,"Precomp/legacy normalized topic cluster is Research, evaluation, philanthropy infrastructure, and policy; filing notes provide the organization-specific operating-model context.",benchmark/frozen/combined_peer_universe_3wave_precomp.csv#row=203;candidate_id=EXT2-042;organization=Brennan Center for Justice,President,ED_or_President,"Raw filing title ""President"" is normalized to ED_or_President by the binary title-group rule.",benchmark/deliverables/form990_evidence.csv#row=91;source_id=SRC-990-EXT-BRENNAN-CENTER-FOR-JUSTICE;organization=Brennan Center for Justice | benchmark/scripts/normalize_and_analyze.py#L253-L254,topic/EA/expected_structure=precomp_frozen; peer tier/final structure=post_source_verification_nonpay; structure_flag=post_filing; title_group=derived,precomp_normalized_metadata + filing_derived_role_data + post_filing_flag + derived_title_group,https://apps.irs.gov/pub/epostcard/990/xml/2026/202621289349303897_public.xml,high,
form990::SRC-990-EXT-BULLETIN-OF-THE-ATOMIC-SCIENTISTS,source_id,SRC-990-EXT-BULLETIN-OF-THE-ATOMIC-SCIENTISTS,EXP-114,Bulletin of the Atomic Scientists,form990,previous_expansion,A,Tier A expanded primary,Incumbent peer tier Tier A expanded primary with comparability score 80.0; analysis status primary_with_structure_flag. Knowledge/publication model; retained but excluded in research-operations-only sensitivity.,"benchmark/deliverables/form990_evidence.csv#row=34;source_id=SRC-990-EXT-BULLETIN-OF-THE-ATOMIC-SCIENTISTS;organization=Bulletin of the Atomic Scientists | benchmark/scripts/normalize_and_analyze.py#L35-L36,L75-L79",EA-adjacent,EA-adjacent,EA relationship EA-adjacent is preserved from the frozen/precomp organization classification or legacy normalized bridge.,benchmark/frozen/combined_peer_universe_3wave_precomp.csv#row=36;candidate_id=EXP-114;organization=Bulletin of the Atomic Scientists,independent nonprofit,publishing_research_hybrid,Expected organization structure is independent nonprofit. Observation-specific structure flag is publishing_research_hybrid: Knowledge/publication model; retained but excluded in research-operations-only sensitivity.,benchmark/frozen/combined_peer_universe_3wave_precomp.csv#row=36;candidate_id=EXP-114;organization=Bulletin of the Atomic Scientists | benchmark/deliverables/form990_evidence.csv#row=34;source_id=SRC-990-EXT-BULLETIN-OF-THE-ATOMIC-SCIENTISTS;organization=Bulletin of the Atomic Scientists,"AI, catastrophic risk, biosecurity, and technology policy",Knowledge/publication model; retained but excluded in research-operations-only sensitivity.,"Precomp/legacy normalized topic cluster is AI, catastrophic risk, biosecurity, and technology policy; filing notes provide the organization-specific operating-model context.",benchmark/frozen/combined_peer_universe_3wave_precomp.csv#row=36;candidate_id=EXP-114;organization=Bulletin of the Atomic Scientists,CEO,CEO_title_match,"Raw filing title ""CEO"" is normalized to CEO_title_match by the binary title-group rule.",benchmark/deliverables/form990_evidence.csv#row=34;source_id=SRC-990-EXT-BULLETIN-OF-THE-ATOMIC-SCIENTISTS;organization=Bulletin of the Atomic Scientists | benchmark/scripts/normalize_and_analyze.py#L253-L254,topic/EA/expected_structure=precomp_frozen; peer tier/final structure=post_source_verification_nonpay; structure_flag=post_filing; title_group=derived,precomp_normalized_metadata + filing_derived_role_data + post_filing_flag + derived_title_group,https://apps.irs.gov/pub/epostcard/990/xml/2026/202610149349301801_public.xml,high,
form990::SRC-990-EXT3-CARBON-MAPPER,source_id,SRC-990-EXT3-CARBON-MAPPER,EXT3-115,Carbon Mapper,form990,extension3,A,Tier A expanded primary,Incumbent peer tier Tier A expanded primary with comparability score 87.0; analysis status primary_with_structure_flag. Technical climate-data and measurement nonprofit. Expense scale fits; unusually high current revenue and technical-delivery model are isolated in sensitivities.,"benchmark/deliverables/form990_evidence.csv#row=112;source_id=SRC-990-EXT3-CARBON-MAPPER;organization=Carbon Mapper | benchmark/scripts/normalize_and_analyze.py#L35-L36,L75-L79",EA-adjacent,EA-adjacent,EA relationship EA-adjacent is preserved from the frozen/precomp organization classification or legacy normalized bridge.,benchmark/frozen/combined_peer_universe_3wave_precomp.csv#row=421;candidate_id=EXT3-115;organization=Carbon Mapper,independent nonprofit,large_revenue_spike_and_technical_delivery,Expected organization structure is independent nonprofit. Observation-specific structure flag is large_revenue_spike_and_technical_delivery: Technical climate-data and measurement nonprofit. Expense scale fits; unusually high current revenue and technical-delivery model are isolated in sensitivities.,benchmark/frozen/combined_peer_universe_3wave_precomp.csv#row=421;candidate_id=EXT3-115;organization=Carbon Mapper | benchmark/deliverables/form990_evidence.csv#row=112;source_id=SRC-990-EXT3-CARBON-MAPPER;organization=Carbon Mapper,climate and evidence,Technical climate-data and measurement nonprofit. Expense scale fits; unusually high current revenue and technical-delivery model are isolated in sensitivities.,Precomp/legacy normalized topic cluster is climate and evidence; filing notes provide the organization-specific operating-model context.,benchmark/frozen/combined_peer_universe_3wave_precomp.csv#row=421;candidate_id=EXT3-115;organization=Carbon Mapper,Director & CEO,CEO_title_match,"Raw filing title ""Director & CEO"" is normalized to CEO_title_match by the binary title-group rule.",benchmark/deliverables/form990_evidence.csv#row=112;source_id=SRC-990-EXT3-CARBON-MAPPER;organization=Carbon Mapper | benchmark/scripts/normalize_and_analyze.py#L253-L254,topic/EA/expected_structure=precomp_frozen; peer tier/final structure=post_source_verification_nonpay; structure_flag=post_filing; title_group=derived,precomp_normalized_metadata + filing_derived_role_data + post_filing_flag + derived_title_group,https://apps.irs.gov/pub/epostcard/990/xml/2026/202630139349300833_public.xml,high,
form990::SRC-990-EXT-CENTER-FOR-AI-SAFETY,source_id,SRC-990-EXT-CENTER-FOR-AI-SAFETY,EXP-093,Center for AI Safety,form990,previous_expansion,A,Tier A expanded primary,Incumbent peer tier Tier A expanded primary with comparability score 94.0; analysis status primary. Founder retained; exclude in founder sensitivity.,"benchmark/deliverables/form990_evidence.csv#row=11;source_id=SRC-990-EXT-CENTER-FOR-AI-SAFETY;organization=Center for AI Safety | benchmark/scripts/normalize_and_analyze.py#L35-L36,L75-L79",EA-adjacent,EA-adjacent,EA relationship EA-adjacent is preserved from the frozen/precomp organization classification or legacy normalized bridge.,benchmark/frozen/combined_peer_universe_3wave_precomp.csv#row=2;candidate_id=EXP-093;organization=Center for AI Safety,independent nonprofit,founder,Expected organization structure is independent nonprofit. Observation-specific structure flag is founder: Founder retained; exclude in founder sensitivity.,benchmark/frozen/combined_peer_universe_3wave_precomp.csv#row=2;candidate_id=EXP-093;organization=Center for AI Safety | benchmark/deliverables/form990_evidence.csv#row=11;source_id=SRC-990-EXT-CENTER-FOR-AI-SAFETY;organization=Center for AI Safety,"AI, catastrophic risk, biosecurity, and technology policy",Founder retained; exclude in founder sensitivity.,"Precomp/legacy normalized topic cluster is AI, catastrophic risk, biosecurity, and technology policy; filing notes provide the organization-specific operating-model context.",benchmark/frozen/combined_peer_universe_3wave_precomp.csv#row=2;candidate_id=EXP-093;organization=Center for AI Safety,President & Treasurer,ED_or_President,"Raw filing title ""President & Treasurer"" is normalized to ED_or_President by the binary title-group rule.",benchmark/deliverables/form990_evidence.csv#row=11;source_id=SRC-990-EXT-CENTER-FOR-AI-SAFETY;organization=Center for AI Safety | benchmark/scripts/normalize_and_analyze.py#L253-L254,topic/EA/expected_structure=precomp_frozen; peer tier/final structure=post_source_verification_nonpay; structure_flag=post_filing; title_group=derived,precomp_normalized_metadata + filing_derived_role_data + post_filing_flag + derived_title_group,https://apps.irs.gov/pub/epostcard/990/xml/2025/202503219349323615_public.xml,high,
form990::SRC-990-EXT-CENTER-FOR-AI-AND-DIGITAL-POLICY,source_id,SRC-990-EXT-CENTER-FOR-AI-AND-DIGITAL-POLICY,EXT2-003,Center for AI and Digital Policy,form990,extension2,C,Tier C broad sensitivity,"Incumbent peer tier Tier C broad sensitivity with comparability score 61.0; analysis status structural_sensitivity. Highly relevant AI-policy topic, but far below scale and has both a paid president and paid executive director.","benchmark/deliverables/form990_evidence.csv#row=105;source_id=SRC-990-EXT-CENTER-FOR-AI-AND-DIGITAL-POLICY;organization=Center for AI and Digital Policy | benchmark/scripts/normalize_and_analyze.py#L35-L36,L75-L79",EA-adjacent,EA-adjacent,EA relationship EA-adjacent is preserved from the frozen/precomp organization classification or legacy normalized bridge.,benchmark/frozen/combined_peer_universe_3wave_precomp.csv#row=164;candidate_id=EXT2-003;organization=Center for AI and Digital Policy,independent nonprofit,dual_top_leadership_and_far_below_scale,"Expected organization structure is independent nonprofit. Observation-specific structure flag is dual_top_leadership_and_far_below_scale: Highly relevant AI-policy topic, but far below scale and has both a paid president and paid executive director.",benchmark/frozen/combined_peer_universe_3wave_precomp.csv#row=164;candidate_id=EXT2-003;organization=Center for AI and Digital Policy | benchmark/deliverables/form990_evidence.csv#row=105;source_id=SRC-990-EXT-CENTER-FOR-AI-AND-DIGITAL-POLICY;organization=Center for AI and Digital Policy,"AI, catastrophic risk, biosecurity, and technology policy","Highly relevant AI-policy topic, but far below scale and has both a paid president and paid executive director.","Precomp/legacy normalized topic cluster is AI, catastrophic risk, biosecurity, and technology policy; filing notes provide the organization-specific operating-model context.",benchmark/frozen/combined_peer_universe_3wave_precomp.csv#row=164;candidate_id=EXT2-003;organization=Center for AI and Digital Policy,President,ED_or_President,"Raw filing title ""President"" is normalized to ED_or_President by the binary title-group rule.",benchmark/deliverables/form990_evidence.csv#row=105;source_id=SRC-990-EXT-CENTER-FOR-AI-AND-DIGITAL-POLICY;organization=Center for AI and Digital Policy | benchmark/scripts/normalize_and_analyze.py#L253-L254,topic/EA/expected_structure=precomp_frozen; peer tier/final structure=post_source_verification_nonpay; structure_flag=post_filing; title_group=derived,precomp_normalized_metadata + filing_derived_role_data + post_filing_flag + derived_title_group,https://apps.irs.gov/pub/epostcard/990/xml/2026/202631359349302858_public.xml,high,
form990::SRC-990-EXT3-CENTER-FOR-ARMS-CONTROL-AND-NON-PROLIFERATION,source_id,SRC-990-EXT3-CENTER-FOR-ARMS-CONTROL-AND-NON-PROLIFERATION,EXT3-073,Center for Arms Control and Non-Proliferation,form990,extension3,C,Tier C broad sensitivity,"Incumbent peer tier Tier C broad sensitivity with comparability score 68.0; analysis status primary. Topically relevant nuclear-risk policy organization, but materially below RP scale; included only as Tier C broad sensitivity.","benchmark/deliverables/form990_evidence.csv#row=113;source_id=SRC-990-EXT3-CENTER-FOR-ARMS-CONTROL-AND-NON-PROLIFERATION;organization=Center for Arms Control and Non-Proliferation | benchmark/scripts/normalize_and_analyze.py#L35-L36,L75-L79",EA-adjacent,EA-adjacent,EA relationship EA-adjacent is preserved from the frozen/precomp organization classification or legacy normalized bridge.,benchmark/frozen/combined_peer_universe_3wave_precomp.csv#row=379;candidate_id=EXT3-073;organization=Center for Arms Control and Non-Proliferation,independent nonprofit,well_below_scale,"Expected organization structure is independent nonprofit. Observation-specific structure flag is well_below_scale: Topically relevant nuclear-risk policy organization, but materially below RP scale; included only as Tier C broad sensitivity.",benchmark/frozen/combined_peer_universe_3wave_precomp.csv#row=379;candidate_id=EXT3-073;organization=Center for Arms Control and Non-Proliferation | benchmark/deliverables/form990_evidence.csv#row=113;source_id=SRC-990-EXT3-CENTER-FOR-ARMS-CONTROL-AND-NON-PROLIFERATION;organization=Center for Arms Control and Non-Proliferation,nuclear risk and security,"Topically relevant nuclear-risk policy organization, but materially below RP scale; included only as Tier C broad sensitivity.",Precomp/legacy normalized topic cluster is nuclear risk and security; filing notes provide the organization-specific operating-model context.,benchmark/frozen/combined_peer_universe_3wave_precomp.csv#row=379;candidate_id=EXT3-073;organization=Center for Arms Control and Non-Proliferation,Executive Director,ED_or_President,"Raw filing title ""Executive Director"" is normalized to ED_or_President by the binary title-group rule.",benchmark/deliverables/form990_evidence.csv#row=113;source_id=SRC-990-EXT3-CENTER-FOR-ARMS-CONTROL-AND-NON-PROLIFERATION;organization=Center for Arms Control and Non-Proliferation | benchmark/scripts/normalize_and_analyze.py#L253-L254,topic/EA/expected_structure=precomp_frozen; peer tier/final structure=post_source_verification_nonpay; structure_flag=post_filing; title_group=derived,precomp_normalized_metadata + filing_derived_role_data + post_filing_flag + derived_title_group,https://apps.irs.gov/pub/epostcard/990/xml/2025/202523179349304722_public.xml,high,
form990::SRC-990-EXT-CENTER-FOR-CLIMATE-AND-ENERGY-SOLUTIONS,source_id,SRC-990-EXT-CENTER-FOR-CLIMATE-AND-ENERGY-SOLUTIONS,EXT2-102,Center for Climate and Energy Solutions,form990,extension2,A,Tier A expanded primary,Incumbent peer tier Tier A expanded primary with comparability score 88.0; analysis status primary_with_structure_flag. Climate-policy research institute; expenses modestly above RP strict band but within expanded band.,"benchmark/deliverables/form990_evidence.csv#row=86;source_id=SRC-990-EXT-CENTER-FOR-CLIMATE-AND-ENERGY-SOLUTIONS;organization=Center for Climate and Energy Solutions | benchmark/scripts/normalize_and_analyze.py#L35-L36,L75-L79",EA-adjacent,EA-adjacent,EA relationship EA-adjacent is preserved from the frozen/precomp organization classification or legacy normalized bridge.,benchmark/frozen/combined_peer_universe_3wave_precomp.csv#row=263;candidate_id=EXT2-102;organization=Center for Climate and Energy Solutions,independent nonprofit,upper_edge_scale,Expected organization structure is independent nonprofit. Observation-specific structure flag is upper_edge_scale: Climate-policy research institute; expenses modestly above RP strict band but within expanded band.,benchmark/frozen/combined_peer_universe_3wave_precomp.csv#row=263;candidate_id=EXT2-102;organization=Center for Climate and Energy Solutions | benchmark/deliverables/form990_evidence.csv#row=86;source_id=SRC-990-EXT-CENTER-FOR-CLIMATE-AND-ENERGY-SOLUTIONS;organization=Center for Climate and Energy Solutions,"Climate, environment, and evidence",Climate-policy research institute; expenses modestly above RP strict band but within expanded band.,"Precomp/legacy normalized topic cluster is Climate, environment, and evidence; filing notes provide the organization-specific operating-model context.",benchmark/frozen/combined_peer_universe_3wave_precomp.csv#row=263;candidate_id=EXT2-102;organization=Center for Climate and Energy Solutions,President,ED_or_President,"Raw filing title ""President"" is normalized to ED_or_President by the binary title-group rule.",benchmark/deliverables/form990_evidence.csv#row=86;source_id=SRC-990-EXT-CENTER-FOR-CLIMATE-AND-ENERGY-SOLUTIONS;organization=Center for Climate and Energy Solutions | benchmark/scripts/normalize_and_analyze.py#L253-L254,topic/EA/expected_structure=precomp_frozen; peer tier/final structure=post_source_verification_nonpay; structure_flag=post_filing; title_group=derived,precomp_normalized_metadata + filing_derived_role_data + post_filing_flag + derived_title_group,https://apps.irs.gov/pub/epostcard/990/xml/2026/202631619349300808_public.xml,high,
form990::SRC-990-EXT-CENTER-FOR-DEMOCRACY-TECHNOLOGY,source_id,SRC-990-EXT-CENTER-FOR-DEMOCRACY-TECHNOLOGY,EXP-123,Center for Democracy & Technology,form990,legacy_original,A,strict_primary,Incumbent peer tier strict_primary with comparability score 92.0; analysis status primary. Strong technology-policy research match.,"benchmark/deliverables/form990_evidence.csv#row=6;source_id=SRC-990-EXT-CENTER-FOR-DEMOCRACY-TECHNOLOGY;organization=Center for Democracy & Technology | benchmark/scripts/normalize_and_analyze.py#L35-L36,L75-L79",EA-adjacent,EA-adjacent,EA relationship EA-adjacent is preserved from the frozen/precomp organization classification or legacy normalized bridge.,benchmark/frozen/combined_peer_universe_3wave_precomp.csv#row=7;candidate_id=EXP-123;organization=Center for Democracy & Technology,independent nonprofit,none,Expected organization structure is independent nonprofit. Observation-specific structure flag is none: Strong technology-policy research match.,benchmark/frozen/combined_peer_universe_3wave_precomp.csv#row=7;candidate_id=EXP-123;organization=Center for Democracy & Technology | benchmark/deliverables/form990_evidence.csv#row=6;source_id=SRC-990-EXT-CENTER-FOR-DEMOCRACY-TECHNOLOGY;organization=Center for Democracy & Technology,"AI, catastrophic risk, biosecurity, and technology policy",Strong technology-policy research match.,"Precomp/legacy normalized topic cluster is AI, catastrophic risk, biosecurity, and technology policy; filing notes provide the organization-specific operating-model context.",benchmark/frozen/combined_peer_universe_3wave_precomp.csv#row=7;candidate_id=EXP-123;organization=Center for Democracy & Technology,President & CEO,CEO_title_match,"Raw filing title ""President & CEO"" is normalized to CEO_title_match by the binary title-group rule.",benchmark/deliverables/form990_evidence.csv#row=6;source_id=SRC-990-EXT-CENTER-FOR-DEMOCRACY-TECHNOLOGY;organization=Center for Democracy & Technology | benchmark/scripts/normalize_and_analyze.py#L253-L254,topic/EA/expected_structure=precomp_frozen; peer tier/final structure=post_source_verification_nonpay; structure_flag=post_filing; title_group=derived,precomp_normalized_metadata + filing_derived_role_data + post_filing_flag + derived_title_group,https://apps.irs.gov/pub/epostcard/990/xml/2025/202533219349301933_public.xml,high,
form990::SRC-990-EXT-CENTER-FOR-ECONOMIC-AND-POLICY-RESEARCH,source_id,SRC-990-EXT-CENTER-FOR-ECONOMIC-AND-POLICY-RESEARCH,EXT2-028,Center for Economic and Policy Research,form990,extension2,B,Tier B weighted secondary,Incumbent peer tier Tier B weighted secondary with comparability score 78.0; analysis status structural_sensitivity. One of two co-directors; retained only as labeled co-leadership sensitivity and not pooled as a solo CEO. Co-director observation excluded from primary solo-CEO summaries.,"benchmark/deliverables/form990_evidence.csv#row=63;source_id=SRC-990-EXT-CENTER-FOR-ECONOMIC-AND-POLICY-RESEARCH;organization=Center for Economic and Policy Research | benchmark/scripts/normalize_and_analyze.py#L35-L36,L75-L79",functional-only,functional-only,EA relationship functional-only is preserved from the frozen/precomp organization classification or legacy normalized bridge.,benchmark/frozen/combined_peer_universe_3wave_precomp.csv#row=189;candidate_id=EXT2-028;organization=Center for Economic and Policy Research,independent nonprofit,co_directors,Expected organization structure is independent nonprofit. Observation-specific structure flag is co_directors: One of two co-directors; retained only as labeled co-leadership sensitivity and not pooled as a solo CEO.,benchmark/frozen/combined_peer_universe_3wave_precomp.csv#row=189;candidate_id=EXT2-028;organization=Center for Economic and Policy Research | benchmark/deliverables/form990_evidence.csv#row=63;source_id=SRC-990-EXT-CENTER-FOR-ECONOMIC-AND-POLICY-RESEARCH;organization=Center for Economic and Policy Research,"Research, evaluation, philanthropy infrastructure, and policy",One of two co-directors; retained only as labeled co-leadership sensitivity and not pooled as a solo CEO.,"Precomp/legacy normalized topic cluster is Research, evaluation, philanthropy infrastructure, and policy; filing notes provide the organization-specific operating-model context.",benchmark/frozen/combined_peer_universe_3wave_precomp.csv#row=189;candidate_id=EXT2-028;organization=Center for Economic and Policy Research,Co-Directors,ED_or_President,"Raw filing title ""Co-Directors"" is normalized to ED_or_President by the binary title-group rule.",benchmark/deliverables/form990_evidence.csv#row=63;source_id=SRC-990-EXT-CENTER-FOR-ECONOMIC-AND-POLICY-RESEARCH;organization=Center for Economic and Policy Research | benchmark/scripts/normalize_and_analyze.py#L253-L254,topic/EA/expected_structure=precomp_frozen; peer tier/final structure=post_source_verification_nonpay; structure_flag=post_filing; title_group=derived,precomp_normalized_metadata + filing_derived_role_data + post_filing_flag + derived_title_group,https://apps.irs.gov/pub/epostcard/990/xml/2025/202543169349304999_public.xml,high,
form990::SRC-990-EXT-CENTER-FOR-EFFECTIVE-PHILANTHROPY,source_id,SRC-990-EXT-CENTER-FOR-EFFECTIVE-PHILANTHROPY,EXP-134,Center for Effective Philanthropy,form990,previous_expansion,A,Tier A expanded primary,"Incumbent peer tier Tier A expanded primary with comparability score 87.0; analysis status primary. Latest filing filed before Aug. 17, 2026 cutoff.","benchmark/deliverables/form990_evidence.csv#row=40;source_id=SRC-990-EXT-CENTER-FOR-EFFECTIVE-PHILANTHROPY;organization=Center for Effective Philanthropy | benchmark/scripts/normalize_and_analyze.py#L35-L36,L75-L79",functional-only,functional-only,EA relationship functional-only is preserved from the frozen/precomp organization classification or legacy normalized bridge.,benchmark/frozen/combined_peer_universe_3wave_precomp.csv#row=16;candidate_id=EXP-134;organization=Center for Effective Philanthropy,independent nonprofit,none,"Expected organization structure is independent nonprofit. Observation-specific structure flag is none: Latest filing filed before Aug. 17, 2026 cutoff.",benchmark/frozen/combined_peer_universe_3wave_precomp.csv#row=16;candidate_id=EXP-134;organization=Center for Effective Philanthropy | benchmark/deliverables/form990_evidence.csv#row=40;source_id=SRC-990-EXT-CENTER-FOR-EFFECTIVE-PHILANTHROPY;organization=Center for Effective Philanthropy,"Research, evaluation, philanthropy infrastructure, and policy","Latest filing filed before Aug. 17, 2026 cutoff.","Precomp/legacy normalized topic cluster is Research, evaluation, philanthropy infrastructure, and policy; filing notes provide the organization-specific operating-model context.",benchmark/frozen/combined_peer_universe_3wave_precomp.csv#row=16;candidate_id=EXP-134;organization=Center for Effective Philanthropy,President,ED_or_President,"Raw filing title ""President"" is normalized to ED_or_President by the binary title-group rule.",benchmark/deliverables/form990_evidence.csv#row=40;source_id=SRC-990-EXT-CENTER-FOR-EFFECTIVE-PHILANTHROPY;organization=Center for Effective Philanthropy | benchmark/scripts/normalize_and_analyze.py#L253-L254,topic/EA/expected_structure=precomp_frozen; peer tier/final structure=post_source_verification_nonpay; structure_flag=post_filing; title_group=derived,precomp_normalized_metadata + filing_derived_role_data + post_filing_flag + derived_title_group,https://apps.irs.gov/pub/epostcard/990/xml/2026/202602039349300145_public.xml,high,
form990::SRC-990-EXT3-CENTER-FOR-HEALTH-CARE-STRATEGIES,source_id,SRC-990-EXT3-CENTER-FOR-HEALTH-CARE-STRATEGIES,EXT3-020,Center for Health Care Strategies,form990,extension3,A,Tier A expanded primary,Incumbent peer tier Tier A expanded primary with comparability score 91.0; analysis status primary. Health-policy research and technical-assistance nonprofit; close operating-scale and full enterprise CEO match.,"benchmark/deliverables/form990_evidence.csv#row=110;source_id=SRC-990-EXT3-CENTER-FOR-HEALTH-CARE-STRATEGIES;organization=Center for Health Care Strategies | benchmark/scripts/normalize_and_analyze.py#L35-L36,L75-L79",functional-only,functional-only,EA relationship functional-only is preserved from the frozen/precomp organization classification or legacy normalized bridge.,benchmark/frozen/combined_peer_universe_3wave_precomp.csv#row=326;candidate_id=EXT3-020;organization=Center for Health Care Strategies,independent nonprofit,none,Expected organization structure is independent nonprofit. Observation-specific structure flag is none: Health-policy research and technical-assistance nonprofit; close operating-scale and full enterprise CEO match.,benchmark/frozen/combined_peer_universe_3wave_precomp.csv#row=326;candidate_id=EXT3-020;organization=Center for Health Care Strategies | benchmark/deliverables/form990_evidence.csv#row=110;source_id=SRC-990-EXT3-CENTER-FOR-HEALTH-CARE-STRATEGIES;organization=Center for Health Care Strategies,health policy and evidence,Health-policy research and technical-assistance nonprofit; close operating-scale and full enterprise CEO match.,Precomp/legacy normalized topic cluster is health policy and evidence; filing notes provide the organization-specific operating-model context.,benchmark/frozen/combined_peer_universe_3wave_precomp.csv#row=326;candidate_id=EXT3-020;organization=Center for Health Care Strategies,President & CEO,CEO_title_match,"Raw filing title ""President & CEO"" is normalized to CEO_title_match by the binary title-group rule.",benchmark/deliverables/form990_evidence.csv#row=110;source_id=SRC-990-EXT3-CENTER-FOR-HEALTH-CARE-STRATEGIES;organization=Center for Health Care Strategies | benchmark/scripts/normalize_and_analyze.py#L253-L254,topic/EA/expected_structure=precomp_frozen; peer tier/final structure=post_source_verification_nonpay; structure_flag=post_filing; title_group=derived,precomp_normalized_metadata + filing_derived_role_data + post_filing_flag + derived_title_group,https://apps.irs.gov/pub/epostcard/990/xml/2026/202631279349304653_public.xml,high,
form990::SRC-990-EXT3-CENTER-FOR-INTERNATIONAL-POLICY,source_id,SRC-990-EXT3-CENTER-FOR-INTERNATIONAL-POLICY,EXT3-071,Center for International Policy,form990,extension3,C,Tier C broad sensitivity,"Incumbent peer tier Tier C broad sensitivity with comparability score 68.0; analysis status primary. Foreign-policy research comparator with a clean CEO observation, but substantially below scale and in a deficit year; Tier C only.","benchmark/deliverables/form990_evidence.csv#row=115;source_id=SRC-990-EXT3-CENTER-FOR-INTERNATIONAL-POLICY;organization=Center for International Policy | benchmark/scripts/normalize_and_analyze.py#L35-L36,L75-L79",EA-adjacent,EA-adjacent,EA relationship EA-adjacent is preserved from the frozen/precomp organization classification or legacy normalized bridge.,benchmark/frozen/combined_peer_universe_3wave_precomp.csv#row=377;candidate_id=EXT3-071;organization=Center for International Policy,independent nonprofit,well_below_scale_and_deficit_year,"Expected organization structure is independent nonprofit. Observation-specific structure flag is well_below_scale_and_deficit_year: Foreign-policy research comparator with a clean CEO observation, but substantially below scale and in a deficit year; Tier C only.",benchmark/frozen/combined_peer_universe_3wave_precomp.csv#row=377;candidate_id=EXT3-071;organization=Center for International Policy | benchmark/deliverables/form990_evidence.csv#row=115;source_id=SRC-990-EXT3-CENTER-FOR-INTERNATIONAL-POLICY;organization=Center for International Policy,security and foreign policy,"Foreign-policy research comparator with a clean CEO observation, but substantially below scale and in a deficit year; Tier C only.",Precomp/legacy normalized topic cluster is security and foreign policy; filing notes provide the organization-specific operating-model context.,benchmark/frozen/combined_peer_universe_3wave_precomp.csv#row=377;candidate_id=EXT3-071;organization=Center for International Policy,President & CEO,CEO_title_match,"Raw filing title ""President & CEO"" is normalized to CEO_title_match by the binary title-group rule.",benchmark/deliverables/form990_evidence.csv#row=115;source_id=SRC-990-EXT3-CENTER-FOR-INTERNATIONAL-POLICY;organization=Center for International Policy | benchmark/scripts/normalize_and_analyze.py#L253-L254,topic/EA/expected_structure=precomp_frozen; peer tier/final structure=post_source_verification_nonpay; structure_flag=post_filing; title_group=derived,precomp_normalized_metadata + filing_derived_role_data + post_filing_flag + derived_title_group,https://apps.irs.gov/pub/epostcard/990/xml/2025/202513189349309501_public.xml,high,
form990::SRC-990-EXT-CENTER-FOR-LAW-AND-SOCIAL-POLICY,source_id,SRC-990-EXT-CENTER-FOR-LAW-AND-SOCIAL-POLICY,EXP-156,Center for Law and Social Policy,form990,previous_expansion,A,Tier A expanded primary,"Incumbent peer tier Tier A expanded primary with comparability score 81.0; analysis status excluded_transition. Not annualized. President/ED departed June 14, 2024; acting and interim leadership followed.","benchmark/deliverables/form990_evidence.csv#row=30;source_id=SRC-990-EXT-CENTER-FOR-LAW-AND-SOCIAL-POLICY;organization=Center for Law and Social Policy | benchmark/scripts/normalize_and_analyze.py#L35-L36,L75-L79",functional-only,functional-only,EA relationship functional-only is preserved from the frozen/precomp organization classification or legacy normalized bridge.,benchmark/frozen/combined_peer_universe_3wave_precomp.csv#row=32;candidate_id=EXP-156;organization=Center for Law and Social Policy,independent nonprofit,leadership_transition,Expected organization structure is independent nonprofit. Observation-specific structure flag is leadership_transition: Not annualized.,benchmark/frozen/combined_peer_universe_3wave_precomp.csv#row=32;candidate_id=EXP-156;organization=Center for Law and Social Policy | benchmark/deliverables/form990_evidence.csv#row=30;source_id=SRC-990-EXT-CENTER-FOR-LAW-AND-SOCIAL-POLICY;organization=Center for Law and Social Policy,"Research, evaluation, philanthropy infrastructure, and policy",Not annualized.,"Precomp/legacy normalized topic cluster is Research, evaluation, philanthropy infrastructure, and policy; filing notes provide the organization-specific operating-model context.",benchmark/frozen/combined_peer_universe_3wave_precomp.csv#row=32;candidate_id=EXP-156;organization=Center for Law and Social Policy,President & Executive Director,ED_or_President,"Raw filing title ""President & Executive Director"" is normalized to ED_or_President by the binary title-group rule.",benchmark/deliverables/form990_evidence.csv#row=30;source_id=SRC-990-EXT-CENTER-FOR-LAW-AND-SOCIAL-POLICY;organization=Center for Law and Social Policy | benchmark/scripts/normalize_and_analyze.py#L253-L254,topic/EA/expected_structure=precomp_frozen; peer tier/final structure=post_source_verification_nonpay; structure_flag=post_filing; title_group=derived,precomp_normalized_metadata + filing_derived_role_data + post_filing_flag + derived_title_group,https://apps.irs.gov/pub/epostcard/990/xml/2025/202513189349314621_public.xml,high,
form990::SRC-990-EXT-CENTER-FOR-OPEN-SCIENCE,source_id,SRC-990-EXT-CENTER-FOR-OPEN-SCIENCE,EXP-131,Center for Open Science,form990,legacy_original,A,strict_primary,Incumbent peer tier strict_primary with comparability score 87.0; analysis status primary. Founder retained in main sample and excluded in founder sensitivity.,"benchmark/deliverables/form990_evidence.csv#row=4;source_id=SRC-990-EXT-CENTER-FOR-OPEN-SCIENCE;organization=Center for Open Science | benchmark/scripts/normalize_and_analyze.py#L35-L36,L75-L79",functional-only,functional-only,EA relationship functional-only is preserved from the frozen/precomp organization classification or legacy normalized bridge.,benchmark/frozen/combined_peer_universe_3wave_precomp.csv#row=17;candidate_id=EXP-131;organization=Center for Open Science,independent nonprofit,founder,Expected organization structure is independent nonprofit. Observation-specific structure flag is founder: Founder retained in main sample and excluded in founder sensitivity.,benchmark/frozen/combined_peer_universe_3wave_precomp.csv#row=17;candidate_id=EXP-131;organization=Center for Open Science | benchmark/deliverables/form990_evidence.csv#row=4;source_id=SRC-990-EXT-CENTER-FOR-OPEN-SCIENCE;organization=Center for Open Science,"Research, evaluation, philanthropy infrastructure, and policy",Founder retained in main sample and excluded in founder sensitivity.,"Precomp/legacy normalized topic cluster is Research, evaluation, philanthropy infrastructure, and policy; filing notes provide the organization-specific operating-model context.",benchmark/frozen/combined_peer_universe_3wave_precomp.csv#row=17;candidate_id=EXP-131;organization=Center for Open Science,Executive Director,ED_or_President,"Raw filing title ""Executive Director"" is normalized to ED_or_President by the binary title-group rule.",benchmark/deliverables/form990_evidence.csv#row=4;source_id=SRC-990-EXT-CENTER-FOR-OPEN-SCIENCE;organization=Center for Open Science | benchmark/scripts/normalize_and_analyze.py#L253-L254,topic/EA/expected_structure=precomp_frozen; peer tier/final structure=post_source_verification_nonpay; structure_flag=post_filing; title_group=derived,precomp_normalized_metadata + filing_derived_role_data + post_filing_flag + derived_title_group,https://apps.irs.gov/pub/epostcard/990/xml/2025/202513219349318466_public.xml,high,
form990::SRC-990-EXT-CENTER-FOR-PUBLIC-INTEGRITY,source_id,SRC-990-EXT-CENTER-FOR-PUBLIC-INTEGRITY,EXT2-039,Center for Public Integrity,form990,extension2,B,Tier B weighted secondary,Incumbent peer tier Tier B weighted secondary with comparability score 84.0; analysis status primary_older_clean. Prior clean full-year CEO observation used because the latest filing reflected a partial-year transition; no annualization.,"benchmark/deliverables/form990_evidence.csv#row=90;source_id=SRC-990-EXT-CENTER-FOR-PUBLIC-INTEGRITY;organization=Center for Public Integrity | benchmark/scripts/normalize_and_analyze.py#L35-L36,L75-L79",EA-adjacent,EA-adjacent,EA relationship EA-adjacent is preserved from the frozen/precomp organization classification or legacy normalized bridge.,benchmark/frozen/combined_peer_universe_3wave_precomp.csv#row=200;candidate_id=EXT2-039;organization=Center for Public Integrity,independent nonprofit,older_clean_due_transition,Expected organization structure is independent nonprofit. Observation-specific structure flag is older_clean_due_transition: Prior clean full-year CEO observation used because the latest filing reflected a partial-year transition; no annualization.,benchmark/frozen/combined_peer_universe_3wave_precomp.csv#row=200;candidate_id=EXT2-039;organization=Center for Public Integrity | benchmark/deliverables/form990_evidence.csv#row=90;source_id=SRC-990-EXT-CENTER-FOR-PUBLIC-INTEGRITY;organization=Center for Public Integrity,"Research, evaluation, philanthropy infrastructure, and policy",Prior clean full-year CEO observation used because the latest filing reflected a partial-year transition; no annualization.,"Precomp/legacy normalized topic cluster is Research, evaluation, philanthropy infrastructure, and policy; filing notes provide the organization-specific operating-model context.",benchmark/frozen/combined_peer_universe_3wave_precomp.csv#row=200;candidate_id=EXT2-039;organization=Center for Public Integrity,Chief Executive Officer,CEO_title_match,"Raw filing title ""Chief Executive Officer"" is normalized to CEO_title_match by the binary title-group rule.",benchmark/deliverables/form990_evidence.csv#row=90;source_id=SRC-990-EXT-CENTER-FOR-PUBLIC-INTEGRITY;organization=Center for Public Integrity | benchmark/scripts/normalize_and_analyze.py#L253-L254,topic/EA/expected_structure=precomp_frozen; peer tier/final structure=post_source_verification_nonpay; structure_flag=post_filing; title_group=derived,precomp_normalized_metadata + filing_derived_role_data + post_filing_flag + derived_title_group,https://apps.irs.gov/pub/epostcard/990/xml/2024/202412399349300756_public.xml,high,
form990::SRC-990-EXT-CENTER-FOR-RESPONSIBLE-LENDING,source_id,SRC-990-EXT-CENTER-FOR-RESPONSIBLE-LENDING,EXT2-041,Center for Responsible Lending,form990,extension2,A,Tier A expanded primary,"Incumbent peer tier Tier A expanded primary with comparability score 82.0; analysis status excluded_measurement. Strong scale/function candidate but excluded for measurement, not pay level. Latest filing does not provide a clean organization-wide CEO/President observation; prior President appears only in an earlier filing.","benchmark/deliverables/form990_evidence.csv#row=75;source_id=SRC-990-EXT-CENTER-FOR-RESPONSIBLE-LENDING;organization=Center for Responsible Lending | benchmark/scripts/normalize_and_analyze.py#L35-L36,L75-L79",functional-only,functional-only,EA relationship functional-only is preserved from the frozen/precomp organization classification or legacy normalized bridge.,benchmark/frozen/combined_peer_universe_3wave_precomp.csv#row=202;candidate_id=EXT2-041;organization=Center for Responsible Lending,independent nonprofit,related_parent_or_missing_top_exec,"Expected organization structure is independent nonprofit. Observation-specific structure flag is related_parent_or_missing_top_exec: Strong scale/function candidate but excluded for measurement, not pay level.",benchmark/frozen/combined_peer_universe_3wave_precomp.csv#row=202;candidate_id=EXT2-041;organization=Center for Responsible Lending | benchmark/deliverables/form990_evidence.csv#row=75;source_id=SRC-990-EXT-CENTER-FOR-RESPONSIBLE-LENDING;organization=Center for Responsible Lending,"Research, evaluation, philanthropy infrastructure, and policy","Strong scale/function candidate but excluded for measurement, not pay level.","Precomp/legacy normalized topic cluster is Research, evaluation, philanthropy infrastructure, and policy; filing notes provide the organization-specific operating-model context.",benchmark/frozen/combined_peer_universe_3wave_precomp.csv#row=202;candidate_id=EXT2-041;organization=Center for Responsible Lending,,uncoded,No usable top-executive title; title_group is explainer-only uncoded.,benchmark/deliverables/form990_evidence.csv#row=75;source_id=SRC-990-EXT-CENTER-FOR-RESPONSIBLE-LENDING;organization=Center for Responsible Lending | benchmark/scripts/normalize_and_analyze.py#L253-L254,topic/EA/expected_structure=precomp_frozen; peer tier/final structure=post_source_verification_nonpay; structure_flag=post_filing; title_group=derived,precomp_normalized_metadata + filing_derived_role_data + post_filing_flag + derived_title_group,https://apps.irs.gov/pub/epostcard/990/xml/2026/202621149349301437_public.xml,low,No clean title; observation is excluded or measurement-limited.
form990::SRC-990-EXT-CENTER-FOR-A-HUMANE-ECONOMY,source_id,SRC-990-EXT-CENTER-FOR-A-HUMANE-ECONOMY,EXT2-136,Center for a Humane Economy,form990,extension2,B,Tier B weighted secondary,Incumbent peer tier Tier B weighted secondary with comparability score 76.0; analysis status excluded_measurement. Latest return listed compensated directors of philanthropy and policy rather than a clearly identified organization-wide CEO equivalent. No clean paid organization-wide CEO/ED observation in accessible filing table.,"benchmark/deliverables/form990_evidence.csv#row=101;source_id=SRC-990-EXT-CENTER-FOR-A-HUMANE-ECONOMY;organization=Center for a Humane Economy | benchmark/scripts/normalize_and_analyze.py#L35-L36,L75-L79",EA-adjacent,EA-adjacent,EA relationship EA-adjacent is preserved from the frozen/precomp organization classification or legacy normalized bridge.,benchmark/frozen/combined_peer_universe_3wave_precomp.csv#row=297;candidate_id=EXT2-136;organization=Center for a Humane Economy,independent nonprofit,no_clean_top_executive_observation,Expected organization structure is independent nonprofit. Observation-specific structure flag is no_clean_top_executive_observation: Latest return listed compensated directors of philanthropy and policy rather than a clearly identified organization-wide CEO equivalent.,benchmark/frozen/combined_peer_universe_3wave_precomp.csv#row=297;candidate_id=EXT2-136;organization=Center for a Humane Economy | benchmark/deliverables/form990_evidence.csv#row=101;source_id=SRC-990-EXT-CENTER-FOR-A-HUMANE-ECONOMY;organization=Center for a Humane Economy,Animal welfare and food systems,Latest return listed compensated directors of philanthropy and policy rather than a clearly identified organization-wide CEO equivalent.,Precomp/legacy normalized topic cluster is Animal welfare and food systems; filing notes provide the organization-specific operating-model context.,benchmark/frozen/combined_peer_universe_3wave_precomp.csv#row=297;candidate_id=EXT2-136;organization=Center for a Humane Economy,,uncoded,No usable top-executive title; title_group is explainer-only uncoded.,benchmark/deliverables/form990_evidence.csv#row=101;source_id=SRC-990-EXT-CENTER-FOR-A-HUMANE-ECONOMY;organization=Center for a Humane Economy | benchmark/scripts/normalize_and_analyze.py#L253-L254,topic/EA/expected_structure=precomp_frozen; peer tier/final structure=post_source_verification_nonpay; structure_flag=post_filing; title_group=derived,precomp_normalized_metadata + filing_derived_role_data + post_filing_flag + derived_title_group,https://apps.irs.gov/pub/epostcard/990/xml/2025/202502459349301350_public.xml,low,No clean title; observation is excluded or measurement-limited.
form990::SRC-990-EXT-CENTER-FOR-A-NEW-AMERICAN-SECURITY,source_id,SRC-990-EXT-CENTER-FOR-A-NEW-AMERICAN-SECURITY,EXT2-006,Center for a New American Security,form990,extension2,A,Tier A expanded primary,Incumbent peer tier Tier A expanded primary with comparability score 86.0; analysis status primary. National-security and technology-policy research institute; compensation calendar year 2023 because the fiscal year ended September 2024.,"benchmark/deliverables/form990_evidence.csv#row=82;source_id=SRC-990-EXT-CENTER-FOR-A-NEW-AMERICAN-SECURITY;organization=Center for a New American Security | benchmark/scripts/normalize_and_analyze.py#L35-L36,L75-L79",EA-adjacent,EA-adjacent,EA relationship EA-adjacent is preserved from the frozen/precomp organization classification or legacy normalized bridge.,benchmark/frozen/combined_peer_universe_3wave_precomp.csv#row=167;candidate_id=EXT2-006;organization=Center for a New American Security,independent nonprofit,none,Expected organization structure is independent nonprofit. Observation-specific structure flag is none: National-security and technology-policy research institute; compensation calendar year 2023 because the fiscal year ended September 2024.,benchmark/frozen/combined_peer_universe_3wave_precomp.csv#row=167;candidate_id=EXT2-006;organization=Center for a New American Security | benchmark/deliverables/form990_evidence.csv#row=82;source_id=SRC-990-EXT-CENTER-FOR-A-NEW-AMERICAN-SECURITY;organization=Center for a New American Security,"AI, catastrophic risk, biosecurity, and technology policy",National-security and technology-policy research institute; compensation calendar year 2023 because the fiscal year ended September 2024.,"Precomp/legacy normalized topic cluster is AI, catastrophic risk, biosecurity, and technology policy; filing notes provide the organization-specific operating-model context.",benchmark/frozen/combined_peer_universe_3wave_precomp.csv#row=167;candidate_id=EXT2-006;organization=Center for a New American Security,CEO,CEO_title_match,"Raw filing title ""CEO"" is normalized to CEO_title_match by the binary title-group rule.",benchmark/deliverables/form990_evidence.csv#row=82;source_id=SRC-990-EXT-CENTER-FOR-A-NEW-AMERICAN-SECURITY;organization=Center for a New American Security | benchmark/scripts/normalize_and_analyze.py#L253-L254,topic/EA/expected_structure=precomp_frozen; peer tier/final structure=post_source_verification_nonpay; structure_flag=post_filing; title_group=derived,precomp_normalized_metadata + filing_derived_role_data + post_filing_flag + derived_title_group,https://apps.irs.gov/pub/epostcard/990/xml/2025/202542329349300819_public.xml,high,
form990::SRC-990-EXT-CHARITY-NAVIGATOR,source_id,SRC-990-EXT-CHARITY-NAVIGATOR,EXP-133,Charity Navigator,form990,legacy_original,A,strict_primary,Incumbent peer tier strict_primary with comparability score 86.0; analysis status primary. Fiscal-year filer; compensation calendar year 2024 under IRS convention.,"benchmark/deliverables/form990_evidence.csv#row=2;source_id=SRC-990-EXT-CHARITY-NAVIGATOR;organization=Charity Navigator | benchmark/scripts/normalize_and_analyze.py#L35-L36,L75-L79",functional-only,functional-only,EA relationship functional-only is preserved from the frozen/precomp organization classification or legacy normalized bridge.,benchmark/frozen/combined_peer_universe_3wave_precomp.csv#row=22;candidate_id=EXP-133;organization=Charity Navigator,independent nonprofit,none,Expected organization structure is independent nonprofit. Observation-specific structure flag is none: Fiscal-year filer; compensation calendar year 2024 under IRS convention.,benchmark/frozen/combined_peer_universe_3wave_precomp.csv#row=22;candidate_id=EXP-133;organization=Charity Navigator | benchmark/deliverables/form990_evidence.csv#row=2;source_id=SRC-990-EXT-CHARITY-NAVIGATOR;organization=Charity Navigator,"Research, evaluation, philanthropy infrastructure, and policy",Fiscal-year filer; compensation calendar year 2024 under IRS convention.,"Precomp/legacy normalized topic cluster is Research, evaluation, philanthropy infrastructure, and policy; filing notes provide the organization-specific operating-model context.",benchmark/frozen/combined_peer_universe_3wave_precomp.csv#row=22;candidate_id=EXP-133;organization=Charity Navigator,President & CEO,CEO_title_match,"Raw filing title ""President & CEO"" is normalized to CEO_title_match by the binary title-group rule.",benchmark/deliverables/form990_evidence.csv#row=2;source_id=SRC-990-EXT-CHARITY-NAVIGATOR;organization=Charity Navigator | benchmark/scripts/normalize_and_analyze.py#L253-L254,topic/EA/expected_structure=precomp_frozen; peer tier/final structure=post_source_verification_nonpay; structure_flag=post_filing; title_group=derived,precomp_normalized_metadata + filing_derived_role_data + post_filing_flag + derived_title_group,https://apps.irs.gov/pub/epostcard/990/xml/2026/202640789349301509_public.xml,high,
form990::SRC-990-EXT-CHICAGO-COUNCIL-ON-GLOBAL-AFFAIRS,source_id,SRC-990-EXT-CHICAGO-COUNCIL-ON-GLOBAL-AFFAIRS,EXT2-055,Chicago Council on Global Affairs,form990,extension2,A,Tier A expanded primary,"Incumbent peer tier Tier A expanded primary with comparability score 84.0; analysis status primary. Research, surveys, and policy organization with some membership/events activity; close scale.","benchmark/deliverables/form990_evidence.csv#row=77;source_id=SRC-990-EXT-CHICAGO-COUNCIL-ON-GLOBAL-AFFAIRS;organization=Chicago Council on Global Affairs | benchmark/scripts/normalize_and_analyze.py#L35-L36,L75-L79",functional-only,functional-only,EA relationship functional-only is preserved from the frozen/precomp organization classification or legacy normalized bridge.,benchmark/frozen/combined_peer_universe_3wave_precomp.csv#row=216;candidate_id=EXT2-055;organization=Chicago Council on Global Affairs,independent nonprofit,membership_and_events_mix,"Expected organization structure is independent nonprofit. Observation-specific structure flag is membership_and_events_mix: Research, surveys, and policy organization with some membership/events activity; close scale.",benchmark/frozen/combined_peer_universe_3wave_precomp.csv#row=216;candidate_id=EXT2-055;organization=Chicago Council on Global Affairs | benchmark/deliverables/form990_evidence.csv#row=77;source_id=SRC-990-EXT-CHICAGO-COUNCIL-ON-GLOBAL-AFFAIRS;organization=Chicago Council on Global Affairs,"Research, evaluation, philanthropy infrastructure, and policy","Research, surveys, and policy organization with some membership/events activity; close scale.","Precomp/legacy normalized topic cluster is Research, evaluation, philanthropy infrastructure, and policy; filing notes provide the organization-specific operating-model context.",benchmark/frozen/combined_peer_universe_3wave_precomp.csv#row=216;candidate_id=EXT2-055;organization=Chicago Council on Global Affairs,President,ED_or_President,"Raw filing title ""President"" is normalized to ED_or_President by the binary title-group rule.",benchmark/deliverables/form990_evidence.csv#row=77;source_id=SRC-990-EXT-CHICAGO-COUNCIL-ON-GLOBAL-AFFAIRS;organization=Chicago Council on Global Affairs | benchmark/scripts/normalize_and_analyze.py#L253-L254,topic/EA/expected_structure=precomp_frozen; peer tier/final structure=post_source_verification_nonpay; structure_flag=post_filing; title_group=derived,precomp_normalized_metadata + filing_derived_role_data + post_filing_flag + derived_title_group,https://apps.irs.gov/pub/epostcard/990/xml/2025/202543179349309229_public.xml,high,
form990::SRC-990-EXT-CLEAN-AIR-TASK-FORCE,source_id,SRC-990-EXT-CLEAN-AIR-TASK-FORCE,EXT2-103,Clean Air Task Force,form990,extension2,C,Tier C broad sensitivity,"Incumbent peer tier Tier C broad sensitivity with comparability score 75.0; analysis status primary_with_structure_flag. Highly relevant climate-policy and technical-research organization, but materially larger than RP.","benchmark/deliverables/form990_evidence.csv#row=96;source_id=SRC-990-EXT-CLEAN-AIR-TASK-FORCE;organization=Clean Air Task Force | benchmark/scripts/normalize_and_analyze.py#L35-L36,L75-L79",EA-adjacent,EA-adjacent,EA relationship EA-adjacent is preserved from the frozen/precomp organization classification or legacy normalized bridge.,benchmark/frozen/combined_peer_universe_3wave_precomp.csv#row=264;candidate_id=EXT2-103;organization=Clean Air Task Force,independent nonprofit,above_primary_scale,"Expected organization structure is independent nonprofit. Observation-specific structure flag is above_primary_scale: Highly relevant climate-policy and technical-research organization, but materially larger than RP.",benchmark/frozen/combined_peer_universe_3wave_precomp.csv#row=264;candidate_id=EXT2-103;organization=Clean Air Task Force | benchmark/deliverables/form990_evidence.csv#row=96;source_id=SRC-990-EXT-CLEAN-AIR-TASK-FORCE;organization=Clean Air Task Force,"Climate, environment, and evidence","Highly relevant climate-policy and technical-research organization, but materially larger than RP.","Precomp/legacy normalized topic cluster is Climate, environment, and evidence; filing notes provide the organization-specific operating-model context.",benchmark/frozen/combined_peer_universe_3wave_precomp.csv#row=264;candidate_id=EXT2-103;organization=Clean Air Task Force,Executive Director,ED_or_President,"Raw filing title ""Executive Director"" is normalized to ED_or_President by the binary title-group rule.",benchmark/deliverables/form990_evidence.csv#row=96;source_id=SRC-990-EXT-CLEAN-AIR-TASK-FORCE;organization=Clean Air Task Force | benchmark/scripts/normalize_and_analyze.py#L253-L254,topic/EA/expected_structure=precomp_frozen; peer tier/final structure=post_source_verification_nonpay; structure_flag=post_filing; title_group=derived,precomp_normalized_metadata + filing_derived_role_data + post_filing_flag + derived_title_group,https://apps.irs.gov/pub/epostcard/990/xml/2025/202522829349300322_public.xml,high,
form990::SRC-990-EXT-CLIMATE-CENTRAL,source_id,SRC-990-EXT-CLIMATE-CENTRAL,EXT2-099,Climate Central,form990,extension2,A,Tier A expanded primary,Incumbent peer tier Tier A expanded primary with comparability score 91.0; analysis status primary. Science research and communication organization with close expense scale and explicit CEO.,"benchmark/deliverables/form990_evidence.csv#row=84;source_id=SRC-990-EXT-CLIMATE-CENTRAL;organization=Climate Central | benchmark/scripts/normalize_and_analyze.py#L35-L36,L75-L79",EA-adjacent,EA-adjacent,EA relationship EA-adjacent is preserved from the frozen/precomp organization classification or legacy normalized bridge.,benchmark/frozen/combined_peer_universe_3wave_precomp.csv#row=260;candidate_id=EXT2-099;organization=Climate Central,independent nonprofit,none,Expected organization structure is independent nonprofit. Observation-specific structure flag is none: Science research and communication organization with close expense scale and explicit CEO.,benchmark/frozen/combined_peer_universe_3wave_precomp.csv#row=260;candidate_id=EXT2-099;organization=Climate Central | benchmark/deliverables/form990_evidence.csv#row=84;source_id=SRC-990-EXT-CLIMATE-CENTRAL;organization=Climate Central,"Climate, environment, and evidence",Science research and communication organization with close expense scale and explicit CEO.,"Precomp/legacy normalized topic cluster is Climate, environment, and evidence; filing notes provide the organization-specific operating-model context.",benchmark/frozen/combined_peer_universe_3wave_precomp.csv#row=260;candidate_id=EXT2-099;organization=Climate Central,CEO & Chief Scientist,CEO_title_match,"Raw filing title ""CEO & Chief Scientist"" is normalized to CEO_title_match by the binary title-group rule.",benchmark/deliverables/form990_evidence.csv#row=84;source_id=SRC-990-EXT-CLIMATE-CENTRAL;organization=Climate Central | benchmark/scripts/normalize_and_analyze.py#L253-L254,topic/EA/expected_structure=precomp_frozen; peer tier/final structure=post_source_verification_nonpay; structure_flag=post_filing; title_group=derived,precomp_normalized_metadata + filing_derived_role_data + post_filing_flag + derived_title_group,https://apps.irs.gov/pub/epostcard/990/xml/2026/202631769349300823_public.xml,high,
form990::SRC-990-EXT-CODE-FOR-SCIENCE-SOCIETY,source_id,SRC-990-EXT-CODE-FOR-SCIENCE-SOCIETY,EXP-145,Code for Science & Society,form990,previous_expansion,A,Tier A expanded primary,Incumbent peer tier Tier A expanded primary with comparability score 84.0; analysis status primary_with_structure_flag. Organization is a research-infrastructure nonprofit and fiscal sponsor; included but excluded in sponsorship sensitivity.,"benchmark/deliverables/form990_evidence.csv#row=26;source_id=SRC-990-EXT-CODE-FOR-SCIENCE-SOCIETY;organization=Code for Science & Society | benchmark/scripts/normalize_and_analyze.py#L35-L36,L75-L79",functional-only,functional-only,EA relationship functional-only is preserved from the frozen/precomp organization classification or legacy normalized bridge.,benchmark/frozen/combined_peer_universe_3wave_precomp.csv#row=28;candidate_id=EXP-145;organization=Code for Science & Society,independent nonprofit,fiscal_sponsorship_platform,Expected organization structure is independent nonprofit. Observation-specific structure flag is fiscal_sponsorship_platform: Organization is a research-infrastructure nonprofit and fiscal sponsor; included but excluded in sponsorship sensitivity.,benchmark/frozen/combined_peer_universe_3wave_precomp.csv#row=28;candidate_id=EXP-145;organization=Code for Science & Society | benchmark/deliverables/form990_evidence.csv#row=26;source_id=SRC-990-EXT-CODE-FOR-SCIENCE-SOCIETY;organization=Code for Science & Society,"Research, evaluation, philanthropy infrastructure, and policy",Organization is a research-infrastructure nonprofit and fiscal sponsor; included but excluded in sponsorship sensitivity.,"Precomp/legacy normalized topic cluster is Research, evaluation, philanthropy infrastructure, and policy; filing notes provide the organization-specific operating-model context.",benchmark/frozen/combined_peer_universe_3wave_precomp.csv#row=28;candidate_id=EXP-145;organization=Code for Science & Society,Executive Director and President,ED_or_President,"Raw filing title ""Executive Director and President"" is normalized to ED_or_President by the binary title-group rule.",benchmark/deliverables/form990_evidence.csv#row=26;source_id=SRC-990-EXT-CODE-FOR-SCIENCE-SOCIETY;organization=Code for Science & Society | benchmark/scripts/normalize_and_analyze.py#L253-L254,topic/EA/expected_structure=precomp_frozen; peer tier/final structure=post_source_verification_nonpay; structure_flag=post_filing; title_group=derived,precomp_normalized_metadata + filing_derived_role_data + post_filing_flag + derived_title_group,https://apps.irs.gov/pub/epostcard/990/xml/2026/202601359349304090_public.xml,high,
form990::SRC-990-EXT-COMMITTEE-FOR-A-RESPONSIBLE-FEDERAL-BUDGET,source_id,SRC-990-EXT-COMMITTEE-FOR-A-RESPONSIBLE-FEDERAL-BUDGET,EXT2-047,Committee for a Responsible Federal Budget,form990,extension2,A,Tier A expanded primary,Incumbent peer tier Tier A expanded primary with comparability score 87.0; analysis status primary. National fiscal-policy research institute; close scale and 2025 filing available before cutoff.,"benchmark/deliverables/form990_evidence.csv#row=76;source_id=SRC-990-EXT-COMMITTEE-FOR-A-RESPONSIBLE-FEDERAL-BUDGET;organization=Committee for a Responsible Federal Budget | benchmark/scripts/normalize_and_analyze.py#L35-L36,L75-L79",functional-only,functional-only,EA relationship functional-only is preserved from the frozen/precomp organization classification or legacy normalized bridge.,benchmark/frozen/combined_peer_universe_3wave_precomp.csv#row=208;candidate_id=EXT2-047;organization=Committee for a Responsible Federal Budget,independent nonprofit,none,Expected organization structure is independent nonprofit. Observation-specific structure flag is none: National fiscal-policy research institute; close scale and 2025 filing available before cutoff.,benchmark/frozen/combined_peer_universe_3wave_precomp.csv#row=208;candidate_id=EXT2-047;organization=Committee for a Responsible Federal Budget | benchmark/deliverables/form990_evidence.csv#row=76;source_id=SRC-990-EXT-COMMITTEE-FOR-A-RESPONSIBLE-FEDERAL-BUDGET;organization=Committee for a Responsible Federal Budget,"Research, evaluation, philanthropy infrastructure, and policy",National fiscal-policy research institute; close scale and 2025 filing available before cutoff.,"Precomp/legacy normalized topic cluster is Research, evaluation, philanthropy infrastructure, and policy; filing notes provide the organization-specific operating-model context.",benchmark/frozen/combined_peer_universe_3wave_precomp.csv#row=208;candidate_id=EXT2-047;organization=Committee for a Responsible Federal Budget,President,ED_or_President,"Raw filing title ""President"" is normalized to ED_or_President by the binary title-group rule.",benchmark/deliverables/form990_evidence.csv#row=76;source_id=SRC-990-EXT-COMMITTEE-FOR-A-RESPONSIBLE-FEDERAL-BUDGET;organization=Committee for a Responsible Federal Budget | benchmark/scripts/normalize_and_analyze.py#L253-L254,topic/EA/expected_structure=precomp_frozen; peer tier/final structure=post_source_verification_nonpay; structure_flag=post_filing; title_group=derived,precomp_normalized_metadata + filing_derived_role_data + post_filing_flag + derived_title_group,https://apps.irs.gov/pub/epostcard/990/xml/2026/202611949349301721_public.xml,high,
form990::SRC-990-EXT-COMPASSION-IN-WORLD-FARMING-USA,source_id,SRC-990-EXT-COMPASSION-IN-WORLD-FARMING-USA,EXP-072,Compassion in World Farming USA,form990,previous_expansion,B,Tier B weighted secondary,Incumbent peer tier Tier B weighted secondary with comparability score 73.0; analysis status structural_sensitivity. US affiliate rather than global organization-wide CEO; prior clean year retained only as structural sensitivity.,"benchmark/deliverables/form990_evidence.csv#row=49;source_id=SRC-990-EXT-COMPASSION-IN-WORLD-FARMING-USA;organization=Compassion in World Farming USA | benchmark/scripts/normalize_and_analyze.py#L35-L36,L75-L79",EA-adjacent,EA-adjacent,EA relationship EA-adjacent is preserved from the frozen/precomp organization classification or legacy normalized bridge.,benchmark/frozen/combined_peer_universe_3wave_precomp.csv#row=49;candidate_id=EXP-072;organization=Compassion in World Farming USA,international nonprofit affiliate,international_affiliate_older_clean,Expected organization structure is international nonprofit affiliate. Observation-specific structure flag is international_affiliate_older_clean: US affiliate rather than global organization-wide CEO; prior clean year retained only as structural sensitivity.,benchmark/frozen/combined_peer_universe_3wave_precomp.csv#row=49;candidate_id=EXP-072;organization=Compassion in World Farming USA | benchmark/deliverables/form990_evidence.csv#row=49;source_id=SRC-990-EXT-COMPASSION-IN-WORLD-FARMING-USA;organization=Compassion in World Farming USA,Animal welfare and food systems,US affiliate rather than global organization-wide CEO; prior clean year retained only as structural sensitivity.,Precomp/legacy normalized topic cluster is Animal welfare and food systems; filing notes provide the organization-specific operating-model context.,benchmark/frozen/combined_peer_universe_3wave_precomp.csv#row=49;candidate_id=EXP-072;organization=Compassion in World Farming USA,US Director,ED_or_President,"Raw filing title ""US Director"" is normalized to ED_or_President by the binary title-group rule.",benchmark/deliverables/form990_evidence.csv#row=49;source_id=SRC-990-EXT-COMPASSION-IN-WORLD-FARMING-USA;organization=Compassion in World Farming USA | benchmark/scripts/normalize_and_analyze.py#L253-L254,topic/EA/expected_structure=precomp_frozen; peer tier/final structure=post_source_verification_nonpay; structure_flag=post_filing; title_group=derived,precomp_normalized_metadata + filing_derived_role_data + post_filing_flag + derived_title_group,https://apps.irs.gov/pub/epostcard/990/xml/2024/202402689349300735_public.xml,high,
form990::SRC-990-EXT-COUNCIL-ON-STRATEGIC-RISKS,source_id,SRC-990-EXT-COUNCIL-ON-STRATEGIC-RISKS,EXP-115,Council on Strategic Risks,form990,previous_expansion,A,Tier A expanded primary,Incumbent peer tier Tier A expanded primary with comparability score 90.0; analysis status primary.,"benchmark/deliverables/form990_evidence.csv#row=13;source_id=SRC-990-EXT-COUNCIL-ON-STRATEGIC-RISKS;organization=Council on Strategic Risks | benchmark/scripts/normalize_and_analyze.py#L35-L36,L75-L79",EA-adjacent,EA-adjacent,EA relationship EA-adjacent is preserved from the frozen/precomp organization classification or legacy normalized bridge.,benchmark/frozen/combined_peer_universe_3wave_precomp.csv#row=10;candidate_id=EXP-115;organization=Council on Strategic Risks,independent nonprofit,none,Expected organization structure is independent nonprofit. Observation-specific structure flag is none: ,benchmark/frozen/combined_peer_universe_3wave_precomp.csv#row=10;candidate_id=EXP-115;organization=Council on Strategic Risks | benchmark/deliverables/form990_evidence.csv#row=13;source_id=SRC-990-EXT-COUNCIL-ON-STRATEGIC-RISKS;organization=Council on Strategic Risks,"AI, catastrophic risk, biosecurity, and technology policy",,"Precomp/legacy normalized topic cluster is AI, catastrophic risk, biosecurity, and technology policy; filing notes provide the organization-specific operating-model context.",benchmark/frozen/combined_peer_universe_3wave_precomp.csv#row=10;candidate_id=EXP-115;organization=Council on Strategic Risks,Chief Executive Officer,CEO_title_match,"Raw filing title ""Chief Executive Officer"" is normalized to CEO_title_match by the binary title-group rule.",benchmark/deliverables/form990_evidence.csv#row=13;source_id=SRC-990-EXT-COUNCIL-ON-STRATEGIC-RISKS;organization=Council on Strategic Risks | benchmark/scripts/normalize_and_analyze.py#L253-L254,topic/EA/expected_structure=precomp_frozen; peer tier/final structure=post_source_verification_nonpay; structure_flag=post_filing; title_group=derived,precomp_normalized_metadata + filing_derived_role_data + post_filing_flag + derived_title_group,https://apps.irs.gov/pub/epostcard/990/xml/2026/202601119349300825_public.xml,high,
form990::SRC-990-EXT-CREATIVE-COMMONS,source_id,SRC-990-EXT-CREATIVE-COMMONS,EXT2-087,Creative Commons,form990,extension2,B,Tier B weighted secondary,Incumbent peer tier Tier B weighted secondary with comparability score 88.0; analysis status primary. Open knowledge and digital public-goods organization; below RP core scale and operates through a global network.,"benchmark/deliverables/form990_evidence.csv#row=94;source_id=SRC-990-EXT-CREATIVE-COMMONS;organization=Creative Commons | benchmark/scripts/normalize_and_analyze.py#L35-L36,L75-L79",EA-adjacent,EA-adjacent,EA relationship EA-adjacent is preserved from the frozen/precomp organization classification or legacy normalized bridge.,benchmark/frozen/combined_peer_universe_3wave_precomp.csv#row=248;candidate_id=EXT2-087;organization=Creative Commons,independent nonprofit,below_primary_scale_global_network,Expected organization structure is independent nonprofit. Observation-specific structure flag is below_primary_scale_global_network: Open knowledge and digital public-goods organization; below RP core scale and operates through a global network.,benchmark/frozen/combined_peer_universe_3wave_precomp.csv#row=248;candidate_id=EXT2-087;organization=Creative Commons | benchmark/deliverables/form990_evidence.csv#row=94;source_id=SRC-990-EXT-CREATIVE-COMMONS;organization=Creative Commons,"Open science, research infrastructure, and knowledge dissemination",Open knowledge and digital public-goods organization; below RP core scale and operates through a global network.,"Precomp/legacy normalized topic cluster is Open science, research infrastructure, and knowledge dissemination; filing notes provide the organization-specific operating-model context.",benchmark/frozen/combined_peer_universe_3wave_precomp.csv#row=248;candidate_id=EXT2-087;organization=Creative Commons,Chief Executive Officer,CEO_title_match,"Raw filing title ""Chief Executive Officer"" is normalized to CEO_title_match by the binary title-group rule.",benchmark/deliverables/form990_evidence.csv#row=94;source_id=SRC-990-EXT-CREATIVE-COMMONS;organization=Creative Commons | benchmark/scripts/normalize_and_analyze.py#L253-L254,topic/EA/expected_structure=precomp_frozen; peer tier/final structure=post_source_verification_nonpay; structure_flag=post_filing; title_group=derived,precomp_normalized_metadata + filing_derived_role_data + post_filing_flag + derived_title_group,https://apps.irs.gov/pub/epostcard/990/xml/2025/202543179349306294_public.xml,high,
form990::SRC-990-EXT-DATA-QUALITY-CAMPAIGN,source_id,SRC-990-EXT-DATA-QUALITY-CAMPAIGN,EXT2-037,Data Quality Campaign,form990,extension2,A,Tier A expanded primary,Incumbent peer tier Tier A expanded primary with comparability score 86.0; analysis status primary. National data-policy research and field-building organization; close operating scale.,"benchmark/deliverables/form990_evidence.csv#row=70;source_id=SRC-990-EXT-DATA-QUALITY-CAMPAIGN;organization=Data Quality Campaign | benchmark/scripts/normalize_and_analyze.py#L35-L36,L75-L79",functional-only,functional-only,EA relationship functional-only is preserved from the frozen/precomp organization classification or legacy normalized bridge.,benchmark/frozen/combined_peer_universe_3wave_precomp.csv#row=198;candidate_id=EXT2-037;organization=Data Quality Campaign,independent nonprofit,none,Expected organization structure is independent nonprofit. Observation-specific structure flag is none: National data-policy research and field-building organization; close operating scale.,benchmark/frozen/combined_peer_universe_3wave_precomp.csv#row=198;candidate_id=EXT2-037;organization=Data Quality Campaign | benchmark/deliverables/form990_evidence.csv#row=70;source_id=SRC-990-EXT-DATA-QUALITY-CAMPAIGN;organization=Data Quality Campaign,"Research, evaluation, philanthropy infrastructure, and policy",National data-policy research and field-building organization; close operating scale.,"Precomp/legacy normalized topic cluster is Research, evaluation, philanthropy infrastructure, and policy; filing notes provide the organization-specific operating-model context.",benchmark/frozen/combined_peer_universe_3wave_precomp.csv#row=198;candidate_id=EXT2-037;organization=Data Quality Campaign,CEO/President,CEO_title_match,"Raw filing title ""CEO/President"" is normalized to CEO_title_match by the binary title-group rule.",benchmark/deliverables/form990_evidence.csv#row=70;source_id=SRC-990-EXT-DATA-QUALITY-CAMPAIGN;organization=Data Quality Campaign | benchmark/scripts/normalize_and_analyze.py#L253-L254,topic/EA/expected_structure=precomp_frozen; peer tier/final structure=post_source_verification_nonpay; structure_flag=post_filing; title_group=derived,precomp_normalized_metadata + filing_derived_role_data + post_filing_flag + derived_title_group,https://apps.irs.gov/pub/epostcard/990/xml/2026/202621339349304737_public.xml,high,
form990::SRC-990-EXT-DATAKIND,source_id,SRC-990-EXT-DATAKIND,EXT3-030,DataKind,form990,extension3,A,Tier A expanded primary,"Incumbent peer tier Tier A expanded primary with comparability score 92.0; analysis status primary. Data-science technical-assistance and social-impact research organization; close operating expense scale. Revenue was temporarily much higher than expenses in this filing, so expenses anchor scale.","benchmark/deliverables/form990_evidence.csv#row=120;source_id=SRC-990-EXT-DATAKIND;organization=DataKind | benchmark/scripts/normalize_and_analyze.py#L35-L36,L75-L79",EA-adjacent,EA-adjacent,EA relationship EA-adjacent is preserved from the frozen/precomp organization classification or legacy normalized bridge.,benchmark/frozen/combined_peer_universe_3wave_precomp.csv#row=336;candidate_id=EXT3-030;organization=DataKind,independent nonprofit,none,"Expected organization structure is independent nonprofit. Observation-specific structure flag is none: Data-science technical-assistance and social-impact research organization; close operating expense scale. Revenue was temporarily much higher than expenses in this filing, so expenses anchor scale.",benchmark/frozen/combined_peer_universe_3wave_precomp.csv#row=336;candidate_id=EXT3-030;organization=DataKind | benchmark/deliverables/form990_evidence.csv#row=120;source_id=SRC-990-EXT-DATAKIND;organization=DataKind,data science and social impact,"Data-science technical-assistance and social-impact research organization; close operating expense scale. Revenue was temporarily much higher than expenses in this filing, so expenses anchor scale.",Precomp/legacy normalized topic cluster is data science and social impact; filing notes provide the organization-specific operating-model context.,benchmark/frozen/combined_peer_universe_3wave_precomp.csv#row=336;candidate_id=EXT3-030;organization=DataKind,Chief Executive Officer,CEO_title_match,"Raw filing title ""Chief Executive Officer"" is normalized to CEO_title_match by the binary title-group rule.",benchmark/deliverables/form990_evidence.csv#row=120;source_id=SRC-990-EXT-DATAKIND;organization=DataKind | benchmark/scripts/normalize_and_analyze.py#L253-L254,topic/EA/expected_structure=precomp_frozen; peer tier/final structure=post_source_verification_nonpay; structure_flag=post_filing; title_group=derived,precomp_normalized_metadata + filing_derived_role_data + post_filing_flag + derived_title_group,https://apps.irs.gov/pub/epostcard/990/xml/2026/202640939349300014_public.xml,high,
form990::SRC-990-EXT-DEMOS,source_id,SRC-990-EXT-DEMOS,EXT2-032,Demos,form990,extension2,A,Tier A expanded primary,"Incumbent peer tier Tier A expanded primary with comparability score 91.0; analysis status primary. National research, policy, and ideas organization with close expense scale and organization-wide president.","benchmark/deliverables/form990_evidence.csv#row=88;source_id=SRC-990-EXT-DEMOS;organization=Demos | benchmark/scripts/normalize_and_analyze.py#L35-L36,L75-L79",EA-adjacent,EA-adjacent,EA relationship EA-adjacent is preserved from the frozen/precomp organization classification or legacy normalized bridge.,benchmark/frozen/combined_peer_universe_3wave_precomp.csv#row=193;candidate_id=EXT2-032;organization=Demos,independent nonprofit,none,"Expected organization structure is independent nonprofit. Observation-specific structure flag is none: National research, policy, and ideas organization with close expense scale and organization-wide president.",benchmark/frozen/combined_peer_universe_3wave_precomp.csv#row=193;candidate_id=EXT2-032;organization=Demos | benchmark/deliverables/form990_evidence.csv#row=88;source_id=SRC-990-EXT-DEMOS;organization=Demos,"Research, evaluation, philanthropy infrastructure, and policy","National research, policy, and ideas organization with close expense scale and organization-wide president.","Precomp/legacy normalized topic cluster is Research, evaluation, philanthropy infrastructure, and policy; filing notes provide the organization-specific operating-model context.",benchmark/frozen/combined_peer_universe_3wave_precomp.csv#row=193;candidate_id=EXT2-032;organization=Demos,President,ED_or_President,"Raw filing title ""President"" is normalized to ED_or_President by the binary title-group rule.",benchmark/deliverables/form990_evidence.csv#row=88;source_id=SRC-990-EXT-DEMOS;organization=Demos | benchmark/scripts/normalize_and_analyze.py#L253-L254,topic/EA/expected_structure=precomp_frozen; peer tier/final structure=post_source_verification_nonpay; structure_flag=post_filing; title_group=derived,precomp_normalized_metadata + filing_derived_role_data + post_filing_flag + derived_title_group,https://apps.irs.gov/pub/epostcard/990/xml/2025/202503159349306085_public.xml,high,
form990::SRC-990-EXT-ECONOMIC-INNOVATION-GROUP,source_id,SRC-990-EXT-ECONOMIC-INNOVATION-GROUP,EXT3-008,Economic Innovation Group,form990,extension3,B,Tier B weighted secondary,Incumbent peer tier Tier B weighted secondary with comparability score 86.0; analysis status primary_with_structure_flag. Economic-policy research organization and close-scale comparator. Retained despite high compensation under the no-pay-driven-removal rule; 501(c)(4) status and travel disclosure are labeled.,"benchmark/deliverables/form990_evidence.csv#row=130;source_id=SRC-990-EXT-ECONOMIC-INNOVATION-GROUP;organization=Economic Innovation Group | benchmark/scripts/normalize_and_analyze.py#L35-L36,L75-L79",functional-only,functional-only,EA relationship functional-only is preserved from the frozen/precomp organization classification or legacy normalized bridge.,benchmark/frozen/combined_peer_universe_3wave_precomp.csv#row=314;candidate_id=EXT3-008;organization=Economic Innovation Group,independent nonprofit,501c4_and_first_class_travel_disclosed,Expected organization structure is independent nonprofit. Observation-specific structure flag is 501c4_and_first_class_travel_disclosed: Economic-policy research organization and close-scale comparator. Retained despite high compensation under the no-pay-driven-removal rule; 501(c)(4) status and travel disclosure are labeled.,benchmark/frozen/combined_peer_universe_3wave_precomp.csv#row=314;candidate_id=EXT3-008;organization=Economic Innovation Group | benchmark/deliverables/form990_evidence.csv#row=130;source_id=SRC-990-EXT-ECONOMIC-INNOVATION-GROUP;organization=Economic Innovation Group,policy and evidence,Economic-policy research organization and close-scale comparator. Retained despite high compensation under the no-pay-driven-removal rule; 501(c)(4) status and travel disclosure are labeled.,Precomp/legacy normalized topic cluster is policy and evidence; filing notes provide the organization-specific operating-model context.,benchmark/frozen/combined_peer_universe_3wave_precomp.csv#row=314;candidate_id=EXT3-008;organization=Economic Innovation Group,President and CEO,CEO_title_match,"Raw filing title ""President and CEO"" is normalized to CEO_title_match by the binary title-group rule.",benchmark/deliverables/form990_evidence.csv#row=130;source_id=SRC-990-EXT-ECONOMIC-INNOVATION-GROUP;organization=Economic Innovation Group | benchmark/scripts/normalize_and_analyze.py#L253-L254,topic/EA/expected_structure=precomp_frozen; peer tier/final structure=post_source_verification_nonpay; structure_flag=post_filing; title_group=derived,precomp_normalized_metadata + filing_derived_role_data + post_filing_flag + derived_title_group,https://apps.irs.gov/pub/epostcard/990/xml/2025/202513219349307891_public.xml,high,
form990::SRC-990-EXT-ECONOMIC-POLICY-INSTITUTE,source_id,SRC-990-EXT-ECONOMIC-POLICY-INSTITUTE,EXT2-026,Economic Policy Institute,form990,extension2,A,Tier A expanded primary,Incumbent peer tier Tier A expanded primary with comparability score 86.0; analysis status primary. National economic research and policy institute; close expense scale. Latest filing filed before cutoff.,"benchmark/deliverables/form990_evidence.csv#row=60;source_id=SRC-990-EXT-ECONOMIC-POLICY-INSTITUTE;organization=Economic Policy Institute | benchmark/scripts/normalize_and_analyze.py#L35-L36,L75-L79",functional-only,functional-only,EA relationship functional-only is preserved from the frozen/precomp organization classification or legacy normalized bridge.,benchmark/frozen/combined_peer_universe_3wave_precomp.csv#row=187;candidate_id=EXT2-026;organization=Economic Policy Institute,independent nonprofit,none,Expected organization structure is independent nonprofit. Observation-specific structure flag is none: National economic research and policy institute; close expense scale. Latest filing filed before cutoff.,benchmark/frozen/combined_peer_universe_3wave_precomp.csv#row=187;candidate_id=EXT2-026;organization=Economic Policy Institute | benchmark/deliverables/form990_evidence.csv#row=60;source_id=SRC-990-EXT-ECONOMIC-POLICY-INSTITUTE;organization=Economic Policy Institute,"Research, evaluation, philanthropy infrastructure, and policy",National economic research and policy institute; close expense scale. Latest filing filed before cutoff.,"Precomp/legacy normalized topic cluster is Research, evaluation, philanthropy infrastructure, and policy; filing notes provide the organization-specific operating-model context.",benchmark/frozen/combined_peer_universe_3wave_precomp.csv#row=187;candidate_id=EXT2-026;organization=Economic Policy Institute,President,ED_or_President,"Raw filing title ""President"" is normalized to ED_or_President by the binary title-group rule.",benchmark/deliverables/form990_evidence.csv#row=60;source_id=SRC-990-EXT-ECONOMIC-POLICY-INSTITUTE;organization=Economic Policy Institute | benchmark/scripts/normalize_and_analyze.py#L253-L254,topic/EA/expected_structure=precomp_frozen; peer tier/final structure=post_source_verification_nonpay; structure_flag=post_filing; title_group=derived,precomp_normalized_metadata + filing_derived_role_data + post_filing_flag + derived_title_group,https://apps.irs.gov/pub/epostcard/990/xml/2025/202542469349301614_public.xml,high,
form990::SRC-990-EXT-ELECTRONIC-FRONTIER-FOUNDATION,source_id,SRC-990-EXT-ELECTRONIC-FRONTIER-FOUNDATION,EXP-125,Electronic Frontier Foundation,form990,previous_expansion,A,Tier A expanded primary,"Incumbent peer tier Tier A expanded primary with comparability score 79.0; analysis status primary_with_structure_flag. Technology-policy and research relevance, but substantial litigation/advocacy function.","benchmark/deliverables/form990_evidence.csv#row=39;source_id=SRC-990-EXT-ELECTRONIC-FRONTIER-FOUNDATION;organization=Electronic Frontier Foundation | benchmark/scripts/normalize_and_analyze.py#L35-L36,L75-L79",EA-adjacent,EA-adjacent,EA relationship EA-adjacent is preserved from the frozen/precomp organization classification or legacy normalized bridge.,benchmark/frozen/combined_peer_universe_3wave_precomp.csv#row=37;candidate_id=EXP-125;organization=Electronic Frontier Foundation,independent nonprofit,legal_advocacy_hybrid,"Expected organization structure is independent nonprofit. Observation-specific structure flag is legal_advocacy_hybrid: Technology-policy and research relevance, but substantial litigation/advocacy function.",benchmark/frozen/combined_peer_universe_3wave_precomp.csv#row=37;candidate_id=EXP-125;organization=Electronic Frontier Foundation | benchmark/deliverables/form990_evidence.csv#row=39;source_id=SRC-990-EXT-ELECTRONIC-FRONTIER-FOUNDATION;organization=Electronic Frontier Foundation,"AI, catastrophic risk, biosecurity, and technology policy","Technology-policy and research relevance, but substantial litigation/advocacy function.","Precomp/legacy normalized topic cluster is AI, catastrophic risk, biosecurity, and technology policy; filing notes provide the organization-specific operating-model context.",benchmark/frozen/combined_peer_universe_3wave_precomp.csv#row=37;candidate_id=EXP-125;organization=Electronic Frontier Foundation,Executive Director,ED_or_President,"Raw filing title ""Executive Director"" is normalized to ED_or_President by the binary title-group rule.",benchmark/deliverables/form990_evidence.csv#row=39;source_id=SRC-990-EXT-ELECTRONIC-FRONTIER-FOUNDATION;organization=Electronic Frontier Foundation | benchmark/scripts/normalize_and_analyze.py#L253-L254,topic/EA/expected_structure=precomp_frozen; peer tier/final structure=post_source_verification_nonpay; structure_flag=post_filing; title_group=derived,precomp_normalized_metadata + filing_derived_role_data + post_filing_flag + derived_title_group,https://apps.irs.gov/pub/epostcard/990/xml/2026/202610989349301676_public.xml,high,
form990::SRC-990-EXT-ENERGY-FOR-GROWTH-HUB,source_id,SRC-990-EXT-ENERGY-FOR-GROWTH-HUB,EXT3-101,Energy for Growth Hub,form990,extension3,B,Tier B weighted secondary,Incumbent peer tier Tier B weighted secondary with comparability score 82.0; analysis status primary. Global-development and energy-policy research organization; below RP scale but strong thematic and functional relevance. High observation retained under frozen rules.,"benchmark/deliverables/form990_evidence.csv#row=135;source_id=SRC-990-EXT-ENERGY-FOR-GROWTH-HUB;organization=Energy for Growth Hub | benchmark/scripts/normalize_and_analyze.py#L35-L36,L75-L79",EA-adjacent,EA-adjacent,EA relationship EA-adjacent is preserved from the frozen/precomp organization classification or legacy normalized bridge.,benchmark/frozen/combined_peer_universe_3wave_precomp.csv#row=407;candidate_id=EXT3-101;organization=Energy for Growth Hub,independent nonprofit,none,Expected organization structure is independent nonprofit. Observation-specific structure flag is none: Global-development and energy-policy research organization; below RP scale but strong thematic and functional relevance. High observation retained under frozen rules.,benchmark/frozen/combined_peer_universe_3wave_precomp.csv#row=407;candidate_id=EXT3-101;organization=Energy for Growth Hub | benchmark/deliverables/form990_evidence.csv#row=135;source_id=SRC-990-EXT-ENERGY-FOR-GROWTH-HUB;organization=Energy for Growth Hub,global development and climate,Global-development and energy-policy research organization; below RP scale but strong thematic and functional relevance. High observation retained under frozen rules.,Precomp/legacy normalized topic cluster is global development and climate; filing notes provide the organization-specific operating-model context.,benchmark/frozen/combined_peer_universe_3wave_precomp.csv#row=407;candidate_id=EXT3-101;organization=Energy for Growth Hub,Executive Director,ED_or_President,"Raw filing title ""Executive Director"" is normalized to ED_or_President by the binary title-group rule.",benchmark/deliverables/form990_evidence.csv#row=135;source_id=SRC-990-EXT-ENERGY-FOR-GROWTH-HUB;organization=Energy for Growth Hub | benchmark/scripts/normalize_and_analyze.py#L253-L254,topic/EA/expected_structure=precomp_frozen; peer tier/final structure=post_source_verification_nonpay; structure_flag=post_filing; title_group=derived,precomp_normalized_metadata + filing_derived_role_data + post_filing_flag + derived_title_group,https://apps.irs.gov/pub/epostcard/990/xml/2025/202513219349322806_public.xml,high,
form990::SRC-990-EXT-ENVIRONMENTAL-LAW-INSTITUTE,source_id,SRC-990-EXT-ENVIRONMENTAL-LAW-INSTITUTE,EXT2-109,Environmental Law Institute,form990,extension2,A,Tier A expanded primary,"Incumbent peer tier Tier A expanded primary with comparability score 90.0; analysis status primary. Research, policy, education, and convening institute with close expense scale.","benchmark/deliverables/form990_evidence.csv#row=99;source_id=SRC-990-EXT-ENVIRONMENTAL-LAW-INSTITUTE;organization=Environmental Law Institute | benchmark/scripts/normalize_and_analyze.py#L35-L36,L75-L79",functional-only,functional-only,EA relationship functional-only is preserved from the frozen/precomp organization classification or legacy normalized bridge.,benchmark/frozen/combined_peer_universe_3wave_precomp.csv#row=270;candidate_id=EXT2-109;organization=Environmental Law Institute,independent nonprofit,none,"Expected organization structure is independent nonprofit. Observation-specific structure flag is none: Research, policy, education, and convening institute with close expense scale.",benchmark/frozen/combined_peer_universe_3wave_precomp.csv#row=270;candidate_id=EXT2-109;organization=Environmental Law Institute | benchmark/deliverables/form990_evidence.csv#row=99;source_id=SRC-990-EXT-ENVIRONMENTAL-LAW-INSTITUTE;organization=Environmental Law Institute,"Climate, environment, and evidence","Research, policy, education, and convening institute with close expense scale.","Precomp/legacy normalized topic cluster is Climate, environment, and evidence; filing notes provide the organization-specific operating-model context.",benchmark/frozen/combined_peer_universe_3wave_precomp.csv#row=270;candidate_id=EXT2-109;organization=Environmental Law Institute,President,ED_or_President,"Raw filing title ""President"" is normalized to ED_or_President by the binary title-group rule.",benchmark/deliverables/form990_evidence.csv#row=99;source_id=SRC-990-EXT-ENVIRONMENTAL-LAW-INSTITUTE;organization=Environmental Law Institute | benchmark/scripts/normalize_and_analyze.py#L253-L254,topic/EA/expected_structure=precomp_frozen; peer tier/final structure=post_source_verification_nonpay; structure_flag=post_filing; title_group=derived,precomp_normalized_metadata + filing_derived_role_data + post_filing_flag + derived_title_group,https://apps.irs.gov/pub/epostcard/990/xml/2025/202522619349300012_public.xml,high,
form990::SRC-990-EXT-EVIDENCE-ACTION,source_id,SRC-990-EXT-EVIDENCE-ACTION,EXP-031,Evidence Action,form990,previous_expansion,B,Tier B weighted secondary,Incumbent peer tier Tier B weighted secondary with comparability score 69.0; analysis status primary_with_structure_flag. EA-adjacent evidence-based delivery organization; materially above RP core scale.,"benchmark/deliverables/form990_evidence.csv#row=57;source_id=SRC-990-EXT-EVIDENCE-ACTION;organization=Evidence Action | benchmark/scripts/normalize_and_analyze.py#L35-L36,L75-L79",EA-adjacent,EA-adjacent,EA relationship EA-adjacent is preserved from the frozen/precomp organization classification or legacy normalized bridge.,benchmark/frozen/combined_peer_universe_3wave_precomp.csv#row=58;candidate_id=EXP-031;organization=Evidence Action,independent nonprofit,above_scale_delivery_hybrid,Expected organization structure is independent nonprofit. Observation-specific structure flag is above_scale_delivery_hybrid: EA-adjacent evidence-based delivery organization; materially above RP core scale.,benchmark/frozen/combined_peer_universe_3wave_precomp.csv#row=58;candidate_id=EXP-031;organization=Evidence Action | benchmark/deliverables/form990_evidence.csv#row=57;source_id=SRC-990-EXT-EVIDENCE-ACTION;organization=Evidence Action,"Global health, development, and evidence",EA-adjacent evidence-based delivery organization; materially above RP core scale.,"Precomp/legacy normalized topic cluster is Global health, development, and evidence; filing notes provide the organization-specific operating-model context.",benchmark/frozen/combined_peer_universe_3wave_precomp.csv#row=58;candidate_id=EXP-031;organization=Evidence Action,Chief Executive Officer,CEO_title_match,"Raw filing title ""Chief Executive Officer"" is normalized to CEO_title_match by the binary title-group rule.",benchmark/deliverables/form990_evidence.csv#row=57;source_id=SRC-990-EXT-EVIDENCE-ACTION;organization=Evidence Action | benchmark/scripts/normalize_and_analyze.py#L253-L254,topic/EA/expected_structure=precomp_frozen; peer tier/final structure=post_source_verification_nonpay; structure_flag=post_filing; title_group=derived,precomp_normalized_metadata + filing_derived_role_data + post_filing_flag + derived_title_group,https://apps.irs.gov/pub/epostcard/990/xml/2025/202512829349302256_public.xml,high,
form990::SRC-990-EXT-EXPONENT-PHILANTHROPY,source_id,SRC-990-EXT-EXPONENT-PHILANTHROPY,EXP-140,Exponent Philanthropy,form990,previous_expansion,B,Tier B weighted secondary,Incumbent peer tier Tier B weighted secondary with comparability score 74.0; analysis status primary. Below RP core scale but comparable national philanthropy-field infrastructure role.,"benchmark/deliverables/form990_evidence.csv#row=48;source_id=SRC-990-EXT-EXPONENT-PHILANTHROPY;organization=Exponent Philanthropy | benchmark/scripts/normalize_and_analyze.py#L35-L36,L75-L79",functional-only,functional-only,EA relationship functional-only is preserved from the frozen/precomp organization classification or legacy normalized bridge.,benchmark/frozen/combined_peer_universe_3wave_precomp.csv#row=48;candidate_id=EXP-140;organization=Exponent Philanthropy,independent nonprofit,below_primary_scale,Expected organization structure is independent nonprofit. Observation-specific structure flag is below_primary_scale: Below RP core scale but comparable national philanthropy-field infrastructure role.,benchmark/frozen/combined_peer_universe_3wave_precomp.csv#row=48;candidate_id=EXP-140;organization=Exponent Philanthropy | benchmark/deliverables/form990_evidence.csv#row=48;source_id=SRC-990-EXT-EXPONENT-PHILANTHROPY;organization=Exponent Philanthropy,"Research, evaluation, philanthropy infrastructure, and policy",Below RP core scale but comparable national philanthropy-field infrastructure role.,"Precomp/legacy normalized topic cluster is Research, evaluation, philanthropy infrastructure, and policy; filing notes provide the organization-specific operating-model context.",benchmark/frozen/combined_peer_universe_3wave_precomp.csv#row=48;candidate_id=EXP-140;organization=Exponent Philanthropy,Chief Executive Officer,CEO_title_match,"Raw filing title ""Chief Executive Officer"" is normalized to CEO_title_match by the binary title-group rule.",benchmark/deliverables/form990_evidence.csv#row=48;source_id=SRC-990-EXT-EXPONENT-PHILANTHROPY;organization=Exponent Philanthropy | benchmark/scripts/normalize_and_analyze.py#L253-L254,topic/EA/expected_structure=precomp_frozen; peer tier/final structure=post_source_verification_nonpay; structure_flag=post_filing; title_group=derived,precomp_normalized_metadata + filing_derived_role_data + post_filing_flag + derived_title_group,https://apps.irs.gov/pub/epostcard/990/xml/2026/202621699349300132_public.xml,high,
form990::SRC-990-EXT-FAR-AI,source_id,SRC-990-EXT-FAR-AI,EXP-096,FAR AI,form990,previous_expansion,A,Tier A expanded primary,Incumbent peer tier Tier A expanded primary with comparability score 91.0; analysis status primary.,"benchmark/deliverables/form990_evidence.csv#row=12;source_id=SRC-990-EXT-FAR-AI;organization=FAR AI | benchmark/scripts/normalize_and_analyze.py#L35-L36,L75-L79",EA-adjacent,EA-adjacent,EA relationship EA-adjacent is preserved from the frozen/precomp organization classification or legacy normalized bridge.,benchmark/frozen/combined_peer_universe_3wave_precomp.csv#row=8;candidate_id=EXP-096;organization=FAR AI,independent nonprofit,none,Expected organization structure is independent nonprofit. Observation-specific structure flag is none: ,benchmark/frozen/combined_peer_universe_3wave_precomp.csv#row=8;candidate_id=EXP-096;organization=FAR AI | benchmark/deliverables/form990_evidence.csv#row=12;source_id=SRC-990-EXT-FAR-AI;organization=FAR AI,"AI, catastrophic risk, biosecurity, and technology policy",,"Precomp/legacy normalized topic cluster is AI, catastrophic risk, biosecurity, and technology policy; filing notes provide the organization-specific operating-model context.",benchmark/frozen/combined_peer_universe_3wave_precomp.csv#row=8;candidate_id=EXP-096;organization=FAR AI,President/CEO,CEO_title_match,"Raw filing title ""President/CEO"" is normalized to CEO_title_match by the binary title-group rule.",benchmark/deliverables/form990_evidence.csv#row=12;source_id=SRC-990-EXT-FAR-AI;organization=FAR AI | benchmark/scripts/normalize_and_analyze.py#L253-L254,topic/EA/expected_structure=precomp_frozen; peer tier/final structure=post_source_verification_nonpay; structure_flag=post_filing; title_group=derived,precomp_normalized_metadata + filing_derived_role_data + post_filing_flag + derived_title_group,https://apps.irs.gov/pub/epostcard/990/xml/2025/202543189349316054_public.xml,high,
form990::SRC-990-EXT-FARM-SANCTUARY,source_id,SRC-990-EXT-FARM-SANCTUARY,EXP-074,Farm Sanctuary,form990,previous_expansion,B,Tier B weighted secondary,Incumbent peer tier Tier B weighted secondary with comparability score 71.0; analysis status primary_with_structure_flag. Used prior full year because 2024 filing showed CEO transition; substantial sanctuary operations.,"benchmark/deliverables/form990_evidence.csv#row=54;source_id=SRC-990-EXT-FARM-SANCTUARY;organization=Farm Sanctuary | benchmark/scripts/normalize_and_analyze.py#L35-L36,L75-L79",EA-adjacent,EA-adjacent,EA relationship EA-adjacent is preserved from the frozen/precomp organization classification or legacy normalized bridge.,benchmark/frozen/combined_peer_universe_3wave_precomp.csv#row=55;candidate_id=EXP-074;organization=Farm Sanctuary,independent nonprofit,sanctuary_delivery_older_clean,Expected organization structure is independent nonprofit. Observation-specific structure flag is sanctuary_delivery_older_clean: Used prior full year because 2024 filing showed CEO transition; substantial sanctuary operations.,benchmark/frozen/combined_peer_universe_3wave_precomp.csv#row=55;candidate_id=EXP-074;organization=Farm Sanctuary | benchmark/deliverables/form990_evidence.csv#row=54;source_id=SRC-990-EXT-FARM-SANCTUARY;organization=Farm Sanctuary,Animal welfare and food systems,Used prior full year because 2024 filing showed CEO transition; substantial sanctuary operations.,Precomp/legacy normalized topic cluster is Animal welfare and food systems; filing notes provide the organization-specific operating-model context.,benchmark/frozen/combined_peer_universe_3wave_precomp.csv#row=55;candidate_id=EXP-074;organization=Farm Sanctuary,CEO,CEO_title_match,"Raw filing title ""CEO"" is normalized to CEO_title_match by the binary title-group rule.",benchmark/deliverables/form990_evidence.csv#row=54;source_id=SRC-990-EXT-FARM-SANCTUARY;organization=Farm Sanctuary | benchmark/scripts/normalize_and_analyze.py#L253-L254,topic/EA/expected_structure=precomp_frozen; peer tier/final structure=post_source_verification_nonpay; structure_flag=post_filing; title_group=derived,precomp_normalized_metadata + filing_derived_role_data + post_filing_flag + derived_title_group,https://apps.irs.gov/pub/epostcard/990/xml/2024/202422699349301652_public.xml,high,
form990::SRC-990-EXT-FEDERATION-OF-AMERICAN-SCIENTISTS,source_id,SRC-990-EXT-FEDERATION-OF-AMERICAN-SCIENTISTS,EXP-116,Federation of American Scientists,form990,previous_expansion,A,Tier A expanded primary,"Incumbent peer tier Tier A expanded primary with comparability score 76.0; analysis status primary_with_structure_flag. Above RP core scale; Tier A frozen assignment retained, isolated in close-scale sensitivity.","benchmark/deliverables/form990_evidence.csv#row=35;source_id=SRC-990-EXT-FEDERATION-OF-AMERICAN-SCIENTISTS;organization=Federation of American Scientists | benchmark/scripts/normalize_and_analyze.py#L35-L36,L75-L79",EA-adjacent,EA-adjacent,EA relationship EA-adjacent is preserved from the frozen/precomp organization classification or legacy normalized bridge.,benchmark/frozen/combined_peer_universe_3wave_precomp.csv#row=38;candidate_id=EXP-116;organization=Federation of American Scientists,independent nonprofit,above_primary_scale,"Expected organization structure is independent nonprofit. Observation-specific structure flag is above_primary_scale: Above RP core scale; Tier A frozen assignment retained, isolated in close-scale sensitivity.",benchmark/frozen/combined_peer_universe_3wave_precomp.csv#row=38;candidate_id=EXP-116;organization=Federation of American Scientists | benchmark/deliverables/form990_evidence.csv#row=35;source_id=SRC-990-EXT-FEDERATION-OF-AMERICAN-SCIENTISTS;organization=Federation of American Scientists,"AI, catastrophic risk, biosecurity, and technology policy","Above RP core scale; Tier A frozen assignment retained, isolated in close-scale sensitivity.","Precomp/legacy normalized topic cluster is AI, catastrophic risk, biosecurity, and technology policy; filing notes provide the organization-specific operating-model context.",benchmark/frozen/combined_peer_universe_3wave_precomp.csv#row=38;candidate_id=EXP-116;organization=Federation of American Scientists,Chief Executive Officer,CEO_title_match,"Raw filing title ""Chief Executive Officer"" is normalized to CEO_title_match by the binary title-group rule.",benchmark/deliverables/form990_evidence.csv#row=35;source_id=SRC-990-EXT-FEDERATION-OF-AMERICAN-SCIENTISTS;organization=Federation of American Scientists | benchmark/scripts/normalize_and_analyze.py#L253-L254,topic/EA/expected_structure=precomp_frozen; peer tier/final structure=post_source_verification_nonpay; structure_flag=post_filing; title_group=derived,precomp_normalized_metadata + filing_derived_role_data + post_filing_flag + derived_title_group,https://apps.irs.gov/pub/epostcard/990/xml/2026/202620939349300837_public.xml,high,
form990::SRC-990-EXT-FOOD-ANIMAL-CONCERNS-TRUST,source_id,SRC-990-EXT-FOOD-ANIMAL-CONCERNS-TRUST,EXT2-135,Food Animal Concerns Trust,form990,extension2,C,Tier C broad sensitivity,"Incumbent peer tier Tier C broad sensitivity with comparability score 65.0; analysis status primary_with_structure_flag. EA-adjacent food-systems advocacy organization, but far below RP scale.","benchmark/deliverables/form990_evidence.csv#row=100;source_id=SRC-990-EXT-FOOD-ANIMAL-CONCERNS-TRUST;organization=Food Animal Concerns Trust | benchmark/scripts/normalize_and_analyze.py#L35-L36,L75-L79",EA-adjacent,EA-adjacent,EA relationship EA-adjacent is preserved from the frozen/precomp organization classification or legacy normalized bridge.,benchmark/frozen/combined_peer_universe_3wave_precomp.csv#row=296;candidate_id=EXT2-135;organization=Food Animal Concerns Trust,independent nonprofit,well_below_scale,"Expected organization structure is independent nonprofit. Observation-specific structure flag is well_below_scale: EA-adjacent food-systems advocacy organization, but far below RP scale.",benchmark/frozen/combined_peer_universe_3wave_precomp.csv#row=296;candidate_id=EXT2-135;organization=Food Animal Concerns Trust | benchmark/deliverables/form990_evidence.csv#row=100;source_id=SRC-990-EXT-FOOD-ANIMAL-CONCERNS-TRUST;organization=Food Animal Concerns Trust,Animal welfare and food systems,"EA-adjacent food-systems advocacy organization, but far below RP scale.",Precomp/legacy normalized topic cluster is Animal welfare and food systems; filing notes provide the organization-specific operating-model context.,benchmark/frozen/combined_peer_universe_3wave_precomp.csv#row=296;candidate_id=EXT2-135;organization=Food Animal Concerns Trust,Executive Director,ED_or_President,"Raw filing title ""Executive Director"" is normalized to ED_or_President by the binary title-group rule.",benchmark/deliverables/form990_evidence.csv#row=100;source_id=SRC-990-EXT-FOOD-ANIMAL-CONCERNS-TRUST;organization=Food Animal Concerns Trust | benchmark/scripts/normalize_and_analyze.py#L253-L254,topic/EA/expected_structure=precomp_frozen; peer tier/final structure=post_source_verification_nonpay; structure_flag=post_filing; title_group=derived,precomp_normalized_metadata + filing_derived_role_data + post_filing_flag + derived_title_group,https://apps.irs.gov/pub/epostcard/990/xml/2026/202620149349300022_public.xml,high,
form990::SRC-990-EXT-FRAMEWORKS-INSTITUTE,source_id,SRC-990-EXT-FRAMEWORKS-INSTITUTE,EXT2-036,FrameWorks Institute,form990,extension2,A,Tier A expanded primary,Incumbent peer tier Tier A expanded primary with comparability score 92.0; analysis status primary. Exceptionally close social-science research/advisory and operating-scale match.,"benchmark/deliverables/form990_evidence.csv#row=69;source_id=SRC-990-EXT-FRAMEWORKS-INSTITUTE;organization=FrameWorks Institute | benchmark/scripts/normalize_and_analyze.py#L35-L36,L75-L79",functional-only,functional-only,EA relationship functional-only is preserved from the frozen/precomp organization classification or legacy normalized bridge.,benchmark/frozen/combined_peer_universe_3wave_precomp.csv#row=197;candidate_id=EXT2-036;organization=FrameWorks Institute,independent nonprofit,none,Expected organization structure is independent nonprofit. Observation-specific structure flag is none: Exceptionally close social-science research/advisory and operating-scale match.,benchmark/frozen/combined_peer_universe_3wave_precomp.csv#row=197;candidate_id=EXT2-036;organization=FrameWorks Institute | benchmark/deliverables/form990_evidence.csv#row=69;source_id=SRC-990-EXT-FRAMEWORKS-INSTITUTE;organization=FrameWorks Institute,"Research, evaluation, philanthropy infrastructure, and policy",Exceptionally close social-science research/advisory and operating-scale match.,"Precomp/legacy normalized topic cluster is Research, evaluation, philanthropy infrastructure, and policy; filing notes provide the organization-specific operating-model context.",benchmark/frozen/combined_peer_universe_3wave_precomp.csv#row=197;candidate_id=EXT2-036;organization=FrameWorks Institute,Chief Executive Officer,CEO_title_match,"Raw filing title ""Chief Executive Officer"" is normalized to CEO_title_match by the binary title-group rule.",benchmark/deliverables/form990_evidence.csv#row=69;source_id=SRC-990-EXT-FRAMEWORKS-INSTITUTE;organization=FrameWorks Institute | benchmark/scripts/normalize_and_analyze.py#L253-L254,topic/EA/expected_structure=precomp_frozen; peer tier/final structure=post_source_verification_nonpay; structure_flag=post_filing; title_group=derived,precomp_normalized_metadata + filing_derived_role_data + post_filing_flag + derived_title_group,https://apps.irs.gov/pub/epostcard/990/xml/2026/202641389349300439_public.xml,high,
form990::SRC-990-EXT-FRESH-ENERGY,source_id,SRC-990-EXT-FRESH-ENERGY,EXT3-129,Fresh Energy,form990,extension3,A,Tier A expanded primary,"Incumbent peer tier Tier A expanded primary with comparability score 87.0; analysis status primary. Climate and energy policy organization with close operating scale. Filing says ED served until Jan. 2025; the compensation convention is calendar 2024, during which she served throughout.","benchmark/deliverables/form990_evidence.csv#row=132;source_id=SRC-990-EXT-FRESH-ENERGY;organization=Fresh Energy | benchmark/scripts/normalize_and_analyze.py#L35-L36,L75-L79",functional-only,functional-only,EA relationship functional-only is preserved from the frozen/precomp organization classification or legacy normalized bridge.,benchmark/frozen/combined_peer_universe_3wave_precomp.csv#row=435;candidate_id=EXT3-129;organization=Fresh Energy,independent nonprofit,departed_at_fiscal_year_end_after_full_compensation_year,"Expected organization structure is independent nonprofit. Observation-specific structure flag is departed_at_fiscal_year_end_after_full_compensation_year: Climate and energy policy organization with close operating scale. Filing says ED served until Jan. 2025; the compensation convention is calendar 2024, during which she served throughout.",benchmark/frozen/combined_peer_universe_3wave_precomp.csv#row=435;candidate_id=EXT3-129;organization=Fresh Energy | benchmark/deliverables/form990_evidence.csv#row=132;source_id=SRC-990-EXT-FRESH-ENERGY;organization=Fresh Energy,climate and evidence,"Climate and energy policy organization with close operating scale. Filing says ED served until Jan. 2025; the compensation convention is calendar 2024, during which she served throughout.",Precomp/legacy normalized topic cluster is climate and evidence; filing notes provide the organization-specific operating-model context.,benchmark/frozen/combined_peer_universe_3wave_precomp.csv#row=435;candidate_id=EXT3-129;organization=Fresh Energy,Executive Director,ED_or_President,"Raw filing title ""Executive Director"" is normalized to ED_or_President by the binary title-group rule.",benchmark/deliverables/form990_evidence.csv#row=132;source_id=SRC-990-EXT-FRESH-ENERGY;organization=Fresh Energy | benchmark/scripts/normalize_and_analyze.py#L253-L254,topic/EA/expected_structure=precomp_frozen; peer tier/final structure=post_source_verification_nonpay; structure_flag=post_filing; title_group=derived,precomp_normalized_metadata + filing_derived_role_data + post_filing_flag + derived_title_group,https://apps.irs.gov/pub/epostcard/990/xml/2025/202513169349301031_public.xml,high,
form990::SRC-990-EXT-FUTURE-OF-PRIVACY-FORUM,source_id,SRC-990-EXT-FUTURE-OF-PRIVACY-FORUM,EXP-124,Future of Privacy Forum,form990,legacy_original,A,strict_primary,Incumbent peer tier strict_primary with comparability score 93.0; analysis status primary. Retained under no-pay-driven-removal rule; isolated in founder and unusual-structure sensitivities.,"benchmark/deliverables/form990_evidence.csv#row=7;source_id=SRC-990-EXT-FUTURE-OF-PRIVACY-FORUM;organization=Future of Privacy Forum | benchmark/scripts/normalize_and_analyze.py#L35-L36,L75-L79",EA-adjacent,EA-adjacent,EA relationship EA-adjacent is preserved from the frozen/precomp organization classification or legacy normalized bridge.,benchmark/frozen/combined_peer_universe_3wave_precomp.csv#row=6;candidate_id=EXP-124;organization=Future of Privacy Forum,independent nonprofit,founder_and_unusually_high_cash_proxy,Expected organization structure is independent nonprofit. Observation-specific structure flag is founder_and_unusually_high_cash_proxy: Retained under no-pay-driven-removal rule; isolated in founder and unusual-structure sensitivities.,benchmark/frozen/combined_peer_universe_3wave_precomp.csv#row=6;candidate_id=EXP-124;organization=Future of Privacy Forum | benchmark/deliverables/form990_evidence.csv#row=7;source_id=SRC-990-EXT-FUTURE-OF-PRIVACY-FORUM;organization=Future of Privacy Forum,"AI, catastrophic risk, biosecurity, and technology policy",Retained under no-pay-driven-removal rule; isolated in founder and unusual-structure sensitivities.,"Precomp/legacy normalized topic cluster is AI, catastrophic risk, biosecurity, and technology policy; filing notes provide the organization-specific operating-model context.",benchmark/frozen/combined_peer_universe_3wave_precomp.csv#row=6;candidate_id=EXP-124;organization=Future of Privacy Forum,Chief Executive Officer,CEO_title_match,"Raw filing title ""Chief Executive Officer"" is normalized to CEO_title_match by the binary title-group rule.",benchmark/deliverables/form990_evidence.csv#row=7;source_id=SRC-990-EXT-FUTURE-OF-PRIVACY-FORUM;organization=Future of Privacy Forum | benchmark/scripts/normalize_and_analyze.py#L253-L254,topic/EA/expected_structure=precomp_frozen; peer tier/final structure=post_source_verification_nonpay; structure_flag=post_filing; title_group=derived,precomp_normalized_metadata + filing_derived_role_data + post_filing_flag + derived_title_group,https://apps.irs.gov/pub/epostcard/990/xml/2025/202543219349319589_public.xml,medium,"Observation structure label is compensation-informed and post-filing, but did not affect precomp peer selection."
form990::SRC-990-EXT-GIVINGTUESDAY,source_id,SRC-990-EXT-GIVINGTUESDAY,EXT2-084,GivingTuesday,form990,extension2,A,Tier A expanded primary,"Incumbent peer tier Tier A expanded primary with comparability score 92.0; analysis status primary. Global generosity research, data, field-building, and movement-infrastructure organization with close expense scale.","benchmark/deliverables/form990_evidence.csv#row=92;source_id=SRC-990-EXT-GIVINGTUESDAY;organization=GivingTuesday | benchmark/scripts/normalize_and_analyze.py#L35-L36,L75-L79",EA-adjacent,EA-adjacent,EA relationship EA-adjacent is preserved from the frozen/precomp organization classification or legacy normalized bridge.,benchmark/frozen/combined_peer_universe_3wave_precomp.csv#row=245;candidate_id=EXT2-084;organization=GivingTuesday,independent nonprofit,none,"Expected organization structure is independent nonprofit. Observation-specific structure flag is none: Global generosity research, data, field-building, and movement-infrastructure organization with close expense scale.",benchmark/frozen/combined_peer_universe_3wave_precomp.csv#row=245;candidate_id=EXT2-084;organization=GivingTuesday | benchmark/deliverables/form990_evidence.csv#row=92;source_id=SRC-990-EXT-GIVINGTUESDAY;organization=GivingTuesday,EA infrastructure and effective giving,"Global generosity research, data, field-building, and movement-infrastructure organization with close expense scale.",Precomp/legacy normalized topic cluster is EA infrastructure and effective giving; filing notes provide the organization-specific operating-model context.,benchmark/frozen/combined_peer_universe_3wave_precomp.csv#row=245;candidate_id=EXT2-084;organization=GivingTuesday,Chief Executive Officer and President,CEO_title_match,"Raw filing title ""Chief Executive Officer and President"" is normalized to CEO_title_match by the binary title-group rule.",benchmark/deliverables/form990_evidence.csv#row=92;source_id=SRC-990-EXT-GIVINGTUESDAY;organization=GivingTuesday | benchmark/scripts/normalize_and_analyze.py#L253-L254,topic/EA/expected_structure=precomp_frozen; peer tier/final structure=post_source_verification_nonpay; structure_flag=post_filing; title_group=derived,precomp_normalized_metadata + filing_derived_role_data + post_filing_flag + derived_title_group,https://apps.irs.gov/pub/epostcard/990/xml/2026/202601219349300720_public.xml,high,
form990::SRC-990-EXT-GLOBAL-HEALTH-CORPS,source_id,SRC-990-EXT-GLOBAL-HEALTH-CORPS,EXT3-087,Global Health Corps,form990,extension3,B,Tier B weighted secondary,Incumbent peer tier Tier B weighted secondary with comparability score 80.0; analysis status primary_with_structure_flag. EA-adjacent global-health talent and field-building comparator; delivery model and smaller expense scale reduce weight.,"benchmark/deliverables/form990_evidence.csv#row=129;source_id=SRC-990-EXT-GLOBAL-HEALTH-CORPS;organization=Global Health Corps | benchmark/scripts/normalize_and_analyze.py#L35-L36,L75-L79",EA-adjacent,EA-adjacent,EA relationship EA-adjacent is preserved from the frozen/precomp organization classification or legacy normalized bridge.,benchmark/frozen/combined_peer_universe_3wave_precomp.csv#row=393;candidate_id=EXT3-087;organization=Global Health Corps,independent nonprofit,talent_fellowship_and_program_delivery_mix,Expected organization structure is independent nonprofit. Observation-specific structure flag is talent_fellowship_and_program_delivery_mix: EA-adjacent global-health talent and field-building comparator; delivery model and smaller expense scale reduce weight.,benchmark/frozen/combined_peer_universe_3wave_precomp.csv#row=393;candidate_id=EXT3-087;organization=Global Health Corps | benchmark/deliverables/form990_evidence.csv#row=129;source_id=SRC-990-EXT-GLOBAL-HEALTH-CORPS;organization=Global Health Corps,global health and development,EA-adjacent global-health talent and field-building comparator; delivery model and smaller expense scale reduce weight.,Precomp/legacy normalized topic cluster is global health and development; filing notes provide the organization-specific operating-model context.,benchmark/frozen/combined_peer_universe_3wave_precomp.csv#row=393;candidate_id=EXT3-087;organization=Global Health Corps,Chief Executive Officer,CEO_title_match,"Raw filing title ""Chief Executive Officer"" is normalized to CEO_title_match by the binary title-group rule.",benchmark/deliverables/form990_evidence.csv#row=129;source_id=SRC-990-EXT-GLOBAL-HEALTH-CORPS;organization=Global Health Corps | benchmark/scripts/normalize_and_analyze.py#L253-L254,topic/EA/expected_structure=precomp_frozen; peer tier/final structure=post_source_verification_nonpay; structure_flag=post_filing; title_group=derived,precomp_normalized_metadata + filing_derived_role_data + post_filing_flag + derived_title_group,https://apps.irs.gov/pub/epostcard/990/xml/2026/202600139349300115_public.xml,high,
form990::SRC-990-EXT-GOOD-FOOD-INSTITUTE,source_id,SRC-990-EXT-GOOD-FOOD-INSTITUTE,EXP-064,Good Food Institute,form990,previous_expansion,A,Tier A expanded primary,"Incumbent peer tier Tier A expanded primary with comparability score 76.0; analysis status primary_with_structure_flag. CEO used; founder/president Bruce Friedrich separately received $230,799 plus $21,241. Excluded in solo-top-executive sensitivity.","benchmark/deliverables/form990_evidence.csv#row=36;source_id=SRC-990-EXT-GOOD-FOOD-INSTITUTE;organization=Good Food Institute | benchmark/scripts/normalize_and_analyze.py#L35-L36,L75-L79",EA-adjacent,EA-adjacent,EA relationship EA-adjacent is preserved from the frozen/precomp organization classification or legacy normalized bridge.,benchmark/frozen/combined_peer_universe_3wave_precomp.csv#row=39;candidate_id=EXP-064;organization=Good Food Institute,independent nonprofit,founder_president_plus_ceo,"Expected organization structure is independent nonprofit. Observation-specific structure flag is founder_president_plus_ceo: CEO used; founder/president Bruce Friedrich separately received $230,799 plus $21,241. Excluded in solo-top-executive sensitivity.",benchmark/frozen/combined_peer_universe_3wave_precomp.csv#row=39;candidate_id=EXP-064;organization=Good Food Institute | benchmark/deliverables/form990_evidence.csv#row=36;source_id=SRC-990-EXT-GOOD-FOOD-INSTITUTE;organization=Good Food Institute,Animal welfare and food systems,"CEO used; founder/president Bruce Friedrich separately received $230,799 plus $21,241. Excluded in solo-top-executive sensitivity.",Precomp/legacy normalized topic cluster is Animal welfare and food systems; filing notes provide the organization-specific operating-model context.,benchmark/frozen/combined_peer_universe_3wave_precomp.csv#row=39;candidate_id=EXP-064;organization=Good Food Institute,CEO,CEO_title_match,"Raw filing title ""CEO"" is normalized to CEO_title_match by the binary title-group rule.",benchmark/deliverables/form990_evidence.csv#row=36;source_id=SRC-990-EXT-GOOD-FOOD-INSTITUTE;organization=Good Food Institute | benchmark/scripts/normalize_and_analyze.py#L253-L254,topic/EA/expected_structure=precomp_frozen; peer tier/final structure=post_source_verification_nonpay; structure_flag=post_filing; title_group=derived,precomp_normalized_metadata + filing_derived_role_data + post_filing_flag + derived_title_group,https://apps.irs.gov/pub/epostcard/990/xml/2025/202543189349301719_public.xml,high,
form990::SRC-990-EXT-GRANTMAKERS-FOR-EDUCATION,source_id,SRC-990-EXT-GRANTMAKERS-FOR-EDUCATION,EXT3-047,Grantmakers for Education,form990,extension3,B,Tier B weighted secondary,"Incumbent peer tier Tier B weighted secondary with comparability score 84.0; analysis status primary. Philanthropy field-building, knowledge, and membership organization; below Tier A scale but functionally relevant.","benchmark/deliverables/form990_evidence.csv#row=127;source_id=SRC-990-EXT-GRANTMAKERS-FOR-EDUCATION;organization=Grantmakers for Education | benchmark/scripts/normalize_and_analyze.py#L35-L36,L75-L79",functional-only,functional-only,EA relationship functional-only is preserved from the frozen/precomp organization classification or legacy normalized bridge.,benchmark/frozen/combined_peer_universe_3wave_precomp.csv#row=353;candidate_id=EXT3-047;organization=Grantmakers for Education,membership nonprofit,none,"Expected organization structure is membership nonprofit. Observation-specific structure flag is none: Philanthropy field-building, knowledge, and membership organization; below Tier A scale but functionally relevant.",benchmark/frozen/combined_peer_universe_3wave_precomp.csv#row=353;candidate_id=EXT3-047;organization=Grantmakers for Education | benchmark/deliverables/form990_evidence.csv#row=127;source_id=SRC-990-EXT-GRANTMAKERS-FOR-EDUCATION;organization=Grantmakers for Education,philanthropy infrastructure,"Philanthropy field-building, knowledge, and membership organization; below Tier A scale but functionally relevant.",Precomp/legacy normalized topic cluster is philanthropy infrastructure; filing notes provide the organization-specific operating-model context.,benchmark/frozen/combined_peer_universe_3wave_precomp.csv#row=353;candidate_id=EXT3-047;organization=Grantmakers for Education,Executive Director,ED_or_President,"Raw filing title ""Executive Director"" is normalized to ED_or_President by the binary title-group rule.",benchmark/deliverables/form990_evidence.csv#row=127;source_id=SRC-990-EXT-GRANTMAKERS-FOR-EDUCATION;organization=Grantmakers for Education | benchmark/scripts/normalize_and_analyze.py#L253-L254,topic/EA/expected_structure=precomp_frozen; peer tier/final structure=post_source_verification_nonpay; structure_flag=post_filing; title_group=derived,precomp_normalized_metadata + filing_derived_role_data + post_filing_flag + derived_title_group,https://apps.irs.gov/pub/epostcard/990/xml/2025/202543079349303299_public.xml,high,
form990::SRC-990-EXT-GRANTMAKERS-FOR-EFFECTIVE-ORGANIZATIONS,source_id,SRC-990-EXT-GRANTMAKERS-FOR-EFFECTIVE-ORGANIZATIONS,EXP-137,Grantmakers for Effective Organizations,form990,previous_expansion,A,Tier A expanded primary,Incumbent peer tier Tier A expanded primary with comparability score 86.0; analysis status primary.,"benchmark/deliverables/form990_evidence.csv#row=41;source_id=SRC-990-EXT-GRANTMAKERS-FOR-EFFECTIVE-ORGANIZATIONS;organization=Grantmakers for Effective Organizations | benchmark/scripts/normalize_and_analyze.py#L35-L36,L75-L79",functional-only,functional-only,EA relationship functional-only is preserved from the frozen/precomp organization classification or legacy normalized bridge.,benchmark/frozen/combined_peer_universe_3wave_precomp.csv#row=23;candidate_id=EXP-137;organization=Grantmakers for Effective Organizations,independent nonprofit,none,Expected organization structure is independent nonprofit. Observation-specific structure flag is none: ,benchmark/frozen/combined_peer_universe_3wave_precomp.csv#row=23;candidate_id=EXP-137;organization=Grantmakers for Effective Organizations | benchmark/deliverables/form990_evidence.csv#row=41;source_id=SRC-990-EXT-GRANTMAKERS-FOR-EFFECTIVE-ORGANIZATIONS;organization=Grantmakers for Effective Organizations,"Research, evaluation, philanthropy infrastructure, and policy",,"Precomp/legacy normalized topic cluster is Research, evaluation, philanthropy infrastructure, and policy; filing notes provide the organization-specific operating-model context.",benchmark/frozen/combined_peer_universe_3wave_precomp.csv#row=23;candidate_id=EXP-137;organization=Grantmakers for Effective Organizations,President & CEO,CEO_title_match,"Raw filing title ""President & CEO"" is normalized to CEO_title_match by the binary title-group rule.",benchmark/deliverables/form990_evidence.csv#row=41;source_id=SRC-990-EXT-GRANTMAKERS-FOR-EFFECTIVE-ORGANIZATIONS;organization=Grantmakers for Effective Organizations | benchmark/scripts/normalize_and_analyze.py#L253-L254,topic/EA/expected_structure=precomp_frozen; peer tier/final structure=post_source_verification_nonpay; structure_flag=post_filing; title_group=derived,precomp_normalized_metadata + filing_derived_role_data + post_filing_flag + derived_title_group,https://apps.irs.gov/pub/epostcard/990/xml/2025/202503109349303655_public.xml,high,
form990::SRC-990-EXT-GUTTMACHER-INSTITUTE,source_id,SRC-990-EXT-GUTTMACHER-INSTITUTE,EXP-151,Guttmacher Institute,form990,previous_expansion,B,Tier B weighted secondary,Incumbent peer tier Tier B weighted secondary with comparability score 68.0; analysis status primary_older_clean. Latest clean full-year CEO observation is 2022; shown separately in recency sensitivity.,"benchmark/deliverables/form990_evidence.csv#row=59;source_id=SRC-990-EXT-GUTTMACHER-INSTITUTE;organization=Guttmacher Institute | benchmark/scripts/normalize_and_analyze.py#L35-L36,L75-L79",functional-only,functional-only,EA relationship functional-only is preserved from the frozen/precomp organization classification or legacy normalized bridge.,benchmark/frozen/combined_peer_universe_3wave_precomp.csv#row=59;candidate_id=EXP-151;organization=Guttmacher Institute,independent nonprofit,older_clean_due_transition,Expected organization structure is independent nonprofit. Observation-specific structure flag is older_clean_due_transition: Latest clean full-year CEO observation is 2022; shown separately in recency sensitivity.,benchmark/frozen/combined_peer_universe_3wave_precomp.csv#row=59;candidate_id=EXP-151;organization=Guttmacher Institute | benchmark/deliverables/form990_evidence.csv#row=59;source_id=SRC-990-EXT-GUTTMACHER-INSTITUTE;organization=Guttmacher Institute,"Research, evaluation, philanthropy infrastructure, and policy",Latest clean full-year CEO observation is 2022; shown separately in recency sensitivity.,"Precomp/legacy normalized topic cluster is Research, evaluation, philanthropy infrastructure, and policy; filing notes provide the organization-specific operating-model context.",benchmark/frozen/combined_peer_universe_3wave_precomp.csv#row=59;candidate_id=EXP-151;organization=Guttmacher Institute,President & CEO,CEO_title_match,"Raw filing title ""President & CEO"" is normalized to CEO_title_match by the binary title-group rule.",benchmark/deliverables/form990_evidence.csv#row=59;source_id=SRC-990-EXT-GUTTMACHER-INSTITUTE;organization=Guttmacher Institute | benchmark/scripts/normalize_and_analyze.py#L253-L254,topic/EA/expected_structure=precomp_frozen; peer tier/final structure=post_source_verification_nonpay; structure_flag=post_filing; title_group=derived,precomp_normalized_metadata + filing_derived_role_data + post_filing_flag + derived_title_group,https://apps.irs.gov/pub/epostcard/990/xml/2023/202341989349301459_public.xml,high,
form990::SRC-990-EXT-INDEPENDENT-SECTOR,source_id,SRC-990-EXT-INDEPENDENT-SECTOR,EXP-139,Independent Sector,form990,previous_expansion,A,Tier A expanded primary,Incumbent peer tier Tier A expanded primary with comparability score 84.0; analysis status primary.,"benchmark/deliverables/form990_evidence.csv#row=27;source_id=SRC-990-EXT-INDEPENDENT-SECTOR;organization=Independent Sector | benchmark/scripts/normalize_and_analyze.py#L35-L36,L75-L79",functional-only,functional-only,EA relationship functional-only is preserved from the frozen/precomp organization classification or legacy normalized bridge.,benchmark/frozen/combined_peer_universe_3wave_precomp.csv#row=29;candidate_id=EXP-139;organization=Independent Sector,independent nonprofit,none,Expected organization structure is independent nonprofit. Observation-specific structure flag is none: ,benchmark/frozen/combined_peer_universe_3wave_precomp.csv#row=29;candidate_id=EXP-139;organization=Independent Sector | benchmark/deliverables/form990_evidence.csv#row=27;source_id=SRC-990-EXT-INDEPENDENT-SECTOR;organization=Independent Sector,"Research, evaluation, philanthropy infrastructure, and policy",,"Precomp/legacy normalized topic cluster is Research, evaluation, philanthropy infrastructure, and policy; filing notes provide the organization-specific operating-model context.",benchmark/frozen/combined_peer_universe_3wave_precomp.csv#row=29;candidate_id=EXP-139;organization=Independent Sector,President & Chief Executive Officer,CEO_title_match,"Raw filing title ""President & Chief Executive Officer"" is normalized to CEO_title_match by the binary title-group rule.",benchmark/deliverables/form990_evidence.csv#row=27;source_id=SRC-990-EXT-INDEPENDENT-SECTOR;organization=Independent Sector | benchmark/scripts/normalize_and_analyze.py#L253-L254,topic/EA/expected_structure=precomp_frozen; peer tier/final structure=post_source_verification_nonpay; structure_flag=post_filing; title_group=derived,precomp_normalized_metadata + filing_derived_role_data + post_filing_flag + derived_title_group,https://apps.irs.gov/pub/epostcard/990/xml/2025/202502349349301110_public.xml,high,
form990::SRC-990-EXT-INFORMATION-TECHNOLOGY-AND-INNOVATION-FOUNDATION,source_id,SRC-990-EXT-INFORMATION-TECHNOLOGY-AND-INNOVATION-FOUNDATION,EXT2-002,Information Technology and Innovation Foundation,form990,extension2,A,Tier A expanded primary,Incumbent peer tier Tier A expanded primary with comparability score 90.0; analysis status primary. Technology-policy research institute with close core scale; fiscal-year filing reports calendar-year 2024 compensation.,"benchmark/deliverables/form990_evidence.csv#row=83;source_id=SRC-990-EXT-INFORMATION-TECHNOLOGY-AND-INNOVATION-FOUNDATION;organization=Information Technology and Innovation Foundation | benchmark/scripts/normalize_and_analyze.py#L35-L36,L75-L79",EA-adjacent,EA-adjacent,EA relationship EA-adjacent is preserved from the frozen/precomp organization classification or legacy normalized bridge.,benchmark/frozen/combined_peer_universe_3wave_precomp.csv#row=163;candidate_id=EXT2-002;organization=Information Technology and Innovation Foundation,independent nonprofit,none,Expected organization structure is independent nonprofit. Observation-specific structure flag is none: Technology-policy research institute with close core scale; fiscal-year filing reports calendar-year 2024 compensation.,benchmark/frozen/combined_peer_universe_3wave_precomp.csv#row=163;candidate_id=EXT2-002;organization=Information Technology and Innovation Foundation | benchmark/deliverables/form990_evidence.csv#row=83;source_id=SRC-990-EXT-INFORMATION-TECHNOLOGY-AND-INNOVATION-FOUNDATION;organization=Information Technology and Innovation Foundation,"AI, catastrophic risk, biosecurity, and technology policy",Technology-policy research institute with close core scale; fiscal-year filing reports calendar-year 2024 compensation.,"Precomp/legacy normalized topic cluster is AI, catastrophic risk, biosecurity, and technology policy; filing notes provide the organization-specific operating-model context.",benchmark/frozen/combined_peer_universe_3wave_precomp.csv#row=163;candidate_id=EXT2-002;organization=Information Technology and Innovation Foundation,President,ED_or_President,"Raw filing title ""President"" is normalized to ED_or_President by the binary title-group rule.",benchmark/deliverables/form990_evidence.csv#row=83;source_id=SRC-990-EXT-INFORMATION-TECHNOLOGY-AND-INNOVATION-FOUNDATION;organization=Information Technology and Innovation Foundation | benchmark/scripts/normalize_and_analyze.py#L253-L254,topic/EA/expected_structure=precomp_frozen; peer tier/final structure=post_source_verification_nonpay; structure_flag=post_filing; title_group=derived,precomp_normalized_metadata + filing_derived_role_data + post_filing_flag + derived_title_group,https://apps.irs.gov/pub/epostcard/990/xml/2026/202630159349300603_public.xml,high,
form990::SRC-990-EXT-INNOVATIONS-FOR-POVERTY-ACTION,source_id,SRC-990-EXT-INNOVATIONS-FOR-POVERTY-ACTION,EXP-033,Innovations for Poverty Action,form990,previous_expansion,B,Tier B weighted secondary,Incumbent peer tier Tier B weighted secondary with comparability score 70.0; analysis status primary_with_structure_flag. Excellent research/evaluation match but materially above RP core scale.,"benchmark/deliverables/form990_evidence.csv#row=56;source_id=SRC-990-EXT-INNOVATIONS-FOR-POVERTY-ACTION;organization=Innovations for Poverty Action | benchmark/scripts/normalize_and_analyze.py#L35-L36,L75-L79",EA-adjacent,EA-adjacent,EA relationship EA-adjacent is preserved from the frozen/precomp organization classification or legacy normalized bridge.,benchmark/frozen/combined_peer_universe_3wave_precomp.csv#row=57;candidate_id=EXP-033;organization=Innovations for Poverty Action,independent nonprofit,above_primary_scale,Expected organization structure is independent nonprofit. Observation-specific structure flag is above_primary_scale: Excellent research/evaluation match but materially above RP core scale.,benchmark/frozen/combined_peer_universe_3wave_precomp.csv#row=57;candidate_id=EXP-033;organization=Innovations for Poverty Action | benchmark/deliverables/form990_evidence.csv#row=56;source_id=SRC-990-EXT-INNOVATIONS-FOR-POVERTY-ACTION;organization=Innovations for Poverty Action,"Global health, development, and evidence",Excellent research/evaluation match but materially above RP core scale.,"Precomp/legacy normalized topic cluster is Global health, development, and evidence; filing notes provide the organization-specific operating-model context.",benchmark/frozen/combined_peer_universe_3wave_precomp.csv#row=57;candidate_id=EXP-033;organization=Innovations for Poverty Action,Executive Director,ED_or_President,"Raw filing title ""Executive Director"" is normalized to ED_or_President by the binary title-group rule.",benchmark/deliverables/form990_evidence.csv#row=56;source_id=SRC-990-EXT-INNOVATIONS-FOR-POVERTY-ACTION;organization=Innovations for Poverty Action | benchmark/scripts/normalize_and_analyze.py#L253-L254,topic/EA/expected_structure=precomp_frozen; peer tier/final structure=post_source_verification_nonpay; structure_flag=post_filing; title_group=derived,precomp_normalized_metadata + filing_derived_role_data + post_filing_flag + derived_title_group,https://apps.irs.gov/pub/epostcard/990/xml/2025/202513169349300641_public.xml,high,
form990::SRC-990-EXT-INSTITUTE-FOR-ENERGY-ECONOMICS-AND-FINANCIAL-ANALYSIS,source_id,SRC-990-EXT-INSTITUTE-FOR-ENERGY-ECONOMICS-AND-FINANCIAL-ANALYSIS,EXT2-111,Institute for Energy Economics and Financial Analysis,form990,extension2,A,Tier A expanded primary,Incumbent peer tier Tier A expanded primary with comparability score 90.0; analysis status primary. Energy-economics research institute with close scale and explicit CEO.,"benchmark/deliverables/form990_evidence.csv#row=87;source_id=SRC-990-EXT-INSTITUTE-FOR-ENERGY-ECONOMICS-AND-FINANCIAL-ANALYSIS;organization=Institute for Energy Economics and Financial Analysis | benchmark/scripts/normalize_and_analyze.py#L35-L36,L75-L79",EA-adjacent,EA-adjacent,EA relationship EA-adjacent is preserved from the frozen/precomp organization classification or legacy normalized bridge.,benchmark/frozen/combined_peer_universe_3wave_precomp.csv#row=272;candidate_id=EXT2-111;organization=Institute for Energy Economics and Financial Analysis,independent nonprofit,none,Expected organization structure is independent nonprofit. Observation-specific structure flag is none: Energy-economics research institute with close scale and explicit CEO.,benchmark/frozen/combined_peer_universe_3wave_precomp.csv#row=272;candidate_id=EXT2-111;organization=Institute for Energy Economics and Financial Analysis | benchmark/deliverables/form990_evidence.csv#row=87;source_id=SRC-990-EXT-INSTITUTE-FOR-ENERGY-ECONOMICS-AND-FINANCIAL-ANALYSIS;organization=Institute for Energy Economics and Financial Analysis,"Climate, environment, and evidence",Energy-economics research institute with close scale and explicit CEO.,"Precomp/legacy normalized topic cluster is Climate, environment, and evidence; filing notes provide the organization-specific operating-model context.",benchmark/frozen/combined_peer_universe_3wave_precomp.csv#row=272;candidate_id=EXT2-111;organization=Institute for Energy Economics and Financial Analysis,CEO/Board Secretary,CEO_title_match,"Raw filing title ""CEO/Board Secretary"" is normalized to CEO_title_match by the binary title-group rule.",benchmark/deliverables/form990_evidence.csv#row=87;source_id=SRC-990-EXT-INSTITUTE-FOR-ENERGY-ECONOMICS-AND-FINANCIAL-ANALYSIS;organization=Institute for Energy Economics and Financial Analysis | benchmark/scripts/normalize_and_analyze.py#L253-L254,topic/EA/expected_structure=precomp_frozen; peer tier/final structure=post_source_verification_nonpay; structure_flag=post_filing; title_group=derived,precomp_normalized_metadata + filing_derived_role_data + post_filing_flag + derived_title_group,https://apps.irs.gov/pub/epostcard/990/xml/2025/202541979349300319_public.xml,high,
form990::SRC-990-EXT-INSTITUTE-FOR-MARKET-TRANSFORMATION,source_id,SRC-990-EXT-INSTITUTE-FOR-MARKET-TRANSFORMATION,EXT3-131,Institute for Market Transformation,form990,extension3,A,Tier A expanded primary,"Incumbent peer tier Tier A expanded primary with comparability score 88.0; analysis status structural_sensitivity. Strong climate-policy and technical-assistance comparator, retained only as a labeled transition sensitivity. Exact CEO start date was not established; excluded from primary rather than silently treating as full-year.","benchmark/deliverables/form990_evidence.csv#row=133;source_id=SRC-990-EXT-INSTITUTE-FOR-MARKET-TRANSFORMATION;organization=Institute for Market Transformation | benchmark/scripts/normalize_and_analyze.py#L35-L36,L75-L79",functional-only,functional-only,EA relationship functional-only is preserved from the frozen/precomp organization classification or legacy normalized bridge.,benchmark/frozen/combined_peer_universe_3wave_precomp.csv#row=437;candidate_id=EXT3-131;organization=Institute for Market Transformation,independent nonprofit,possible_role_transition_during_compensation_year,"Expected organization structure is independent nonprofit. Observation-specific structure flag is possible_role_transition_during_compensation_year: Strong climate-policy and technical-assistance comparator, retained only as a labeled transition sensitivity.",benchmark/frozen/combined_peer_universe_3wave_precomp.csv#row=437;candidate_id=EXT3-131;organization=Institute for Market Transformation | benchmark/deliverables/form990_evidence.csv#row=133;source_id=SRC-990-EXT-INSTITUTE-FOR-MARKET-TRANSFORMATION;organization=Institute for Market Transformation,climate and evidence,"Strong climate-policy and technical-assistance comparator, retained only as a labeled transition sensitivity.",Precomp/legacy normalized topic cluster is climate and evidence; filing notes provide the organization-specific operating-model context.,benchmark/frozen/combined_peer_universe_3wave_precomp.csv#row=437;candidate_id=EXT3-131;organization=Institute for Market Transformation,CEO,CEO_title_match,"Raw filing title ""CEO"" is normalized to CEO_title_match by the binary title-group rule.",benchmark/deliverables/form990_evidence.csv#row=133;source_id=SRC-990-EXT-INSTITUTE-FOR-MARKET-TRANSFORMATION;organization=Institute for Market Transformation | benchmark/scripts/normalize_and_analyze.py#L253-L254,topic/EA/expected_structure=precomp_frozen; peer tier/final structure=post_source_verification_nonpay; structure_flag=post_filing; title_group=derived,precomp_normalized_metadata + filing_derived_role_data + post_filing_flag + derived_title_group,https://apps.irs.gov/pub/epostcard/990/xml/2025/202512829349300921_public.xml,high,
form990::SRC-990-EXT-INSTITUTE-FOR-NONPROFIT-NEWS,source_id,SRC-990-EXT-INSTITUTE-FOR-NONPROFIT-NEWS,EXT2-079,Institute for Nonprofit News,form990,extension2,A,Tier A expanded primary,"Incumbent peer tier Tier A expanded primary with comparability score 87.0; analysis status primary. National knowledge, standards, capacity-building, and network-infrastructure organization; some member-grant activity.","benchmark/deliverables/form990_evidence.csv#row=93;source_id=SRC-990-EXT-INSTITUTE-FOR-NONPROFIT-NEWS;organization=Institute for Nonprofit News | benchmark/scripts/normalize_and_analyze.py#L35-L36,L75-L79",functional-only,functional-only,EA relationship functional-only is preserved from the frozen/precomp organization classification or legacy normalized bridge.,benchmark/frozen/combined_peer_universe_3wave_precomp.csv#row=240;candidate_id=EXT2-079;organization=Institute for Nonprofit News,membership nonprofit,membership_and_grant_support_mix,"Expected organization structure is membership nonprofit. Observation-specific structure flag is membership_and_grant_support_mix: National knowledge, standards, capacity-building, and network-infrastructure organization; some member-grant activity.",benchmark/frozen/combined_peer_universe_3wave_precomp.csv#row=240;candidate_id=EXT2-079;organization=Institute for Nonprofit News | benchmark/deliverables/form990_evidence.csv#row=93;source_id=SRC-990-EXT-INSTITUTE-FOR-NONPROFIT-NEWS;organization=Institute for Nonprofit News,"Open science, research infrastructure, and knowledge dissemination","National knowledge, standards, capacity-building, and network-infrastructure organization; some member-grant activity.","Precomp/legacy normalized topic cluster is Open science, research infrastructure, and knowledge dissemination; filing notes provide the organization-specific operating-model context.",benchmark/frozen/combined_peer_universe_3wave_precomp.csv#row=240;candidate_id=EXT2-079;organization=Institute for Nonprofit News,Chief Executive Officer,CEO_title_match,"Raw filing title ""Chief Executive Officer"" is normalized to CEO_title_match by the binary title-group rule.",benchmark/deliverables/form990_evidence.csv#row=93;source_id=SRC-990-EXT-INSTITUTE-FOR-NONPROFIT-NEWS;organization=Institute for Nonprofit News | benchmark/scripts/normalize_and_analyze.py#L253-L254,topic/EA/expected_structure=precomp_frozen; peer tier/final structure=post_source_verification_nonpay; structure_flag=post_filing; title_group=derived,precomp_normalized_metadata + filing_derived_role_data + post_filing_flag + derived_title_group,https://apps.irs.gov/pub/epostcard/990/xml/2026/202630269349301213_public.xml,high,
form990::SRC-990-EXT-INSTITUTE-FOR-POLICY-STUDIES,source_id,SRC-990-EXT-INSTITUTE-FOR-POLICY-STUDIES,EXT2-048,Institute for Policy Studies,form990,extension2,A,Tier A expanded primary,Incumbent peer tier Tier A expanded primary with comparability score 84.0; analysis status primary. Policy research institute with close expense scale.,"benchmark/deliverables/form990_evidence.csv#row=79;source_id=SRC-990-EXT-INSTITUTE-FOR-POLICY-STUDIES;organization=Institute for Policy Studies | benchmark/scripts/normalize_and_analyze.py#L35-L36,L75-L79",functional-only,functional-only,EA relationship functional-only is preserved from the frozen/precomp organization classification or legacy normalized bridge.,benchmark/frozen/combined_peer_universe_3wave_precomp.csv#row=209;candidate_id=EXT2-048;organization=Institute for Policy Studies,independent nonprofit,none,Expected organization structure is independent nonprofit. Observation-specific structure flag is none: Policy research institute with close expense scale.,benchmark/frozen/combined_peer_universe_3wave_precomp.csv#row=209;candidate_id=EXT2-048;organization=Institute for Policy Studies | benchmark/deliverables/form990_evidence.csv#row=79;source_id=SRC-990-EXT-INSTITUTE-FOR-POLICY-STUDIES;organization=Institute for Policy Studies,"Research, evaluation, philanthropy infrastructure, and policy",Policy research institute with close expense scale.,"Precomp/legacy normalized topic cluster is Research, evaluation, philanthropy infrastructure, and policy; filing notes provide the organization-specific operating-model context.",benchmark/frozen/combined_peer_universe_3wave_precomp.csv#row=209;candidate_id=EXT2-048;organization=Institute for Policy Studies,Executive Director,ED_or_President,"Raw filing title ""Executive Director"" is normalized to ED_or_President by the binary title-group rule.",benchmark/deliverables/form990_evidence.csv#row=79;source_id=SRC-990-EXT-INSTITUTE-FOR-POLICY-STUDIES;organization=Institute for Policy Studies | benchmark/scripts/normalize_and_analyze.py#L253-L254,topic/EA/expected_structure=precomp_frozen; peer tier/final structure=post_source_verification_nonpay; structure_flag=post_filing; title_group=derived,precomp_normalized_metadata + filing_derived_role_data + post_filing_flag + derived_title_group,https://apps.irs.gov/pub/epostcard/990/xml/2025/202513219349302816_public.xml,high,
form990::SRC-990-EXT-INSTITUTE-FOR-SECURITY-AND-TECHNOLOGY,source_id,SRC-990-EXT-INSTITUTE-FOR-SECURITY-AND-TECHNOLOGY,EXT2-001,Institute for Security and Technology,form990,extension2,B,Tier B weighted secondary,Incumbent peer tier Tier B weighted secondary with comparability score 86.0; analysis status primary. Technology and security policy research/implementation organization; expenses near the lower edge of the expanded band.,"benchmark/deliverables/form990_evidence.csv#row=80;source_id=SRC-990-EXT-INSTITUTE-FOR-SECURITY-AND-TECHNOLOGY;organization=Institute for Security and Technology | benchmark/scripts/normalize_and_analyze.py#L35-L36,L75-L79",EA-adjacent,EA-adjacent,EA relationship EA-adjacent is preserved from the frozen/precomp organization classification or legacy normalized bridge.,benchmark/frozen/combined_peer_universe_3wave_precomp.csv#row=162;candidate_id=EXT2-001;organization=Institute for Security and Technology,independent nonprofit,lower_edge_scale,Expected organization structure is independent nonprofit. Observation-specific structure flag is lower_edge_scale: Technology and security policy research/implementation organization; expenses near the lower edge of the expanded band.,benchmark/frozen/combined_peer_universe_3wave_precomp.csv#row=162;candidate_id=EXT2-001;organization=Institute for Security and Technology | benchmark/deliverables/form990_evidence.csv#row=80;source_id=SRC-990-EXT-INSTITUTE-FOR-SECURITY-AND-TECHNOLOGY;organization=Institute for Security and Technology,"AI, catastrophic risk, biosecurity, and technology policy",Technology and security policy research/implementation organization; expenses near the lower edge of the expanded band.,"Precomp/legacy normalized topic cluster is AI, catastrophic risk, biosecurity, and technology policy; filing notes provide the organization-specific operating-model context.",benchmark/frozen/combined_peer_universe_3wave_precomp.csv#row=162;candidate_id=EXT2-001;organization=Institute for Security and Technology,CEO,CEO_title_match,"Raw filing title ""CEO"" is normalized to CEO_title_match by the binary title-group rule.",benchmark/deliverables/form990_evidence.csv#row=80;source_id=SRC-990-EXT-INSTITUTE-FOR-SECURITY-AND-TECHNOLOGY;organization=Institute for Security and Technology | benchmark/scripts/normalize_and_analyze.py#L253-L254,topic/EA/expected_structure=precomp_frozen; peer tier/final structure=post_source_verification_nonpay; structure_flag=post_filing; title_group=derived,precomp_normalized_metadata + filing_derived_role_data + post_filing_flag + derived_title_group,https://apps.irs.gov/pub/epostcard/990/xml/2025/202523219349310552_public.xml,high,
form990::SRC-990-EXT-INSTITUTE-FOR-WOMEN-S-POLICY-RESEARCH,source_id,SRC-990-EXT-INSTITUTE-FOR-WOMEN-S-POLICY-RESEARCH,EXP-155,Institute for Women’s Policy Research,form990,previous_expansion,A,Tier A expanded primary,"Incumbent peer tier Tier A expanded primary with comparability score 85.0; analysis status excluded_partial_year. Retained as labeled partial-year sensitivity only. CEO assumed role February 5, 2024; compensation-year observation is partial year.","benchmark/deliverables/form990_evidence.csv#row=25;source_id=SRC-990-EXT-INSTITUTE-FOR-WOMEN-S-POLICY-RESEARCH;organization=Institute for Women’s Policy Research | benchmark/scripts/normalize_and_analyze.py#L35-L36,L75-L79",functional-only,functional-only,EA relationship functional-only is preserved from the frozen/precomp organization classification or legacy normalized bridge.,benchmark/frozen/combined_peer_universe_3wave_precomp.csv#row=26;candidate_id=EXP-155;organization=Institute for Women’s Policy Research,independent nonprofit,partial_year_new_ceo,Expected organization structure is independent nonprofit. Observation-specific structure flag is partial_year_new_ceo: Retained as labeled partial-year sensitivity only.,benchmark/frozen/combined_peer_universe_3wave_precomp.csv#row=26;candidate_id=EXP-155;organization=Institute for Women’s Policy Research | benchmark/deliverables/form990_evidence.csv#row=25;source_id=SRC-990-EXT-INSTITUTE-FOR-WOMEN-S-POLICY-RESEARCH;organization=Institute for Women’s Policy Research,"Research, evaluation, philanthropy infrastructure, and policy",Retained as labeled partial-year sensitivity only.,"Precomp/legacy normalized topic cluster is Research, evaluation, philanthropy infrastructure, and policy; filing notes provide the organization-specific operating-model context.",benchmark/frozen/combined_peer_universe_3wave_precomp.csv#row=26;candidate_id=EXP-155;organization=Institute for Women’s Policy Research,CEO,CEO_title_match,"Raw filing title ""CEO"" is normalized to CEO_title_match by the binary title-group rule.",benchmark/deliverables/form990_evidence.csv#row=25;source_id=SRC-990-EXT-INSTITUTE-FOR-WOMEN-S-POLICY-RESEARCH;organization=Institute for Women’s Policy Research | benchmark/scripts/normalize_and_analyze.py#L253-L254,topic/EA/expected_structure=precomp_frozen; peer tier/final structure=post_source_verification_nonpay; structure_flag=post_filing; title_group=derived,precomp_normalized_metadata + filing_derived_role_data + post_filing_flag + derived_title_group,https://apps.irs.gov/pub/epostcard/990/xml/2026/202621349349301217_public.xml,high,
form990::SRC-990-EXT-INSTITUTE-FOR-THE-STUDY-OF-WAR,source_id,SRC-990-EXT-INSTITUTE-FOR-THE-STUDY-OF-WAR,EXT2-019,Institute for the Study of War,form990,extension2,A,Tier A expanded primary,Incumbent peer tier Tier A expanded primary with comparability score 89.0; analysis status primary. Independent research institute with close scale and global-risk relevance.,"benchmark/deliverables/form990_evidence.csv#row=107;source_id=SRC-990-EXT-INSTITUTE-FOR-THE-STUDY-OF-WAR;organization=Institute for the Study of War | benchmark/scripts/normalize_and_analyze.py#L35-L36,L75-L79",EA-adjacent,EA-adjacent,EA relationship EA-adjacent is preserved from the frozen/precomp organization classification or legacy normalized bridge.,benchmark/frozen/combined_peer_universe_3wave_precomp.csv#row=180;candidate_id=EXT2-019;organization=Institute for the Study of War,independent nonprofit,none,Expected organization structure is independent nonprofit. Observation-specific structure flag is none: Independent research institute with close scale and global-risk relevance.,benchmark/frozen/combined_peer_universe_3wave_precomp.csv#row=180;candidate_id=EXT2-019;organization=Institute for the Study of War | benchmark/deliverables/form990_evidence.csv#row=107;source_id=SRC-990-EXT-INSTITUTE-FOR-THE-STUDY-OF-WAR;organization=Institute for the Study of War,"AI, catastrophic risk, biosecurity, and technology policy",Independent research institute with close scale and global-risk relevance.,"Precomp/legacy normalized topic cluster is AI, catastrophic risk, biosecurity, and technology policy; filing notes provide the organization-specific operating-model context.",benchmark/frozen/combined_peer_universe_3wave_precomp.csv#row=180;candidate_id=EXT2-019;organization=Institute for the Study of War,President,ED_or_President,"Raw filing title ""President"" is normalized to ED_or_President by the binary title-group rule.",benchmark/deliverables/form990_evidence.csv#row=107;source_id=SRC-990-EXT-INSTITUTE-FOR-THE-STUDY-OF-WAR;organization=Institute for the Study of War | benchmark/scripts/normalize_and_analyze.py#L253-L254,topic/EA/expected_structure=precomp_frozen; peer tier/final structure=post_source_verification_nonpay; structure_flag=post_filing; title_group=derived,precomp_normalized_metadata + filing_derived_role_data + post_filing_flag + derived_title_group,https://apps.irs.gov/pub/epostcard/990/xml/2025/202502909349301720_public.xml,high,
form990::SRC-990-EXT-INSTITUTE-ON-TAXATION-AND-ECONOMIC-POLICY,source_id,SRC-990-EXT-INSTITUTE-ON-TAXATION-AND-ECONOMIC-POLICY,EXT2-029,Institute on Taxation and Economic Policy,form990,extension2,A,Tier A expanded primary,Incumbent peer tier Tier A expanded primary with comparability score 84.0; analysis status primary. National tax-policy research organization; expenses at lower edge of primary scale.,"benchmark/deliverables/form990_evidence.csv#row=62;source_id=SRC-990-EXT-INSTITUTE-ON-TAXATION-AND-ECONOMIC-POLICY;organization=Institute on Taxation and Economic Policy | benchmark/scripts/normalize_and_analyze.py#L35-L36,L75-L79",functional-only,functional-only,EA relationship functional-only is preserved from the frozen/precomp organization classification or legacy normalized bridge.,benchmark/frozen/combined_peer_universe_3wave_precomp.csv#row=190;candidate_id=EXT2-029;organization=Institute on Taxation and Economic Policy,independent nonprofit,lower_edge_expense,Expected organization structure is independent nonprofit. Observation-specific structure flag is lower_edge_expense: National tax-policy research organization; expenses at lower edge of primary scale.,benchmark/frozen/combined_peer_universe_3wave_precomp.csv#row=190;candidate_id=EXT2-029;organization=Institute on Taxation and Economic Policy | benchmark/deliverables/form990_evidence.csv#row=62;source_id=SRC-990-EXT-INSTITUTE-ON-TAXATION-AND-ECONOMIC-POLICY;organization=Institute on Taxation and Economic Policy,"Research, evaluation, philanthropy infrastructure, and policy",National tax-policy research organization; expenses at lower edge of primary scale.,"Precomp/legacy normalized topic cluster is Research, evaluation, philanthropy infrastructure, and policy; filing notes provide the organization-specific operating-model context.",benchmark/frozen/combined_peer_universe_3wave_precomp.csv#row=190;candidate_id=EXT2-029;organization=Institute on Taxation and Economic Policy,Executive Director,ED_or_President,"Raw filing title ""Executive Director"" is normalized to ED_or_President by the binary title-group rule.",benchmark/deliverables/form990_evidence.csv#row=62;source_id=SRC-990-EXT-INSTITUTE-ON-TAXATION-AND-ECONOMIC-POLICY;organization=Institute on Taxation and Economic Policy | benchmark/scripts/normalize_and_analyze.py#L253-L254,topic/EA/expected_structure=precomp_frozen; peer tier/final structure=post_source_verification_nonpay; structure_flag=post_filing; title_group=derived,precomp_normalized_metadata + filing_derived_role_data + post_filing_flag + derived_title_group,https://apps.irs.gov/pub/epostcard/990/xml/2026/202611559349300546_public.xml,high,
form990::SRC-990-EXT-INTERNET-SECURITY-RESEARCH-GROUP,source_id,SRC-990-EXT-INTERNET-SECURITY-RESEARCH-GROUP,EXT2-015,Internet Security Research Group,form990,extension2,A,Tier A expanded primary,Incumbent peer tier Tier A expanded primary with comparability score 91.0; analysis status primary. Technical public-interest infrastructure nonprofit with close expense scale and distributed knowledge-work model.,"benchmark/deliverables/form990_evidence.csv#row=102;source_id=SRC-990-EXT-INTERNET-SECURITY-RESEARCH-GROUP;organization=Internet Security Research Group | benchmark/scripts/normalize_and_analyze.py#L35-L36,L75-L79",EA-adjacent,EA-adjacent,EA relationship EA-adjacent is preserved from the frozen/precomp organization classification or legacy normalized bridge.,benchmark/frozen/combined_peer_universe_3wave_precomp.csv#row=176;candidate_id=EXT2-015;organization=Internet Security Research Group,independent nonprofit,none,Expected organization structure is independent nonprofit. Observation-specific structure flag is none: Technical public-interest infrastructure nonprofit with close expense scale and distributed knowledge-work model.,benchmark/frozen/combined_peer_universe_3wave_precomp.csv#row=176;candidate_id=EXT2-015;organization=Internet Security Research Group | benchmark/deliverables/form990_evidence.csv#row=102;source_id=SRC-990-EXT-INTERNET-SECURITY-RESEARCH-GROUP;organization=Internet Security Research Group,"AI, catastrophic risk, biosecurity, and technology policy",Technical public-interest infrastructure nonprofit with close expense scale and distributed knowledge-work model.,"Precomp/legacy normalized topic cluster is AI, catastrophic risk, biosecurity, and technology policy; filing notes provide the organization-specific operating-model context.",benchmark/frozen/combined_peer_universe_3wave_precomp.csv#row=176;candidate_id=EXT2-015;organization=Internet Security Research Group,Executive Director,ED_or_President,"Raw filing title ""Executive Director"" is normalized to ED_or_President by the binary title-group rule.",benchmark/deliverables/form990_evidence.csv#row=102;source_id=SRC-990-EXT-INTERNET-SECURITY-RESEARCH-GROUP;organization=Internet Security Research Group | benchmark/scripts/normalize_and_analyze.py#L253-L254,topic/EA/expected_structure=precomp_frozen; peer tier/final structure=post_source_verification_nonpay; structure_flag=post_filing; title_group=derived,precomp_normalized_metadata + filing_derived_role_data + post_filing_flag + derived_title_group,https://apps.irs.gov/pub/epostcard/990/xml/2025/202501889349300640_public.xml,high,
form990::SRC-990-EXT-JAIN-FAMILY-INSTITUTE,source_id,SRC-990-EXT-JAIN-FAMILY-INSTITUTE,EXT3-010,Jain Family Institute,form990,extension3,A,Tier A expanded primary,"Incumbent peer tier Tier A expanded primary with comparability score 92.0; analysis status primary. Research, policy design, and evidence organization with close scale and strong functional relevance.","benchmark/deliverables/form990_evidence.csv#row=131;source_id=SRC-990-EXT-JAIN-FAMILY-INSTITUTE;organization=Jain Family Institute | benchmark/scripts/normalize_and_analyze.py#L35-L36,L75-L79",EA-adjacent,EA-adjacent,EA relationship EA-adjacent is preserved from the frozen/precomp organization classification or legacy normalized bridge.,benchmark/frozen/combined_peer_universe_3wave_precomp.csv#row=316;candidate_id=EXT3-010;organization=Jain Family Institute,independent nonprofit,none,"Expected organization structure is independent nonprofit. Observation-specific structure flag is none: Research, policy design, and evidence organization with close scale and strong functional relevance.",benchmark/frozen/combined_peer_universe_3wave_precomp.csv#row=316;candidate_id=EXT3-010;organization=Jain Family Institute | benchmark/deliverables/form990_evidence.csv#row=131;source_id=SRC-990-EXT-JAIN-FAMILY-INSTITUTE;organization=Jain Family Institute,policy and evidence,"Research, policy design, and evidence organization with close scale and strong functional relevance.",Precomp/legacy normalized topic cluster is policy and evidence; filing notes provide the organization-specific operating-model context.,benchmark/frozen/combined_peer_universe_3wave_precomp.csv#row=316;candidate_id=EXT3-010;organization=Jain Family Institute,CEO and Director,CEO_title_match,"Raw filing title ""CEO and Director"" is normalized to CEO_title_match by the binary title-group rule.",benchmark/deliverables/form990_evidence.csv#row=131;source_id=SRC-990-EXT-JAIN-FAMILY-INSTITUTE;organization=Jain Family Institute | benchmark/scripts/normalize_and_analyze.py#L253-L254,topic/EA/expected_structure=precomp_frozen; peer tier/final structure=post_source_verification_nonpay; structure_flag=post_filing; title_group=derived,precomp_normalized_metadata + filing_derived_role_data + post_filing_flag + derived_title_group,https://apps.irs.gov/pub/epostcard/990/xml/2025/202523219349327407_public.xml,high,
form990::SRC-990-EXT-LAST-MILE-HEALTH,source_id,SRC-990-EXT-LAST-MILE-HEALTH,EXP-045,Last Mile Health,form990,previous_expansion,B,Tier B weighted secondary,Incumbent peer tier Tier B weighted secondary with comparability score 78.0; analysis status primary_with_structure_flag. Global health delivery and systems-strengthening hybrid; retained outside research-only sensitivity.,"benchmark/deliverables/form990_evidence.csv#row=45;source_id=SRC-990-EXT-LAST-MILE-HEALTH;organization=Last Mile Health | benchmark/scripts/normalize_and_analyze.py#L35-L36,L75-L79",EA-adjacent,EA-adjacent,EA relationship EA-adjacent is preserved from the frozen/precomp organization classification or legacy normalized bridge.,benchmark/frozen/combined_peer_universe_3wave_precomp.csv#row=45;candidate_id=EXP-045;organization=Last Mile Health,independent nonprofit,delivery_hybrid,Expected organization structure is independent nonprofit. Observation-specific structure flag is delivery_hybrid: Global health delivery and systems-strengthening hybrid; retained outside research-only sensitivity.,benchmark/frozen/combined_peer_universe_3wave_precomp.csv#row=45;candidate_id=EXP-045;organization=Last Mile Health | benchmark/deliverables/form990_evidence.csv#row=45;source_id=SRC-990-EXT-LAST-MILE-HEALTH;organization=Last Mile Health,"Global health, development, and evidence",Global health delivery and systems-strengthening hybrid; retained outside research-only sensitivity.,"Precomp/legacy normalized topic cluster is Global health, development, and evidence; filing notes provide the organization-specific operating-model context.",benchmark/frozen/combined_peer_universe_3wave_precomp.csv#row=45;candidate_id=EXP-045;organization=Last Mile Health,Chief Executive Officer,CEO_title_match,"Raw filing title ""Chief Executive Officer"" is normalized to CEO_title_match by the binary title-group rule.",benchmark/deliverables/form990_evidence.csv#row=45;source_id=SRC-990-EXT-LAST-MILE-HEALTH;organization=Last Mile Health | benchmark/scripts/normalize_and_analyze.py#L253-L254,topic/EA/expected_structure=precomp_frozen; peer tier/final structure=post_source_verification_nonpay; structure_flag=post_filing; title_group=derived,precomp_normalized_metadata + filing_derived_role_data + post_filing_flag + derived_title_group,https://apps.irs.gov/pub/epostcard/990/xml/2026/202631359349305343_public.xml,high,
form990::SRC-990-EXT3-LAWFARE-INSTITUTE,source_id,SRC-990-EXT3-LAWFARE-INSTITUTE,EXT3-025,Lawfare Institute,form990,extension3,B,Tier B weighted secondary,"Incumbent peer tier Tier B weighted secondary with comparability score 72.0; analysis status excluded_measurement. Security and technology policy research/media comparator. Excluded for measurement, not because of pay. Latest filing did not identify a clean organization-wide CEO or Executive Director in the accessible officer-compensation table.","benchmark/deliverables/form990_evidence.csv#row=117;source_id=SRC-990-EXT3-LAWFARE-INSTITUTE;organization=Lawfare Institute | benchmark/scripts/normalize_and_analyze.py#L35-L36,L75-L79",EA-adjacent,EA-adjacent,EA relationship EA-adjacent is preserved from the frozen/precomp organization classification or legacy normalized bridge.,benchmark/frozen/combined_peer_universe_3wave_precomp.csv#row=331;candidate_id=EXT3-025;organization=Lawfare Institute,independent nonprofit,no_clean_top_executive_observation,"Expected organization structure is independent nonprofit. Observation-specific structure flag is no_clean_top_executive_observation: Security and technology policy research/media comparator. Excluded for measurement, not because of pay.",benchmark/frozen/combined_peer_universe_3wave_precomp.csv#row=331;candidate_id=EXT3-025;organization=Lawfare Institute | benchmark/deliverables/form990_evidence.csv#row=117;source_id=SRC-990-EXT3-LAWFARE-INSTITUTE;organization=Lawfare Institute,security and technology policy,"Security and technology policy research/media comparator. Excluded for measurement, not because of pay.",Precomp/legacy normalized topic cluster is security and technology policy; filing notes provide the organization-specific operating-model context.,benchmark/frozen/combined_peer_universe_3wave_precomp.csv#row=331;candidate_id=EXT3-025;organization=Lawfare Institute,,uncoded,No usable top-executive title; title_group is explainer-only uncoded.,benchmark/deliverables/form990_evidence.csv#row=117;source_id=SRC-990-EXT3-LAWFARE-INSTITUTE;organization=Lawfare Institute | benchmark/scripts/normalize_and_analyze.py#L253-L254,topic/EA/expected_structure=precomp_frozen; peer tier/final structure=post_source_verification_nonpay; structure_flag=post_filing; title_group=derived,precomp_normalized_metadata + filing_derived_role_data + post_filing_flag + derived_title_group,https://apps.irs.gov/pub/epostcard/990/xml/2025/202523219349307027_public.xml,low,No clean title; observation is excluded or measurement-limited.
form990::SRC-990-EXT3-LEARNING-POLICY-INSTITUTE,source_id,SRC-990-EXT3-LEARNING-POLICY-INSTITUTE,EXT3-017,Learning Policy Institute,form990,extension3,A,Tier A expanded primary,Incumbent peer tier Tier A expanded primary with comparability score 87.0; analysis status primary_with_structure_flag. Independent education-policy research institute. CEO and a separately paid Executive Director are both disclosed; retained under frozen no-pay-removal rule and isolated in structure sensitivities.,"benchmark/deliverables/form990_evidence.csv#row=109;source_id=SRC-990-EXT3-LEARNING-POLICY-INSTITUTE;organization=Learning Policy Institute | benchmark/scripts/normalize_and_analyze.py#L35-L36,L75-L79",functional-only,functional-only,EA relationship functional-only is preserved from the frozen/precomp organization classification or legacy normalized bridge.,benchmark/frozen/combined_peer_universe_3wave_precomp.csv#row=323;candidate_id=EXT3-017;organization=Learning Policy Institute,independent nonprofit,dual_senior_executive,Expected organization structure is independent nonprofit. Observation-specific structure flag is dual_senior_executive: Independent education-policy research institute. CEO and a separately paid Executive Director are both disclosed; retained under frozen no-pay-removal rule and isolated in structure sensitivities.,benchmark/frozen/combined_peer_universe_3wave_precomp.csv#row=323;candidate_id=EXT3-017;organization=Learning Policy Institute | benchmark/deliverables/form990_evidence.csv#row=109;source_id=SRC-990-EXT3-LEARNING-POLICY-INSTITUTE;organization=Learning Policy Institute,research and evaluation,Independent education-policy research institute. CEO and a separately paid Executive Director are both disclosed; retained under frozen no-pay-removal rule and isolated in structure sensitivities.,Precomp/legacy normalized topic cluster is research and evaluation; filing notes provide the organization-specific operating-model context.,benchmark/frozen/combined_peer_universe_3wave_precomp.csv#row=323;candidate_id=EXT3-017;organization=Learning Policy Institute,Director/CEO,CEO_title_match,"Raw filing title ""Director/CEO"" is normalized to CEO_title_match by the binary title-group rule.",benchmark/deliverables/form990_evidence.csv#row=109;source_id=SRC-990-EXT3-LEARNING-POLICY-INSTITUTE;organization=Learning Policy Institute | benchmark/scripts/normalize_and_analyze.py#L253-L254,topic/EA/expected_structure=precomp_frozen; peer tier/final structure=post_source_verification_nonpay; structure_flag=post_filing; title_group=derived,precomp_normalized_metadata + filing_derived_role_data + post_filing_flag + derived_title_group,https://apps.irs.gov/pub/epostcard/990/xml/2025/202503179349312065_public.xml,high,
form990::SRC-990-EXT-LIVING-GOODS,source_id,SRC-990-EXT-LIVING-GOODS,EXP-044,Living Goods,form990,previous_expansion,B,Tier B weighted secondary,Incumbent peer tier Tier B weighted secondary with comparability score 73.0; analysis status primary_with_structure_flag. 2024 had CEOs through September/from October; prior full-year observation used. Global health delivery hybrid.,"benchmark/deliverables/form990_evidence.csv#row=50;source_id=SRC-990-EXT-LIVING-GOODS;organization=Living Goods | benchmark/scripts/normalize_and_analyze.py#L35-L36,L75-L79",EA-adjacent,EA-adjacent,EA relationship EA-adjacent is preserved from the frozen/precomp organization classification or legacy normalized bridge.,benchmark/frozen/combined_peer_universe_3wave_precomp.csv#row=50;candidate_id=EXP-044;organization=Living Goods,independent nonprofit,delivery_hybrid_older_clean,Expected organization structure is independent nonprofit. Observation-specific structure flag is delivery_hybrid_older_clean: 2024 had CEOs through September/from October; prior full-year observation used. Global health delivery hybrid.,benchmark/frozen/combined_peer_universe_3wave_precomp.csv#row=50;candidate_id=EXP-044;organization=Living Goods | benchmark/deliverables/form990_evidence.csv#row=50;source_id=SRC-990-EXT-LIVING-GOODS;organization=Living Goods,"Global health, development, and evidence",2024 had CEOs through September/from October; prior full-year observation used. Global health delivery hybrid.,"Precomp/legacy normalized topic cluster is Global health, development, and evidence; filing notes provide the organization-specific operating-model context.",benchmark/frozen/combined_peer_universe_3wave_precomp.csv#row=50;candidate_id=EXP-044;organization=Living Goods,CEO/Officer,CEO_title_match,"Raw filing title ""CEO/Officer"" is normalized to CEO_title_match by the binary title-group rule.",benchmark/deliverables/form990_evidence.csv#row=50;source_id=SRC-990-EXT-LIVING-GOODS;organization=Living Goods | benchmark/scripts/normalize_and_analyze.py#L253-L254,topic/EA/expected_structure=precomp_frozen; peer tier/final structure=post_source_verification_nonpay; structure_flag=post_filing; title_group=derived,precomp_normalized_metadata + filing_derived_role_data + post_filing_flag + derived_title_group,https://apps.irs.gov/pub/epostcard/990/xml/2024/202433199349307518_public.xml,high,
form990::SRC-990-EXT-MERCY-FOR-ANIMALS,source_id,SRC-990-EXT-MERCY-FOR-ANIMALS,EXP-066,Mercy For Animals,form990,previous_expansion,B,Tier B weighted secondary,"Incumbent peer tier Tier B weighted secondary with comparability score 72.0; analysis status primary_with_structure_flag. Animal advocacy/campaign model; included in broad topical sensitivity, not research-only view.","benchmark/deliverables/form990_evidence.csv#row=52;source_id=SRC-990-EXT-MERCY-FOR-ANIMALS;organization=Mercy For Animals | benchmark/scripts/normalize_and_analyze.py#L35-L36,L75-L79",EA-adjacent,EA-adjacent,EA relationship EA-adjacent is preserved from the frozen/precomp organization classification or legacy normalized bridge.,benchmark/frozen/combined_peer_universe_3wave_precomp.csv#row=53;candidate_id=EXP-066;organization=Mercy For Animals,independent nonprofit,campaign_advocacy_model,"Expected organization structure is independent nonprofit. Observation-specific structure flag is campaign_advocacy_model: Animal advocacy/campaign model; included in broad topical sensitivity, not research-only view.",benchmark/frozen/combined_peer_universe_3wave_precomp.csv#row=53;candidate_id=EXP-066;organization=Mercy For Animals | benchmark/deliverables/form990_evidence.csv#row=52;source_id=SRC-990-EXT-MERCY-FOR-ANIMALS;organization=Mercy For Animals,Animal welfare and food systems,"Animal advocacy/campaign model; included in broad topical sensitivity, not research-only view.",Precomp/legacy normalized topic cluster is Animal welfare and food systems; filing notes provide the organization-specific operating-model context.,benchmark/frozen/combined_peer_universe_3wave_precomp.csv#row=53;candidate_id=EXP-066;organization=Mercy For Animals,Chief Executive Officer,CEO_title_match,"Raw filing title ""Chief Executive Officer"" is normalized to CEO_title_match by the binary title-group rule.",benchmark/deliverables/form990_evidence.csv#row=52;source_id=SRC-990-EXT-MERCY-FOR-ANIMALS;organization=Mercy For Animals | benchmark/scripts/normalize_and_analyze.py#L253-L254,topic/EA/expected_structure=precomp_frozen; peer tier/final structure=post_source_verification_nonpay; structure_flag=post_filing; title_group=derived,precomp_normalized_metadata + filing_derived_role_data + post_filing_flag + derived_title_group,https://apps.irs.gov/pub/epostcard/990/xml/2025/202502259349301135_public.xml,high,
form990::SRC-990-EXT-MIGRATION-POLICY-INSTITUTE,source_id,SRC-990-EXT-MIGRATION-POLICY-INSTITUTE,EXP-150,Migration Policy Institute,form990,previous_expansion,A,Tier A expanded primary,Incumbent peer tier Tier A expanded primary with comparability score 87.0; analysis status primary.,"benchmark/deliverables/form990_evidence.csv#row=19;source_id=SRC-990-EXT-MIGRATION-POLICY-INSTITUTE;organization=Migration Policy Institute | benchmark/scripts/normalize_and_analyze.py#L35-L36,L75-L79",functional-only,functional-only,EA relationship functional-only is preserved from the frozen/precomp organization classification or legacy normalized bridge.,benchmark/frozen/combined_peer_universe_3wave_precomp.csv#row=18;candidate_id=EXP-150;organization=Migration Policy Institute,independent nonprofit,none,Expected organization structure is independent nonprofit. Observation-specific structure flag is none: ,benchmark/frozen/combined_peer_universe_3wave_precomp.csv#row=18;candidate_id=EXP-150;organization=Migration Policy Institute | benchmark/deliverables/form990_evidence.csv#row=19;source_id=SRC-990-EXT-MIGRATION-POLICY-INSTITUTE;organization=Migration Policy Institute,"Research, evaluation, philanthropy infrastructure, and policy",,"Precomp/legacy normalized topic cluster is Research, evaluation, philanthropy infrastructure, and policy; filing notes provide the organization-specific operating-model context.",benchmark/frozen/combined_peer_universe_3wave_precomp.csv#row=18;candidate_id=EXP-150;organization=Migration Policy Institute,President,ED_or_President,"Raw filing title ""President"" is normalized to ED_or_President by the binary title-group rule.",benchmark/deliverables/form990_evidence.csv#row=19;source_id=SRC-990-EXT-MIGRATION-POLICY-INSTITUTE;organization=Migration Policy Institute | benchmark/scripts/normalize_and_analyze.py#L253-L254,topic/EA/expected_structure=precomp_frozen; peer tier/final structure=post_source_verification_nonpay; structure_flag=post_filing; title_group=derived,precomp_normalized_metadata + filing_derived_role_data + post_filing_flag + derived_title_group,https://apps.irs.gov/pub/epostcard/990/xml/2026/202601359349310000_public.xml,high,
form990::SRC-990-EXT-MUCKROCK-FOUNDATION,source_id,SRC-990-EXT-MUCKROCK-FOUNDATION,EXT3-031,MuckRock Foundation,form990,extension3,B,Tier B weighted secondary,Incumbent peer tier Tier B weighted secondary with comparability score 82.0; analysis status primary_older_clean. Open-government data and public-interest information infrastructure. The 2024 filing listed only unpaid officers; the prior 2023 full-year ED observation is retained as an explicitly older-clean sensitivity.,"benchmark/deliverables/form990_evidence.csv#row=123;source_id=SRC-990-EXT-MUCKROCK-FOUNDATION;organization=MuckRock Foundation | benchmark/scripts/normalize_and_analyze.py#L35-L36,L75-L79",functional-only,functional-only,EA relationship functional-only is preserved from the frozen/precomp organization classification or legacy normalized bridge.,benchmark/frozen/combined_peer_universe_3wave_precomp.csv#row=337;candidate_id=EXT3-031;organization=MuckRock Foundation,independent nonprofit,latest_filing_no_paid_ed_observation,Expected organization structure is independent nonprofit. Observation-specific structure flag is latest_filing_no_paid_ed_observation: Open-government data and public-interest information infrastructure. The 2024 filing listed only unpaid officers; the prior 2023 full-year ED observation is retained as an explicitly older-clean sensitivity.,benchmark/frozen/combined_peer_universe_3wave_precomp.csv#row=337;candidate_id=EXT3-031;organization=MuckRock Foundation | benchmark/deliverables/form990_evidence.csv#row=123;source_id=SRC-990-EXT-MUCKROCK-FOUNDATION;organization=MuckRock Foundation,open knowledge and journalism,Open-government data and public-interest information infrastructure. The 2024 filing listed only unpaid officers; the prior 2023 full-year ED observation is retained as an explicitly older-clean sensitivity.,Precomp/legacy normalized topic cluster is open knowledge and journalism; filing notes provide the organization-specific operating-model context.,benchmark/frozen/combined_peer_universe_3wave_precomp.csv#row=337;candidate_id=EXT3-031;organization=MuckRock Foundation,Executive Director,ED_or_President,"Raw filing title ""Executive Director"" is normalized to ED_or_President by the binary title-group rule.",benchmark/deliverables/form990_evidence.csv#row=123;source_id=SRC-990-EXT-MUCKROCK-FOUNDATION;organization=MuckRock Foundation | benchmark/scripts/normalize_and_analyze.py#L253-L254,topic/EA/expected_structure=precomp_frozen; peer tier/final structure=post_source_verification_nonpay; structure_flag=post_filing; title_group=derived,precomp_normalized_metadata + filing_derived_role_data + post_filing_flag + derived_title_group,https://apps.irs.gov/pub/epostcard/990/xml/2024/202403119349300920_public.xml,high,
form990::SRC-990-EXT3-NATIONAL-ACADEMY-FOR-STATE-HEALTH-POLICY,source_id,SRC-990-EXT3-NATIONAL-ACADEMY-FOR-STATE-HEALTH-POLICY,EXT3-019,National Academy for State Health Policy,form990,extension3,A,Tier A expanded primary,"Incumbent peer tier Tier A expanded primary with comparability score 91.0; analysis status primary. Legal filer Center for Health Policy Development, doing business as NASHP; national policy research and technical assistance.","benchmark/deliverables/form990_evidence.csv#row=111;source_id=SRC-990-EXT3-NATIONAL-ACADEMY-FOR-STATE-HEALTH-POLICY;organization=National Academy for State Health Policy | benchmark/scripts/normalize_and_analyze.py#L35-L36,L75-L79",functional-only,functional-only,EA relationship functional-only is preserved from the frozen/precomp organization classification or legacy normalized bridge.,benchmark/frozen/combined_peer_universe_3wave_precomp.csv#row=325;candidate_id=EXT3-019;organization=National Academy for State Health Policy,independent nonprofit,none,"Expected organization structure is independent nonprofit. Observation-specific structure flag is none: Legal filer Center for Health Policy Development, doing business as NASHP; national policy research and technical assistance.",benchmark/frozen/combined_peer_universe_3wave_precomp.csv#row=325;candidate_id=EXT3-019;organization=National Academy for State Health Policy | benchmark/deliverables/form990_evidence.csv#row=111;source_id=SRC-990-EXT3-NATIONAL-ACADEMY-FOR-STATE-HEALTH-POLICY;organization=National Academy for State Health Policy,health policy and evidence,"Legal filer Center for Health Policy Development, doing business as NASHP; national policy research and technical assistance.",Precomp/legacy normalized topic cluster is health policy and evidence; filing notes provide the organization-specific operating-model context.,benchmark/frozen/combined_peer_universe_3wave_precomp.csv#row=325;candidate_id=EXT3-019;organization=National Academy for State Health Policy,President / Executive Director,ED_or_President,"Raw filing title ""President / Executive Director"" is normalized to ED_or_President by the binary title-group rule.",benchmark/deliverables/form990_evidence.csv#row=111;source_id=SRC-990-EXT3-NATIONAL-ACADEMY-FOR-STATE-HEALTH-POLICY;organization=National Academy for State Health Policy | benchmark/scripts/normalize_and_analyze.py#L253-L254,topic/EA/expected_structure=precomp_frozen; peer tier/final structure=post_source_verification_nonpay; structure_flag=post_filing; title_group=derived,precomp_normalized_metadata + filing_derived_role_data + post_filing_flag + derived_title_group,https://apps.irs.gov/pub/epostcard/990/xml/2025/202503179349302775_public.xml,high,
form990::SRC-990-EXT-NATIONAL-COMMITTEE-FOR-RESPONSIVE-PHILANTHROPY,source_id,SRC-990-EXT-NATIONAL-COMMITTEE-FOR-RESPONSIVE-PHILANTHROPY,EXP-138,National Committee for Responsive Philanthropy,form990,previous_expansion,A,Tier A expanded primary,Incumbent peer tier Tier A expanded primary with comparability score 76.0; analysis status primary.,"benchmark/deliverables/form990_evidence.csv#row=37;source_id=SRC-990-EXT-NATIONAL-COMMITTEE-FOR-RESPONSIVE-PHILANTHROPY;organization=National Committee for Responsive Philanthropy | benchmark/scripts/normalize_and_analyze.py#L35-L36,L75-L79",functional-only,functional-only,EA relationship functional-only is preserved from the frozen/precomp organization classification or legacy normalized bridge.,benchmark/frozen/combined_peer_universe_3wave_precomp.csv#row=40;candidate_id=EXP-138;organization=National Committee for Responsive Philanthropy,independent nonprofit,none,Expected organization structure is independent nonprofit. Observation-specific structure flag is none: ,benchmark/frozen/combined_peer_universe_3wave_precomp.csv#row=40;candidate_id=EXP-138;organization=National Committee for Responsive Philanthropy | benchmark/deliverables/form990_evidence.csv#row=37;source_id=SRC-990-EXT-NATIONAL-COMMITTEE-FOR-RESPONSIVE-PHILANTHROPY;organization=National Committee for Responsive Philanthropy,"Research, evaluation, philanthropy infrastructure, and policy",,"Precomp/legacy normalized topic cluster is Research, evaluation, philanthropy infrastructure, and policy; filing notes provide the organization-specific operating-model context.",benchmark/frozen/combined_peer_universe_3wave_precomp.csv#row=40;candidate_id=EXP-138;organization=National Committee for Responsive Philanthropy,CEO,CEO_title_match,"Raw filing title ""CEO"" is normalized to CEO_title_match by the binary title-group rule.",benchmark/deliverables/form990_evidence.csv#row=37;source_id=SRC-990-EXT-NATIONAL-COMMITTEE-FOR-RESPONSIVE-PHILANTHROPY;organization=National Committee for Responsive Philanthropy | benchmark/scripts/normalize_and_analyze.py#L253-L254,topic/EA/expected_structure=precomp_frozen; peer tier/final structure=post_source_verification_nonpay; structure_flag=post_filing; title_group=derived,precomp_normalized_metadata + filing_derived_role_data + post_filing_flag + derived_title_group,https://apps.irs.gov/pub/epostcard/990/xml/2026/202610449349300906_public.xml,high,
form990::SRC-990-EXT-NATIONAL-EMPLOYMENT-LAW-PROJECT,source_id,SRC-990-EXT-NATIONAL-EMPLOYMENT-LAW-PROJECT,EXT2-040,National Employment Law Project,form990,extension2,A,Tier A expanded primary,Incumbent peer tier Tier A expanded primary with comparability score 83.0; analysis status primary. Research and policy organization with advocacy/legal work; close scale.,"benchmark/deliverables/form990_evidence.csv#row=72;source_id=SRC-990-EXT-NATIONAL-EMPLOYMENT-LAW-PROJECT;organization=National Employment Law Project | benchmark/scripts/normalize_and_analyze.py#L35-L36,L75-L79",functional-only,functional-only,EA relationship functional-only is preserved from the frozen/precomp organization classification or legacy normalized bridge.,benchmark/frozen/combined_peer_universe_3wave_precomp.csv#row=201;candidate_id=EXT2-040;organization=National Employment Law Project,independent nonprofit,policy_plus_advocacy,Expected organization structure is independent nonprofit. Observation-specific structure flag is policy_plus_advocacy: Research and policy organization with advocacy/legal work; close scale.,benchmark/frozen/combined_peer_universe_3wave_precomp.csv#row=201;candidate_id=EXT2-040;organization=National Employment Law Project | benchmark/deliverables/form990_evidence.csv#row=72;source_id=SRC-990-EXT-NATIONAL-EMPLOYMENT-LAW-PROJECT;organization=National Employment Law Project,"Research, evaluation, philanthropy infrastructure, and policy",Research and policy organization with advocacy/legal work; close scale.,"Precomp/legacy normalized topic cluster is Research, evaluation, philanthropy infrastructure, and policy; filing notes provide the organization-specific operating-model context.",benchmark/frozen/combined_peer_universe_3wave_precomp.csv#row=201;candidate_id=EXT2-040;organization=National Employment Law Project,President & CEO,CEO_title_match,"Raw filing title ""President & CEO"" is normalized to CEO_title_match by the binary title-group rule.",benchmark/deliverables/form990_evidence.csv#row=72;source_id=SRC-990-EXT-NATIONAL-EMPLOYMENT-LAW-PROJECT;organization=National Employment Law Project | benchmark/scripts/normalize_and_analyze.py#L253-L254,topic/EA/expected_structure=precomp_frozen; peer tier/final structure=post_source_verification_nonpay; structure_flag=post_filing; title_group=derived,precomp_normalized_metadata + filing_derived_role_data + post_filing_flag + derived_title_group,https://apps.irs.gov/pub/epostcard/990/xml/2025/202523089349302957_public.xml,high,
form990::SRC-990-EXT-NEW-AMERICA,source_id,SRC-990-EXT-NEW-AMERICA,EXT2-034,New America,form990,extension2,B,Tier B weighted secondary,Incumbent peer tier Tier B weighted secondary with comparability score 77.0; analysis status primary_with_structure_flag. Large national policy research organization; included only in wider-scale sensitivity.,"benchmark/deliverables/form990_evidence.csv#row=67;source_id=SRC-990-EXT-NEW-AMERICA;organization=New America | benchmark/scripts/normalize_and_analyze.py#L35-L36,L75-L79",functional-only,functional-only,EA relationship functional-only is preserved from the frozen/precomp organization classification or legacy normalized bridge.,benchmark/frozen/combined_peer_universe_3wave_precomp.csv#row=195;candidate_id=EXT2-034;organization=New America,independent nonprofit,above_primary_scale,Expected organization structure is independent nonprofit. Observation-specific structure flag is above_primary_scale: Large national policy research organization; included only in wider-scale sensitivity.,benchmark/frozen/combined_peer_universe_3wave_precomp.csv#row=195;candidate_id=EXT2-034;organization=New America | benchmark/deliverables/form990_evidence.csv#row=67;source_id=SRC-990-EXT-NEW-AMERICA;organization=New America,"Research, evaluation, philanthropy infrastructure, and policy",Large national policy research organization; included only in wider-scale sensitivity.,"Precomp/legacy normalized topic cluster is Research, evaluation, philanthropy infrastructure, and policy; filing notes provide the organization-specific operating-model context.",benchmark/frozen/combined_peer_universe_3wave_precomp.csv#row=195;candidate_id=EXT2-034;organization=New America,CEO,CEO_title_match,"Raw filing title ""CEO"" is normalized to CEO_title_match by the binary title-group rule.",benchmark/deliverables/form990_evidence.csv#row=67;source_id=SRC-990-EXT-NEW-AMERICA;organization=New America | benchmark/scripts/normalize_and_analyze.py#L253-L254,topic/EA/expected_structure=precomp_frozen; peer tier/final structure=post_source_verification_nonpay; structure_flag=post_filing; title_group=derived,precomp_normalized_metadata + filing_derived_role_data + post_filing_flag + derived_title_group,https://apps.irs.gov/pub/epostcard/990/xml/2025/202513109349304131_public.xml,high,
form990::SRC-990-EXT-NEW-ROOTS-INSTITUTE,source_id,SRC-990-EXT-NEW-ROOTS-INSTITUTE,EXP-085,New Roots Institute,form990,previous_expansion,B,Tier B weighted secondary,Incumbent peer tier Tier B weighted secondary with comparability score 71.0; analysis status primary. Below RP expense scale but strong animal-food-systems research/education match.,"benchmark/deliverables/form990_evidence.csv#row=55;source_id=SRC-990-EXT-NEW-ROOTS-INSTITUTE;organization=New Roots Institute | benchmark/scripts/normalize_and_analyze.py#L35-L36,L75-L79",EA-adjacent,EA-adjacent,EA relationship EA-adjacent is preserved from the frozen/precomp organization classification or legacy normalized bridge.,benchmark/frozen/combined_peer_universe_3wave_precomp.csv#row=56;candidate_id=EXP-085;organization=New Roots Institute,independent nonprofit,below_primary_scale,Expected organization structure is independent nonprofit. Observation-specific structure flag is below_primary_scale: Below RP expense scale but strong animal-food-systems research/education match.,benchmark/frozen/combined_peer_universe_3wave_precomp.csv#row=56;candidate_id=EXP-085;organization=New Roots Institute | benchmark/deliverables/form990_evidence.csv#row=55;source_id=SRC-990-EXT-NEW-ROOTS-INSTITUTE;organization=New Roots Institute,Animal welfare and food systems,Below RP expense scale but strong animal-food-systems research/education match.,Precomp/legacy normalized topic cluster is Animal welfare and food systems; filing notes provide the organization-specific operating-model context.,benchmark/frozen/combined_peer_universe_3wave_precomp.csv#row=56;candidate_id=EXP-085;organization=New Roots Institute,Executive Director,ED_or_President,"Raw filing title ""Executive Director"" is normalized to ED_or_President by the binary title-group rule.",benchmark/deliverables/form990_evidence.csv#row=55;source_id=SRC-990-EXT-NEW-ROOTS-INSTITUTE;organization=New Roots Institute | benchmark/scripts/normalize_and_analyze.py#L253-L254,topic/EA/expected_structure=precomp_frozen; peer tier/final structure=post_source_verification_nonpay; structure_flag=post_filing; title_group=derived,precomp_normalized_metadata + filing_derived_role_data + post_filing_flag + derived_title_group,https://apps.irs.gov/pub/epostcard/990/xml/2025/202523519349301637_public.xml,high,
form990::SRC-990-EXT-NISKANEN-CENTER,source_id,SRC-990-EXT-NISKANEN-CENTER,,Niskanen Center,form990,legacy_original,A,strict_primary,Incumbent peer tier strict_primary with comparability score 85.0; analysis status primary. Retained despite high value under no-pay-driven-removal rule.,"benchmark/deliverables/form990_evidence.csv#row=3;source_id=SRC-990-EXT-NISKANEN-CENTER;organization=Niskanen Center | benchmark/scripts/normalize_and_analyze.py#L35-L36,L75-L79",functional-only,functional-only,EA relationship functional-only is preserved from the frozen/precomp organization classification or legacy normalized bridge.,benchmark/frozen/legacy_original_peer_bridge_precomp.csv#row=4;organization=Niskanen Center,independent nonprofit,unusually_high_cash_proxy_relative_to_prior_years,Expected organization structure is independent nonprofit. Observation-specific structure flag is unusually_high_cash_proxy_relative_to_prior_years: Retained despite high value under no-pay-driven-removal rule.,benchmark/frozen/legacy_original_peer_bridge_precomp.csv#row=4;organization=Niskanen Center | benchmark/deliverables/form990_evidence.csv#row=3;source_id=SRC-990-EXT-NISKANEN-CENTER;organization=Niskanen Center,"Research, evaluation, philanthropy infrastructure, and policy",Retained despite high value under no-pay-driven-removal rule.,"Precomp/legacy normalized topic cluster is Research, evaluation, philanthropy infrastructure, and policy; filing notes provide the organization-specific operating-model context.",benchmark/frozen/legacy_original_peer_bridge_precomp.csv#row=4;organization=Niskanen Center,President,ED_or_President,"Raw filing title ""President"" is normalized to ED_or_President by the binary title-group rule.",benchmark/deliverables/form990_evidence.csv#row=3;source_id=SRC-990-EXT-NISKANEN-CENTER;organization=Niskanen Center | benchmark/scripts/normalize_and_analyze.py#L253-L254,topic/EA/expected_structure=original_precomp_with_later_normalized_defaults; peer tier/final structure=post_source_verification_nonpay; structure_flag=post_filing; title_group=derived,precomp_normalized_metadata + filing_derived_role_data + post_filing_flag + derived_title_group,https://apps.irs.gov/pub/epostcard/990/xml/2025/202523179349301947_public.xml,medium,"Observation structure label is compensation-informed and post-filing, but did not affect precomp peer selection."
form990::SRC-990-EXT3-NUCLEAR-INNOVATION-ALLIANCE,source_id,SRC-990-EXT3-NUCLEAR-INNOVATION-ALLIANCE,EXT3-076,Nuclear Innovation Alliance,form990,extension3,C,Tier C broad sensitivity,"Incumbent peer tier Tier C broad sensitivity with comparability score 70.0; analysis status primary. Strong technical/policy and EA-adjacent match, but materially below RP scale; Tier C only.","benchmark/deliverables/form990_evidence.csv#row=114;source_id=SRC-990-EXT3-NUCLEAR-INNOVATION-ALLIANCE;organization=Nuclear Innovation Alliance | benchmark/scripts/normalize_and_analyze.py#L35-L36,L75-L79",EA-adjacent,EA-adjacent,EA relationship EA-adjacent is preserved from the frozen/precomp organization classification or legacy normalized bridge.,benchmark/frozen/combined_peer_universe_3wave_precomp.csv#row=382;candidate_id=EXT3-076;organization=Nuclear Innovation Alliance,independent nonprofit,well_below_scale,"Expected organization structure is independent nonprofit. Observation-specific structure flag is well_below_scale: Strong technical/policy and EA-adjacent match, but materially below RP scale; Tier C only.",benchmark/frozen/combined_peer_universe_3wave_precomp.csv#row=382;candidate_id=EXT3-076;organization=Nuclear Innovation Alliance | benchmark/deliverables/form990_evidence.csv#row=114;source_id=SRC-990-EXT3-NUCLEAR-INNOVATION-ALLIANCE;organization=Nuclear Innovation Alliance,nuclear risk and climate,"Strong technical/policy and EA-adjacent match, but materially below RP scale; Tier C only.",Precomp/legacy normalized topic cluster is nuclear risk and climate; filing notes provide the organization-specific operating-model context.,benchmark/frozen/combined_peer_universe_3wave_precomp.csv#row=382;candidate_id=EXT3-076;organization=Nuclear Innovation Alliance,Executive Director,ED_or_President,"Raw filing title ""Executive Director"" is normalized to ED_or_President by the binary title-group rule.",benchmark/deliverables/form990_evidence.csv#row=114;source_id=SRC-990-EXT3-NUCLEAR-INNOVATION-ALLIANCE;organization=Nuclear Innovation Alliance | benchmark/scripts/normalize_and_analyze.py#L253-L254,topic/EA/expected_structure=precomp_frozen; peer tier/final structure=post_source_verification_nonpay; structure_flag=post_filing; title_group=derived,precomp_normalized_metadata + filing_derived_role_data + post_filing_flag + derived_title_group,https://apps.irs.gov/pub/epostcard/990/xml/2026/202621339349301817_public.xml,high,
form990::SRC-990-EXT-NUCLEAR-THREAT-INITIATIVE,source_id,SRC-990-EXT-NUCLEAR-THREAT-INITIATIVE,EXP-113,Nuclear Threat Initiative,form990,previous_expansion,A,Tier A expanded primary,"Incumbent peer tier Tier A expanded primary with comparability score 88.0; analysis status primary_with_structure_flag. CEO is clear, but president/COO is also a major senior executive; excluded in clean-structure sensitivity.","benchmark/deliverables/form990_evidence.csv#row=16;source_id=SRC-990-EXT-NUCLEAR-THREAT-INITIATIVE;organization=Nuclear Threat Initiative | benchmark/scripts/normalize_and_analyze.py#L35-L36,L75-L79",EA-adjacent,EA-adjacent,EA relationship EA-adjacent is preserved from the frozen/precomp organization classification or legacy normalized bridge.,benchmark/frozen/combined_peer_universe_3wave_precomp.csv#row=14;candidate_id=EXP-113;organization=Nuclear Threat Initiative,independent nonprofit,dual_senior_executive,"Expected organization structure is independent nonprofit. Observation-specific structure flag is dual_senior_executive: CEO is clear, but president/COO is also a major senior executive; excluded in clean-structure sensitivity.",benchmark/frozen/combined_peer_universe_3wave_precomp.csv#row=14;candidate_id=EXP-113;organization=Nuclear Threat Initiative | benchmark/deliverables/form990_evidence.csv#row=16;source_id=SRC-990-EXT-NUCLEAR-THREAT-INITIATIVE;organization=Nuclear Threat Initiative,"AI, catastrophic risk, biosecurity, and technology policy","CEO is clear, but president/COO is also a major senior executive; excluded in clean-structure sensitivity.","Precomp/legacy normalized topic cluster is AI, catastrophic risk, biosecurity, and technology policy; filing notes provide the organization-specific operating-model context.",benchmark/frozen/combined_peer_universe_3wave_precomp.csv#row=14;candidate_id=EXP-113;organization=Nuclear Threat Initiative,Chief Executive Officer / Co-Chair,CEO_title_match,"Raw filing title ""Chief Executive Officer / Co-Chair"" is normalized to CEO_title_match by the binary title-group rule.",benchmark/deliverables/form990_evidence.csv#row=16;source_id=SRC-990-EXT-NUCLEAR-THREAT-INITIATIVE;organization=Nuclear Threat Initiative | benchmark/scripts/normalize_and_analyze.py#L253-L254,topic/EA/expected_structure=precomp_frozen; peer tier/final structure=post_source_verification_nonpay; structure_flag=post_filing; title_group=derived,precomp_normalized_metadata + filing_derived_role_data + post_filing_flag + derived_title_group,https://apps.irs.gov/pub/epostcard/990/xml/2025/202522119349301667_public.xml,high,
form990::SRC-990-EXT-NUMFOCUS,source_id,SRC-990-EXT-NUMFOCUS,EXT3-034,NumFOCUS,form990,extension3,A,Tier A expanded primary,Incumbent peer tier Tier A expanded primary with comparability score 89.0; analysis status primary_with_structure_flag. Open-source scientific-computing infrastructure and fiscal-sponsorship platform. Included in broad primary analysis but not the structurally clean subset.,"benchmark/deliverables/form990_evidence.csv#row=124;source_id=SRC-990-EXT-NUMFOCUS;organization=NumFOCUS | benchmark/scripts/normalize_and_analyze.py#L35-L36,L75-L79",EA-adjacent,EA-adjacent,EA relationship EA-adjacent is preserved from the frozen/precomp organization classification or legacy normalized bridge.,benchmark/frozen/combined_peer_universe_3wave_precomp.csv#row=340;candidate_id=EXT3-034;organization=NumFOCUS,fiscal sponsor / membership nonprofit,open_source_fiscal_sponsor_and_membership_model,Expected organization structure is fiscal sponsor / membership nonprofit. Observation-specific structure flag is open_source_fiscal_sponsor_and_membership_model: Open-source scientific-computing infrastructure and fiscal-sponsorship platform. Included in broad primary analysis but not the structurally clean subset.,benchmark/frozen/combined_peer_universe_3wave_precomp.csv#row=340;candidate_id=EXT3-034;organization=NumFOCUS | benchmark/deliverables/form990_evidence.csv#row=124;source_id=SRC-990-EXT-NUMFOCUS;organization=NumFOCUS,open science infrastructure,Open-source scientific-computing infrastructure and fiscal-sponsorship platform. Included in broad primary analysis but not the structurally clean subset.,Precomp/legacy normalized topic cluster is open science infrastructure; filing notes provide the organization-specific operating-model context.,benchmark/frozen/combined_peer_universe_3wave_precomp.csv#row=340;candidate_id=EXT3-034;organization=NumFOCUS,Executive Director,ED_or_President,"Raw filing title ""Executive Director"" is normalized to ED_or_President by the binary title-group rule.",benchmark/deliverables/form990_evidence.csv#row=124;source_id=SRC-990-EXT-NUMFOCUS;organization=NumFOCUS | benchmark/scripts/normalize_and_analyze.py#L253-L254,topic/EA/expected_structure=precomp_frozen; peer tier/final structure=post_source_verification_nonpay; structure_flag=post_filing; title_group=derived,precomp_normalized_metadata + filing_derived_role_data + post_filing_flag + derived_title_group,https://apps.irs.gov/pub/epostcard/990/xml/2025/202512979349301136_public.xml,high,
form990::SRC-990-EXT-ORCID,source_id,SRC-990-EXT-ORCID,EXT3-033,ORCID,form990,extension3,A,Tier A expanded primary,Incumbent peer tier Tier A expanded primary with comparability score 91.0; analysis status primary. Global open-science identity and research infrastructure membership nonprofit; close expense scale.,"benchmark/deliverables/form990_evidence.csv#row=121;source_id=SRC-990-EXT-ORCID;organization=ORCID | benchmark/scripts/normalize_and_analyze.py#L35-L36,L75-L79",EA-adjacent,EA-adjacent,EA relationship EA-adjacent is preserved from the frozen/precomp organization classification or legacy normalized bridge.,benchmark/frozen/combined_peer_universe_3wave_precomp.csv#row=339;candidate_id=EXT3-033;organization=ORCID,membership nonprofit,none,Expected organization structure is membership nonprofit. Observation-specific structure flag is none: Global open-science identity and research infrastructure membership nonprofit; close expense scale.,benchmark/frozen/combined_peer_universe_3wave_precomp.csv#row=339;candidate_id=EXT3-033;organization=ORCID | benchmark/deliverables/form990_evidence.csv#row=121;source_id=SRC-990-EXT-ORCID;organization=ORCID,open science infrastructure,Global open-science identity and research infrastructure membership nonprofit; close expense scale.,Precomp/legacy normalized topic cluster is open science infrastructure; filing notes provide the organization-specific operating-model context.,benchmark/frozen/combined_peer_universe_3wave_precomp.csv#row=339;candidate_id=EXT3-033;organization=ORCID,Executive Director,ED_or_President,"Raw filing title ""Executive Director"" is normalized to ED_or_President by the binary title-group rule.",benchmark/deliverables/form990_evidence.csv#row=121;source_id=SRC-990-EXT-ORCID;organization=ORCID | benchmark/scripts/normalize_and_analyze.py#L253-L254,topic/EA/expected_structure=precomp_frozen; peer tier/final structure=post_source_verification_nonpay; structure_flag=post_filing; title_group=derived,precomp_normalized_metadata + filing_derived_role_data + post_filing_flag + derived_title_group,https://apps.irs.gov/pub/epostcard/990/xml/2025/202501769349301020_public.xml,high,
form990::SRC-990-EXT-OPEN-MARKETS-INSTITUTE,source_id,SRC-990-EXT-OPEN-MARKETS-INSTITUTE,EXT2-045,Open Markets Institute,form990,extension2,B,Tier B weighted secondary,Incumbent peer tier Tier B weighted secondary with comparability score 78.0; analysis status primary. Competition-policy research institute; slightly below core scale.,"benchmark/deliverables/form990_evidence.csv#row=74;source_id=SRC-990-EXT-OPEN-MARKETS-INSTITUTE;organization=Open Markets Institute | benchmark/scripts/normalize_and_analyze.py#L35-L36,L75-L79",functional-only,functional-only,EA relationship functional-only is preserved from the frozen/precomp organization classification or legacy normalized bridge.,benchmark/frozen/combined_peer_universe_3wave_precomp.csv#row=206;candidate_id=EXT2-045;organization=Open Markets Institute,independent nonprofit,lower_edge_expense,Expected organization structure is independent nonprofit. Observation-specific structure flag is lower_edge_expense: Competition-policy research institute; slightly below core scale.,benchmark/frozen/combined_peer_universe_3wave_precomp.csv#row=206;candidate_id=EXT2-045;organization=Open Markets Institute | benchmark/deliverables/form990_evidence.csv#row=74;source_id=SRC-990-EXT-OPEN-MARKETS-INSTITUTE;organization=Open Markets Institute,"Research, evaluation, philanthropy infrastructure, and policy",Competition-policy research institute; slightly below core scale.,"Precomp/legacy normalized topic cluster is Research, evaluation, philanthropy infrastructure, and policy; filing notes provide the organization-specific operating-model context.",benchmark/frozen/combined_peer_universe_3wave_precomp.csv#row=206;candidate_id=EXT2-045;organization=Open Markets Institute,Executive Director,ED_or_President,"Raw filing title ""Executive Director"" is normalized to ED_or_President by the binary title-group rule.",benchmark/deliverables/form990_evidence.csv#row=74;source_id=SRC-990-EXT-OPEN-MARKETS-INSTITUTE;organization=Open Markets Institute | benchmark/scripts/normalize_and_analyze.py#L253-L254,topic/EA/expected_structure=precomp_frozen; peer tier/final structure=post_source_verification_nonpay; structure_flag=post_filing; title_group=derived,precomp_normalized_metadata + filing_derived_role_data + post_filing_flag + derived_title_group,https://apps.irs.gov/pub/epostcard/990/xml/2025/202533209349300548_public.xml,high,
form990::SRC-990-EXT-OPEN-SOURCE-INITIATIVE,source_id,SRC-990-EXT-OPEN-SOURCE-INITIATIVE,EXT3-036,Open Source Initiative,form990,extension3,C,Tier C broad sensitivity,Incumbent peer tier Tier C broad sensitivity with comparability score 70.0; analysis status primary_with_structure_flag. Strong open-technology governance relevance but materially below RP scale; Tier C only.,"benchmark/deliverables/form990_evidence.csv#row=126;source_id=SRC-990-EXT-OPEN-SOURCE-INITIATIVE;organization=Open Source Initiative | benchmark/scripts/normalize_and_analyze.py#L35-L36,L75-L79",EA-adjacent,EA-adjacent,EA relationship EA-adjacent is preserved from the frozen/precomp organization classification or legacy normalized bridge.,benchmark/frozen/combined_peer_universe_3wave_precomp.csv#row=342;candidate_id=EXT3-036;organization=Open Source Initiative,membership nonprofit,well_below_scale_membership_governance,Expected organization structure is membership nonprofit. Observation-specific structure flag is well_below_scale_membership_governance: Strong open-technology governance relevance but materially below RP scale; Tier C only.,benchmark/frozen/combined_peer_universe_3wave_precomp.csv#row=342;candidate_id=EXT3-036;organization=Open Source Initiative | benchmark/deliverables/form990_evidence.csv#row=126;source_id=SRC-990-EXT-OPEN-SOURCE-INITIATIVE;organization=Open Source Initiative,open technology infrastructure,Strong open-technology governance relevance but materially below RP scale; Tier C only.,Precomp/legacy normalized topic cluster is open technology infrastructure; filing notes provide the organization-specific operating-model context.,benchmark/frozen/combined_peer_universe_3wave_precomp.csv#row=342;candidate_id=EXT3-036;organization=Open Source Initiative,Executive Director,ED_or_President,"Raw filing title ""Executive Director"" is normalized to ED_or_President by the binary title-group rule.",benchmark/deliverables/form990_evidence.csv#row=126;source_id=SRC-990-EXT-OPEN-SOURCE-INITIATIVE;organization=Open Source Initiative | benchmark/scripts/normalize_and_analyze.py#L253-L254,topic/EA/expected_structure=precomp_frozen; peer tier/final structure=post_source_verification_nonpay; structure_flag=post_filing; title_group=derived,precomp_normalized_metadata + filing_derived_role_data + post_filing_flag + derived_title_group,https://apps.irs.gov/pub/epostcard/990/xml/2025/202533079349301473_public.xml,high,
form990::SRC-990-EXT-OPEN-TECHNOLOGY-FUND,source_id,SRC-990-EXT-OPEN-TECHNOLOGY-FUND,EXT2-016,Open Technology Fund,form990,extension2,C,Tier C broad sensitivity,"Incumbent peer tier Tier C broad sensitivity with comparability score 68.0; analysis status structural_sensitivity. Technology and internet-freedom mission is relevant, but the entity is grantmaking/pass-through-heavy and much larger than RP core scale.","benchmark/deliverables/form990_evidence.csv#row=106;source_id=SRC-990-EXT-OPEN-TECHNOLOGY-FUND;organization=Open Technology Fund | benchmark/scripts/normalize_and_analyze.py#L35-L36,L75-L79",EA-adjacent,EA-adjacent,EA relationship EA-adjacent is preserved from the frozen/precomp organization classification or legacy normalized bridge.,benchmark/frozen/combined_peer_universe_3wave_precomp.csv#row=177;candidate_id=EXT2-016;organization=Open Technology Fund,independent nonprofit,grantmaking_pass_through_and_large_scale,"Expected organization structure is independent nonprofit. Observation-specific structure flag is grantmaking_pass_through_and_large_scale: Technology and internet-freedom mission is relevant, but the entity is grantmaking/pass-through-heavy and much larger than RP core scale.",benchmark/frozen/combined_peer_universe_3wave_precomp.csv#row=177;candidate_id=EXT2-016;organization=Open Technology Fund | benchmark/deliverables/form990_evidence.csv#row=106;source_id=SRC-990-EXT-OPEN-TECHNOLOGY-FUND;organization=Open Technology Fund,"AI, catastrophic risk, biosecurity, and technology policy","Technology and internet-freedom mission is relevant, but the entity is grantmaking/pass-through-heavy and much larger than RP core scale.","Precomp/legacy normalized topic cluster is AI, catastrophic risk, biosecurity, and technology policy; filing notes provide the organization-specific operating-model context.",benchmark/frozen/combined_peer_universe_3wave_precomp.csv#row=177;candidate_id=EXT2-016;organization=Open Technology Fund,President,ED_or_President,"Raw filing title ""President"" is normalized to ED_or_President by the binary title-group rule.",benchmark/deliverables/form990_evidence.csv#row=106;source_id=SRC-990-EXT-OPEN-TECHNOLOGY-FUND;organization=Open Technology Fund | benchmark/scripts/normalize_and_analyze.py#L253-L254,topic/EA/expected_structure=precomp_frozen; peer tier/final structure=post_source_verification_nonpay; structure_flag=post_filing; title_group=derived,precomp_normalized_metadata + filing_derived_role_data + post_filing_flag + derived_title_group,https://apps.irs.gov/pub/epostcard/990/xml/2025/202502249349302770_public.xml,high,
form990::SRC-990-EXT-OPENSECRETS,source_id,SRC-990-EXT-OPENSECRETS,EXT3-032,OpenSecrets,form990,extension3,B,Tier B weighted secondary,Incumbent peer tier Tier B weighted secondary with comparability score 84.0; analysis status primary. Public-interest political data and research infrastructure; below Tier A expense band but strong functional match.,"benchmark/deliverables/form990_evidence.csv#row=122;source_id=SRC-990-EXT-OPENSECRETS;organization=OpenSecrets | benchmark/scripts/normalize_and_analyze.py#L35-L36,L75-L79",functional-only,functional-only,EA relationship functional-only is preserved from the frozen/precomp organization classification or legacy normalized bridge.,benchmark/frozen/combined_peer_universe_3wave_precomp.csv#row=338;candidate_id=EXT3-032;organization=OpenSecrets,independent nonprofit,none,Expected organization structure is independent nonprofit. Observation-specific structure flag is none: Public-interest political data and research infrastructure; below Tier A expense band but strong functional match.,benchmark/frozen/combined_peer_universe_3wave_precomp.csv#row=338;candidate_id=EXT3-032;organization=OpenSecrets | benchmark/deliverables/form990_evidence.csv#row=122;source_id=SRC-990-EXT-OPENSECRETS;organization=OpenSecrets,open knowledge and policy data,Public-interest political data and research infrastructure; below Tier A expense band but strong functional match.,Precomp/legacy normalized topic cluster is open knowledge and policy data; filing notes provide the organization-specific operating-model context.,benchmark/frozen/combined_peer_universe_3wave_precomp.csv#row=338;candidate_id=EXT3-032;organization=OpenSecrets,Executive Director,ED_or_President,"Raw filing title ""Executive Director"" is normalized to ED_or_President by the binary title-group rule.",benchmark/deliverables/form990_evidence.csv#row=122;source_id=SRC-990-EXT-OPENSECRETS;organization=OpenSecrets | benchmark/scripts/normalize_and_analyze.py#L253-L254,topic/EA/expected_structure=precomp_frozen; peer tier/final structure=post_source_verification_nonpay; structure_flag=post_filing; title_group=derived,precomp_normalized_metadata + filing_derived_role_data + post_filing_flag + derived_title_group,https://apps.irs.gov/pub/epostcard/990/xml/2026/202631979349301803_public.xml,high,
form990::SRC-990-EXT-PEAK-GRANTMAKING,source_id,SRC-990-EXT-PEAK-GRANTMAKING,EXP-136,PEAK Grantmaking,form990,previous_expansion,A,Tier A expanded primary,Incumbent peer tier Tier A expanded primary with comparability score 81.0; analysis status primary.,"benchmark/deliverables/form990_evidence.csv#row=31;source_id=SRC-990-EXT-PEAK-GRANTMAKING;organization=PEAK Grantmaking | benchmark/scripts/normalize_and_analyze.py#L35-L36,L75-L79",functional-only,functional-only,EA relationship functional-only is preserved from the frozen/precomp organization classification or legacy normalized bridge.,benchmark/frozen/combined_peer_universe_3wave_precomp.csv#row=33;candidate_id=EXP-136;organization=PEAK Grantmaking,independent nonprofit,none,Expected organization structure is independent nonprofit. Observation-specific structure flag is none: ,benchmark/frozen/combined_peer_universe_3wave_precomp.csv#row=33;candidate_id=EXP-136;organization=PEAK Grantmaking | benchmark/deliverables/form990_evidence.csv#row=31;source_id=SRC-990-EXT-PEAK-GRANTMAKING;organization=PEAK Grantmaking,"Research, evaluation, philanthropy infrastructure, and policy",,"Precomp/legacy normalized topic cluster is Research, evaluation, philanthropy infrastructure, and policy; filing notes provide the organization-specific operating-model context.",benchmark/frozen/combined_peer_universe_3wave_precomp.csv#row=33;candidate_id=EXP-136;organization=PEAK Grantmaking,President and CEO,CEO_title_match,"Raw filing title ""President and CEO"" is normalized to CEO_title_match by the binary title-group rule.",benchmark/deliverables/form990_evidence.csv#row=31;source_id=SRC-990-EXT-PEAK-GRANTMAKING;organization=PEAK Grantmaking | benchmark/scripts/normalize_and_analyze.py#L253-L254,topic/EA/expected_structure=precomp_frozen; peer tier/final structure=post_source_verification_nonpay; structure_flag=post_filing; title_group=derived,precomp_normalized_metadata + filing_derived_role_data + post_filing_flag + derived_title_group,https://apps.irs.gov/pub/epostcard/990/xml/2025/202511219349301641_public.xml,high,
form990::SRC-990-EXT-PARTNERSHIP-ON-AI,source_id,SRC-990-EXT-PARTNERSHIP-ON-AI,EXP-122,Partnership on AI,form990,legacy_original,A,strict_primary,Incumbent peer tier strict_primary with comparability score 94.0; analysis status primary. Strong AI-policy/research/field-building match.,"benchmark/deliverables/form990_evidence.csv#row=5;source_id=SRC-990-EXT-PARTNERSHIP-ON-AI;organization=Partnership on AI | benchmark/scripts/normalize_and_analyze.py#L35-L36,L75-L79",EA-adjacent,EA-adjacent,EA relationship EA-adjacent is preserved from the frozen/precomp organization classification or legacy normalized bridge.,benchmark/frozen/combined_peer_universe_3wave_precomp.csv#row=4;candidate_id=EXP-122;organization=Partnership on AI,independent nonprofit,none,Expected organization structure is independent nonprofit. Observation-specific structure flag is none: Strong AI-policy/research/field-building match.,benchmark/frozen/combined_peer_universe_3wave_precomp.csv#row=4;candidate_id=EXP-122;organization=Partnership on AI | benchmark/deliverables/form990_evidence.csv#row=5;source_id=SRC-990-EXT-PARTNERSHIP-ON-AI;organization=Partnership on AI,"AI, catastrophic risk, biosecurity, and technology policy",Strong AI-policy/research/field-building match.,"Precomp/legacy normalized topic cluster is AI, catastrophic risk, biosecurity, and technology policy; filing notes provide the organization-specific operating-model context.",benchmark/frozen/combined_peer_universe_3wave_precomp.csv#row=4;candidate_id=EXP-122;organization=Partnership on AI,Chief Executive Officer,CEO_title_match,"Raw filing title ""Chief Executive Officer"" is normalized to CEO_title_match by the binary title-group rule.",benchmark/deliverables/form990_evidence.csv#row=5;source_id=SRC-990-EXT-PARTNERSHIP-ON-AI;organization=Partnership on AI | benchmark/scripts/normalize_and_analyze.py#L253-L254,topic/EA/expected_structure=precomp_frozen; peer tier/final structure=post_source_verification_nonpay; structure_flag=post_filing; title_group=derived,precomp_normalized_metadata + filing_derived_role_data + post_filing_flag + derived_title_group,https://apps.irs.gov/pub/epostcard/990/xml/2025/202543219349322709_public.xml,high,
form990::SRC-990-EXT-PETERSON-INSTITUTE-FOR-INTERNATIONAL-ECONOMICS,source_id,SRC-990-EXT-PETERSON-INSTITUTE-FOR-INTERNATIONAL-ECONOMICS,EXP-160,Peterson Institute for International Economics,form990,previous_expansion,A,Tier A expanded primary,Incumbent peer tier Tier A expanded primary with comparability score 87.0; analysis status primary.,"benchmark/deliverables/form990_evidence.csv#row=20;source_id=SRC-990-EXT-PETERSON-INSTITUTE-FOR-INTERNATIONAL-ECONOMICS;organization=Peterson Institute for International Economics | benchmark/scripts/normalize_and_analyze.py#L35-L36,L75-L79",functional-only,functional-only,EA relationship functional-only is preserved from the frozen/precomp organization classification or legacy normalized bridge.,benchmark/frozen/combined_peer_universe_3wave_precomp.csv#row=19;candidate_id=EXP-160;organization=Peterson Institute for International Economics,independent nonprofit,none,Expected organization structure is independent nonprofit. Observation-specific structure flag is none: ,benchmark/frozen/combined_peer_universe_3wave_precomp.csv#row=19;candidate_id=EXP-160;organization=Peterson Institute for International Economics | benchmark/deliverables/form990_evidence.csv#row=20;source_id=SRC-990-EXT-PETERSON-INSTITUTE-FOR-INTERNATIONAL-ECONOMICS;organization=Peterson Institute for International Economics,"Research, evaluation, philanthropy infrastructure, and policy",,"Precomp/legacy normalized topic cluster is Research, evaluation, philanthropy infrastructure, and policy; filing notes provide the organization-specific operating-model context.",benchmark/frozen/combined_peer_universe_3wave_precomp.csv#row=19;candidate_id=EXP-160;organization=Peterson Institute for International Economics,President,ED_or_President,"Raw filing title ""President"" is normalized to ED_or_President by the binary title-group rule.",benchmark/deliverables/form990_evidence.csv#row=20;source_id=SRC-990-EXT-PETERSON-INSTITUTE-FOR-INTERNATIONAL-ECONOMICS;organization=Peterson Institute for International Economics | benchmark/scripts/normalize_and_analyze.py#L253-L254,topic/EA/expected_structure=precomp_frozen; peer tier/final structure=post_source_verification_nonpay; structure_flag=post_filing; title_group=derived,precomp_normalized_metadata + filing_derived_role_data + post_filing_flag + derived_title_group,https://apps.irs.gov/pub/epostcard/990/xml/2026/202611189349300636_public.xml,high,
form990::SRC-990-EXT-PHYSICIANS-COMMITTEE-FOR-RESPONSIBLE-MEDICINE,source_id,SRC-990-EXT-PHYSICIANS-COMMITTEE-FOR-RESPONSIBLE-MEDICINE,EXP-087,Physicians Committee for Responsible Medicine,form990,previous_expansion,A,Tier A expanded primary,Incumbent peer tier Tier A expanded primary with comparability score 76.0; analysis status excluded_measurement. No zero-pay inference made. No clean paid organization-wide CEO/ED observation in accessible filing table.,"benchmark/deliverables/form990_evidence.csv#row=38;source_id=SRC-990-EXT-PHYSICIANS-COMMITTEE-FOR-RESPONSIBLE-MEDICINE;organization=Physicians Committee for Responsible Medicine | benchmark/scripts/normalize_and_analyze.py#L35-L36,L75-L79",EA-adjacent,EA-adjacent,EA relationship EA-adjacent is preserved from the frozen/precomp organization classification or legacy normalized bridge.,benchmark/frozen/combined_peer_universe_3wave_precomp.csv#row=41;candidate_id=EXP-087;organization=Physicians Committee for Responsible Medicine,independent nonprofit,no_clean_top_executive_measure,Expected organization structure is independent nonprofit. Observation-specific structure flag is no_clean_top_executive_measure: No zero-pay inference made.,benchmark/frozen/combined_peer_universe_3wave_precomp.csv#row=41;candidate_id=EXP-087;organization=Physicians Committee for Responsible Medicine | benchmark/deliverables/form990_evidence.csv#row=38;source_id=SRC-990-EXT-PHYSICIANS-COMMITTEE-FOR-RESPONSIBLE-MEDICINE;organization=Physicians Committee for Responsible Medicine,Animal welfare and food systems,No zero-pay inference made.,Precomp/legacy normalized topic cluster is Animal welfare and food systems; filing notes provide the organization-specific operating-model context.,benchmark/frozen/combined_peer_universe_3wave_precomp.csv#row=41;candidate_id=EXP-087;organization=Physicians Committee for Responsible Medicine,,uncoded,No usable top-executive title; title_group is explainer-only uncoded.,benchmark/deliverables/form990_evidence.csv#row=38;source_id=SRC-990-EXT-PHYSICIANS-COMMITTEE-FOR-RESPONSIBLE-MEDICINE;organization=Physicians Committee for Responsible Medicine | benchmark/scripts/normalize_and_analyze.py#L253-L254,topic/EA/expected_structure=precomp_frozen; peer tier/final structure=post_source_verification_nonpay; structure_flag=post_filing; title_group=derived,precomp_normalized_metadata + filing_derived_role_data + post_filing_flag + derived_title_group,https://apps.irs.gov/pub/epostcard/990/xml/2026/202630169349300803_public.xml,low,No clean title; observation is excluded or measurement-limited.
form990::SRC-990-EXT-PHYSICIANS-FOR-SOCIAL-RESPONSIBILITY,source_id,SRC-990-EXT-PHYSICIANS-FOR-SOCIAL-RESPONSIBILITY,EXT2-011,Physicians for Social Responsibility,form990,extension2,C,Tier C broad sensitivity,Incumbent peer tier Tier C broad sensitivity with comparability score 68.0; analysis status primary_with_structure_flag. Nuclear-risk and public-health advocacy organization; topical relevance but materially below RP scale.,"benchmark/deliverables/form990_evidence.csv#row=104;source_id=SRC-990-EXT-PHYSICIANS-FOR-SOCIAL-RESPONSIBILITY;organization=Physicians for Social Responsibility | benchmark/scripts/normalize_and_analyze.py#L35-L36,L75-L79",EA-adjacent,EA-adjacent,EA relationship EA-adjacent is preserved from the frozen/precomp organization classification or legacy normalized bridge.,benchmark/frozen/combined_peer_universe_3wave_precomp.csv#row=172;candidate_id=EXT2-011;organization=Physicians for Social Responsibility,independent nonprofit,well_below_scale_membership_advocacy,Expected organization structure is independent nonprofit. Observation-specific structure flag is well_below_scale_membership_advocacy: Nuclear-risk and public-health advocacy organization; topical relevance but materially below RP scale.,benchmark/frozen/combined_peer_universe_3wave_precomp.csv#row=172;candidate_id=EXT2-011;organization=Physicians for Social Responsibility | benchmark/deliverables/form990_evidence.csv#row=104;source_id=SRC-990-EXT-PHYSICIANS-FOR-SOCIAL-RESPONSIBILITY;organization=Physicians for Social Responsibility,"AI, catastrophic risk, biosecurity, and technology policy",Nuclear-risk and public-health advocacy organization; topical relevance but materially below RP scale.,"Precomp/legacy normalized topic cluster is AI, catastrophic risk, biosecurity, and technology policy; filing notes provide the organization-specific operating-model context.",benchmark/frozen/combined_peer_universe_3wave_precomp.csv#row=172;candidate_id=EXT2-011;organization=Physicians for Social Responsibility,Executive Director,ED_or_President,"Raw filing title ""Executive Director"" is normalized to ED_or_President by the binary title-group rule.",benchmark/deliverables/form990_evidence.csv#row=104;source_id=SRC-990-EXT-PHYSICIANS-FOR-SOCIAL-RESPONSIBILITY;organization=Physicians for Social Responsibility | benchmark/scripts/normalize_and_analyze.py#L253-L254,topic/EA/expected_structure=precomp_frozen; peer tier/final structure=post_source_verification_nonpay; structure_flag=post_filing; title_group=derived,precomp_normalized_metadata + filing_derived_role_data + post_filing_flag + derived_title_group,https://apps.irs.gov/pub/epostcard/990/xml/2025/202512749349301461_public.xml,high,
form990::SRC-990-EXT-PLOUGHSHARES-FUND,source_id,SRC-990-EXT-PLOUGHSHARES-FUND,EXT2-010,Ploughshares Fund,form990,extension2,B,Tier B weighted secondary,"Incumbent peer tier Tier B weighted secondary with comparability score 76.0; analysis status structural_sensitivity. Close expense scale and global-risk relevance, but grantmaking/fund-distribution model and separate paid Executive Director preclude clean pooling.","benchmark/deliverables/form990_evidence.csv#row=108;source_id=SRC-990-EXT-PLOUGHSHARES-FUND;organization=Ploughshares Fund | benchmark/scripts/normalize_and_analyze.py#L35-L36,L75-L79",EA-adjacent,EA-adjacent,EA relationship EA-adjacent is preserved from the frozen/precomp organization classification or legacy normalized bridge.,benchmark/frozen/combined_peer_universe_3wave_precomp.csv#row=171;candidate_id=EXT2-010;organization=Ploughshares Fund,public charity / grantmaker,grantmaking_and_dual_top_leadership,"Expected organization structure is public charity / grantmaker. Observation-specific structure flag is grantmaking_and_dual_top_leadership: Close expense scale and global-risk relevance, but grantmaking/fund-distribution model and separate paid Executive Director preclude clean pooling.",benchmark/frozen/combined_peer_universe_3wave_precomp.csv#row=171;candidate_id=EXT2-010;organization=Ploughshares Fund | benchmark/deliverables/form990_evidence.csv#row=108;source_id=SRC-990-EXT-PLOUGHSHARES-FUND;organization=Ploughshares Fund,"AI, catastrophic risk, biosecurity, and technology policy","Close expense scale and global-risk relevance, but grantmaking/fund-distribution model and separate paid Executive Director preclude clean pooling.","Precomp/legacy normalized topic cluster is AI, catastrophic risk, biosecurity, and technology policy; filing notes provide the organization-specific operating-model context.",benchmark/frozen/combined_peer_universe_3wave_precomp.csv#row=171;candidate_id=EXT2-010;organization=Ploughshares Fund,President,ED_or_President,"Raw filing title ""President"" is normalized to ED_or_President by the binary title-group rule.",benchmark/deliverables/form990_evidence.csv#row=108;source_id=SRC-990-EXT-PLOUGHSHARES-FUND;organization=Ploughshares Fund | benchmark/scripts/normalize_and_analyze.py#L253-L254,topic/EA/expected_structure=precomp_frozen; peer tier/final structure=post_source_verification_nonpay; structure_flag=post_filing; title_group=derived,precomp_normalized_metadata + filing_derived_role_data + post_filing_flag + derived_title_group,https://apps.irs.gov/pub/epostcard/990/xml/2026/202620979349300102_public.xml,high,
form990::SRC-990-EXT-POPULATION-REFERENCE-BUREAU,source_id,SRC-990-EXT-POPULATION-REFERENCE-BUREAU,EXP-059,Population Reference Bureau,form990,previous_expansion,A,Tier A expanded primary,Incumbent peer tier Tier A expanded primary with comparability score 94.0; analysis status primary_older_clean. Most recent filing reflected 2024 CEO transition; used immediately prior full-year compensation year.,"benchmark/deliverables/form990_evidence.csv#row=14;source_id=SRC-990-EXT-POPULATION-REFERENCE-BUREAU;organization=Population Reference Bureau | benchmark/scripts/normalize_and_analyze.py#L35-L36,L75-L79",EA-adjacent,EA-adjacent,EA relationship EA-adjacent is preserved from the frozen/precomp organization classification or legacy normalized bridge.,benchmark/frozen/combined_peer_universe_3wave_precomp.csv#row=5;candidate_id=EXP-059;organization=Population Reference Bureau,independent nonprofit,prior_year_due_transition,Expected organization structure is independent nonprofit. Observation-specific structure flag is prior_year_due_transition: Most recent filing reflected 2024 CEO transition; used immediately prior full-year compensation year.,benchmark/frozen/combined_peer_universe_3wave_precomp.csv#row=5;candidate_id=EXP-059;organization=Population Reference Bureau | benchmark/deliverables/form990_evidence.csv#row=14;source_id=SRC-990-EXT-POPULATION-REFERENCE-BUREAU;organization=Population Reference Bureau,"Global health, development, and evidence",Most recent filing reflected 2024 CEO transition; used immediately prior full-year compensation year.,"Precomp/legacy normalized topic cluster is Global health, development, and evidence; filing notes provide the organization-specific operating-model context.",benchmark/frozen/combined_peer_universe_3wave_precomp.csv#row=5;candidate_id=EXP-059;organization=Population Reference Bureau,President & CEO,CEO_title_match,"Raw filing title ""President & CEO"" is normalized to CEO_title_match by the binary title-group rule.",benchmark/deliverables/form990_evidence.csv#row=14;source_id=SRC-990-EXT-POPULATION-REFERENCE-BUREAU;organization=Population Reference Bureau | benchmark/scripts/normalize_and_analyze.py#L253-L254,topic/EA/expected_structure=precomp_frozen; peer tier/final structure=post_source_verification_nonpay; structure_flag=post_filing; title_group=derived,precomp_normalized_metadata + filing_derived_role_data + post_filing_flag + derived_title_group,https://apps.irs.gov/pub/epostcard/990/xml/2025/202501789349301305_public.xml,high,
form990::SRC-990-EXT-PRECISION-DEVELOPMENT,source_id,SRC-990-EXT-PRECISION-DEVELOPMENT,EXP-052,Precision Development,form990,previous_expansion,A,Tier A expanded primary,Incumbent peer tier Tier A expanded primary with comparability score 76.0; analysis status primary_older_clean. 2024 filing showed CEO until March 2024; prior full-year observation used without annualization.,"benchmark/deliverables/form990_evidence.csv#row=42;source_id=SRC-990-EXT-PRECISION-DEVELOPMENT;organization=Precision Development | benchmark/scripts/normalize_and_analyze.py#L35-L36,L75-L79",EA-adjacent,EA-adjacent,EA relationship EA-adjacent is preserved from the frozen/precomp organization classification or legacy normalized bridge.,benchmark/frozen/combined_peer_universe_3wave_precomp.csv#row=42;candidate_id=EXP-052;organization=Precision Development,independent nonprofit,older_clean_due_transition,Expected organization structure is independent nonprofit. Observation-specific structure flag is older_clean_due_transition: 2024 filing showed CEO until March 2024; prior full-year observation used without annualization.,benchmark/frozen/combined_peer_universe_3wave_precomp.csv#row=42;candidate_id=EXP-052;organization=Precision Development | benchmark/deliverables/form990_evidence.csv#row=42;source_id=SRC-990-EXT-PRECISION-DEVELOPMENT;organization=Precision Development,"Global health, development, and evidence",2024 filing showed CEO until March 2024; prior full-year observation used without annualization.,"Precomp/legacy normalized topic cluster is Global health, development, and evidence; filing notes provide the organization-specific operating-model context.",benchmark/frozen/combined_peer_universe_3wave_precomp.csv#row=42;candidate_id=EXP-052;organization=Precision Development,Chief Executive Officer,CEO_title_match,"Raw filing title ""Chief Executive Officer"" is normalized to CEO_title_match by the binary title-group rule.",benchmark/deliverables/form990_evidence.csv#row=42;source_id=SRC-990-EXT-PRECISION-DEVELOPMENT;organization=Precision Development | benchmark/scripts/normalize_and_analyze.py#L253-L254,topic/EA/expected_structure=precomp_frozen; peer tier/final structure=post_source_verification_nonpay; structure_flag=post_filing; title_group=derived,precomp_normalized_metadata + filing_derived_role_data + post_filing_flag + derived_title_group,https://apps.irs.gov/pub/epostcard/990/xml/2024/202433199349302193_public.xml,high,
form990::SRC-990-EXT-PROJECT-DRAWDOWN,source_id,SRC-990-EXT-PROJECT-DRAWDOWN,EXT3-113,Project Drawdown,form990,extension3,A,Tier A expanded primary,"Incumbent peer tier Tier A expanded primary with comparability score 91.0; analysis status primary. Climate research, synthesis, and communications organization; slightly below Tier A expense floor but very strong functional match and national scope.","benchmark/deliverables/form990_evidence.csv#row=134;source_id=SRC-990-EXT-PROJECT-DRAWDOWN;organization=Project Drawdown | benchmark/scripts/normalize_and_analyze.py#L35-L36,L75-L79",EA-adjacent,EA-adjacent,EA relationship EA-adjacent is preserved from the frozen/precomp organization classification or legacy normalized bridge.,benchmark/frozen/combined_peer_universe_3wave_precomp.csv#row=419;candidate_id=EXT3-113;organization=Project Drawdown,independent nonprofit,none,"Expected organization structure is independent nonprofit. Observation-specific structure flag is none: Climate research, synthesis, and communications organization; slightly below Tier A expense floor but very strong functional match and national scope.",benchmark/frozen/combined_peer_universe_3wave_precomp.csv#row=419;candidate_id=EXT3-113;organization=Project Drawdown | benchmark/deliverables/form990_evidence.csv#row=134;source_id=SRC-990-EXT-PROJECT-DRAWDOWN;organization=Project Drawdown,climate and evidence,"Climate research, synthesis, and communications organization; slightly below Tier A expense floor but very strong functional match and national scope.",Precomp/legacy normalized topic cluster is climate and evidence; filing notes provide the organization-specific operating-model context.,benchmark/frozen/combined_peer_universe_3wave_precomp.csv#row=419;candidate_id=EXT3-113;organization=Project Drawdown,Executive Director,ED_or_President,"Raw filing title ""Executive Director"" is normalized to ED_or_President by the binary title-group rule.",benchmark/deliverables/form990_evidence.csv#row=134;source_id=SRC-990-EXT-PROJECT-DRAWDOWN;organization=Project Drawdown | benchmark/scripts/normalize_and_analyze.py#L253-L254,topic/EA/expected_structure=precomp_frozen; peer tier/final structure=post_source_verification_nonpay; structure_flag=post_filing; title_group=derived,precomp_normalized_metadata + filing_derived_role_data + post_filing_flag + derived_title_group,https://apps.irs.gov/pub/epostcard/990/xml/2025/202512529349301621_public.xml,high,
form990::SRC-990-EXT-PROJECT-HEALTHY-CHILDREN,source_id,SRC-990-EXT-PROJECT-HEALTHY-CHILDREN,EXT2-115,Project Healthy Children,form990,extension2,B,Tier B weighted secondary,Incumbent peer tier Tier B weighted secondary with comparability score 83.0; analysis status primary_older_clean. Close expense scale and EA-adjacent global-health work; very large other-compensation component requires separate treatment.,"benchmark/deliverables/form990_evidence.csv#row=98;source_id=SRC-990-EXT-PROJECT-HEALTHY-CHILDREN;organization=Project Healthy Children | benchmark/scripts/normalize_and_analyze.py#L35-L36,L75-L79",EA-adjacent,EA-adjacent,EA relationship EA-adjacent is preserved from the frozen/precomp organization classification or legacy normalized bridge.,benchmark/frozen/combined_peer_universe_3wave_precomp.csv#row=276;candidate_id=EXT2-115;organization=Project Healthy Children,independent nonprofit,unusually_high_other_compensation_older_clean,Expected organization structure is independent nonprofit. Observation-specific structure flag is unusually_high_other_compensation_older_clean: Close expense scale and EA-adjacent global-health work; very large other-compensation component requires separate treatment.,benchmark/frozen/combined_peer_universe_3wave_precomp.csv#row=276;candidate_id=EXT2-115;organization=Project Healthy Children | benchmark/deliverables/form990_evidence.csv#row=98;source_id=SRC-990-EXT-PROJECT-HEALTHY-CHILDREN;organization=Project Healthy Children,"Global health, development, and evidence",Close expense scale and EA-adjacent global-health work; very large other-compensation component requires separate treatment.,"Precomp/legacy normalized topic cluster is Global health, development, and evidence; filing notes provide the organization-specific operating-model context.",benchmark/frozen/combined_peer_universe_3wave_precomp.csv#row=276;candidate_id=EXT2-115;organization=Project Healthy Children,President and Chief Executive Officer,CEO_title_match,"Raw filing title ""President and Chief Executive Officer"" is normalized to CEO_title_match by the binary title-group rule.",benchmark/deliverables/form990_evidence.csv#row=98;source_id=SRC-990-EXT-PROJECT-HEALTHY-CHILDREN;organization=Project Healthy Children | benchmark/scripts/normalize_and_analyze.py#L253-L254,topic/EA/expected_structure=precomp_frozen; peer tier/final structure=post_source_verification_nonpay; structure_flag=post_filing; title_group=derived,precomp_normalized_metadata + filing_derived_role_data + post_filing_flag + derived_title_group,https://apps.irs.gov/pub/epostcard/990/xml/2024/202422259349302007_public.xml,medium,"Observation structure label is compensation-informed and post-filing, but did not affect precomp peer selection."
form990::SRC-990-EXT-PUBLIC-AGENDA,source_id,SRC-990-EXT-PUBLIC-AGENDA,EXT2-038,Public Agenda,form990,extension2,A,Tier A expanded primary,Incumbent peer tier Tier A expanded primary with comparability score 84.0; analysis status primary. Public-opinion research and engagement organization; expenses below but near wider RP scale.,"benchmark/deliverables/form990_evidence.csv#row=71;source_id=SRC-990-EXT-PUBLIC-AGENDA;organization=Public Agenda | benchmark/scripts/normalize_and_analyze.py#L35-L36,L75-L79",functional-only,functional-only,EA relationship functional-only is preserved from the frozen/precomp organization classification or legacy normalized bridge.,benchmark/frozen/combined_peer_universe_3wave_precomp.csv#row=199;candidate_id=EXT2-038;organization=Public Agenda,independent nonprofit,lower_edge_expense,Expected organization structure is independent nonprofit. Observation-specific structure flag is lower_edge_expense: Public-opinion research and engagement organization; expenses below but near wider RP scale.,benchmark/frozen/combined_peer_universe_3wave_precomp.csv#row=199;candidate_id=EXT2-038;organization=Public Agenda | benchmark/deliverables/form990_evidence.csv#row=71;source_id=SRC-990-EXT-PUBLIC-AGENDA;organization=Public Agenda,"Research, evaluation, philanthropy infrastructure, and policy",Public-opinion research and engagement organization; expenses below but near wider RP scale.,"Precomp/legacy normalized topic cluster is Research, evaluation, philanthropy infrastructure, and policy; filing notes provide the organization-specific operating-model context.",benchmark/frozen/combined_peer_universe_3wave_precomp.csv#row=199;candidate_id=EXT2-038;organization=Public Agenda,President,ED_or_President,"Raw filing title ""President"" is normalized to ED_or_President by the binary title-group rule.",benchmark/deliverables/form990_evidence.csv#row=71;source_id=SRC-990-EXT-PUBLIC-AGENDA;organization=Public Agenda | benchmark/scripts/normalize_and_analyze.py#L253-L254,topic/EA/expected_structure=precomp_frozen; peer tier/final structure=post_source_verification_nonpay; structure_flag=post_filing; title_group=derived,precomp_normalized_metadata + filing_derived_role_data + post_filing_flag + derived_title_group,https://apps.irs.gov/pub/epostcard/990/xml/2026/202631029349300503_public.xml,high,
form990::SRC-990-EXT-PUBLIC-KNOWLEDGE,source_id,SRC-990-EXT-PUBLIC-KNOWLEDGE,EXP-126,Public Knowledge,form990,previous_expansion,A,Tier A expanded primary,Incumbent peer tier Tier A expanded primary with comparability score 81.0; analysis status primary. Below RP scale but strong tech-policy match.,"benchmark/deliverables/form990_evidence.csv#row=32;source_id=SRC-990-EXT-PUBLIC-KNOWLEDGE;organization=Public Knowledge | benchmark/scripts/normalize_and_analyze.py#L35-L36,L75-L79",EA-adjacent,EA-adjacent,EA relationship EA-adjacent is preserved from the frozen/precomp organization classification or legacy normalized bridge.,benchmark/frozen/combined_peer_universe_3wave_precomp.csv#row=34;candidate_id=EXP-126;organization=Public Knowledge,independent nonprofit,none,Expected organization structure is independent nonprofit. Observation-specific structure flag is none: Below RP scale but strong tech-policy match.,benchmark/frozen/combined_peer_universe_3wave_precomp.csv#row=34;candidate_id=EXP-126;organization=Public Knowledge | benchmark/deliverables/form990_evidence.csv#row=32;source_id=SRC-990-EXT-PUBLIC-KNOWLEDGE;organization=Public Knowledge,"AI, catastrophic risk, biosecurity, and technology policy",Below RP scale but strong tech-policy match.,"Precomp/legacy normalized topic cluster is AI, catastrophic risk, biosecurity, and technology policy; filing notes provide the organization-specific operating-model context.",benchmark/frozen/combined_peer_universe_3wave_precomp.csv#row=34;candidate_id=EXP-126;organization=Public Knowledge,President/CEO,CEO_title_match,"Raw filing title ""President/CEO"" is normalized to CEO_title_match by the binary title-group rule.",benchmark/deliverables/form990_evidence.csv#row=32;source_id=SRC-990-EXT-PUBLIC-KNOWLEDGE;organization=Public Knowledge | benchmark/scripts/normalize_and_analyze.py#L253-L254,topic/EA/expected_structure=precomp_frozen; peer tier/final structure=post_source_verification_nonpay; structure_flag=post_filing; title_group=derived,precomp_normalized_metadata + filing_derived_role_data + post_filing_flag + derived_title_group,https://apps.irs.gov/pub/epostcard/990/xml/2025/202533149349301903_public.xml,high,
form990::SRC-990-EXT-PUBLIC-RELIGION-RESEARCH-INSTITUTE,source_id,SRC-990-EXT-PUBLIC-RELIGION-RESEARCH-INSTITUTE,EXT2-035,Public Religion Research Institute,form990,extension2,B,Tier B weighted secondary,Incumbent peer tier Tier B weighted secondary with comparability score 74.0; analysis status structural_sensitivity. Survey-research comparator; excluded from primary solo-CEO summaries. Separate paid President and CEO complicate identification of one solo organization-wide chief executive.,"benchmark/deliverables/form990_evidence.csv#row=68;source_id=SRC-990-EXT-PUBLIC-RELIGION-RESEARCH-INSTITUTE;organization=Public Religion Research Institute | benchmark/scripts/normalize_and_analyze.py#L35-L36,L75-L79",functional-only,functional-only,EA relationship functional-only is preserved from the frozen/precomp organization classification or legacy normalized bridge.,benchmark/frozen/combined_peer_universe_3wave_precomp.csv#row=196;candidate_id=EXT2-035;organization=Public Religion Research Institute,independent nonprofit,paid_president_and_ceo,Expected organization structure is independent nonprofit. Observation-specific structure flag is paid_president_and_ceo: Survey-research comparator; excluded from primary solo-CEO summaries.,benchmark/frozen/combined_peer_universe_3wave_precomp.csv#row=196;candidate_id=EXT2-035;organization=Public Religion Research Institute | benchmark/deliverables/form990_evidence.csv#row=68;source_id=SRC-990-EXT-PUBLIC-RELIGION-RESEARCH-INSTITUTE;organization=Public Religion Research Institute,"Research, evaluation, philanthropy infrastructure, and policy",Survey-research comparator; excluded from primary solo-CEO summaries.,"Precomp/legacy normalized topic cluster is Research, evaluation, philanthropy infrastructure, and policy; filing notes provide the organization-specific operating-model context.",benchmark/frozen/combined_peer_universe_3wave_precomp.csv#row=196;candidate_id=EXT2-035;organization=Public Religion Research Institute,CEO,CEO_title_match,"Raw filing title ""CEO"" is normalized to CEO_title_match by the binary title-group rule.",benchmark/deliverables/form990_evidence.csv#row=68;source_id=SRC-990-EXT-PUBLIC-RELIGION-RESEARCH-INSTITUTE;organization=Public Religion Research Institute | benchmark/scripts/normalize_and_analyze.py#L253-L254,topic/EA/expected_structure=precomp_frozen; peer tier/final structure=post_source_verification_nonpay; structure_flag=post_filing; title_group=derived,precomp_normalized_metadata + filing_derived_role_data + post_filing_flag + derived_title_group,https://apps.irs.gov/pub/epostcard/990/xml/2025/202533189349309763_public.xml,high,
form990::SRC-990-EXT-PURE-EARTH,source_id,SRC-990-EXT-PURE-EARTH,EXP-055,Pure Earth,form990,previous_expansion,A,Tier A expanded primary,Incumbent peer tier Tier A expanded primary with comparability score 88.0; analysis status excluded_transition. Prior 2023 also shows CEO and Executive Director; not pooled. Richard Fuller CEO through November; Andrew McCartor President/CEO; no clean single full-year observation.,"benchmark/deliverables/form990_evidence.csv#row=17;source_id=SRC-990-EXT-PURE-EARTH;organization=Pure Earth | benchmark/scripts/normalize_and_analyze.py#L35-L36,L75-L79",EA-adjacent,EA-adjacent,EA relationship EA-adjacent is preserved from the frozen/precomp organization classification or legacy normalized bridge.,benchmark/frozen/combined_peer_universe_3wave_precomp.csv#row=15;candidate_id=EXP-055;organization=Pure Earth,independent nonprofit,transition,Expected organization structure is independent nonprofit. Observation-specific structure flag is transition: Prior 2023 also shows CEO and Executive Director; not pooled.,benchmark/frozen/combined_peer_universe_3wave_precomp.csv#row=15;candidate_id=EXP-055;organization=Pure Earth | benchmark/deliverables/form990_evidence.csv#row=17;source_id=SRC-990-EXT-PURE-EARTH;organization=Pure Earth,"Global health, development, and evidence",Prior 2023 also shows CEO and Executive Director; not pooled.,"Precomp/legacy normalized topic cluster is Global health, development, and evidence; filing notes provide the organization-specific operating-model context.",benchmark/frozen/combined_peer_universe_3wave_precomp.csv#row=15;candidate_id=EXP-055;organization=Pure Earth,CEO through November / President-CEO,CEO_title_match,"Raw filing title ""CEO through November / President-CEO"" is normalized to CEO_title_match by the binary title-group rule.",benchmark/deliverables/form990_evidence.csv#row=17;source_id=SRC-990-EXT-PURE-EARTH;organization=Pure Earth | benchmark/scripts/normalize_and_analyze.py#L253-L254,topic/EA/expected_structure=precomp_frozen; peer tier/final structure=post_source_verification_nonpay; structure_flag=post_filing; title_group=derived,precomp_normalized_metadata + filing_derived_role_data + post_filing_flag + derived_title_group,https://apps.irs.gov/pub/epostcard/990/xml/2025/202532809349302073_public.xml,high,
form990::SRC-990-EXT-QUINCY-INSTITUTE-FOR-RESPONSIBLE-STATECRAFT,source_id,SRC-990-EXT-QUINCY-INSTITUTE-FOR-RESPONSIBLE-STATECRAFT,EXT2-007,Quincy Institute for Responsible Statecraft,form990,extension2,A,Tier A expanded primary,Incumbent peer tier Tier A expanded primary with comparability score 91.0; analysis status primary. National foreign-policy research institute with close expense scale and explicit solo CEO.,"benchmark/deliverables/form990_evidence.csv#row=81;source_id=SRC-990-EXT-QUINCY-INSTITUTE-FOR-RESPONSIBLE-STATECRAFT;organization=Quincy Institute for Responsible Statecraft | benchmark/scripts/normalize_and_analyze.py#L35-L36,L75-L79",EA-adjacent,EA-adjacent,EA relationship EA-adjacent is preserved from the frozen/precomp organization classification or legacy normalized bridge.,benchmark/frozen/combined_peer_universe_3wave_precomp.csv#row=168;candidate_id=EXT2-007;organization=Quincy Institute for Responsible Statecraft,independent nonprofit,none,Expected organization structure is independent nonprofit. Observation-specific structure flag is none: National foreign-policy research institute with close expense scale and explicit solo CEO.,benchmark/frozen/combined_peer_universe_3wave_precomp.csv#row=168;candidate_id=EXT2-007;organization=Quincy Institute for Responsible Statecraft | benchmark/deliverables/form990_evidence.csv#row=81;source_id=SRC-990-EXT-QUINCY-INSTITUTE-FOR-RESPONSIBLE-STATECRAFT;organization=Quincy Institute for Responsible Statecraft,"AI, catastrophic risk, biosecurity, and technology policy",National foreign-policy research institute with close expense scale and explicit solo CEO.,"Precomp/legacy normalized topic cluster is AI, catastrophic risk, biosecurity, and technology policy; filing notes provide the organization-specific operating-model context.",benchmark/frozen/combined_peer_universe_3wave_precomp.csv#row=168;candidate_id=EXT2-007;organization=Quincy Institute for Responsible Statecraft,Chief Executive Officer,CEO_title_match,"Raw filing title ""Chief Executive Officer"" is normalized to CEO_title_match by the binary title-group rule.",benchmark/deliverables/form990_evidence.csv#row=81;source_id=SRC-990-EXT-QUINCY-INSTITUTE-FOR-RESPONSIBLE-STATECRAFT;organization=Quincy Institute for Responsible Statecraft | benchmark/scripts/normalize_and_analyze.py#L253-L254,topic/EA/expected_structure=precomp_frozen; peer tier/final structure=post_source_verification_nonpay; structure_flag=post_filing; title_group=derived,precomp_normalized_metadata + filing_derived_role_data + post_filing_flag + derived_title_group,https://apps.irs.gov/pub/epostcard/990/xml/2025/202523169349300137_public.xml,high,
form990::SRC-990-EXT-R-STREET-INSTITUTE,source_id,SRC-990-EXT-R-STREET-INSTITUTE,,R Street Institute,form990,legacy_original,C,structural_sensitivity,"Incumbent peer tier structural_sensitivity with comparability score 80.0; analysis status structural_sensitivity. Dual top leadership: President observation used once per organization; Executive Director Erica Schoder separately reported $286,525 cash plus $18,485 other but is not pooled.","benchmark/deliverables/form990_evidence.csv#row=10;source_id=SRC-990-EXT-R-STREET-INSTITUTE;organization=R Street Institute | benchmark/scripts/normalize_and_analyze.py#L35-L36,L75-L79",functional-only,functional-only,EA relationship functional-only is preserved from the frozen/precomp organization classification or legacy normalized bridge.,benchmark/frozen/legacy_original_peer_bridge_precomp.csv#row=5;organization=R Street Institute,independent nonprofit,dual_top_leadership,"Expected organization structure is independent nonprofit. Observation-specific structure flag is dual_top_leadership: Dual top leadership: President observation used once per organization; Executive Director Erica Schoder separately reported $286,525 cash plus $18,485 other but is not pooled.",benchmark/frozen/legacy_original_peer_bridge_precomp.csv#row=5;organization=R Street Institute | benchmark/deliverables/form990_evidence.csv#row=10;source_id=SRC-990-EXT-R-STREET-INSTITUTE;organization=R Street Institute,"Research, evaluation, philanthropy infrastructure, and policy","Dual top leadership: President observation used once per organization; Executive Director Erica Schoder separately reported $286,525 cash plus $18,485 other but is not pooled.","Precomp/legacy normalized topic cluster is Research, evaluation, philanthropy infrastructure, and policy; filing notes provide the organization-specific operating-model context.",benchmark/frozen/legacy_original_peer_bridge_precomp.csv#row=5;organization=R Street Institute,President,ED_or_President,"Raw filing title ""President"" is normalized to ED_or_President by the binary title-group rule.",benchmark/deliverables/form990_evidence.csv#row=10;source_id=SRC-990-EXT-R-STREET-INSTITUTE;organization=R Street Institute | benchmark/scripts/normalize_and_analyze.py#L253-L254,topic/EA/expected_structure=original_precomp_with_later_normalized_defaults; peer tier/final structure=post_source_verification_nonpay; structure_flag=post_filing; title_group=derived,precomp_normalized_metadata + filing_derived_role_data + post_filing_flag + derived_title_group,https://apps.irs.gov/pub/epostcard/990/xml/2025/202503119349301245_public.xml,high,
form990::SRC-990-EXT-REDWOOD-RESEARCH,source_id,SRC-990-EXT-REDWOOD-RESEARCH,EXP-098,Redwood Research,form990,previous_expansion,B,Tier B weighted secondary,Incumbent peer tier Tier B weighted secondary with comparability score 66.0; analysis status primary. EA-adjacent AI research peer; expenses below RP scale and 2024 revenue reflects use of prior reserves.,"benchmark/deliverables/form990_evidence.csv#row=58;source_id=SRC-990-EXT-REDWOOD-RESEARCH;organization=Redwood Research | benchmark/scripts/normalize_and_analyze.py#L35-L36,L75-L79",EA-adjacent,EA-adjacent,EA relationship EA-adjacent is preserved from the frozen/precomp organization classification or legacy normalized bridge.,benchmark/frozen/combined_peer_universe_3wave_precomp.csv#row=60;candidate_id=EXP-098;organization=Redwood Research,independent nonprofit,below_scale_revenue_anomaly,Expected organization structure is independent nonprofit. Observation-specific structure flag is below_scale_revenue_anomaly: EA-adjacent AI research peer; expenses below RP scale and 2024 revenue reflects use of prior reserves.,benchmark/frozen/combined_peer_universe_3wave_precomp.csv#row=60;candidate_id=EXP-098;organization=Redwood Research | benchmark/deliverables/form990_evidence.csv#row=58;source_id=SRC-990-EXT-REDWOOD-RESEARCH;organization=Redwood Research,"AI, catastrophic risk, biosecurity, and technology policy",EA-adjacent AI research peer; expenses below RP scale and 2024 revenue reflects use of prior reserves.,"Precomp/legacy normalized topic cluster is AI, catastrophic risk, biosecurity, and technology policy; filing notes provide the organization-specific operating-model context.",benchmark/frozen/combined_peer_universe_3wave_precomp.csv#row=60;candidate_id=EXP-098;organization=Redwood Research,"CEO, Director",CEO_title_match,"Raw filing title ""CEO, Director"" is normalized to CEO_title_match by the binary title-group rule.",benchmark/deliverables/form990_evidence.csv#row=58;source_id=SRC-990-EXT-REDWOOD-RESEARCH;organization=Redwood Research | benchmark/scripts/normalize_and_analyze.py#L253-L254,topic/EA/expected_structure=precomp_frozen; peer tier/final structure=post_source_verification_nonpay; structure_flag=post_filing; title_group=derived,precomp_normalized_metadata + filing_derived_role_data + post_filing_flag + derived_title_group,https://apps.irs.gov/pub/epostcard/990/xml/2025/202503199349302920_public.xml,high,
form990::SRC-990-EXT-RESEARCH-AMERICA,source_id,SRC-990-EXT-RESEARCH-AMERICA,EXP-142,Research!America,form990,previous_expansion,A,Tier A expanded primary,Incumbent peer tier Tier A expanded primary with comparability score 84.0; analysis status primary.,"benchmark/deliverables/form990_evidence.csv#row=28;source_id=SRC-990-EXT-RESEARCH-AMERICA;organization=Research!America | benchmark/scripts/normalize_and_analyze.py#L35-L36,L75-L79",functional-only,functional-only,EA relationship functional-only is preserved from the frozen/precomp organization classification or legacy normalized bridge.,benchmark/frozen/combined_peer_universe_3wave_precomp.csv#row=30;candidate_id=EXP-142;organization=Research!America,independent nonprofit,long_tenured,Expected organization structure is independent nonprofit. Observation-specific structure flag is long_tenured: ,benchmark/frozen/combined_peer_universe_3wave_precomp.csv#row=30;candidate_id=EXP-142;organization=Research!America | benchmark/deliverables/form990_evidence.csv#row=28;source_id=SRC-990-EXT-RESEARCH-AMERICA;organization=Research!America,"Research, evaluation, philanthropy infrastructure, and policy",,"Precomp/legacy normalized topic cluster is Research, evaluation, philanthropy infrastructure, and policy; filing notes provide the organization-specific operating-model context.",benchmark/frozen/combined_peer_universe_3wave_precomp.csv#row=30;candidate_id=EXP-142;organization=Research!America,President & Chief Executive Officer,CEO_title_match,"Raw filing title ""President & Chief Executive Officer"" is normalized to CEO_title_match by the binary title-group rule.",benchmark/deliverables/form990_evidence.csv#row=28;source_id=SRC-990-EXT-RESEARCH-AMERICA;organization=Research!America | benchmark/scripts/normalize_and_analyze.py#L253-L254,topic/EA/expected_structure=precomp_frozen; peer tier/final structure=post_source_verification_nonpay; structure_flag=post_filing; title_group=derived,precomp_normalized_metadata + filing_derived_role_data + post_filing_flag + derived_title_group,https://apps.irs.gov/pub/epostcard/990/xml/2026/202601319349302140_public.xml,high,
form990::SRC-990-EXT-RESULTS-FOR-AMERICA,source_id,SRC-990-EXT-RESULTS-FOR-AMERICA,,Results for America,form990,legacy_original,B,secondary,"Incumbent peer tier secondary with comparability score 74.0; analysis status primary. Preselected primary candidate moved to secondary for scale/implementation, not pay.","benchmark/deliverables/form990_evidence.csv#row=8;source_id=SRC-990-EXT-RESULTS-FOR-AMERICA;organization=Results for America | benchmark/scripts/normalize_and_analyze.py#L35-L36,L75-L79",functional-only,functional-only,EA relationship functional-only is preserved from the frozen/precomp organization classification or legacy normalized bridge.,benchmark/frozen/legacy_original_peer_bridge_precomp.csv#row=8;organization=Results for America,independent nonprofit,above_strict_expense_band_and_implementation_mix,"Expected organization structure is independent nonprofit. Observation-specific structure flag is above_strict_expense_band_and_implementation_mix: Preselected primary candidate moved to secondary for scale/implementation, not pay.",benchmark/frozen/legacy_original_peer_bridge_precomp.csv#row=8;organization=Results for America | benchmark/deliverables/form990_evidence.csv#row=8;source_id=SRC-990-EXT-RESULTS-FOR-AMERICA;organization=Results for America,"Research, evaluation, philanthropy infrastructure, and policy","Preselected primary candidate moved to secondary for scale/implementation, not pay.","Precomp/legacy normalized topic cluster is Research, evaluation, philanthropy infrastructure, and policy; filing notes provide the organization-specific operating-model context.",benchmark/frozen/legacy_original_peer_bridge_precomp.csv#row=8;organization=Results for America,President & CEO,CEO_title_match,"Raw filing title ""President & CEO"" is normalized to CEO_title_match by the binary title-group rule.",benchmark/deliverables/form990_evidence.csv#row=8;source_id=SRC-990-EXT-RESULTS-FOR-AMERICA;organization=Results for America | benchmark/scripts/normalize_and_analyze.py#L253-L254,topic/EA/expected_structure=original_precomp_with_later_normalized_defaults; peer tier/final structure=post_source_verification_nonpay; structure_flag=post_filing; title_group=derived,precomp_normalized_metadata + filing_derived_role_data + post_filing_flag + derived_title_group,https://apps.irs.gov/pub/epostcard/990/xml/2025/202513179349309376_public.xml,high,
form990::SRC-990-EXT-RESULTS-FOR-DEVELOPMENT,source_id,SRC-990-EXT-RESULTS-FOR-DEVELOPMENT,EXP-035,Results for Development,form990,previous_expansion,A,Tier A expanded primary,Incumbent peer tier Tier A expanded primary with comparability score 76.0; analysis status primary_with_structure_flag. Above RP core scale; retained in broad and wider-scale sensitivities.,"benchmark/deliverables/form990_evidence.csv#row=43;source_id=SRC-990-EXT-RESULTS-FOR-DEVELOPMENT;organization=Results for Development | benchmark/scripts/normalize_and_analyze.py#L35-L36,L75-L79",EA-adjacent,EA-adjacent,EA relationship EA-adjacent is preserved from the frozen/precomp organization classification or legacy normalized bridge.,benchmark/frozen/combined_peer_universe_3wave_precomp.csv#row=43;candidate_id=EXP-035;organization=Results for Development,independent nonprofit,above_primary_scale,Expected organization structure is independent nonprofit. Observation-specific structure flag is above_primary_scale: Above RP core scale; retained in broad and wider-scale sensitivities.,benchmark/frozen/combined_peer_universe_3wave_precomp.csv#row=43;candidate_id=EXP-035;organization=Results for Development | benchmark/deliverables/form990_evidence.csv#row=43;source_id=SRC-990-EXT-RESULTS-FOR-DEVELOPMENT;organization=Results for Development,"Global health, development, and evidence",Above RP core scale; retained in broad and wider-scale sensitivities.,"Precomp/legacy normalized topic cluster is Global health, development, and evidence; filing notes provide the organization-specific operating-model context.",benchmark/frozen/combined_peer_universe_3wave_precomp.csv#row=43;candidate_id=EXP-035;organization=Results for Development,President & CEO,CEO_title_match,"Raw filing title ""President & CEO"" is normalized to CEO_title_match by the binary title-group rule.",benchmark/deliverables/form990_evidence.csv#row=43;source_id=SRC-990-EXT-RESULTS-FOR-DEVELOPMENT;organization=Results for Development | benchmark/scripts/normalize_and_analyze.py#L253-L254,topic/EA/expected_structure=precomp_frozen; peer tier/final structure=post_source_verification_nonpay; structure_flag=post_filing; title_group=derived,precomp_normalized_metadata + filing_derived_role_data + post_filing_flag + derived_title_group,https://apps.irs.gov/pub/epostcard/990/xml/2025/202512739349302306_public.xml,high,
form990::SRC-990-EXT-ROOSEVELT-INSTITUTE,source_id,SRC-990-EXT-ROOSEVELT-INSTITUTE,EXT2-030,Roosevelt Institute,form990,extension2,A,Tier A expanded primary,Incumbent peer tier Tier A expanded primary with comparability score 84.0; analysis status primary. National economic policy research institute with close expense scale.,"benchmark/deliverables/form990_evidence.csv#row=64;source_id=SRC-990-EXT-ROOSEVELT-INSTITUTE;organization=Roosevelt Institute | benchmark/scripts/normalize_and_analyze.py#L35-L36,L75-L79",functional-only,functional-only,EA relationship functional-only is preserved from the frozen/precomp organization classification or legacy normalized bridge.,benchmark/frozen/combined_peer_universe_3wave_precomp.csv#row=191;candidate_id=EXT2-030;organization=Roosevelt Institute,independent nonprofit,none,Expected organization structure is independent nonprofit. Observation-specific structure flag is none: National economic policy research institute with close expense scale.,benchmark/frozen/combined_peer_universe_3wave_precomp.csv#row=191;candidate_id=EXT2-030;organization=Roosevelt Institute | benchmark/deliverables/form990_evidence.csv#row=64;source_id=SRC-990-EXT-ROOSEVELT-INSTITUTE;organization=Roosevelt Institute,"Research, evaluation, philanthropy infrastructure, and policy",National economic policy research institute with close expense scale.,"Precomp/legacy normalized topic cluster is Research, evaluation, philanthropy infrastructure, and policy; filing notes provide the organization-specific operating-model context.",benchmark/frozen/combined_peer_universe_3wave_precomp.csv#row=191;candidate_id=EXT2-030;organization=Roosevelt Institute,President & CEO,CEO_title_match,"Raw filing title ""President & CEO"" is normalized to CEO_title_match by the binary title-group rule.",benchmark/deliverables/form990_evidence.csv#row=64;source_id=SRC-990-EXT-ROOSEVELT-INSTITUTE;organization=Roosevelt Institute | benchmark/scripts/normalize_and_analyze.py#L253-L254,topic/EA/expected_structure=precomp_frozen; peer tier/final structure=post_source_verification_nonpay; structure_flag=post_filing; title_group=derived,precomp_normalized_metadata + filing_derived_role_data + post_filing_flag + derived_title_group,https://apps.irs.gov/pub/epostcard/990/xml/2025/202532729349301978_public.xml,high,
form990::SRC-990-EXT-SAN-FRANCISCO-ESTUARY-INSTITUTE,source_id,SRC-990-EXT-SAN-FRANCISCO-ESTUARY-INSTITUTE,EXP-152,San Francisco Estuary Institute,form990,previous_expansion,A,Tier A expanded primary,Incumbent peer tier Tier A expanded primary with comparability score 87.0; analysis status primary.,"benchmark/deliverables/form990_evidence.csv#row=21;source_id=SRC-990-EXT-SAN-FRANCISCO-ESTUARY-INSTITUTE;organization=San Francisco Estuary Institute | benchmark/scripts/normalize_and_analyze.py#L35-L36,L75-L79",functional-only,functional-only,EA relationship functional-only is preserved from the frozen/precomp organization classification or legacy normalized bridge.,benchmark/frozen/combined_peer_universe_3wave_precomp.csv#row=20;candidate_id=EXP-152;organization=San Francisco Estuary Institute,independent nonprofit,none,Expected organization structure is independent nonprofit. Observation-specific structure flag is none: ,benchmark/frozen/combined_peer_universe_3wave_precomp.csv#row=20;candidate_id=EXP-152;organization=San Francisco Estuary Institute | benchmark/deliverables/form990_evidence.csv#row=21;source_id=SRC-990-EXT-SAN-FRANCISCO-ESTUARY-INSTITUTE;organization=San Francisco Estuary Institute,"Research, evaluation, philanthropy infrastructure, and policy",,"Precomp/legacy normalized topic cluster is Research, evaluation, philanthropy infrastructure, and policy; filing notes provide the organization-specific operating-model context.",benchmark/frozen/combined_peer_universe_3wave_precomp.csv#row=20;candidate_id=EXP-152;organization=San Francisco Estuary Institute,Executive Director,ED_or_President,"Raw filing title ""Executive Director"" is normalized to ED_or_President by the binary title-group rule.",benchmark/deliverables/form990_evidence.csv#row=21;source_id=SRC-990-EXT-SAN-FRANCISCO-ESTUARY-INSTITUTE;organization=San Francisco Estuary Institute | benchmark/scripts/normalize_and_analyze.py#L253-L254,topic/EA/expected_structure=precomp_frozen; peer tier/final structure=post_source_verification_nonpay; structure_flag=post_filing; title_group=derived,precomp_normalized_metadata + filing_derived_role_data + post_filing_flag + derived_title_group,https://apps.irs.gov/pub/epostcard/990/xml/2026/202631319349304238_public.xml,high,
form990::SRC-990-EXT-SENTIENT-MEDIA,source_id,SRC-990-EXT-SENTIENT-MEDIA,EXT2-130,Sentient Media,form990,extension2,C,Tier C broad sensitivity,"Incumbent peer tier Tier C broad sensitivity with comparability score 69.0; analysis status primary_with_structure_flag. EA-adjacent animal and food-systems media organization, but far below RP scale and primarily journalistic.","benchmark/deliverables/form990_evidence.csv#row=97;source_id=SRC-990-EXT-SENTIENT-MEDIA;organization=Sentient Media | benchmark/scripts/normalize_and_analyze.py#L35-L36,L75-L79",EA-adjacent,EA-adjacent,EA relationship EA-adjacent is preserved from the frozen/precomp organization classification or legacy normalized bridge.,benchmark/frozen/combined_peer_universe_3wave_precomp.csv#row=291;candidate_id=EXT2-130;organization=Sentient Media,independent nonprofit,well_below_scale_media_model,"Expected organization structure is independent nonprofit. Observation-specific structure flag is well_below_scale_media_model: EA-adjacent animal and food-systems media organization, but far below RP scale and primarily journalistic.",benchmark/frozen/combined_peer_universe_3wave_precomp.csv#row=291;candidate_id=EXT2-130;organization=Sentient Media | benchmark/deliverables/form990_evidence.csv#row=97;source_id=SRC-990-EXT-SENTIENT-MEDIA;organization=Sentient Media,Animal welfare and food systems,"EA-adjacent animal and food-systems media organization, but far below RP scale and primarily journalistic.",Precomp/legacy normalized topic cluster is Animal welfare and food systems; filing notes provide the organization-specific operating-model context.,benchmark/frozen/combined_peer_universe_3wave_precomp.csv#row=291;candidate_id=EXT2-130;organization=Sentient Media,Executive Director,ED_or_President,"Raw filing title ""Executive Director"" is normalized to ED_or_President by the binary title-group rule.",benchmark/deliverables/form990_evidence.csv#row=97;source_id=SRC-990-EXT-SENTIENT-MEDIA;organization=Sentient Media | benchmark/scripts/normalize_and_analyze.py#L253-L254,topic/EA/expected_structure=precomp_frozen; peer tier/final structure=post_source_verification_nonpay; structure_flag=post_filing; title_group=derived,precomp_normalized_metadata + filing_derived_role_data + post_filing_flag + derived_title_group,https://apps.irs.gov/pub/epostcard/990/xml/2025/202512829349301726_public.xml,high,
form990::SRC-990-EXT-SIGHTLINE-INSTITUTE,source_id,SRC-990-EXT-SIGHTLINE-INSTITUTE,EXT2-112,Sightline Institute,form990,extension2,B,Tier B weighted secondary,Incumbent peer tier Tier B weighted secondary with comparability score 82.0; analysis status primary. Research and policy institute with strong functional similarity but smaller and regionally focused.,"benchmark/deliverables/form990_evidence.csv#row=95;source_id=SRC-990-EXT-SIGHTLINE-INSTITUTE;organization=Sightline Institute | benchmark/scripts/normalize_and_analyze.py#L35-L36,L75-L79",functional-only,functional-only,EA relationship functional-only is preserved from the frozen/precomp organization classification or legacy normalized bridge.,benchmark/frozen/combined_peer_universe_3wave_precomp.csv#row=273;candidate_id=EXT2-112;organization=Sightline Institute,independent nonprofit,below_primary_scale_regional,Expected organization structure is independent nonprofit. Observation-specific structure flag is below_primary_scale_regional: Research and policy institute with strong functional similarity but smaller and regionally focused.,benchmark/frozen/combined_peer_universe_3wave_precomp.csv#row=273;candidate_id=EXT2-112;organization=Sightline Institute | benchmark/deliverables/form990_evidence.csv#row=95;source_id=SRC-990-EXT-SIGHTLINE-INSTITUTE;organization=Sightline Institute,"Climate, environment, and evidence",Research and policy institute with strong functional similarity but smaller and regionally focused.,"Precomp/legacy normalized topic cluster is Climate, environment, and evidence; filing notes provide the organization-specific operating-model context.",benchmark/frozen/combined_peer_universe_3wave_precomp.csv#row=273;candidate_id=EXT2-112;organization=Sightline Institute,Executive Director,ED_or_President,"Raw filing title ""Executive Director"" is normalized to ED_or_President by the binary title-group rule.",benchmark/deliverables/form990_evidence.csv#row=95;source_id=SRC-990-EXT-SIGHTLINE-INSTITUTE;organization=Sightline Institute | benchmark/scripts/normalize_and_analyze.py#L253-L254,topic/EA/expected_structure=precomp_frozen; peer tier/final structure=post_source_verification_nonpay; structure_flag=post_filing; title_group=derived,precomp_normalized_metadata + filing_derived_role_data + post_filing_flag + derived_title_group,https://apps.irs.gov/pub/epostcard/990/xml/2025/202522249349300332_public.xml,high,
form990::SRC-990-EXT-SOCIAL-SCIENCE-RESEARCH-COUNCIL,source_id,SRC-990-EXT-SOCIAL-SCIENCE-RESEARCH-COUNCIL,EXP-132,Social Science Research Council,form990,legacy_original,B,secondary,"Incumbent peer tier secondary with comparability score 85.0; analysis status primary. Comparable research institution, but grants/fellowships structure differs.","benchmark/deliverables/form990_evidence.csv#row=9;source_id=SRC-990-EXT-SOCIAL-SCIENCE-RESEARCH-COUNCIL;organization=Social Science Research Council | benchmark/scripts/normalize_and_analyze.py#L35-L36,L75-L79",functional-only,functional-only,EA relationship functional-only is preserved from the frozen/precomp organization classification or legacy normalized bridge.,benchmark/frozen/combined_peer_universe_3wave_precomp.csv#row=27;candidate_id=EXP-132;organization=Social Science Research Council,independent nonprofit,fellowships_grants_and_regranting_mix,"Expected organization structure is independent nonprofit. Observation-specific structure flag is fellowships_grants_and_regranting_mix: Comparable research institution, but grants/fellowships structure differs.",benchmark/frozen/combined_peer_universe_3wave_precomp.csv#row=27;candidate_id=EXP-132;organization=Social Science Research Council | benchmark/deliverables/form990_evidence.csv#row=9;source_id=SRC-990-EXT-SOCIAL-SCIENCE-RESEARCH-COUNCIL;organization=Social Science Research Council,"Research, evaluation, philanthropy infrastructure, and policy","Comparable research institution, but grants/fellowships structure differs.","Precomp/legacy normalized topic cluster is Research, evaluation, philanthropy infrastructure, and policy; filing notes provide the organization-specific operating-model context.",benchmark/frozen/combined_peer_universe_3wave_precomp.csv#row=27;candidate_id=EXP-132;organization=Social Science Research Council,President,ED_or_President,"Raw filing title ""President"" is normalized to ED_or_President by the binary title-group rule.",benchmark/deliverables/form990_evidence.csv#row=9;source_id=SRC-990-EXT-SOCIAL-SCIENCE-RESEARCH-COUNCIL;organization=Social Science Research Council | benchmark/scripts/normalize_and_analyze.py#L253-L254,topic/EA/expected_structure=precomp_frozen; peer tier/final structure=post_source_verification_nonpay; structure_flag=post_filing; title_group=derived,precomp_normalized_metadata + filing_derived_role_data + post_filing_flag + derived_title_group,https://apps.irs.gov/pub/epostcard/990/xml/2026/202641339349307834_public.xml,high,
form990::SRC-990-EXT-SOFTWARE-FREEDOM-CONSERVANCY,source_id,SRC-990-EXT-SOFTWARE-FREEDOM-CONSERVANCY,EXT3-037,Software Freedom Conservancy,form990,extension3,B,Tier B weighted secondary,Incumbent peer tier Tier B weighted secondary with comparability score 85.0; analysis status primary_with_structure_flag. Open-source public-interest organization and fiscal sponsor; below Tier A expense band. Other compensation is reported separately and not treated as base.,"benchmark/deliverables/form990_evidence.csv#row=125;source_id=SRC-990-EXT-SOFTWARE-FREEDOM-CONSERVANCY;organization=Software Freedom Conservancy | benchmark/scripts/normalize_and_analyze.py#L35-L36,L75-L79",EA-adjacent,EA-adjacent,EA relationship EA-adjacent is preserved from the frozen/precomp organization classification or legacy normalized bridge.,benchmark/frozen/combined_peer_universe_3wave_precomp.csv#row=343;candidate_id=EXT3-037;organization=Software Freedom Conservancy,fiscal sponsor / membership nonprofit,open_source_fiscal_sponsor_model,Expected organization structure is fiscal sponsor / membership nonprofit. Observation-specific structure flag is open_source_fiscal_sponsor_model: Open-source public-interest organization and fiscal sponsor; below Tier A expense band. Other compensation is reported separately and not treated as base.,benchmark/frozen/combined_peer_universe_3wave_precomp.csv#row=343;candidate_id=EXT3-037;organization=Software Freedom Conservancy | benchmark/deliverables/form990_evidence.csv#row=125;source_id=SRC-990-EXT-SOFTWARE-FREEDOM-CONSERVANCY;organization=Software Freedom Conservancy,open technology infrastructure,Open-source public-interest organization and fiscal sponsor; below Tier A expense band. Other compensation is reported separately and not treated as base.,Precomp/legacy normalized topic cluster is open technology infrastructure; filing notes provide the organization-specific operating-model context.,benchmark/frozen/combined_peer_universe_3wave_precomp.csv#row=343;candidate_id=EXT3-037;organization=Software Freedom Conservancy,President and Executive Director,ED_or_President,"Raw filing title ""President and Executive Director"" is normalized to ED_or_President by the binary title-group rule.",benchmark/deliverables/form990_evidence.csv#row=125;source_id=SRC-990-EXT-SOFTWARE-FREEDOM-CONSERVANCY;organization=Software Freedom Conservancy | benchmark/scripts/normalize_and_analyze.py#L253-L254,topic/EA/expected_structure=precomp_frozen; peer tier/final structure=post_source_verification_nonpay; structure_flag=post_filing; title_group=derived,precomp_normalized_metadata + filing_derived_role_data + post_filing_flag + derived_title_group,https://apps.irs.gov/pub/epostcard/990/xml/2026/202640169349300604_public.xml,high,
form990::SRC-990-EXT-STIMSON-CENTER,source_id,SRC-990-EXT-STIMSON-CENTER,EXP-159,Stimson Center,form990,previous_expansion,A,Tier A expanded primary,Incumbent peer tier Tier A expanded primary with comparability score 83.0; analysis status primary.,"benchmark/deliverables/form990_evidence.csv#row=29;source_id=SRC-990-EXT-STIMSON-CENTER;organization=Stimson Center | benchmark/scripts/normalize_and_analyze.py#L35-L36,L75-L79",functional-only,functional-only,EA relationship functional-only is preserved from the frozen/precomp organization classification or legacy normalized bridge.,benchmark/frozen/combined_peer_universe_3wave_precomp.csv#row=31;candidate_id=EXP-159;organization=Stimson Center,independent nonprofit,none,Expected organization structure is independent nonprofit. Observation-specific structure flag is none: ,benchmark/frozen/combined_peer_universe_3wave_precomp.csv#row=31;candidate_id=EXP-159;organization=Stimson Center | benchmark/deliverables/form990_evidence.csv#row=29;source_id=SRC-990-EXT-STIMSON-CENTER;organization=Stimson Center,"Research, evaluation, philanthropy infrastructure, and policy",,"Precomp/legacy normalized topic cluster is Research, evaluation, philanthropy infrastructure, and policy; filing notes provide the organization-specific operating-model context.",benchmark/frozen/combined_peer_universe_3wave_precomp.csv#row=31;candidate_id=EXP-159;organization=Stimson Center,President & CEO,CEO_title_match,"Raw filing title ""President & CEO"" is normalized to CEO_title_match by the binary title-group rule.",benchmark/deliverables/form990_evidence.csv#row=29;source_id=SRC-990-EXT-STIMSON-CENTER;organization=Stimson Center | benchmark/scripts/normalize_and_analyze.py#L253-L254,topic/EA/expected_structure=precomp_frozen; peer tier/final structure=post_source_verification_nonpay; structure_flag=post_filing; title_group=derived,precomp_normalized_metadata + filing_derived_role_data + post_filing_flag + derived_title_group,https://apps.irs.gov/pub/epostcard/990/xml/2025/202533169349304988_public.xml,high,
form990::SRC-990-EXT-STRONGMINDS,source_id,SRC-990-EXT-STRONGMINDS,EXP-047,StrongMinds,form990,previous_expansion,B,Tier B weighted secondary,Incumbent peer tier Tier B weighted secondary with comparability score 78.0; analysis status primary_with_structure_flag. Evidence-based direct-service model; retained in broad functional sensitivity.,"benchmark/deliverables/form990_evidence.csv#row=46;source_id=SRC-990-EXT-STRONGMINDS;organization=StrongMinds | benchmark/scripts/normalize_and_analyze.py#L35-L36,L75-L79",EA-adjacent,EA-adjacent,EA relationship EA-adjacent is preserved from the frozen/precomp organization classification or legacy normalized bridge.,benchmark/frozen/combined_peer_universe_3wave_precomp.csv#row=46;candidate_id=EXP-047;organization=StrongMinds,independent nonprofit,delivery_hybrid,Expected organization structure is independent nonprofit. Observation-specific structure flag is delivery_hybrid: Evidence-based direct-service model; retained in broad functional sensitivity.,benchmark/frozen/combined_peer_universe_3wave_precomp.csv#row=46;candidate_id=EXP-047;organization=StrongMinds | benchmark/deliverables/form990_evidence.csv#row=46;source_id=SRC-990-EXT-STRONGMINDS;organization=StrongMinds,"Global health, development, and evidence",Evidence-based direct-service model; retained in broad functional sensitivity.,"Precomp/legacy normalized topic cluster is Global health, development, and evidence; filing notes provide the organization-specific operating-model context.",benchmark/frozen/combined_peer_universe_3wave_precomp.csv#row=46;candidate_id=EXP-047;organization=StrongMinds,Chief Executive Officer,CEO_title_match,"Raw filing title ""Chief Executive Officer"" is normalized to CEO_title_match by the binary title-group rule.",benchmark/deliverables/form990_evidence.csv#row=46;source_id=SRC-990-EXT-STRONGMINDS;organization=StrongMinds | benchmark/scripts/normalize_and_analyze.py#L253-L254,topic/EA/expected_structure=precomp_frozen; peer tier/final structure=post_source_verification_nonpay; structure_flag=post_filing; title_group=derived,precomp_normalized_metadata + filing_derived_role_data + post_filing_flag + derived_title_group,https://apps.irs.gov/pub/epostcard/990/xml/2025/202511719349300036_public.xml,high,
form990::SRC-990-EXT-TAX-FOUNDATION,source_id,SRC-990-EXT-TAX-FOUNDATION,EXT2-027,Tax Foundation,form990,extension2,A,Tier A expanded primary,Incumbent peer tier Tier A expanded primary with comparability score 88.0; analysis status primary. National tax-policy research institute; excellent core-expense match. 2025 filing was filed before cutoff.,"benchmark/deliverables/form990_evidence.csv#row=61;source_id=SRC-990-EXT-TAX-FOUNDATION;organization=Tax Foundation | benchmark/scripts/normalize_and_analyze.py#L35-L36,L75-L79",functional-only,functional-only,EA relationship functional-only is preserved from the frozen/precomp organization classification or legacy normalized bridge.,benchmark/frozen/combined_peer_universe_3wave_precomp.csv#row=188;candidate_id=EXT2-027;organization=Tax Foundation,independent nonprofit,none,Expected organization structure is independent nonprofit. Observation-specific structure flag is none: National tax-policy research institute; excellent core-expense match. 2025 filing was filed before cutoff.,benchmark/frozen/combined_peer_universe_3wave_precomp.csv#row=188;candidate_id=EXT2-027;organization=Tax Foundation | benchmark/deliverables/form990_evidence.csv#row=61;source_id=SRC-990-EXT-TAX-FOUNDATION;organization=Tax Foundation,"Research, evaluation, philanthropy infrastructure, and policy",National tax-policy research institute; excellent core-expense match. 2025 filing was filed before cutoff.,"Precomp/legacy normalized topic cluster is Research, evaluation, philanthropy infrastructure, and policy; filing notes provide the organization-specific operating-model context.",benchmark/frozen/combined_peer_universe_3wave_precomp.csv#row=188;candidate_id=EXT2-027;organization=Tax Foundation,President & CEO and Board Secretary,CEO_title_match,"Raw filing title ""President & CEO and Board Secretary"" is normalized to CEO_title_match by the binary title-group rule.",benchmark/deliverables/form990_evidence.csv#row=61;source_id=SRC-990-EXT-TAX-FOUNDATION;organization=Tax Foundation | benchmark/scripts/normalize_and_analyze.py#L253-L254,topic/EA/expected_structure=precomp_frozen; peer tier/final structure=post_source_verification_nonpay; structure_flag=post_filing; title_group=derived,precomp_normalized_metadata + filing_derived_role_data + post_filing_flag + derived_title_group,https://apps.irs.gov/pub/epostcard/990/xml/2026/202631959349301758_public.xml,high,
form990::SRC-990-EXT-TECHCONGRESS,source_id,SRC-990-EXT-TECHCONGRESS,EXT3-023,TechCongress,form990,extension3,B,Tier B weighted secondary,Incumbent peer tier Tier B weighted secondary with comparability score 87.0; analysis status primary. Technology-policy talent and capacity-building nonprofit; current filing is below Tier A expense band but has a national executive scope.,"benchmark/deliverables/form990_evidence.csv#row=128;source_id=SRC-990-EXT-TECHCONGRESS;organization=TechCongress | benchmark/scripts/normalize_and_analyze.py#L35-L36,L75-L79",EA-adjacent,EA-adjacent,EA relationship EA-adjacent is preserved from the frozen/precomp organization classification or legacy normalized bridge.,benchmark/frozen/combined_peer_universe_3wave_precomp.csv#row=329;candidate_id=EXT3-023;organization=TechCongress,independent nonprofit,none,Expected organization structure is independent nonprofit. Observation-specific structure flag is none: Technology-policy talent and capacity-building nonprofit; current filing is below Tier A expense band but has a national executive scope.,benchmark/frozen/combined_peer_universe_3wave_precomp.csv#row=329;candidate_id=EXT3-023;organization=TechCongress | benchmark/deliverables/form990_evidence.csv#row=128;source_id=SRC-990-EXT-TECHCONGRESS;organization=TechCongress,technology policy and talent,Technology-policy talent and capacity-building nonprofit; current filing is below Tier A expense band but has a national executive scope.,Precomp/legacy normalized topic cluster is technology policy and talent; filing notes provide the organization-specific operating-model context.,benchmark/frozen/combined_peer_universe_3wave_precomp.csv#row=329;candidate_id=EXT3-023;organization=TechCongress,Executive Director / Board Secretary,ED_or_President,"Raw filing title ""Executive Director / Board Secretary"" is normalized to ED_or_President by the binary title-group rule.",benchmark/deliverables/form990_evidence.csv#row=128;source_id=SRC-990-EXT-TECHCONGRESS;organization=TechCongress | benchmark/scripts/normalize_and_analyze.py#L253-L254,topic/EA/expected_structure=precomp_frozen; peer tier/final structure=post_source_verification_nonpay; structure_flag=post_filing; title_group=derived,precomp_normalized_metadata + filing_derived_role_data + post_filing_flag + derived_title_group,https://apps.irs.gov/pub/epostcard/990/xml/2026/202621959349301032_public.xml,high,
form990::SRC-990-EXT-TECHNICAL-ASSISTANCE-COLLABORATIVE,source_id,SRC-990-EXT-TECHNICAL-ASSISTANCE-COLLABORATIVE,EXP-153,Technical Assistance Collaborative,form990,previous_expansion,A,Tier A expanded primary,Incumbent peer tier Tier A expanded primary with comparability score 87.0; analysis status primary_older_clean. Latest filing had ED until Apr 2025 and interim ED; used FY2024 filing/2023 compensation year.,"benchmark/deliverables/form990_evidence.csv#row=22;source_id=SRC-990-EXT-TECHNICAL-ASSISTANCE-COLLABORATIVE;organization=Technical Assistance Collaborative | benchmark/scripts/normalize_and_analyze.py#L35-L36,L75-L79",functional-only,functional-only,EA relationship functional-only is preserved from the frozen/precomp organization classification or legacy normalized bridge.,benchmark/frozen/combined_peer_universe_3wave_precomp.csv#row=21;candidate_id=EXP-153;organization=Technical Assistance Collaborative,independent nonprofit,prior_year_due_transition,Expected organization structure is independent nonprofit. Observation-specific structure flag is prior_year_due_transition: Latest filing had ED until Apr 2025 and interim ED; used FY2024 filing/2023 compensation year.,benchmark/frozen/combined_peer_universe_3wave_precomp.csv#row=21;candidate_id=EXP-153;organization=Technical Assistance Collaborative | benchmark/deliverables/form990_evidence.csv#row=22;source_id=SRC-990-EXT-TECHNICAL-ASSISTANCE-COLLABORATIVE;organization=Technical Assistance Collaborative,"Research, evaluation, philanthropy infrastructure, and policy",Latest filing had ED until Apr 2025 and interim ED; used FY2024 filing/2023 compensation year.,"Precomp/legacy normalized topic cluster is Research, evaluation, philanthropy infrastructure, and policy; filing notes provide the organization-specific operating-model context.",benchmark/frozen/combined_peer_universe_3wave_precomp.csv#row=21;candidate_id=EXP-153;organization=Technical Assistance Collaborative,Executive Director & President,ED_or_President,"Raw filing title ""Executive Director & President"" is normalized to ED_or_President by the binary title-group rule.",benchmark/deliverables/form990_evidence.csv#row=22;source_id=SRC-990-EXT-TECHNICAL-ASSISTANCE-COLLABORATIVE;organization=Technical Assistance Collaborative | benchmark/scripts/normalize_and_analyze.py#L253-L254,topic/EA/expected_structure=precomp_frozen; peer tier/final structure=post_source_verification_nonpay; structure_flag=post_filing; title_group=derived,precomp_normalized_metadata + filing_derived_role_data + post_filing_flag + derived_title_group,https://apps.irs.gov/pub/epostcard/990/xml/2025/202500629349300740_public.xml,high,
form990::SRC-990-EXT-THE-HUMANE-LEAGUE,source_id,SRC-990-EXT-THE-HUMANE-LEAGUE,EXP-065,The Humane League,form990,previous_expansion,B,Tier B weighted secondary,Incumbent peer tier Tier B weighted secondary with comparability score 73.0; analysis status primary_with_structure_flag. Used 2024 because 2025 filing reflected interim president/executive leadership.,"benchmark/deliverables/form990_evidence.csv#row=51;source_id=SRC-990-EXT-THE-HUMANE-LEAGUE;organization=The Humane League | benchmark/scripts/normalize_and_analyze.py#L35-L36,L75-L79",EA-adjacent,EA-adjacent,EA relationship EA-adjacent is preserved from the frozen/precomp organization classification or legacy normalized bridge.,benchmark/frozen/combined_peer_universe_3wave_precomp.csv#row=51;candidate_id=EXP-065;organization=The Humane League,independent nonprofit,campaign_advocacy_model,Expected organization structure is independent nonprofit. Observation-specific structure flag is campaign_advocacy_model: Used 2024 because 2025 filing reflected interim president/executive leadership.,benchmark/frozen/combined_peer_universe_3wave_precomp.csv#row=51;candidate_id=EXP-065;organization=The Humane League | benchmark/deliverables/form990_evidence.csv#row=51;source_id=SRC-990-EXT-THE-HUMANE-LEAGUE;organization=The Humane League,Animal welfare and food systems,Used 2024 because 2025 filing reflected interim president/executive leadership.,Precomp/legacy normalized topic cluster is Animal welfare and food systems; filing notes provide the organization-specific operating-model context.,benchmark/frozen/combined_peer_universe_3wave_precomp.csv#row=51;candidate_id=EXP-065;organization=The Humane League,President,ED_or_President,"Raw filing title ""President"" is normalized to ED_or_President by the binary title-group rule.",benchmark/deliverables/form990_evidence.csv#row=51;source_id=SRC-990-EXT-THE-HUMANE-LEAGUE;organization=The Humane League | benchmark/scripts/normalize_and_analyze.py#L253-L254,topic/EA/expected_structure=precomp_frozen; peer tier/final structure=post_source_verification_nonpay; structure_flag=post_filing; title_group=derived,precomp_normalized_metadata + filing_derived_role_data + post_filing_flag + derived_title_group,https://apps.irs.gov/pub/epostcard/990/xml/2025/202512489349301801_public.xml,high,
form990::SRC-990-EXT-THE-SENTENCING-PROJECT,source_id,SRC-990-EXT-THE-SENTENCING-PROJECT,EXT2-044,The Sentencing Project,form990,extension2,A,Tier A expanded primary,Incumbent peer tier Tier A expanded primary with comparability score 83.0; analysis status primary. Justice policy research and advocacy; close scale and clean organization-wide ED.,"benchmark/deliverables/form990_evidence.csv#row=73;source_id=SRC-990-EXT-THE-SENTENCING-PROJECT;organization=The Sentencing Project | benchmark/scripts/normalize_and_analyze.py#L35-L36,L75-L79",functional-only,functional-only,EA relationship functional-only is preserved from the frozen/precomp organization classification or legacy normalized bridge.,benchmark/frozen/combined_peer_universe_3wave_precomp.csv#row=205;candidate_id=EXT2-044;organization=The Sentencing Project,independent nonprofit,none,Expected organization structure is independent nonprofit. Observation-specific structure flag is none: Justice policy research and advocacy; close scale and clean organization-wide ED.,benchmark/frozen/combined_peer_universe_3wave_precomp.csv#row=205;candidate_id=EXT2-044;organization=The Sentencing Project | benchmark/deliverables/form990_evidence.csv#row=73;source_id=SRC-990-EXT-THE-SENTENCING-PROJECT;organization=The Sentencing Project,"Research, evaluation, philanthropy infrastructure, and policy",Justice policy research and advocacy; close scale and clean organization-wide ED.,"Precomp/legacy normalized topic cluster is Research, evaluation, philanthropy infrastructure, and policy; filing notes provide the organization-specific operating-model context.",benchmark/frozen/combined_peer_universe_3wave_precomp.csv#row=205;candidate_id=EXT2-044;organization=The Sentencing Project,Executive Director,ED_or_President,"Raw filing title ""Executive Director"" is normalized to ED_or_President by the binary title-group rule.",benchmark/deliverables/form990_evidence.csv#row=73;source_id=SRC-990-EXT-THE-SENTENCING-PROJECT;organization=The Sentencing Project | benchmark/scripts/normalize_and_analyze.py#L253-L254,topic/EA/expected_structure=precomp_frozen; peer tier/final structure=post_source_verification_nonpay; structure_flag=post_filing; title_group=derived,precomp_normalized_metadata + filing_derived_role_data + post_filing_flag + derived_title_group,https://apps.irs.gov/pub/epostcard/990/xml/2025/202522829349301367_public.xml,high,
form990::SRC-990-EXT-THIRD-WAY-INSTITUTE,source_id,SRC-990-EXT-THIRD-WAY-INSTITUTE,EXT2-031,Third Way Institute,form990,extension2,B,Tier B weighted secondary,"Incumbent peer tier Tier B weighted secondary with comparability score 76.0; analysis status primary_with_structure_flag. Policy research institute; top executive cash is entirely reported by a related organization, kept as a labeled structural sensitivity.","benchmark/deliverables/form990_evidence.csv#row=66;source_id=SRC-990-EXT-THIRD-WAY-INSTITUTE;organization=Third Way Institute | benchmark/scripts/normalize_and_analyze.py#L35-L36,L75-L79",functional-only,functional-only,EA relationship functional-only is preserved from the frozen/precomp organization classification or legacy normalized bridge.,benchmark/frozen/combined_peer_universe_3wave_precomp.csv#row=192;candidate_id=EXT2-031;organization=Third Way Institute,independent nonprofit,all_cash_from_related_org,"Expected organization structure is independent nonprofit. Observation-specific structure flag is all_cash_from_related_org: Policy research institute; top executive cash is entirely reported by a related organization, kept as a labeled structural sensitivity.",benchmark/frozen/combined_peer_universe_3wave_precomp.csv#row=192;candidate_id=EXT2-031;organization=Third Way Institute | benchmark/deliverables/form990_evidence.csv#row=66;source_id=SRC-990-EXT-THIRD-WAY-INSTITUTE;organization=Third Way Institute,"Research, evaluation, philanthropy infrastructure, and policy","Policy research institute; top executive cash is entirely reported by a related organization, kept as a labeled structural sensitivity.","Precomp/legacy normalized topic cluster is Research, evaluation, philanthropy infrastructure, and policy; filing notes provide the organization-specific operating-model context.",benchmark/frozen/combined_peer_universe_3wave_precomp.csv#row=192;candidate_id=EXT2-031;organization=Third Way Institute,President,ED_or_President,"Raw filing title ""President"" is normalized to ED_or_President by the binary title-group rule.",benchmark/deliverables/form990_evidence.csv#row=66;source_id=SRC-990-EXT-THIRD-WAY-INSTITUTE;organization=Third Way Institute | benchmark/scripts/normalize_and_analyze.py#L253-L254,topic/EA/expected_structure=precomp_frozen; peer tier/final structure=post_source_verification_nonpay; structure_flag=post_filing; title_group=derived,precomp_normalized_metadata + filing_derived_role_data + post_filing_flag + derived_title_group,https://apps.irs.gov/pub/epostcard/990/xml/2025/202543159349301669_public.xml,medium,"Observation structure label is compensation-informed and post-filing, but did not affect precomp peer selection."
form990::SRC-990-EXT-VERA-INSTITUTE-OF-JUSTICE,source_id,SRC-990-EXT-VERA-INSTITUTE-OF-JUSTICE,EXT2-043,Vera Institute of Justice,form990,extension2,C,Tier C broad sensitivity,Incumbent peer tier Tier C broad sensitivity with comparability score 72.0; analysis status primary_with_structure_flag. Research and justice-policy institution but materially larger than RP and with extensive implementation activity.,"benchmark/deliverables/form990_evidence.csv#row=89;source_id=SRC-990-EXT-VERA-INSTITUTE-OF-JUSTICE;organization=Vera Institute of Justice | benchmark/scripts/normalize_and_analyze.py#L35-L36,L75-L79",functional-only,functional-only,EA relationship functional-only is preserved from the frozen/precomp organization classification or legacy normalized bridge.,benchmark/frozen/combined_peer_universe_3wave_precomp.csv#row=204;candidate_id=EXT2-043;organization=Vera Institute of Justice,independent nonprofit,large_scale_and_implementation_mix,Expected organization structure is independent nonprofit. Observation-specific structure flag is large_scale_and_implementation_mix: Research and justice-policy institution but materially larger than RP and with extensive implementation activity.,benchmark/frozen/combined_peer_universe_3wave_precomp.csv#row=204;candidate_id=EXT2-043;organization=Vera Institute of Justice | benchmark/deliverables/form990_evidence.csv#row=89;source_id=SRC-990-EXT-VERA-INSTITUTE-OF-JUSTICE;organization=Vera Institute of Justice,"Research, evaluation, philanthropy infrastructure, and policy",Research and justice-policy institution but materially larger than RP and with extensive implementation activity.,"Precomp/legacy normalized topic cluster is Research, evaluation, philanthropy infrastructure, and policy; filing notes provide the organization-specific operating-model context.",benchmark/frozen/combined_peer_universe_3wave_precomp.csv#row=204;candidate_id=EXT2-043;organization=Vera Institute of Justice,President,ED_or_President,"Raw filing title ""President"" is normalized to ED_or_President by the binary title-group rule.",benchmark/deliverables/form990_evidence.csv#row=89;source_id=SRC-990-EXT-VERA-INSTITUTE-OF-JUSTICE;organization=Vera Institute of Justice | benchmark/scripts/normalize_and_analyze.py#L253-L254,topic/EA/expected_structure=precomp_frozen; peer tier/final structure=post_source_verification_nonpay; structure_flag=post_filing; title_group=derived,precomp_normalized_metadata + filing_derived_role_data + post_filing_flag + derived_title_group,https://apps.irs.gov/pub/epostcard/990/xml/2026/202631359349314463_public.xml,high,
form990::SRC-990-EXT-VILLAGE-ENTERPRISE,source_id,SRC-990-EXT-VILLAGE-ENTERPRISE,EXP-046,Village Enterprise,form990,previous_expansion,B,Tier B weighted secondary,Incumbent peer tier Tier B weighted secondary with comparability score 72.0; analysis status primary_with_structure_flag. Development delivery and evidence hybrid; retained outside research-only sensitivity.,"benchmark/deliverables/form990_evidence.csv#row=53;source_id=SRC-990-EXT-VILLAGE-ENTERPRISE;organization=Village Enterprise | benchmark/scripts/normalize_and_analyze.py#L35-L36,L75-L79",EA-adjacent,EA-adjacent,EA relationship EA-adjacent is preserved from the frozen/precomp organization classification or legacy normalized bridge.,benchmark/frozen/combined_peer_universe_3wave_precomp.csv#row=54;candidate_id=EXP-046;organization=Village Enterprise,independent nonprofit,delivery_hybrid,Expected organization structure is independent nonprofit. Observation-specific structure flag is delivery_hybrid: Development delivery and evidence hybrid; retained outside research-only sensitivity.,benchmark/frozen/combined_peer_universe_3wave_precomp.csv#row=54;candidate_id=EXP-046;organization=Village Enterprise | benchmark/deliverables/form990_evidence.csv#row=53;source_id=SRC-990-EXT-VILLAGE-ENTERPRISE;organization=Village Enterprise,"Global health, development, and evidence",Development delivery and evidence hybrid; retained outside research-only sensitivity.,"Precomp/legacy normalized topic cluster is Global health, development, and evidence; filing notes provide the organization-specific operating-model context.",benchmark/frozen/combined_peer_universe_3wave_precomp.csv#row=54;candidate_id=EXP-046;organization=Village Enterprise,CEO,CEO_title_match,"Raw filing title ""CEO"" is normalized to CEO_title_match by the binary title-group rule.",benchmark/deliverables/form990_evidence.csv#row=53;source_id=SRC-990-EXT-VILLAGE-ENTERPRISE;organization=Village Enterprise | benchmark/scripts/normalize_and_analyze.py#L253-L254,topic/EA/expected_structure=precomp_frozen; peer tier/final structure=post_source_verification_nonpay; structure_flag=post_filing; title_group=derived,precomp_normalized_metadata + filing_derived_role_data + post_filing_flag + derived_title_group,https://apps.irs.gov/pub/epostcard/990/xml/2026/202631359349301128_public.xml,high,
form990::SRC-990-EXT-VILLAGEREACH,source_id,SRC-990-EXT-VILLAGEREACH,EXP-060,VillageReach,form990,previous_expansion,A,Tier A expanded primary,Incumbent peer tier Tier A expanded primary with comparability score 81.0; analysis status primary_with_structure_flag. Global health delivery/technical-assistance hybrid; excluded in research-only sensitivity.,"benchmark/deliverables/form990_evidence.csv#row=33;source_id=SRC-990-EXT-VILLAGEREACH;organization=VillageReach | benchmark/scripts/normalize_and_analyze.py#L35-L36,L75-L79",EA-adjacent,EA-adjacent,EA relationship EA-adjacent is preserved from the frozen/precomp organization classification or legacy normalized bridge.,benchmark/frozen/combined_peer_universe_3wave_precomp.csv#row=35;candidate_id=EXP-060;organization=VillageReach,independent nonprofit,delivery_hybrid,Expected organization structure is independent nonprofit. Observation-specific structure flag is delivery_hybrid: Global health delivery/technical-assistance hybrid; excluded in research-only sensitivity.,benchmark/frozen/combined_peer_universe_3wave_precomp.csv#row=35;candidate_id=EXP-060;organization=VillageReach | benchmark/deliverables/form990_evidence.csv#row=33;source_id=SRC-990-EXT-VILLAGEREACH;organization=VillageReach,"Global health, development, and evidence",Global health delivery/technical-assistance hybrid; excluded in research-only sensitivity.,"Precomp/legacy normalized topic cluster is Global health, development, and evidence; filing notes provide the organization-specific operating-model context.",benchmark/frozen/combined_peer_universe_3wave_precomp.csv#row=35;candidate_id=EXP-060;organization=VillageReach,President,ED_or_President,"Raw filing title ""President"" is normalized to ED_or_President by the binary title-group rule.",benchmark/deliverables/form990_evidence.csv#row=33;source_id=SRC-990-EXT-VILLAGEREACH;organization=VillageReach | benchmark/scripts/normalize_and_analyze.py#L253-L254,topic/EA/expected_structure=precomp_frozen; peer tier/final structure=post_source_verification_nonpay; structure_flag=post_filing; title_group=derived,precomp_normalized_metadata + filing_derived_role_data + post_filing_flag + derived_title_group,https://apps.irs.gov/pub/epostcard/990/xml/2025/202512199349301336_public.xml,high,
form990::SRC-990-EXT3-WATTTIME,source_id,SRC-990-EXT3-WATTTIME,EXT3-116,WattTime,form990,extension3,A,Tier A expanded primary,"Incumbent peer tier Tier A expanded primary with comparability score 87.0; analysis status excluded_measurement. Strong climate-data functional and scale match. Excluded for measurement, not because of compensation. Latest filing lists senior technical staff but no clean organization-wide CEO/ED observation in the accessible compensation table.","benchmark/deliverables/form990_evidence.csv#row=119;source_id=SRC-990-EXT3-WATTTIME;organization=WattTime | benchmark/scripts/normalize_and_analyze.py#L35-L36,L75-L79",EA-adjacent,EA-adjacent,EA relationship EA-adjacent is preserved from the frozen/precomp organization classification or legacy normalized bridge.,benchmark/frozen/combined_peer_universe_3wave_precomp.csv#row=422;candidate_id=EXT3-116;organization=WattTime,independent nonprofit,no_clean_top_executive_observation,"Expected organization structure is independent nonprofit. Observation-specific structure flag is no_clean_top_executive_observation: Strong climate-data functional and scale match. Excluded for measurement, not because of compensation.",benchmark/frozen/combined_peer_universe_3wave_precomp.csv#row=422;candidate_id=EXT3-116;organization=WattTime | benchmark/deliverables/form990_evidence.csv#row=119;source_id=SRC-990-EXT3-WATTTIME;organization=WattTime,climate and evidence,"Strong climate-data functional and scale match. Excluded for measurement, not because of compensation.",Precomp/legacy normalized topic cluster is climate and evidence; filing notes provide the organization-specific operating-model context.,benchmark/frozen/combined_peer_universe_3wave_precomp.csv#row=422;candidate_id=EXT3-116;organization=WattTime,,uncoded,No usable top-executive title; title_group is explainer-only uncoded.,benchmark/deliverables/form990_evidence.csv#row=119;source_id=SRC-990-EXT3-WATTTIME;organization=WattTime | benchmark/scripts/normalize_and_analyze.py#L253-L254,topic/EA/expected_structure=precomp_frozen; peer tier/final structure=post_source_verification_nonpay; structure_flag=post_filing; title_group=derived,precomp_normalized_metadata + filing_derived_role_data + post_filing_flag + derived_title_group,https://apps.irs.gov/pub/epostcard/990/xml/2026/202620979349301707_public.xml,low,No clean title; observation is excluded or measurement-limited.
form990::SRC-990-EXT-WILD-ANIMAL-INITIATIVE,source_id,SRC-990-EXT-WILD-ANIMAL-INITIATIVE,EXP-063,Wild Animal Initiative,form990,previous_expansion,A,Tier A expanded primary,Incumbent peer tier Tier A expanded primary with comparability score 86.0; analysis status primary. Below RP scale but retained per frozen Tier A assignment/EA weighting.,"benchmark/deliverables/form990_evidence.csv#row=23;source_id=SRC-990-EXT-WILD-ANIMAL-INITIATIVE;organization=Wild Animal Initiative | benchmark/scripts/normalize_and_analyze.py#L35-L36,L75-L79",EA-adjacent,EA-adjacent,EA relationship EA-adjacent is preserved from the frozen/precomp organization classification or legacy normalized bridge.,benchmark/frozen/combined_peer_universe_3wave_precomp.csv#row=24;candidate_id=EXP-063;organization=Wild Animal Initiative,independent nonprofit,none,Expected organization structure is independent nonprofit. Observation-specific structure flag is none: Below RP scale but retained per frozen Tier A assignment/EA weighting.,benchmark/frozen/combined_peer_universe_3wave_precomp.csv#row=24;candidate_id=EXP-063;organization=Wild Animal Initiative | benchmark/deliverables/form990_evidence.csv#row=23;source_id=SRC-990-EXT-WILD-ANIMAL-INITIATIVE;organization=Wild Animal Initiative,Animal welfare and food systems,Below RP scale but retained per frozen Tier A assignment/EA weighting.,Precomp/legacy normalized topic cluster is Animal welfare and food systems; filing notes provide the organization-specific operating-model context.,benchmark/frozen/combined_peer_universe_3wave_precomp.csv#row=24;candidate_id=EXP-063;organization=Wild Animal Initiative,Executive Director,ED_or_President,"Raw filing title ""Executive Director"" is normalized to ED_or_President by the binary title-group rule.",benchmark/deliverables/form990_evidence.csv#row=23;source_id=SRC-990-EXT-WILD-ANIMAL-INITIATIVE;organization=Wild Animal Initiative | benchmark/scripts/normalize_and_analyze.py#L253-L254,topic/EA/expected_structure=precomp_frozen; peer tier/final structure=post_source_verification_nonpay; structure_flag=post_filing; title_group=derived,precomp_normalized_metadata + filing_derived_role_data + post_filing_flag + derived_title_group,https://apps.irs.gov/pub/epostcard/990/xml/2025/202532319349300913_public.xml,high,
form990::SRC-990-EXT-WORLD-JUSTICE-PROJECT,source_id,SRC-990-EXT-WORLD-JUSTICE-PROJECT,EXP-158,World Justice Project,form990,previous_expansion,A,Tier A expanded primary,Incumbent peer tier Tier A expanded primary with comparability score 86.0; analysis status primary.,"benchmark/deliverables/form990_evidence.csv#row=24;source_id=SRC-990-EXT-WORLD-JUSTICE-PROJECT;organization=World Justice Project | benchmark/scripts/normalize_and_analyze.py#L35-L36,L75-L79",functional-only,functional-only,EA relationship functional-only is preserved from the frozen/precomp organization classification or legacy normalized bridge.,benchmark/frozen/combined_peer_universe_3wave_precomp.csv#row=25;candidate_id=EXP-158;organization=World Justice Project,independent nonprofit,none,Expected organization structure is independent nonprofit. Observation-specific structure flag is none: ,benchmark/frozen/combined_peer_universe_3wave_precomp.csv#row=25;candidate_id=EXP-158;organization=World Justice Project | benchmark/deliverables/form990_evidence.csv#row=24;source_id=SRC-990-EXT-WORLD-JUSTICE-PROJECT;organization=World Justice Project,"Research, evaluation, philanthropy infrastructure, and policy",,"Precomp/legacy normalized topic cluster is Research, evaluation, philanthropy infrastructure, and policy; filing notes provide the organization-specific operating-model context.",benchmark/frozen/combined_peer_universe_3wave_precomp.csv#row=25;candidate_id=EXP-158;organization=World Justice Project,Executive Director,ED_or_President,"Raw filing title ""Executive Director"" is normalized to ED_or_President by the binary title-group rule.",benchmark/deliverables/form990_evidence.csv#row=24;source_id=SRC-990-EXT-WORLD-JUSTICE-PROJECT;organization=World Justice Project | benchmark/scripts/normalize_and_analyze.py#L253-L254,topic/EA/expected_structure=precomp_frozen; peer tier/final structure=post_source_verification_nonpay; structure_flag=post_filing; title_group=derived,precomp_normalized_metadata + filing_derived_role_data + post_filing_flag + derived_title_group,https://apps.irs.gov/pub/epostcard/990/xml/2025/202543089349302129_public.xml,high,
form990::SRC-990-EXT-IDEAS42,source_id,SRC-990-EXT-IDEAS42,EXP-058,ideas42,form990,previous_expansion,A,Tier A expanded primary,Incumbent peer tier Tier A expanded primary with comparability score 91.0; analysis status primary_older_clean. 2024 filing showed CEO from Feb and ED until June; used 2023 full-year top executive.,"benchmark/deliverables/form990_evidence.csv#row=18;source_id=SRC-990-EXT-IDEAS42;organization=ideas42 | benchmark/scripts/normalize_and_analyze.py#L35-L36,L75-L79",EA-adjacent,EA-adjacent,EA relationship EA-adjacent is preserved from the frozen/precomp organization classification or legacy normalized bridge.,benchmark/frozen/combined_peer_universe_3wave_precomp.csv#row=9;candidate_id=EXP-058;organization=ideas42,independent nonprofit,prior_year_due_transition,Expected organization structure is independent nonprofit. Observation-specific structure flag is prior_year_due_transition: 2024 filing showed CEO from Feb and ED until June; used 2023 full-year top executive.,benchmark/frozen/combined_peer_universe_3wave_precomp.csv#row=9;candidate_id=EXP-058;organization=ideas42 | benchmark/deliverables/form990_evidence.csv#row=18;source_id=SRC-990-EXT-IDEAS42;organization=ideas42,"Global health, development, and evidence",2024 filing showed CEO from Feb and ED until June; used 2023 full-year top executive.,"Precomp/legacy normalized topic cluster is Global health, development, and evidence; filing notes provide the organization-specific operating-model context.",benchmark/frozen/combined_peer_universe_3wave_precomp.csv#row=9;candidate_id=EXP-058;organization=ideas42,Chief Executive Director,CEO_title_match,"Raw filing title ""Chief Executive Director"" is normalized to CEO_title_match by the binary title-group rule.",benchmark/deliverables/form990_evidence.csv#row=18;source_id=SRC-990-EXT-IDEAS42;organization=ideas42 | benchmark/scripts/normalize_and_analyze.py#L253-L254,topic/EA/expected_structure=precomp_frozen; peer tier/final structure=post_source_verification_nonpay; structure_flag=post_filing; title_group=derived,precomp_normalized_metadata + filing_derived_role_data + post_filing_flag + derived_title_group,https://apps.irs.gov/pub/epostcard/990/xml/2024/202423199349314832_public.xml,high,
job_ad::SRC-AD-ALLCHICAGO,source_id,SRC-AD-ALLCHICAGO,,All Chicago Making Homelessness History,job_ad,recruitment_ad,excluded,excluded,Job-ad tier excluded; quantitative status no. Implementation/direct-service model,benchmark/deliverables/job_ad_evidence.csv#row=18;source_id=SRC-AD-ALLCHICAGO;organization=All Chicago Making Homelessness History,uncoded,,Job-ad evidence contains no EA field and no exact organization-name match was found in the frozen precomp universe; no EA relationship is inferred.,benchmark/deliverables/job_ad_evidence.csv#row=18;source_id=SRC-AD-ALLCHICAGO;organization=All Chicago Making Homelessness History,uncoded,,No frozen exact-name structure assignment exists; no new normalized structure is inferred from the advertisement. Source-native model text is retained.,benchmark/deliverables/job_ad_evidence.csv#row=18;source_id=SRC-AD-ALLCHICAGO;organization=All Chicago Making Homelessness History,uncoded,Homelessness system coordination/direct implementation,No frozen exact-name topic assignment exists; the advertisement mission/operating-model description is retained without forcing it into the precomp taxonomy.,benchmark/deliverables/job_ad_evidence.csv#row=18;source_id=SRC-AD-ALLCHICAGO;organization=All Chicago Making Homelessness History,Chief Executive Officer,CEO_title_match,"Raw posting title ""Chief Executive Officer"" is normalized to CEO_title_match by the binary title-group rule.",benchmark/deliverables/job_ad_evidence.csv#row=18;source_id=SRC-AD-ALLCHICAGO;organization=All Chicago Making Homelessness History | benchmark/scripts/normalize_and_analyze.py#L253-L254 (same normalization rule applied for explainer),job tier=post_source_review_under_frozen_nonpay_eligibility_rules; matched topic/EA/expected_structure=precomp_frozen; title_group=derived,source_native_posting_description + post_source_nonpay_tier + optional_precomp_match + derived_title_group,https://allchicago.org/,medium,EA relationship uncoded. Expected structure uncoded; source-native description retained. Topic cluster uncoded; source-native description retained.
job_ad::SRC-AD-ANDYHILL-2026,source_id,SRC-AD-ANDYHILL-2026,,Andy Hill Cancer Research Endowment (CARE) Fund,job_ad,recruitment_ad,expanded_secondary_structural,expanded_secondary_structural,Job-ad tier expanded_secondary_structural; quantitative status yes. Strong research-leadership and public-policy interface; retained as structural sensitivity because the operating model is research grantmaking/public-private rather than RP-like knowledge production.,benchmark/deliverables/job_ad_evidence.csv#row=32;source_id=SRC-AD-ANDYHILL-2026;organization=Andy Hill Cancer Research Endowment (CARE) Fund,uncoded,,Job-ad evidence contains no EA field and no exact organization-name match was found in the frozen precomp universe; no EA relationship is inferred.,benchmark/deliverables/job_ad_evidence.csv#row=32;source_id=SRC-AD-ANDYHILL-2026;organization=Andy Hill Cancer Research Endowment (CARE) Fund,uncoded,expanded_secondary_structural,No frozen exact-name structure assignment exists; no new normalized structure is inferred from the advertisement. Source-native model text is retained.,benchmark/deliverables/job_ad_evidence.csv#row=32;source_id=SRC-AD-ANDYHILL-2026;organization=Andy Hill Cancer Research Endowment (CARE) Fund,uncoded,"Public-private cancer-research endowment catalyzing research grants, innovation, and statewide research infrastructure.",No frozen exact-name topic assignment exists; the advertisement mission/operating-model description is retained without forcing it into the precomp taxonomy.,benchmark/deliverables/job_ad_evidence.csv#row=32;source_id=SRC-AD-ANDYHILL-2026;organization=Andy Hill Cancer Research Endowment (CARE) Fund,Executive Director,ED_or_President,"Raw posting title ""Executive Director"" is normalized to ED_or_President by the binary title-group rule.",benchmark/deliverables/job_ad_evidence.csv#row=32;source_id=SRC-AD-ANDYHILL-2026;organization=Andy Hill Cancer Research Endowment (CARE) Fund | benchmark/scripts/normalize_and_analyze.py#L253-L254 (same normalization rule applied for explainer),job tier=post_source_review_under_frozen_nonpay_eligibility_rules; matched topic/EA/expected_structure=precomp_frozen; title_group=derived,source_native_posting_description + post_source_nonpay_tier + optional_precomp_match + derived_title_group,https://careers.councilofnonprofits.org/jobs/executive-director-in-bothell-washington-us/,medium,EA relationship uncoded. Expected structure uncoded; source-native description retained. Topic cluster uncoded; source-native description retained. Exact job-ad subtype is a post-collection normalized label rather than a frozen protocol term.
job_ad::SRC-AD-APPLESEED-2026,source_id,SRC-AD-APPLESEED-2026,,Appleseed Foundation,job_ad,recruitment_ad,expanded_secondary_scale_unknown,expanded_secondary_scale_unknown,Job-ad tier expanded_secondary_scale_unknown; quantitative status yes. National remote organization-wide ED with research/network scope; scale unavailable and legal-network structure differs.,benchmark/deliverables/job_ad_evidence.csv#row=24;source_id=SRC-AD-APPLESEED-2026;organization=Appleseed Foundation,uncoded,,Job-ad evidence contains no EA field and no exact organization-name match was found in the frozen precomp universe; no EA relationship is inferred.,benchmark/deliverables/job_ad_evidence.csv#row=24;source_id=SRC-AD-APPLESEED-2026;organization=Appleseed Foundation,uncoded,,No frozen exact-name structure assignment exists; no new normalized structure is inferred from the advertisement. Source-native model text is retained.,benchmark/deliverables/job_ad_evidence.csv#row=24;source_id=SRC-AD-APPLESEED-2026;organization=Appleseed Foundation,uncoded,"National justice-policy network and hub supporting 20 independent centers with research, advocacy, and pro bono collaboration.",No frozen exact-name topic assignment exists; the advertisement mission/operating-model description is retained without forcing it into the precomp taxonomy.,benchmark/deliverables/job_ad_evidence.csv#row=24;source_id=SRC-AD-APPLESEED-2026;organization=Appleseed Foundation,Executive Director,ED_or_President,"Raw posting title ""Executive Director"" is normalized to ED_or_President by the binary title-group rule.",benchmark/deliverables/job_ad_evidence.csv#row=24;source_id=SRC-AD-APPLESEED-2026;organization=Appleseed Foundation | benchmark/scripts/normalize_and_analyze.py#L253-L254 (same normalization rule applied for explainer),job tier=post_source_review_under_frozen_nonpay_eligibility_rules; matched topic/EA/expected_structure=precomp_frozen; title_group=derived,source_native_posting_description + post_source_nonpay_tier + optional_precomp_match + derived_title_group,https://remoteimpact.org/jobs/executive-director-appleseed-foundation/,medium,EA relationship uncoded. Expected structure uncoded; source-native description retained. Topic cluster uncoded; source-native description retained. Exact job-ad subtype is a post-collection normalized label rather than a frozen protocol term.
job_ad::SRC-AD-CSCCE,source_id,SRC-AD-CSCCE,,Center for Scientific Collaboration and Community Engagement,job_ad,recruitment_ad,excluded,excluded,Job-ad tier excluded; quantitative status no. University parent and pay system not comparable,benchmark/deliverables/job_ad_evidence.csv#row=17;source_id=SRC-AD-CSCCE;organization=Center for Scientific Collaboration and Community Engagement,uncoded,,Job-ad evidence contains no EA field and no exact organization-name match was found in the frozen precomp universe; no EA relationship is inferred.,benchmark/deliverables/job_ad_evidence.csv#row=17;source_id=SRC-AD-CSCCE;organization=Center for Scientific Collaboration and Community Engagement,uncoded,,No frozen exact-name structure assignment exists; no new normalized structure is inferred from the advertisement. Source-native model text is retained.,benchmark/deliverables/job_ad_evidence.csv#row=17;source_id=SRC-AD-CSCCE;organization=Center for Scientific Collaboration and Community Engagement,uncoded,University center,No frozen exact-name topic assignment exists; the advertisement mission/operating-model description is retained without forcing it into the precomp taxonomy.,benchmark/deliverables/job_ad_evidence.csv#row=17;source_id=SRC-AD-CSCCE;organization=Center for Scientific Collaboration and Community Engagement,Executive Director,ED_or_President,"Raw posting title ""Executive Director"" is normalized to ED_or_President by the binary title-group rule.",benchmark/deliverables/job_ad_evidence.csv#row=17;source_id=SRC-AD-CSCCE;organization=Center for Scientific Collaboration and Community Engagement | benchmark/scripts/normalize_and_analyze.py#L253-L254 (same normalization rule applied for explainer),job tier=post_source_review_under_frozen_nonpay_eligibility_rules; matched topic/EA/expected_structure=precomp_frozen; title_group=derived,source_native_posting_description + post_source_nonpay_tier + optional_precomp_match + derived_title_group,https://www.cscce.org/,medium,EA relationship uncoded. Expected structure uncoded; source-native description retained. Topic cluster uncoded; source-native description retained.
job_ad::SRC-AD-CHAPA-AMBIG,source_id,SRC-AD-CHAPA-AMBIG,,Citizens Housing and Planning Association,job_ad,recruitment_ad,date_ambiguity_sensitivity,date_ambiguity_sensitivity,Job-ad tier date_ambiguity_sensitivity; quantitative status sensitivity_only. Strong functional CEO role but publication conflicts with an underlying 2025 interview/start timetable.,benchmark/deliverables/job_ad_evidence.csv#row=27;source_id=SRC-AD-CHAPA-AMBIG;organization=Citizens Housing and Planning Association,uncoded,,Job-ad evidence contains no EA field and no exact organization-name match was found in the frozen precomp universe; no EA relationship is inferred.,benchmark/deliverables/job_ad_evidence.csv#row=27;source_id=SRC-AD-CHAPA-AMBIG;organization=Citizens Housing and Planning Association,uncoded,,No frozen exact-name structure assignment exists; no new normalized structure is inferred from the advertisement. Source-native model text is retained.,benchmark/deliverables/job_ad_evidence.csv#row=27;source_id=SRC-AD-CHAPA-AMBIG;organization=Citizens Housing and Planning Association,uncoded,"Housing policy research, advocacy, coalition convening, and field infrastructure.",No frozen exact-name topic assignment exists; the advertisement mission/operating-model description is retained without forcing it into the precomp taxonomy.,benchmark/deliverables/job_ad_evidence.csv#row=27;source_id=SRC-AD-CHAPA-AMBIG;organization=Citizens Housing and Planning Association,Chief Executive Officer,CEO_title_match,"Raw posting title ""Chief Executive Officer"" is normalized to CEO_title_match by the binary title-group rule.",benchmark/deliverables/job_ad_evidence.csv#row=27;source_id=SRC-AD-CHAPA-AMBIG;organization=Citizens Housing and Planning Association | benchmark/scripts/normalize_and_analyze.py#L253-L254 (same normalization rule applied for explainer),job tier=post_source_review_under_frozen_nonpay_eligibility_rules; matched topic/EA/expected_structure=precomp_frozen; title_group=derived,source_native_posting_description + post_source_nonpay_tier + optional_precomp_match + derived_title_group,https://commonwealthbeacon.org/job/citizens-housing-and-planning-association-boston-full-time-chief-executive-officer/,medium,EA relationship uncoded. Expected structure uncoded; source-native description retained. Topic cluster uncoded; source-native description retained. Exact job-ad subtype is a post-collection normalized label rather than a frozen protocol term.
job_ad::SRC-AD-CETI,source_id,SRC-AD-CETI,,Clean Energy Transition Institute,job_ad,recruitment_ad,excluded,excluded,Job-ad tier excluded; quantitative status no. Below scale and regional,benchmark/deliverables/job_ad_evidence.csv#row=12;source_id=SRC-AD-CETI;organization=Clean Energy Transition Institute,uncoded,,Job-ad evidence contains no EA field and no exact organization-name match was found in the frozen precomp universe; no EA relationship is inferred.,benchmark/deliverables/job_ad_evidence.csv#row=12;source_id=SRC-AD-CETI;organization=Clean Energy Transition Institute,uncoded,,No frozen exact-name structure assignment exists; no new normalized structure is inferred from the advertisement. Source-native model text is retained.,benchmark/deliverables/job_ad_evidence.csv#row=12;source_id=SRC-AD-CETI;organization=Clean Energy Transition Institute,uncoded,Small regional research nonprofit,No frozen exact-name topic assignment exists; the advertisement mission/operating-model description is retained without forcing it into the precomp taxonomy.,benchmark/deliverables/job_ad_evidence.csv#row=12;source_id=SRC-AD-CETI;organization=Clean Energy Transition Institute,Executive Director,ED_or_President,"Raw posting title ""Executive Director"" is normalized to ED_or_President by the binary title-group rule.",benchmark/deliverables/job_ad_evidence.csv#row=12;source_id=SRC-AD-CETI;organization=Clean Energy Transition Institute | benchmark/scripts/normalize_and_analyze.py#L253-L254 (same normalization rule applied for explainer),job tier=post_source_review_under_frozen_nonpay_eligibility_rules; matched topic/EA/expected_structure=precomp_frozen; title_group=derived,source_native_posting_description + post_source_nonpay_tier + optional_precomp_match + derived_title_group,https://www.cleanenergytransition.org/,medium,EA relationship uncoded. Expected structure uncoded; source-native description retained. Topic cluster uncoded; source-native description retained.
job_ad::SRC-AD-CFL-2026,source_id,SRC-AD-CFL-2026,,Community Foundation of Louisville,job_ad,recruitment_ad,excluded_grantmaking,excluded_grantmaking,Job-ad tier excluded_grantmaking; quantitative status no. Asset-management and grantmaking-dominated community foundation; not comparable to RP core operating responsibility.,benchmark/deliverables/job_ad_evidence.csv#row=29;source_id=SRC-AD-CFL-2026;organization=Community Foundation of Louisville,uncoded,,Job-ad evidence contains no EA field and no exact organization-name match was found in the frozen precomp universe; no EA relationship is inferred.,benchmark/deliverables/job_ad_evidence.csv#row=29;source_id=SRC-AD-CFL-2026;organization=Community Foundation of Louisville,uncoded,excluded_grantmaking,No frozen exact-name structure assignment exists; no new normalized structure is inferred from the advertisement. Source-native model text is retained.,benchmark/deliverables/job_ad_evidence.csv#row=29;source_id=SRC-AD-CFL-2026;organization=Community Foundation of Louisville,uncoded,"Community foundation managing nearly $1B of assets and more than 2,200 charitable funds.",No frozen exact-name topic assignment exists; the advertisement mission/operating-model description is retained without forcing it into the precomp taxonomy.,benchmark/deliverables/job_ad_evidence.csv#row=29;source_id=SRC-AD-CFL-2026;organization=Community Foundation of Louisville,Chief Executive Officer,CEO_title_match,"Raw posting title ""Chief Executive Officer"" is normalized to CEO_title_match by the binary title-group rule.",benchmark/deliverables/job_ad_evidence.csv#row=29;source_id=SRC-AD-CFL-2026;organization=Community Foundation of Louisville | benchmark/scripts/normalize_and_analyze.py#L253-L254 (same normalization rule applied for explainer),job tier=post_source_review_under_frozen_nonpay_eligibility_rules; matched topic/EA/expected_structure=precomp_frozen; title_group=derived,source_native_posting_description + post_source_nonpay_tier + optional_precomp_match + derived_title_group,https://pac.org/job/chief-executive-officer-4,medium,EA relationship uncoded. Expected structure uncoded; source-native description retained. Topic cluster uncoded; source-native description retained.
job_ad::SRC-AD-DRW,source_id,SRC-AD-DRW,,Disability Rights Washington,job_ad,recruitment_ad,excluded,excluded,Job-ad tier excluded; quantitative status no. Legal/advocacy delivery model,benchmark/deliverables/job_ad_evidence.csv#row=21;source_id=SRC-AD-DRW;organization=Disability Rights Washington,uncoded,,Job-ad evidence contains no EA field and no exact organization-name match was found in the frozen precomp universe; no EA relationship is inferred.,benchmark/deliverables/job_ad_evidence.csv#row=21;source_id=SRC-AD-DRW;organization=Disability Rights Washington,uncoded,,No frozen exact-name structure assignment exists; no new normalized structure is inferred from the advertisement. Source-native model text is retained.,benchmark/deliverables/job_ad_evidence.csv#row=21;source_id=SRC-AD-DRW;organization=Disability Rights Washington,uncoded,Legal advocacy and protection-and-advocacy services,No frozen exact-name topic assignment exists; the advertisement mission/operating-model description is retained without forcing it into the precomp taxonomy.,benchmark/deliverables/job_ad_evidence.csv#row=21;source_id=SRC-AD-DRW;organization=Disability Rights Washington,Executive Director,ED_or_President,"Raw posting title ""Executive Director"" is normalized to ED_or_President by the binary title-group rule.",benchmark/deliverables/job_ad_evidence.csv#row=21;source_id=SRC-AD-DRW;organization=Disability Rights Washington | benchmark/scripts/normalize_and_analyze.py#L253-L254 (same normalization rule applied for explainer),job tier=post_source_review_under_frozen_nonpay_eligibility_rules; matched topic/EA/expected_structure=precomp_frozen; title_group=derived,source_native_posting_description + post_source_nonpay_tier + optional_precomp_match + derived_title_group,https://www.disabilityrightswa.org/,medium,EA relationship uncoded. Expected structure uncoded; source-native description retained. Topic cluster uncoded; source-native description retained.
job_ad::SRC-AD-DREAM-2026,source_id,SRC-AD-DREAM-2026,,Dream.Org,job_ad,recruitment_ad,expanded_primary_title,expanded_primary_title,Job-ad tier expanded_primary_title; quantitative status yes. Full national CEO scope and 39-person staff; broader campaign/advocacy mix than RP.,benchmark/deliverables/job_ad_evidence.csv#row=23;source_id=SRC-AD-DREAM-2026;organization=Dream.Org,uncoded,,Job-ad evidence contains no EA field and no exact organization-name match was found in the frozen precomp universe; no EA relationship is inferred.,benchmark/deliverables/job_ad_evidence.csv#row=23;source_id=SRC-AD-DREAM-2026;organization=Dream.Org,uncoded,,No frozen exact-name structure assignment exists; no new normalized structure is inferred from the advertisement. Source-native model text is retained.,benchmark/deliverables/job_ad_evidence.csv#row=23;source_id=SRC-AD-DREAM-2026;organization=Dream.Org,uncoded,"National policy, advocacy, workforce, climate, and technology nonprofit with research-informed campaigns.",No frozen exact-name topic assignment exists; the advertisement mission/operating-model description is retained without forcing it into the precomp taxonomy.,benchmark/deliverables/job_ad_evidence.csv#row=23;source_id=SRC-AD-DREAM-2026;organization=Dream.Org,Chief Executive Officer,CEO_title_match,"Raw posting title ""Chief Executive Officer"" is normalized to CEO_title_match by the binary title-group rule.",benchmark/deliverables/job_ad_evidence.csv#row=23;source_id=SRC-AD-DREAM-2026;organization=Dream.Org | benchmark/scripts/normalize_and_analyze.py#L253-L254 (same normalization rule applied for explainer),job tier=post_source_review_under_frozen_nonpay_eligibility_rules; matched topic/EA/expected_structure=precomp_frozen; title_group=derived,source_native_posting_description + post_source_nonpay_tier + optional_precomp_match + derived_title_group,https://www.nonprofitoperations.com/job-submissions/chief-executive-officer-/dream.org-,medium,EA relationship uncoded. Expected structure uncoded; source-native description retained. Topic cluster uncoded; source-native description retained. Exact job-ad subtype is a post-collection normalized label rather than a frozen protocol term.
job_ad::SRC-AD-ELP-2026,source_id,SRC-AD-ELP-2026,,Environmental Leadership Program,job_ad,recruitment_ad,expanded_secondary_scale,expanded_secondary_scale,"Job-ad tier expanded_secondary_scale; quantitative status yes. Included only in the expanded broad recruitment sensitivity: full organization-wide ED, public $2.46M budget and 12 staff, but below RP core scale.",benchmark/deliverables/job_ad_evidence.csv#row=9;source_id=SRC-AD-ELP-2026;organization=Environmental Leadership Program,uncoded,,Job-ad evidence contains no EA field and no exact organization-name match was found in the frozen precomp universe; no EA relationship is inferred.,benchmark/deliverables/job_ad_evidence.csv#row=9;source_id=SRC-AD-ELP-2026;organization=Environmental Leadership Program,uncoded,,No frozen exact-name structure assignment exists; no new normalized structure is inferred from the advertisement. Source-native model text is retained.,benchmark/deliverables/job_ad_evidence.csv#row=9;source_id=SRC-AD-ELP-2026;organization=Environmental Leadership Program,uncoded,Budget $2.46M; 12 staff,No frozen exact-name topic assignment exists; the advertisement mission/operating-model description is retained without forcing it into the precomp taxonomy.,benchmark/deliverables/job_ad_evidence.csv#row=9;source_id=SRC-AD-ELP-2026;organization=Environmental Leadership Program,Executive Director,ED_or_President,"Raw posting title ""Executive Director"" is normalized to ED_or_President by the binary title-group rule.",benchmark/deliverables/job_ad_evidence.csv#row=9;source_id=SRC-AD-ELP-2026;organization=Environmental Leadership Program | benchmark/scripts/normalize_and_analyze.py#L253-L254 (same normalization rule applied for explainer),job tier=post_source_review_under_frozen_nonpay_eligibility_rules; matched topic/EA/expected_structure=precomp_frozen; title_group=derived,source_native_posting_description + post_source_nonpay_tier + optional_precomp_match + derived_title_group,https://elpnet.org/executive-director-position,medium,EA relationship uncoded. Expected structure uncoded; source-native description retained. Topic cluster uncoded; source-native description retained. Exact job-ad subtype is a post-collection normalized label rather than a frozen protocol term.
job_ad::SRC-AD-FFIS-2026,source_id,SRC-AD-FFIS-2026,EXP-154,Federal Funds Information for States,job_ad,recruitment_ad,secondary_scale,secondary_scale,"Job-ad tier secondary_scale; quantitative status yes. Excellent research/data functional match and full executive scope; far below scale, included only in wider-scale sensitivity.",benchmark/deliverables/job_ad_evidence.csv#row=7;source_id=SRC-AD-FFIS-2026;organization=Federal Funds Information for States,functional-only,functional-only,EA relationship functional-only matched by exact organization name to the frozen precomp universe.,benchmark/frozen/combined_peer_universe_3wave_precomp.csv#row=116;candidate_id=EXP-154;organization=Federal Funds Information for States,independent nonprofit,,Expected structure independent nonprofit comes from the frozen exact-name organization match. Job-ad operating-model text is retained separately.,benchmark/frozen/combined_peer_universe_3wave_precomp.csv#row=116;candidate_id=EXP-154;organization=Federal Funds Information for States | benchmark/deliverables/job_ad_evidence.csv#row=7;source_id=SRC-AD-FFIS-2026;organization=Federal Funds Information for States,"Research, evaluation, philanthropy infrastructure, and policy",Small nonprofit research and data subscription organization analyzing federal grants and state fiscal policy.,"Topic/model cluster Research, evaluation, philanthropy infrastructure, and policy comes from the frozen exact-name organization match.",benchmark/frozen/combined_peer_universe_3wave_precomp.csv#row=116;candidate_id=EXP-154;organization=Federal Funds Information for States | benchmark/deliverables/job_ad_evidence.csv#row=7;source_id=SRC-AD-FFIS-2026;organization=Federal Funds Information for States,Executive Director and Executive Editor,ED_or_President,"Raw posting title ""Executive Director and Executive Editor"" is normalized to ED_or_President by the binary title-group rule.",benchmark/deliverables/job_ad_evidence.csv#row=7;source_id=SRC-AD-FFIS-2026;organization=Federal Funds Information for States | benchmark/scripts/normalize_and_analyze.py#L253-L254 (same normalization rule applied for explainer),job tier=post_source_review_under_frozen_nonpay_eligibility_rules; matched topic/EA/expected_structure=precomp_frozen; title_group=derived,source_native_posting_description + post_source_nonpay_tier + optional_precomp_match + derived_title_group,https://recruiting.paylocity.com/recruiting/jobs/Details/4336561/Federal-Funds-Information-for-States-Inc/Executive-Director-and-Executive-Editor,high,
job_ad::SRC-AD-GBWN-2026,source_id,SRC-AD-GBWN-2026,,Great Basin Water Network,job_ad,recruitment_ad,expanded_secondary_scale,expanded_secondary_scale,"Job-ad tier expanded_secondary_scale; quantitative status yes. Strong policy/research function and full executive scope, but one employee and sub-$0.5M expense scale; included only in broad scale sensitivity.",benchmark/deliverables/job_ad_evidence.csv#row=33;source_id=SRC-AD-GBWN-2026;organization=Great Basin Water Network,uncoded,,Job-ad evidence contains no EA field and no exact organization-name match was found in the frozen precomp universe; no EA relationship is inferred.,benchmark/deliverables/job_ad_evidence.csv#row=33;source_id=SRC-AD-GBWN-2026;organization=Great Basin Water Network,uncoded,,No frozen exact-name structure assignment exists; no new normalized structure is inferred from the advertisement. Source-native model text is retained.,benchmark/deliverables/job_ad_evidence.csv#row=33;source_id=SRC-AD-GBWN-2026;organization=Great Basin Water Network,uncoded,"Lean water-policy, conservation, research, science, education, litigation, and advocacy network.",No frozen exact-name topic assignment exists; the advertisement mission/operating-model description is retained without forcing it into the precomp taxonomy.,benchmark/deliverables/job_ad_evidence.csv#row=33;source_id=SRC-AD-GBWN-2026;organization=Great Basin Water Network,Executive Director,ED_or_President,"Raw posting title ""Executive Director"" is normalized to ED_or_President by the binary title-group rule.",benchmark/deliverables/job_ad_evidence.csv#row=33;source_id=SRC-AD-GBWN-2026;organization=Great Basin Water Network | benchmark/scripts/normalize_and_analyze.py#L253-L254 (same normalization rule applied for explainer),job tier=post_source_review_under_frozen_nonpay_eligibility_rules; matched topic/EA/expected_structure=precomp_frozen; title_group=derived,source_native_posting_description + post_source_nonpay_tier + optional_precomp_match + derived_title_group,https://careers.councilofnonprofits.org/jobs/executive-director-in-reno-nevada-us/,medium,EA relationship uncoded. Expected structure uncoded; source-native description retained. Topic cluster uncoded; source-native description retained. Exact job-ad subtype is a post-collection normalized label rather than a frozen protocol term.
job_ad::SRC-AD-HAGLEY-2026,source_id,SRC-AD-HAGLEY-2026,,Hagley Museum and Library,job_ad,recruitment_ad,expanded_broad_functional,expanded_broad_functional,"Job-ad tier expanded_broad_functional; quantitative status yes. Excellent scale/title match and substantial research/knowledge function, but museum/site operations materially differ from RP.",benchmark/deliverables/job_ad_evidence.csv#row=26;source_id=SRC-AD-HAGLEY-2026;organization=Hagley Museum and Library,uncoded,,Job-ad evidence contains no EA field and no exact organization-name match was found in the frozen precomp universe; no EA relationship is inferred.,benchmark/deliverables/job_ad_evidence.csv#row=26;source_id=SRC-AD-HAGLEY-2026;organization=Hagley Museum and Library,uncoded,,No frozen exact-name structure assignment exists; no new normalized structure is inferred from the advertisement. Source-native model text is retained.,benchmark/deliverables/job_ad_evidence.csv#row=26;source_id=SRC-AD-HAGLEY-2026;organization=Hagley Museum and Library,uncoded,"Research library, museum, collections, public education, and knowledge institution focused on business, science, and technology history.",No frozen exact-name topic assignment exists; the advertisement mission/operating-model description is retained without forcing it into the precomp taxonomy.,benchmark/deliverables/job_ad_evidence.csv#row=26;source_id=SRC-AD-HAGLEY-2026;organization=Hagley Museum and Library,Chief Executive Officer,CEO_title_match,"Raw posting title ""Chief Executive Officer"" is normalized to CEO_title_match by the binary title-group rule.",benchmark/deliverables/job_ad_evidence.csv#row=26;source_id=SRC-AD-HAGLEY-2026;organization=Hagley Museum and Library | benchmark/scripts/normalize_and_analyze.py#L253-L254 (same normalization rule applied for explainer),job tier=post_source_review_under_frozen_nonpay_eligibility_rules; matched topic/EA/expected_structure=precomp_frozen; title_group=derived,source_native_posting_description + post_source_nonpay_tier + optional_precomp_match + derived_title_group,https://www.nonprofitoperations.com/job-submissions/chief-executive-officer-/hagley-museum-and-library-,medium,EA relationship uncoded. Expected structure uncoded; source-native description retained. Topic cluster uncoded; source-native description retained. Exact job-ad subtype is a post-collection normalized label rather than a frozen protocol term.
job_ad::SRC-AD-HCAP-2026,source_id,SRC-AD-HCAP-2026,,Healthcare Career Advancement Program,job_ad,recruitment_ad,expanded_secondary_structural,expanded_secondary_structural,Job-ad tier expanded_secondary_structural; quantitative status yes. National research/technical-assistance leadership role; smaller staff and dual-entity governance reduce comparability.,benchmark/deliverables/job_ad_evidence.csv#row=25;source_id=SRC-AD-HCAP-2026;organization=Healthcare Career Advancement Program,uncoded,,Job-ad evidence contains no EA field and no exact organization-name match was found in the frozen precomp universe; no EA relationship is inferred.,benchmark/deliverables/job_ad_evidence.csv#row=25;source_id=SRC-AD-HCAP-2026;organization=Healthcare Career Advancement Program,uncoded,expanded_secondary_structural,No frozen exact-name structure assignment exists; no new normalized structure is inferred from the advertisement. Source-native model text is retained.,benchmark/deliverables/job_ad_evidence.csv#row=25;source_id=SRC-AD-HCAP-2026;organization=Healthcare Career Advancement Program,uncoded,"National workforce research, technical-assistance, and labor-management intermediary.",No frozen exact-name topic assignment exists; the advertisement mission/operating-model description is retained without forcing it into the precomp taxonomy.,benchmark/deliverables/job_ad_evidence.csv#row=25;source_id=SRC-AD-HCAP-2026;organization=Healthcare Career Advancement Program,Executive Director,ED_or_President,"Raw posting title ""Executive Director"" is normalized to ED_or_President by the binary title-group rule.",benchmark/deliverables/job_ad_evidence.csv#row=25;source_id=SRC-AD-HCAP-2026;organization=Healthcare Career Advancement Program | benchmark/scripts/normalize_and_analyze.py#L253-L254 (same normalization rule applied for explainer),job tier=post_source_review_under_frozen_nonpay_eligibility_rules; matched topic/EA/expected_structure=precomp_frozen; title_group=derived,source_native_posting_description + post_source_nonpay_tier + optional_precomp_match + derived_title_group,https://dailyremote.com/remote-job/h-cap-executive-director-4517350,medium,EA relationship uncoded. Expected structure uncoded; source-native description retained. Topic cluster uncoded; source-native description retained. Exact job-ad subtype is a post-collection normalized label rather than a frozen protocol term.
job_ad::SRC-AD-INJUSTICEWATCH,source_id,SRC-AD-INJUSTICEWATCH,,Injustice Watch,job_ad,recruitment_ad,excluded,excluded,Job-ad tier excluded; quantitative status no. Local/journalism model and below scale,benchmark/deliverables/job_ad_evidence.csv#row=20;source_id=SRC-AD-INJUSTICEWATCH;organization=Injustice Watch,uncoded,,Job-ad evidence contains no EA field and no exact organization-name match was found in the frozen precomp universe; no EA relationship is inferred.,benchmark/deliverables/job_ad_evidence.csv#row=20;source_id=SRC-AD-INJUSTICEWATCH;organization=Injustice Watch,uncoded,,No frozen exact-name structure assignment exists; no new normalized structure is inferred from the advertisement. Source-native model text is retained.,benchmark/deliverables/job_ad_evidence.csv#row=20;source_id=SRC-AD-INJUSTICEWATCH;organization=Injustice Watch,uncoded,Local investigative journalism,No frozen exact-name topic assignment exists; the advertisement mission/operating-model description is retained without forcing it into the precomp taxonomy.,benchmark/deliverables/job_ad_evidence.csv#row=20;source_id=SRC-AD-INJUSTICEWATCH;organization=Injustice Watch,Executive Director,ED_or_President,"Raw posting title ""Executive Director"" is normalized to ED_or_President by the binary title-group rule.",benchmark/deliverables/job_ad_evidence.csv#row=20;source_id=SRC-AD-INJUSTICEWATCH;organization=Injustice Watch | benchmark/scripts/normalize_and_analyze.py#L253-L254 (same normalization rule applied for explainer),job tier=post_source_review_under_frozen_nonpay_eligibility_rules; matched topic/EA/expected_structure=precomp_frozen; title_group=derived,source_native_posting_description + post_source_nonpay_tier + optional_precomp_match + derived_title_group,https://www.injusticewatch.org/,medium,EA relationship uncoded. Expected structure uncoded; source-native description retained. Topic cluster uncoded; source-native description retained.
job_ad::SRC-AD-JOYCEIVY-2026,source_id,SRC-AD-JOYCEIVY-2026,,Joyce Ivy Foundation,job_ad,recruitment_ad,fractional_sensitivity,fractional_sensitivity,Job-ad tier fractional_sensitivity; quantitative status sensitivity_only. Full ED title but very wide range and possible fractional arrangement make it unsuitable for the primary full-time comparison.,benchmark/deliverables/job_ad_evidence.csv#row=28;source_id=SRC-AD-JOYCEIVY-2026;organization=Joyce Ivy Foundation,uncoded,,Job-ad evidence contains no EA field and no exact organization-name match was found in the frozen precomp universe; no EA relationship is inferred.,benchmark/deliverables/job_ad_evidence.csv#row=28;source_id=SRC-AD-JOYCEIVY-2026;organization=Joyce Ivy Foundation,uncoded,,No frozen exact-name structure assignment exists; no new normalized structure is inferred from the advertisement. Source-native model text is retained.,benchmark/deliverables/job_ad_evidence.csv#row=28;source_id=SRC-AD-JOYCEIVY-2026;organization=Joyce Ivy Foundation,uncoded,Education access and scholarship nonprofit.,No frozen exact-name topic assignment exists; the advertisement mission/operating-model description is retained without forcing it into the precomp taxonomy.,benchmark/deliverables/job_ad_evidence.csv#row=28;source_id=SRC-AD-JOYCEIVY-2026;organization=Joyce Ivy Foundation,Executive Director,ED_or_President,"Raw posting title ""Executive Director"" is normalized to ED_or_President by the binary title-group rule.",benchmark/deliverables/job_ad_evidence.csv#row=28;source_id=SRC-AD-JOYCEIVY-2026;organization=Joyce Ivy Foundation | benchmark/scripts/normalize_and_analyze.py#L253-L254 (same normalization rule applied for explainer),job tier=post_source_review_under_frozen_nonpay_eligibility_rules; matched topic/EA/expected_structure=precomp_frozen; title_group=derived,source_native_posting_description + post_source_nonpay_tier + optional_precomp_match + derived_title_group,https://careers.councilofnonprofits.org/jobs/executive-director-joyce-ivy-foundation-remote-in-anywhere/,medium,EA relationship uncoded. Expected structure uncoded; source-native description retained. Topic cluster uncoded; source-native description retained. Exact job-ad subtype is a post-collection normalized label rather than a frozen protocol term.
job_ad::SRC-AD-MOST-2025,source_id,SRC-AD-MOST-2025,,MOST Policy Initiative,job_ad,recruitment_ad,excluded,excluded,Job-ad tier excluded; quantitative status no. Local and far below scale,benchmark/deliverables/job_ad_evidence.csv#row=10;source_id=SRC-AD-MOST-2025;organization=MOST Policy Initiative,uncoded,,Job-ad evidence contains no EA field and no exact organization-name match was found in the frozen precomp universe; no EA relationship is inferred.,benchmark/deliverables/job_ad_evidence.csv#row=10;source_id=SRC-AD-MOST-2025;organization=MOST Policy Initiative,uncoded,,No frozen exact-name structure assignment exists; no new normalized structure is inferred from the advertisement. Source-native model text is retained.,benchmark/deliverables/job_ad_evidence.csv#row=10;source_id=SRC-AD-MOST-2025;organization=MOST Policy Initiative,uncoded,Small state policy organization,No frozen exact-name topic assignment exists; the advertisement mission/operating-model description is retained without forcing it into the precomp taxonomy.,benchmark/deliverables/job_ad_evidence.csv#row=10;source_id=SRC-AD-MOST-2025;organization=MOST Policy Initiative,Executive Director,ED_or_President,"Raw posting title ""Executive Director"" is normalized to ED_or_President by the binary title-group rule.",benchmark/deliverables/job_ad_evidence.csv#row=10;source_id=SRC-AD-MOST-2025;organization=MOST Policy Initiative | benchmark/scripts/normalize_and_analyze.py#L253-L254 (same normalization rule applied for explainer),job tier=post_source_review_under_frozen_nonpay_eligibility_rules; matched topic/EA/expected_structure=precomp_frozen; title_group=derived,source_native_posting_description + post_source_nonpay_tier + optional_precomp_match + derived_title_group,https://onthinktanks.org/job/executive-director-15/,medium,EA relationship uncoded. Expected structure uncoded; source-native description retained. Topic cluster uncoded; source-native description retained.
job_ad::SRC-AD-MSI,source_id,SRC-AD-MSI,,Marine Science Institute,job_ad,recruitment_ad,excluded,excluded,Job-ad tier excluded; quantitative status no. Dominant direct-service/field-delivery model,benchmark/deliverables/job_ad_evidence.csv#row=13;source_id=SRC-AD-MSI;organization=Marine Science Institute,uncoded,,Job-ad evidence contains no EA field and no exact organization-name match was found in the frozen precomp universe; no EA relationship is inferred.,benchmark/deliverables/job_ad_evidence.csv#row=13;source_id=SRC-AD-MSI;organization=Marine Science Institute,uncoded,,No frozen exact-name structure assignment exists; no new normalized structure is inferred from the advertisement. Source-native model text is retained.,benchmark/deliverables/job_ad_evidence.csv#row=13;source_id=SRC-AD-MSI;organization=Marine Science Institute,uncoded,Field education/direct program delivery,No frozen exact-name topic assignment exists; the advertisement mission/operating-model description is retained without forcing it into the precomp taxonomy.,benchmark/deliverables/job_ad_evidence.csv#row=13;source_id=SRC-AD-MSI;organization=Marine Science Institute,President and CEO,CEO_title_match,"Raw posting title ""President and CEO"" is normalized to CEO_title_match by the binary title-group rule.",benchmark/deliverables/job_ad_evidence.csv#row=13;source_id=SRC-AD-MSI;organization=Marine Science Institute | benchmark/scripts/normalize_and_analyze.py#L253-L254 (same normalization rule applied for explainer),job tier=post_source_review_under_frozen_nonpay_eligibility_rules; matched topic/EA/expected_structure=precomp_frozen; title_group=derived,source_native_posting_description + post_source_nonpay_tier + optional_precomp_match + derived_title_group,https://www.sfbaymsi.org/,medium,EA relationship uncoded. Expected structure uncoded; source-native description retained. Topic cluster uncoded; source-native description retained.
job_ad::SRC-AD-NPF,source_id,SRC-AD-NPF,,National Press Foundation,job_ad,recruitment_ad,excluded,excluded,Job-ad tier excluded; quantitative status no. Below scale and materially different operating model,benchmark/deliverables/job_ad_evidence.csv#row=14;source_id=SRC-AD-NPF;organization=National Press Foundation,uncoded,,Job-ad evidence contains no EA field and no exact organization-name match was found in the frozen precomp universe; no EA relationship is inferred.,benchmark/deliverables/job_ad_evidence.csv#row=14;source_id=SRC-AD-NPF;organization=National Press Foundation,uncoded,,No frozen exact-name structure assignment exists; no new normalized structure is inferred from the advertisement. Source-native model text is retained.,benchmark/deliverables/job_ad_evidence.csv#row=14;source_id=SRC-AD-NPF;organization=National Press Foundation,uncoded,Small journalism training nonprofit,No frozen exact-name topic assignment exists; the advertisement mission/operating-model description is retained without forcing it into the precomp taxonomy.,benchmark/deliverables/job_ad_evidence.csv#row=14;source_id=SRC-AD-NPF;organization=National Press Foundation,President and CEO,CEO_title_match,"Raw posting title ""President and CEO"" is normalized to CEO_title_match by the binary title-group rule.",benchmark/deliverables/job_ad_evidence.csv#row=14;source_id=SRC-AD-NPF;organization=National Press Foundation | benchmark/scripts/normalize_and_analyze.py#L253-L254 (same normalization rule applied for explainer),job tier=post_source_review_under_frozen_nonpay_eligibility_rules; matched topic/EA/expected_structure=precomp_frozen; title_group=derived,source_native_posting_description + post_source_nonpay_tier + optional_precomp_match + derived_title_group,https://nationalpress.org/,medium,EA relationship uncoded. Expected structure uncoded; source-native description retained. Topic cluster uncoded; source-native description retained.
job_ad::SRC-AD-NJLCV-2026,source_id,SRC-AD-NJLCV-2026,,New Jersey League of Conservation Voters,job_ad,recruitment_ad,expanded_secondary_structural,expanded_secondary_structural,Job-ad tier expanded_secondary_structural; quantitative status yes. Title and policy-leadership match; retained as structural sensitivity because it leads a politically active family of affiliated entities and is state-focused.,benchmark/deliverables/job_ad_evidence.csv#row=34;source_id=SRC-AD-NJLCV-2026;organization=New Jersey League of Conservation Voters,uncoded,,Job-ad evidence contains no EA field and no exact organization-name match was found in the frozen precomp universe; no EA relationship is inferred.,benchmark/deliverables/job_ad_evidence.csv#row=34;source_id=SRC-AD-NJLCV-2026;organization=New Jersey League of Conservation Voters,uncoded,expanded_secondary_structural,No frozen exact-name structure assignment exists; no new normalized structure is inferred from the advertisement. Source-native model text is retained.,benchmark/deliverables/job_ad_evidence.csv#row=34;source_id=SRC-AD-NJLCV-2026;organization=New Jersey League of Conservation Voters,uncoded,"Statewide environmental policy, advocacy, coalition leadership, electoral strategy, communications, and public engagement across a family of organizations.",No frozen exact-name topic assignment exists; the advertisement mission/operating-model description is retained without forcing it into the precomp taxonomy.,benchmark/deliverables/job_ad_evidence.csv#row=34;source_id=SRC-AD-NJLCV-2026;organization=New Jersey League of Conservation Voters,Executive Director and Chief Executive Officer,CEO_title_match,"Raw posting title ""Executive Director and Chief Executive Officer"" is normalized to CEO_title_match by the binary title-group rule.",benchmark/deliverables/job_ad_evidence.csv#row=34;source_id=SRC-AD-NJLCV-2026;organization=New Jersey League of Conservation Voters | benchmark/scripts/normalize_and_analyze.py#L253-L254 (same normalization rule applied for explainer),job tier=post_source_review_under_frozen_nonpay_eligibility_rules; matched topic/EA/expected_structure=precomp_frozen; title_group=derived,source_native_posting_description + post_source_nonpay_tier + optional_precomp_match + derived_title_group,https://careers.councilofnonprofits.org/jobs/executive-director-and-chief-executive-officer-in-trenton-new-jersey-us/,medium,EA relationship uncoded. Expected structure uncoded; source-native description retained. Topic cluster uncoded; source-native description retained. Exact job-ad subtype is a post-collection normalized label rather than a frozen protocol term.
job_ad::SRC-AD-OVERZERO-2025,source_id,SRC-AD-OVERZERO-2025,,Over Zero,job_ad,recruitment_ad,older_structural_sensitivity,older_structural_sensitivity,"Job-ad tier older_structural_sensitivity; quantitative status sensitivity_only. Strong research/advisory and remote-market match, but fiscally sponsored, smaller, and posted in 2025.",benchmark/deliverables/job_ad_evidence.csv#row=8;source_id=SRC-AD-OVERZERO-2025;organization=Over Zero,uncoded,,Job-ad evidence contains no EA field and no exact organization-name match was found in the frozen precomp universe; no EA relationship is inferred.,benchmark/deliverables/job_ad_evidence.csv#row=8;source_id=SRC-AD-OVERZERO-2025;organization=Over Zero,uncoded,older_structural_sensitivity,No frozen exact-name structure assignment exists; no new normalized structure is inferred from the advertisement. Source-native model text is retained.,benchmark/deliverables/job_ad_evidence.csv#row=8;source_id=SRC-AD-OVERZERO-2025;organization=Over Zero,uncoded,"Research-informed conflict-prevention, advisory, training, and field-support project; fiscally sponsored by Hopewell Fund.",No frozen exact-name topic assignment exists; the advertisement mission/operating-model description is retained without forcing it into the precomp taxonomy.,benchmark/deliverables/job_ad_evidence.csv#row=8;source_id=SRC-AD-OVERZERO-2025;organization=Over Zero,Executive Director,ED_or_President,"Raw posting title ""Executive Director"" is normalized to ED_or_President by the binary title-group rule.",benchmark/deliverables/job_ad_evidence.csv#row=8;source_id=SRC-AD-OVERZERO-2025;organization=Over Zero | benchmark/scripts/normalize_and_analyze.py#L253-L254 (same normalization rule applied for explainer),job tier=post_source_review_under_frozen_nonpay_eligibility_rules; matched topic/EA/expected_structure=precomp_frozen; title_group=derived,source_native_posting_description + post_source_nonpay_tier + optional_precomp_match + derived_title_group,https://impactopportunity.org/job/7756/executive-director/,medium,EA relationship uncoded. Expected structure uncoded; source-native description retained. Topic cluster uncoded; source-native description retained.
job_ad::SRC-AD-PEAK-2026,source_id,SRC-AD-PEAK-2026,EXP-136,PEAK Grantmaking,job_ad,recruitment_ad,strict_primary,strict_primary,"Job-ad tier strict_primary; quantitative status yes. Comparable field-building/knowledge role, core scale, national remote CEO with fundraising, board, people, and operating responsibility.",benchmark/deliverables/job_ad_evidence.csv#row=4;source_id=SRC-AD-PEAK-2026;organization=PEAK Grantmaking,functional-only,functional-only,EA relationship functional-only matched by exact organization name to the frozen precomp universe.,benchmark/frozen/combined_peer_universe_3wave_precomp.csv#row=33;candidate_id=EXP-136;organization=PEAK Grantmaking,independent nonprofit,,Expected structure independent nonprofit comes from the frozen exact-name organization match. Job-ad operating-model text is retained separately.,benchmark/frozen/combined_peer_universe_3wave_precomp.csv#row=33;candidate_id=EXP-136;organization=PEAK Grantmaking | benchmark/deliverables/job_ad_evidence.csv#row=4;source_id=SRC-AD-PEAK-2026;organization=PEAK Grantmaking,"Research, evaluation, philanthropy infrastructure, and policy","National field-building, membership, learning, knowledge-management, and thought-leadership nonprofit serving grantmaking professionals.","Topic/model cluster Research, evaluation, philanthropy infrastructure, and policy comes from the frozen exact-name organization match.",benchmark/frozen/combined_peer_universe_3wave_precomp.csv#row=33;candidate_id=EXP-136;organization=PEAK Grantmaking | benchmark/deliverables/job_ad_evidence.csv#row=4;source_id=SRC-AD-PEAK-2026;organization=PEAK Grantmaking,President and Chief Executive Officer,CEO_title_match,"Raw posting title ""President and Chief Executive Officer"" is normalized to CEO_title_match by the binary title-group rule.",benchmark/deliverables/job_ad_evidence.csv#row=4;source_id=SRC-AD-PEAK-2026;organization=PEAK Grantmaking | benchmark/scripts/normalize_and_analyze.py#L253-L254 (same normalization rule applied for explainer),job tier=post_source_review_under_frozen_nonpay_eligibility_rules; matched topic/EA/expected_structure=precomp_frozen; title_group=derived,source_native_posting_description + post_source_nonpay_tier + optional_precomp_match + derived_title_group,https://nonprofithr.applytojob.com/apply/RQG6pztBvo/President-Chief-Executive-Officer-CEO-PEAK-Grantmaking,high,
job_ad::SRC-AD-PVARF,source_id,SRC-AD-PVARF,,Portland VA Research Foundation,job_ad,recruitment_ad,excluded,excluded,Job-ad tier excluded; quantitative status no. Affiliate rather than standalone comparable organization-wide CEO,benchmark/deliverables/job_ad_evidence.csv#row=11;source_id=SRC-AD-PVARF;organization=Portland VA Research Foundation,uncoded,,Job-ad evidence contains no EA field and no exact organization-name match was found in the frozen precomp universe; no EA relationship is inferred.,benchmark/deliverables/job_ad_evidence.csv#row=11;source_id=SRC-AD-PVARF;organization=Portland VA Research Foundation,uncoded,,No frozen exact-name structure assignment exists; no new normalized structure is inferred from the advertisement. Source-native model text is retained.,benchmark/deliverables/job_ad_evidence.csv#row=11;source_id=SRC-AD-PVARF;organization=Portland VA Research Foundation,uncoded,VA/university-affiliated research foundation,No frozen exact-name topic assignment exists; the advertisement mission/operating-model description is retained without forcing it into the precomp taxonomy.,benchmark/deliverables/job_ad_evidence.csv#row=11;source_id=SRC-AD-PVARF;organization=Portland VA Research Foundation,Executive Director,ED_or_President,"Raw posting title ""Executive Director"" is normalized to ED_or_President by the binary title-group rule.",benchmark/deliverables/job_ad_evidence.csv#row=11;source_id=SRC-AD-PVARF;organization=Portland VA Research Foundation | benchmark/scripts/normalize_and_analyze.py#L253-L254 (same normalization rule applied for explainer),job tier=post_source_review_under_frozen_nonpay_eligibility_rules; matched topic/EA/expected_structure=precomp_frozen; title_group=derived,source_native_posting_description + post_source_nonpay_tier + optional_precomp_match + derived_title_group,https://www.pvarf.org/,medium,EA relationship uncoded. Expected structure uncoded; source-native description retained. Topic cluster uncoded; source-native description retained.
job_ad::SRC-AD-CHAPA-ROR-EXCL,source_id,SRC-AD-CHAPA-ROR-EXCL,,Reach Out and Read (regional executive role),job_ad,recruitment_ad,excluded_subordinate_regional,excluded_subordinate_regional,Job-ad tier excluded_subordinate_regional; quantitative status no. Regional/subordinate executive reporting to COO; not organization-wide CEO equivalent.,benchmark/deliverables/job_ad_evidence.csv#row=31;source_id=SRC-AD-CHAPA-ROR-EXCL;organization=Reach Out and Read (regional executive role),uncoded,,Job-ad evidence contains no EA field and no exact organization-name match was found in the frozen precomp universe; no EA relationship is inferred.,benchmark/deliverables/job_ad_evidence.csv#row=31;source_id=SRC-AD-CHAPA-ROR-EXCL;organization=Reach Out and Read (regional executive role),uncoded,excluded_subordinate_regional,No frozen exact-name structure assignment exists; no new normalized structure is inferred from the advertisement. Source-native model text is retained.,benchmark/deliverables/job_ad_evidence.csv#row=31;source_id=SRC-AD-CHAPA-ROR-EXCL;organization=Reach Out and Read (regional executive role),uncoded,Regional program leadership within a national organization.,No frozen exact-name topic assignment exists; the advertisement mission/operating-model description is retained without forcing it into the precomp taxonomy.,benchmark/deliverables/job_ad_evidence.csv#row=31;source_id=SRC-AD-CHAPA-ROR-EXCL;organization=Reach Out and Read (regional executive role),Regional Executive Director,ED_or_President,"Raw posting title ""Regional Executive Director"" is normalized to ED_or_President by the binary title-group rule.",benchmark/deliverables/job_ad_evidence.csv#row=31;source_id=SRC-AD-CHAPA-ROR-EXCL;organization=Reach Out and Read (regional executive role) | benchmark/scripts/normalize_and_analyze.py#L253-L254 (same normalization rule applied for explainer),job tier=post_source_review_under_frozen_nonpay_eligibility_rules; matched topic/EA/expected_structure=precomp_frozen; title_group=derived,source_native_posting_description + post_source_nonpay_tier + optional_precomp_match + derived_title_group,,medium,EA relationship uncoded. Expected structure uncoded; source-native description retained. Topic cluster uncoded; source-native description retained.
job_ad::SRC-AD-SFEI-2026,source_id,SRC-AD-SFEI-2026,EXP-152,San Francisco Estuary Institute,job_ad,recruitment_ad,strict_primary,strict_primary,Job-ad tier strict_primary; quantitative status yes. Strong knowledge-production role; full-time organization-wide executive; near upper edge of strict staff/expense band.,benchmark/deliverables/job_ad_evidence.csv#row=3;source_id=SRC-AD-SFEI-2026;organization=San Francisco Estuary Institute,functional-only,functional-only,EA relationship functional-only matched by exact organization name to the frozen precomp universe.,benchmark/frozen/combined_peer_universe_3wave_precomp.csv#row=20;candidate_id=EXP-152;organization=San Francisco Estuary Institute,independent nonprofit,,Expected structure independent nonprofit comes from the frozen exact-name organization match. Job-ad operating-model text is retained separately.,benchmark/frozen/combined_peer_universe_3wave_precomp.csv#row=20;candidate_id=EXP-152;organization=San Francisco Estuary Institute | benchmark/deliverables/job_ad_evidence.csv#row=3;source_id=SRC-AD-SFEI-2026;organization=San Francisco Estuary Institute,"Research, evaluation, philanthropy infrastructure, and policy","Independent environmental science and research institute producing rigorous, unbiased research and translating complex science for policy and community partners.","Topic/model cluster Research, evaluation, philanthropy infrastructure, and policy comes from the frozen exact-name organization match.",benchmark/frozen/combined_peer_universe_3wave_precomp.csv#row=20;candidate_id=EXP-152;organization=San Francisco Estuary Institute | benchmark/deliverables/job_ad_evidence.csv#row=3;source_id=SRC-AD-SFEI-2026;organization=San Francisco Estuary Institute,Executive Director,ED_or_President,"Raw posting title ""Executive Director"" is normalized to ED_or_President by the binary title-group rule.",benchmark/deliverables/job_ad_evidence.csv#row=3;source_id=SRC-AD-SFEI-2026;organization=San Francisco Estuary Institute | benchmark/scripts/normalize_and_analyze.py#L253-L254 (same normalization rule applied for explainer),job tier=post_source_review_under_frozen_nonpay_eligibility_rules; matched topic/EA/expected_structure=precomp_frozen; title_group=derived,source_native_posting_description + post_source_nonpay_tier + optional_precomp_match + derived_title_group,https://www.sfei.org/news/sfei-seeks-our-next-executive-director,high,
job_ad::SRC-AD-SEATTLEBG,source_id,SRC-AD-SEATTLEBG,,Seattle Botanic Gardens,job_ad,recruitment_ad,excluded,excluded,Job-ad tier excluded; quantitative status no. Direct institution operations not comparable,benchmark/deliverables/job_ad_evidence.csv#row=19;source_id=SRC-AD-SEATTLEBG;organization=Seattle Botanic Gardens,uncoded,,Job-ad evidence contains no EA field and no exact organization-name match was found in the frozen precomp universe; no EA relationship is inferred.,benchmark/deliverables/job_ad_evidence.csv#row=19;source_id=SRC-AD-SEATTLEBG;organization=Seattle Botanic Gardens,uncoded,,No frozen exact-name structure assignment exists; no new normalized structure is inferred from the advertisement. Source-native model text is retained.,benchmark/deliverables/job_ad_evidence.csv#row=19;source_id=SRC-AD-SEATTLEBG;organization=Seattle Botanic Gardens,uncoded,Public-facing cultural/horticultural institution,No frozen exact-name topic assignment exists; the advertisement mission/operating-model description is retained without forcing it into the precomp taxonomy.,benchmark/deliverables/job_ad_evidence.csv#row=19;source_id=SRC-AD-SEATTLEBG;organization=Seattle Botanic Gardens,President and CEO,CEO_title_match,"Raw posting title ""President and CEO"" is normalized to CEO_title_match by the binary title-group rule.",benchmark/deliverables/job_ad_evidence.csv#row=19;source_id=SRC-AD-SEATTLEBG;organization=Seattle Botanic Gardens | benchmark/scripts/normalize_and_analyze.py#L253-L254 (same normalization rule applied for explainer),job tier=post_source_review_under_frozen_nonpay_eligibility_rules; matched topic/EA/expected_structure=precomp_frozen; title_group=derived,source_native_posting_description + post_source_nonpay_tier + optional_precomp_match + derived_title_group,https://botanicgardens.uw.edu/,medium,EA relationship uncoded. Expected structure uncoded; source-native description retained. Topic cluster uncoded; source-native description retained.
job_ad::SRC-AD-SNAP,source_id,SRC-AD-SNAP,,Snap Foundation,job_ad,recruitment_ad,excluded,excluded,Job-ad tier excluded; quantitative status no. Grantmaking-dominated,benchmark/deliverables/job_ad_evidence.csv#row=15;source_id=SRC-AD-SNAP;organization=Snap Foundation,uncoded,,Job-ad evidence contains no EA field and no exact organization-name match was found in the frozen precomp universe; no EA relationship is inferred.,benchmark/deliverables/job_ad_evidence.csv#row=15;source_id=SRC-AD-SNAP;organization=Snap Foundation,uncoded,,No frozen exact-name structure assignment exists; no new normalized structure is inferred from the advertisement. Source-native model text is retained.,benchmark/deliverables/job_ad_evidence.csv#row=15;source_id=SRC-AD-SNAP;organization=Snap Foundation,uncoded,Grantmaking foundation,No frozen exact-name topic assignment exists; the advertisement mission/operating-model description is retained without forcing it into the precomp taxonomy.,benchmark/deliverables/job_ad_evidence.csv#row=15;source_id=SRC-AD-SNAP;organization=Snap Foundation,Chief Executive Officer,CEO_title_match,"Raw posting title ""Chief Executive Officer"" is normalized to CEO_title_match by the binary title-group rule.",benchmark/deliverables/job_ad_evidence.csv#row=15;source_id=SRC-AD-SNAP;organization=Snap Foundation | benchmark/scripts/normalize_and_analyze.py#L253-L254 (same normalization rule applied for explainer),job tier=post_source_review_under_frozen_nonpay_eligibility_rules; matched topic/EA/expected_structure=precomp_frozen; title_group=derived,source_native_posting_description + post_source_nonpay_tier + optional_precomp_match + derived_title_group,https://www.snapfoundation.org/,medium,EA relationship uncoded. Expected structure uncoded; source-native description retained. Topic cluster uncoded; source-native description retained.
job_ad::SRC-AD-TAC-2026,source_id,SRC-AD-TAC-2026,EXP-153,Technical Assistance Collaborative,job_ad,recruitment_ad,strict_primary,strict_primary,Job-ad tier strict_primary; quantitative status yes. Strong functional and scale match; full-time organization-wide CEO.,benchmark/deliverables/job_ad_evidence.csv#row=2;source_id=SRC-AD-TAC-2026;organization=Technical Assistance Collaborative,functional-only,functional-only,EA relationship functional-only matched by exact organization name to the frozen precomp universe.,benchmark/frozen/combined_peer_universe_3wave_precomp.csv#row=21;candidate_id=EXP-153;organization=Technical Assistance Collaborative,independent nonprofit,,Expected structure independent nonprofit comes from the frozen exact-name organization match. Job-ad operating-model text is retained separately.,benchmark/frozen/combined_peer_universe_3wave_precomp.csv#row=21;candidate_id=EXP-153;organization=Technical Assistance Collaborative | benchmark/deliverables/job_ad_evidence.csv#row=2;source_id=SRC-AD-TAC-2026;organization=Technical Assistance Collaborative,"Research, evaluation, philanthropy infrastructure, and policy","National nonprofit consulting and thought-leadership organization serving public systems in housing, homelessness, behavioral health, health care, and human services.","Topic/model cluster Research, evaluation, philanthropy infrastructure, and policy comes from the frozen exact-name organization match.",benchmark/frozen/combined_peer_universe_3wave_precomp.csv#row=21;candidate_id=EXP-153;organization=Technical Assistance Collaborative | benchmark/deliverables/job_ad_evidence.csv#row=2;source_id=SRC-AD-TAC-2026;organization=Technical Assistance Collaborative,Chief Executive Officer,CEO_title_match,"Raw posting title ""Chief Executive Officer"" is normalized to CEO_title_match by the binary title-group rule.",benchmark/deliverables/job_ad_evidence.csv#row=2;source_id=SRC-AD-TAC-2026;organization=Technical Assistance Collaborative | benchmark/scripts/normalize_and_analyze.py#L253-L254 (same normalization rule applied for explainer),job tier=post_source_review_under_frozen_nonpay_eligibility_rules; matched topic/EA/expected_structure=precomp_frozen; title_group=derived,source_native_posting_description + post_source_nonpay_tier + optional_precomp_match + derived_title_group,https://www.nonprofitoperations.com/job-submissions/chief-executive-officer-/technical-assistance-collaborative,high,
job_ad::SRC-AD-5GYRES-2026,source_id,SRC-AD-5GYRES-2026,,The 5 Gyres Institute,job_ad,recruitment_ad,expanded_secondary_scale,expanded_secondary_scale,"Job-ad tier expanded_secondary_scale; quantitative status yes. Strong research/policy function and full enterprise scope, but materially below RP scale.",benchmark/deliverables/job_ad_evidence.csv#row=22;source_id=SRC-AD-5GYRES-2026;organization=The 5 Gyres Institute,uncoded,,Job-ad evidence contains no EA field and no exact organization-name match was found in the frozen precomp universe; no EA relationship is inferred.,benchmark/deliverables/job_ad_evidence.csv#row=22;source_id=SRC-AD-5GYRES-2026;organization=The 5 Gyres Institute,uncoded,,No frozen exact-name structure assignment exists; no new normalized structure is inferred from the advertisement. Source-native model text is retained.,benchmark/deliverables/job_ad_evidence.csv#row=22;source_id=SRC-AD-5GYRES-2026;organization=The 5 Gyres Institute,uncoded,"Independent science, research, policy, and public-engagement nonprofit addressing plastic pollution.",No frozen exact-name topic assignment exists; the advertisement mission/operating-model description is retained without forcing it into the precomp taxonomy.,benchmark/deliverables/job_ad_evidence.csv#row=22;source_id=SRC-AD-5GYRES-2026;organization=The 5 Gyres Institute,Executive Director,ED_or_President,"Raw posting title ""Executive Director"" is normalized to ED_or_President by the binary title-group rule.",benchmark/deliverables/job_ad_evidence.csv#row=22;source_id=SRC-AD-5GYRES-2026;organization=The 5 Gyres Institute | benchmark/scripts/normalize_and_analyze.py#L253-L254 (same normalization rule applied for explainer),job tier=post_source_review_under_frozen_nonpay_eligibility_rules; matched topic/EA/expected_structure=precomp_frozen; title_group=derived,source_native_posting_description + post_source_nonpay_tier + optional_precomp_match + derived_title_group,https://www.climatechangecareers.com/job/the-5-gyres-institute/remote/executive-director/,medium,EA relationship uncoded. Expected structure uncoded; source-native description retained. Topic cluster uncoded; source-native description retained. Exact job-ad subtype is a post-collection normalized label rather than a frozen protocol term.
job_ad::SRC-AD-CLIMATE-2026,source_id,SRC-AD-CLIMATE-2026,,The Climate Center,job_ad,recruitment_ad,secondary,secondary,"Job-ad tier secondary; quantitative status yes. Strong think-and-do functional match and title match; below strict core scale, retained in wider-band sensitivity.",benchmark/deliverables/job_ad_evidence.csv#row=5;source_id=SRC-AD-CLIMATE-2026;organization=The Climate Center,uncoded,,Job-ad evidence contains no EA field and no exact organization-name match was found in the frozen precomp universe; no EA relationship is inferred.,benchmark/deliverables/job_ad_evidence.csv#row=5;source_id=SRC-AD-CLIMATE-2026;organization=The Climate Center,uncoded,,No frozen exact-name structure assignment exists; no new normalized structure is inferred from the advertisement. Source-native model text is retained.,benchmark/deliverables/job_ad_evidence.csv#row=5;source_id=SRC-AD-CLIMATE-2026;organization=The Climate Center,uncoded,"Climate and energy policy think-and-do tank using science-based research, policy advocacy, and coalition mobilization.",No frozen exact-name topic assignment exists; the advertisement mission/operating-model description is retained without forcing it into the precomp taxonomy.,benchmark/deliverables/job_ad_evidence.csv#row=5;source_id=SRC-AD-CLIMATE-2026;organization=The Climate Center,Chief Executive Officer,CEO_title_match,"Raw posting title ""Chief Executive Officer"" is normalized to CEO_title_match by the binary title-group rule.",benchmark/deliverables/job_ad_evidence.csv#row=5;source_id=SRC-AD-CLIMATE-2026;organization=The Climate Center | benchmark/scripts/normalize_and_analyze.py#L253-L254 (same normalization rule applied for explainer),job tier=post_source_review_under_frozen_nonpay_eligibility_rules; matched topic/EA/expected_structure=precomp_frozen; title_group=derived,source_native_posting_description + post_source_nonpay_tier + optional_precomp_match + derived_title_group,https://www.abfe.org/jobs/chief-executive-officer-climate-center,medium,EA relationship uncoded. Expected structure uncoded; source-native description retained. Topic cluster uncoded; source-native description retained.
job_ad::SRC-AD-CHF-2026,source_id,SRC-AD-CHF-2026,,The Colorado Health Foundation,job_ad,recruitment_ad,excluded_private_foundation,excluded_private_foundation,Job-ad tier excluded_private_foundation; quantitative status no. Private-foundation asset and grantmaking model is not comparable to RP.,benchmark/deliverables/job_ad_evidence.csv#row=30;source_id=SRC-AD-CHF-2026;organization=The Colorado Health Foundation,uncoded,,Job-ad evidence contains no EA field and no exact organization-name match was found in the frozen precomp universe; no EA relationship is inferred.,benchmark/deliverables/job_ad_evidence.csv#row=30;source_id=SRC-AD-CHF-2026;organization=The Colorado Health Foundation,uncoded,excluded_private_foundation,No frozen exact-name structure assignment exists; no new normalized structure is inferred from the advertisement. Source-native model text is retained.,benchmark/deliverables/job_ad_evidence.csv#row=30;source_id=SRC-AD-CHF-2026;organization=The Colorado Health Foundation,uncoded,Large private health foundation with an endowment approaching $3B.,No frozen exact-name topic assignment exists; the advertisement mission/operating-model description is retained without forcing it into the precomp taxonomy.,benchmark/deliverables/job_ad_evidence.csv#row=30;source_id=SRC-AD-CHF-2026;organization=The Colorado Health Foundation,Chief Executive Officer,CEO_title_match,"Raw posting title ""Chief Executive Officer"" is normalized to CEO_title_match by the binary title-group rule.",benchmark/deliverables/job_ad_evidence.csv#row=30;source_id=SRC-AD-CHF-2026;organization=The Colorado Health Foundation | benchmark/scripts/normalize_and_analyze.py#L253-L254 (same normalization rule applied for explainer),job tier=post_source_review_under_frozen_nonpay_eligibility_rules; matched topic/EA/expected_structure=precomp_frozen; title_group=derived,source_native_posting_description + post_source_nonpay_tier + optional_precomp_match + derived_title_group,https://www.nonprofitoperations.com/job-submissions/chief-executive-officer-/the-colorado-health-foundation-,medium,EA relationship uncoded. Expected structure uncoded; source-native description retained. Topic cluster uncoded; source-native description retained.
job_ad::SRC-AD-LEADERSTRUST-2026,source_id,SRC-AD-LEADERSTRUST-2026,,The LeadersTrust,job_ad,recruitment_ad,secondary_structural,secondary_structural,Job-ad tier secondary_structural; quantitative status yes. Comparable advisory/evaluation/fundraising role but only six staff and fiscally sponsored; structural sensitivity only.,benchmark/deliverables/job_ad_evidence.csv#row=6;source_id=SRC-AD-LEADERSTRUST-2026;organization=The LeadersTrust,uncoded,,Job-ad evidence contains no EA field and no exact organization-name match was found in the frozen precomp universe; no EA relationship is inferred.,benchmark/deliverables/job_ad_evidence.csv#row=6;source_id=SRC-AD-LEADERSTRUST-2026;organization=The LeadersTrust,uncoded,secondary_structural,No frozen exact-name structure assignment exists; no new normalized structure is inferred from the advertisement. Source-native model text is retained.,benchmark/deliverables/job_ad_evidence.csv#row=6;source_id=SRC-AD-LEADERSTRUST-2026;organization=The LeadersTrust,uncoded,"Capacity-building, coaching, grant-support, evaluation, and advisory intermediary serving nonprofit and movement leaders; fiscally sponsored by Tides Center.",No frozen exact-name topic assignment exists; the advertisement mission/operating-model description is retained without forcing it into the precomp taxonomy.,benchmark/deliverables/job_ad_evidence.csv#row=6;source_id=SRC-AD-LEADERSTRUST-2026;organization=The LeadersTrust,Executive Director,ED_or_President,"Raw posting title ""Executive Director"" is normalized to ED_or_President by the binary title-group rule.",benchmark/deliverables/job_ad_evidence.csv#row=6;source_id=SRC-AD-LEADERSTRUST-2026;organization=The LeadersTrust | benchmark/scripts/normalize_and_analyze.py#L253-L254 (same normalization rule applied for explainer),job tier=post_source_review_under_frozen_nonpay_eligibility_rules; matched topic/EA/expected_structure=precomp_frozen; title_group=derived,source_native_posting_description + post_source_nonpay_tier + optional_precomp_match + derived_title_group,https://theleaderstrust.org/now-hiring-executive-director/,medium,EA relationship uncoded. Expected structure uncoded; source-native description retained. Topic cluster uncoded; source-native description retained.
job_ad::SRC-AD-WILLIAMS,source_id,SRC-AD-WILLIAMS,,Williams Institute at UCLA,job_ad,recruitment_ad,excluded,excluded,Job-ad tier excluded; quantitative status no. Not a standalone organization-wide nonprofit CEO,benchmark/deliverables/job_ad_evidence.csv#row=16;source_id=SRC-AD-WILLIAMS;organization=Williams Institute at UCLA,uncoded,,Job-ad evidence contains no EA field and no exact organization-name match was found in the frozen precomp universe; no EA relationship is inferred.,benchmark/deliverables/job_ad_evidence.csv#row=16;source_id=SRC-AD-WILLIAMS;organization=Williams Institute at UCLA,uncoded,,No frozen exact-name structure assignment exists; no new normalized structure is inferred from the advertisement. Source-native model text is retained.,benchmark/deliverables/job_ad_evidence.csv#row=16;source_id=SRC-AD-WILLIAMS;organization=Williams Institute at UCLA,uncoded,University research center,No frozen exact-name topic assignment exists; the advertisement mission/operating-model description is retained without forcing it into the precomp taxonomy.,benchmark/deliverables/job_ad_evidence.csv#row=16;source_id=SRC-AD-WILLIAMS;organization=Williams Institute at UCLA,Executive Director,ED_or_President,"Raw posting title ""Executive Director"" is normalized to ED_or_President by the binary title-group rule.",benchmark/deliverables/job_ad_evidence.csv#row=16;source_id=SRC-AD-WILLIAMS;organization=Williams Institute at UCLA | benchmark/scripts/normalize_and_analyze.py#L253-L254 (same normalization rule applied for explainer),job tier=post_source_review_under_frozen_nonpay_eligibility_rules; matched topic/EA/expected_structure=precomp_frozen; title_group=derived,source_native_posting_description + post_source_nonpay_tier + optional_precomp_match + derived_title_group,https://williamsinstitute.law.ucla.edu/,medium,EA relationship uncoded. Expected structure uncoded; source-native description retained. Topic cluster uncoded; source-native description retained.
reference_selection::EXP-100,candidate_id,,EXP-100,AI Objectives Institute,reference_selection,first expansion,C,Tier C broad sensitivity,Final selected reference tier C (Tier C broad sensitivity); comparability score 58.0. Selected under the first expansion protocol before systematic pay review.,benchmark/deliverables/expanded_reference_set_144.csv#row=133;organization=AI Objectives Institute | benchmark/frozen/first_expansion_protocol.md#L40-L48 | benchmark/frozen/extension2_protocol_amendment.md#L17-L24,EA-adjacent,EA-adjacent,Preserved precomp EA assignment EA-adjacent from the frozen candidate row; compensation did not determine this assignment.,benchmark/frozen/combined_peer_universe_3wave_precomp.csv#row=66;candidate_id=EXP-100;organization=AI Objectives Institute,independent nonprofit,,Preserved expected structure independent nonprofit from the frozen candidate row; this is an expected/legal-form label rather than a verified filing structure flag.,benchmark/frozen/combined_peer_universe_3wave_precomp.csv#row=66;candidate_id=EXP-100;organization=AI Objectives Institute,"AI, catastrophic risk, biosecurity, and technology policy",AI safety research.,"Preserved precomp topic/model cluster AI, catastrophic risk, biosecurity, and technology policy from the frozen candidate row.",benchmark/frozen/combined_peer_universe_3wave_precomp.csv#row=66;candidate_id=EXP-100;organization=AI Objectives Institute,,uncoded,No CEO title was available in the selected reference row; explainer records title_group=uncoded rather than forcing the analysis-code fallback.,benchmark/deliverables/expanded_reference_set_144.csv#row=133;organization=AI Objectives Institute,topic/EA/expected_structure=precomp_frozen; final tier=post_verification_nonpay; title_group=derived_after_title_collection,precomp_normalized_metadata + final_nonpay_tiering + derived_title_group,https://80000hours.org/topic/top-recommended-organisations/,medium,No clean compensation/title observation collected for this selected organization.
reference_selection::EXP-109,candidate_id,,EXP-109,Alliance to Feed the Earth in Disasters,reference_selection,first expansion,C,Tier C broad sensitivity,Final selected reference tier C (Tier C broad sensitivity); comparability score 56.0. Selected under the first expansion protocol before systematic pay review.,benchmark/deliverables/expanded_reference_set_144.csv#row=137;organization=Alliance to Feed the Earth in Disasters | benchmark/frozen/first_expansion_protocol.md#L40-L48 | benchmark/frozen/extension2_protocol_amendment.md#L17-L24,EA-adjacent,EA-adjacent,Preserved precomp EA assignment EA-adjacent from the frozen candidate row; compensation did not determine this assignment.,benchmark/frozen/combined_peer_universe_3wave_precomp.csv#row=70;candidate_id=EXP-109;organization=Alliance to Feed the Earth in Disasters,independent nonprofit,,Preserved expected structure independent nonprofit from the frozen candidate row; this is an expected/legal-form label rather than a verified filing structure flag.,benchmark/frozen/combined_peer_universe_3wave_precomp.csv#row=70;candidate_id=EXP-109;organization=Alliance to Feed the Earth in Disasters,"AI, catastrophic risk, biosecurity, and technology policy",Catastrophic-risk research and preparedness.,"Preserved precomp topic/model cluster AI, catastrophic risk, biosecurity, and technology policy from the frozen candidate row.",benchmark/frozen/combined_peer_universe_3wave_precomp.csv#row=70;candidate_id=EXP-109;organization=Alliance to Feed the Earth in Disasters,,uncoded,No CEO title was available in the selected reference row; explainer records title_group=uncoded rather than forcing the analysis-code fallback.,benchmark/deliverables/expanded_reference_set_144.csv#row=137;organization=Alliance to Feed the Earth in Disasters,topic/EA/expected_structure=precomp_frozen; final tier=post_verification_nonpay; title_group=derived_after_title_collection,precomp_normalized_metadata + final_nonpay_tiering + derived_title_group,https://80000hours.org/topic/top-recommended-organisations/,medium,No clean compensation/title observation collected for this selected organization.
reference_selection::SRC-990-EXT-AMERICAN-IMMIGRATION-COUNCIL,source_id,SRC-990-EXT-AMERICAN-IMMIGRATION-COUNCIL,EXT2-050,American Immigration Council,reference_selection,second expansion / filing verification,A,Tier A expanded primary,Final selected reference tier A (Tier A expanded primary); comparability score 81.0. Added by the second-expansion freeze and retained after role/scale verification; pay did not determine selection.,benchmark/deliverables/expanded_reference_set_144.csv#row=68;organization=American Immigration Council | benchmark/frozen/first_expansion_protocol.md#L40-L48 | benchmark/frozen/extension2_protocol_amendment.md#L17-L24,functional-only,functional-only,Preserved precomp EA assignment functional-only from the frozen candidate row; compensation did not determine this assignment.,benchmark/frozen/combined_peer_universe_3wave_precomp.csv#row=211;candidate_id=EXT2-050;organization=American Immigration Council,independent nonprofit,research_plus_legal_programs,Preserved expected structure independent nonprofit from the frozen candidate row; this is an expected/legal-form label rather than a verified filing structure flag.,benchmark/frozen/combined_peer_universe_3wave_precomp.csv#row=211;candidate_id=EXT2-050;organization=American Immigration Council,"Research, evaluation, philanthropy infrastructure, and policy",,"Preserved precomp topic/model cluster Research, evaluation, philanthropy infrastructure, and policy from the frozen candidate row.",benchmark/frozen/combined_peer_universe_3wave_precomp.csv#row=211;candidate_id=EXT2-050;organization=American Immigration Council,Executive Director,ED_or_President,"Raw selected/extracted title is ""Executive Director""; normalized to ED_or_President using the contains-CEO-or-Chief-Executive rule.",benchmark/deliverables/expanded_reference_set_144.csv#row=68;organization=American Immigration Council | benchmark/scripts/normalize_and_analyze.py#L253-L254,topic/EA/expected_structure=precomp_frozen; final tier=post_verification_nonpay; title_group=derived_after_title_collection,precomp_normalized_metadata + final_nonpay_tiering + derived_title_group,https://apps.irs.gov/pub/epostcard/990/xml/2025/202542979349301509_public.xml,high,
reference_selection::SRC-990-EXT3-AMERICAN-SECURITY-PROJECT,source_id,SRC-990-EXT3-AMERICAN-SECURITY-PROJECT,EXT3-072,American Security Project,reference_selection,third expansion / filing verification,C,Tier C broad sensitivity,Final selected reference tier C (Tier C broad sensitivity); comparability score 62.0. Added by the third-expansion freeze and retained after role/scale/title verification; pay did not determine selection.,benchmark/deliverables/expanded_reference_set_144.csv#row=131;organization=American Security Project | benchmark/frozen/first_expansion_protocol.md#L40-L48 | benchmark/frozen/extension2_protocol_amendment.md#L17-L24,EA-adjacent,EA-adjacent,Preserved precomp EA assignment EA-adjacent from the frozen candidate row; compensation did not determine this assignment.,benchmark/frozen/combined_peer_universe_3wave_precomp.csv#row=378;candidate_id=EXT3-072;organization=American Security Project,independent nonprofit,very_small_scale_and_officer_combination,Preserved expected structure independent nonprofit from the frozen candidate row; this is an expected/legal-form label rather than a verified filing structure flag.,benchmark/frozen/combined_peer_universe_3wave_precomp.csv#row=378;candidate_id=EXT3-072;organization=American Security Project,security and foreign policy,Security policy research comparator,Preserved precomp topic/model cluster security and foreign policy from the frozen candidate row.,benchmark/frozen/combined_peer_universe_3wave_precomp.csv#row=378;candidate_id=EXT3-072;organization=American Security Project,CEO / Treasurer,CEO_title_match,"Raw selected/extracted title is ""CEO / Treasurer""; normalized to CEO_title_match using the contains-CEO-or-Chief-Executive rule.",benchmark/deliverables/expanded_reference_set_144.csv#row=131;organization=American Security Project | benchmark/scripts/normalize_and_analyze.py#L253-L254,topic/EA/expected_structure=precomp_frozen; final tier=post_verification_nonpay; title_group=derived_after_title_collection,precomp_normalized_metadata + final_nonpay_tiering + derived_title_group,https://apps.irs.gov/pub/epostcard/990/xml/2025/202542279349301744_public.xml,high,
reference_selection::SRC-990-EXT-ANIMAL-EQUALITY,source_id,SRC-990-EXT-ANIMAL-EQUALITY,EXP-067,Animal Equality,reference_selection,first expansion,B,Tier B weighted secondary,Final selected reference tier B (Tier B weighted secondary); comparability score 80.0. Selected under the first expansion protocol before systematic pay review.,benchmark/deliverables/expanded_reference_set_144.csv#row=93;organization=Animal Equality | benchmark/frozen/first_expansion_protocol.md#L40-L48 | benchmark/frozen/extension2_protocol_amendment.md#L17-L24,EA-adjacent,EA-adjacent,Preserved precomp EA assignment EA-adjacent from the frozen candidate row; compensation did not determine this assignment.,benchmark/frozen/combined_peer_universe_3wave_precomp.csv#row=44;candidate_id=EXP-067;organization=Animal Equality,independent nonprofit,international_affiliate_multiple_directors,Preserved expected structure independent nonprofit from the frozen candidate row; this is an expected/legal-form label rather than a verified filing structure flag.,benchmark/frozen/combined_peer_universe_3wave_precomp.csv#row=44;candidate_id=EXP-067;organization=Animal Equality,Animal welfare and food systems,Advocacy and investigations; delivery model differs.,Preserved precomp topic/model cluster Animal welfare and food systems from the frozen candidate row.,benchmark/frozen/combined_peer_universe_3wave_precomp.csv#row=44;candidate_id=EXP-067;organization=Animal Equality,,uncoded,No CEO title was available in the selected reference row; explainer records title_group=uncoded rather than forcing the analysis-code fallback.,benchmark/deliverables/expanded_reference_set_144.csv#row=93;organization=Animal Equality,topic/EA/expected_structure=precomp_frozen; final tier=post_verification_nonpay; title_group=derived_after_title_collection,precomp_normalized_metadata + final_nonpay_tiering + derived_title_group,https://forum.effectivealtruism.org/topics/organizations-and-projects-in-effective-altruism,medium,No clean compensation/title observation collected for this selected organization.
reference_selection::SRC-990-EXT-ANIMAL-LEGAL-DEFENSE-FUND,source_id,SRC-990-EXT-ANIMAL-LEGAL-DEFENSE-FUND,EXP-071,Animal Legal Defense Fund,reference_selection,first expansion,B,Tier B weighted secondary,Final selected reference tier B (Tier B weighted secondary); comparability score 75.0. Selected under the first expansion protocol before systematic pay review.,benchmark/deliverables/expanded_reference_set_144.csv#row=100;organization=Animal Legal Defense Fund | benchmark/frozen/first_expansion_protocol.md#L40-L48 | benchmark/frozen/extension2_protocol_amendment.md#L17-L24,EA-adjacent,EA-adjacent,Preserved precomp EA assignment EA-adjacent from the frozen candidate row; compensation did not determine this assignment.,benchmark/frozen/combined_peer_universe_3wave_precomp.csv#row=47;candidate_id=EXP-071;organization=Animal Legal Defense Fund,independent nonprofit,legal_advocacy_hybrid,Preserved expected structure independent nonprofit from the frozen candidate row; this is an expected/legal-form label rather than a verified filing structure flag.,benchmark/frozen/combined_peer_universe_3wave_precomp.csv#row=47;candidate_id=EXP-071;organization=Animal Legal Defense Fund,Animal welfare and food systems,Legal advocacy and policy; legal-services model.,Preserved precomp topic/model cluster Animal welfare and food systems from the frozen candidate row.,benchmark/frozen/combined_peer_universe_3wave_precomp.csv#row=47;candidate_id=EXP-071;organization=Animal Legal Defense Fund,Executive Director,ED_or_President,"Raw selected/extracted title is ""Executive Director""; normalized to ED_or_President using the contains-CEO-or-Chief-Executive rule.",benchmark/deliverables/expanded_reference_set_144.csv#row=100;organization=Animal Legal Defense Fund | benchmark/scripts/normalize_and_analyze.py#L253-L254,topic/EA/expected_structure=precomp_frozen; final tier=post_verification_nonpay; title_group=derived_after_title_collection,precomp_normalized_metadata + final_nonpay_tiering + derived_title_group,https://apps.irs.gov/pub/epostcard/990/xml/2026/202631249349301878_public.xml,high,
reference_selection::SRC-990-EXT-ANIMAL-WELFARE-INSTITUTE,source_id,SRC-990-EXT-ANIMAL-WELFARE-INSTITUTE,EXP-070,Animal Welfare Institute,reference_selection,first expansion,A,Tier A expanded primary,Final selected reference tier A (Tier A expanded primary); comparability score 88.0. Selected under the first expansion protocol before systematic pay review.,benchmark/deliverables/expanded_reference_set_144.csv#row=30;organization=Animal Welfare Institute | benchmark/frozen/first_expansion_protocol.md#L40-L48 | benchmark/frozen/extension2_protocol_amendment.md#L17-L24,EA-adjacent,EA-adjacent,Preserved precomp EA assignment EA-adjacent from the frozen candidate row; compensation did not determine this assignment.,benchmark/frozen/combined_peer_universe_3wave_precomp.csv#row=13;candidate_id=EXP-070;organization=Animal Welfare Institute,independent nonprofit,none,Preserved expected structure independent nonprofit from the frozen candidate row; this is an expected/legal-form label rather than a verified filing structure flag.,benchmark/frozen/combined_peer_universe_3wave_precomp.csv#row=13;candidate_id=EXP-070;organization=Animal Welfare Institute,Animal welfare and food systems,"Research, policy, and advocacy.",Preserved precomp topic/model cluster Animal welfare and food systems from the frozen candidate row.,benchmark/frozen/combined_peer_universe_3wave_precomp.csv#row=13;candidate_id=EXP-070;organization=Animal Welfare Institute,Executive Director/CEO,CEO_title_match,"Raw selected/extracted title is ""Executive Director/CEO""; normalized to CEO_title_match using the contains-CEO-or-Chief-Executive rule.",benchmark/deliverables/expanded_reference_set_144.csv#row=30;organization=Animal Welfare Institute | benchmark/scripts/normalize_and_analyze.py#L253-L254,topic/EA/expected_structure=precomp_frozen; final tier=post_verification_nonpay; title_group=derived_after_title_collection,precomp_normalized_metadata + final_nonpay_tiering + derived_title_group,https://apps.irs.gov/pub/epostcard/990/xml/2025/202543189349305814_public.xml,high,
reference_selection::EXP-076,candidate_id,,EXP-076,Aquatic Life Institute,reference_selection,first expansion,C,Tier C broad sensitivity,Final selected reference tier C (Tier C broad sensitivity); comparability score 53.0. Selected under the first expansion protocol before systematic pay review.,benchmark/deliverables/expanded_reference_set_144.csv#row=140;organization=Aquatic Life Institute | benchmark/frozen/first_expansion_protocol.md#L40-L48 | benchmark/frozen/extension2_protocol_amendment.md#L17-L24,EA-adjacent,EA-adjacent,Preserved precomp EA assignment EA-adjacent from the frozen candidate row; compensation did not determine this assignment.,benchmark/frozen/combined_peer_universe_3wave_precomp.csv#row=73;candidate_id=EXP-076;organization=Aquatic Life Institute,independent nonprofit,,Preserved expected structure independent nonprofit from the frozen candidate row; this is an expected/legal-form label rather than a verified filing structure flag.,benchmark/frozen/combined_peer_universe_3wave_precomp.csv#row=73;candidate_id=EXP-076;organization=Aquatic Life Institute,Animal welfare and food systems,"EA-adjacent research, standards, and advocacy.",Preserved precomp topic/model cluster Animal welfare and food systems from the frozen candidate row.,benchmark/frozen/combined_peer_universe_3wave_precomp.csv#row=73;candidate_id=EXP-076;organization=Aquatic Life Institute,,uncoded,No CEO title was available in the selected reference row; explainer records title_group=uncoded rather than forcing the analysis-code fallback.,benchmark/deliverables/expanded_reference_set_144.csv#row=140;organization=Aquatic Life Institute,topic/EA/expected_structure=precomp_frozen; final tier=post_verification_nonpay; title_group=derived_after_title_collection,precomp_normalized_metadata + final_nonpay_tiering + derived_title_group,https://forum.effectivealtruism.org/topics/organizations-and-projects-in-effective-altruism,medium,No clean compensation/title observation collected for this selected organization.
reference_selection::SRC-990-EXT-ARMS-CONTROL-ASSOCIATION,source_id,SRC-990-EXT-ARMS-CONTROL-ASSOCIATION,EXT2-008,Arms Control Association,reference_selection,second expansion / filing verification,C,Tier C broad sensitivity,Final selected reference tier C (Tier C broad sensitivity); comparability score 69.0. Added by the second-expansion freeze and retained after role/scale verification; pay did not determine selection.,benchmark/deliverables/expanded_reference_set_144.csv#row=124;organization=Arms Control Association | benchmark/frozen/first_expansion_protocol.md#L40-L48 | benchmark/frozen/extension2_protocol_amendment.md#L17-L24,EA-adjacent,EA-adjacent,Preserved precomp EA assignment EA-adjacent from the frozen candidate row; compensation did not determine this assignment.,benchmark/frozen/combined_peer_universe_3wave_precomp.csv#row=169;candidate_id=EXT2-008;organization=Arms Control Association,independent nonprofit,well_below_scale,Preserved expected structure independent nonprofit from the frozen candidate row; this is an expected/legal-form label rather than a verified filing structure flag.,benchmark/frozen/combined_peer_universe_3wave_precomp.csv#row=169;candidate_id=EXT2-008;organization=Arms Control Association,"AI, catastrophic risk, biosecurity, and technology policy",,"Preserved precomp topic/model cluster AI, catastrophic risk, biosecurity, and technology policy from the frozen candidate row.",benchmark/frozen/combined_peer_universe_3wave_precomp.csv#row=169;candidate_id=EXT2-008;organization=Arms Control Association,Executive Director,ED_or_President,"Raw selected/extracted title is ""Executive Director""; normalized to ED_or_President using the contains-CEO-or-Chief-Executive rule.",benchmark/deliverables/expanded_reference_set_144.csv#row=124;organization=Arms Control Association | benchmark/scripts/normalize_and_analyze.py#L253-L254,topic/EA/expected_structure=precomp_frozen; final tier=post_verification_nonpay; title_group=derived_after_title_collection,precomp_normalized_metadata + final_nonpay_tiering + derived_title_group,https://apps.irs.gov/pub/epostcard/990/xml/2026/202621349349307892_public.xml,high,
reference_selection::SRC-990-EXT-BETTER-FOOD-FOUNDATION,source_id,SRC-990-EXT-BETTER-FOOD-FOUNDATION,EXT3-135,Better Food Foundation,reference_selection,third expansion / filing verification,C,Tier C broad sensitivity,Final selected reference tier C (Tier C broad sensitivity); comparability score 69.0. Added by the third-expansion freeze and retained after role/scale/title verification; pay did not determine selection.,benchmark/deliverables/expanded_reference_set_144.csv#row=125;organization=Better Food Foundation | benchmark/frozen/first_expansion_protocol.md#L40-L48 | benchmark/frozen/extension2_protocol_amendment.md#L17-L24,EA-adjacent,EA-adjacent,Preserved precomp EA assignment EA-adjacent from the frozen candidate row; compensation did not determine this assignment.,benchmark/frozen/combined_peer_universe_3wave_precomp.csv#row=441;candidate_id=EXT3-135;organization=Better Food Foundation,independent nonprofit,well_below_scale_food_system_strategy,Preserved expected structure independent nonprofit from the frozen candidate row; this is an expected/legal-form label rather than a verified filing structure flag.,benchmark/frozen/combined_peer_universe_3wave_precomp.csv#row=441;candidate_id=EXT3-135;organization=Better Food Foundation,animal welfare and food systems,Food-system strategy comparator,Preserved precomp topic/model cluster animal welfare and food systems from the frozen candidate row.,benchmark/frozen/combined_peer_universe_3wave_precomp.csv#row=441;candidate_id=EXT3-135;organization=Better Food Foundation,Executive Director,ED_or_President,"Raw selected/extracted title is ""Executive Director""; normalized to ED_or_President using the contains-CEO-or-Chief-Executive rule.",benchmark/deliverables/expanded_reference_set_144.csv#row=125;organization=Better Food Foundation | benchmark/scripts/normalize_and_analyze.py#L253-L254,topic/EA/expected_structure=precomp_frozen; final tier=post_verification_nonpay; title_group=derived_after_title_collection,precomp_normalized_metadata + final_nonpay_tiering + derived_title_group,https://apps.irs.gov/pub/epostcard/990/xml/2025/202533169349305288_public.xml,high,
reference_selection::SRC-990-EXT-BIPARTISAN-POLICY-CENTER,source_id,SRC-990-EXT-BIPARTISAN-POLICY-CENTER,EXT2-033,Bipartisan Policy Center,reference_selection,second expansion / filing verification,B,Tier B weighted secondary,Final selected reference tier B (Tier B weighted secondary); comparability score 75.0. Added by the second-expansion freeze and retained after role/scale verification; pay did not determine selection.,benchmark/deliverables/expanded_reference_set_144.csv#row=101;organization=Bipartisan Policy Center | benchmark/frozen/first_expansion_protocol.md#L40-L48 | benchmark/frozen/extension2_protocol_amendment.md#L17-L24,functional-only,functional-only,Preserved precomp EA assignment functional-only from the frozen candidate row; compensation did not determine this assignment.,benchmark/frozen/combined_peer_universe_3wave_precomp.csv#row=194;candidate_id=EXT2-033;organization=Bipartisan Policy Center,independent nonprofit,above_scale_related_org_pay,Preserved expected structure independent nonprofit from the frozen candidate row; this is an expected/legal-form label rather than a verified filing structure flag.,benchmark/frozen/combined_peer_universe_3wave_precomp.csv#row=194;candidate_id=EXT2-033;organization=Bipartisan Policy Center,"Research, evaluation, philanthropy infrastructure, and policy",,"Preserved precomp topic/model cluster Research, evaluation, philanthropy infrastructure, and policy from the frozen candidate row.",benchmark/frozen/combined_peer_universe_3wave_precomp.csv#row=194;candidate_id=EXT2-033;organization=Bipartisan Policy Center,President & CEO,CEO_title_match,"Raw selected/extracted title is ""President & CEO""; normalized to CEO_title_match using the contains-CEO-or-Chief-Executive rule.",benchmark/deliverables/expanded_reference_set_144.csv#row=101;organization=Bipartisan Policy Center | benchmark/scripts/normalize_and_analyze.py#L253-L254,topic/EA/expected_structure=precomp_frozen; final tier=post_verification_nonpay; title_group=derived_after_title_collection,precomp_normalized_metadata + final_nonpay_tiering + derived_title_group,https://apps.irs.gov/pub/epostcard/990/xml/2025/202513109349302561_public.xml,high,
reference_selection::SRC-990-EXT-BREAKTHROUGH-INSTITUTE,source_id,SRC-990-EXT-BREAKTHROUGH-INSTITUTE,EXT2-100,Breakthrough Institute,reference_selection,second expansion / filing verification,A,Tier A expanded primary,Final selected reference tier A (Tier A expanded primary); comparability score 88.0. Added by the second-expansion freeze and retained after role/scale verification; pay did not determine selection.,benchmark/deliverables/expanded_reference_set_144.csv#row=31;organization=Breakthrough Institute | benchmark/frozen/first_expansion_protocol.md#L40-L48 | benchmark/frozen/extension2_protocol_amendment.md#L17-L24,EA-adjacent,EA-adjacent,Preserved precomp EA assignment EA-adjacent from the frozen candidate row; compensation did not determine this assignment.,benchmark/frozen/combined_peer_universe_3wave_precomp.csv#row=261;candidate_id=EXT2-100;organization=Breakthrough Institute,independent nonprofit,none,Preserved expected structure independent nonprofit from the frozen candidate row; this is an expected/legal-form label rather than a verified filing structure flag.,benchmark/frozen/combined_peer_universe_3wave_precomp.csv#row=261;candidate_id=EXT2-100;organization=Breakthrough Institute,"Climate, environment, and evidence",,"Preserved precomp topic/model cluster Climate, environment, and evidence from the frozen candidate row.",benchmark/frozen/combined_peer_universe_3wave_precomp.csv#row=261;candidate_id=EXT2-100;organization=Breakthrough Institute,Executive Director,ED_or_President,"Raw selected/extracted title is ""Executive Director""; normalized to ED_or_President using the contains-CEO-or-Chief-Executive rule.",benchmark/deliverables/expanded_reference_set_144.csv#row=31;organization=Breakthrough Institute | benchmark/scripts/normalize_and_analyze.py#L253-L254,topic/EA/expected_structure=precomp_frozen; final tier=post_verification_nonpay; title_group=derived_after_title_collection,precomp_normalized_metadata + final_nonpay_tiering + derived_title_group,https://apps.irs.gov/pub/epostcard/990/xml/2026/202631469349301333_public.xml,high,
reference_selection::SRC-990-EXT-BULLETIN-OF-THE-ATOMIC-SCIENTISTS,source_id,SRC-990-EXT-BULLETIN-OF-THE-ATOMIC-SCIENTISTS,EXP-114,Bulletin of the Atomic Scientists,reference_selection,first expansion,A,Tier A expanded primary,Final selected reference tier A (Tier A expanded primary); comparability score 80.0. Selected under the first expansion protocol before systematic pay review.,benchmark/deliverables/expanded_reference_set_144.csv#row=73;organization=Bulletin of the Atomic Scientists | benchmark/frozen/first_expansion_protocol.md#L40-L48 | benchmark/frozen/extension2_protocol_amendment.md#L17-L24,EA-adjacent,EA-adjacent,Preserved precomp EA assignment EA-adjacent from the frozen candidate row; compensation did not determine this assignment.,benchmark/frozen/combined_peer_universe_3wave_precomp.csv#row=36;candidate_id=EXP-114;organization=Bulletin of the Atomic Scientists,independent nonprofit,publishing_research_hybrid,Preserved expected structure independent nonprofit from the frozen candidate row; this is an expected/legal-form label rather than a verified filing structure flag.,benchmark/frozen/combined_peer_universe_3wave_precomp.csv#row=36;candidate_id=EXP-114;organization=Bulletin of the Atomic Scientists,"AI, catastrophic risk, biosecurity, and technology policy","Research, publishing, and public policy.","Preserved precomp topic/model cluster AI, catastrophic risk, biosecurity, and technology policy from the frozen candidate row.",benchmark/frozen/combined_peer_universe_3wave_precomp.csv#row=36;candidate_id=EXP-114;organization=Bulletin of the Atomic Scientists,CEO,CEO_title_match,"Raw selected/extracted title is ""CEO""; normalized to CEO_title_match using the contains-CEO-or-Chief-Executive rule.",benchmark/deliverables/expanded_reference_set_144.csv#row=73;organization=Bulletin of the Atomic Scientists | benchmark/scripts/normalize_and_analyze.py#L253-L254,topic/EA/expected_structure=precomp_frozen; final tier=post_verification_nonpay; title_group=derived_after_title_collection,precomp_normalized_metadata + final_nonpay_tiering + derived_title_group,https://apps.irs.gov/pub/epostcard/990/xml/2026/202610149349301801_public.xml,high,
reference_selection::EXP-135,candidate_id,,EXP-135,Candid,reference_selection,first expansion,C,Tier C broad sensitivity,Final selected reference tier C (Tier C broad sensitivity); comparability score 57.0. Selected under the first expansion protocol before systematic pay review.,benchmark/deliverables/expanded_reference_set_144.csv#row=135;organization=Candid | benchmark/frozen/first_expansion_protocol.md#L40-L48 | benchmark/frozen/extension2_protocol_amendment.md#L17-L24,functional-only,functional-only,Preserved precomp EA assignment functional-only from the frozen candidate row; compensation did not determine this assignment.,benchmark/frozen/combined_peer_universe_3wave_precomp.csv#row=68;candidate_id=EXP-135;organization=Candid,independent nonprofit,,Preserved expected structure independent nonprofit from the frozen candidate row; this is an expected/legal-form label rather than a verified filing structure flag.,benchmark/frozen/combined_peer_universe_3wave_precomp.csv#row=68;candidate_id=EXP-135;organization=Candid,"Research, evaluation, philanthropy infrastructure, and policy",Nonprofit data and field infrastructure; larger scale likely.,"Preserved precomp topic/model cluster Research, evaluation, philanthropy infrastructure, and policy from the frozen candidate row.",benchmark/frozen/combined_peer_universe_3wave_precomp.csv#row=68;candidate_id=EXP-135;organization=Candid,,uncoded,No CEO title was available in the selected reference row; explainer records title_group=uncoded rather than forcing the analysis-code fallback.,benchmark/deliverables/expanded_reference_set_144.csv#row=135;organization=Candid,topic/EA/expected_structure=precomp_frozen; final tier=post_verification_nonpay; title_group=derived_after_title_collection,precomp_normalized_metadata + final_nonpay_tiering + derived_title_group,https://projects.propublica.org/nonprofits/,medium,No clean compensation/title observation collected for this selected organization.
reference_selection::SRC-990-EXT3-CARBON-MAPPER,source_id,SRC-990-EXT3-CARBON-MAPPER,EXT3-115,Carbon Mapper,reference_selection,third expansion / filing verification,A,Tier A expanded primary,Final selected reference tier A (Tier A expanded primary); comparability score 87.0. Added by the third-expansion freeze and retained after role/scale/title verification; pay did not determine selection.,benchmark/deliverables/expanded_reference_set_144.csv#row=36;organization=Carbon Mapper | benchmark/frozen/first_expansion_protocol.md#L40-L48 | benchmark/frozen/extension2_protocol_amendment.md#L17-L24,EA-adjacent,EA-adjacent,Preserved precomp EA assignment EA-adjacent from the frozen candidate row; compensation did not determine this assignment.,benchmark/frozen/combined_peer_universe_3wave_precomp.csv#row=421;candidate_id=EXT3-115;organization=Carbon Mapper,independent nonprofit,large_revenue_spike_and_technical_delivery,Preserved expected structure independent nonprofit from the frozen candidate row; this is an expected/legal-form label rather than a verified filing structure flag.,benchmark/frozen/combined_peer_universe_3wave_precomp.csv#row=421;candidate_id=EXT3-115;organization=Carbon Mapper,climate and evidence,Technical research and public data comparator,Preserved precomp topic/model cluster climate and evidence from the frozen candidate row.,benchmark/frozen/combined_peer_universe_3wave_precomp.csv#row=421;candidate_id=EXT3-115;organization=Carbon Mapper,Director & CEO,CEO_title_match,"Raw selected/extracted title is ""Director & CEO""; normalized to CEO_title_match using the contains-CEO-or-Chief-Executive rule.",benchmark/deliverables/expanded_reference_set_144.csv#row=36;organization=Carbon Mapper | benchmark/scripts/normalize_and_analyze.py#L253-L254,topic/EA/expected_structure=precomp_frozen; final tier=post_verification_nonpay; title_group=derived_after_title_collection,precomp_normalized_metadata + final_nonpay_tiering + derived_title_group,https://apps.irs.gov/pub/epostcard/990/xml/2026/202630139349300833_public.xml,high,
reference_selection::EXP-094,candidate_id,,EXP-094,Center for AI Policy,reference_selection,first expansion,C,Tier C broad sensitivity,Final selected reference tier C (Tier C broad sensitivity); comparability score 52.0. Selected under the first expansion protocol before systematic pay review.,benchmark/deliverables/expanded_reference_set_144.csv#row=144;organization=Center for AI Policy | benchmark/frozen/first_expansion_protocol.md#L40-L48 | benchmark/frozen/extension2_protocol_amendment.md#L17-L24,EA-adjacent,EA-adjacent,Preserved precomp EA assignment EA-adjacent from the frozen candidate row; compensation did not determine this assignment.,benchmark/frozen/combined_peer_universe_3wave_precomp.csv#row=77;candidate_id=EXP-094;organization=Center for AI Policy,independent nonprofit,,Preserved expected structure independent nonprofit from the frozen candidate row; this is an expected/legal-form label rather than a verified filing structure flag.,benchmark/frozen/combined_peer_universe_3wave_precomp.csv#row=77;candidate_id=EXP-094;organization=Center for AI Policy,"AI, catastrophic risk, biosecurity, and technology policy",AI policy research and advocacy.,"Preserved precomp topic/model cluster AI, catastrophic risk, biosecurity, and technology policy from the frozen candidate row.",benchmark/frozen/combined_peer_universe_3wave_precomp.csv#row=77;candidate_id=EXP-094;organization=Center for AI Policy,,uncoded,No CEO title was available in the selected reference row; explainer records title_group=uncoded rather than forcing the analysis-code fallback.,benchmark/deliverables/expanded_reference_set_144.csv#row=144;organization=Center for AI Policy,topic/EA/expected_structure=precomp_frozen; final tier=post_verification_nonpay; title_group=derived_after_title_collection,precomp_normalized_metadata + final_nonpay_tiering + derived_title_group,https://80000hours.org/topic/top-recommended-organisations/,medium,No clean compensation/title observation collected for this selected organization.
reference_selection::SRC-990-EXT-CENTER-FOR-AI-SAFETY,source_id,SRC-990-EXT-CENTER-FOR-AI-SAFETY,EXP-093,Center for AI Safety,reference_selection,first expansion,A,Tier A expanded primary,Final selected reference tier A (Tier A expanded primary); comparability score 94.0. Selected under the first expansion protocol before systematic pay review.,benchmark/deliverables/expanded_reference_set_144.csv#row=2;organization=Center for AI Safety | benchmark/frozen/first_expansion_protocol.md#L40-L48 | benchmark/frozen/extension2_protocol_amendment.md#L17-L24,EA-adjacent,EA-adjacent,Preserved precomp EA assignment EA-adjacent from the frozen candidate row; compensation did not determine this assignment.,benchmark/frozen/combined_peer_universe_3wave_precomp.csv#row=2;candidate_id=EXP-093;organization=Center for AI Safety,independent nonprofit,founder,Preserved expected structure independent nonprofit from the frozen candidate row; this is an expected/legal-form label rather than a verified filing structure flag.,benchmark/frozen/combined_peer_universe_3wave_precomp.csv#row=2;candidate_id=EXP-093;organization=Center for AI Safety,"AI, catastrophic risk, biosecurity, and technology policy",EA-adjacent technical and policy research.,"Preserved precomp topic/model cluster AI, catastrophic risk, biosecurity, and technology policy from the frozen candidate row.",benchmark/frozen/combined_peer_universe_3wave_precomp.csv#row=2;candidate_id=EXP-093;organization=Center for AI Safety,President & Treasurer,ED_or_President,"Raw selected/extracted title is ""President & Treasurer""; normalized to ED_or_President using the contains-CEO-or-Chief-Executive rule.",benchmark/deliverables/expanded_reference_set_144.csv#row=2;organization=Center for AI Safety | benchmark/scripts/normalize_and_analyze.py#L253-L254,topic/EA/expected_structure=precomp_frozen; final tier=post_verification_nonpay; title_group=derived_after_title_collection,precomp_normalized_metadata + final_nonpay_tiering + derived_title_group,https://apps.irs.gov/pub/epostcard/990/xml/2025/202503219349323615_public.xml,high,
reference_selection::SRC-990-EXT3-CENTER-FOR-ARMS-CONTROL-AND-NON-PROLIFERATION,source_id,SRC-990-EXT3-CENTER-FOR-ARMS-CONTROL-AND-NON-PROLIFERATION,EXT3-073,Center for Arms Control and Non-Proliferation,reference_selection,third expansion / filing verification,C,Tier C broad sensitivity,Final selected reference tier C (Tier C broad sensitivity); comparability score 68.0. Added by the third-expansion freeze and retained after role/scale/title verification; pay did not determine selection.,benchmark/deliverables/expanded_reference_set_144.csv#row=127;organization=Center for Arms Control and Non-Proliferation | benchmark/frozen/first_expansion_protocol.md#L40-L48 | benchmark/frozen/extension2_protocol_amendment.md#L17-L24,EA-adjacent,EA-adjacent,Preserved precomp EA assignment EA-adjacent from the frozen candidate row; compensation did not determine this assignment.,benchmark/frozen/combined_peer_universe_3wave_precomp.csv#row=379;candidate_id=EXT3-073;organization=Center for Arms Control and Non-Proliferation,independent nonprofit,well_below_scale,Preserved expected structure independent nonprofit from the frozen candidate row; this is an expected/legal-form label rather than a verified filing structure flag.,benchmark/frozen/combined_peer_universe_3wave_precomp.csv#row=379;candidate_id=EXT3-073;organization=Center for Arms Control and Non-Proliferation,nuclear risk and security,Nuclear risk policy comparator,Preserved precomp topic/model cluster nuclear risk and security from the frozen candidate row.,benchmark/frozen/combined_peer_universe_3wave_precomp.csv#row=379;candidate_id=EXT3-073;organization=Center for Arms Control and Non-Proliferation,Executive Director,ED_or_President,"Raw selected/extracted title is ""Executive Director""; normalized to ED_or_President using the contains-CEO-or-Chief-Executive rule.",benchmark/deliverables/expanded_reference_set_144.csv#row=127;organization=Center for Arms Control and Non-Proliferation | benchmark/scripts/normalize_and_analyze.py#L253-L254,topic/EA/expected_structure=precomp_frozen; final tier=post_verification_nonpay; title_group=derived_after_title_collection,precomp_normalized_metadata + final_nonpay_tiering + derived_title_group,https://apps.irs.gov/pub/epostcard/990/xml/2025/202523179349304722_public.xml,high,
reference_selection::SRC-990-EXT-CENTER-FOR-CLIMATE-AND-ENERGY-SOLUTIONS,source_id,SRC-990-EXT-CENTER-FOR-CLIMATE-AND-ENERGY-SOLUTIONS,EXT2-102,Center for Climate and Energy Solutions,reference_selection,second expansion / filing verification,A,Tier A expanded primary,Final selected reference tier A (Tier A expanded primary); comparability score 88.0. Added by the second-expansion freeze and retained after role/scale verification; pay did not determine selection.,benchmark/deliverables/expanded_reference_set_144.csv#row=32;organization=Center for Climate and Energy Solutions | benchmark/frozen/first_expansion_protocol.md#L40-L48 | benchmark/frozen/extension2_protocol_amendment.md#L17-L24,EA-adjacent,EA-adjacent,Preserved precomp EA assignment EA-adjacent from the frozen candidate row; compensation did not determine this assignment.,benchmark/frozen/combined_peer_universe_3wave_precomp.csv#row=263;candidate_id=EXT2-102;organization=Center for Climate and Energy Solutions,independent nonprofit,upper_edge_scale,Preserved expected structure independent nonprofit from the frozen candidate row; this is an expected/legal-form label rather than a verified filing structure flag.,benchmark/frozen/combined_peer_universe_3wave_precomp.csv#row=263;candidate_id=EXT2-102;organization=Center for Climate and Energy Solutions,"Climate, environment, and evidence",,"Preserved precomp topic/model cluster Climate, environment, and evidence from the frozen candidate row.",benchmark/frozen/combined_peer_universe_3wave_precomp.csv#row=263;candidate_id=EXT2-102;organization=Center for Climate and Energy Solutions,President,ED_or_President,"Raw selected/extracted title is ""President""; normalized to ED_or_President using the contains-CEO-or-Chief-Executive rule.",benchmark/deliverables/expanded_reference_set_144.csv#row=32;organization=Center for Climate and Energy Solutions | benchmark/scripts/normalize_and_analyze.py#L253-L254,topic/EA/expected_structure=precomp_frozen; final tier=post_verification_nonpay; title_group=derived_after_title_collection,precomp_normalized_metadata + final_nonpay_tiering + derived_title_group,https://apps.irs.gov/pub/epostcard/990/xml/2026/202631619349300808_public.xml,high,
reference_selection::SRC-990-EXT-CENTER-FOR-DEMOCRACY-TECHNOLOGY,source_id,SRC-990-EXT-CENTER-FOR-DEMOCRACY-TECHNOLOGY,EXP-123,Center for Democracy & Technology,reference_selection,first expansion,A,Tier A expanded primary,Final selected reference tier A (Tier A expanded primary); comparability score 92.0. Selected under the first expansion protocol before systematic pay review.,benchmark/deliverables/expanded_reference_set_144.csv#row=7;organization=Center for Democracy & Technology | benchmark/frozen/first_expansion_protocol.md#L40-L48 | benchmark/frozen/extension2_protocol_amendment.md#L17-L24,EA-adjacent,EA-adjacent,Preserved precomp EA assignment EA-adjacent from the frozen candidate row; compensation did not determine this assignment.,benchmark/frozen/combined_peer_universe_3wave_precomp.csv#row=7;candidate_id=EXP-123;organization=Center for Democracy & Technology,independent nonprofit,none,Preserved expected structure independent nonprofit from the frozen candidate row; this is an expected/legal-form label rather than a verified filing structure flag.,benchmark/frozen/combined_peer_universe_3wave_precomp.csv#row=7;candidate_id=EXP-123;organization=Center for Democracy & Technology,"AI, catastrophic risk, biosecurity, and technology policy",Technology policy research and advocacy; original strict peer.,"Preserved precomp topic/model cluster AI, catastrophic risk, biosecurity, and technology policy from the frozen candidate row.",benchmark/frozen/combined_peer_universe_3wave_precomp.csv#row=7;candidate_id=EXP-123;organization=Center for Democracy & Technology,President & CEO,CEO_title_match,"Raw selected/extracted title is ""President & CEO""; normalized to CEO_title_match using the contains-CEO-or-Chief-Executive rule.",benchmark/deliverables/expanded_reference_set_144.csv#row=7;organization=Center for Democracy & Technology | benchmark/scripts/normalize_and_analyze.py#L253-L254,topic/EA/expected_structure=precomp_frozen; final tier=post_verification_nonpay; title_group=derived_after_title_collection,precomp_normalized_metadata + final_nonpay_tiering + derived_title_group,https://apps.irs.gov/pub/epostcard/990/xml/2025/202533219349301933_public.xml,high,
reference_selection::SRC-990-EXT-CENTER-FOR-EFFECTIVE-PHILANTHROPY,source_id,SRC-990-EXT-CENTER-FOR-EFFECTIVE-PHILANTHROPY,EXP-134,Center for Effective Philanthropy,reference_selection,first expansion,A,Tier A expanded primary,Final selected reference tier A (Tier A expanded primary); comparability score 87.0. Selected under the first expansion protocol before systematic pay review.,benchmark/deliverables/expanded_reference_set_144.csv#row=37;organization=Center for Effective Philanthropy | benchmark/frozen/first_expansion_protocol.md#L40-L48 | benchmark/frozen/extension2_protocol_amendment.md#L17-L24,functional-only,functional-only,Preserved precomp EA assignment functional-only from the frozen candidate row; compensation did not determine this assignment.,benchmark/frozen/combined_peer_universe_3wave_precomp.csv#row=16;candidate_id=EXP-134;organization=Center for Effective Philanthropy,independent nonprofit,none,Preserved expected structure independent nonprofit from the frozen candidate row; this is an expected/legal-form label rather than a verified filing structure flag.,benchmark/frozen/combined_peer_universe_3wave_precomp.csv#row=16;candidate_id=EXP-134;organization=Center for Effective Philanthropy,"Research, evaluation, philanthropy infrastructure, and policy","Philanthropy research, benchmarking, and advisory.","Preserved precomp topic/model cluster Research, evaluation, philanthropy infrastructure, and policy from the frozen candidate row.",benchmark/frozen/combined_peer_universe_3wave_precomp.csv#row=16;candidate_id=EXP-134;organization=Center for Effective Philanthropy,President,ED_or_President,"Raw selected/extracted title is ""President""; normalized to ED_or_President using the contains-CEO-or-Chief-Executive rule.",benchmark/deliverables/expanded_reference_set_144.csv#row=37;organization=Center for Effective Philanthropy | benchmark/scripts/normalize_and_analyze.py#L253-L254,topic/EA/expected_structure=precomp_frozen; final tier=post_verification_nonpay; title_group=derived_after_title_collection,precomp_normalized_metadata + final_nonpay_tiering + derived_title_group,https://apps.irs.gov/pub/epostcard/990/xml/2026/202602039349300145_public.xml,high,
reference_selection::SRC-990-EXT3-CENTER-FOR-HEALTH-CARE-STRATEGIES,source_id,SRC-990-EXT3-CENTER-FOR-HEALTH-CARE-STRATEGIES,EXT3-020,Center for Health Care Strategies,reference_selection,third expansion / filing verification,A,Tier A expanded primary,Final selected reference tier A (Tier A expanded primary); comparability score 91.0. Added by the third-expansion freeze and retained after role/scale/title verification; pay did not determine selection.,benchmark/deliverables/expanded_reference_set_144.csv#row=12;organization=Center for Health Care Strategies | benchmark/frozen/first_expansion_protocol.md#L40-L48 | benchmark/frozen/extension2_protocol_amendment.md#L17-L24,functional-only,functional-only,Preserved precomp EA assignment functional-only from the frozen candidate row; compensation did not determine this assignment.,benchmark/frozen/combined_peer_universe_3wave_precomp.csv#row=326;candidate_id=EXT3-020;organization=Center for Health Care Strategies,independent nonprofit,none,Preserved expected structure independent nonprofit from the frozen candidate row; this is an expected/legal-form label rather than a verified filing structure flag.,benchmark/frozen/combined_peer_universe_3wave_precomp.csv#row=326;candidate_id=EXT3-020;organization=Center for Health Care Strategies,health policy and evidence,Research and technical assistance comparator,Preserved precomp topic/model cluster health policy and evidence from the frozen candidate row.,benchmark/frozen/combined_peer_universe_3wave_precomp.csv#row=326;candidate_id=EXT3-020;organization=Center for Health Care Strategies,President & CEO,CEO_title_match,"Raw selected/extracted title is ""President & CEO""; normalized to CEO_title_match using the contains-CEO-or-Chief-Executive rule.",benchmark/deliverables/expanded_reference_set_144.csv#row=12;organization=Center for Health Care Strategies | benchmark/scripts/normalize_and_analyze.py#L253-L254,topic/EA/expected_structure=precomp_frozen; final tier=post_verification_nonpay; title_group=derived_after_title_collection,precomp_normalized_metadata + final_nonpay_tiering + derived_title_group,https://apps.irs.gov/pub/epostcard/990/xml/2026/202631279349304653_public.xml,high,
reference_selection::EXP-119,candidate_id,,EXP-119,Center for Humane Technology,reference_selection,first expansion,A,Tier A expanded primary,Final selected reference tier A (Tier A expanded primary); comparability score 89.0. Selected under the first expansion protocol before systematic pay review.,benchmark/deliverables/expanded_reference_set_144.csv#row=26;organization=Center for Humane Technology | benchmark/frozen/first_expansion_protocol.md#L40-L48 | benchmark/frozen/extension2_protocol_amendment.md#L17-L24,EA-adjacent,EA-adjacent,Preserved precomp EA assignment EA-adjacent from the frozen candidate row; compensation did not determine this assignment.,benchmark/frozen/combined_peer_universe_3wave_precomp.csv#row=11;candidate_id=EXP-119;organization=Center for Humane Technology,independent nonprofit,,Preserved expected structure independent nonprofit from the frozen candidate row; this is an expected/legal-form label rather than a verified filing structure flag.,benchmark/frozen/combined_peer_universe_3wave_precomp.csv#row=11;candidate_id=EXP-119;organization=Center for Humane Technology,"AI, catastrophic risk, biosecurity, and technology policy","Technology research, advocacy, and field building.","Preserved precomp topic/model cluster AI, catastrophic risk, biosecurity, and technology policy from the frozen candidate row.",benchmark/frozen/combined_peer_universe_3wave_precomp.csv#row=11;candidate_id=EXP-119;organization=Center for Humane Technology,,uncoded,No CEO title was available in the selected reference row; explainer records title_group=uncoded rather than forcing the analysis-code fallback.,benchmark/deliverables/expanded_reference_set_144.csv#row=26;organization=Center for Humane Technology,topic/EA/expected_structure=precomp_frozen; final tier=post_verification_nonpay; title_group=derived_after_title_collection,precomp_normalized_metadata + final_nonpay_tiering + derived_title_group,https://80000hours.org/topic/top-recommended-organisations/,medium,No clean compensation/title observation collected for this selected organization.
reference_selection::SRC-990-EXT3-CENTER-FOR-INTERNATIONAL-POLICY,source_id,SRC-990-EXT3-CENTER-FOR-INTERNATIONAL-POLICY,EXT3-071,Center for International Policy,reference_selection,third expansion / filing verification,C,Tier C broad sensitivity,Final selected reference tier C (Tier C broad sensitivity); comparability score 68.0. Added by the third-expansion freeze and retained after role/scale/title verification; pay did not determine selection.,benchmark/deliverables/expanded_reference_set_144.csv#row=128;organization=Center for International Policy | benchmark/frozen/first_expansion_protocol.md#L40-L48 | benchmark/frozen/extension2_protocol_amendment.md#L17-L24,EA-adjacent,EA-adjacent,Preserved precomp EA assignment EA-adjacent from the frozen candidate row; compensation did not determine this assignment.,benchmark/frozen/combined_peer_universe_3wave_precomp.csv#row=377;candidate_id=EXT3-071;organization=Center for International Policy,independent nonprofit,well_below_scale_and_deficit_year,Preserved expected structure independent nonprofit from the frozen candidate row; this is an expected/legal-form label rather than a verified filing structure flag.,benchmark/frozen/combined_peer_universe_3wave_precomp.csv#row=377;candidate_id=EXT3-071;organization=Center for International Policy,security and foreign policy,Foreign policy research comparator,Preserved precomp topic/model cluster security and foreign policy from the frozen candidate row.,benchmark/frozen/combined_peer_universe_3wave_precomp.csv#row=377;candidate_id=EXT3-071;organization=Center for International Policy,President & CEO,CEO_title_match,"Raw selected/extracted title is ""President & CEO""; normalized to CEO_title_match using the contains-CEO-or-Chief-Executive rule.",benchmark/deliverables/expanded_reference_set_144.csv#row=128;organization=Center for International Policy | benchmark/scripts/normalize_and_analyze.py#L253-L254,topic/EA/expected_structure=precomp_frozen; final tier=post_verification_nonpay; title_group=derived_after_title_collection,precomp_normalized_metadata + final_nonpay_tiering + derived_title_group,https://apps.irs.gov/pub/epostcard/990/xml/2025/202513189349309501_public.xml,high,
reference_selection::SRC-990-EXT-CENTER-FOR-LAW-AND-SOCIAL-POLICY,source_id,SRC-990-EXT-CENTER-FOR-LAW-AND-SOCIAL-POLICY,EXP-156,Center for Law and Social Policy,reference_selection,first expansion,A,Tier A expanded primary,Final selected reference tier A (Tier A expanded primary); comparability score 81.0. Selected under the first expansion protocol before systematic pay review.,benchmark/deliverables/expanded_reference_set_144.csv#row=69;organization=Center for Law and Social Policy | benchmark/frozen/first_expansion_protocol.md#L40-L48 | benchmark/frozen/extension2_protocol_amendment.md#L17-L24,functional-only,functional-only,Preserved precomp EA assignment functional-only from the frozen candidate row; compensation did not determine this assignment.,benchmark/frozen/combined_peer_universe_3wave_precomp.csv#row=32;candidate_id=EXP-156;organization=Center for Law and Social Policy,independent nonprofit,leadership_transition,Preserved expected structure independent nonprofit from the frozen candidate row; this is an expected/legal-form label rather than a verified filing structure flag.,benchmark/frozen/combined_peer_universe_3wave_precomp.csv#row=32;candidate_id=EXP-156;organization=Center for Law and Social Policy,"Research, evaluation, philanthropy infrastructure, and policy",Research and policy advocacy.,"Preserved precomp topic/model cluster Research, evaluation, philanthropy infrastructure, and policy from the frozen candidate row.",benchmark/frozen/combined_peer_universe_3wave_precomp.csv#row=32;candidate_id=EXP-156;organization=Center for Law and Social Policy,,uncoded,No CEO title was available in the selected reference row; explainer records title_group=uncoded rather than forcing the analysis-code fallback.,benchmark/deliverables/expanded_reference_set_144.csv#row=69;organization=Center for Law and Social Policy,topic/EA/expected_structure=precomp_frozen; final tier=post_verification_nonpay; title_group=derived_after_title_collection,precomp_normalized_metadata + final_nonpay_tiering + derived_title_group,https://projects.propublica.org/nonprofits/,medium,No clean compensation/title observation collected for this selected organization.
reference_selection::SRC-990-EXT-CENTER-FOR-OPEN-SCIENCE,source_id,SRC-990-EXT-CENTER-FOR-OPEN-SCIENCE,EXP-131,Center for Open Science,reference_selection,first expansion,A,Tier A expanded primary,Final selected reference tier A (Tier A expanded primary); comparability score 87.0. Selected under the first expansion protocol before systematic pay review.,benchmark/deliverables/expanded_reference_set_144.csv#row=38;organization=Center for Open Science | benchmark/frozen/first_expansion_protocol.md#L40-L48 | benchmark/frozen/extension2_protocol_amendment.md#L17-L24,functional-only,functional-only,Preserved precomp EA assignment functional-only from the frozen candidate row; compensation did not determine this assignment.,benchmark/frozen/combined_peer_universe_3wave_precomp.csv#row=17;candidate_id=EXP-131;organization=Center for Open Science,independent nonprofit,founder,Preserved expected structure independent nonprofit from the frozen candidate row; this is an expected/legal-form label rather than a verified filing structure flag.,benchmark/frozen/combined_peer_universe_3wave_precomp.csv#row=17;candidate_id=EXP-131;organization=Center for Open Science,"Research, evaluation, philanthropy infrastructure, and policy",Open-science research infrastructure; original strict peer.,"Preserved precomp topic/model cluster Research, evaluation, philanthropy infrastructure, and policy from the frozen candidate row.",benchmark/frozen/combined_peer_universe_3wave_precomp.csv#row=17;candidate_id=EXP-131;organization=Center for Open Science,Executive Director,ED_or_President,"Raw selected/extracted title is ""Executive Director""; normalized to ED_or_President using the contains-CEO-or-Chief-Executive rule.",benchmark/deliverables/expanded_reference_set_144.csv#row=38;organization=Center for Open Science | benchmark/scripts/normalize_and_analyze.py#L253-L254,topic/EA/expected_structure=precomp_frozen; final tier=post_verification_nonpay; title_group=derived_after_title_collection,precomp_normalized_metadata + final_nonpay_tiering + derived_title_group,https://apps.irs.gov/pub/epostcard/990/xml/2025/202513219349318466_public.xml,high,
reference_selection::SRC-990-EXT-CENTER-FOR-PUBLIC-INTEGRITY,source_id,SRC-990-EXT-CENTER-FOR-PUBLIC-INTEGRITY,EXT2-039,Center for Public Integrity,reference_selection,second expansion / filing verification,B,Tier B weighted secondary,Final selected reference tier B (Tier B weighted secondary); comparability score 84.0. Added by the second-expansion freeze and retained after role/scale verification; pay did not determine selection.,benchmark/deliverables/expanded_reference_set_144.csv#row=86;organization=Center for Public Integrity | benchmark/frozen/first_expansion_protocol.md#L40-L48 | benchmark/frozen/extension2_protocol_amendment.md#L17-L24,EA-adjacent,EA-adjacent,Preserved precomp EA assignment EA-adjacent from the frozen candidate row; compensation did not determine this assignment.,benchmark/frozen/combined_peer_universe_3wave_precomp.csv#row=200;candidate_id=EXT2-039;organization=Center for Public Integrity,independent nonprofit,older_clean_due_transition,Preserved expected structure independent nonprofit from the frozen candidate row; this is an expected/legal-form label rather than a verified filing structure flag.,benchmark/frozen/combined_peer_universe_3wave_precomp.csv#row=200;candidate_id=EXT2-039;organization=Center for Public Integrity,"Research, evaluation, philanthropy infrastructure, and policy",,"Preserved precomp topic/model cluster Research, evaluation, philanthropy infrastructure, and policy from the frozen candidate row.",benchmark/frozen/combined_peer_universe_3wave_precomp.csv#row=200;candidate_id=EXT2-039;organization=Center for Public Integrity,Chief Executive Officer,CEO_title_match,"Raw selected/extracted title is ""Chief Executive Officer""; normalized to CEO_title_match using the contains-CEO-or-Chief-Executive rule.",benchmark/deliverables/expanded_reference_set_144.csv#row=86;organization=Center for Public Integrity | benchmark/scripts/normalize_and_analyze.py#L253-L254,topic/EA/expected_structure=precomp_frozen; final tier=post_verification_nonpay; title_group=derived_after_title_collection,precomp_normalized_metadata + final_nonpay_tiering + derived_title_group,https://apps.irs.gov/pub/epostcard/990/xml/2024/202412399349300756_public.xml,high,
reference_selection::SRC-990-EXT-CENTER-FOR-A-NEW-AMERICAN-SECURITY,source_id,SRC-990-EXT-CENTER-FOR-A-NEW-AMERICAN-SECURITY,EXT2-006,Center for a New American Security,reference_selection,second expansion / filing verification,A,Tier A expanded primary,Final selected reference tier A (Tier A expanded primary); comparability score 86.0. Added by the second-expansion freeze and retained after role/scale verification; pay did not determine selection.,benchmark/deliverables/expanded_reference_set_144.csv#row=47;organization=Center for a New American Security | benchmark/frozen/first_expansion_protocol.md#L40-L48 | benchmark/frozen/extension2_protocol_amendment.md#L17-L24,EA-adjacent,EA-adjacent,Preserved precomp EA assignment EA-adjacent from the frozen candidate row; compensation did not determine this assignment.,benchmark/frozen/combined_peer_universe_3wave_precomp.csv#row=167;candidate_id=EXT2-006;organization=Center for a New American Security,independent nonprofit,none,Preserved expected structure independent nonprofit from the frozen candidate row; this is an expected/legal-form label rather than a verified filing structure flag.,benchmark/frozen/combined_peer_universe_3wave_precomp.csv#row=167;candidate_id=EXT2-006;organization=Center for a New American Security,"AI, catastrophic risk, biosecurity, and technology policy",,"Preserved precomp topic/model cluster AI, catastrophic risk, biosecurity, and technology policy from the frozen candidate row.",benchmark/frozen/combined_peer_universe_3wave_precomp.csv#row=167;candidate_id=EXT2-006;organization=Center for a New American Security,CEO,CEO_title_match,"Raw selected/extracted title is ""CEO""; normalized to CEO_title_match using the contains-CEO-or-Chief-Executive rule.",benchmark/deliverables/expanded_reference_set_144.csv#row=47;organization=Center for a New American Security | benchmark/scripts/normalize_and_analyze.py#L253-L254,topic/EA/expected_structure=precomp_frozen; final tier=post_verification_nonpay; title_group=derived_after_title_collection,precomp_normalized_metadata + final_nonpay_tiering + derived_title_group,https://apps.irs.gov/pub/epostcard/990/xml/2025/202542329349300819_public.xml,high,
reference_selection::SRC-990-EXT-CHARITY-NAVIGATOR,source_id,SRC-990-EXT-CHARITY-NAVIGATOR,EXP-133,Charity Navigator,reference_selection,first expansion,A,Tier A expanded primary,Final selected reference tier A (Tier A expanded primary); comparability score 86.0. Selected under the first expansion protocol before systematic pay review.,benchmark/deliverables/expanded_reference_set_144.csv#row=48;organization=Charity Navigator | benchmark/frozen/first_expansion_protocol.md#L40-L48 | benchmark/frozen/extension2_protocol_amendment.md#L17-L24,functional-only,functional-only,Preserved precomp EA assignment functional-only from the frozen candidate row; compensation did not determine this assignment.,benchmark/frozen/combined_peer_universe_3wave_precomp.csv#row=22;candidate_id=EXP-133;organization=Charity Navigator,independent nonprofit,none,Preserved expected structure independent nonprofit from the frozen candidate row; this is an expected/legal-form label rather than a verified filing structure flag.,benchmark/frozen/combined_peer_universe_3wave_precomp.csv#row=22;candidate_id=EXP-133;organization=Charity Navigator,"Research, evaluation, philanthropy infrastructure, and policy",Nonprofit evaluation and data; original strict peer.,"Preserved precomp topic/model cluster Research, evaluation, philanthropy infrastructure, and policy from the frozen candidate row.",benchmark/frozen/combined_peer_universe_3wave_precomp.csv#row=22;candidate_id=EXP-133;organization=Charity Navigator,President & CEO,CEO_title_match,"Raw selected/extracted title is ""President & CEO""; normalized to CEO_title_match using the contains-CEO-or-Chief-Executive rule.",benchmark/deliverables/expanded_reference_set_144.csv#row=48;organization=Charity Navigator | benchmark/scripts/normalize_and_analyze.py#L253-L254,topic/EA/expected_structure=precomp_frozen; final tier=post_verification_nonpay; title_group=derived_after_title_collection,precomp_normalized_metadata + final_nonpay_tiering + derived_title_group,https://apps.irs.gov/pub/epostcard/990/xml/2026/202640789349301509_public.xml,high,
reference_selection::EXP-056,candidate_id,,EXP-056,Charter Cities Institute,reference_selection,first expansion,B,Tier B weighted secondary,Final selected reference tier B (Tier B weighted secondary); comparability score 64.0. Selected under the first expansion protocol before systematic pay review.,benchmark/deliverables/expanded_reference_set_144.csv#row=116;organization=Charter Cities Institute | benchmark/frozen/first_expansion_protocol.md#L40-L48 | benchmark/frozen/extension2_protocol_amendment.md#L17-L24,EA-adjacent,EA-adjacent,Preserved precomp EA assignment EA-adjacent from the frozen candidate row; compensation did not determine this assignment.,benchmark/frozen/combined_peer_universe_3wave_precomp.csv#row=61;candidate_id=EXP-056;organization=Charter Cities Institute,independent nonprofit,,Preserved expected structure independent nonprofit from the frozen candidate row; this is an expected/legal-form label rather than a verified filing structure flag.,benchmark/frozen/combined_peer_universe_3wave_precomp.csv#row=61;candidate_id=EXP-056;organization=Charter Cities Institute,"Global health, development, and evidence","Research, policy, and technical advisory organization.","Preserved precomp topic/model cluster Global health, development, and evidence from the frozen candidate row.",benchmark/frozen/combined_peer_universe_3wave_precomp.csv#row=61;candidate_id=EXP-056;organization=Charter Cities Institute,,uncoded,No CEO title was available in the selected reference row; explainer records title_group=uncoded rather than forcing the analysis-code fallback.,benchmark/deliverables/expanded_reference_set_144.csv#row=116;organization=Charter Cities Institute,topic/EA/expected_structure=precomp_frozen; final tier=post_verification_nonpay; title_group=derived_after_title_collection,precomp_normalized_metadata + final_nonpay_tiering + derived_title_group,https://forum.effectivealtruism.org/topics/organizations-and-projects-in-effective-altruism,medium,No clean compensation/title observation collected for this selected organization.
reference_selection::SRC-990-EXT-CHICAGO-COUNCIL-ON-GLOBAL-AFFAIRS,source_id,SRC-990-EXT-CHICAGO-COUNCIL-ON-GLOBAL-AFFAIRS,EXT2-055,Chicago Council on Global Affairs,reference_selection,second expansion / filing verification,A,Tier A expanded primary,Final selected reference tier A (Tier A expanded primary); comparability score 84.0. Added by the second-expansion freeze and retained after role/scale verification; pay did not determine selection.,benchmark/deliverables/expanded_reference_set_144.csv#row=57;organization=Chicago Council on Global Affairs | benchmark/frozen/first_expansion_protocol.md#L40-L48 | benchmark/frozen/extension2_protocol_amendment.md#L17-L24,functional-only,functional-only,Preserved precomp EA assignment functional-only from the frozen candidate row; compensation did not determine this assignment.,benchmark/frozen/combined_peer_universe_3wave_precomp.csv#row=216;candidate_id=EXT2-055;organization=Chicago Council on Global Affairs,independent nonprofit,membership_and_events_mix,Preserved expected structure independent nonprofit from the frozen candidate row; this is an expected/legal-form label rather than a verified filing structure flag.,benchmark/frozen/combined_peer_universe_3wave_precomp.csv#row=216;candidate_id=EXT2-055;organization=Chicago Council on Global Affairs,"Research, evaluation, philanthropy infrastructure, and policy",,"Preserved precomp topic/model cluster Research, evaluation, philanthropy infrastructure, and policy from the frozen candidate row.",benchmark/frozen/combined_peer_universe_3wave_precomp.csv#row=216;candidate_id=EXT2-055;organization=Chicago Council on Global Affairs,President,ED_or_President,"Raw selected/extracted title is ""President""; normalized to ED_or_President using the contains-CEO-or-Chief-Executive rule.",benchmark/deliverables/expanded_reference_set_144.csv#row=57;organization=Chicago Council on Global Affairs | benchmark/scripts/normalize_and_analyze.py#L253-L254,topic/EA/expected_structure=precomp_frozen; final tier=post_verification_nonpay; title_group=derived_after_title_collection,precomp_normalized_metadata + final_nonpay_tiering + derived_title_group,https://apps.irs.gov/pub/epostcard/990/xml/2025/202543179349309229_public.xml,high,
reference_selection::SRC-990-EXT-CLEAN-AIR-TASK-FORCE,source_id,SRC-990-EXT-CLEAN-AIR-TASK-FORCE,EXT2-103,Clean Air Task Force,reference_selection,second expansion / filing verification,C,Tier C broad sensitivity,Final selected reference tier C (Tier C broad sensitivity); comparability score 75.0. Added by the second-expansion freeze and retained after role/scale verification; pay did not determine selection.,benchmark/deliverables/expanded_reference_set_144.csv#row=120;organization=Clean Air Task Force | benchmark/frozen/first_expansion_protocol.md#L40-L48 | benchmark/frozen/extension2_protocol_amendment.md#L17-L24,EA-adjacent,EA-adjacent,Preserved precomp EA assignment EA-adjacent from the frozen candidate row; compensation did not determine this assignment.,benchmark/frozen/combined_peer_universe_3wave_precomp.csv#row=264;candidate_id=EXT2-103;organization=Clean Air Task Force,independent nonprofit,above_primary_scale,Preserved expected structure independent nonprofit from the frozen candidate row; this is an expected/legal-form label rather than a verified filing structure flag.,benchmark/frozen/combined_peer_universe_3wave_precomp.csv#row=264;candidate_id=EXT2-103;organization=Clean Air Task Force,"Climate, environment, and evidence",,"Preserved precomp topic/model cluster Climate, environment, and evidence from the frozen candidate row.",benchmark/frozen/combined_peer_universe_3wave_precomp.csv#row=264;candidate_id=EXT2-103;organization=Clean Air Task Force,Executive Director,ED_or_President,"Raw selected/extracted title is ""Executive Director""; normalized to ED_or_President using the contains-CEO-or-Chief-Executive rule.",benchmark/deliverables/expanded_reference_set_144.csv#row=120;organization=Clean Air Task Force | benchmark/scripts/normalize_and_analyze.py#L253-L254,topic/EA/expected_structure=precomp_frozen; final tier=post_verification_nonpay; title_group=derived_after_title_collection,precomp_normalized_metadata + final_nonpay_tiering + derived_title_group,https://apps.irs.gov/pub/epostcard/990/xml/2025/202522829349300322_public.xml,high,
reference_selection::SRC-990-EXT-CLIMATE-CENTRAL,source_id,SRC-990-EXT-CLIMATE-CENTRAL,EXT2-099,Climate Central,reference_selection,second expansion / filing verification,A,Tier A expanded primary,Final selected reference tier A (Tier A expanded primary); comparability score 91.0. Added by the second-expansion freeze and retained after role/scale verification; pay did not determine selection.,benchmark/deliverables/expanded_reference_set_144.csv#row=13;organization=Climate Central | benchmark/frozen/first_expansion_protocol.md#L40-L48 | benchmark/frozen/extension2_protocol_amendment.md#L17-L24,EA-adjacent,EA-adjacent,Preserved precomp EA assignment EA-adjacent from the frozen candidate row; compensation did not determine this assignment.,benchmark/frozen/combined_peer_universe_3wave_precomp.csv#row=260;candidate_id=EXT2-099;organization=Climate Central,independent nonprofit,none,Preserved expected structure independent nonprofit from the frozen candidate row; this is an expected/legal-form label rather than a verified filing structure flag.,benchmark/frozen/combined_peer_universe_3wave_precomp.csv#row=260;candidate_id=EXT2-099;organization=Climate Central,"Climate, environment, and evidence",,"Preserved precomp topic/model cluster Climate, environment, and evidence from the frozen candidate row.",benchmark/frozen/combined_peer_universe_3wave_precomp.csv#row=260;candidate_id=EXT2-099;organization=Climate Central,CEO & Chief Scientist,CEO_title_match,"Raw selected/extracted title is ""CEO & Chief Scientist""; normalized to CEO_title_match using the contains-CEO-or-Chief-Executive rule.",benchmark/deliverables/expanded_reference_set_144.csv#row=13;organization=Climate Central | benchmark/scripts/normalize_and_analyze.py#L253-L254,topic/EA/expected_structure=precomp_frozen; final tier=post_verification_nonpay; title_group=derived_after_title_collection,precomp_normalized_metadata + final_nonpay_tiering + derived_title_group,https://apps.irs.gov/pub/epostcard/990/xml/2026/202631769349300823_public.xml,high,
reference_selection::SRC-990-EXT-CODE-FOR-SCIENCE-SOCIETY,source_id,SRC-990-EXT-CODE-FOR-SCIENCE-SOCIETY,EXP-145,Code for Science & Society,reference_selection,first expansion,A,Tier A expanded primary,Final selected reference tier A (Tier A expanded primary); comparability score 84.0. Selected under the first expansion protocol before systematic pay review.,benchmark/deliverables/expanded_reference_set_144.csv#row=58;organization=Code for Science & Society | benchmark/frozen/first_expansion_protocol.md#L40-L48 | benchmark/frozen/extension2_protocol_amendment.md#L17-L24,functional-only,functional-only,Preserved precomp EA assignment functional-only from the frozen candidate row; compensation did not determine this assignment.,benchmark/frozen/combined_peer_universe_3wave_precomp.csv#row=28;candidate_id=EXP-145;organization=Code for Science & Society,independent nonprofit,fiscal_sponsorship_platform,Preserved expected structure independent nonprofit from the frozen candidate row; this is an expected/legal-form label rather than a verified filing structure flag.,benchmark/frozen/combined_peer_universe_3wave_precomp.csv#row=28;candidate_id=EXP-145;organization=Code for Science & Society,"Research, evaluation, philanthropy infrastructure, and policy",Research infrastructure and fiscal sponsorship.,"Preserved precomp topic/model cluster Research, evaluation, philanthropy infrastructure, and policy from the frozen candidate row.",benchmark/frozen/combined_peer_universe_3wave_precomp.csv#row=28;candidate_id=EXP-145;organization=Code for Science & Society,Executive Director and President,ED_or_President,"Raw selected/extracted title is ""Executive Director and President""; normalized to ED_or_President using the contains-CEO-or-Chief-Executive rule.",benchmark/deliverables/expanded_reference_set_144.csv#row=58;organization=Code for Science & Society | benchmark/scripts/normalize_and_analyze.py#L253-L254,topic/EA/expected_structure=precomp_frozen; final tier=post_verification_nonpay; title_group=derived_after_title_collection,precomp_normalized_metadata + final_nonpay_tiering + derived_title_group,https://apps.irs.gov/pub/epostcard/990/xml/2026/202601359349304090_public.xml,high,
reference_selection::SRC-990-EXT-COMMITTEE-FOR-A-RESPONSIBLE-FEDERAL-BUDGET,source_id,SRC-990-EXT-COMMITTEE-FOR-A-RESPONSIBLE-FEDERAL-BUDGET,EXT2-047,Committee for a Responsible Federal Budget,reference_selection,second expansion / filing verification,A,Tier A expanded primary,Final selected reference tier A (Tier A expanded primary); comparability score 87.0. Added by the second-expansion freeze and retained after role/scale verification; pay did not determine selection.,benchmark/deliverables/expanded_reference_set_144.csv#row=39;organization=Committee for a Responsible Federal Budget | benchmark/frozen/first_expansion_protocol.md#L40-L48 | benchmark/frozen/extension2_protocol_amendment.md#L17-L24,functional-only,functional-only,Preserved precomp EA assignment functional-only from the frozen candidate row; compensation did not determine this assignment.,benchmark/frozen/combined_peer_universe_3wave_precomp.csv#row=208;candidate_id=EXT2-047;organization=Committee for a Responsible Federal Budget,independent nonprofit,none,Preserved expected structure independent nonprofit from the frozen candidate row; this is an expected/legal-form label rather than a verified filing structure flag.,benchmark/frozen/combined_peer_universe_3wave_precomp.csv#row=208;candidate_id=EXT2-047;organization=Committee for a Responsible Federal Budget,"Research, evaluation, philanthropy infrastructure, and policy",,"Preserved precomp topic/model cluster Research, evaluation, philanthropy infrastructure, and policy from the frozen candidate row.",benchmark/frozen/combined_peer_universe_3wave_precomp.csv#row=208;candidate_id=EXT2-047;organization=Committee for a Responsible Federal Budget,President,ED_or_President,"Raw selected/extracted title is ""President""; normalized to ED_or_President using the contains-CEO-or-Chief-Executive rule.",benchmark/deliverables/expanded_reference_set_144.csv#row=39;organization=Committee for a Responsible Federal Budget | benchmark/scripts/normalize_and_analyze.py#L253-L254,topic/EA/expected_structure=precomp_frozen; final tier=post_verification_nonpay; title_group=derived_after_title_collection,precomp_normalized_metadata + final_nonpay_tiering + derived_title_group,https://apps.irs.gov/pub/epostcard/990/xml/2026/202611949349301721_public.xml,high,
reference_selection::SRC-990-EXT-COMPASSION-IN-WORLD-FARMING-USA,source_id,SRC-990-EXT-COMPASSION-IN-WORLD-FARMING-USA,EXP-072,Compassion in World Farming USA,reference_selection,first expansion,B,Tier B weighted secondary,Final selected reference tier B (Tier B weighted secondary); comparability score 73.0. Selected under the first expansion protocol before systematic pay review.,benchmark/deliverables/expanded_reference_set_144.csv#row=104;organization=Compassion in World Farming USA | benchmark/frozen/first_expansion_protocol.md#L40-L48 | benchmark/frozen/extension2_protocol_amendment.md#L17-L24,EA-adjacent,EA-adjacent,Preserved precomp EA assignment EA-adjacent from the frozen candidate row; compensation did not determine this assignment.,benchmark/frozen/combined_peer_universe_3wave_precomp.csv#row=49;candidate_id=EXP-072;organization=Compassion in World Farming USA,international nonprofit affiliate,international_affiliate_older_clean,Preserved expected structure international nonprofit affiliate from the frozen candidate row; this is an expected/legal-form label rather than a verified filing structure flag.,benchmark/frozen/combined_peer_universe_3wave_precomp.csv#row=49;candidate_id=EXP-072;organization=Compassion in World Farming USA,Animal welfare and food systems,Research and advocacy; affiliate/entity complexity.,Preserved precomp topic/model cluster Animal welfare and food systems from the frozen candidate row.,benchmark/frozen/combined_peer_universe_3wave_precomp.csv#row=49;candidate_id=EXP-072;organization=Compassion in World Farming USA,,uncoded,No CEO title was available in the selected reference row; explainer records title_group=uncoded rather than forcing the analysis-code fallback.,benchmark/deliverables/expanded_reference_set_144.csv#row=104;organization=Compassion in World Farming USA,topic/EA/expected_structure=precomp_frozen; final tier=post_verification_nonpay; title_group=derived_after_title_collection,precomp_normalized_metadata + final_nonpay_tiering + derived_title_group,https://forum.effectivealtruism.org/topics/organizations-and-projects-in-effective-altruism,medium,No clean compensation/title observation collected for this selected organization.
reference_selection::SRC-990-EXT-COUNCIL-ON-STRATEGIC-RISKS,source_id,SRC-990-EXT-COUNCIL-ON-STRATEGIC-RISKS,EXP-115,Council on Strategic Risks,reference_selection,first expansion,A,Tier A expanded primary,Final selected reference tier A (Tier A expanded primary); comparability score 90.0. Selected under the first expansion protocol before systematic pay review.,benchmark/deliverables/expanded_reference_set_144.csv#row=22;organization=Council on Strategic Risks | benchmark/frozen/first_expansion_protocol.md#L40-L48 | benchmark/frozen/extension2_protocol_amendment.md#L17-L24,EA-adjacent,EA-adjacent,Preserved precomp EA assignment EA-adjacent from the frozen candidate row; compensation did not determine this assignment.,benchmark/frozen/combined_peer_universe_3wave_precomp.csv#row=10;candidate_id=EXP-115;organization=Council on Strategic Risks,independent nonprofit,none,Preserved expected structure independent nonprofit from the frozen candidate row; this is an expected/legal-form label rather than a verified filing structure flag.,benchmark/frozen/combined_peer_universe_3wave_precomp.csv#row=10;candidate_id=EXP-115;organization=Council on Strategic Risks,"AI, catastrophic risk, biosecurity, and technology policy",Research and policy on systemic risks.,"Preserved precomp topic/model cluster AI, catastrophic risk, biosecurity, and technology policy from the frozen candidate row.",benchmark/frozen/combined_peer_universe_3wave_precomp.csv#row=10;candidate_id=EXP-115;organization=Council on Strategic Risks,Chief Executive Officer,CEO_title_match,"Raw selected/extracted title is ""Chief Executive Officer""; normalized to CEO_title_match using the contains-CEO-or-Chief-Executive rule.",benchmark/deliverables/expanded_reference_set_144.csv#row=22;organization=Council on Strategic Risks | benchmark/scripts/normalize_and_analyze.py#L253-L254,topic/EA/expected_structure=precomp_frozen; final tier=post_verification_nonpay; title_group=derived_after_title_collection,precomp_normalized_metadata + final_nonpay_tiering + derived_title_group,https://apps.irs.gov/pub/epostcard/990/xml/2026/202601119349300825_public.xml,high,
reference_selection::SRC-990-EXT-CREATIVE-COMMONS,source_id,SRC-990-EXT-CREATIVE-COMMONS,EXT2-087,Creative Commons,reference_selection,second expansion / filing verification,B,Tier B weighted secondary,Final selected reference tier B (Tier B weighted secondary); comparability score 88.0. Added by the second-expansion freeze and retained after role/scale verification; pay did not determine selection.,benchmark/deliverables/expanded_reference_set_144.csv#row=81;organization=Creative Commons | benchmark/frozen/first_expansion_protocol.md#L40-L48 | benchmark/frozen/extension2_protocol_amendment.md#L17-L24,EA-adjacent,EA-adjacent,Preserved precomp EA assignment EA-adjacent from the frozen candidate row; compensation did not determine this assignment.,benchmark/frozen/combined_peer_universe_3wave_precomp.csv#row=248;candidate_id=EXT2-087;organization=Creative Commons,independent nonprofit,below_primary_scale_global_network,Preserved expected structure independent nonprofit from the frozen candidate row; this is an expected/legal-form label rather than a verified filing structure flag.,benchmark/frozen/combined_peer_universe_3wave_precomp.csv#row=248;candidate_id=EXT2-087;organization=Creative Commons,"Open science, research infrastructure, and knowledge dissemination",,"Preserved precomp topic/model cluster Open science, research infrastructure, and knowledge dissemination from the frozen candidate row.",benchmark/frozen/combined_peer_universe_3wave_precomp.csv#row=248;candidate_id=EXT2-087;organization=Creative Commons,Chief Executive Officer,CEO_title_match,"Raw selected/extracted title is ""Chief Executive Officer""; normalized to CEO_title_match using the contains-CEO-or-Chief-Executive rule.",benchmark/deliverables/expanded_reference_set_144.csv#row=81;organization=Creative Commons | benchmark/scripts/normalize_and_analyze.py#L253-L254,topic/EA/expected_structure=precomp_frozen; final tier=post_verification_nonpay; title_group=derived_after_title_collection,precomp_normalized_metadata + final_nonpay_tiering + derived_title_group,https://apps.irs.gov/pub/epostcard/990/xml/2025/202543179349306294_public.xml,high,
reference_selection::SRC-990-EXT-DATA-QUALITY-CAMPAIGN,source_id,SRC-990-EXT-DATA-QUALITY-CAMPAIGN,EXT2-037,Data Quality Campaign,reference_selection,second expansion / filing verification,A,Tier A expanded primary,Final selected reference tier A (Tier A expanded primary); comparability score 86.0. Added by the second-expansion freeze and retained after role/scale verification; pay did not determine selection.,benchmark/deliverables/expanded_reference_set_144.csv#row=49;organization=Data Quality Campaign | benchmark/frozen/first_expansion_protocol.md#L40-L48 | benchmark/frozen/extension2_protocol_amendment.md#L17-L24,functional-only,functional-only,Preserved precomp EA assignment functional-only from the frozen candidate row; compensation did not determine this assignment.,benchmark/frozen/combined_peer_universe_3wave_precomp.csv#row=198;candidate_id=EXT2-037;organization=Data Quality Campaign,independent nonprofit,none,Preserved expected structure independent nonprofit from the frozen candidate row; this is an expected/legal-form label rather than a verified filing structure flag.,benchmark/frozen/combined_peer_universe_3wave_precomp.csv#row=198;candidate_id=EXT2-037;organization=Data Quality Campaign,"Research, evaluation, philanthropy infrastructure, and policy",,"Preserved precomp topic/model cluster Research, evaluation, philanthropy infrastructure, and policy from the frozen candidate row.",benchmark/frozen/combined_peer_universe_3wave_precomp.csv#row=198;candidate_id=EXT2-037;organization=Data Quality Campaign,CEO/President,CEO_title_match,"Raw selected/extracted title is ""CEO/President""; normalized to CEO_title_match using the contains-CEO-or-Chief-Executive rule.",benchmark/deliverables/expanded_reference_set_144.csv#row=49;organization=Data Quality Campaign | benchmark/scripts/normalize_and_analyze.py#L253-L254,topic/EA/expected_structure=precomp_frozen; final tier=post_verification_nonpay; title_group=derived_after_title_collection,precomp_normalized_metadata + final_nonpay_tiering + derived_title_group,https://apps.irs.gov/pub/epostcard/990/xml/2026/202621339349304737_public.xml,high,
reference_selection::SRC-990-EXT-DATAKIND,source_id,SRC-990-EXT-DATAKIND,EXT3-030,DataKind,reference_selection,third expansion / filing verification,A,Tier A expanded primary,Final selected reference tier A (Tier A expanded primary); comparability score 92.0. Added by the third-expansion freeze and retained after role/scale/title verification; pay did not determine selection.,benchmark/deliverables/expanded_reference_set_144.csv#row=8;organization=DataKind | benchmark/frozen/first_expansion_protocol.md#L40-L48 | benchmark/frozen/extension2_protocol_amendment.md#L17-L24,EA-adjacent,EA-adjacent,Preserved precomp EA assignment EA-adjacent from the frozen candidate row; compensation did not determine this assignment.,benchmark/frozen/combined_peer_universe_3wave_precomp.csv#row=336;candidate_id=EXT3-030;organization=DataKind,independent nonprofit,none,Preserved expected structure independent nonprofit from the frozen candidate row; this is an expected/legal-form label rather than a verified filing structure flag.,benchmark/frozen/combined_peer_universe_3wave_precomp.csv#row=336;candidate_id=EXT3-030;organization=DataKind,data science and social impact,Research/technical assistance hybrid,Preserved precomp topic/model cluster data science and social impact from the frozen candidate row.,benchmark/frozen/combined_peer_universe_3wave_precomp.csv#row=336;candidate_id=EXT3-030;organization=DataKind,Chief Executive Officer,CEO_title_match,"Raw selected/extracted title is ""Chief Executive Officer""; normalized to CEO_title_match using the contains-CEO-or-Chief-Executive rule.",benchmark/deliverables/expanded_reference_set_144.csv#row=8;organization=DataKind | benchmark/scripts/normalize_and_analyze.py#L253-L254,topic/EA/expected_structure=precomp_frozen; final tier=post_verification_nonpay; title_group=derived_after_title_collection,precomp_normalized_metadata + final_nonpay_tiering + derived_title_group,https://apps.irs.gov/pub/epostcard/990/xml/2026/202640939349300014_public.xml,high,
reference_selection::SRC-990-EXT-DEMOS,source_id,SRC-990-EXT-DEMOS,EXT2-032,Demos,reference_selection,second expansion / filing verification,A,Tier A expanded primary,Final selected reference tier A (Tier A expanded primary); comparability score 91.0. Added by the second-expansion freeze and retained after role/scale verification; pay did not determine selection.,benchmark/deliverables/expanded_reference_set_144.csv#row=14;organization=Demos | benchmark/frozen/first_expansion_protocol.md#L40-L48 | benchmark/frozen/extension2_protocol_amendment.md#L17-L24,EA-adjacent,EA-adjacent,Preserved precomp EA assignment EA-adjacent from the frozen candidate row; compensation did not determine this assignment.,benchmark/frozen/combined_peer_universe_3wave_precomp.csv#row=193;candidate_id=EXT2-032;organization=Demos,independent nonprofit,none,Preserved expected structure independent nonprofit from the frozen candidate row; this is an expected/legal-form label rather than a verified filing structure flag.,benchmark/frozen/combined_peer_universe_3wave_precomp.csv#row=193;candidate_id=EXT2-032;organization=Demos,"Research, evaluation, philanthropy infrastructure, and policy",,"Preserved precomp topic/model cluster Research, evaluation, philanthropy infrastructure, and policy from the frozen candidate row.",benchmark/frozen/combined_peer_universe_3wave_precomp.csv#row=193;candidate_id=EXT2-032;organization=Demos,President,ED_or_President,"Raw selected/extracted title is ""President""; normalized to ED_or_President using the contains-CEO-or-Chief-Executive rule.",benchmark/deliverables/expanded_reference_set_144.csv#row=14;organization=Demos | benchmark/scripts/normalize_and_analyze.py#L253-L254,topic/EA/expected_structure=precomp_frozen; final tier=post_verification_nonpay; title_group=derived_after_title_collection,precomp_normalized_metadata + final_nonpay_tiering + derived_title_group,https://apps.irs.gov/pub/epostcard/990/xml/2025/202503159349306085_public.xml,high,
reference_selection::SRC-990-EXT-ECONOMIC-INNOVATION-GROUP,source_id,SRC-990-EXT-ECONOMIC-INNOVATION-GROUP,EXT3-008,Economic Innovation Group,reference_selection,third expansion / filing verification,B,Tier B weighted secondary,Final selected reference tier B (Tier B weighted secondary); comparability score 86.0. Added by the third-expansion freeze and retained after role/scale/title verification; pay did not determine selection.,benchmark/deliverables/expanded_reference_set_144.csv#row=83;organization=Economic Innovation Group | benchmark/frozen/first_expansion_protocol.md#L40-L48 | benchmark/frozen/extension2_protocol_amendment.md#L17-L24,functional-only,functional-only,Preserved precomp EA assignment functional-only from the frozen candidate row; compensation did not determine this assignment.,benchmark/frozen/combined_peer_universe_3wave_precomp.csv#row=314;candidate_id=EXT3-008;organization=Economic Innovation Group,independent nonprofit,501c4_and_first_class_travel_disclosed,Preserved expected structure independent nonprofit from the frozen candidate row; this is an expected/legal-form label rather than a verified filing structure flag.,benchmark/frozen/combined_peer_universe_3wave_precomp.csv#row=314;candidate_id=EXT3-008;organization=Economic Innovation Group,policy and evidence,Economic policy research comparator,Preserved precomp topic/model cluster policy and evidence from the frozen candidate row.,benchmark/frozen/combined_peer_universe_3wave_precomp.csv#row=314;candidate_id=EXT3-008;organization=Economic Innovation Group,President and CEO,CEO_title_match,"Raw selected/extracted title is ""President and CEO""; normalized to CEO_title_match using the contains-CEO-or-Chief-Executive rule.",benchmark/deliverables/expanded_reference_set_144.csv#row=83;organization=Economic Innovation Group | benchmark/scripts/normalize_and_analyze.py#L253-L254,topic/EA/expected_structure=precomp_frozen; final tier=post_verification_nonpay; title_group=derived_after_title_collection,precomp_normalized_metadata + final_nonpay_tiering + derived_title_group,https://apps.irs.gov/pub/epostcard/990/xml/2025/202513219349307891_public.xml,high,
reference_selection::SRC-990-EXT-ECONOMIC-POLICY-INSTITUTE,source_id,SRC-990-EXT-ECONOMIC-POLICY-INSTITUTE,EXT2-026,Economic Policy Institute,reference_selection,second expansion / filing verification,A,Tier A expanded primary,Final selected reference tier A (Tier A expanded primary); comparability score 86.0. Added by the second-expansion freeze and retained after role/scale verification; pay did not determine selection.,benchmark/deliverables/expanded_reference_set_144.csv#row=50;organization=Economic Policy Institute | benchmark/frozen/first_expansion_protocol.md#L40-L48 | benchmark/frozen/extension2_protocol_amendment.md#L17-L24,functional-only,functional-only,Preserved precomp EA assignment functional-only from the frozen candidate row; compensation did not determine this assignment.,benchmark/frozen/combined_peer_universe_3wave_precomp.csv#row=187;candidate_id=EXT2-026;organization=Economic Policy Institute,independent nonprofit,none,Preserved expected structure independent nonprofit from the frozen candidate row; this is an expected/legal-form label rather than a verified filing structure flag.,benchmark/frozen/combined_peer_universe_3wave_precomp.csv#row=187;candidate_id=EXT2-026;organization=Economic Policy Institute,"Research, evaluation, philanthropy infrastructure, and policy",,"Preserved precomp topic/model cluster Research, evaluation, philanthropy infrastructure, and policy from the frozen candidate row.",benchmark/frozen/combined_peer_universe_3wave_precomp.csv#row=187;candidate_id=EXT2-026;organization=Economic Policy Institute,President,ED_or_President,"Raw selected/extracted title is ""President""; normalized to ED_or_President using the contains-CEO-or-Chief-Executive rule.",benchmark/deliverables/expanded_reference_set_144.csv#row=50;organization=Economic Policy Institute | benchmark/scripts/normalize_and_analyze.py#L253-L254,topic/EA/expected_structure=precomp_frozen; final tier=post_verification_nonpay; title_group=derived_after_title_collection,precomp_normalized_metadata + final_nonpay_tiering + derived_title_group,https://apps.irs.gov/pub/epostcard/990/xml/2025/202542469349301614_public.xml,high,
reference_selection::EXP-110,candidate_id,,EXP-110,Effective Institutions Project,reference_selection,first expansion,C,Tier C broad sensitivity,Final selected reference tier C (Tier C broad sensitivity); comparability score 58.0. Selected under the first expansion protocol before systematic pay review.,benchmark/deliverables/expanded_reference_set_144.csv#row=134;organization=Effective Institutions Project | benchmark/frozen/first_expansion_protocol.md#L40-L48 | benchmark/frozen/extension2_protocol_amendment.md#L17-L24,EA-adjacent,EA-adjacent,Preserved precomp EA assignment EA-adjacent from the frozen candidate row; compensation did not determine this assignment.,benchmark/frozen/combined_peer_universe_3wave_precomp.csv#row=67;candidate_id=EXP-110;organization=Effective Institutions Project,nonprofit/project,,Preserved expected structure nonprofit/project from the frozen candidate row; this is an expected/legal-form label rather than a verified filing structure flag.,benchmark/frozen/combined_peer_universe_3wave_precomp.csv#row=67;candidate_id=EXP-110;organization=Effective Institutions Project,"AI, catastrophic risk, biosecurity, and technology policy",EA-adjacent institutional research and field building.,"Preserved precomp topic/model cluster AI, catastrophic risk, biosecurity, and technology policy from the frozen candidate row.",benchmark/frozen/combined_peer_universe_3wave_precomp.csv#row=67;candidate_id=EXP-110;organization=Effective Institutions Project,,uncoded,No CEO title was available in the selected reference row; explainer records title_group=uncoded rather than forcing the analysis-code fallback.,benchmark/deliverables/expanded_reference_set_144.csv#row=134;organization=Effective Institutions Project,topic/EA/expected_structure=precomp_frozen; final tier=post_verification_nonpay; title_group=derived_after_title_collection,precomp_normalized_metadata + final_nonpay_tiering + derived_title_group,https://80000hours.org/topic/top-recommended-organisations/,medium,No clean compensation/title observation collected for this selected organization.
reference_selection::SRC-990-EXT-ELECTRONIC-FRONTIER-FOUNDATION,source_id,SRC-990-EXT-ELECTRONIC-FRONTIER-FOUNDATION,EXP-125,Electronic Frontier Foundation,reference_selection,first expansion,A,Tier A expanded primary,Final selected reference tier A (Tier A expanded primary); comparability score 79.0. Selected under the first expansion protocol before systematic pay review.,benchmark/deliverables/expanded_reference_set_144.csv#row=74;organization=Electronic Frontier Foundation | benchmark/frozen/first_expansion_protocol.md#L40-L48 | benchmark/frozen/extension2_protocol_amendment.md#L17-L24,EA-adjacent,EA-adjacent,Preserved precomp EA assignment EA-adjacent from the frozen candidate row; compensation did not determine this assignment.,benchmark/frozen/combined_peer_universe_3wave_precomp.csv#row=37;candidate_id=EXP-125;organization=Electronic Frontier Foundation,independent nonprofit,legal_advocacy_hybrid,Preserved expected structure independent nonprofit from the frozen candidate row; this is an expected/legal-form label rather than a verified filing structure flag.,benchmark/frozen/combined_peer_universe_3wave_precomp.csv#row=37;candidate_id=EXP-125;organization=Electronic Frontier Foundation,"AI, catastrophic risk, biosecurity, and technology policy",Technology policy and legal advocacy; larger scale likely.,"Preserved precomp topic/model cluster AI, catastrophic risk, biosecurity, and technology policy from the frozen candidate row.",benchmark/frozen/combined_peer_universe_3wave_precomp.csv#row=37;candidate_id=EXP-125;organization=Electronic Frontier Foundation,Executive Director,ED_or_President,"Raw selected/extracted title is ""Executive Director""; normalized to ED_or_President using the contains-CEO-or-Chief-Executive rule.",benchmark/deliverables/expanded_reference_set_144.csv#row=74;organization=Electronic Frontier Foundation | benchmark/scripts/normalize_and_analyze.py#L253-L254,topic/EA/expected_structure=precomp_frozen; final tier=post_verification_nonpay; title_group=derived_after_title_collection,precomp_normalized_metadata + final_nonpay_tiering + derived_title_group,https://apps.irs.gov/pub/epostcard/990/xml/2026/202610989349301676_public.xml,high,
reference_selection::SRC-990-EXT-ENERGY-FOR-GROWTH-HUB,source_id,SRC-990-EXT-ENERGY-FOR-GROWTH-HUB,EXT3-101,Energy for Growth Hub,reference_selection,third expansion / filing verification,B,Tier B weighted secondary,Final selected reference tier B (Tier B weighted secondary); comparability score 82.0. Added by the third-expansion freeze and retained after role/scale/title verification; pay did not determine selection.,benchmark/deliverables/expanded_reference_set_144.csv#row=90;organization=Energy for Growth Hub | benchmark/frozen/first_expansion_protocol.md#L40-L48 | benchmark/frozen/extension2_protocol_amendment.md#L17-L24,EA-adjacent,EA-adjacent,Preserved precomp EA assignment EA-adjacent from the frozen candidate row; compensation did not determine this assignment.,benchmark/frozen/combined_peer_universe_3wave_precomp.csv#row=407;candidate_id=EXT3-101;organization=Energy for Growth Hub,independent nonprofit,none,Preserved expected structure independent nonprofit from the frozen candidate row; this is an expected/legal-form label rather than a verified filing structure flag.,benchmark/frozen/combined_peer_universe_3wave_precomp.csv#row=407;candidate_id=EXT3-101;organization=Energy for Growth Hub,global development and climate,Research and policy comparator,Preserved precomp topic/model cluster global development and climate from the frozen candidate row.,benchmark/frozen/combined_peer_universe_3wave_precomp.csv#row=407;candidate_id=EXT3-101;organization=Energy for Growth Hub,Executive Director,ED_or_President,"Raw selected/extracted title is ""Executive Director""; normalized to ED_or_President using the contains-CEO-or-Chief-Executive rule.",benchmark/deliverables/expanded_reference_set_144.csv#row=90;organization=Energy for Growth Hub | benchmark/scripts/normalize_and_analyze.py#L253-L254,topic/EA/expected_structure=precomp_frozen; final tier=post_verification_nonpay; title_group=derived_after_title_collection,precomp_normalized_metadata + final_nonpay_tiering + derived_title_group,https://apps.irs.gov/pub/epostcard/990/xml/2025/202513219349322806_public.xml,high,
reference_selection::SRC-990-EXT-ENVIRONMENTAL-LAW-INSTITUTE,source_id,SRC-990-EXT-ENVIRONMENTAL-LAW-INSTITUTE,EXT2-109,Environmental Law Institute,reference_selection,second expansion / filing verification,A,Tier A expanded primary,Final selected reference tier A (Tier A expanded primary); comparability score 90.0. Added by the second-expansion freeze and retained after role/scale verification; pay did not determine selection.,benchmark/deliverables/expanded_reference_set_144.csv#row=23;organization=Environmental Law Institute | benchmark/frozen/first_expansion_protocol.md#L40-L48 | benchmark/frozen/extension2_protocol_amendment.md#L17-L24,functional-only,functional-only,Preserved precomp EA assignment functional-only from the frozen candidate row; compensation did not determine this assignment.,benchmark/frozen/combined_peer_universe_3wave_precomp.csv#row=270;candidate_id=EXT2-109;organization=Environmental Law Institute,independent nonprofit,none,Preserved expected structure independent nonprofit from the frozen candidate row; this is an expected/legal-form label rather than a verified filing structure flag.,benchmark/frozen/combined_peer_universe_3wave_precomp.csv#row=270;candidate_id=EXT2-109;organization=Environmental Law Institute,"Climate, environment, and evidence",,"Preserved precomp topic/model cluster Climate, environment, and evidence from the frozen candidate row.",benchmark/frozen/combined_peer_universe_3wave_precomp.csv#row=270;candidate_id=EXT2-109;organization=Environmental Law Institute,President,ED_or_President,"Raw selected/extracted title is ""President""; normalized to ED_or_President using the contains-CEO-or-Chief-Executive rule.",benchmark/deliverables/expanded_reference_set_144.csv#row=23;organization=Environmental Law Institute | benchmark/scripts/normalize_and_analyze.py#L253-L254,topic/EA/expected_structure=precomp_frozen; final tier=post_verification_nonpay; title_group=derived_after_title_collection,precomp_normalized_metadata + final_nonpay_tiering + derived_title_group,https://apps.irs.gov/pub/epostcard/990/xml/2025/202522619349300012_public.xml,high,
reference_selection::SRC-990-EXT-EVIDENCE-ACTION,source_id,SRC-990-EXT-EVIDENCE-ACTION,EXP-031,Evidence Action,reference_selection,first expansion,B,Tier B weighted secondary,Final selected reference tier B (Tier B weighted secondary); comparability score 69.0. Selected under the first expansion protocol before systematic pay review.,benchmark/deliverables/expanded_reference_set_144.csv#row=113;organization=Evidence Action | benchmark/frozen/first_expansion_protocol.md#L40-L48 | benchmark/frozen/extension2_protocol_amendment.md#L17-L24,EA-adjacent,EA-adjacent,Preserved precomp EA assignment EA-adjacent from the frozen candidate row; compensation did not determine this assignment.,benchmark/frozen/combined_peer_universe_3wave_precomp.csv#row=58;candidate_id=EXP-031;organization=Evidence Action,independent nonprofit,above_scale_delivery_hybrid,Preserved expected structure independent nonprofit from the frozen candidate row; this is an expected/legal-form label rather than a verified filing structure flag.,benchmark/frozen/combined_peer_universe_3wave_precomp.csv#row=58;candidate_id=EXP-031;organization=Evidence Action,"Global health, development, and evidence",Evidence-based program delivery and research; delivery intensity sensitivity.,"Preserved precomp topic/model cluster Global health, development, and evidence from the frozen candidate row.",benchmark/frozen/combined_peer_universe_3wave_precomp.csv#row=58;candidate_id=EXP-031;organization=Evidence Action,Chief Executive Officer,CEO_title_match,"Raw selected/extracted title is ""Chief Executive Officer""; normalized to CEO_title_match using the contains-CEO-or-Chief-Executive rule.",benchmark/deliverables/expanded_reference_set_144.csv#row=113;organization=Evidence Action | benchmark/scripts/normalize_and_analyze.py#L253-L254,topic/EA/expected_structure=precomp_frozen; final tier=post_verification_nonpay; title_group=derived_after_title_collection,precomp_normalized_metadata + final_nonpay_tiering + derived_title_group,https://apps.irs.gov/pub/epostcard/990/xml/2025/202512829349302256_public.xml,high,
reference_selection::SRC-990-EXT-EXPONENT-PHILANTHROPY,source_id,SRC-990-EXT-EXPONENT-PHILANTHROPY,EXP-140,Exponent Philanthropy,reference_selection,first expansion,B,Tier B weighted secondary,Final selected reference tier B (Tier B weighted secondary); comparability score 74.0. Selected under the first expansion protocol before systematic pay review.,benchmark/deliverables/expanded_reference_set_144.csv#row=102;organization=Exponent Philanthropy | benchmark/frozen/first_expansion_protocol.md#L40-L48 | benchmark/frozen/extension2_protocol_amendment.md#L17-L24,functional-only,functional-only,Preserved precomp EA assignment functional-only from the frozen candidate row; compensation did not determine this assignment.,benchmark/frozen/combined_peer_universe_3wave_precomp.csv#row=48;candidate_id=EXP-140;organization=Exponent Philanthropy,independent nonprofit,below_primary_scale,Preserved expected structure independent nonprofit from the frozen candidate row; this is an expected/legal-form label rather than a verified filing structure flag.,benchmark/frozen/combined_peer_universe_3wave_precomp.csv#row=48;candidate_id=EXP-140;organization=Exponent Philanthropy,"Research, evaluation, philanthropy infrastructure, and policy",Philanthropy field building and education.,"Preserved precomp topic/model cluster Research, evaluation, philanthropy infrastructure, and policy from the frozen candidate row.",benchmark/frozen/combined_peer_universe_3wave_precomp.csv#row=48;candidate_id=EXP-140;organization=Exponent Philanthropy,Chief Executive Officer,CEO_title_match,"Raw selected/extracted title is ""Chief Executive Officer""; normalized to CEO_title_match using the contains-CEO-or-Chief-Executive rule.",benchmark/deliverables/expanded_reference_set_144.csv#row=102;organization=Exponent Philanthropy | benchmark/scripts/normalize_and_analyze.py#L253-L254,topic/EA/expected_structure=precomp_frozen; final tier=post_verification_nonpay; title_group=derived_after_title_collection,precomp_normalized_metadata + final_nonpay_tiering + derived_title_group,https://apps.irs.gov/pub/epostcard/990/xml/2026/202621699349300132_public.xml,high,
reference_selection::SRC-990-EXT-FAR-AI,source_id,SRC-990-EXT-FAR-AI,EXP-096,FAR AI,reference_selection,first expansion,A,Tier A expanded primary,Final selected reference tier A (Tier A expanded primary); comparability score 91.0. Selected under the first expansion protocol before systematic pay review.,benchmark/deliverables/expanded_reference_set_144.csv#row=15;organization=FAR AI | benchmark/frozen/first_expansion_protocol.md#L40-L48 | benchmark/frozen/extension2_protocol_amendment.md#L17-L24,EA-adjacent,EA-adjacent,Preserved precomp EA assignment EA-adjacent from the frozen candidate row; compensation did not determine this assignment.,benchmark/frozen/combined_peer_universe_3wave_precomp.csv#row=8;candidate_id=EXP-096;organization=FAR AI,independent nonprofit,none,Preserved expected structure independent nonprofit from the frozen candidate row; this is an expected/legal-form label rather than a verified filing structure flag.,benchmark/frozen/combined_peer_universe_3wave_precomp.csv#row=8;candidate_id=EXP-096;organization=FAR AI,"AI, catastrophic risk, biosecurity, and technology policy",AI safety research and field building.,"Preserved precomp topic/model cluster AI, catastrophic risk, biosecurity, and technology policy from the frozen candidate row.",benchmark/frozen/combined_peer_universe_3wave_precomp.csv#row=8;candidate_id=EXP-096;organization=FAR AI,President/CEO,CEO_title_match,"Raw selected/extracted title is ""President/CEO""; normalized to CEO_title_match using the contains-CEO-or-Chief-Executive rule.",benchmark/deliverables/expanded_reference_set_144.csv#row=15;organization=FAR AI | benchmark/scripts/normalize_and_analyze.py#L253-L254,topic/EA/expected_structure=precomp_frozen; final tier=post_verification_nonpay; title_group=derived_after_title_collection,precomp_normalized_metadata + final_nonpay_tiering + derived_title_group,https://apps.irs.gov/pub/epostcard/990/xml/2025/202543189349316054_public.xml,high,
reference_selection::EXP-073,candidate_id,,EXP-073,Farm Forward,reference_selection,first expansion,C,Tier C broad sensitivity,Final selected reference tier C (Tier C broad sensitivity); comparability score 53.0. Selected under the first expansion protocol before systematic pay review.,benchmark/deliverables/expanded_reference_set_144.csv#row=141;organization=Farm Forward | benchmark/frozen/first_expansion_protocol.md#L40-L48 | benchmark/frozen/extension2_protocol_amendment.md#L17-L24,EA-adjacent,EA-adjacent,Preserved precomp EA assignment EA-adjacent from the frozen candidate row; compensation did not determine this assignment.,benchmark/frozen/combined_peer_universe_3wave_precomp.csv#row=74;candidate_id=EXP-073;organization=Farm Forward,independent nonprofit,,Preserved expected structure independent nonprofit from the frozen candidate row; this is an expected/legal-form label rather than a verified filing structure flag.,benchmark/frozen/combined_peer_universe_3wave_precomp.csv#row=74;candidate_id=EXP-073;organization=Farm Forward,Animal welfare and food systems,"Research, advocacy, and institutional consulting.",Preserved precomp topic/model cluster Animal welfare and food systems from the frozen candidate row.,benchmark/frozen/combined_peer_universe_3wave_precomp.csv#row=74;candidate_id=EXP-073;organization=Farm Forward,,uncoded,No CEO title was available in the selected reference row; explainer records title_group=uncoded rather than forcing the analysis-code fallback.,benchmark/deliverables/expanded_reference_set_144.csv#row=141;organization=Farm Forward,topic/EA/expected_structure=precomp_frozen; final tier=post_verification_nonpay; title_group=derived_after_title_collection,precomp_normalized_metadata + final_nonpay_tiering + derived_title_group,https://forum.effectivealtruism.org/topics/organizations-and-projects-in-effective-altruism,medium,No clean compensation/title observation collected for this selected organization.
reference_selection::SRC-990-EXT-FARM-SANCTUARY,source_id,SRC-990-EXT-FARM-SANCTUARY,EXP-074,Farm Sanctuary,reference_selection,first expansion,B,Tier B weighted secondary,Final selected reference tier B (Tier B weighted secondary); comparability score 71.0. Selected under the first expansion protocol before systematic pay review.,benchmark/deliverables/expanded_reference_set_144.csv#row=110;organization=Farm Sanctuary | benchmark/frozen/first_expansion_protocol.md#L40-L48 | benchmark/frozen/extension2_protocol_amendment.md#L17-L24,EA-adjacent,EA-adjacent,Preserved precomp EA assignment EA-adjacent from the frozen candidate row; compensation did not determine this assignment.,benchmark/frozen/combined_peer_universe_3wave_precomp.csv#row=55;candidate_id=EXP-074;organization=Farm Sanctuary,independent nonprofit,sanctuary_delivery_older_clean,Preserved expected structure independent nonprofit from the frozen candidate row; this is an expected/legal-form label rather than a verified filing structure flag.,benchmark/frozen/combined_peer_universe_3wave_precomp.csv#row=55;candidate_id=EXP-074;organization=Farm Sanctuary,Animal welfare and food systems,Advocacy plus sanctuary operations; field-delivery sensitivity.,Preserved precomp topic/model cluster Animal welfare and food systems from the frozen candidate row.,benchmark/frozen/combined_peer_universe_3wave_precomp.csv#row=55;candidate_id=EXP-074;organization=Farm Sanctuary,CEO,CEO_title_match,"Raw selected/extracted title is ""CEO""; normalized to CEO_title_match using the contains-CEO-or-Chief-Executive rule.",benchmark/deliverables/expanded_reference_set_144.csv#row=110;organization=Farm Sanctuary | benchmark/scripts/normalize_and_analyze.py#L253-L254,topic/EA/expected_structure=precomp_frozen; final tier=post_verification_nonpay; title_group=derived_after_title_collection,precomp_normalized_metadata + final_nonpay_tiering + derived_title_group,https://apps.irs.gov/pub/epostcard/990/xml/2024/202422699349301652_public.xml,high,
reference_selection::EXP-062,candidate_id,,EXP-062,Faunalytics,reference_selection,first expansion,B,Tier B weighted secondary,Final selected reference tier B (Tier B weighted secondary); comparability score 64.0. Selected under the first expansion protocol before systematic pay review.,benchmark/deliverables/expanded_reference_set_144.csv#row=117;organization=Faunalytics | benchmark/frozen/first_expansion_protocol.md#L40-L48 | benchmark/frozen/extension2_protocol_amendment.md#L17-L24,EA-adjacent,EA-adjacent,Preserved precomp EA assignment EA-adjacent from the frozen candidate row; compensation did not determine this assignment.,benchmark/frozen/combined_peer_universe_3wave_precomp.csv#row=62;candidate_id=EXP-062;organization=Faunalytics,independent nonprofit,,Preserved expected structure independent nonprofit from the frozen candidate row; this is an expected/legal-form label rather than a verified filing structure flag.,benchmark/frozen/combined_peer_universe_3wave_precomp.csv#row=62;candidate_id=EXP-062;organization=Faunalytics,Animal welfare and food systems,Animal advocacy research and evidence organization.,Preserved precomp topic/model cluster Animal welfare and food systems from the frozen candidate row.,benchmark/frozen/combined_peer_universe_3wave_precomp.csv#row=62;candidate_id=EXP-062;organization=Faunalytics,,uncoded,No CEO title was available in the selected reference row; explainer records title_group=uncoded rather than forcing the analysis-code fallback.,benchmark/deliverables/expanded_reference_set_144.csv#row=117;organization=Faunalytics,topic/EA/expected_structure=precomp_frozen; final tier=post_verification_nonpay; title_group=derived_after_title_collection,precomp_normalized_metadata + final_nonpay_tiering + derived_title_group,https://forum.effectivealtruism.org/topics/organizations-and-projects-in-effective-altruism,medium,No clean compensation/title observation collected for this selected organization.
reference_selection::SRC-990-EXT-FEDERATION-OF-AMERICAN-SCIENTISTS,source_id,SRC-990-EXT-FEDERATION-OF-AMERICAN-SCIENTISTS,EXP-116,Federation of American Scientists,reference_selection,first expansion,A,Tier A expanded primary,Final selected reference tier A (Tier A expanded primary); comparability score 76.0. Selected under the first expansion protocol before systematic pay review.,benchmark/deliverables/expanded_reference_set_144.csv#row=75;organization=Federation of American Scientists | benchmark/frozen/first_expansion_protocol.md#L40-L48 | benchmark/frozen/extension2_protocol_amendment.md#L17-L24,EA-adjacent,EA-adjacent,Preserved precomp EA assignment EA-adjacent from the frozen candidate row; compensation did not determine this assignment.,benchmark/frozen/combined_peer_universe_3wave_precomp.csv#row=38;candidate_id=EXP-116;organization=Federation of American Scientists,independent nonprofit,above_primary_scale,Preserved expected structure independent nonprofit from the frozen candidate row; this is an expected/legal-form label rather than a verified filing structure flag.,benchmark/frozen/combined_peer_universe_3wave_precomp.csv#row=38;candidate_id=EXP-116;organization=Federation of American Scientists,"AI, catastrophic risk, biosecurity, and technology policy",Science and technology policy research.,"Preserved precomp topic/model cluster AI, catastrophic risk, biosecurity, and technology policy from the frozen candidate row.",benchmark/frozen/combined_peer_universe_3wave_precomp.csv#row=38;candidate_id=EXP-116;organization=Federation of American Scientists,Chief Executive Officer,CEO_title_match,"Raw selected/extracted title is ""Chief Executive Officer""; normalized to CEO_title_match using the contains-CEO-or-Chief-Executive rule.",benchmark/deliverables/expanded_reference_set_144.csv#row=75;organization=Federation of American Scientists | benchmark/scripts/normalize_and_analyze.py#L253-L254,topic/EA/expected_structure=precomp_frozen; final tier=post_verification_nonpay; title_group=derived_after_title_collection,precomp_normalized_metadata + final_nonpay_tiering + derived_title_group,https://apps.irs.gov/pub/epostcard/990/xml/2026/202620939349300837_public.xml,high,
reference_selection::SRC-990-EXT-FOOD-ANIMAL-CONCERNS-TRUST,source_id,SRC-990-EXT-FOOD-ANIMAL-CONCERNS-TRUST,EXT2-135,Food Animal Concerns Trust,reference_selection,second expansion / filing verification,C,Tier C broad sensitivity,Final selected reference tier C (Tier C broad sensitivity); comparability score 65.0. Added by the second-expansion freeze and retained after role/scale verification; pay did not determine selection.,benchmark/deliverables/expanded_reference_set_144.csv#row=130;organization=Food Animal Concerns Trust | benchmark/frozen/first_expansion_protocol.md#L40-L48 | benchmark/frozen/extension2_protocol_amendment.md#L17-L24,EA-adjacent,EA-adjacent,Preserved precomp EA assignment EA-adjacent from the frozen candidate row; compensation did not determine this assignment.,benchmark/frozen/combined_peer_universe_3wave_precomp.csv#row=296;candidate_id=EXT2-135;organization=Food Animal Concerns Trust,independent nonprofit,well_below_scale,Preserved expected structure independent nonprofit from the frozen candidate row; this is an expected/legal-form label rather than a verified filing structure flag.,benchmark/frozen/combined_peer_universe_3wave_precomp.csv#row=296;candidate_id=EXT2-135;organization=Food Animal Concerns Trust,Animal welfare and food systems,,Preserved precomp topic/model cluster Animal welfare and food systems from the frozen candidate row.,benchmark/frozen/combined_peer_universe_3wave_precomp.csv#row=296;candidate_id=EXT2-135;organization=Food Animal Concerns Trust,Executive Director,ED_or_President,"Raw selected/extracted title is ""Executive Director""; normalized to ED_or_President using the contains-CEO-or-Chief-Executive rule.",benchmark/deliverables/expanded_reference_set_144.csv#row=130;organization=Food Animal Concerns Trust | benchmark/scripts/normalize_and_analyze.py#L253-L254,topic/EA/expected_structure=precomp_frozen; final tier=post_verification_nonpay; title_group=derived_after_title_collection,precomp_normalized_metadata + final_nonpay_tiering + derived_title_group,https://apps.irs.gov/pub/epostcard/990/xml/2026/202620149349300022_public.xml,high,
reference_selection::SRC-990-EXT-FRAMEWORKS-INSTITUTE,source_id,SRC-990-EXT-FRAMEWORKS-INSTITUTE,EXT2-036,FrameWorks Institute,reference_selection,second expansion / filing verification,A,Tier A expanded primary,Final selected reference tier A (Tier A expanded primary); comparability score 92.0. Added by the second-expansion freeze and retained after role/scale verification; pay did not determine selection.,benchmark/deliverables/expanded_reference_set_144.csv#row=9;organization=FrameWorks Institute | benchmark/frozen/first_expansion_protocol.md#L40-L48 | benchmark/frozen/extension2_protocol_amendment.md#L17-L24,functional-only,functional-only,Preserved precomp EA assignment functional-only from the frozen candidate row; compensation did not determine this assignment.,benchmark/frozen/combined_peer_universe_3wave_precomp.csv#row=197;candidate_id=EXT2-036;organization=FrameWorks Institute,independent nonprofit,none,Preserved expected structure independent nonprofit from the frozen candidate row; this is an expected/legal-form label rather than a verified filing structure flag.,benchmark/frozen/combined_peer_universe_3wave_precomp.csv#row=197;candidate_id=EXT2-036;organization=FrameWorks Institute,"Research, evaluation, philanthropy infrastructure, and policy",,"Preserved precomp topic/model cluster Research, evaluation, philanthropy infrastructure, and policy from the frozen candidate row.",benchmark/frozen/combined_peer_universe_3wave_precomp.csv#row=197;candidate_id=EXT2-036;organization=FrameWorks Institute,Chief Executive Officer,CEO_title_match,"Raw selected/extracted title is ""Chief Executive Officer""; normalized to CEO_title_match using the contains-CEO-or-Chief-Executive rule.",benchmark/deliverables/expanded_reference_set_144.csv#row=9;organization=FrameWorks Institute | benchmark/scripts/normalize_and_analyze.py#L253-L254,topic/EA/expected_structure=precomp_frozen; final tier=post_verification_nonpay; title_group=derived_after_title_collection,precomp_normalized_metadata + final_nonpay_tiering + derived_title_group,https://apps.irs.gov/pub/epostcard/990/xml/2026/202641389349300439_public.xml,high,
reference_selection::SRC-990-EXT-FRESH-ENERGY,source_id,SRC-990-EXT-FRESH-ENERGY,EXT3-129,Fresh Energy,reference_selection,third expansion / filing verification,A,Tier A expanded primary,Final selected reference tier A (Tier A expanded primary); comparability score 87.0. Added by the third-expansion freeze and retained after role/scale/title verification; pay did not determine selection.,benchmark/deliverables/expanded_reference_set_144.csv#row=40;organization=Fresh Energy | benchmark/frozen/first_expansion_protocol.md#L40-L48 | benchmark/frozen/extension2_protocol_amendment.md#L17-L24,functional-only,functional-only,Preserved precomp EA assignment functional-only from the frozen candidate row; compensation did not determine this assignment.,benchmark/frozen/combined_peer_universe_3wave_precomp.csv#row=435;candidate_id=EXT3-129;organization=Fresh Energy,independent nonprofit,departed_at_fiscal_year_end_after_full_compensation_year,Preserved expected structure independent nonprofit from the frozen candidate row; this is an expected/legal-form label rather than a verified filing structure flag.,benchmark/frozen/combined_peer_universe_3wave_precomp.csv#row=435;candidate_id=EXT3-129;organization=Fresh Energy,climate and evidence,Regional policy research comparator,Preserved precomp topic/model cluster climate and evidence from the frozen candidate row.,benchmark/frozen/combined_peer_universe_3wave_precomp.csv#row=435;candidate_id=EXT3-129;organization=Fresh Energy,Executive Director,ED_or_President,"Raw selected/extracted title is ""Executive Director""; normalized to ED_or_President using the contains-CEO-or-Chief-Executive rule.",benchmark/deliverables/expanded_reference_set_144.csv#row=40;organization=Fresh Energy | benchmark/scripts/normalize_and_analyze.py#L253-L254,topic/EA/expected_structure=precomp_frozen; final tier=post_verification_nonpay; title_group=derived_after_title_collection,precomp_normalized_metadata + final_nonpay_tiering + derived_title_group,https://apps.irs.gov/pub/epostcard/990/xml/2025/202513169349301031_public.xml,high,
reference_selection::SRC-990-EXT-FUTURE-OF-PRIVACY-FORUM,source_id,SRC-990-EXT-FUTURE-OF-PRIVACY-FORUM,EXP-124,Future of Privacy Forum,reference_selection,first expansion,A,Tier A expanded primary,Final selected reference tier A (Tier A expanded primary); comparability score 93.0. Selected under the first expansion protocol before systematic pay review.,benchmark/deliverables/expanded_reference_set_144.csv#row=6;organization=Future of Privacy Forum | benchmark/frozen/first_expansion_protocol.md#L40-L48 | benchmark/frozen/extension2_protocol_amendment.md#L17-L24,EA-adjacent,EA-adjacent,Preserved precomp EA assignment EA-adjacent from the frozen candidate row; compensation did not determine this assignment.,benchmark/frozen/combined_peer_universe_3wave_precomp.csv#row=6;candidate_id=EXP-124;organization=Future of Privacy Forum,independent nonprofit,founder_and_unusually_high_cash_proxy,Preserved expected structure independent nonprofit from the frozen candidate row; this is an expected/legal-form label rather than a verified filing structure flag.,benchmark/frozen/combined_peer_universe_3wave_precomp.csv#row=6;candidate_id=EXP-124;organization=Future of Privacy Forum,"AI, catastrophic risk, biosecurity, and technology policy",Technology policy research and field building; original strict peer.,"Preserved precomp topic/model cluster AI, catastrophic risk, biosecurity, and technology policy from the frozen candidate row.",benchmark/frozen/combined_peer_universe_3wave_precomp.csv#row=6;candidate_id=EXP-124;organization=Future of Privacy Forum,Chief Executive Officer,CEO_title_match,"Raw selected/extracted title is ""Chief Executive Officer""; normalized to CEO_title_match using the contains-CEO-or-Chief-Executive rule.",benchmark/deliverables/expanded_reference_set_144.csv#row=6;organization=Future of Privacy Forum | benchmark/scripts/normalize_and_analyze.py#L253-L254,topic/EA/expected_structure=precomp_frozen; final tier=post_verification_nonpay; title_group=derived_after_title_collection,precomp_normalized_metadata + final_nonpay_tiering + derived_title_group,https://apps.irs.gov/pub/epostcard/990/xml/2025/202543219349319589_public.xml,high,
reference_selection::EXP-019,candidate_id,,EXP-019,Generation Pledge,reference_selection,first expansion,C,Tier C broad sensitivity,Final selected reference tier C (Tier C broad sensitivity); comparability score 57.0. Selected under the first expansion protocol before systematic pay review.,benchmark/deliverables/expanded_reference_set_144.csv#row=136;organization=Generation Pledge | benchmark/frozen/first_expansion_protocol.md#L40-L48 | benchmark/frozen/extension2_protocol_amendment.md#L17-L24,EA-core,EA-core,Preserved precomp EA assignment EA-core from the frozen candidate row; compensation did not determine this assignment.,benchmark/frozen/combined_peer_universe_3wave_precomp.csv#row=69;candidate_id=EXP-019;organization=Generation Pledge,nonprofit/project,,Preserved expected structure nonprofit/project from the frozen candidate row; this is an expected/legal-form label rather than a verified filing structure flag.,benchmark/frozen/combined_peer_universe_3wave_precomp.csv#row=69;candidate_id=EXP-019;organization=Generation Pledge,EA infrastructure and effective giving,Effective-giving community and fundraising organization.,Preserved precomp topic/model cluster EA infrastructure and effective giving from the frozen candidate row.,benchmark/frozen/combined_peer_universe_3wave_precomp.csv#row=69;candidate_id=EXP-019;organization=Generation Pledge,,uncoded,No CEO title was available in the selected reference row; explainer records title_group=uncoded rather than forcing the analysis-code fallback.,benchmark/deliverables/expanded_reference_set_144.csv#row=136;organization=Generation Pledge,topic/EA/expected_structure=precomp_frozen; final tier=post_verification_nonpay; title_group=derived_after_title_collection,precomp_normalized_metadata + final_nonpay_tiering + derived_title_group,https://forum.effectivealtruism.org/posts/dm2uawLLeLbY8WNKM/updates-on-the-effective-giving-ecosystem-mcf-2025-memo,medium,No clean compensation/title observation collected for this selected organization.
reference_selection::SRC-990-EXT-GIVINGTUESDAY,source_id,SRC-990-EXT-GIVINGTUESDAY,EXT2-084,GivingTuesday,reference_selection,second expansion / filing verification,A,Tier A expanded primary,Final selected reference tier A (Tier A expanded primary); comparability score 92.0. Added by the second-expansion freeze and retained after role/scale verification; pay did not determine selection.,benchmark/deliverables/expanded_reference_set_144.csv#row=10;organization=GivingTuesday | benchmark/frozen/first_expansion_protocol.md#L40-L48 | benchmark/frozen/extension2_protocol_amendment.md#L17-L24,EA-adjacent,EA-adjacent,Preserved precomp EA assignment EA-adjacent from the frozen candidate row; compensation did not determine this assignment.,benchmark/frozen/combined_peer_universe_3wave_precomp.csv#row=245;candidate_id=EXT2-084;organization=GivingTuesday,independent nonprofit,none,Preserved expected structure independent nonprofit from the frozen candidate row; this is an expected/legal-form label rather than a verified filing structure flag.,benchmark/frozen/combined_peer_universe_3wave_precomp.csv#row=245;candidate_id=EXT2-084;organization=GivingTuesday,EA infrastructure and effective giving,,Preserved precomp topic/model cluster EA infrastructure and effective giving from the frozen candidate row.,benchmark/frozen/combined_peer_universe_3wave_precomp.csv#row=245;candidate_id=EXT2-084;organization=GivingTuesday,Chief Executive Officer and President,CEO_title_match,"Raw selected/extracted title is ""Chief Executive Officer and President""; normalized to CEO_title_match using the contains-CEO-or-Chief-Executive rule.",benchmark/deliverables/expanded_reference_set_144.csv#row=10;organization=GivingTuesday | benchmark/scripts/normalize_and_analyze.py#L253-L254,topic/EA/expected_structure=precomp_frozen; final tier=post_verification_nonpay; title_group=derived_after_title_collection,precomp_normalized_metadata + final_nonpay_tiering + derived_title_group,https://apps.irs.gov/pub/epostcard/990/xml/2026/202601219349300720_public.xml,high,
reference_selection::SRC-990-EXT-GLOBAL-HEALTH-CORPS,source_id,SRC-990-EXT-GLOBAL-HEALTH-CORPS,EXT3-087,Global Health Corps,reference_selection,third expansion / filing verification,B,Tier B weighted secondary,Final selected reference tier B (Tier B weighted secondary); comparability score 80.0. Added by the third-expansion freeze and retained after role/scale/title verification; pay did not determine selection.,benchmark/deliverables/expanded_reference_set_144.csv#row=94;organization=Global Health Corps | benchmark/frozen/first_expansion_protocol.md#L40-L48 | benchmark/frozen/extension2_protocol_amendment.md#L17-L24,EA-adjacent,EA-adjacent,Preserved precomp EA assignment EA-adjacent from the frozen candidate row; compensation did not determine this assignment.,benchmark/frozen/combined_peer_universe_3wave_precomp.csv#row=393;candidate_id=EXT3-087;organization=Global Health Corps,independent nonprofit,talent_fellowship_and_program_delivery_mix,Preserved expected structure independent nonprofit from the frozen candidate row; this is an expected/legal-form label rather than a verified filing structure flag.,benchmark/frozen/combined_peer_universe_3wave_precomp.csv#row=393;candidate_id=EXT3-087;organization=Global Health Corps,global health and development,Talent and field-building comparator,Preserved precomp topic/model cluster global health and development from the frozen candidate row.,benchmark/frozen/combined_peer_universe_3wave_precomp.csv#row=393;candidate_id=EXT3-087;organization=Global Health Corps,Chief Executive Officer,CEO_title_match,"Raw selected/extracted title is ""Chief Executive Officer""; normalized to CEO_title_match using the contains-CEO-or-Chief-Executive rule.",benchmark/deliverables/expanded_reference_set_144.csv#row=94;organization=Global Health Corps | benchmark/scripts/normalize_and_analyze.py#L253-L254,topic/EA/expected_structure=precomp_frozen; final tier=post_verification_nonpay; title_group=derived_after_title_collection,precomp_normalized_metadata + final_nonpay_tiering + derived_title_group,https://apps.irs.gov/pub/epostcard/990/xml/2026/202600139349300115_public.xml,high,
reference_selection::SRC-990-EXT-GOOD-FOOD-INSTITUTE,source_id,SRC-990-EXT-GOOD-FOOD-INSTITUTE,EXP-064,Good Food Institute,reference_selection,first expansion,A,Tier A expanded primary,Final selected reference tier A (Tier A expanded primary); comparability score 76.0. Selected under the first expansion protocol before systematic pay review.,benchmark/deliverables/expanded_reference_set_144.csv#row=76;organization=Good Food Institute | benchmark/frozen/first_expansion_protocol.md#L40-L48 | benchmark/frozen/extension2_protocol_amendment.md#L17-L24,EA-adjacent,EA-adjacent,Preserved precomp EA assignment EA-adjacent from the frozen candidate row; compensation did not determine this assignment.,benchmark/frozen/combined_peer_universe_3wave_precomp.csv#row=39;candidate_id=EXP-064;organization=Good Food Institute,independent nonprofit,founder_president_plus_ceo,Preserved expected structure independent nonprofit from the frozen candidate row; this is an expected/legal-form label rather than a verified filing structure flag.,benchmark/frozen/combined_peer_universe_3wave_precomp.csv#row=39;candidate_id=EXP-064;organization=Good Food Institute,Animal welfare and food systems,"Research, policy, science, and field building; strong hybrid comparator.",Preserved precomp topic/model cluster Animal welfare and food systems from the frozen candidate row.,benchmark/frozen/combined_peer_universe_3wave_precomp.csv#row=39;candidate_id=EXP-064;organization=Good Food Institute,CEO,CEO_title_match,"Raw selected/extracted title is ""CEO""; normalized to CEO_title_match using the contains-CEO-or-Chief-Executive rule.",benchmark/deliverables/expanded_reference_set_144.csv#row=76;organization=Good Food Institute | benchmark/scripts/normalize_and_analyze.py#L253-L254,topic/EA/expected_structure=precomp_frozen; final tier=post_verification_nonpay; title_group=derived_after_title_collection,precomp_normalized_metadata + final_nonpay_tiering + derived_title_group,https://apps.irs.gov/pub/epostcard/990/xml/2025/202543189349301719_public.xml,high,
reference_selection::SRC-990-EXT-GRANTMAKERS-FOR-EDUCATION,source_id,SRC-990-EXT-GRANTMAKERS-FOR-EDUCATION,EXT3-047,Grantmakers for Education,reference_selection,third expansion / filing verification,B,Tier B weighted secondary,Final selected reference tier B (Tier B weighted secondary); comparability score 84.0. Added by the third-expansion freeze and retained after role/scale/title verification; pay did not determine selection.,benchmark/deliverables/expanded_reference_set_144.csv#row=87;organization=Grantmakers for Education | benchmark/frozen/first_expansion_protocol.md#L40-L48 | benchmark/frozen/extension2_protocol_amendment.md#L17-L24,functional-only,functional-only,Preserved precomp EA assignment functional-only from the frozen candidate row; compensation did not determine this assignment.,benchmark/frozen/combined_peer_universe_3wave_precomp.csv#row=353;candidate_id=EXT3-047;organization=Grantmakers for Education,membership nonprofit,none,Preserved expected structure membership nonprofit from the frozen candidate row; this is an expected/legal-form label rather than a verified filing structure flag.,benchmark/frozen/combined_peer_universe_3wave_precomp.csv#row=353;candidate_id=EXT3-047;organization=Grantmakers for Education,philanthropy infrastructure,Field-building and knowledge comparator,Preserved precomp topic/model cluster philanthropy infrastructure from the frozen candidate row.,benchmark/frozen/combined_peer_universe_3wave_precomp.csv#row=353;candidate_id=EXT3-047;organization=Grantmakers for Education,Executive Director,ED_or_President,"Raw selected/extracted title is ""Executive Director""; normalized to ED_or_President using the contains-CEO-or-Chief-Executive rule.",benchmark/deliverables/expanded_reference_set_144.csv#row=87;organization=Grantmakers for Education | benchmark/scripts/normalize_and_analyze.py#L253-L254,topic/EA/expected_structure=precomp_frozen; final tier=post_verification_nonpay; title_group=derived_after_title_collection,precomp_normalized_metadata + final_nonpay_tiering + derived_title_group,https://apps.irs.gov/pub/epostcard/990/xml/2025/202543079349303299_public.xml,high,
reference_selection::SRC-990-EXT-GRANTMAKERS-FOR-EFFECTIVE-ORGANIZATIONS,source_id,SRC-990-EXT-GRANTMAKERS-FOR-EFFECTIVE-ORGANIZATIONS,EXP-137,Grantmakers for Effective Organizations,reference_selection,first expansion,A,Tier A expanded primary,Final selected reference tier A (Tier A expanded primary); comparability score 86.0. Selected under the first expansion protocol before systematic pay review.,benchmark/deliverables/expanded_reference_set_144.csv#row=51;organization=Grantmakers for Effective Organizations | benchmark/frozen/first_expansion_protocol.md#L40-L48 | benchmark/frozen/extension2_protocol_amendment.md#L17-L24,functional-only,functional-only,Preserved precomp EA assignment functional-only from the frozen candidate row; compensation did not determine this assignment.,benchmark/frozen/combined_peer_universe_3wave_precomp.csv#row=23;candidate_id=EXP-137;organization=Grantmakers for Effective Organizations,independent nonprofit,none,Preserved expected structure independent nonprofit from the frozen candidate row; this is an expected/legal-form label rather than a verified filing structure flag.,benchmark/frozen/combined_peer_universe_3wave_precomp.csv#row=23;candidate_id=EXP-137;organization=Grantmakers for Effective Organizations,"Research, evaluation, philanthropy infrastructure, and policy","Field building, research, and advisory.","Preserved precomp topic/model cluster Research, evaluation, philanthropy infrastructure, and policy from the frozen candidate row.",benchmark/frozen/combined_peer_universe_3wave_precomp.csv#row=23;candidate_id=EXP-137;organization=Grantmakers for Effective Organizations,President & CEO,CEO_title_match,"Raw selected/extracted title is ""President & CEO""; normalized to CEO_title_match using the contains-CEO-or-Chief-Executive rule.",benchmark/deliverables/expanded_reference_set_144.csv#row=51;organization=Grantmakers for Effective Organizations | benchmark/scripts/normalize_and_analyze.py#L253-L254,topic/EA/expected_structure=precomp_frozen; final tier=post_verification_nonpay; title_group=derived_after_title_collection,precomp_normalized_metadata + final_nonpay_tiering + derived_title_group,https://apps.irs.gov/pub/epostcard/990/xml/2025/202503109349303655_public.xml,high,
reference_selection::SRC-990-EXT-GUTTMACHER-INSTITUTE,source_id,SRC-990-EXT-GUTTMACHER-INSTITUTE,EXP-151,Guttmacher Institute,reference_selection,first expansion,B,Tier B weighted secondary,Final selected reference tier B (Tier B weighted secondary); comparability score 68.0. Selected under the first expansion protocol before systematic pay review.,benchmark/deliverables/expanded_reference_set_144.csv#row=114;organization=Guttmacher Institute | benchmark/frozen/first_expansion_protocol.md#L40-L48 | benchmark/frozen/extension2_protocol_amendment.md#L17-L24,functional-only,functional-only,Preserved precomp EA assignment functional-only from the frozen candidate row; compensation did not determine this assignment.,benchmark/frozen/combined_peer_universe_3wave_precomp.csv#row=59;candidate_id=EXP-151;organization=Guttmacher Institute,independent nonprofit,older_clean_due_transition,Preserved expected structure independent nonprofit from the frozen candidate row; this is an expected/legal-form label rather than a verified filing structure flag.,benchmark/frozen/combined_peer_universe_3wave_precomp.csv#row=59;candidate_id=EXP-151;organization=Guttmacher Institute,"Research, evaluation, philanthropy infrastructure, and policy",Research and policy; larger scale likely.,"Preserved precomp topic/model cluster Research, evaluation, philanthropy infrastructure, and policy from the frozen candidate row.",benchmark/frozen/combined_peer_universe_3wave_precomp.csv#row=59;candidate_id=EXP-151;organization=Guttmacher Institute,President & CEO,CEO_title_match,"Raw selected/extracted title is ""President & CEO""; normalized to CEO_title_match using the contains-CEO-or-Chief-Executive rule.",benchmark/deliverables/expanded_reference_set_144.csv#row=114;organization=Guttmacher Institute | benchmark/scripts/normalize_and_analyze.py#L253-L254,topic/EA/expected_structure=precomp_frozen; final tier=post_verification_nonpay; title_group=derived_after_title_collection,precomp_normalized_metadata + final_nonpay_tiering + derived_title_group,https://apps.irs.gov/pub/epostcard/990/xml/2023/202341989349301459_public.xml,high,
reference_selection::EXP-010,candidate_id,,EXP-010,High Impact Athletes,reference_selection,first expansion,C,Tier C broad sensitivity,Final selected reference tier C (Tier C broad sensitivity); comparability score 52.0. Selected under the first expansion protocol before systematic pay review.,benchmark/deliverables/expanded_reference_set_144.csv#row=145;organization=High Impact Athletes | benchmark/frozen/first_expansion_protocol.md#L40-L48 | benchmark/frozen/extension2_protocol_amendment.md#L17-L24,EA-core,EA-core,Preserved precomp EA assignment EA-core from the frozen candidate row; compensation did not determine this assignment.,benchmark/frozen/combined_peer_universe_3wave_precomp.csv#row=78;candidate_id=EXP-010;organization=High Impact Athletes,nonprofit or fiscally sponsored,,Preserved expected structure nonprofit or fiscally sponsored from the frozen candidate row; this is an expected/legal-form label rather than a verified filing structure flag.,benchmark/frozen/combined_peer_universe_3wave_precomp.csv#row=78;candidate_id=EXP-010;organization=High Impact Athletes,EA infrastructure and effective giving,Effective-giving fundraising organization; legal structure to verify.,Preserved precomp topic/model cluster EA infrastructure and effective giving from the frozen candidate row.,benchmark/frozen/combined_peer_universe_3wave_precomp.csv#row=78;candidate_id=EXP-010;organization=High Impact Athletes,,uncoded,No CEO title was available in the selected reference row; explainer records title_group=uncoded rather than forcing the analysis-code fallback.,benchmark/deliverables/expanded_reference_set_144.csv#row=145;organization=High Impact Athletes,topic/EA/expected_structure=precomp_frozen; final tier=post_verification_nonpay; title_group=derived_after_title_collection,precomp_normalized_metadata + final_nonpay_tiering + derived_title_group,https://forum.effectivealtruism.org/posts/dm2uawLLeLbY8WNKM/updates-on-the-effective-giving-ecosystem-mcf-2025-memo,medium,No clean compensation/title observation collected for this selected organization.
reference_selection::EXP-034,candidate_id,,EXP-034,IDinsight,reference_selection,first expansion,A,Tier A expanded primary,Final selected reference tier A (Tier A expanded primary); comparability score 89.0. Selected under the first expansion protocol before systematic pay review.,benchmark/deliverables/expanded_reference_set_144.csv#row=27;organization=IDinsight | benchmark/frozen/first_expansion_protocol.md#L40-L48 | benchmark/frozen/extension2_protocol_amendment.md#L17-L24,EA-adjacent,EA-adjacent,Preserved precomp EA assignment EA-adjacent from the frozen candidate row; compensation did not determine this assignment.,benchmark/frozen/combined_peer_universe_3wave_precomp.csv#row=12;candidate_id=EXP-034;organization=IDinsight,independent nonprofit,,Preserved expected structure independent nonprofit from the frozen candidate row; this is an expected/legal-form label rather than a verified filing structure flag.,benchmark/frozen/combined_peer_universe_3wave_precomp.csv#row=12;candidate_id=EXP-034;organization=IDinsight,"Global health, development, and evidence","Research, evaluation, analytics, and advisory organization; strong functional comparator.","Preserved precomp topic/model cluster Global health, development, and evidence from the frozen candidate row.",benchmark/frozen/combined_peer_universe_3wave_precomp.csv#row=12;candidate_id=EXP-034;organization=IDinsight,,uncoded,No CEO title was available in the selected reference row; explainer records title_group=uncoded rather than forcing the analysis-code fallback.,benchmark/deliverables/expanded_reference_set_144.csv#row=27;organization=IDinsight,topic/EA/expected_structure=precomp_frozen; final tier=post_verification_nonpay; title_group=derived_after_title_collection,precomp_normalized_metadata + final_nonpay_tiering + derived_title_group,https://forum.effectivealtruism.org/topics/organizations-and-projects-in-effective-altruism,medium,No clean compensation/title observation collected for this selected organization.
reference_selection::SRC-990-EXT-INDEPENDENT-SECTOR,source_id,SRC-990-EXT-INDEPENDENT-SECTOR,EXP-139,Independent Sector,reference_selection,first expansion,A,Tier A expanded primary,Final selected reference tier A (Tier A expanded primary); comparability score 84.0. Selected under the first expansion protocol before systematic pay review.,benchmark/deliverables/expanded_reference_set_144.csv#row=59;organization=Independent Sector | benchmark/frozen/first_expansion_protocol.md#L40-L48 | benchmark/frozen/extension2_protocol_amendment.md#L17-L24,functional-only,functional-only,Preserved precomp EA assignment functional-only from the frozen candidate row; compensation did not determine this assignment.,benchmark/frozen/combined_peer_universe_3wave_precomp.csv#row=29;candidate_id=EXP-139;organization=Independent Sector,independent nonprofit,none,Preserved expected structure independent nonprofit from the frozen candidate row; this is an expected/legal-form label rather than a verified filing structure flag.,benchmark/frozen/combined_peer_universe_3wave_precomp.csv#row=29;candidate_id=EXP-139;organization=Independent Sector,"Research, evaluation, philanthropy infrastructure, and policy","Nonprofit-sector research, policy, and field building.","Preserved precomp topic/model cluster Research, evaluation, philanthropy infrastructure, and policy from the frozen candidate row.",benchmark/frozen/combined_peer_universe_3wave_precomp.csv#row=29;candidate_id=EXP-139;organization=Independent Sector,President & Chief Executive Officer,CEO_title_match,"Raw selected/extracted title is ""President & Chief Executive Officer""; normalized to CEO_title_match using the contains-CEO-or-Chief-Executive rule.",benchmark/deliverables/expanded_reference_set_144.csv#row=59;organization=Independent Sector | benchmark/scripts/normalize_and_analyze.py#L253-L254,topic/EA/expected_structure=precomp_frozen; final tier=post_verification_nonpay; title_group=derived_after_title_collection,precomp_normalized_metadata + final_nonpay_tiering + derived_title_group,https://apps.irs.gov/pub/epostcard/990/xml/2025/202502349349301110_public.xml,high,
reference_selection::SRC-990-EXT-INFORMATION-TECHNOLOGY-AND-INNOVATION-FOUNDATION,source_id,SRC-990-EXT-INFORMATION-TECHNOLOGY-AND-INNOVATION-FOUNDATION,EXT2-002,Information Technology and Innovation Foundation,reference_selection,second expansion / filing verification,A,Tier A expanded primary,Final selected reference tier A (Tier A expanded primary); comparability score 90.0. Added by the second-expansion freeze and retained after role/scale verification; pay did not determine selection.,benchmark/deliverables/expanded_reference_set_144.csv#row=24;organization=Information Technology and Innovation Foundation | benchmark/frozen/first_expansion_protocol.md#L40-L48 | benchmark/frozen/extension2_protocol_amendment.md#L17-L24,EA-adjacent,EA-adjacent,Preserved precomp EA assignment EA-adjacent from the frozen candidate row; compensation did not determine this assignment.,benchmark/frozen/combined_peer_universe_3wave_precomp.csv#row=163;candidate_id=EXT2-002;organization=Information Technology and Innovation Foundation,independent nonprofit,none,Preserved expected structure independent nonprofit from the frozen candidate row; this is an expected/legal-form label rather than a verified filing structure flag.,benchmark/frozen/combined_peer_universe_3wave_precomp.csv#row=163;candidate_id=EXT2-002;organization=Information Technology and Innovation Foundation,"AI, catastrophic risk, biosecurity, and technology policy",,"Preserved precomp topic/model cluster AI, catastrophic risk, biosecurity, and technology policy from the frozen candidate row.",benchmark/frozen/combined_peer_universe_3wave_precomp.csv#row=163;candidate_id=EXT2-002;organization=Information Technology and Innovation Foundation,President,ED_or_President,"Raw selected/extracted title is ""President""; normalized to ED_or_President using the contains-CEO-or-Chief-Executive rule.",benchmark/deliverables/expanded_reference_set_144.csv#row=24;organization=Information Technology and Innovation Foundation | benchmark/scripts/normalize_and_analyze.py#L253-L254,topic/EA/expected_structure=precomp_frozen; final tier=post_verification_nonpay; title_group=derived_after_title_collection,precomp_normalized_metadata + final_nonpay_tiering + derived_title_group,https://apps.irs.gov/pub/epostcard/990/xml/2026/202630159349300603_public.xml,high,
reference_selection::SRC-990-EXT-INNOVATIONS-FOR-POVERTY-ACTION,source_id,SRC-990-EXT-INNOVATIONS-FOR-POVERTY-ACTION,EXP-033,Innovations for Poverty Action,reference_selection,first expansion,B,Tier B weighted secondary,Final selected reference tier B (Tier B weighted secondary); comparability score 70.0. Selected under the first expansion protocol before systematic pay review.,benchmark/deliverables/expanded_reference_set_144.csv#row=112;organization=Innovations for Poverty Action | benchmark/frozen/first_expansion_protocol.md#L40-L48 | benchmark/frozen/extension2_protocol_amendment.md#L17-L24,EA-adjacent,EA-adjacent,Preserved precomp EA assignment EA-adjacent from the frozen candidate row; compensation did not determine this assignment.,benchmark/frozen/combined_peer_universe_3wave_precomp.csv#row=57;candidate_id=EXP-033;organization=Innovations for Poverty Action,independent nonprofit,above_primary_scale,Preserved expected structure independent nonprofit from the frozen candidate row; this is an expected/legal-form label rather than a verified filing structure flag.,benchmark/frozen/combined_peer_universe_3wave_precomp.csv#row=57;candidate_id=EXP-033;organization=Innovations for Poverty Action,"Global health, development, and evidence",Applied research and evidence translation; strong functional comparator.,"Preserved precomp topic/model cluster Global health, development, and evidence from the frozen candidate row.",benchmark/frozen/combined_peer_universe_3wave_precomp.csv#row=57;candidate_id=EXP-033;organization=Innovations for Poverty Action,Executive Director,ED_or_President,"Raw selected/extracted title is ""Executive Director""; normalized to ED_or_President using the contains-CEO-or-Chief-Executive rule.",benchmark/deliverables/expanded_reference_set_144.csv#row=112;organization=Innovations for Poverty Action | benchmark/scripts/normalize_and_analyze.py#L253-L254,topic/EA/expected_structure=precomp_frozen; final tier=post_verification_nonpay; title_group=derived_after_title_collection,precomp_normalized_metadata + final_nonpay_tiering + derived_title_group,https://apps.irs.gov/pub/epostcard/990/xml/2025/202513169349300641_public.xml,high,
reference_selection::SRC-990-EXT-INSTITUTE-FOR-ENERGY-ECONOMICS-AND-FINANCIAL-ANALYSIS,source_id,SRC-990-EXT-INSTITUTE-FOR-ENERGY-ECONOMICS-AND-FINANCIAL-ANALYSIS,EXT2-111,Institute for Energy Economics and Financial Analysis,reference_selection,second expansion / filing verification,A,Tier A expanded primary,Final selected reference tier A (Tier A expanded primary); comparability score 90.0. Added by the second-expansion freeze and retained after role/scale verification; pay did not determine selection.,benchmark/deliverables/expanded_reference_set_144.csv#row=25;organization=Institute for Energy Economics and Financial Analysis | benchmark/frozen/first_expansion_protocol.md#L40-L48 | benchmark/frozen/extension2_protocol_amendment.md#L17-L24,EA-adjacent,EA-adjacent,Preserved precomp EA assignment EA-adjacent from the frozen candidate row; compensation did not determine this assignment.,benchmark/frozen/combined_peer_universe_3wave_precomp.csv#row=272;candidate_id=EXT2-111;organization=Institute for Energy Economics and Financial Analysis,independent nonprofit,none,Preserved expected structure independent nonprofit from the frozen candidate row; this is an expected/legal-form label rather than a verified filing structure flag.,benchmark/frozen/combined_peer_universe_3wave_precomp.csv#row=272;candidate_id=EXT2-111;organization=Institute for Energy Economics and Financial Analysis,"Climate, environment, and evidence",,"Preserved precomp topic/model cluster Climate, environment, and evidence from the frozen candidate row.",benchmark/frozen/combined_peer_universe_3wave_precomp.csv#row=272;candidate_id=EXT2-111;organization=Institute for Energy Economics and Financial Analysis,CEO/Board Secretary,CEO_title_match,"Raw selected/extracted title is ""CEO/Board Secretary""; normalized to CEO_title_match using the contains-CEO-or-Chief-Executive rule.",benchmark/deliverables/expanded_reference_set_144.csv#row=25;organization=Institute for Energy Economics and Financial Analysis | benchmark/scripts/normalize_and_analyze.py#L253-L254,topic/EA/expected_structure=precomp_frozen; final tier=post_verification_nonpay; title_group=derived_after_title_collection,precomp_normalized_metadata + final_nonpay_tiering + derived_title_group,https://apps.irs.gov/pub/epostcard/990/xml/2025/202541979349300319_public.xml,high,
reference_selection::SRC-990-EXT-INSTITUTE-FOR-NONPROFIT-NEWS,source_id,SRC-990-EXT-INSTITUTE-FOR-NONPROFIT-NEWS,EXT2-079,Institute for Nonprofit News,reference_selection,second expansion / filing verification,A,Tier A expanded primary,Final selected reference tier A (Tier A expanded primary); comparability score 87.0. Added by the second-expansion freeze and retained after role/scale verification; pay did not determine selection.,benchmark/deliverables/expanded_reference_set_144.csv#row=41;organization=Institute for Nonprofit News | benchmark/frozen/first_expansion_protocol.md#L40-L48 | benchmark/frozen/extension2_protocol_amendment.md#L17-L24,functional-only,functional-only,Preserved precomp EA assignment functional-only from the frozen candidate row; compensation did not determine this assignment.,benchmark/frozen/combined_peer_universe_3wave_precomp.csv#row=240;candidate_id=EXT2-079;organization=Institute for Nonprofit News,membership nonprofit,membership_and_grant_support_mix,Preserved expected structure membership nonprofit from the frozen candidate row; this is an expected/legal-form label rather than a verified filing structure flag.,benchmark/frozen/combined_peer_universe_3wave_precomp.csv#row=240;candidate_id=EXT2-079;organization=Institute for Nonprofit News,"Open science, research infrastructure, and knowledge dissemination",,"Preserved precomp topic/model cluster Open science, research infrastructure, and knowledge dissemination from the frozen candidate row.",benchmark/frozen/combined_peer_universe_3wave_precomp.csv#row=240;candidate_id=EXT2-079;organization=Institute for Nonprofit News,Chief Executive Officer,CEO_title_match,"Raw selected/extracted title is ""Chief Executive Officer""; normalized to CEO_title_match using the contains-CEO-or-Chief-Executive rule.",benchmark/deliverables/expanded_reference_set_144.csv#row=41;organization=Institute for Nonprofit News | benchmark/scripts/normalize_and_analyze.py#L253-L254,topic/EA/expected_structure=precomp_frozen; final tier=post_verification_nonpay; title_group=derived_after_title_collection,precomp_normalized_metadata + final_nonpay_tiering + derived_title_group,https://apps.irs.gov/pub/epostcard/990/xml/2026/202630269349301213_public.xml,high,
reference_selection::SRC-990-EXT-INSTITUTE-FOR-POLICY-STUDIES,source_id,SRC-990-EXT-INSTITUTE-FOR-POLICY-STUDIES,EXT2-048,Institute for Policy Studies,reference_selection,second expansion / filing verification,A,Tier A expanded primary,Final selected reference tier A (Tier A expanded primary); comparability score 84.0. Added by the second-expansion freeze and retained after role/scale verification; pay did not determine selection.,benchmark/deliverables/expanded_reference_set_144.csv#row=60;organization=Institute for Policy Studies | benchmark/frozen/first_expansion_protocol.md#L40-L48 | benchmark/frozen/extension2_protocol_amendment.md#L17-L24,functional-only,functional-only,Preserved precomp EA assignment functional-only from the frozen candidate row; compensation did not determine this assignment.,benchmark/frozen/combined_peer_universe_3wave_precomp.csv#row=209;candidate_id=EXT2-048;organization=Institute for Policy Studies,independent nonprofit,none,Preserved expected structure independent nonprofit from the frozen candidate row; this is an expected/legal-form label rather than a verified filing structure flag.,benchmark/frozen/combined_peer_universe_3wave_precomp.csv#row=209;candidate_id=EXT2-048;organization=Institute for Policy Studies,"Research, evaluation, philanthropy infrastructure, and policy",,"Preserved precomp topic/model cluster Research, evaluation, philanthropy infrastructure, and policy from the frozen candidate row.",benchmark/frozen/combined_peer_universe_3wave_precomp.csv#row=209;candidate_id=EXT2-048;organization=Institute for Policy Studies,Executive Director,ED_or_President,"Raw selected/extracted title is ""Executive Director""; normalized to ED_or_President using the contains-CEO-or-Chief-Executive rule.",benchmark/deliverables/expanded_reference_set_144.csv#row=60;organization=Institute for Policy Studies | benchmark/scripts/normalize_and_analyze.py#L253-L254,topic/EA/expected_structure=precomp_frozen; final tier=post_verification_nonpay; title_group=derived_after_title_collection,precomp_normalized_metadata + final_nonpay_tiering + derived_title_group,https://apps.irs.gov/pub/epostcard/990/xml/2025/202513219349302816_public.xml,high,
reference_selection::SRC-990-EXT-INSTITUTE-FOR-SECURITY-AND-TECHNOLOGY,source_id,SRC-990-EXT-INSTITUTE-FOR-SECURITY-AND-TECHNOLOGY,EXT2-001,Institute for Security and Technology,reference_selection,second expansion / filing verification,B,Tier B weighted secondary,Final selected reference tier B (Tier B weighted secondary); comparability score 86.0. Added by the second-expansion freeze and retained after role/scale verification; pay did not determine selection.,benchmark/deliverables/expanded_reference_set_144.csv#row=84;organization=Institute for Security and Technology | benchmark/frozen/first_expansion_protocol.md#L40-L48 | benchmark/frozen/extension2_protocol_amendment.md#L17-L24,EA-adjacent,EA-adjacent,Preserved precomp EA assignment EA-adjacent from the frozen candidate row; compensation did not determine this assignment.,benchmark/frozen/combined_peer_universe_3wave_precomp.csv#row=162;candidate_id=EXT2-001;organization=Institute for Security and Technology,independent nonprofit,lower_edge_scale,Preserved expected structure independent nonprofit from the frozen candidate row; this is an expected/legal-form label rather than a verified filing structure flag.,benchmark/frozen/combined_peer_universe_3wave_precomp.csv#row=162;candidate_id=EXT2-001;organization=Institute for Security and Technology,"AI, catastrophic risk, biosecurity, and technology policy",,"Preserved precomp topic/model cluster AI, catastrophic risk, biosecurity, and technology policy from the frozen candidate row.",benchmark/frozen/combined_peer_universe_3wave_precomp.csv#row=162;candidate_id=EXT2-001;organization=Institute for Security and Technology,CEO,CEO_title_match,"Raw selected/extracted title is ""CEO""; normalized to CEO_title_match using the contains-CEO-or-Chief-Executive rule.",benchmark/deliverables/expanded_reference_set_144.csv#row=84;organization=Institute for Security and Technology | benchmark/scripts/normalize_and_analyze.py#L253-L254,topic/EA/expected_structure=precomp_frozen; final tier=post_verification_nonpay; title_group=derived_after_title_collection,precomp_normalized_metadata + final_nonpay_tiering + derived_title_group,https://apps.irs.gov/pub/epostcard/990/xml/2025/202523219349310552_public.xml,high,
reference_selection::SRC-990-EXT-INSTITUTE-FOR-WOMEN-S-POLICY-RESEARCH,source_id,SRC-990-EXT-INSTITUTE-FOR-WOMEN-S-POLICY-RESEARCH,EXP-155,Institute for Women’s Policy Research,reference_selection,first expansion,A,Tier A expanded primary,Final selected reference tier A (Tier A expanded primary); comparability score 85.0. Selected under the first expansion protocol before systematic pay review.,benchmark/deliverables/expanded_reference_set_144.csv#row=54;organization=Institute for Women’s Policy Research | benchmark/frozen/first_expansion_protocol.md#L40-L48 | benchmark/frozen/extension2_protocol_amendment.md#L17-L24,functional-only,functional-only,Preserved precomp EA assignment functional-only from the frozen candidate row; compensation did not determine this assignment.,benchmark/frozen/combined_peer_universe_3wave_precomp.csv#row=26;candidate_id=EXP-155;organization=Institute for Women’s Policy Research,independent nonprofit,partial_year_new_ceo,Preserved expected structure independent nonprofit from the frozen candidate row; this is an expected/legal-form label rather than a verified filing structure flag.,benchmark/frozen/combined_peer_universe_3wave_precomp.csv#row=26;candidate_id=EXP-155;organization=Institute for Women’s Policy Research,"Research, evaluation, philanthropy infrastructure, and policy",Research and policy.,"Preserved precomp topic/model cluster Research, evaluation, philanthropy infrastructure, and policy from the frozen candidate row.",benchmark/frozen/combined_peer_universe_3wave_precomp.csv#row=26;candidate_id=EXP-155;organization=Institute for Women’s Policy Research,,uncoded,No CEO title was available in the selected reference row; explainer records title_group=uncoded rather than forcing the analysis-code fallback.,benchmark/deliverables/expanded_reference_set_144.csv#row=54;organization=Institute for Women’s Policy Research,topic/EA/expected_structure=precomp_frozen; final tier=post_verification_nonpay; title_group=derived_after_title_collection,precomp_normalized_metadata + final_nonpay_tiering + derived_title_group,https://projects.propublica.org/nonprofits/,medium,No clean compensation/title observation collected for this selected organization.
reference_selection::SRC-990-EXT-INSTITUTE-FOR-THE-STUDY-OF-WAR,source_id,SRC-990-EXT-INSTITUTE-FOR-THE-STUDY-OF-WAR,EXT2-019,Institute for the Study of War,reference_selection,second expansion / filing verification,A,Tier A expanded primary,Final selected reference tier A (Tier A expanded primary); comparability score 89.0. Added by the second-expansion freeze and retained after role/scale verification; pay did not determine selection.,benchmark/deliverables/expanded_reference_set_144.csv#row=28;organization=Institute for the Study of War | benchmark/frozen/first_expansion_protocol.md#L40-L48 | benchmark/frozen/extension2_protocol_amendment.md#L17-L24,EA-adjacent,EA-adjacent,Preserved precomp EA assignment EA-adjacent from the frozen candidate row; compensation did not determine this assignment.,benchmark/frozen/combined_peer_universe_3wave_precomp.csv#row=180;candidate_id=EXT2-019;organization=Institute for the Study of War,independent nonprofit,none,Preserved expected structure independent nonprofit from the frozen candidate row; this is an expected/legal-form label rather than a verified filing structure flag.,benchmark/frozen/combined_peer_universe_3wave_precomp.csv#row=180;candidate_id=EXT2-019;organization=Institute for the Study of War,"AI, catastrophic risk, biosecurity, and technology policy",,"Preserved precomp topic/model cluster AI, catastrophic risk, biosecurity, and technology policy from the frozen candidate row.",benchmark/frozen/combined_peer_universe_3wave_precomp.csv#row=180;candidate_id=EXT2-019;organization=Institute for the Study of War,President,ED_or_President,"Raw selected/extracted title is ""President""; normalized to ED_or_President using the contains-CEO-or-Chief-Executive rule.",benchmark/deliverables/expanded_reference_set_144.csv#row=28;organization=Institute for the Study of War | benchmark/scripts/normalize_and_analyze.py#L253-L254,topic/EA/expected_structure=precomp_frozen; final tier=post_verification_nonpay; title_group=derived_after_title_collection,precomp_normalized_metadata + final_nonpay_tiering + derived_title_group,https://apps.irs.gov/pub/epostcard/990/xml/2025/202502909349301720_public.xml,high,
reference_selection::SRC-990-EXT-INSTITUTE-ON-TAXATION-AND-ECONOMIC-POLICY,source_id,SRC-990-EXT-INSTITUTE-ON-TAXATION-AND-ECONOMIC-POLICY,EXT2-029,Institute on Taxation and Economic Policy,reference_selection,second expansion / filing verification,A,Tier A expanded primary,Final selected reference tier A (Tier A expanded primary); comparability score 84.0. Added by the second-expansion freeze and retained after role/scale verification; pay did not determine selection.,benchmark/deliverables/expanded_reference_set_144.csv#row=61;organization=Institute on Taxation and Economic Policy | benchmark/frozen/first_expansion_protocol.md#L40-L48 | benchmark/frozen/extension2_protocol_amendment.md#L17-L24,functional-only,functional-only,Preserved precomp EA assignment functional-only from the frozen candidate row; compensation did not determine this assignment.,benchmark/frozen/combined_peer_universe_3wave_precomp.csv#row=190;candidate_id=EXT2-029;organization=Institute on Taxation and Economic Policy,independent nonprofit,lower_edge_expense,Preserved expected structure independent nonprofit from the frozen candidate row; this is an expected/legal-form label rather than a verified filing structure flag.,benchmark/frozen/combined_peer_universe_3wave_precomp.csv#row=190;candidate_id=EXT2-029;organization=Institute on Taxation and Economic Policy,"Research, evaluation, philanthropy infrastructure, and policy",,"Preserved precomp topic/model cluster Research, evaluation, philanthropy infrastructure, and policy from the frozen candidate row.",benchmark/frozen/combined_peer_universe_3wave_precomp.csv#row=190;candidate_id=EXT2-029;organization=Institute on Taxation and Economic Policy,Executive Director,ED_or_President,"Raw selected/extracted title is ""Executive Director""; normalized to ED_or_President using the contains-CEO-or-Chief-Executive rule.",benchmark/deliverables/expanded_reference_set_144.csv#row=61;organization=Institute on Taxation and Economic Policy | benchmark/scripts/normalize_and_analyze.py#L253-L254,topic/EA/expected_structure=precomp_frozen; final tier=post_verification_nonpay; title_group=derived_after_title_collection,precomp_normalized_metadata + final_nonpay_tiering + derived_title_group,https://apps.irs.gov/pub/epostcard/990/xml/2026/202611559349300546_public.xml,high,
reference_selection::SRC-990-EXT-INTERNET-SECURITY-RESEARCH-GROUP,source_id,SRC-990-EXT-INTERNET-SECURITY-RESEARCH-GROUP,EXT2-015,Internet Security Research Group,reference_selection,second expansion / filing verification,A,Tier A expanded primary,Final selected reference tier A (Tier A expanded primary); comparability score 91.0. Added by the second-expansion freeze and retained after role/scale verification; pay did not determine selection.,benchmark/deliverables/expanded_reference_set_144.csv#row=16;organization=Internet Security Research Group | benchmark/frozen/first_expansion_protocol.md#L40-L48 | benchmark/frozen/extension2_protocol_amendment.md#L17-L24,EA-adjacent,EA-adjacent,Preserved precomp EA assignment EA-adjacent from the frozen candidate row; compensation did not determine this assignment.,benchmark/frozen/combined_peer_universe_3wave_precomp.csv#row=176;candidate_id=EXT2-015;organization=Internet Security Research Group,independent nonprofit,none,Preserved expected structure independent nonprofit from the frozen candidate row; this is an expected/legal-form label rather than a verified filing structure flag.,benchmark/frozen/combined_peer_universe_3wave_precomp.csv#row=176;candidate_id=EXT2-015;organization=Internet Security Research Group,"AI, catastrophic risk, biosecurity, and technology policy",,"Preserved precomp topic/model cluster AI, catastrophic risk, biosecurity, and technology policy from the frozen candidate row.",benchmark/frozen/combined_peer_universe_3wave_precomp.csv#row=176;candidate_id=EXT2-015;organization=Internet Security Research Group,Executive Director,ED_or_President,"Raw selected/extracted title is ""Executive Director""; normalized to ED_or_President using the contains-CEO-or-Chief-Executive rule.",benchmark/deliverables/expanded_reference_set_144.csv#row=16;organization=Internet Security Research Group | benchmark/scripts/normalize_and_analyze.py#L253-L254,topic/EA/expected_structure=precomp_frozen; final tier=post_verification_nonpay; title_group=derived_after_title_collection,precomp_normalized_metadata + final_nonpay_tiering + derived_title_group,https://apps.irs.gov/pub/epostcard/990/xml/2025/202501889349300640_public.xml,high,
reference_selection::SRC-990-EXT-JAIN-FAMILY-INSTITUTE,source_id,SRC-990-EXT-JAIN-FAMILY-INSTITUTE,EXT3-010,Jain Family Institute,reference_selection,third expansion / filing verification,A,Tier A expanded primary,Final selected reference tier A (Tier A expanded primary); comparability score 92.0. Added by the third-expansion freeze and retained after role/scale/title verification; pay did not determine selection.,benchmark/deliverables/expanded_reference_set_144.csv#row=11;organization=Jain Family Institute | benchmark/frozen/first_expansion_protocol.md#L40-L48 | benchmark/frozen/extension2_protocol_amendment.md#L17-L24,EA-adjacent,EA-adjacent,Preserved precomp EA assignment EA-adjacent from the frozen candidate row; compensation did not determine this assignment.,benchmark/frozen/combined_peer_universe_3wave_precomp.csv#row=316;candidate_id=EXT3-010;organization=Jain Family Institute,independent nonprofit,none,Preserved expected structure independent nonprofit from the frozen candidate row; this is an expected/legal-form label rather than a verified filing structure flag.,benchmark/frozen/combined_peer_universe_3wave_precomp.csv#row=316;candidate_id=EXT3-010;organization=Jain Family Institute,policy and evidence,Research and policy design comparator,Preserved precomp topic/model cluster policy and evidence from the frozen candidate row.,benchmark/frozen/combined_peer_universe_3wave_precomp.csv#row=316;candidate_id=EXT3-010;organization=Jain Family Institute,CEO and Director,CEO_title_match,"Raw selected/extracted title is ""CEO and Director""; normalized to CEO_title_match using the contains-CEO-or-Chief-Executive rule.",benchmark/deliverables/expanded_reference_set_144.csv#row=11;organization=Jain Family Institute | benchmark/scripts/normalize_and_analyze.py#L253-L254,topic/EA/expected_structure=precomp_frozen; final tier=post_verification_nonpay; title_group=derived_after_title_collection,precomp_normalized_metadata + final_nonpay_tiering + derived_title_group,https://apps.irs.gov/pub/epostcard/990/xml/2025/202523219349327407_public.xml,high,
reference_selection::SRC-990-EXT-LAST-MILE-HEALTH,source_id,SRC-990-EXT-LAST-MILE-HEALTH,EXP-045,Last Mile Health,reference_selection,first expansion,B,Tier B weighted secondary,Final selected reference tier B (Tier B weighted secondary); comparability score 78.0. Selected under the first expansion protocol before systematic pay review.,benchmark/deliverables/expanded_reference_set_144.csv#row=95;organization=Last Mile Health | benchmark/frozen/first_expansion_protocol.md#L40-L48 | benchmark/frozen/extension2_protocol_amendment.md#L17-L24,EA-adjacent,EA-adjacent,Preserved precomp EA assignment EA-adjacent from the frozen candidate row; compensation did not determine this assignment.,benchmark/frozen/combined_peer_universe_3wave_precomp.csv#row=45;candidate_id=EXP-045;organization=Last Mile Health,independent nonprofit,delivery_hybrid,Preserved expected structure independent nonprofit from the frozen candidate row; this is an expected/legal-form label rather than a verified filing structure flag.,benchmark/frozen/combined_peer_universe_3wave_precomp.csv#row=45;candidate_id=EXP-045;organization=Last Mile Health,"Global health, development, and evidence",Research-informed health systems and delivery.,"Preserved precomp topic/model cluster Global health, development, and evidence from the frozen candidate row.",benchmark/frozen/combined_peer_universe_3wave_precomp.csv#row=45;candidate_id=EXP-045;organization=Last Mile Health,Chief Executive Officer,CEO_title_match,"Raw selected/extracted title is ""Chief Executive Officer""; normalized to CEO_title_match using the contains-CEO-or-Chief-Executive rule.",benchmark/deliverables/expanded_reference_set_144.csv#row=95;organization=Last Mile Health | benchmark/scripts/normalize_and_analyze.py#L253-L254,topic/EA/expected_structure=precomp_frozen; final tier=post_verification_nonpay; title_group=derived_after_title_collection,precomp_normalized_metadata + final_nonpay_tiering + derived_title_group,https://apps.irs.gov/pub/epostcard/990/xml/2026/202631359349305343_public.xml,high,
reference_selection::SRC-990-EXT3-LEARNING-POLICY-INSTITUTE,source_id,SRC-990-EXT3-LEARNING-POLICY-INSTITUTE,EXT3-017,Learning Policy Institute,reference_selection,third expansion / filing verification,A,Tier A expanded primary,Final selected reference tier A (Tier A expanded primary); comparability score 87.0. Added by the third-expansion freeze and retained after role/scale/title verification; pay did not determine selection.,benchmark/deliverables/expanded_reference_set_144.csv#row=42;organization=Learning Policy Institute | benchmark/frozen/first_expansion_protocol.md#L40-L48 | benchmark/frozen/extension2_protocol_amendment.md#L17-L24,functional-only,functional-only,Preserved precomp EA assignment functional-only from the frozen candidate row; compensation did not determine this assignment.,benchmark/frozen/combined_peer_universe_3wave_precomp.csv#row=323;candidate_id=EXT3-017;organization=Learning Policy Institute,independent nonprofit,dual_senior_executive,Preserved expected structure independent nonprofit from the frozen candidate row; this is an expected/legal-form label rather than a verified filing structure flag.,benchmark/frozen/combined_peer_universe_3wave_precomp.csv#row=323;candidate_id=EXT3-017;organization=Learning Policy Institute,research and evaluation,Education policy research comparator,Preserved precomp topic/model cluster research and evaluation from the frozen candidate row.,benchmark/frozen/combined_peer_universe_3wave_precomp.csv#row=323;candidate_id=EXT3-017;organization=Learning Policy Institute,Director/CEO,CEO_title_match,"Raw selected/extracted title is ""Director/CEO""; normalized to CEO_title_match using the contains-CEO-or-Chief-Executive rule.",benchmark/deliverables/expanded_reference_set_144.csv#row=42;organization=Learning Policy Institute | benchmark/scripts/normalize_and_analyze.py#L253-L254,topic/EA/expected_structure=precomp_frozen; final tier=post_verification_nonpay; title_group=derived_after_title_collection,precomp_normalized_metadata + final_nonpay_tiering + derived_title_group,https://apps.irs.gov/pub/epostcard/990/xml/2025/202503179349312065_public.xml,high,
reference_selection::EXP-111,candidate_id,,EXP-111,Legal Priorities Project,reference_selection,first expansion,B,Tier B weighted secondary,Final selected reference tier B (Tier B weighted secondary); comparability score 72.0. Selected under the first expansion protocol before systematic pay review.,benchmark/deliverables/expanded_reference_set_144.csv#row=107;organization=Legal Priorities Project | benchmark/frozen/first_expansion_protocol.md#L40-L48 | benchmark/frozen/extension2_protocol_amendment.md#L17-L24,EA-adjacent,EA-adjacent,Preserved precomp EA assignment EA-adjacent from the frozen candidate row; compensation did not determine this assignment.,benchmark/frozen/combined_peer_universe_3wave_precomp.csv#row=52;candidate_id=EXP-111;organization=Legal Priorities Project,nonprofit/project,,Preserved expected structure nonprofit/project from the frozen candidate row; this is an expected/legal-form label rather than a verified filing structure flag.,benchmark/frozen/combined_peer_universe_3wave_precomp.csv#row=52;candidate_id=EXP-111;organization=Legal Priorities Project,"AI, catastrophic risk, biosecurity, and technology policy",EA-adjacent legal research; entity and scale to verify.,"Preserved precomp topic/model cluster AI, catastrophic risk, biosecurity, and technology policy from the frozen candidate row.",benchmark/frozen/combined_peer_universe_3wave_precomp.csv#row=52;candidate_id=EXP-111;organization=Legal Priorities Project,,uncoded,No CEO title was available in the selected reference row; explainer records title_group=uncoded rather than forcing the analysis-code fallback.,benchmark/deliverables/expanded_reference_set_144.csv#row=107;organization=Legal Priorities Project,topic/EA/expected_structure=precomp_frozen; final tier=post_verification_nonpay; title_group=derived_after_title_collection,precomp_normalized_metadata + final_nonpay_tiering + derived_title_group,https://80000hours.org/topic/top-recommended-organisations/,medium,No clean compensation/title observation collected for this selected organization.
reference_selection::SRC-990-EXT-LIVING-GOODS,source_id,SRC-990-EXT-LIVING-GOODS,EXP-044,Living Goods,reference_selection,first expansion,B,Tier B weighted secondary,Final selected reference tier B (Tier B weighted secondary); comparability score 73.0. Selected under the first expansion protocol before systematic pay review.,benchmark/deliverables/expanded_reference_set_144.csv#row=105;organization=Living Goods | benchmark/frozen/first_expansion_protocol.md#L40-L48 | benchmark/frozen/extension2_protocol_amendment.md#L17-L24,EA-adjacent,EA-adjacent,Preserved precomp EA assignment EA-adjacent from the frozen candidate row; compensation did not determine this assignment.,benchmark/frozen/combined_peer_universe_3wave_precomp.csv#row=50;candidate_id=EXP-044;organization=Living Goods,independent nonprofit,delivery_hybrid_older_clean,Preserved expected structure independent nonprofit from the frozen candidate row; this is an expected/legal-form label rather than a verified filing structure flag.,benchmark/frozen/combined_peer_universe_3wave_precomp.csv#row=50;candidate_id=EXP-044;organization=Living Goods,"Global health, development, and evidence",Evidence-based health delivery and systems work.,"Preserved precomp topic/model cluster Global health, development, and evidence from the frozen candidate row.",benchmark/frozen/combined_peer_universe_3wave_precomp.csv#row=50;candidate_id=EXP-044;organization=Living Goods,CEO/Officer,CEO_title_match,"Raw selected/extracted title is ""CEO/Officer""; normalized to CEO_title_match using the contains-CEO-or-Chief-Executive rule.",benchmark/deliverables/expanded_reference_set_144.csv#row=105;organization=Living Goods | benchmark/scripts/normalize_and_analyze.py#L253-L254,topic/EA/expected_structure=precomp_frozen; final tier=post_verification_nonpay; title_group=derived_after_title_collection,precomp_normalized_metadata + final_nonpay_tiering + derived_title_group,https://apps.irs.gov/pub/epostcard/990/xml/2024/202433199349307518_public.xml,high,
reference_selection::EXP-097,candidate_id,,EXP-097,METR,reference_selection,first expansion,A,Tier A expanded primary,Final selected reference tier A (Tier A expanded primary); comparability score 94.0. Selected under the first expansion protocol before systematic pay review.,benchmark/deliverables/expanded_reference_set_144.csv#row=3;organization=METR | benchmark/frozen/first_expansion_protocol.md#L40-L48 | benchmark/frozen/extension2_protocol_amendment.md#L17-L24,EA-adjacent,EA-adjacent,Preserved precomp EA assignment EA-adjacent from the frozen candidate row; compensation did not determine this assignment.,benchmark/frozen/combined_peer_universe_3wave_precomp.csv#row=3;candidate_id=EXP-097;organization=METR,independent nonprofit,,Preserved expected structure independent nonprofit from the frozen candidate row; this is an expected/legal-form label rather than a verified filing structure flag.,benchmark/frozen/combined_peer_universe_3wave_precomp.csv#row=3;candidate_id=EXP-097;organization=METR,"AI, catastrophic risk, biosecurity, and technology policy",AI evaluations research; legal name/entity to verify.,"Preserved precomp topic/model cluster AI, catastrophic risk, biosecurity, and technology policy from the frozen candidate row.",benchmark/frozen/combined_peer_universe_3wave_precomp.csv#row=3;candidate_id=EXP-097;organization=METR,,uncoded,No CEO title was available in the selected reference row; explainer records title_group=uncoded rather than forcing the analysis-code fallback.,benchmark/deliverables/expanded_reference_set_144.csv#row=3;organization=METR,topic/EA/expected_structure=precomp_frozen; final tier=post_verification_nonpay; title_group=derived_after_title_collection,precomp_normalized_metadata + final_nonpay_tiering + derived_title_group,https://80000hours.org/topic/top-recommended-organisations/,medium,No clean compensation/title observation collected for this selected organization.
reference_selection::SRC-990-EXT-MERCY-FOR-ANIMALS,source_id,SRC-990-EXT-MERCY-FOR-ANIMALS,EXP-066,Mercy For Animals,reference_selection,first expansion,B,Tier B weighted secondary,Final selected reference tier B (Tier B weighted secondary); comparability score 72.0. Selected under the first expansion protocol before systematic pay review.,benchmark/deliverables/expanded_reference_set_144.csv#row=108;organization=Mercy For Animals | benchmark/frozen/first_expansion_protocol.md#L40-L48 | benchmark/frozen/extension2_protocol_amendment.md#L17-L24,EA-adjacent,EA-adjacent,Preserved precomp EA assignment EA-adjacent from the frozen candidate row; compensation did not determine this assignment.,benchmark/frozen/combined_peer_universe_3wave_precomp.csv#row=53;candidate_id=EXP-066;organization=Mercy For Animals,independent nonprofit,campaign_advocacy_model,Preserved expected structure independent nonprofit from the frozen candidate row; this is an expected/legal-form label rather than a verified filing structure flag.,benchmark/frozen/combined_peer_universe_3wave_precomp.csv#row=53;candidate_id=EXP-066;organization=Mercy For Animals,Animal welfare and food systems,Research and advocacy with campaign operations.,Preserved precomp topic/model cluster Animal welfare and food systems from the frozen candidate row.,benchmark/frozen/combined_peer_universe_3wave_precomp.csv#row=53;candidate_id=EXP-066;organization=Mercy For Animals,Chief Executive Officer,CEO_title_match,"Raw selected/extracted title is ""Chief Executive Officer""; normalized to CEO_title_match using the contains-CEO-or-Chief-Executive rule.",benchmark/deliverables/expanded_reference_set_144.csv#row=108;organization=Mercy For Animals | benchmark/scripts/normalize_and_analyze.py#L253-L254,topic/EA/expected_structure=precomp_frozen; final tier=post_verification_nonpay; title_group=derived_after_title_collection,precomp_normalized_metadata + final_nonpay_tiering + derived_title_group,https://apps.irs.gov/pub/epostcard/990/xml/2025/202502259349301135_public.xml,high,
reference_selection::SRC-990-EXT-MIGRATION-POLICY-INSTITUTE,source_id,SRC-990-EXT-MIGRATION-POLICY-INSTITUTE,EXP-150,Migration Policy Institute,reference_selection,first expansion,A,Tier A expanded primary,Final selected reference tier A (Tier A expanded primary); comparability score 87.0. Selected under the first expansion protocol before systematic pay review.,benchmark/deliverables/expanded_reference_set_144.csv#row=43;organization=Migration Policy Institute | benchmark/frozen/first_expansion_protocol.md#L40-L48 | benchmark/frozen/extension2_protocol_amendment.md#L17-L24,functional-only,functional-only,Preserved precomp EA assignment functional-only from the frozen candidate row; compensation did not determine this assignment.,benchmark/frozen/combined_peer_universe_3wave_precomp.csv#row=18;candidate_id=EXP-150;organization=Migration Policy Institute,independent nonprofit,none,Preserved expected structure independent nonprofit from the frozen candidate row; this is an expected/legal-form label rather than a verified filing structure flag.,benchmark/frozen/combined_peer_universe_3wave_precomp.csv#row=18;candidate_id=EXP-150;organization=Migration Policy Institute,"Research, evaluation, philanthropy infrastructure, and policy",Research and policy think tank.,"Preserved precomp topic/model cluster Research, evaluation, philanthropy infrastructure, and policy from the frozen candidate row.",benchmark/frozen/combined_peer_universe_3wave_precomp.csv#row=18;candidate_id=EXP-150;organization=Migration Policy Institute,President,ED_or_President,"Raw selected/extracted title is ""President""; normalized to ED_or_President using the contains-CEO-or-Chief-Executive rule.",benchmark/deliverables/expanded_reference_set_144.csv#row=43;organization=Migration Policy Institute | benchmark/scripts/normalize_and_analyze.py#L253-L254,topic/EA/expected_structure=precomp_frozen; final tier=post_verification_nonpay; title_group=derived_after_title_collection,precomp_normalized_metadata + final_nonpay_tiering + derived_title_group,https://apps.irs.gov/pub/epostcard/990/xml/2026/202601359349310000_public.xml,high,
reference_selection::SRC-990-EXT-MUCKROCK-FOUNDATION,source_id,SRC-990-EXT-MUCKROCK-FOUNDATION,EXT3-031,MuckRock Foundation,reference_selection,third expansion / filing verification,B,Tier B weighted secondary,Final selected reference tier B (Tier B weighted secondary); comparability score 82.0. Added by the third-expansion freeze and retained after role/scale/title verification; pay did not determine selection.,benchmark/deliverables/expanded_reference_set_144.csv#row=91;organization=MuckRock Foundation | benchmark/frozen/first_expansion_protocol.md#L40-L48 | benchmark/frozen/extension2_protocol_amendment.md#L17-L24,functional-only,functional-only,Preserved precomp EA assignment functional-only from the frozen candidate row; compensation did not determine this assignment.,benchmark/frozen/combined_peer_universe_3wave_precomp.csv#row=337;candidate_id=EXT3-031;organization=MuckRock Foundation,independent nonprofit,latest_filing_no_paid_ed_observation,Preserved expected structure independent nonprofit from the frozen candidate row; this is an expected/legal-form label rather than a verified filing structure flag.,benchmark/frozen/combined_peer_universe_3wave_precomp.csv#row=337;candidate_id=EXT3-031;organization=MuckRock Foundation,open knowledge and journalism,Data and public-interest information infrastructure,Preserved precomp topic/model cluster open knowledge and journalism from the frozen candidate row.,benchmark/frozen/combined_peer_universe_3wave_precomp.csv#row=337;candidate_id=EXT3-031;organization=MuckRock Foundation,Executive Director,ED_or_President,"Raw selected/extracted title is ""Executive Director""; normalized to ED_or_President using the contains-CEO-or-Chief-Executive rule.",benchmark/deliverables/expanded_reference_set_144.csv#row=91;organization=MuckRock Foundation | benchmark/scripts/normalize_and_analyze.py#L253-L254,topic/EA/expected_structure=precomp_frozen; final tier=post_verification_nonpay; title_group=derived_after_title_collection,precomp_normalized_metadata + final_nonpay_tiering + derived_title_group,https://apps.irs.gov/pub/epostcard/990/xml/2024/202403119349300920_public.xml,high,
reference_selection::SRC-990-EXT3-NATIONAL-ACADEMY-FOR-STATE-HEALTH-POLICY,source_id,SRC-990-EXT3-NATIONAL-ACADEMY-FOR-STATE-HEALTH-POLICY,EXT3-019,National Academy for State Health Policy,reference_selection,third expansion / filing verification,A,Tier A expanded primary,Final selected reference tier A (Tier A expanded primary); comparability score 91.0. Added by the third-expansion freeze and retained after role/scale/title verification; pay did not determine selection.,benchmark/deliverables/expanded_reference_set_144.csv#row=17;organization=National Academy for State Health Policy | benchmark/frozen/first_expansion_protocol.md#L40-L48 | benchmark/frozen/extension2_protocol_amendment.md#L17-L24,functional-only,functional-only,Preserved precomp EA assignment functional-only from the frozen candidate row; compensation did not determine this assignment.,benchmark/frozen/combined_peer_universe_3wave_precomp.csv#row=325;candidate_id=EXT3-019;organization=National Academy for State Health Policy,independent nonprofit,none,Preserved expected structure independent nonprofit from the frozen candidate row; this is an expected/legal-form label rather than a verified filing structure flag.,benchmark/frozen/combined_peer_universe_3wave_precomp.csv#row=325;candidate_id=EXT3-019;organization=National Academy for State Health Policy,health policy and evidence,Policy research and technical assistance comparator,Preserved precomp topic/model cluster health policy and evidence from the frozen candidate row.,benchmark/frozen/combined_peer_universe_3wave_precomp.csv#row=325;candidate_id=EXT3-019;organization=National Academy for State Health Policy,President / Executive Director,ED_or_President,"Raw selected/extracted title is ""President / Executive Director""; normalized to ED_or_President using the contains-CEO-or-Chief-Executive rule.",benchmark/deliverables/expanded_reference_set_144.csv#row=17;organization=National Academy for State Health Policy | benchmark/scripts/normalize_and_analyze.py#L253-L254,topic/EA/expected_structure=precomp_frozen; final tier=post_verification_nonpay; title_group=derived_after_title_collection,precomp_normalized_metadata + final_nonpay_tiering + derived_title_group,https://apps.irs.gov/pub/epostcard/990/xml/2025/202503179349302775_public.xml,high,
reference_selection::SRC-990-EXT-NATIONAL-COMMITTEE-FOR-RESPONSIVE-PHILANTHROPY,source_id,SRC-990-EXT-NATIONAL-COMMITTEE-FOR-RESPONSIVE-PHILANTHROPY,EXP-138,National Committee for Responsive Philanthropy,reference_selection,first expansion,A,Tier A expanded primary,Final selected reference tier A (Tier A expanded primary); comparability score 76.0. Selected under the first expansion protocol before systematic pay review.,benchmark/deliverables/expanded_reference_set_144.csv#row=77;organization=National Committee for Responsive Philanthropy | benchmark/frozen/first_expansion_protocol.md#L40-L48 | benchmark/frozen/extension2_protocol_amendment.md#L17-L24,functional-only,functional-only,Preserved precomp EA assignment functional-only from the frozen candidate row; compensation did not determine this assignment.,benchmark/frozen/combined_peer_universe_3wave_precomp.csv#row=40;candidate_id=EXP-138;organization=National Committee for Responsive Philanthropy,independent nonprofit,none,Preserved expected structure independent nonprofit from the frozen candidate row; this is an expected/legal-form label rather than a verified filing structure flag.,benchmark/frozen/combined_peer_universe_3wave_precomp.csv#row=40;candidate_id=EXP-138;organization=National Committee for Responsive Philanthropy,"Research, evaluation, philanthropy infrastructure, and policy",Philanthropy research and advocacy.,"Preserved precomp topic/model cluster Research, evaluation, philanthropy infrastructure, and policy from the frozen candidate row.",benchmark/frozen/combined_peer_universe_3wave_precomp.csv#row=40;candidate_id=EXP-138;organization=National Committee for Responsive Philanthropy,CEO,CEO_title_match,"Raw selected/extracted title is ""CEO""; normalized to CEO_title_match using the contains-CEO-or-Chief-Executive rule.",benchmark/deliverables/expanded_reference_set_144.csv#row=77;organization=National Committee for Responsive Philanthropy | benchmark/scripts/normalize_and_analyze.py#L253-L254,topic/EA/expected_structure=precomp_frozen; final tier=post_verification_nonpay; title_group=derived_after_title_collection,precomp_normalized_metadata + final_nonpay_tiering + derived_title_group,https://apps.irs.gov/pub/epostcard/990/xml/2026/202610449349300906_public.xml,high,
reference_selection::SRC-990-EXT-NATIONAL-EMPLOYMENT-LAW-PROJECT,source_id,SRC-990-EXT-NATIONAL-EMPLOYMENT-LAW-PROJECT,EXT2-040,National Employment Law Project,reference_selection,second expansion / filing verification,A,Tier A expanded primary,Final selected reference tier A (Tier A expanded primary); comparability score 83.0. Added by the second-expansion freeze and retained after role/scale verification; pay did not determine selection.,benchmark/deliverables/expanded_reference_set_144.csv#row=65;organization=National Employment Law Project | benchmark/frozen/first_expansion_protocol.md#L40-L48 | benchmark/frozen/extension2_protocol_amendment.md#L17-L24,functional-only,functional-only,Preserved precomp EA assignment functional-only from the frozen candidate row; compensation did not determine this assignment.,benchmark/frozen/combined_peer_universe_3wave_precomp.csv#row=201;candidate_id=EXT2-040;organization=National Employment Law Project,independent nonprofit,policy_plus_advocacy,Preserved expected structure independent nonprofit from the frozen candidate row; this is an expected/legal-form label rather than a verified filing structure flag.,benchmark/frozen/combined_peer_universe_3wave_precomp.csv#row=201;candidate_id=EXT2-040;organization=National Employment Law Project,"Research, evaluation, philanthropy infrastructure, and policy",,"Preserved precomp topic/model cluster Research, evaluation, philanthropy infrastructure, and policy from the frozen candidate row.",benchmark/frozen/combined_peer_universe_3wave_precomp.csv#row=201;candidate_id=EXT2-040;organization=National Employment Law Project,President & CEO,CEO_title_match,"Raw selected/extracted title is ""President & CEO""; normalized to CEO_title_match using the contains-CEO-or-Chief-Executive rule.",benchmark/deliverables/expanded_reference_set_144.csv#row=65;organization=National Employment Law Project | benchmark/scripts/normalize_and_analyze.py#L253-L254,topic/EA/expected_structure=precomp_frozen; final tier=post_verification_nonpay; title_group=derived_after_title_collection,precomp_normalized_metadata + final_nonpay_tiering + derived_title_group,https://apps.irs.gov/pub/epostcard/990/xml/2025/202523089349302957_public.xml,high,
reference_selection::SRC-990-EXT-NEW-AMERICA,source_id,SRC-990-EXT-NEW-AMERICA,EXT2-034,New America,reference_selection,second expansion / filing verification,B,Tier B weighted secondary,Final selected reference tier B (Tier B weighted secondary); comparability score 77.0. Added by the second-expansion freeze and retained after role/scale verification; pay did not determine selection.,benchmark/deliverables/expanded_reference_set_144.csv#row=98;organization=New America | benchmark/frozen/first_expansion_protocol.md#L40-L48 | benchmark/frozen/extension2_protocol_amendment.md#L17-L24,functional-only,functional-only,Preserved precomp EA assignment functional-only from the frozen candidate row; compensation did not determine this assignment.,benchmark/frozen/combined_peer_universe_3wave_precomp.csv#row=195;candidate_id=EXT2-034;organization=New America,independent nonprofit,above_primary_scale,Preserved expected structure independent nonprofit from the frozen candidate row; this is an expected/legal-form label rather than a verified filing structure flag.,benchmark/frozen/combined_peer_universe_3wave_precomp.csv#row=195;candidate_id=EXT2-034;organization=New America,"Research, evaluation, philanthropy infrastructure, and policy",,"Preserved precomp topic/model cluster Research, evaluation, philanthropy infrastructure, and policy from the frozen candidate row.",benchmark/frozen/combined_peer_universe_3wave_precomp.csv#row=195;candidate_id=EXT2-034;organization=New America,CEO,CEO_title_match,"Raw selected/extracted title is ""CEO""; normalized to CEO_title_match using the contains-CEO-or-Chief-Executive rule.",benchmark/deliverables/expanded_reference_set_144.csv#row=98;organization=New America | benchmark/scripts/normalize_and_analyze.py#L253-L254,topic/EA/expected_structure=precomp_frozen; final tier=post_verification_nonpay; title_group=derived_after_title_collection,precomp_normalized_metadata + final_nonpay_tiering + derived_title_group,https://apps.irs.gov/pub/epostcard/990/xml/2025/202513109349304131_public.xml,high,
reference_selection::EXP-075,candidate_id,,EXP-075,New Harvest,reference_selection,first expansion,C,Tier C broad sensitivity,Final selected reference tier C (Tier C broad sensitivity); comparability score 56.0. Selected under the first expansion protocol before systematic pay review.,benchmark/deliverables/expanded_reference_set_144.csv#row=138;organization=New Harvest | benchmark/frozen/first_expansion_protocol.md#L40-L48 | benchmark/frozen/extension2_protocol_amendment.md#L17-L24,EA-adjacent,EA-adjacent,Preserved precomp EA assignment EA-adjacent from the frozen candidate row; compensation did not determine this assignment.,benchmark/frozen/combined_peer_universe_3wave_precomp.csv#row=71;candidate_id=EXP-075;organization=New Harvest,independent nonprofit,,Preserved expected structure independent nonprofit from the frozen candidate row; this is an expected/legal-form label rather than a verified filing structure flag.,benchmark/frozen/combined_peer_universe_3wave_precomp.csv#row=71;candidate_id=EXP-075;organization=New Harvest,Animal welfare and food systems,Research funding and field building in cellular agriculture.,Preserved precomp topic/model cluster Animal welfare and food systems from the frozen candidate row.,benchmark/frozen/combined_peer_universe_3wave_precomp.csv#row=71;candidate_id=EXP-075;organization=New Harvest,,uncoded,No CEO title was available in the selected reference row; explainer records title_group=uncoded rather than forcing the analysis-code fallback.,benchmark/deliverables/expanded_reference_set_144.csv#row=138;organization=New Harvest,topic/EA/expected_structure=precomp_frozen; final tier=post_verification_nonpay; title_group=derived_after_title_collection,precomp_normalized_metadata + final_nonpay_tiering + derived_title_group,https://forum.effectivealtruism.org/topics/organizations-and-projects-in-effective-altruism,medium,No clean compensation/title observation collected for this selected organization.
reference_selection::SRC-990-EXT-NEW-ROOTS-INSTITUTE,source_id,SRC-990-EXT-NEW-ROOTS-INSTITUTE,EXP-085,New Roots Institute,reference_selection,first expansion,B,Tier B weighted secondary,Final selected reference tier B (Tier B weighted secondary); comparability score 71.0. Selected under the first expansion protocol before systematic pay review.,benchmark/deliverables/expanded_reference_set_144.csv#row=111;organization=New Roots Institute | benchmark/frozen/first_expansion_protocol.md#L40-L48 | benchmark/frozen/extension2_protocol_amendment.md#L17-L24,EA-adjacent,EA-adjacent,Preserved precomp EA assignment EA-adjacent from the frozen candidate row; compensation did not determine this assignment.,benchmark/frozen/combined_peer_universe_3wave_precomp.csv#row=56;candidate_id=EXP-085;organization=New Roots Institute,independent nonprofit,below_primary_scale,Preserved expected structure independent nonprofit from the frozen candidate row; this is an expected/legal-form label rather than a verified filing structure flag.,benchmark/frozen/combined_peer_universe_3wave_precomp.csv#row=56;candidate_id=EXP-085;organization=New Roots Institute,Animal welfare and food systems,"Education, research, and advocacy field building.",Preserved precomp topic/model cluster Animal welfare and food systems from the frozen candidate row.,benchmark/frozen/combined_peer_universe_3wave_precomp.csv#row=56;candidate_id=EXP-085;organization=New Roots Institute,Executive Director,ED_or_President,"Raw selected/extracted title is ""Executive Director""; normalized to ED_or_President using the contains-CEO-or-Chief-Executive rule.",benchmark/deliverables/expanded_reference_set_144.csv#row=111;organization=New Roots Institute | benchmark/scripts/normalize_and_analyze.py#L253-L254,topic/EA/expected_structure=precomp_frozen; final tier=post_verification_nonpay; title_group=derived_after_title_collection,precomp_normalized_metadata + final_nonpay_tiering + derived_title_group,https://apps.irs.gov/pub/epostcard/990/xml/2025/202523519349301637_public.xml,high,
reference_selection::SRC-990-EXT-NISKANEN-CENTER,source_id,SRC-990-EXT-NISKANEN-CENTER,,Niskanen Center,reference_selection,original frozen protocol / legacy bridge,A,strict_primary,Final selected reference tier A (strict_primary); comparability score 85.0. Selected under the original frozen protocol before compensation review; retained as a legacy bridge observation.,benchmark/deliverables/expanded_reference_set_144.csv#row=55;organization=Niskanen Center | benchmark/frozen/first_expansion_protocol.md#L40-L48 | benchmark/frozen/extension2_protocol_amendment.md#L17-L24,functional-only,functional-only,Legacy bridge uses the preserved final value functional-only; the later vocabulary was not present in the original protocol and was normalized during expansion.,benchmark/frozen/legacy_original_peer_bridge_precomp.csv#row=4;organization=Niskanen Center,independent nonprofit,unusually_high_cash_proxy_relative_to_prior_years,Legacy bridge uses the normalized expected structure independent nonprofit; original precomp evidence described the organization as an independent organization-wide peer.,benchmark/frozen/legacy_original_peer_bridge_precomp.csv#row=4;organization=Niskanen Center,"Research, evaluation, policy, or EA-adjacent evidence organization",Policy research think tank with fundraising and public-impact strategy,"Legacy bridge topic label Research, evaluation, policy, or EA-adjacent evidence organization is a later normalization/default, not an original controlled category.",benchmark/frozen/legacy_original_peer_bridge_precomp.csv#row=4;organization=Niskanen Center,President,ED_or_President,"Raw selected/extracted title is ""President""; normalized to ED_or_President using the contains-CEO-or-Chief-Executive rule.",benchmark/deliverables/expanded_reference_set_144.csv#row=55;organization=Niskanen Center | benchmark/scripts/normalize_and_analyze.py#L253-L254,topic/EA/expected_structure=original_precomp_with_later_normalized_defaults; final tier=post_verification_nonpay; title_group=derived_after_title_collection,precomp_normalized_metadata + final_nonpay_tiering + derived_title_group,https://apps.irs.gov/pub/epostcard/990/xml/2025/202523179349301947_public.xml,low,Legacy bridge categories use later normalized defaults. Generic fallback topic label; precise topic meaning is not reconstructible.
reference_selection::EXP-088,candidate_id,,EXP-088,Nonhuman Rights Project,reference_selection,first expansion,C,Tier C broad sensitivity,Final selected reference tier C (Tier C broad sensitivity); comparability score 56.0. Selected under the first expansion protocol before systematic pay review.,benchmark/deliverables/expanded_reference_set_144.csv#row=139;organization=Nonhuman Rights Project | benchmark/frozen/first_expansion_protocol.md#L40-L48 | benchmark/frozen/extension2_protocol_amendment.md#L17-L24,EA-adjacent,EA-adjacent,Preserved precomp EA assignment EA-adjacent from the frozen candidate row; compensation did not determine this assignment.,benchmark/frozen/combined_peer_universe_3wave_precomp.csv#row=72;candidate_id=EXP-088;organization=Nonhuman Rights Project,independent nonprofit,,Preserved expected structure independent nonprofit from the frozen candidate row; this is an expected/legal-form label rather than a verified filing structure flag.,benchmark/frozen/combined_peer_universe_3wave_precomp.csv#row=72;candidate_id=EXP-088;organization=Nonhuman Rights Project,Animal welfare and food systems,Legal research and advocacy.,Preserved precomp topic/model cluster Animal welfare and food systems from the frozen candidate row.,benchmark/frozen/combined_peer_universe_3wave_precomp.csv#row=72;candidate_id=EXP-088;organization=Nonhuman Rights Project,,uncoded,No CEO title was available in the selected reference row; explainer records title_group=uncoded rather than forcing the analysis-code fallback.,benchmark/deliverables/expanded_reference_set_144.csv#row=139;organization=Nonhuman Rights Project,topic/EA/expected_structure=precomp_frozen; final tier=post_verification_nonpay; title_group=derived_after_title_collection,precomp_normalized_metadata + final_nonpay_tiering + derived_title_group,https://forum.effectivealtruism.org/topics/organizations-and-projects-in-effective-altruism,medium,No clean compensation/title observation collected for this selected organization.
reference_selection::SRC-990-EXT3-NUCLEAR-INNOVATION-ALLIANCE,source_id,SRC-990-EXT3-NUCLEAR-INNOVATION-ALLIANCE,EXT3-076,Nuclear Innovation Alliance,reference_selection,third expansion / filing verification,C,Tier C broad sensitivity,Final selected reference tier C (Tier C broad sensitivity); comparability score 70.0. Added by the third-expansion freeze and retained after role/scale/title verification; pay did not determine selection.,benchmark/deliverables/expanded_reference_set_144.csv#row=122;organization=Nuclear Innovation Alliance | benchmark/frozen/first_expansion_protocol.md#L40-L48 | benchmark/frozen/extension2_protocol_amendment.md#L17-L24,EA-adjacent,EA-adjacent,Preserved precomp EA assignment EA-adjacent from the frozen candidate row; compensation did not determine this assignment.,benchmark/frozen/combined_peer_universe_3wave_precomp.csv#row=382;candidate_id=EXT3-076;organization=Nuclear Innovation Alliance,independent nonprofit,well_below_scale,Preserved expected structure independent nonprofit from the frozen candidate row; this is an expected/legal-form label rather than a verified filing structure flag.,benchmark/frozen/combined_peer_universe_3wave_precomp.csv#row=382;candidate_id=EXT3-076;organization=Nuclear Innovation Alliance,nuclear risk and climate,Technical and policy research comparator,Preserved precomp topic/model cluster nuclear risk and climate from the frozen candidate row.,benchmark/frozen/combined_peer_universe_3wave_precomp.csv#row=382;candidate_id=EXT3-076;organization=Nuclear Innovation Alliance,Executive Director,ED_or_President,"Raw selected/extracted title is ""Executive Director""; normalized to ED_or_President using the contains-CEO-or-Chief-Executive rule.",benchmark/deliverables/expanded_reference_set_144.csv#row=122;organization=Nuclear Innovation Alliance | benchmark/scripts/normalize_and_analyze.py#L253-L254,topic/EA/expected_structure=precomp_frozen; final tier=post_verification_nonpay; title_group=derived_after_title_collection,precomp_normalized_metadata + final_nonpay_tiering + derived_title_group,https://apps.irs.gov/pub/epostcard/990/xml/2026/202621339349301817_public.xml,high,
reference_selection::SRC-990-EXT-NUCLEAR-THREAT-INITIATIVE,source_id,SRC-990-EXT-NUCLEAR-THREAT-INITIATIVE,EXP-113,Nuclear Threat Initiative,reference_selection,first expansion,A,Tier A expanded primary,Final selected reference tier A (Tier A expanded primary); comparability score 88.0. Selected under the first expansion protocol before systematic pay review.,benchmark/deliverables/expanded_reference_set_144.csv#row=33;organization=Nuclear Threat Initiative | benchmark/frozen/first_expansion_protocol.md#L40-L48 | benchmark/frozen/extension2_protocol_amendment.md#L17-L24,EA-adjacent,EA-adjacent,Preserved precomp EA assignment EA-adjacent from the frozen candidate row; compensation did not determine this assignment.,benchmark/frozen/combined_peer_universe_3wave_precomp.csv#row=14;candidate_id=EXP-113;organization=Nuclear Threat Initiative,independent nonprofit,dual_senior_executive,Preserved expected structure independent nonprofit from the frozen candidate row; this is an expected/legal-form label rather than a verified filing structure flag.,benchmark/frozen/combined_peer_universe_3wave_precomp.csv#row=14;candidate_id=EXP-113;organization=Nuclear Threat Initiative,"AI, catastrophic risk, biosecurity, and technology policy","Research, policy, and field building on catastrophic risks.","Preserved precomp topic/model cluster AI, catastrophic risk, biosecurity, and technology policy from the frozen candidate row.",benchmark/frozen/combined_peer_universe_3wave_precomp.csv#row=14;candidate_id=EXP-113;organization=Nuclear Threat Initiative,Chief Executive Officer / Co-Chair,CEO_title_match,"Raw selected/extracted title is ""Chief Executive Officer / Co-Chair""; normalized to CEO_title_match using the contains-CEO-or-Chief-Executive rule.",benchmark/deliverables/expanded_reference_set_144.csv#row=33;organization=Nuclear Threat Initiative | benchmark/scripts/normalize_and_analyze.py#L253-L254,topic/EA/expected_structure=precomp_frozen; final tier=post_verification_nonpay; title_group=derived_after_title_collection,precomp_normalized_metadata + final_nonpay_tiering + derived_title_group,https://apps.irs.gov/pub/epostcard/990/xml/2025/202522119349301667_public.xml,high,
reference_selection::SRC-990-EXT-NUMFOCUS,source_id,SRC-990-EXT-NUMFOCUS,EXT3-034,NumFOCUS,reference_selection,third expansion / filing verification,A,Tier A expanded primary,Final selected reference tier A (Tier A expanded primary); comparability score 89.0. Added by the third-expansion freeze and retained after role/scale/title verification; pay did not determine selection.,benchmark/deliverables/expanded_reference_set_144.csv#row=29;organization=NumFOCUS | benchmark/frozen/first_expansion_protocol.md#L40-L48 | benchmark/frozen/extension2_protocol_amendment.md#L17-L24,EA-adjacent,EA-adjacent,Preserved precomp EA assignment EA-adjacent from the frozen candidate row; compensation did not determine this assignment.,benchmark/frozen/combined_peer_universe_3wave_precomp.csv#row=340;candidate_id=EXT3-034;organization=NumFOCUS,fiscal sponsor / membership nonprofit,open_source_fiscal_sponsor_and_membership_model,Preserved expected structure fiscal sponsor / membership nonprofit from the frozen candidate row; this is an expected/legal-form label rather than a verified filing structure flag.,benchmark/frozen/combined_peer_universe_3wave_precomp.csv#row=340;candidate_id=EXT3-034;organization=NumFOCUS,open science infrastructure,Open-source scientific infrastructure; sponsor structure,Preserved precomp topic/model cluster open science infrastructure from the frozen candidate row.,benchmark/frozen/combined_peer_universe_3wave_precomp.csv#row=340;candidate_id=EXT3-034;organization=NumFOCUS,Executive Director,ED_or_President,"Raw selected/extracted title is ""Executive Director""; normalized to ED_or_President using the contains-CEO-or-Chief-Executive rule.",benchmark/deliverables/expanded_reference_set_144.csv#row=29;organization=NumFOCUS | benchmark/scripts/normalize_and_analyze.py#L253-L254,topic/EA/expected_structure=precomp_frozen; final tier=post_verification_nonpay; title_group=derived_after_title_collection,precomp_normalized_metadata + final_nonpay_tiering + derived_title_group,https://apps.irs.gov/pub/epostcard/990/xml/2025/202512979349301136_public.xml,high,
reference_selection::SRC-990-EXT-ORCID,source_id,SRC-990-EXT-ORCID,EXT3-033,ORCID,reference_selection,third expansion / filing verification,A,Tier A expanded primary,Final selected reference tier A (Tier A expanded primary); comparability score 91.0. Added by the third-expansion freeze and retained after role/scale/title verification; pay did not determine selection.,benchmark/deliverables/expanded_reference_set_144.csv#row=18;organization=ORCID | benchmark/frozen/first_expansion_protocol.md#L40-L48 | benchmark/frozen/extension2_protocol_amendment.md#L17-L24,EA-adjacent,EA-adjacent,Preserved precomp EA assignment EA-adjacent from the frozen candidate row; compensation did not determine this assignment.,benchmark/frozen/combined_peer_universe_3wave_precomp.csv#row=339;candidate_id=EXT3-033;organization=ORCID,membership nonprofit,none,Preserved expected structure membership nonprofit from the frozen candidate row; this is an expected/legal-form label rather than a verified filing structure flag.,benchmark/frozen/combined_peer_universe_3wave_precomp.csv#row=339;candidate_id=EXT3-033;organization=ORCID,open science infrastructure,Global research infrastructure comparator,Preserved precomp topic/model cluster open science infrastructure from the frozen candidate row.,benchmark/frozen/combined_peer_universe_3wave_precomp.csv#row=339;candidate_id=EXT3-033;organization=ORCID,Executive Director,ED_or_President,"Raw selected/extracted title is ""Executive Director""; normalized to ED_or_President using the contains-CEO-or-Chief-Executive rule.",benchmark/deliverables/expanded_reference_set_144.csv#row=18;organization=ORCID | benchmark/scripts/normalize_and_analyze.py#L253-L254,topic/EA/expected_structure=precomp_frozen; final tier=post_verification_nonpay; title_group=derived_after_title_collection,precomp_normalized_metadata + final_nonpay_tiering + derived_title_group,https://apps.irs.gov/pub/epostcard/990/xml/2025/202501769349301020_public.xml,high,
reference_selection::EXP-009,candidate_id,,EXP-009,One for the World,reference_selection,first expansion,B,Tier B weighted secondary,Final selected reference tier B (Tier B weighted secondary); comparability score 64.0. Selected under the first expansion protocol before systematic pay review.,benchmark/deliverables/expanded_reference_set_144.csv#row=118;organization=One for the World | benchmark/frozen/first_expansion_protocol.md#L40-L48 | benchmark/frozen/extension2_protocol_amendment.md#L17-L24,EA-core,EA-core,Preserved precomp EA assignment EA-core from the frozen candidate row; compensation did not determine this assignment.,benchmark/frozen/combined_peer_universe_3wave_precomp.csv#row=63;candidate_id=EXP-009;organization=One for the World,independent nonprofit,,Preserved expected structure independent nonprofit from the frozen candidate row; this is an expected/legal-form label rather than a verified filing structure flag.,benchmark/frozen/combined_peer_universe_3wave_precomp.csv#row=63;candidate_id=EXP-009;organization=One for the World,EA infrastructure and effective giving,Effective-giving fundraising and movement-building organization.,Preserved precomp topic/model cluster EA infrastructure and effective giving from the frozen candidate row.,benchmark/frozen/combined_peer_universe_3wave_precomp.csv#row=63;candidate_id=EXP-009;organization=One for the World,,uncoded,No CEO title was available in the selected reference row; explainer records title_group=uncoded rather than forcing the analysis-code fallback.,benchmark/deliverables/expanded_reference_set_144.csv#row=118;organization=One for the World,topic/EA/expected_structure=precomp_frozen; final tier=post_verification_nonpay; title_group=derived_after_title_collection,precomp_normalized_metadata + final_nonpay_tiering + derived_title_group,https://forum.effectivealtruism.org/posts/dm2uawLLeLbY8WNKM/updates-on-the-effective-giving-ecosystem-mcf-2025-memo,medium,No clean compensation/title observation collected for this selected organization.
reference_selection::SRC-990-EXT-OPEN-MARKETS-INSTITUTE,source_id,SRC-990-EXT-OPEN-MARKETS-INSTITUTE,EXT2-045,Open Markets Institute,reference_selection,second expansion / filing verification,B,Tier B weighted secondary,Final selected reference tier B (Tier B weighted secondary); comparability score 78.0. Added by the second-expansion freeze and retained after role/scale verification; pay did not determine selection.,benchmark/deliverables/expanded_reference_set_144.csv#row=96;organization=Open Markets Institute | benchmark/frozen/first_expansion_protocol.md#L40-L48 | benchmark/frozen/extension2_protocol_amendment.md#L17-L24,functional-only,functional-only,Preserved precomp EA assignment functional-only from the frozen candidate row; compensation did not determine this assignment.,benchmark/frozen/combined_peer_universe_3wave_precomp.csv#row=206;candidate_id=EXT2-045;organization=Open Markets Institute,independent nonprofit,lower_edge_expense,Preserved expected structure independent nonprofit from the frozen candidate row; this is an expected/legal-form label rather than a verified filing structure flag.,benchmark/frozen/combined_peer_universe_3wave_precomp.csv#row=206;candidate_id=EXT2-045;organization=Open Markets Institute,"Research, evaluation, philanthropy infrastructure, and policy",,"Preserved precomp topic/model cluster Research, evaluation, philanthropy infrastructure, and policy from the frozen candidate row.",benchmark/frozen/combined_peer_universe_3wave_precomp.csv#row=206;candidate_id=EXT2-045;organization=Open Markets Institute,Executive Director,ED_or_President,"Raw selected/extracted title is ""Executive Director""; normalized to ED_or_President using the contains-CEO-or-Chief-Executive rule.",benchmark/deliverables/expanded_reference_set_144.csv#row=96;organization=Open Markets Institute | benchmark/scripts/normalize_and_analyze.py#L253-L254,topic/EA/expected_structure=precomp_frozen; final tier=post_verification_nonpay; title_group=derived_after_title_collection,precomp_normalized_metadata + final_nonpay_tiering + derived_title_group,https://apps.irs.gov/pub/epostcard/990/xml/2025/202533209349300548_public.xml,high,
reference_selection::SRC-990-EXT-OPEN-SOURCE-INITIATIVE,source_id,SRC-990-EXT-OPEN-SOURCE-INITIATIVE,EXT3-036,Open Source Initiative,reference_selection,third expansion / filing verification,C,Tier C broad sensitivity,Final selected reference tier C (Tier C broad sensitivity); comparability score 70.0. Added by the third-expansion freeze and retained after role/scale/title verification; pay did not determine selection.,benchmark/deliverables/expanded_reference_set_144.csv#row=123;organization=Open Source Initiative | benchmark/frozen/first_expansion_protocol.md#L40-L48 | benchmark/frozen/extension2_protocol_amendment.md#L17-L24,EA-adjacent,EA-adjacent,Preserved precomp EA assignment EA-adjacent from the frozen candidate row; compensation did not determine this assignment.,benchmark/frozen/combined_peer_universe_3wave_precomp.csv#row=342;candidate_id=EXT3-036;organization=Open Source Initiative,membership nonprofit,well_below_scale_membership_governance,Preserved expected structure membership nonprofit from the frozen candidate row; this is an expected/legal-form label rather than a verified filing structure flag.,benchmark/frozen/combined_peer_universe_3wave_precomp.csv#row=342;candidate_id=EXT3-036;organization=Open Source Initiative,open technology infrastructure,Open-source governance comparator,Preserved precomp topic/model cluster open technology infrastructure from the frozen candidate row.,benchmark/frozen/combined_peer_universe_3wave_precomp.csv#row=342;candidate_id=EXT3-036;organization=Open Source Initiative,Executive Director,ED_or_President,"Raw selected/extracted title is ""Executive Director""; normalized to ED_or_President using the contains-CEO-or-Chief-Executive rule.",benchmark/deliverables/expanded_reference_set_144.csv#row=123;organization=Open Source Initiative | benchmark/scripts/normalize_and_analyze.py#L253-L254,topic/EA/expected_structure=precomp_frozen; final tier=post_verification_nonpay; title_group=derived_after_title_collection,precomp_normalized_metadata + final_nonpay_tiering + derived_title_group,https://apps.irs.gov/pub/epostcard/990/xml/2025/202533079349301473_public.xml,high,
reference_selection::SRC-990-EXT-OPENSECRETS,source_id,SRC-990-EXT-OPENSECRETS,EXT3-032,OpenSecrets,reference_selection,third expansion / filing verification,B,Tier B weighted secondary,Final selected reference tier B (Tier B weighted secondary); comparability score 84.0. Added by the third-expansion freeze and retained after role/scale/title verification; pay did not determine selection.,benchmark/deliverables/expanded_reference_set_144.csv#row=88;organization=OpenSecrets | benchmark/frozen/first_expansion_protocol.md#L40-L48 | benchmark/frozen/extension2_protocol_amendment.md#L17-L24,functional-only,functional-only,Preserved precomp EA assignment functional-only from the frozen candidate row; compensation did not determine this assignment.,benchmark/frozen/combined_peer_universe_3wave_precomp.csv#row=338;candidate_id=EXT3-032;organization=OpenSecrets,independent nonprofit,none,Preserved expected structure independent nonprofit from the frozen candidate row; this is an expected/legal-form label rather than a verified filing structure flag.,benchmark/frozen/combined_peer_universe_3wave_precomp.csv#row=338;candidate_id=EXT3-032;organization=OpenSecrets,open knowledge and policy data,Public data/research infrastructure comparator,Preserved precomp topic/model cluster open knowledge and policy data from the frozen candidate row.,benchmark/frozen/combined_peer_universe_3wave_precomp.csv#row=338;candidate_id=EXT3-032;organization=OpenSecrets,Executive Director,ED_or_President,"Raw selected/extracted title is ""Executive Director""; normalized to ED_or_President using the contains-CEO-or-Chief-Executive rule.",benchmark/deliverables/expanded_reference_set_144.csv#row=88;organization=OpenSecrets | benchmark/scripts/normalize_and_analyze.py#L253-L254,topic/EA/expected_structure=precomp_frozen; final tier=post_verification_nonpay; title_group=derived_after_title_collection,precomp_normalized_metadata + final_nonpay_tiering + derived_title_group,https://apps.irs.gov/pub/epostcard/990/xml/2026/202631979349301803_public.xml,high,
reference_selection::SRC-990-EXT-PEAK-GRANTMAKING,source_id,SRC-990-EXT-PEAK-GRANTMAKING,EXP-136,PEAK Grantmaking,reference_selection,first expansion,A,Tier A expanded primary,Final selected reference tier A (Tier A expanded primary); comparability score 81.0. Selected under the first expansion protocol before systematic pay review.,benchmark/deliverables/expanded_reference_set_144.csv#row=70;organization=PEAK Grantmaking | benchmark/frozen/first_expansion_protocol.md#L40-L48 | benchmark/frozen/extension2_protocol_amendment.md#L17-L24,functional-only,functional-only,Preserved precomp EA assignment functional-only from the frozen candidate row; compensation did not determine this assignment.,benchmark/frozen/combined_peer_universe_3wave_precomp.csv#row=33;candidate_id=EXP-136;organization=PEAK Grantmaking,independent nonprofit,none,Preserved expected structure independent nonprofit from the frozen candidate row; this is an expected/legal-form label rather than a verified filing structure flag.,benchmark/frozen/combined_peer_universe_3wave_precomp.csv#row=33;candidate_id=EXP-136;organization=PEAK Grantmaking,"Research, evaluation, philanthropy infrastructure, and policy",Field building and knowledge; original job-ad peer.,"Preserved precomp topic/model cluster Research, evaluation, philanthropy infrastructure, and policy from the frozen candidate row.",benchmark/frozen/combined_peer_universe_3wave_precomp.csv#row=33;candidate_id=EXP-136;organization=PEAK Grantmaking,President and CEO,CEO_title_match,"Raw selected/extracted title is ""President and CEO""; normalized to CEO_title_match using the contains-CEO-or-Chief-Executive rule.",benchmark/deliverables/expanded_reference_set_144.csv#row=70;organization=PEAK Grantmaking | benchmark/scripts/normalize_and_analyze.py#L253-L254,topic/EA/expected_structure=precomp_frozen; final tier=post_verification_nonpay; title_group=derived_after_title_collection,precomp_normalized_metadata + final_nonpay_tiering + derived_title_group,https://apps.irs.gov/pub/epostcard/990/xml/2025/202511219349301641_public.xml,high,
reference_selection::SRC-990-EXT-PARTNERSHIP-ON-AI,source_id,SRC-990-EXT-PARTNERSHIP-ON-AI,EXP-122,Partnership on AI,reference_selection,first expansion,A,Tier A expanded primary,Final selected reference tier A (Tier A expanded primary); comparability score 94.0. Selected under the first expansion protocol before systematic pay review.,benchmark/deliverables/expanded_reference_set_144.csv#row=4;organization=Partnership on AI | benchmark/frozen/first_expansion_protocol.md#L40-L48 | benchmark/frozen/extension2_protocol_amendment.md#L17-L24,EA-adjacent,EA-adjacent,Preserved precomp EA assignment EA-adjacent from the frozen candidate row; compensation did not determine this assignment.,benchmark/frozen/combined_peer_universe_3wave_precomp.csv#row=4;candidate_id=EXP-122;organization=Partnership on AI,independent nonprofit,none,Preserved expected structure independent nonprofit from the frozen candidate row; this is an expected/legal-form label rather than a verified filing structure flag.,benchmark/frozen/combined_peer_universe_3wave_precomp.csv#row=4;candidate_id=EXP-122;organization=Partnership on AI,"AI, catastrophic risk, biosecurity, and technology policy","AI research, policy, and field building; original strict peer.","Preserved precomp topic/model cluster AI, catastrophic risk, biosecurity, and technology policy from the frozen candidate row.",benchmark/frozen/combined_peer_universe_3wave_precomp.csv#row=4;candidate_id=EXP-122;organization=Partnership on AI,Chief Executive Officer,CEO_title_match,"Raw selected/extracted title is ""Chief Executive Officer""; normalized to CEO_title_match using the contains-CEO-or-Chief-Executive rule.",benchmark/deliverables/expanded_reference_set_144.csv#row=4;organization=Partnership on AI | benchmark/scripts/normalize_and_analyze.py#L253-L254,topic/EA/expected_structure=precomp_frozen; final tier=post_verification_nonpay; title_group=derived_after_title_collection,precomp_normalized_metadata + final_nonpay_tiering + derived_title_group,https://apps.irs.gov/pub/epostcard/990/xml/2025/202543219349322709_public.xml,high,
reference_selection::SRC-990-EXT-PETERSON-INSTITUTE-FOR-INTERNATIONAL-ECONOMICS,source_id,SRC-990-EXT-PETERSON-INSTITUTE-FOR-INTERNATIONAL-ECONOMICS,EXP-160,Peterson Institute for International Economics,reference_selection,first expansion,A,Tier A expanded primary,Final selected reference tier A (Tier A expanded primary); comparability score 87.0. Selected under the first expansion protocol before systematic pay review.,benchmark/deliverables/expanded_reference_set_144.csv#row=44;organization=Peterson Institute for International Economics | benchmark/frozen/first_expansion_protocol.md#L40-L48 | benchmark/frozen/extension2_protocol_amendment.md#L17-L24,functional-only,functional-only,Preserved precomp EA assignment functional-only from the frozen candidate row; compensation did not determine this assignment.,benchmark/frozen/combined_peer_universe_3wave_precomp.csv#row=19;candidate_id=EXP-160;organization=Peterson Institute for International Economics,independent nonprofit,none,Preserved expected structure independent nonprofit from the frozen candidate row; this is an expected/legal-form label rather than a verified filing structure flag.,benchmark/frozen/combined_peer_universe_3wave_precomp.csv#row=19;candidate_id=EXP-160;organization=Peterson Institute for International Economics,"Research, evaluation, philanthropy infrastructure, and policy",Research think tank; likely larger scale.,"Preserved precomp topic/model cluster Research, evaluation, philanthropy infrastructure, and policy from the frozen candidate row.",benchmark/frozen/combined_peer_universe_3wave_precomp.csv#row=19;candidate_id=EXP-160;organization=Peterson Institute for International Economics,President,ED_or_President,"Raw selected/extracted title is ""President""; normalized to ED_or_President using the contains-CEO-or-Chief-Executive rule.",benchmark/deliverables/expanded_reference_set_144.csv#row=44;organization=Peterson Institute for International Economics | benchmark/scripts/normalize_and_analyze.py#L253-L254,topic/EA/expected_structure=precomp_frozen; final tier=post_verification_nonpay; title_group=derived_after_title_collection,precomp_normalized_metadata + final_nonpay_tiering + derived_title_group,https://apps.irs.gov/pub/epostcard/990/xml/2026/202611189349300636_public.xml,high,
reference_selection::SRC-990-EXT-PHYSICIANS-COMMITTEE-FOR-RESPONSIBLE-MEDICINE,source_id,SRC-990-EXT-PHYSICIANS-COMMITTEE-FOR-RESPONSIBLE-MEDICINE,EXP-087,Physicians Committee for Responsible Medicine,reference_selection,first expansion,A,Tier A expanded primary,Final selected reference tier A (Tier A expanded primary); comparability score 76.0. Selected under the first expansion protocol before systematic pay review.,benchmark/deliverables/expanded_reference_set_144.csv#row=78;organization=Physicians Committee for Responsible Medicine | benchmark/frozen/first_expansion_protocol.md#L40-L48 | benchmark/frozen/extension2_protocol_amendment.md#L17-L24,EA-adjacent,EA-adjacent,Preserved precomp EA assignment EA-adjacent from the frozen candidate row; compensation did not determine this assignment.,benchmark/frozen/combined_peer_universe_3wave_precomp.csv#row=41;candidate_id=EXP-087;organization=Physicians Committee for Responsible Medicine,independent nonprofit,no_clean_top_executive_measure,Preserved expected structure independent nonprofit from the frozen candidate row; this is an expected/legal-form label rather than a verified filing structure flag.,benchmark/frozen/combined_peer_universe_3wave_precomp.csv#row=41;candidate_id=EXP-087;organization=Physicians Committee for Responsible Medicine,Animal welfare and food systems,Research and advocacy; larger medical/research scale.,Preserved precomp topic/model cluster Animal welfare and food systems from the frozen candidate row.,benchmark/frozen/combined_peer_universe_3wave_precomp.csv#row=41;candidate_id=EXP-087;organization=Physicians Committee for Responsible Medicine,,uncoded,No CEO title was available in the selected reference row; explainer records title_group=uncoded rather than forcing the analysis-code fallback.,benchmark/deliverables/expanded_reference_set_144.csv#row=78;organization=Physicians Committee for Responsible Medicine,topic/EA/expected_structure=precomp_frozen; final tier=post_verification_nonpay; title_group=derived_after_title_collection,precomp_normalized_metadata + final_nonpay_tiering + derived_title_group,https://forum.effectivealtruism.org/topics/organizations-and-projects-in-effective-altruism,medium,No clean compensation/title observation collected for this selected organization.
reference_selection::SRC-990-EXT-PHYSICIANS-FOR-SOCIAL-RESPONSIBILITY,source_id,SRC-990-EXT-PHYSICIANS-FOR-SOCIAL-RESPONSIBILITY,EXT2-011,Physicians for Social Responsibility,reference_selection,second expansion / filing verification,C,Tier C broad sensitivity,Final selected reference tier C (Tier C broad sensitivity); comparability score 68.0. Added by the second-expansion freeze and retained after role/scale verification; pay did not determine selection.,benchmark/deliverables/expanded_reference_set_144.csv#row=129;organization=Physicians for Social Responsibility | benchmark/frozen/first_expansion_protocol.md#L40-L48 | benchmark/frozen/extension2_protocol_amendment.md#L17-L24,EA-adjacent,EA-adjacent,Preserved precomp EA assignment EA-adjacent from the frozen candidate row; compensation did not determine this assignment.,benchmark/frozen/combined_peer_universe_3wave_precomp.csv#row=172;candidate_id=EXT2-011;organization=Physicians for Social Responsibility,independent nonprofit,well_below_scale_membership_advocacy,Preserved expected structure independent nonprofit from the frozen candidate row; this is an expected/legal-form label rather than a verified filing structure flag.,benchmark/frozen/combined_peer_universe_3wave_precomp.csv#row=172;candidate_id=EXT2-011;organization=Physicians for Social Responsibility,"AI, catastrophic risk, biosecurity, and technology policy",,"Preserved precomp topic/model cluster AI, catastrophic risk, biosecurity, and technology policy from the frozen candidate row.",benchmark/frozen/combined_peer_universe_3wave_precomp.csv#row=172;candidate_id=EXT2-011;organization=Physicians for Social Responsibility,Executive Director,ED_or_President,"Raw selected/extracted title is ""Executive Director""; normalized to ED_or_President using the contains-CEO-or-Chief-Executive rule.",benchmark/deliverables/expanded_reference_set_144.csv#row=129;organization=Physicians for Social Responsibility | benchmark/scripts/normalize_and_analyze.py#L253-L254,topic/EA/expected_structure=precomp_frozen; final tier=post_verification_nonpay; title_group=derived_after_title_collection,precomp_normalized_metadata + final_nonpay_tiering + derived_title_group,https://apps.irs.gov/pub/epostcard/990/xml/2025/202512749349301461_public.xml,high,
reference_selection::SRC-990-EXT-POPULATION-REFERENCE-BUREAU,source_id,SRC-990-EXT-POPULATION-REFERENCE-BUREAU,EXP-059,Population Reference Bureau,reference_selection,first expansion,A,Tier A expanded primary,Final selected reference tier A (Tier A expanded primary); comparability score 94.0. Selected under the first expansion protocol before systematic pay review.,benchmark/deliverables/expanded_reference_set_144.csv#row=5;organization=Population Reference Bureau | benchmark/frozen/first_expansion_protocol.md#L40-L48 | benchmark/frozen/extension2_protocol_amendment.md#L17-L24,EA-adjacent,EA-adjacent,Preserved precomp EA assignment EA-adjacent from the frozen candidate row; compensation did not determine this assignment.,benchmark/frozen/combined_peer_universe_3wave_precomp.csv#row=5;candidate_id=EXP-059;organization=Population Reference Bureau,independent nonprofit,prior_year_due_transition,Preserved expected structure independent nonprofit from the frozen candidate row; this is an expected/legal-form label rather than a verified filing structure flag.,benchmark/frozen/combined_peer_universe_3wave_precomp.csv#row=5;candidate_id=EXP-059;organization=Population Reference Bureau,"Global health, development, and evidence","Research, data, and evidence translation.","Preserved precomp topic/model cluster Global health, development, and evidence from the frozen candidate row.",benchmark/frozen/combined_peer_universe_3wave_precomp.csv#row=5;candidate_id=EXP-059;organization=Population Reference Bureau,President & CEO,CEO_title_match,"Raw selected/extracted title is ""President & CEO""; normalized to CEO_title_match using the contains-CEO-or-Chief-Executive rule.",benchmark/deliverables/expanded_reference_set_144.csv#row=5;organization=Population Reference Bureau | benchmark/scripts/normalize_and_analyze.py#L253-L254,topic/EA/expected_structure=precomp_frozen; final tier=post_verification_nonpay; title_group=derived_after_title_collection,precomp_normalized_metadata + final_nonpay_tiering + derived_title_group,https://apps.irs.gov/pub/epostcard/990/xml/2025/202501789349301305_public.xml,high,
reference_selection::SRC-990-EXT-PRECISION-DEVELOPMENT,source_id,SRC-990-EXT-PRECISION-DEVELOPMENT,EXP-052,Precision Development,reference_selection,first expansion,A,Tier A expanded primary,Final selected reference tier A (Tier A expanded primary); comparability score 76.0. Selected under the first expansion protocol before systematic pay review.,benchmark/deliverables/expanded_reference_set_144.csv#row=79;organization=Precision Development | benchmark/frozen/first_expansion_protocol.md#L40-L48 | benchmark/frozen/extension2_protocol_amendment.md#L17-L24,EA-adjacent,EA-adjacent,Preserved precomp EA assignment EA-adjacent from the frozen candidate row; compensation did not determine this assignment.,benchmark/frozen/combined_peer_universe_3wave_precomp.csv#row=42;candidate_id=EXP-052;organization=Precision Development,independent nonprofit,older_clean_due_transition,Preserved expected structure independent nonprofit from the frozen candidate row; this is an expected/legal-form label rather than a verified filing structure flag.,benchmark/frozen/combined_peer_universe_3wave_precomp.csv#row=42;candidate_id=EXP-052;organization=Precision Development,"Global health, development, and evidence",Evidence-based digital advisory and research.,"Preserved precomp topic/model cluster Global health, development, and evidence from the frozen candidate row.",benchmark/frozen/combined_peer_universe_3wave_precomp.csv#row=42;candidate_id=EXP-052;organization=Precision Development,Chief Executive Officer,CEO_title_match,"Raw selected/extracted title is ""Chief Executive Officer""; normalized to CEO_title_match using the contains-CEO-or-Chief-Executive rule.",benchmark/deliverables/expanded_reference_set_144.csv#row=79;organization=Precision Development | benchmark/scripts/normalize_and_analyze.py#L253-L254,topic/EA/expected_structure=precomp_frozen; final tier=post_verification_nonpay; title_group=derived_after_title_collection,precomp_normalized_metadata + final_nonpay_tiering + derived_title_group,https://apps.irs.gov/pub/epostcard/990/xml/2024/202433199349302193_public.xml,high,
reference_selection::SRC-990-EXT-PROJECT-DRAWDOWN,source_id,SRC-990-EXT-PROJECT-DRAWDOWN,EXT3-113,Project Drawdown,reference_selection,third expansion / filing verification,A,Tier A expanded primary,Final selected reference tier A (Tier A expanded primary); comparability score 91.0. Added by the third-expansion freeze and retained after role/scale/title verification; pay did not determine selection.,benchmark/deliverables/expanded_reference_set_144.csv#row=19;organization=Project Drawdown | benchmark/frozen/first_expansion_protocol.md#L40-L48 | benchmark/frozen/extension2_protocol_amendment.md#L17-L24,EA-adjacent,EA-adjacent,Preserved precomp EA assignment EA-adjacent from the frozen candidate row; compensation did not determine this assignment.,benchmark/frozen/combined_peer_universe_3wave_precomp.csv#row=419;candidate_id=EXT3-113;organization=Project Drawdown,independent nonprofit,none,Preserved expected structure independent nonprofit from the frozen candidate row; this is an expected/legal-form label rather than a verified filing structure flag.,benchmark/frozen/combined_peer_universe_3wave_precomp.csv#row=419;candidate_id=EXT3-113;organization=Project Drawdown,climate and evidence,Climate research and communications comparator,Preserved precomp topic/model cluster climate and evidence from the frozen candidate row.,benchmark/frozen/combined_peer_universe_3wave_precomp.csv#row=419;candidate_id=EXT3-113;organization=Project Drawdown,Executive Director,ED_or_President,"Raw selected/extracted title is ""Executive Director""; normalized to ED_or_President using the contains-CEO-or-Chief-Executive rule.",benchmark/deliverables/expanded_reference_set_144.csv#row=19;organization=Project Drawdown | benchmark/scripts/normalize_and_analyze.py#L253-L254,topic/EA/expected_structure=precomp_frozen; final tier=post_verification_nonpay; title_group=derived_after_title_collection,precomp_normalized_metadata + final_nonpay_tiering + derived_title_group,https://apps.irs.gov/pub/epostcard/990/xml/2025/202512529349301621_public.xml,high,
reference_selection::SRC-990-EXT-PROJECT-HEALTHY-CHILDREN,source_id,SRC-990-EXT-PROJECT-HEALTHY-CHILDREN,EXT2-115,Project Healthy Children,reference_selection,second expansion / filing verification,B,Tier B weighted secondary,Final selected reference tier B (Tier B weighted secondary); comparability score 83.0. Added by the second-expansion freeze and retained after role/scale verification; pay did not determine selection.,benchmark/deliverables/expanded_reference_set_144.csv#row=89;organization=Project Healthy Children | benchmark/frozen/first_expansion_protocol.md#L40-L48 | benchmark/frozen/extension2_protocol_amendment.md#L17-L24,EA-adjacent,EA-adjacent,Preserved precomp EA assignment EA-adjacent from the frozen candidate row; compensation did not determine this assignment.,benchmark/frozen/combined_peer_universe_3wave_precomp.csv#row=276;candidate_id=EXT2-115;organization=Project Healthy Children,independent nonprofit,unusually_high_other_compensation_older_clean,Preserved expected structure independent nonprofit from the frozen candidate row; this is an expected/legal-form label rather than a verified filing structure flag.,benchmark/frozen/combined_peer_universe_3wave_precomp.csv#row=276;candidate_id=EXT2-115;organization=Project Healthy Children,"Global health, development, and evidence",,"Preserved precomp topic/model cluster Global health, development, and evidence from the frozen candidate row.",benchmark/frozen/combined_peer_universe_3wave_precomp.csv#row=276;candidate_id=EXT2-115;organization=Project Healthy Children,President and Chief Executive Officer,CEO_title_match,"Raw selected/extracted title is ""President and Chief Executive Officer""; normalized to CEO_title_match using the contains-CEO-or-Chief-Executive rule.",benchmark/deliverables/expanded_reference_set_144.csv#row=89;organization=Project Healthy Children | benchmark/scripts/normalize_and_analyze.py#L253-L254,topic/EA/expected_structure=precomp_frozen; final tier=post_verification_nonpay; title_group=derived_after_title_collection,precomp_normalized_metadata + final_nonpay_tiering + derived_title_group,https://apps.irs.gov/pub/epostcard/990/xml/2024/202422259349302007_public.xml,high,
reference_selection::SRC-990-EXT-PUBLIC-AGENDA,source_id,SRC-990-EXT-PUBLIC-AGENDA,EXT2-038,Public Agenda,reference_selection,second expansion / filing verification,A,Tier A expanded primary,Final selected reference tier A (Tier A expanded primary); comparability score 84.0. Added by the second-expansion freeze and retained after role/scale verification; pay did not determine selection.,benchmark/deliverables/expanded_reference_set_144.csv#row=62;organization=Public Agenda | benchmark/frozen/first_expansion_protocol.md#L40-L48 | benchmark/frozen/extension2_protocol_amendment.md#L17-L24,functional-only,functional-only,Preserved precomp EA assignment functional-only from the frozen candidate row; compensation did not determine this assignment.,benchmark/frozen/combined_peer_universe_3wave_precomp.csv#row=199;candidate_id=EXT2-038;organization=Public Agenda,independent nonprofit,lower_edge_expense,Preserved expected structure independent nonprofit from the frozen candidate row; this is an expected/legal-form label rather than a verified filing structure flag.,benchmark/frozen/combined_peer_universe_3wave_precomp.csv#row=199;candidate_id=EXT2-038;organization=Public Agenda,"Research, evaluation, philanthropy infrastructure, and policy",,"Preserved precomp topic/model cluster Research, evaluation, philanthropy infrastructure, and policy from the frozen candidate row.",benchmark/frozen/combined_peer_universe_3wave_precomp.csv#row=199;candidate_id=EXT2-038;organization=Public Agenda,President,ED_or_President,"Raw selected/extracted title is ""President""; normalized to ED_or_President using the contains-CEO-or-Chief-Executive rule.",benchmark/deliverables/expanded_reference_set_144.csv#row=62;organization=Public Agenda | benchmark/scripts/normalize_and_analyze.py#L253-L254,topic/EA/expected_structure=precomp_frozen; final tier=post_verification_nonpay; title_group=derived_after_title_collection,precomp_normalized_metadata + final_nonpay_tiering + derived_title_group,https://apps.irs.gov/pub/epostcard/990/xml/2026/202631029349300503_public.xml,high,
reference_selection::SRC-990-EXT-PUBLIC-KNOWLEDGE,source_id,SRC-990-EXT-PUBLIC-KNOWLEDGE,EXP-126,Public Knowledge,reference_selection,first expansion,A,Tier A expanded primary,Final selected reference tier A (Tier A expanded primary); comparability score 81.0. Selected under the first expansion protocol before systematic pay review.,benchmark/deliverables/expanded_reference_set_144.csv#row=71;organization=Public Knowledge | benchmark/frozen/first_expansion_protocol.md#L40-L48 | benchmark/frozen/extension2_protocol_amendment.md#L17-L24,EA-adjacent,EA-adjacent,Preserved precomp EA assignment EA-adjacent from the frozen candidate row; compensation did not determine this assignment.,benchmark/frozen/combined_peer_universe_3wave_precomp.csv#row=34;candidate_id=EXP-126;organization=Public Knowledge,independent nonprofit,none,Preserved expected structure independent nonprofit from the frozen candidate row; this is an expected/legal-form label rather than a verified filing structure flag.,benchmark/frozen/combined_peer_universe_3wave_precomp.csv#row=34;candidate_id=EXP-126;organization=Public Knowledge,"AI, catastrophic risk, biosecurity, and technology policy",Technology policy research and advocacy.,"Preserved precomp topic/model cluster AI, catastrophic risk, biosecurity, and technology policy from the frozen candidate row.",benchmark/frozen/combined_peer_universe_3wave_precomp.csv#row=34;candidate_id=EXP-126;organization=Public Knowledge,President/CEO,CEO_title_match,"Raw selected/extracted title is ""President/CEO""; normalized to CEO_title_match using the contains-CEO-or-Chief-Executive rule.",benchmark/deliverables/expanded_reference_set_144.csv#row=71;organization=Public Knowledge | benchmark/scripts/normalize_and_analyze.py#L253-L254,topic/EA/expected_structure=precomp_frozen; final tier=post_verification_nonpay; title_group=derived_after_title_collection,precomp_normalized_metadata + final_nonpay_tiering + derived_title_group,https://apps.irs.gov/pub/epostcard/990/xml/2025/202533149349301903_public.xml,high,
reference_selection::EXP-143,candidate_id,,EXP-143,Public Library of Science,reference_selection,first expansion,C,Tier C broad sensitivity,Final selected reference tier C (Tier C broad sensitivity); comparability score 53.0. Selected under the first expansion protocol before systematic pay review.,benchmark/deliverables/expanded_reference_set_144.csv#row=142;organization=Public Library of Science | benchmark/frozen/first_expansion_protocol.md#L40-L48 | benchmark/frozen/extension2_protocol_amendment.md#L17-L24,functional-only,functional-only,Preserved precomp EA assignment functional-only from the frozen candidate row; compensation did not determine this assignment.,benchmark/frozen/combined_peer_universe_3wave_precomp.csv#row=75;candidate_id=EXP-143;organization=Public Library of Science,independent nonprofit,,Preserved expected structure independent nonprofit from the frozen candidate row; this is an expected/legal-form label rather than a verified filing structure flag.,benchmark/frozen/combined_peer_universe_3wave_precomp.csv#row=75;candidate_id=EXP-143;organization=Public Library of Science,"Research, evaluation, philanthropy infrastructure, and policy",Open-access publishing and research infrastructure.,"Preserved precomp topic/model cluster Research, evaluation, philanthropy infrastructure, and policy from the frozen candidate row.",benchmark/frozen/combined_peer_universe_3wave_precomp.csv#row=75;candidate_id=EXP-143;organization=Public Library of Science,,uncoded,No CEO title was available in the selected reference row; explainer records title_group=uncoded rather than forcing the analysis-code fallback.,benchmark/deliverables/expanded_reference_set_144.csv#row=142;organization=Public Library of Science,topic/EA/expected_structure=precomp_frozen; final tier=post_verification_nonpay; title_group=derived_after_title_collection,precomp_normalized_metadata + final_nonpay_tiering + derived_title_group,https://projects.propublica.org/nonprofits/,medium,No clean compensation/title observation collected for this selected organization.
reference_selection::SRC-990-EXT-PURE-EARTH,source_id,SRC-990-EXT-PURE-EARTH,EXP-055,Pure Earth,reference_selection,first expansion,A,Tier A expanded primary,Final selected reference tier A (Tier A expanded primary); comparability score 88.0. Selected under the first expansion protocol before systematic pay review.,benchmark/deliverables/expanded_reference_set_144.csv#row=34;organization=Pure Earth | benchmark/frozen/first_expansion_protocol.md#L40-L48 | benchmark/frozen/extension2_protocol_amendment.md#L17-L24,EA-adjacent,EA-adjacent,Preserved precomp EA assignment EA-adjacent from the frozen candidate row; compensation did not determine this assignment.,benchmark/frozen/combined_peer_universe_3wave_precomp.csv#row=15;candidate_id=EXP-055;organization=Pure Earth,independent nonprofit,transition,Preserved expected structure independent nonprofit from the frozen candidate row; this is an expected/legal-form label rather than a verified filing structure flag.,benchmark/frozen/combined_peer_universe_3wave_precomp.csv#row=15;candidate_id=EXP-055;organization=Pure Earth,"Global health, development, and evidence",Research and intervention on pollution; delivery intensity sensitivity.,"Preserved precomp topic/model cluster Global health, development, and evidence from the frozen candidate row.",benchmark/frozen/combined_peer_universe_3wave_precomp.csv#row=15;candidate_id=EXP-055;organization=Pure Earth,,uncoded,No CEO title was available in the selected reference row; explainer records title_group=uncoded rather than forcing the analysis-code fallback.,benchmark/deliverables/expanded_reference_set_144.csv#row=34;organization=Pure Earth,topic/EA/expected_structure=precomp_frozen; final tier=post_verification_nonpay; title_group=derived_after_title_collection,precomp_normalized_metadata + final_nonpay_tiering + derived_title_group,https://forum.effectivealtruism.org/topics/organizations-and-projects-in-effective-altruism,medium,No clean compensation/title observation collected for this selected organization.
reference_selection::SRC-990-EXT-QUINCY-INSTITUTE-FOR-RESPONSIBLE-STATECRAFT,source_id,SRC-990-EXT-QUINCY-INSTITUTE-FOR-RESPONSIBLE-STATECRAFT,EXT2-007,Quincy Institute for Responsible Statecraft,reference_selection,second expansion / filing verification,A,Tier A expanded primary,Final selected reference tier A (Tier A expanded primary); comparability score 91.0. Added by the second-expansion freeze and retained after role/scale verification; pay did not determine selection.,benchmark/deliverables/expanded_reference_set_144.csv#row=20;organization=Quincy Institute for Responsible Statecraft | benchmark/frozen/first_expansion_protocol.md#L40-L48 | benchmark/frozen/extension2_protocol_amendment.md#L17-L24,EA-adjacent,EA-adjacent,Preserved precomp EA assignment EA-adjacent from the frozen candidate row; compensation did not determine this assignment.,benchmark/frozen/combined_peer_universe_3wave_precomp.csv#row=168;candidate_id=EXT2-007;organization=Quincy Institute for Responsible Statecraft,independent nonprofit,none,Preserved expected structure independent nonprofit from the frozen candidate row; this is an expected/legal-form label rather than a verified filing structure flag.,benchmark/frozen/combined_peer_universe_3wave_precomp.csv#row=168;candidate_id=EXT2-007;organization=Quincy Institute for Responsible Statecraft,"AI, catastrophic risk, biosecurity, and technology policy",,"Preserved precomp topic/model cluster AI, catastrophic risk, biosecurity, and technology policy from the frozen candidate row.",benchmark/frozen/combined_peer_universe_3wave_precomp.csv#row=168;candidate_id=EXT2-007;organization=Quincy Institute for Responsible Statecraft,Chief Executive Officer,CEO_title_match,"Raw selected/extracted title is ""Chief Executive Officer""; normalized to CEO_title_match using the contains-CEO-or-Chief-Executive rule.",benchmark/deliverables/expanded_reference_set_144.csv#row=20;organization=Quincy Institute for Responsible Statecraft | benchmark/scripts/normalize_and_analyze.py#L253-L254,topic/EA/expected_structure=precomp_frozen; final tier=post_verification_nonpay; title_group=derived_after_title_collection,precomp_normalized_metadata + final_nonpay_tiering + derived_title_group,https://apps.irs.gov/pub/epostcard/990/xml/2025/202523169349300137_public.xml,high,
reference_selection::SRC-990-EXT-REDWOOD-RESEARCH,source_id,SRC-990-EXT-REDWOOD-RESEARCH,EXP-098,Redwood Research,reference_selection,first expansion,B,Tier B weighted secondary,Final selected reference tier B (Tier B weighted secondary); comparability score 66.0. Selected under the first expansion protocol before systematic pay review.,benchmark/deliverables/expanded_reference_set_144.csv#row=115;organization=Redwood Research | benchmark/frozen/first_expansion_protocol.md#L40-L48 | benchmark/frozen/extension2_protocol_amendment.md#L17-L24,EA-adjacent,EA-adjacent,Preserved precomp EA assignment EA-adjacent from the frozen candidate row; compensation did not determine this assignment.,benchmark/frozen/combined_peer_universe_3wave_precomp.csv#row=60;candidate_id=EXP-098;organization=Redwood Research,independent nonprofit,below_scale_revenue_anomaly,Preserved expected structure independent nonprofit from the frozen candidate row; this is an expected/legal-form label rather than a verified filing structure flag.,benchmark/frozen/combined_peer_universe_3wave_precomp.csv#row=60;candidate_id=EXP-098;organization=Redwood Research,"AI, catastrophic risk, biosecurity, and technology policy",Technical AI safety research.,"Preserved precomp topic/model cluster AI, catastrophic risk, biosecurity, and technology policy from the frozen candidate row.",benchmark/frozen/combined_peer_universe_3wave_precomp.csv#row=60;candidate_id=EXP-098;organization=Redwood Research,"CEO, Director",CEO_title_match,"Raw selected/extracted title is ""CEO, Director""; normalized to CEO_title_match using the contains-CEO-or-Chief-Executive rule.",benchmark/deliverables/expanded_reference_set_144.csv#row=115;organization=Redwood Research | benchmark/scripts/normalize_and_analyze.py#L253-L254,topic/EA/expected_structure=precomp_frozen; final tier=post_verification_nonpay; title_group=derived_after_title_collection,precomp_normalized_metadata + final_nonpay_tiering + derived_title_group,https://apps.irs.gov/pub/epostcard/990/xml/2025/202503199349302920_public.xml,high,
reference_selection::SRC-990-EXT-RESEARCH-AMERICA,source_id,SRC-990-EXT-RESEARCH-AMERICA,EXP-142,Research!America,reference_selection,first expansion,A,Tier A expanded primary,Final selected reference tier A (Tier A expanded primary); comparability score 84.0. Selected under the first expansion protocol before systematic pay review.,benchmark/deliverables/expanded_reference_set_144.csv#row=63;organization=Research!America | benchmark/frozen/first_expansion_protocol.md#L40-L48 | benchmark/frozen/extension2_protocol_amendment.md#L17-L24,functional-only,functional-only,Preserved precomp EA assignment functional-only from the frozen candidate row; compensation did not determine this assignment.,benchmark/frozen/combined_peer_universe_3wave_precomp.csv#row=30;candidate_id=EXP-142;organization=Research!America,independent nonprofit,long_tenured,Preserved expected structure independent nonprofit from the frozen candidate row; this is an expected/legal-form label rather than a verified filing structure flag.,benchmark/frozen/combined_peer_universe_3wave_precomp.csv#row=30;candidate_id=EXP-142;organization=Research!America,"Research, evaluation, philanthropy infrastructure, and policy",Research-policy advocacy and field building.,"Preserved precomp topic/model cluster Research, evaluation, philanthropy infrastructure, and policy from the frozen candidate row.",benchmark/frozen/combined_peer_universe_3wave_precomp.csv#row=30;candidate_id=EXP-142;organization=Research!America,President & Chief Executive Officer,CEO_title_match,"Raw selected/extracted title is ""President & Chief Executive Officer""; normalized to CEO_title_match using the contains-CEO-or-Chief-Executive rule.",benchmark/deliverables/expanded_reference_set_144.csv#row=63;organization=Research!America | benchmark/scripts/normalize_and_analyze.py#L253-L254,topic/EA/expected_structure=precomp_frozen; final tier=post_verification_nonpay; title_group=derived_after_title_collection,precomp_normalized_metadata + final_nonpay_tiering + derived_title_group,https://apps.irs.gov/pub/epostcard/990/xml/2026/202601319349302140_public.xml,high,
reference_selection::EXP-053,candidate_id,,EXP-053,Resolve to Save Lives,reference_selection,first expansion,C,Tier C broad sensitivity,Final selected reference tier C (Tier C broad sensitivity); comparability score 61.0. Selected under the first expansion protocol before systematic pay review.,benchmark/deliverables/expanded_reference_set_144.csv#row=132;organization=Resolve to Save Lives | benchmark/frozen/first_expansion_protocol.md#L40-L48 | benchmark/frozen/extension2_protocol_amendment.md#L17-L24,EA-adjacent,EA-adjacent,Preserved precomp EA assignment EA-adjacent from the frozen candidate row; compensation did not determine this assignment.,benchmark/frozen/combined_peer_universe_3wave_precomp.csv#row=65;candidate_id=EXP-053;organization=Resolve to Save Lives,independent nonprofit,,Preserved expected structure independent nonprofit from the frozen candidate row; this is an expected/legal-form label rather than a verified filing structure flag.,benchmark/frozen/combined_peer_universe_3wave_precomp.csv#row=65;candidate_id=EXP-053;organization=Resolve to Save Lives,"Global health, development, and evidence","Research, policy, technical assistance, and implementation.","Preserved precomp topic/model cluster Global health, development, and evidence from the frozen candidate row.",benchmark/frozen/combined_peer_universe_3wave_precomp.csv#row=65;candidate_id=EXP-053;organization=Resolve to Save Lives,,uncoded,No CEO title was available in the selected reference row; explainer records title_group=uncoded rather than forcing the analysis-code fallback.,benchmark/deliverables/expanded_reference_set_144.csv#row=132;organization=Resolve to Save Lives,topic/EA/expected_structure=precomp_frozen; final tier=post_verification_nonpay; title_group=derived_after_title_collection,precomp_normalized_metadata + final_nonpay_tiering + derived_title_group,https://forum.effectivealtruism.org/topics/organizations-and-projects-in-effective-altruism,medium,No clean compensation/title observation collected for this selected organization.
reference_selection::SRC-990-EXT-RESULTS-FOR-AMERICA,source_id,SRC-990-EXT-RESULTS-FOR-AMERICA,,Results for America,reference_selection,original frozen protocol / legacy bridge,B,secondary,Final selected reference tier B (secondary); comparability score 74.0. Selected under the original frozen protocol before compensation review; retained as a legacy bridge observation.,benchmark/deliverables/expanded_reference_set_144.csv#row=103;organization=Results for America | benchmark/frozen/first_expansion_protocol.md#L40-L48 | benchmark/frozen/extension2_protocol_amendment.md#L17-L24,functional-only,functional-only,Legacy bridge uses the preserved final value functional-only; the later vocabulary was not present in the original protocol and was normalized during expansion.,benchmark/frozen/legacy_original_peer_bridge_precomp.csv#row=8;organization=Results for America,independent nonprofit,above_strict_expense_band_and_implementation_mix,Legacy bridge uses the normalized expected structure independent nonprofit; original precomp evidence described the organization as an independent organization-wide peer.,benchmark/frozen/legacy_original_peer_bridge_precomp.csv#row=8;organization=Results for America,"Research, evaluation, policy, or EA-adjacent evidence organization","Evidence use, policy research, technical assistance","Legacy bridge topic label Research, evaluation, policy, or EA-adjacent evidence organization is a later normalization/default, not an original controlled category.",benchmark/frozen/legacy_original_peer_bridge_precomp.csv#row=8;organization=Results for America,President & CEO,CEO_title_match,"Raw selected/extracted title is ""President & CEO""; normalized to CEO_title_match using the contains-CEO-or-Chief-Executive rule.",benchmark/deliverables/expanded_reference_set_144.csv#row=103;organization=Results for America | benchmark/scripts/normalize_and_analyze.py#L253-L254,topic/EA/expected_structure=original_precomp_with_later_normalized_defaults; final tier=post_verification_nonpay; title_group=derived_after_title_collection,precomp_normalized_metadata + final_nonpay_tiering + derived_title_group,https://apps.irs.gov/pub/epostcard/990/xml/2025/202513179349309376_public.xml,low,Legacy bridge categories use later normalized defaults. Generic fallback topic label; precise topic meaning is not reconstructible.
reference_selection::SRC-990-EXT-RESULTS-FOR-DEVELOPMENT,source_id,SRC-990-EXT-RESULTS-FOR-DEVELOPMENT,EXP-035,Results for Development,reference_selection,first expansion,A,Tier A expanded primary,Final selected reference tier A (Tier A expanded primary); comparability score 76.0. Selected under the first expansion protocol before systematic pay review.,benchmark/deliverables/expanded_reference_set_144.csv#row=80;organization=Results for Development | benchmark/frozen/first_expansion_protocol.md#L40-L48 | benchmark/frozen/extension2_protocol_amendment.md#L17-L24,EA-adjacent,EA-adjacent,Preserved precomp EA assignment EA-adjacent from the frozen candidate row; compensation did not determine this assignment.,benchmark/frozen/combined_peer_universe_3wave_precomp.csv#row=43;candidate_id=EXP-035;organization=Results for Development,independent nonprofit,above_primary_scale,Preserved expected structure independent nonprofit from the frozen candidate row; this is an expected/legal-form label rather than a verified filing structure flag.,benchmark/frozen/combined_peer_universe_3wave_precomp.csv#row=43;candidate_id=EXP-035;organization=Results for Development,"Global health, development, and evidence","Research, advisory, and systems-change organization.","Preserved precomp topic/model cluster Global health, development, and evidence from the frozen candidate row.",benchmark/frozen/combined_peer_universe_3wave_precomp.csv#row=43;candidate_id=EXP-035;organization=Results for Development,President & CEO,CEO_title_match,"Raw selected/extracted title is ""President & CEO""; normalized to CEO_title_match using the contains-CEO-or-Chief-Executive rule.",benchmark/deliverables/expanded_reference_set_144.csv#row=80;organization=Results for Development | benchmark/scripts/normalize_and_analyze.py#L253-L254,topic/EA/expected_structure=precomp_frozen; final tier=post_verification_nonpay; title_group=derived_after_title_collection,precomp_normalized_metadata + final_nonpay_tiering + derived_title_group,https://apps.irs.gov/pub/epostcard/990/xml/2025/202512739349302306_public.xml,high,
reference_selection::SRC-990-EXT-ROOSEVELT-INSTITUTE,source_id,SRC-990-EXT-ROOSEVELT-INSTITUTE,EXT2-030,Roosevelt Institute,reference_selection,second expansion / filing verification,A,Tier A expanded primary,Final selected reference tier A (Tier A expanded primary); comparability score 84.0. Added by the second-expansion freeze and retained after role/scale verification; pay did not determine selection.,benchmark/deliverables/expanded_reference_set_144.csv#row=64;organization=Roosevelt Institute | benchmark/frozen/first_expansion_protocol.md#L40-L48 | benchmark/frozen/extension2_protocol_amendment.md#L17-L24,functional-only,functional-only,Preserved precomp EA assignment functional-only from the frozen candidate row; compensation did not determine this assignment.,benchmark/frozen/combined_peer_universe_3wave_precomp.csv#row=191;candidate_id=EXT2-030;organization=Roosevelt Institute,independent nonprofit,none,Preserved expected structure independent nonprofit from the frozen candidate row; this is an expected/legal-form label rather than a verified filing structure flag.,benchmark/frozen/combined_peer_universe_3wave_precomp.csv#row=191;candidate_id=EXT2-030;organization=Roosevelt Institute,"Research, evaluation, philanthropy infrastructure, and policy",,"Preserved precomp topic/model cluster Research, evaluation, philanthropy infrastructure, and policy from the frozen candidate row.",benchmark/frozen/combined_peer_universe_3wave_precomp.csv#row=191;candidate_id=EXT2-030;organization=Roosevelt Institute,President & CEO,CEO_title_match,"Raw selected/extracted title is ""President & CEO""; normalized to CEO_title_match using the contains-CEO-or-Chief-Executive rule.",benchmark/deliverables/expanded_reference_set_144.csv#row=64;organization=Roosevelt Institute | benchmark/scripts/normalize_and_analyze.py#L253-L254,topic/EA/expected_structure=precomp_frozen; final tier=post_verification_nonpay; title_group=derived_after_title_collection,precomp_normalized_metadata + final_nonpay_tiering + derived_title_group,https://apps.irs.gov/pub/epostcard/990/xml/2025/202532729349301978_public.xml,high,
reference_selection::SRC-990-EXT-SAN-FRANCISCO-ESTUARY-INSTITUTE,source_id,SRC-990-EXT-SAN-FRANCISCO-ESTUARY-INSTITUTE,EXP-152,San Francisco Estuary Institute,reference_selection,first expansion,A,Tier A expanded primary,Final selected reference tier A (Tier A expanded primary); comparability score 87.0. Selected under the first expansion protocol before systematic pay review.,benchmark/deliverables/expanded_reference_set_144.csv#row=45;organization=San Francisco Estuary Institute | benchmark/frozen/first_expansion_protocol.md#L40-L48 | benchmark/frozen/extension2_protocol_amendment.md#L17-L24,functional-only,functional-only,Preserved precomp EA assignment functional-only from the frozen candidate row; compensation did not determine this assignment.,benchmark/frozen/combined_peer_universe_3wave_precomp.csv#row=20;candidate_id=EXP-152;organization=San Francisco Estuary Institute,independent nonprofit,none,Preserved expected structure independent nonprofit from the frozen candidate row; this is an expected/legal-form label rather than a verified filing structure flag.,benchmark/frozen/combined_peer_universe_3wave_precomp.csv#row=20;candidate_id=EXP-152;organization=San Francisco Estuary Institute,"Research, evaluation, philanthropy infrastructure, and policy",Research institute; original job-ad peer.,"Preserved precomp topic/model cluster Research, evaluation, philanthropy infrastructure, and policy from the frozen candidate row.",benchmark/frozen/combined_peer_universe_3wave_precomp.csv#row=20;candidate_id=EXP-152;organization=San Francisco Estuary Institute,Executive Director,ED_or_President,"Raw selected/extracted title is ""Executive Director""; normalized to ED_or_President using the contains-CEO-or-Chief-Executive rule.",benchmark/deliverables/expanded_reference_set_144.csv#row=45;organization=San Francisco Estuary Institute | benchmark/scripts/normalize_and_analyze.py#L253-L254,topic/EA/expected_structure=precomp_frozen; final tier=post_verification_nonpay; title_group=derived_after_title_collection,precomp_normalized_metadata + final_nonpay_tiering + derived_title_group,https://apps.irs.gov/pub/epostcard/990/xml/2026/202631319349304238_public.xml,high,
reference_selection::EXP-082,candidate_id,,EXP-082,Sentience Institute,reference_selection,first expansion,C,Tier C broad sensitivity,Final selected reference tier C (Tier C broad sensitivity); comparability score 53.0. Selected under the first expansion protocol before systematic pay review.,benchmark/deliverables/expanded_reference_set_144.csv#row=143;organization=Sentience Institute | benchmark/frozen/first_expansion_protocol.md#L40-L48 | benchmark/frozen/extension2_protocol_amendment.md#L17-L24,EA-adjacent,EA-adjacent,Preserved precomp EA assignment EA-adjacent from the frozen candidate row; compensation did not determine this assignment.,benchmark/frozen/combined_peer_universe_3wave_precomp.csv#row=76;candidate_id=EXP-082;organization=Sentience Institute,independent nonprofit,,Preserved expected structure independent nonprofit from the frozen candidate row; this is an expected/legal-form label rather than a verified filing structure flag.,benchmark/frozen/combined_peer_universe_3wave_precomp.csv#row=76;candidate_id=EXP-082;organization=Sentience Institute,Animal welfare and food systems,EA-aligned social movement and moral-circle research.,Preserved precomp topic/model cluster Animal welfare and food systems from the frozen candidate row.,benchmark/frozen/combined_peer_universe_3wave_precomp.csv#row=76;candidate_id=EXP-082;organization=Sentience Institute,,uncoded,No CEO title was available in the selected reference row; explainer records title_group=uncoded rather than forcing the analysis-code fallback.,benchmark/deliverables/expanded_reference_set_144.csv#row=143;organization=Sentience Institute,topic/EA/expected_structure=precomp_frozen; final tier=post_verification_nonpay; title_group=derived_after_title_collection,precomp_normalized_metadata + final_nonpay_tiering + derived_title_group,https://forum.effectivealtruism.org/topics/organizations-and-projects-in-effective-altruism,medium,No clean compensation/title observation collected for this selected organization.
reference_selection::SRC-990-EXT-SENTIENT-MEDIA,source_id,SRC-990-EXT-SENTIENT-MEDIA,EXT2-130,Sentient Media,reference_selection,second expansion / filing verification,C,Tier C broad sensitivity,Final selected reference tier C (Tier C broad sensitivity); comparability score 69.0. Added by the second-expansion freeze and retained after role/scale verification; pay did not determine selection.,benchmark/deliverables/expanded_reference_set_144.csv#row=126;organization=Sentient Media | benchmark/frozen/first_expansion_protocol.md#L40-L48 | benchmark/frozen/extension2_protocol_amendment.md#L17-L24,EA-adjacent,EA-adjacent,Preserved precomp EA assignment EA-adjacent from the frozen candidate row; compensation did not determine this assignment.,benchmark/frozen/combined_peer_universe_3wave_precomp.csv#row=291;candidate_id=EXT2-130;organization=Sentient Media,independent nonprofit,well_below_scale_media_model,Preserved expected structure independent nonprofit from the frozen candidate row; this is an expected/legal-form label rather than a verified filing structure flag.,benchmark/frozen/combined_peer_universe_3wave_precomp.csv#row=291;candidate_id=EXT2-130;organization=Sentient Media,Animal welfare and food systems,,Preserved precomp topic/model cluster Animal welfare and food systems from the frozen candidate row.,benchmark/frozen/combined_peer_universe_3wave_precomp.csv#row=291;candidate_id=EXT2-130;organization=Sentient Media,Executive Director,ED_or_President,"Raw selected/extracted title is ""Executive Director""; normalized to ED_or_President using the contains-CEO-or-Chief-Executive rule.",benchmark/deliverables/expanded_reference_set_144.csv#row=126;organization=Sentient Media | benchmark/scripts/normalize_and_analyze.py#L253-L254,topic/EA/expected_structure=precomp_frozen; final tier=post_verification_nonpay; title_group=derived_after_title_collection,precomp_normalized_metadata + final_nonpay_tiering + derived_title_group,https://apps.irs.gov/pub/epostcard/990/xml/2025/202512829349301726_public.xml,high,
reference_selection::SRC-990-EXT-SIGHTLINE-INSTITUTE,source_id,SRC-990-EXT-SIGHTLINE-INSTITUTE,EXT2-112,Sightline Institute,reference_selection,second expansion / filing verification,B,Tier B weighted secondary,Final selected reference tier B (Tier B weighted secondary); comparability score 82.0. Added by the second-expansion freeze and retained after role/scale verification; pay did not determine selection.,benchmark/deliverables/expanded_reference_set_144.csv#row=92;organization=Sightline Institute | benchmark/frozen/first_expansion_protocol.md#L40-L48 | benchmark/frozen/extension2_protocol_amendment.md#L17-L24,functional-only,functional-only,Preserved precomp EA assignment functional-only from the frozen candidate row; compensation did not determine this assignment.,benchmark/frozen/combined_peer_universe_3wave_precomp.csv#row=273;candidate_id=EXT2-112;organization=Sightline Institute,independent nonprofit,below_primary_scale_regional,Preserved expected structure independent nonprofit from the frozen candidate row; this is an expected/legal-form label rather than a verified filing structure flag.,benchmark/frozen/combined_peer_universe_3wave_precomp.csv#row=273;candidate_id=EXT2-112;organization=Sightline Institute,"Climate, environment, and evidence",,"Preserved precomp topic/model cluster Climate, environment, and evidence from the frozen candidate row.",benchmark/frozen/combined_peer_universe_3wave_precomp.csv#row=273;candidate_id=EXT2-112;organization=Sightline Institute,Executive Director,ED_or_President,"Raw selected/extracted title is ""Executive Director""; normalized to ED_or_President using the contains-CEO-or-Chief-Executive rule.",benchmark/deliverables/expanded_reference_set_144.csv#row=92;organization=Sightline Institute | benchmark/scripts/normalize_and_analyze.py#L253-L254,topic/EA/expected_structure=precomp_frozen; final tier=post_verification_nonpay; title_group=derived_after_title_collection,precomp_normalized_metadata + final_nonpay_tiering + derived_title_group,https://apps.irs.gov/pub/epostcard/990/xml/2025/202522249349300332_public.xml,high,
reference_selection::SRC-990-EXT-SOCIAL-SCIENCE-RESEARCH-COUNCIL,source_id,SRC-990-EXT-SOCIAL-SCIENCE-RESEARCH-COUNCIL,EXP-132,Social Science Research Council,reference_selection,first expansion,A,Tier A expanded primary,Final selected reference tier A (Tier A expanded primary); comparability score 85.0. Selected under the first expansion protocol before systematic pay review.,benchmark/deliverables/expanded_reference_set_144.csv#row=56;organization=Social Science Research Council | benchmark/frozen/first_expansion_protocol.md#L40-L48 | benchmark/frozen/extension2_protocol_amendment.md#L17-L24,functional-only,functional-only,Preserved precomp EA assignment functional-only from the frozen candidate row; compensation did not determine this assignment.,benchmark/frozen/combined_peer_universe_3wave_precomp.csv#row=27;candidate_id=EXP-132;organization=Social Science Research Council,independent nonprofit,fellowships_grants_and_regranting_mix,Preserved expected structure independent nonprofit from the frozen candidate row; this is an expected/legal-form label rather than a verified filing structure flag.,benchmark/frozen/combined_peer_universe_3wave_precomp.csv#row=27;candidate_id=EXP-132;organization=Social Science Research Council,"Research, evaluation, philanthropy infrastructure, and policy","Research, fellowships, and field building; original secondary peer.","Preserved precomp topic/model cluster Research, evaluation, philanthropy infrastructure, and policy from the frozen candidate row.",benchmark/frozen/combined_peer_universe_3wave_precomp.csv#row=27;candidate_id=EXP-132;organization=Social Science Research Council,President,ED_or_President,"Raw selected/extracted title is ""President""; normalized to ED_or_President using the contains-CEO-or-Chief-Executive rule.",benchmark/deliverables/expanded_reference_set_144.csv#row=56;organization=Social Science Research Council | benchmark/scripts/normalize_and_analyze.py#L253-L254,topic/EA/expected_structure=precomp_frozen; final tier=post_verification_nonpay; title_group=derived_after_title_collection,precomp_normalized_metadata + final_nonpay_tiering + derived_title_group,https://apps.irs.gov/pub/epostcard/990/xml/2026/202641339349307834_public.xml,high,
reference_selection::SRC-990-EXT-SOFTWARE-FREEDOM-CONSERVANCY,source_id,SRC-990-EXT-SOFTWARE-FREEDOM-CONSERVANCY,EXT3-037,Software Freedom Conservancy,reference_selection,third expansion / filing verification,B,Tier B weighted secondary,Final selected reference tier B (Tier B weighted secondary); comparability score 85.0. Added by the third-expansion freeze and retained after role/scale/title verification; pay did not determine selection.,benchmark/deliverables/expanded_reference_set_144.csv#row=85;organization=Software Freedom Conservancy | benchmark/frozen/first_expansion_protocol.md#L40-L48 | benchmark/frozen/extension2_protocol_amendment.md#L17-L24,EA-adjacent,EA-adjacent,Preserved precomp EA assignment EA-adjacent from the frozen candidate row; compensation did not determine this assignment.,benchmark/frozen/combined_peer_universe_3wave_precomp.csv#row=343;candidate_id=EXT3-037;organization=Software Freedom Conservancy,fiscal sponsor / membership nonprofit,open_source_fiscal_sponsor_model,Preserved expected structure fiscal sponsor / membership nonprofit from the frozen candidate row; this is an expected/legal-form label rather than a verified filing structure flag.,benchmark/frozen/combined_peer_universe_3wave_precomp.csv#row=343;candidate_id=EXT3-037;organization=Software Freedom Conservancy,open technology infrastructure,Open-source fiscal sponsor structure,Preserved precomp topic/model cluster open technology infrastructure from the frozen candidate row.,benchmark/frozen/combined_peer_universe_3wave_precomp.csv#row=343;candidate_id=EXT3-037;organization=Software Freedom Conservancy,President and Executive Director,ED_or_President,"Raw selected/extracted title is ""President and Executive Director""; normalized to ED_or_President using the contains-CEO-or-Chief-Executive rule.",benchmark/deliverables/expanded_reference_set_144.csv#row=85;organization=Software Freedom Conservancy | benchmark/scripts/normalize_and_analyze.py#L253-L254,topic/EA/expected_structure=precomp_frozen; final tier=post_verification_nonpay; title_group=derived_after_title_collection,precomp_normalized_metadata + final_nonpay_tiering + derived_title_group,https://apps.irs.gov/pub/epostcard/990/xml/2026/202640169349300604_public.xml,high,
reference_selection::SRC-990-EXT-STIMSON-CENTER,source_id,SRC-990-EXT-STIMSON-CENTER,EXP-159,Stimson Center,reference_selection,first expansion,A,Tier A expanded primary,Final selected reference tier A (Tier A expanded primary); comparability score 83.0. Selected under the first expansion protocol before systematic pay review.,benchmark/deliverables/expanded_reference_set_144.csv#row=66;organization=Stimson Center | benchmark/frozen/first_expansion_protocol.md#L40-L48 | benchmark/frozen/extension2_protocol_amendment.md#L17-L24,functional-only,functional-only,Preserved precomp EA assignment functional-only from the frozen candidate row; compensation did not determine this assignment.,benchmark/frozen/combined_peer_universe_3wave_precomp.csv#row=31;candidate_id=EXP-159;organization=Stimson Center,independent nonprofit,none,Preserved expected structure independent nonprofit from the frozen candidate row; this is an expected/legal-form label rather than a verified filing structure flag.,benchmark/frozen/combined_peer_universe_3wave_precomp.csv#row=31;candidate_id=EXP-159;organization=Stimson Center,"Research, evaluation, philanthropy infrastructure, and policy",Research and policy think tank.,"Preserved precomp topic/model cluster Research, evaluation, philanthropy infrastructure, and policy from the frozen candidate row.",benchmark/frozen/combined_peer_universe_3wave_precomp.csv#row=31;candidate_id=EXP-159;organization=Stimson Center,President & CEO,CEO_title_match,"Raw selected/extracted title is ""President & CEO""; normalized to CEO_title_match using the contains-CEO-or-Chief-Executive rule.",benchmark/deliverables/expanded_reference_set_144.csv#row=66;organization=Stimson Center | benchmark/scripts/normalize_and_analyze.py#L253-L254,topic/EA/expected_structure=precomp_frozen; final tier=post_verification_nonpay; title_group=derived_after_title_collection,precomp_normalized_metadata + final_nonpay_tiering + derived_title_group,https://apps.irs.gov/pub/epostcard/990/xml/2025/202533169349304988_public.xml,high,
reference_selection::SRC-990-EXT-STRONGMINDS,source_id,SRC-990-EXT-STRONGMINDS,EXP-047,StrongMinds,reference_selection,first expansion,B,Tier B weighted secondary,Final selected reference tier B (Tier B weighted secondary); comparability score 78.0. Selected under the first expansion protocol before systematic pay review.,benchmark/deliverables/expanded_reference_set_144.csv#row=97;organization=StrongMinds | benchmark/frozen/first_expansion_protocol.md#L40-L48 | benchmark/frozen/extension2_protocol_amendment.md#L17-L24,EA-adjacent,EA-adjacent,Preserved precomp EA assignment EA-adjacent from the frozen candidate row; compensation did not determine this assignment.,benchmark/frozen/combined_peer_universe_3wave_precomp.csv#row=46;candidate_id=EXP-047;organization=StrongMinds,independent nonprofit,delivery_hybrid,Preserved expected structure independent nonprofit from the frozen candidate row; this is an expected/legal-form label rather than a verified filing structure flag.,benchmark/frozen/combined_peer_universe_3wave_precomp.csv#row=46;candidate_id=EXP-047;organization=StrongMinds,"Global health, development, and evidence",Evidence-based mental-health delivery; operating model differs.,"Preserved precomp topic/model cluster Global health, development, and evidence from the frozen candidate row.",benchmark/frozen/combined_peer_universe_3wave_precomp.csv#row=46;candidate_id=EXP-047;organization=StrongMinds,Chief Executive Officer,CEO_title_match,"Raw selected/extracted title is ""Chief Executive Officer""; normalized to CEO_title_match using the contains-CEO-or-Chief-Executive rule.",benchmark/deliverables/expanded_reference_set_144.csv#row=97;organization=StrongMinds | benchmark/scripts/normalize_and_analyze.py#L253-L254,topic/EA/expected_structure=precomp_frozen; final tier=post_verification_nonpay; title_group=derived_after_title_collection,precomp_normalized_metadata + final_nonpay_tiering + derived_title_group,https://apps.irs.gov/pub/epostcard/990/xml/2025/202511719349300036_public.xml,high,
reference_selection::SRC-990-EXT-TAX-FOUNDATION,source_id,SRC-990-EXT-TAX-FOUNDATION,EXT2-027,Tax Foundation,reference_selection,second expansion / filing verification,A,Tier A expanded primary,Final selected reference tier A (Tier A expanded primary); comparability score 88.0. Added by the second-expansion freeze and retained after role/scale verification; pay did not determine selection.,benchmark/deliverables/expanded_reference_set_144.csv#row=35;organization=Tax Foundation | benchmark/frozen/first_expansion_protocol.md#L40-L48 | benchmark/frozen/extension2_protocol_amendment.md#L17-L24,functional-only,functional-only,Preserved precomp EA assignment functional-only from the frozen candidate row; compensation did not determine this assignment.,benchmark/frozen/combined_peer_universe_3wave_precomp.csv#row=188;candidate_id=EXT2-027;organization=Tax Foundation,independent nonprofit,none,Preserved expected structure independent nonprofit from the frozen candidate row; this is an expected/legal-form label rather than a verified filing structure flag.,benchmark/frozen/combined_peer_universe_3wave_precomp.csv#row=188;candidate_id=EXT2-027;organization=Tax Foundation,"Research, evaluation, philanthropy infrastructure, and policy",,"Preserved precomp topic/model cluster Research, evaluation, philanthropy infrastructure, and policy from the frozen candidate row.",benchmark/frozen/combined_peer_universe_3wave_precomp.csv#row=188;candidate_id=EXT2-027;organization=Tax Foundation,President & CEO and Board Secretary,CEO_title_match,"Raw selected/extracted title is ""President & CEO and Board Secretary""; normalized to CEO_title_match using the contains-CEO-or-Chief-Executive rule.",benchmark/deliverables/expanded_reference_set_144.csv#row=35;organization=Tax Foundation | benchmark/scripts/normalize_and_analyze.py#L253-L254,topic/EA/expected_structure=precomp_frozen; final tier=post_verification_nonpay; title_group=derived_after_title_collection,precomp_normalized_metadata + final_nonpay_tiering + derived_title_group,https://apps.irs.gov/pub/epostcard/990/xml/2026/202631959349301758_public.xml,high,
reference_selection::SRC-990-EXT-TECHCONGRESS,source_id,SRC-990-EXT-TECHCONGRESS,EXT3-023,TechCongress,reference_selection,third expansion / filing verification,B,Tier B weighted secondary,Final selected reference tier B (Tier B weighted secondary); comparability score 87.0. Added by the third-expansion freeze and retained after role/scale/title verification; pay did not determine selection.,benchmark/deliverables/expanded_reference_set_144.csv#row=82;organization=TechCongress | benchmark/frozen/first_expansion_protocol.md#L40-L48 | benchmark/frozen/extension2_protocol_amendment.md#L17-L24,EA-adjacent,EA-adjacent,Preserved precomp EA assignment EA-adjacent from the frozen candidate row; compensation did not determine this assignment.,benchmark/frozen/combined_peer_universe_3wave_precomp.csv#row=329;candidate_id=EXT3-023;organization=TechCongress,independent nonprofit,none,Preserved expected structure independent nonprofit from the frozen candidate row; this is an expected/legal-form label rather than a verified filing structure flag.,benchmark/frozen/combined_peer_universe_3wave_precomp.csv#row=329;candidate_id=EXT3-023;organization=TechCongress,technology policy and talent,Technology policy capacity-building comparator,Preserved precomp topic/model cluster technology policy and talent from the frozen candidate row.,benchmark/frozen/combined_peer_universe_3wave_precomp.csv#row=329;candidate_id=EXT3-023;organization=TechCongress,Executive Director / Board Secretary,ED_or_President,"Raw selected/extracted title is ""Executive Director / Board Secretary""; normalized to ED_or_President using the contains-CEO-or-Chief-Executive rule.",benchmark/deliverables/expanded_reference_set_144.csv#row=82;organization=TechCongress | benchmark/scripts/normalize_and_analyze.py#L253-L254,topic/EA/expected_structure=precomp_frozen; final tier=post_verification_nonpay; title_group=derived_after_title_collection,precomp_normalized_metadata + final_nonpay_tiering + derived_title_group,https://apps.irs.gov/pub/epostcard/990/xml/2026/202621959349301032_public.xml,high,
reference_selection::SRC-990-EXT-TECHNICAL-ASSISTANCE-COLLABORATIVE,source_id,SRC-990-EXT-TECHNICAL-ASSISTANCE-COLLABORATIVE,EXP-153,Technical Assistance Collaborative,reference_selection,first expansion,A,Tier A expanded primary,Final selected reference tier A (Tier A expanded primary); comparability score 87.0. Selected under the first expansion protocol before systematic pay review.,benchmark/deliverables/expanded_reference_set_144.csv#row=46;organization=Technical Assistance Collaborative | benchmark/frozen/first_expansion_protocol.md#L40-L48 | benchmark/frozen/extension2_protocol_amendment.md#L17-L24,functional-only,functional-only,Preserved precomp EA assignment functional-only from the frozen candidate row; compensation did not determine this assignment.,benchmark/frozen/combined_peer_universe_3wave_precomp.csv#row=21;candidate_id=EXP-153;organization=Technical Assistance Collaborative,independent nonprofit,prior_year_due_transition,Preserved expected structure independent nonprofit from the frozen candidate row; this is an expected/legal-form label rather than a verified filing structure flag.,benchmark/frozen/combined_peer_universe_3wave_precomp.csv#row=21;candidate_id=EXP-153;organization=Technical Assistance Collaborative,"Research, evaluation, philanthropy infrastructure, and policy","Research, consulting, and technical assistance; original job-ad peer.","Preserved precomp topic/model cluster Research, evaluation, philanthropy infrastructure, and policy from the frozen candidate row.",benchmark/frozen/combined_peer_universe_3wave_precomp.csv#row=21;candidate_id=EXP-153;organization=Technical Assistance Collaborative,Executive Director & President,ED_or_President,"Raw selected/extracted title is ""Executive Director & President""; normalized to ED_or_President using the contains-CEO-or-Chief-Executive rule.",benchmark/deliverables/expanded_reference_set_144.csv#row=46;organization=Technical Assistance Collaborative | benchmark/scripts/normalize_and_analyze.py#L253-L254,topic/EA/expected_structure=precomp_frozen; final tier=post_verification_nonpay; title_group=derived_after_title_collection,precomp_normalized_metadata + final_nonpay_tiering + derived_title_group,https://apps.irs.gov/pub/epostcard/990/xml/2025/202500629349300740_public.xml,high,
reference_selection::SRC-990-EXT-THE-HUMANE-LEAGUE,source_id,SRC-990-EXT-THE-HUMANE-LEAGUE,EXP-065,The Humane League,reference_selection,first expansion,B,Tier B weighted secondary,Final selected reference tier B (Tier B weighted secondary); comparability score 73.0. Selected under the first expansion protocol before systematic pay review.,benchmark/deliverables/expanded_reference_set_144.csv#row=106;organization=The Humane League | benchmark/frozen/first_expansion_protocol.md#L40-L48 | benchmark/frozen/extension2_protocol_amendment.md#L17-L24,EA-adjacent,EA-adjacent,Preserved precomp EA assignment EA-adjacent from the frozen candidate row; compensation did not determine this assignment.,benchmark/frozen/combined_peer_universe_3wave_precomp.csv#row=51;candidate_id=EXP-065;organization=The Humane League,independent nonprofit,campaign_advocacy_model,Preserved expected structure independent nonprofit from the frozen candidate row; this is an expected/legal-form label rather than a verified filing structure flag.,benchmark/frozen/combined_peer_universe_3wave_precomp.csv#row=51;candidate_id=EXP-065;organization=The Humane League,Animal welfare and food systems,EA-recommended advocacy organization; campaign-delivery intensity.,Preserved precomp topic/model cluster Animal welfare and food systems from the frozen candidate row.,benchmark/frozen/combined_peer_universe_3wave_precomp.csv#row=51;candidate_id=EXP-065;organization=The Humane League,President,ED_or_President,"Raw selected/extracted title is ""President""; normalized to ED_or_President using the contains-CEO-or-Chief-Executive rule.",benchmark/deliverables/expanded_reference_set_144.csv#row=106;organization=The Humane League | benchmark/scripts/normalize_and_analyze.py#L253-L254,topic/EA/expected_structure=precomp_frozen; final tier=post_verification_nonpay; title_group=derived_after_title_collection,precomp_normalized_metadata + final_nonpay_tiering + derived_title_group,https://apps.irs.gov/pub/epostcard/990/xml/2025/202512489349301801_public.xml,high,
reference_selection::SRC-990-EXT-THE-SENTENCING-PROJECT,source_id,SRC-990-EXT-THE-SENTENCING-PROJECT,EXT2-044,The Sentencing Project,reference_selection,second expansion / filing verification,A,Tier A expanded primary,Final selected reference tier A (Tier A expanded primary); comparability score 83.0. Added by the second-expansion freeze and retained after role/scale verification; pay did not determine selection.,benchmark/deliverables/expanded_reference_set_144.csv#row=67;organization=The Sentencing Project | benchmark/frozen/first_expansion_protocol.md#L40-L48 | benchmark/frozen/extension2_protocol_amendment.md#L17-L24,functional-only,functional-only,Preserved precomp EA assignment functional-only from the frozen candidate row; compensation did not determine this assignment.,benchmark/frozen/combined_peer_universe_3wave_precomp.csv#row=205;candidate_id=EXT2-044;organization=The Sentencing Project,independent nonprofit,none,Preserved expected structure independent nonprofit from the frozen candidate row; this is an expected/legal-form label rather than a verified filing structure flag.,benchmark/frozen/combined_peer_universe_3wave_precomp.csv#row=205;candidate_id=EXT2-044;organization=The Sentencing Project,"Research, evaluation, philanthropy infrastructure, and policy",,"Preserved precomp topic/model cluster Research, evaluation, philanthropy infrastructure, and policy from the frozen candidate row.",benchmark/frozen/combined_peer_universe_3wave_precomp.csv#row=205;candidate_id=EXT2-044;organization=The Sentencing Project,Executive Director,ED_or_President,"Raw selected/extracted title is ""Executive Director""; normalized to ED_or_President using the contains-CEO-or-Chief-Executive rule.",benchmark/deliverables/expanded_reference_set_144.csv#row=67;organization=The Sentencing Project | benchmark/scripts/normalize_and_analyze.py#L253-L254,topic/EA/expected_structure=precomp_frozen; final tier=post_verification_nonpay; title_group=derived_after_title_collection,precomp_normalized_metadata + final_nonpay_tiering + derived_title_group,https://apps.irs.gov/pub/epostcard/990/xml/2025/202522829349301367_public.xml,high,
reference_selection::SRC-990-EXT-THIRD-WAY-INSTITUTE,source_id,SRC-990-EXT-THIRD-WAY-INSTITUTE,EXT2-031,Third Way Institute,reference_selection,second expansion / filing verification,B,Tier B weighted secondary,Final selected reference tier B (Tier B weighted secondary); comparability score 76.0. Added by the second-expansion freeze and retained after role/scale verification; pay did not determine selection.,benchmark/deliverables/expanded_reference_set_144.csv#row=99;organization=Third Way Institute | benchmark/frozen/first_expansion_protocol.md#L40-L48 | benchmark/frozen/extension2_protocol_amendment.md#L17-L24,functional-only,functional-only,Preserved precomp EA assignment functional-only from the frozen candidate row; compensation did not determine this assignment.,benchmark/frozen/combined_peer_universe_3wave_precomp.csv#row=192;candidate_id=EXT2-031;organization=Third Way Institute,independent nonprofit,all_cash_from_related_org,Preserved expected structure independent nonprofit from the frozen candidate row; this is an expected/legal-form label rather than a verified filing structure flag.,benchmark/frozen/combined_peer_universe_3wave_precomp.csv#row=192;candidate_id=EXT2-031;organization=Third Way Institute,"Research, evaluation, philanthropy infrastructure, and policy",,"Preserved precomp topic/model cluster Research, evaluation, philanthropy infrastructure, and policy from the frozen candidate row.",benchmark/frozen/combined_peer_universe_3wave_precomp.csv#row=192;candidate_id=EXT2-031;organization=Third Way Institute,President,ED_or_President,"Raw selected/extracted title is ""President""; normalized to ED_or_President using the contains-CEO-or-Chief-Executive rule.",benchmark/deliverables/expanded_reference_set_144.csv#row=99;organization=Third Way Institute | benchmark/scripts/normalize_and_analyze.py#L253-L254,topic/EA/expected_structure=precomp_frozen; final tier=post_verification_nonpay; title_group=derived_after_title_collection,precomp_normalized_metadata + final_nonpay_tiering + derived_title_group,https://apps.irs.gov/pub/epostcard/990/xml/2025/202543159349301669_public.xml,high,
reference_selection::EXP-068,candidate_id,,EXP-068,Vegan Outreach,reference_selection,first expansion,B,Tier B weighted secondary,Final selected reference tier B (Tier B weighted secondary); comparability score 62.0. Selected under the first expansion protocol before systematic pay review.,benchmark/deliverables/expanded_reference_set_144.csv#row=119;organization=Vegan Outreach | benchmark/frozen/first_expansion_protocol.md#L40-L48 | benchmark/frozen/extension2_protocol_amendment.md#L17-L24,EA-adjacent,EA-adjacent,Preserved precomp EA assignment EA-adjacent from the frozen candidate row; compensation did not determine this assignment.,benchmark/frozen/combined_peer_universe_3wave_precomp.csv#row=64;candidate_id=EXP-068;organization=Vegan Outreach,independent nonprofit,,Preserved expected structure independent nonprofit from the frozen candidate row; this is an expected/legal-form label rather than a verified filing structure flag.,benchmark/frozen/combined_peer_universe_3wave_precomp.csv#row=64;candidate_id=EXP-068;organization=Vegan Outreach,Animal welfare and food systems,Public outreach and program delivery.,Preserved precomp topic/model cluster Animal welfare and food systems from the frozen candidate row.,benchmark/frozen/combined_peer_universe_3wave_precomp.csv#row=64;candidate_id=EXP-068;organization=Vegan Outreach,,uncoded,No CEO title was available in the selected reference row; explainer records title_group=uncoded rather than forcing the analysis-code fallback.,benchmark/deliverables/expanded_reference_set_144.csv#row=119;organization=Vegan Outreach,topic/EA/expected_structure=precomp_frozen; final tier=post_verification_nonpay; title_group=derived_after_title_collection,precomp_normalized_metadata + final_nonpay_tiering + derived_title_group,https://forum.effectivealtruism.org/topics/organizations-and-projects-in-effective-altruism,medium,No clean compensation/title observation collected for this selected organization.
reference_selection::SRC-990-EXT-VERA-INSTITUTE-OF-JUSTICE,source_id,SRC-990-EXT-VERA-INSTITUTE-OF-JUSTICE,EXT2-043,Vera Institute of Justice,reference_selection,second expansion / filing verification,C,Tier C broad sensitivity,Final selected reference tier C (Tier C broad sensitivity); comparability score 72.0. Added by the second-expansion freeze and retained after role/scale verification; pay did not determine selection.,benchmark/deliverables/expanded_reference_set_144.csv#row=121;organization=Vera Institute of Justice | benchmark/frozen/first_expansion_protocol.md#L40-L48 | benchmark/frozen/extension2_protocol_amendment.md#L17-L24,functional-only,functional-only,Preserved precomp EA assignment functional-only from the frozen candidate row; compensation did not determine this assignment.,benchmark/frozen/combined_peer_universe_3wave_precomp.csv#row=204;candidate_id=EXT2-043;organization=Vera Institute of Justice,independent nonprofit,large_scale_and_implementation_mix,Preserved expected structure independent nonprofit from the frozen candidate row; this is an expected/legal-form label rather than a verified filing structure flag.,benchmark/frozen/combined_peer_universe_3wave_precomp.csv#row=204;candidate_id=EXT2-043;organization=Vera Institute of Justice,"Research, evaluation, philanthropy infrastructure, and policy",,"Preserved precomp topic/model cluster Research, evaluation, philanthropy infrastructure, and policy from the frozen candidate row.",benchmark/frozen/combined_peer_universe_3wave_precomp.csv#row=204;candidate_id=EXT2-043;organization=Vera Institute of Justice,President,ED_or_President,"Raw selected/extracted title is ""President""; normalized to ED_or_President using the contains-CEO-or-Chief-Executive rule.",benchmark/deliverables/expanded_reference_set_144.csv#row=121;organization=Vera Institute of Justice | benchmark/scripts/normalize_and_analyze.py#L253-L254,topic/EA/expected_structure=precomp_frozen; final tier=post_verification_nonpay; title_group=derived_after_title_collection,precomp_normalized_metadata + final_nonpay_tiering + derived_title_group,https://apps.irs.gov/pub/epostcard/990/xml/2026/202631359349314463_public.xml,high,
reference_selection::SRC-990-EXT-VILLAGE-ENTERPRISE,source_id,SRC-990-EXT-VILLAGE-ENTERPRISE,EXP-046,Village Enterprise,reference_selection,first expansion,B,Tier B weighted secondary,Final selected reference tier B (Tier B weighted secondary); comparability score 72.0. Selected under the first expansion protocol before systematic pay review.,benchmark/deliverables/expanded_reference_set_144.csv#row=109;organization=Village Enterprise | benchmark/frozen/first_expansion_protocol.md#L40-L48 | benchmark/frozen/extension2_protocol_amendment.md#L17-L24,EA-adjacent,EA-adjacent,Preserved precomp EA assignment EA-adjacent from the frozen candidate row; compensation did not determine this assignment.,benchmark/frozen/combined_peer_universe_3wave_precomp.csv#row=54;candidate_id=EXP-046;organization=Village Enterprise,independent nonprofit,delivery_hybrid,Preserved expected structure independent nonprofit from the frozen candidate row; this is an expected/legal-form label rather than a verified filing structure flag.,benchmark/frozen/combined_peer_universe_3wave_precomp.csv#row=54;candidate_id=EXP-046;organization=Village Enterprise,"Global health, development, and evidence",Evidence-based poverty program delivery and evaluation.,"Preserved precomp topic/model cluster Global health, development, and evidence from the frozen candidate row.",benchmark/frozen/combined_peer_universe_3wave_precomp.csv#row=54;candidate_id=EXP-046;organization=Village Enterprise,CEO,CEO_title_match,"Raw selected/extracted title is ""CEO""; normalized to CEO_title_match using the contains-CEO-or-Chief-Executive rule.",benchmark/deliverables/expanded_reference_set_144.csv#row=109;organization=Village Enterprise | benchmark/scripts/normalize_and_analyze.py#L253-L254,topic/EA/expected_structure=precomp_frozen; final tier=post_verification_nonpay; title_group=derived_after_title_collection,precomp_normalized_metadata + final_nonpay_tiering + derived_title_group,https://apps.irs.gov/pub/epostcard/990/xml/2026/202631359349301128_public.xml,high,
reference_selection::SRC-990-EXT-VILLAGEREACH,source_id,SRC-990-EXT-VILLAGEREACH,EXP-060,VillageReach,reference_selection,first expansion,A,Tier A expanded primary,Final selected reference tier A (Tier A expanded primary); comparability score 81.0. Selected under the first expansion protocol before systematic pay review.,benchmark/deliverables/expanded_reference_set_144.csv#row=72;organization=VillageReach | benchmark/frozen/first_expansion_protocol.md#L40-L48 | benchmark/frozen/extension2_protocol_amendment.md#L17-L24,EA-adjacent,EA-adjacent,Preserved precomp EA assignment EA-adjacent from the frozen candidate row; compensation did not determine this assignment.,benchmark/frozen/combined_peer_universe_3wave_precomp.csv#row=35;candidate_id=EXP-060;organization=VillageReach,independent nonprofit,delivery_hybrid,Preserved expected structure independent nonprofit from the frozen candidate row; this is an expected/legal-form label rather than a verified filing structure flag.,benchmark/frozen/combined_peer_universe_3wave_precomp.csv#row=35;candidate_id=EXP-060;organization=VillageReach,"Global health, development, and evidence",Health systems research and implementation; delivery intensity sensitivity.,"Preserved precomp topic/model cluster Global health, development, and evidence from the frozen candidate row.",benchmark/frozen/combined_peer_universe_3wave_precomp.csv#row=35;candidate_id=EXP-060;organization=VillageReach,President,ED_or_President,"Raw selected/extracted title is ""President""; normalized to ED_or_President using the contains-CEO-or-Chief-Executive rule.",benchmark/deliverables/expanded_reference_set_144.csv#row=72;organization=VillageReach | benchmark/scripts/normalize_and_analyze.py#L253-L254,topic/EA/expected_structure=precomp_frozen; final tier=post_verification_nonpay; title_group=derived_after_title_collection,precomp_normalized_metadata + final_nonpay_tiering + derived_title_group,https://apps.irs.gov/pub/epostcard/990/xml/2025/202512199349301336_public.xml,high,
reference_selection::SRC-990-EXT-WILD-ANIMAL-INITIATIVE,source_id,SRC-990-EXT-WILD-ANIMAL-INITIATIVE,EXP-063,Wild Animal Initiative,reference_selection,first expansion,A,Tier A expanded primary,Final selected reference tier A (Tier A expanded primary); comparability score 86.0. Selected under the first expansion protocol before systematic pay review.,benchmark/deliverables/expanded_reference_set_144.csv#row=52;organization=Wild Animal Initiative | benchmark/frozen/first_expansion_protocol.md#L40-L48 | benchmark/frozen/extension2_protocol_amendment.md#L17-L24,EA-adjacent,EA-adjacent,Preserved precomp EA assignment EA-adjacent from the frozen candidate row; compensation did not determine this assignment.,benchmark/frozen/combined_peer_universe_3wave_precomp.csv#row=24;candidate_id=EXP-063;organization=Wild Animal Initiative,independent nonprofit,none,Preserved expected structure independent nonprofit from the frozen candidate row; this is an expected/legal-form label rather than a verified filing structure flag.,benchmark/frozen/combined_peer_universe_3wave_precomp.csv#row=24;candidate_id=EXP-063;organization=Wild Animal Initiative,Animal welfare and food systems,EA-aligned research organization.,Preserved precomp topic/model cluster Animal welfare and food systems from the frozen candidate row.,benchmark/frozen/combined_peer_universe_3wave_precomp.csv#row=24;candidate_id=EXP-063;organization=Wild Animal Initiative,Executive Director,ED_or_President,"Raw selected/extracted title is ""Executive Director""; normalized to ED_or_President using the contains-CEO-or-Chief-Executive rule.",benchmark/deliverables/expanded_reference_set_144.csv#row=52;organization=Wild Animal Initiative | benchmark/scripts/normalize_and_analyze.py#L253-L254,topic/EA/expected_structure=precomp_frozen; final tier=post_verification_nonpay; title_group=derived_after_title_collection,precomp_normalized_metadata + final_nonpay_tiering + derived_title_group,https://apps.irs.gov/pub/epostcard/990/xml/2025/202532319349300913_public.xml,high,
reference_selection::SRC-990-EXT-WORLD-JUSTICE-PROJECT,source_id,SRC-990-EXT-WORLD-JUSTICE-PROJECT,EXP-158,World Justice Project,reference_selection,first expansion,A,Tier A expanded primary,Final selected reference tier A (Tier A expanded primary); comparability score 86.0. Selected under the first expansion protocol before systematic pay review.,benchmark/deliverables/expanded_reference_set_144.csv#row=53;organization=World Justice Project | benchmark/frozen/first_expansion_protocol.md#L40-L48 | benchmark/frozen/extension2_protocol_amendment.md#L17-L24,functional-only,functional-only,Preserved precomp EA assignment functional-only from the frozen candidate row; compensation did not determine this assignment.,benchmark/frozen/combined_peer_universe_3wave_precomp.csv#row=25;candidate_id=EXP-158;organization=World Justice Project,independent nonprofit,none,Preserved expected structure independent nonprofit from the frozen candidate row; this is an expected/legal-form label rather than a verified filing structure flag.,benchmark/frozen/combined_peer_universe_3wave_precomp.csv#row=25;candidate_id=EXP-158;organization=World Justice Project,"Research, evaluation, philanthropy infrastructure, and policy","Research, data, and policy field building.","Preserved precomp topic/model cluster Research, evaluation, philanthropy infrastructure, and policy from the frozen candidate row.",benchmark/frozen/combined_peer_universe_3wave_precomp.csv#row=25;candidate_id=EXP-158;organization=World Justice Project,Executive Director,ED_or_President,"Raw selected/extracted title is ""Executive Director""; normalized to ED_or_President using the contains-CEO-or-Chief-Executive rule.",benchmark/deliverables/expanded_reference_set_144.csv#row=53;organization=World Justice Project | benchmark/scripts/normalize_and_analyze.py#L253-L254,topic/EA/expected_structure=precomp_frozen; final tier=post_verification_nonpay; title_group=derived_after_title_collection,precomp_normalized_metadata + final_nonpay_tiering + derived_title_group,https://apps.irs.gov/pub/epostcard/990/xml/2025/202543089349302129_public.xml,high,
reference_selection::SRC-990-EXT-IDEAS42,source_id,SRC-990-EXT-IDEAS42,EXP-058,ideas42,reference_selection,first expansion,A,Tier A expanded primary,Final selected reference tier A (Tier A expanded primary); comparability score 91.0. Selected under the first expansion protocol before systematic pay review.,benchmark/deliverables/expanded_reference_set_144.csv#row=21;organization=ideas42 | benchmark/frozen/first_expansion_protocol.md#L40-L48 | benchmark/frozen/extension2_protocol_amendment.md#L17-L24,EA-adjacent,EA-adjacent,Preserved precomp EA assignment EA-adjacent from the frozen candidate row; compensation did not determine this assignment.,benchmark/frozen/combined_peer_universe_3wave_precomp.csv#row=9;candidate_id=EXP-058;organization=ideas42,independent nonprofit,prior_year_due_transition,Preserved expected structure independent nonprofit from the frozen candidate row; this is an expected/legal-form label rather than a verified filing structure flag.,benchmark/frozen/combined_peer_universe_3wave_precomp.csv#row=9;candidate_id=EXP-058;organization=ideas42,"Global health, development, and evidence",Behavioral science research and consulting/advisory.,"Preserved precomp topic/model cluster Global health, development, and evidence from the frozen candidate row.",benchmark/frozen/combined_peer_universe_3wave_precomp.csv#row=9;candidate_id=EXP-058;organization=ideas42,Chief Executive Director,CEO_title_match,"Raw selected/extracted title is ""Chief Executive Director""; normalized to CEO_title_match using the contains-CEO-or-Chief-Executive rule.",benchmark/deliverables/expanded_reference_set_144.csv#row=21;organization=ideas42 | benchmark/scripts/normalize_and_analyze.py#L253-L254,topic/EA/expected_structure=precomp_frozen; final tier=post_verification_nonpay; title_group=derived_after_title_collection,precomp_normalized_metadata + final_nonpay_tiering + derived_title_group,https://apps.irs.gov/pub/epostcard/990/xml/2024/202423199349314832_public.xml,high,
