candidate_id,freeze_timestamp,analysis_cutoff,compensation_seen_before_freeze,organization,topic_cluster,ea_affinity_precomp,country_or_region_precomp,expected_structure_precomp,discovery_source_url,precomp_note,preselected_status,new_pay_eligible,verified_org_name,ein,latest_filing_period,revenue,expenses,employee_count,scale_source_url,scale_source_type,scale_retrieval_date,scale_status,scale_notes,function_score,expense_score,staff_score,ea_score,structure_score,geography_score,available_weight,comparability_score,provisional_tier,legacy_core_flag,pay_exposure_flag,systematic_pay_status,score_notes,reference_membership,ab_analysis_weight,abc_analysis_weight,extension_wave
EXP-093,2026-08-25T14:47:22-0700,2026-08-17,no,Center for AI Safety,"AI, catastrophic risk, biosecurity, and technology policy",EA-adjacent,US,independent nonprofit,https://80000hours.org/topic/top-recommended-organisations/,EA-adjacent technical and policy research.,candidate_universe_frozen_before_new_pay,yes,Center for AI Safety,88-1751310,2024-12,10235085.0,7163607.0,25.0,https://www.causeiq.com/organizations/center-for-artificial-intelligence-safety%2C881751310/,Public Form 990 rendering or organization/sector profile,2026-08-25,verified_candidate,"Excellent AI-safety research, expense, headcount, and US labor-market match.",30.0,25.0,15.0,14.0,7.0,3.0,100.0,94.0,Tier A expanded primary,no,yes,pending_ceo_title_and_full_year_verification,"Scores use only mission/operating model, scale, EA affinity, structure, and geography. Compensation is excluded from every component.",Expanded operating set (A+B),1.1671,1.2375,previous_160_frozen
EXP-097,2026-08-25T14:47:22-0700,2026-08-17,no,METR,"AI, catastrophic risk, biosecurity, and technology policy",EA-adjacent,US,independent nonprofit,https://80000hours.org/topic/top-recommended-organisations/,AI evaluations research; legal name/entity to verify.,candidate_universe_frozen_before_new_pay,yes,Model Evaluation and Threat Research,99-1219864,2024-12,13639155.0,8234524.0,38.0,https://www.causeiq.com/organizations/model-evaluation-and-threat-research%2C991219864/,Public Form 990 rendering or organization/sector profile,2026-08-25,verified_candidate,"Excellent technical research, expense, headcount, and US labor-market match.",30.0,25.0,15.0,14.0,7.0,3.0,100.0,94.0,Tier A expanded primary,no,no,pending_ceo_title_and_full_year_verification,"Scores use only mission/operating model, scale, EA affinity, structure, and geography. Compensation is excluded from every component.",Expanded operating set (A+B),1.1671,1.2375,previous_160_frozen
EXP-122,2026-08-25T14:47:22-0700,2026-08-17,legacy_original_peer_pay_known,Partnership on AI,"AI, catastrophic risk, biosecurity, and technology policy",EA-adjacent,US/international,independent nonprofit,https://80000hours.org/topic/top-recommended-organisations/,"AI research, policy, and field building; original strict peer.",candidate_universe_frozen_before_new_pay,yes,Partnership on AI,32-0518917,2024-12,9023889.0,8372133.0,28.0,https://www.causeiq.com/organizations/partnership-on-ai-to-benefit-people-and-society%2C320518917/,Cause IQ filing profile (IRS-derived),2026-08-25,verified_candidate,"Strong AI research, policy, field-building, and multistakeholder convening match; strict-scale organization and legacy primary peer.",30.0,25.0,15.0,14.0,7.0,3.0,100.0,94.0,Tier A expanded primary,yes,yes,pending_ceo_title_and_full_year_verification,"Scores use only mission/operating model, scale, EA affinity, structure, and geography. Compensation is excluded from every component.",Expanded operating set (A+B),1.1671,1.2375,previous_160_frozen
EXP-059,2026-08-25T14:47:22-0700,2026-08-17,no,Population Reference Bureau,"Global health, development, and evidence",EA-adjacent,US/international,independent nonprofit,https://forum.effectivealtruism.org/topics/organizations-and-projects-in-effective-altruism,"Research, data, and evidence translation.",candidate_universe_frozen_before_new_pay,yes,Population Reference Bureau Inc,53-0214030,2024-09,11745158.0,12190648.0,59.0,https://www.causeiq.com/organizations/population-reference-bureau%2C530214030/,Cause IQ rendering of IRS Form 990 data,2026-08-25,verified_candidate,Excellent research/data/evidence-translation and scale/headcount match.,30.0,25.0,15.0,14.0,7.0,3.0,100.0,94.0,Tier A expanded primary,no,yes,pending_ceo_title_and_full_year_verification,"Scores use only mission/operating model, scale, EA affinity, structure, and geography. Compensation is excluded from every component.",Expanded operating set (A+B),1.1671,1.2375,previous_160_frozen
EXP-124,2026-08-25T14:47:22-0700,2026-08-17,no,Future of Privacy Forum,"AI, catastrophic risk, biosecurity, and technology policy",EA-adjacent,US/international,independent nonprofit,https://80000hours.org/topic/top-recommended-organisations/,Technology policy research and field building; original strict peer.,candidate_universe_frozen_before_new_pay,yes,Future of Privacy Forum,45-3763097,2024-12,9862821.0,14356624.0,54.0,https://www.causeiq.com/organizations/fpf-education-and-innovation-foundation%2C453763097/,Cause IQ filing profile (IRS-derived),2026-08-25,verified_candidate,"Privacy, AI, and digital-governance research and field-building organization with close scale; legal entity is FPF Education and Innovation Foundation; legacy primary peer.",29.0,25.0,15.0,14.0,7.0,3.0,100.0,93.0,Tier A expanded primary,yes,yes,pending_ceo_title_and_full_year_verification,"Scores use only mission/operating model, scale, EA affinity, structure, and geography. Compensation is excluded from every component.",Expanded operating set (A+B),1.1547,1.2243,previous_160_frozen
EXP-123,2026-08-25T14:47:22-0700,2026-08-17,no,Center for Democracy & Technology,"AI, catastrophic risk, biosecurity, and technology policy",EA-adjacent,US,independent nonprofit,https://80000hours.org/topic/top-recommended-organisations/,Technology policy research and advocacy; original strict peer.,candidate_universe_frozen_before_new_pay,yes,Center for Democracy & Technology,52-1905358,2024-12,11272645.0,8766703.0,45.0,https://www.causeiq.com/organizations/center-for-democracy-and-technology%2C521905358/,Cause IQ filing profile (IRS-derived),2026-08-25,verified_candidate,Technology-policy research and advocacy organization with close scale; legacy primary peer.,28.0,25.0,15.0,14.0,7.0,3.0,100.0,92.0,Tier A expanded primary,yes,yes,pending_ceo_title_and_full_year_verification,"Scores use only mission/operating model, scale, EA affinity, structure, and geography. Compensation is excluded from every component.",Expanded operating set (A+B),1.1423,1.2111,previous_160_frozen
EXP-096,2026-08-25T14:47:22-0700,2026-08-17,no,FAR AI,"AI, catastrophic risk, biosecurity, and technology policy",EA-adjacent,US,independent nonprofit,https://80000hours.org/topic/top-recommended-organisations/,AI safety research and field building.,candidate_universe_frozen_before_new_pay,yes,FAR AI,92-0692207,2024-12,24293765.0,8602996.0,22.0,https://www.causeiq.com/organizations/far-ai%2C920692207/,Public Form 990 rendering or organization/sector profile,2026-08-25,verified_candidate,Excellent technical AI-safety research and expense match; staff just below RP strict band but within wider band.,30.0,25.0,12.0,14.0,7.0,3.0,100.0,91.0,Tier A expanded primary,no,no,pending_ceo_title_and_full_year_verification,"Scores use only mission/operating model, scale, EA affinity, structure, and geography. Compensation is excluded from every component.",Expanded operating set (A+B),1.1299,1.198,previous_160_frozen
EXP-058,2026-08-25T14:47:22-0700,2026-08-17,no,ideas42,"Global health, development, and evidence",EA-adjacent,US/international,independent nonprofit,https://forum.effectivealtruism.org/topics/organizations-and-projects-in-effective-altruism,Behavioral science research and consulting/advisory.,candidate_universe_frozen_before_new_pay,yes,ideas42,27-1678009,2024-12,10958819.0,17493077.0,103.0,https://www.causeiq.com/organizations/ideas42%2C271678009/,Cause IQ rendering of IRS Form 990 data,2026-08-25,verified_candidate,Strong behavioral-science research/advisory match; staff slightly above RP core but within preregistered band.,30.0,25.0,12.0,14.0,7.0,3.0,100.0,91.0,Tier A expanded primary,no,no,pending_ceo_title_and_full_year_verification,"Scores use only mission/operating model, scale, EA affinity, structure, and geography. Compensation is excluded from every component.",Expanded operating set (A+B),1.1299,1.198,previous_160_frozen
EXP-115,2026-08-25T14:47:22-0700,2026-08-17,no,Council on Strategic Risks,"AI, catastrophic risk, biosecurity, and technology policy",EA-adjacent,US,independent nonprofit,https://80000hours.org/topic/top-recommended-organisations/,Research and policy on systemic risks.,candidate_universe_frozen_before_new_pay,yes,The Council on Strategic Risks,82-3106472,2025-12,6445581.0,5184309.0,23.0,https://www.causeiq.com/organizations/the-council-on-strategic-risks%2C823106472/,Cause IQ filing profile (IRS-derived),2026-08-25,verified_candidate,Close match on research/policy model and operating expenses; staff count is just below RP main band but well within the expanded band.,29.0,25.0,12.0,14.0,7.0,3.0,100.0,90.0,Tier A expanded primary,no,no,pending_ceo_title_and_full_year_verification,"Scores use only mission/operating model, scale, EA affinity, structure, and geography. Compensation is excluded from every component.",Expanded operating set (A+B),1.1175,1.1848,previous_160_frozen
EXP-119,2026-08-25T14:47:22-0700,2026-08-17,no,Center for Humane Technology,"AI, catastrophic risk, biosecurity, and technology policy",EA-adjacent,US,independent nonprofit,https://80000hours.org/topic/top-recommended-organisations/,"Technology research, advocacy, and field building.",candidate_universe_frozen_before_new_pay,yes,Center for Humane Technology,82-3492182,2025-06,5785317.0,5807076.0,22.0,https://www.causeiq.com/organizations/center-for-humane-technology%2C823492182/,Cause IQ filing profile (IRS-derived),2026-08-25,verified_candidate,"Close technology research, policy, field-building, fundraising, and operating-scale match; staff just below RP main band but within the expanded band.",28.0,25.0,12.0,14.0,7.0,3.0,100.0,89.0,Tier A expanded primary,no,yes,pending_ceo_title_and_full_year_verification,"Scores use only mission/operating model, scale, EA affinity, structure, and geography. Compensation is excluded from every component.",Expanded operating set (A+B),1.105,1.1717,previous_160_frozen
EXP-034,2026-08-25T14:47:22-0700,2026-08-17,no,IDinsight,"Global health, development, and evidence",EA-adjacent,US/international,independent nonprofit,https://forum.effectivealtruism.org/topics/organizations-and-projects-in-effective-altruism,"Research, evaluation, analytics, and advisory organization; strong functional comparator.",candidate_universe_frozen_before_new_pay,yes,IDinsight USA,27-4933181,2024-12,17272759.0,22117626.0,36.0,https://www.causeiq.com/organizations/idinsight-usa%2C274933181/,Cause IQ filing-derived profile,2026-08-25,verified_candidate,Very strong evidence/advisory functional match; expenses and staff within expanded comparable bands. Latest filing includes CEO/interim-title complication requiring compensation-year review.,30.0,20.0,15.0,14.0,7.0,3.0,100.0,89.0,Tier A expanded primary,no,yes,pending_ceo_title_and_full_year_verification,"Scores use only mission/operating model, scale, EA affinity, structure, and geography. Compensation is excluded from every component.",Expanded operating set (A+B),1.105,1.1717,previous_160_frozen
EXP-070,2026-08-25T14:47:22-0700,2026-08-17,no,Animal Welfare Institute,Animal welfare and food systems,EA-adjacent,US,independent nonprofit,https://forum.effectivealtruism.org/topics/organizations-and-projects-in-effective-altruism,"Research, policy, and advocacy.",candidate_universe_frozen_before_new_pay,yes,Animal Welfare Institute,13-5655952,2025-06,6170763.0,7585554.0,35.0,https://www.causeiq.com/organizations/animal-welfare-institute%2C135655952/,Public Form 990 rendering (Cause IQ or ProPublica),2026-08-25,verified_candidate,Strong expense/headcount and policy/research match.,24.0,25.0,15.0,14.0,7.0,3.0,100.0,88.0,Tier A expanded primary,no,no,pending_ceo_title_and_full_year_verification,"Scores use only mission/operating model, scale, EA affinity, structure, and geography. Compensation is excluded from every component.",Expanded operating set (A+B),1.0926,1.1585,previous_160_frozen
EXP-113,2026-08-25T14:47:22-0700,2026-08-17,no,Nuclear Threat Initiative,"AI, catastrophic risk, biosecurity, and technology policy",EA-adjacent,US/international,independent nonprofit,https://80000hours.org/topic/top-recommended-organisations/,"Research, policy, and field building on catastrophic risks.",candidate_universe_frozen_before_new_pay,yes,Nuclear Threat Initiative,52-2289435,2024-12,19649784.0,26073759.0,75.0,https://www.causeiq.com/organizations/nuclear-threat-initiative%2C522289435/,Cause IQ filing profile (IRS-derived),2026-08-25,verified_candidate,"Strong catastrophic-risk research, policy, field-building, and international operating match; expenses are above RP core scale but headcount is directly comparable.",29.0,20.0,15.0,14.0,7.0,3.0,100.0,88.0,Tier A expanded primary,no,no,pending_ceo_title_and_full_year_verification,"Scores use only mission/operating model, scale, EA affinity, structure, and geography. Compensation is excluded from every component.",Expanded operating set (A+B),1.0926,1.1585,previous_160_frozen
EXP-055,2026-08-25T14:47:22-0700,2026-08-17,no,Pure Earth,"Global health, development, and evidence",EA-adjacent,US/international,independent nonprofit,https://forum.effectivealtruism.org/topics/organizations-and-projects-in-effective-altruism,Research and intervention on pollution; delivery intensity sensitivity.,candidate_universe_frozen_before_new_pay,yes,Pure Earth,13-4075779,2024-12,18493014.0,6837260.0,27.0,https://www.causeiq.com/organizations/pure-earth%2C134075779/,Cause IQ filing-derived profile,2026-08-25,verified_candidate,EA-adjacent evidence and technical-assistance nonprofit; strong core scale/headcount match with some direct project work.,24.0,25.0,15.0,14.0,7.0,3.0,100.0,88.0,Tier A expanded primary,no,no,pending_ceo_title_and_full_year_verification,"Scores use only mission/operating model, scale, EA affinity, structure, and geography. Compensation is excluded from every component.",Expanded operating set (A+B),1.0926,1.1585,previous_160_frozen
EXP-134,2026-08-25T14:47:22-0700,2026-08-17,no,Center for Effective Philanthropy,"Research, evaluation, philanthropy infrastructure, and policy",functional-only,US,independent nonprofit,https://projects.propublica.org/nonprofits/,"Philanthropy research, benchmarking, and advisory.",candidate_universe_frozen_before_new_pay,yes,Center for Effective Philanthropy,04-3523528,2024-12,14195318.0,14452234.0,74.0,https://projects.propublica.org/nonprofits/organizations/43523528,ProPublica Nonprofit Explorer filing profile,2026-08-25,verified_candidate,"Excellent research, advisory, and philanthropy-effectiveness match; expenses and staff in strict scale.",30.0,25.0,15.0,7.0,7.0,3.0,100.0,87.0,Tier A expanded primary,no,yes,pending_ceo_title_and_full_year_verification,"Scores use only mission/operating model, scale, EA affinity, structure, and geography. Compensation is excluded from every component.",Expanded operating set (A+B),1.0802,1.1453,previous_160_frozen
EXP-131,2026-08-25T14:47:22-0700,2026-08-17,no,Center for Open Science,"Research, evaluation, philanthropy infrastructure, and policy",functional-only,US,independent nonprofit,https://projects.propublica.org/nonprofits/,Open-science research infrastructure; original strict peer.,candidate_universe_frozen_before_new_pay,yes,Center for Open Science,46-1496217,2024-12,10217166.0,8787031.0,57.0,https://projects.propublica.org/nonprofits/organizations/461496217,ProPublica Nonprofit Explorer filing profile,2026-08-25,verified_candidate,Strong research-infrastructure and open-science operating match; expenses and headcount both within strict scale.,30.0,25.0,15.0,7.0,7.0,3.0,100.0,87.0,Tier A expanded primary,yes,yes,pending_ceo_title_and_full_year_verification,"Scores use only mission/operating model, scale, EA affinity, structure, and geography. Compensation is excluded from every component.",Expanded operating set (A+B),1.0802,1.1453,previous_160_frozen
EXP-150,2026-08-25T14:47:22-0700,2026-08-17,no,Migration Policy Institute,"Research, evaluation, philanthropy infrastructure, and policy",functional-only,US/international,independent nonprofit,https://projects.propublica.org/nonprofits/,Research and policy think tank.,candidate_universe_frozen_before_new_pay,yes,Migration Policy Institute,52-2279789,2025-06,6855627.0,7069622.0,33.0,https://www.causeiq.com/organizations/migration-policy-institute%2C522279789/,Cause IQ filing profile (IRS-derived),2026-08-25,verified_candidate,"Close match on research, policy analysis, convening, expense scale, and staff count.",30.0,25.0,15.0,7.0,7.0,3.0,100.0,87.0,Tier A expanded primary,no,no,pending_ceo_title_and_full_year_verification,"Scores use only mission/operating model, scale, EA affinity, structure, and geography. Compensation is excluded from every component.",Expanded operating set (A+B),1.0802,1.1453,previous_160_frozen
EXP-160,2026-08-25T14:47:22-0700,2026-08-17,no,Peterson Institute for International Economics,"Research, evaluation, philanthropy infrastructure, and policy",functional-only,US/international,independent nonprofit,https://projects.propublica.org/nonprofits/,Research think tank; likely larger scale.,candidate_universe_frozen_before_new_pay,yes,Peterson Institute for International Economics,52-1226967,2025-06,17773572.0,16529676.0,55.0,https://www.causeiq.com/organizations/peterson-institute-for-international-economics%2C521226967/,Cause IQ filing profile (IRS-derived),2026-08-25,verified_candidate,Independent nonpartisan research institute with very close operating scale and headcount.,30.0,25.0,15.0,7.0,7.0,3.0,100.0,87.0,Tier A expanded primary,no,no,pending_ceo_title_and_full_year_verification,"Scores use only mission/operating model, scale, EA affinity, structure, and geography. Compensation is excluded from every component.",Expanded operating set (A+B),1.0802,1.1453,previous_160_frozen
EXP-152,2026-08-25T14:47:22-0700,2026-08-17,no,San Francisco Estuary Institute,"Research, evaluation, philanthropy infrastructure, and policy",functional-only,US,independent nonprofit,https://projects.propublica.org/nonprofits/,Research institute; original job-ad peer.,candidate_universe_frozen_before_new_pay,yes,San Francisco Estuary Institute,94-2951373,2025-06,19594340.0,19110723.0,99.0,https://www.causeiq.com/organizations/san-francisco-estuary-institute%2C942951373/,Cause IQ filing profile (IRS-derived),2026-08-25,verified_candidate,Independent applied-science institute; close functional and strict-scale match.,30.0,25.0,15.0,7.0,7.0,3.0,100.0,87.0,Tier A expanded primary,yes,yes,pending_ceo_title_and_full_year_verification,"Scores use only mission/operating model, scale, EA affinity, structure, and geography. Compensation is excluded from every component.",Expanded operating set (A+B),1.0802,1.1453,previous_160_frozen
EXP-153,2026-08-25T14:47:22-0700,2026-08-17,no,Technical Assistance Collaborative,"Research, evaluation, philanthropy infrastructure, and policy",functional-only,US,independent nonprofit,https://projects.propublica.org/nonprofits/,"Research, consulting, and technical assistance; original job-ad peer.",candidate_universe_frozen_before_new_pay,yes,Technical Assistance Collaborative,22-3181028,2025-06,17599753.0,17784473.0,57.0,https://www.causeiq.com/organizations/technical-assistance-collaborative%2C223181028/,Cause IQ filing profile (IRS-derived),2026-08-25,verified_candidate,"Research, consulting, technical-assistance, and systems-change nonprofit; close expense and headcount match.",30.0,25.0,15.0,7.0,7.0,3.0,100.0,87.0,Tier A expanded primary,yes,yes,pending_ceo_title_and_full_year_verification,"Scores use only mission/operating model, scale, EA affinity, structure, and geography. Compensation is excluded from every component.",Expanded operating set (A+B),1.0802,1.1453,previous_160_frozen
EXP-133,2026-08-25T14:47:22-0700,2026-08-17,no,Charity Navigator,"Research, evaluation, philanthropy infrastructure, and policy",functional-only,US,independent nonprofit,https://projects.propublica.org/nonprofits/,Nonprofit evaluation and data; original strict peer.,candidate_universe_frozen_before_new_pay,yes,Charity Navigator,13-4148824,2025-06,7619753.0,7840893.0,51.0,https://projects.propublica.org/nonprofits/organizations/134148824,ProPublica Nonprofit Explorer filing profile,2026-08-25,verified_candidate,Evidence and nonprofit-evaluation infrastructure with expenses and staff closely matching RP core scale.,29.0,25.0,15.0,7.0,7.0,3.0,100.0,86.0,Tier A expanded primary,yes,yes,pending_ceo_title_and_full_year_verification,"Scores use only mission/operating model, scale, EA affinity, structure, and geography. Compensation is excluded from every component.",Expanded operating set (A+B),1.0678,1.1322,previous_160_frozen
EXP-137,2026-08-25T14:47:22-0700,2026-08-17,no,Grantmakers for Effective Organizations,"Research, evaluation, philanthropy infrastructure, and policy",functional-only,US,independent nonprofit,https://projects.propublica.org/nonprofits/,"Field building, research, and advisory.",candidate_universe_frozen_before_new_pay,yes,Grantmakers for Effective Organizations,01-0669150,2024-12,10014322.0,7553004.0,28.0,https://projects.propublica.org/nonprofits/organizations/10669150,ProPublica Nonprofit Explorer filing profile,2026-08-25,verified_candidate,"Philanthropy effectiveness, learning, and advisory infrastructure; both expenses and headcount comparable.",29.0,25.0,15.0,7.0,7.0,3.0,100.0,86.0,Tier A expanded primary,no,no,pending_ceo_title_and_full_year_verification,"Scores use only mission/operating model, scale, EA affinity, structure, and geography. Compensation is excluded from every component.",Expanded operating set (A+B),1.0678,1.1322,previous_160_frozen
EXP-063,2026-08-25T14:47:22-0700,2026-08-17,no,Wild Animal Initiative,Animal welfare and food systems,EA-adjacent,US,independent nonprofit,https://forum.effectivealtruism.org/topics/organizations-and-projects-in-effective-altruism,EA-aligned research organization.,candidate_universe_frozen_before_new_pay,yes,Wild Animal Initiative,82-2281466,2024-12,2487849.0,3345940.0,16.0,https://www.causeiq.com/organizations/utility-farm%2C822281466/,Public Form 990 rendering (Cause IQ or ProPublica),2026-08-25,verified_candidate,Excellent EA-aligned research function; lower edge of secondary expense/staff bands.,30.0,20.0,12.0,14.0,7.0,3.0,100.0,86.0,Tier A expanded primary,no,yes,pending_ceo_title_and_full_year_verification,"Scores use only mission/operating model, scale, EA affinity, structure, and geography. Compensation is excluded from every component.",Expanded operating set (A+B),1.0678,1.1322,previous_160_frozen
EXP-158,2026-08-25T14:47:22-0700,2026-08-17,no,World Justice Project,"Research, evaluation, philanthropy infrastructure, and policy",functional-only,US/international,independent nonprofit,https://projects.propublica.org/nonprofits/,"Research, data, and policy field building.",candidate_universe_frozen_before_new_pay,yes,World Justice Project,27-0359097,2024-12,7781328.0,9495045.0,49.0,https://www.causeiq.com/organizations/world-justice-project%2C270359097/,Cause IQ filing profile (IRS-derived),2026-08-25,verified_candidate,"Independent research/index, policy engagement, and international operating model with close expense and staff scale.",29.0,25.0,15.0,7.0,7.0,3.0,100.0,86.0,Tier A expanded primary,no,no,pending_ceo_title_and_full_year_verification,"Scores use only mission/operating model, scale, EA affinity, structure, and geography. Compensation is excluded from every component.",Expanded operating set (A+B),1.0678,1.1322,previous_160_frozen
EXP-155,2026-08-25T14:47:22-0700,2026-08-17,no,Institute for Women’s Policy Research,"Research, evaluation, philanthropy infrastructure, and policy",functional-only,US,independent nonprofit,https://projects.propublica.org/nonprofits/,Research and policy.,candidate_universe_frozen_before_new_pay,yes,Institute for Women’s Policy Research,52-1549572,2025-06,1743371.0,7863836.0,39.0,https://www.causeiq.com/organizations/institute-for-womens-policy-research%2C521549572/,Cause IQ filing profile (IRS-derived),2026-08-25,verified_candidate,Policy research and dissemination organization with comparable expenses and staff; revenue/expense imbalance flagged for year-specific volatility.,28.0,25.0,15.0,7.0,7.0,3.0,100.0,85.0,Tier A expanded primary,no,no,pending_ceo_title_and_full_year_verification,"Scores use only mission/operating model, scale, EA affinity, structure, and geography. Compensation is excluded from every component.",Expanded operating set (A+B),1.0554,1.119,previous_160_frozen
EXP-132,2026-08-25T14:47:22-0700,2026-08-17,no,Social Science Research Council,"Research, evaluation, philanthropy infrastructure, and policy",functional-only,US/international,independent nonprofit,https://projects.propublica.org/nonprofits/,"Research, fellowships, and field building; original secondary peer.",candidate_universe_frozen_before_new_pay,yes,Social Science Research Council,13-1325070,2025-06,14237307.0,15470220.0,62.0,https://projects.propublica.org/nonprofits/organizations/131325070,ProPublica Nonprofit Explorer filing profile,2026-08-25,verified_candidate,"Research institution within scale; grants, fellowships, and regranting mix retained as structural weighting consideration.",28.0,25.0,15.0,7.0,7.0,3.0,100.0,85.0,Tier A expanded primary,no,no,pending_ceo_title_and_full_year_verification,"Scores use only mission/operating model, scale, EA affinity, structure, and geography. Compensation is excluded from every component.",Expanded operating set (A+B),1.0554,1.119,previous_160_frozen
EXP-145,2026-08-25T14:47:22-0700,2026-08-17,no,Code for Science & Society,"Research, evaluation, philanthropy infrastructure, and policy",functional-only,US,independent nonprofit,https://projects.propublica.org/nonprofits/,Research infrastructure and fiscal sponsorship.,candidate_universe_frozen_before_new_pay,yes,Code for Science and Society,81-3791683,2025-06,10336769.0,18017578.0,41.0,https://www.causeiq.com/organizations/code-for-science-and-society%2C813791683/,Cause IQ filing profile (IRS-derived),2026-08-25,verified_candidate,"Open research, technology, community, and fiscal-sponsorship organization; scale is comparable but sponsored-project flows require a structural discount.",27.0,25.0,15.0,7.0,7.0,3.0,100.0,84.0,Tier A expanded primary,no,yes,pending_ceo_title_and_full_year_verification,"Scores use only mission/operating model, scale, EA affinity, structure, and geography. Compensation is excluded from every component.",Expanded operating set (A+B),1.043,1.1058,previous_160_frozen
EXP-139,2026-08-25T14:47:22-0700,2026-08-17,no,Independent Sector,"Research, evaluation, philanthropy infrastructure, and policy",functional-only,US,independent nonprofit,https://projects.propublica.org/nonprofits/,"Nonprofit-sector research, policy, and field building.",candidate_universe_frozen_before_new_pay,yes,Independent Sector,52-1081024,2024-12,9158417.0,7756205.0,34.0,https://projects.propublica.org/nonprofits/organizations/521081024,ProPublica Nonprofit Explorer filing profile,2026-08-25,verified_candidate,"National nonprofit-sector research, policy, and field-building organization with close expense and staff scale.",27.0,25.0,15.0,7.0,7.0,3.0,100.0,84.0,Tier A expanded primary,no,no,pending_ceo_title_and_full_year_verification,"Scores use only mission/operating model, scale, EA affinity, structure, and geography. Compensation is excluded from every component.",Expanded operating set (A+B),1.043,1.1058,previous_160_frozen
EXP-142,2026-08-25T14:47:22-0700,2026-08-17,no,Research!America,"Research, evaluation, philanthropy infrastructure, and policy",functional-only,US,independent nonprofit,https://projects.propublica.org/nonprofits/,Research-policy advocacy and field building.,candidate_universe_frozen_before_new_pay,yes,Research!America,52-1609875,2025-12,8914085.0,9394184.0,41.0,https://projects.propublica.org/nonprofits/organizations/521609875,ProPublica Nonprofit Explorer filing profile,2026-08-25,verified_candidate,Research-policy and public-engagement organization with close expense and staff scale.,27.0,25.0,15.0,7.0,7.0,3.0,100.0,84.0,Tier A expanded primary,no,no,pending_ceo_title_and_full_year_verification,"Scores use only mission/operating model, scale, EA affinity, structure, and geography. Compensation is excluded from every component.",Expanded operating set (A+B),1.043,1.1058,previous_160_frozen
EXP-159,2026-08-25T14:47:22-0700,2026-08-17,no,Stimson Center,"Research, evaluation, philanthropy infrastructure, and policy",functional-only,US/international,independent nonprofit,https://projects.propublica.org/nonprofits/,Research and policy think tank.,candidate_universe_frozen_before_new_pay,yes,Stimson Center,52-1640938,2024-12,14861548.0,13743006.0,103.0,https://www.causeiq.com/organizations/stimson-center%2C521640938/,Cause IQ filing profile (IRS-derived),2026-08-25,verified_candidate,Rigorous policy analysis and outreach organization; expenses close and staff just above strict band.,29.0,25.0,12.0,7.0,7.0,3.0,100.0,83.0,Tier A expanded primary,no,yes,pending_ceo_title_and_full_year_verification,"Scores use only mission/operating model, scale, EA affinity, structure, and geography. Compensation is excluded from every component.",Expanded operating set (A+B),1.0305,1.0927,previous_160_frozen
EXP-156,2026-08-25T14:47:22-0700,2026-08-17,no,Center for Law and Social Policy,"Research, evaluation, philanthropy infrastructure, and policy",functional-only,US,independent nonprofit,https://projects.propublica.org/nonprofits/,Research and policy advocacy.,candidate_universe_frozen_before_new_pay,yes,Center for Law and Social Policy,23-7000150,2024-12,9138332.0,10108913.0,86.0,https://www.causeiq.com/organizations/center-for-law-and-social-policy%2C237000150/,Cause IQ filing profile (IRS-derived),2026-08-25,verified_candidate,National policy research and advocacy organization with close scale; legal/advocacy emphasis receives a functional discount.,24.0,25.0,15.0,7.0,7.0,3.0,100.0,81.0,Tier A expanded primary,no,no,pending_ceo_title_and_full_year_verification,"Scores use only mission/operating model, scale, EA affinity, structure, and geography. Compensation is excluded from every component.",Expanded operating set (A+B),1.0057,1.0663,previous_160_frozen
EXP-136,2026-08-25T14:47:22-0700,2026-08-17,no,PEAK Grantmaking,"Research, evaluation, philanthropy infrastructure, and policy",functional-only,US,independent nonprofit,https://projects.propublica.org/nonprofits/,Field building and knowledge; original job-ad peer.,candidate_universe_frozen_before_new_pay,yes,PEAK Grantmaking,74-3158155,2024-12,5320383.0,7129646.0,23.0,https://projects.propublica.org/nonprofits/organizations/743158155,ProPublica Nonprofit Explorer filing profile,2026-08-25,verified_candidate,"Field-building, learning, knowledge-management, and philanthropy practice organization; expense match and staff just below strict band.",27.0,25.0,12.0,7.0,7.0,3.0,100.0,81.0,Tier A expanded primary,yes,yes,pending_ceo_title_and_full_year_verification,"Scores use only mission/operating model, scale, EA affinity, structure, and geography. Compensation is excluded from every component.",Expanded operating set (A+B),1.0057,1.0663,previous_160_frozen
EXP-126,2026-08-25T14:47:22-0700,2026-08-17,no,Public Knowledge,"AI, catastrophic risk, biosecurity, and technology policy",EA-adjacent,US,independent nonprofit,https://80000hours.org/topic/top-recommended-organisations/,Technology policy research and advocacy.,candidate_universe_frozen_before_new_pay,yes,Public Knowledge,52-2336690,2024-12,2876810.0,3654052.0,22.0,https://www.causeiq.com/organizations/public-knowledge%2C522336690/,Cause IQ filing profile (IRS-derived),2026-08-25,verified_candidate,Strong technology-policy research and advocacy match at the lower end of the expanded scale band; 22 employees and approximately $3.7M of expenses.,25.0,20.0,12.0,14.0,7.0,3.0,100.0,81.0,Tier A expanded primary,no,no,pending_ceo_title_and_full_year_verification,"Scores use only mission/operating model, scale, EA affinity, structure, and geography. Compensation is excluded from every component.",Expanded operating set (A+B),1.0057,1.0663,previous_160_frozen
EXP-060,2026-08-25T14:47:22-0700,2026-08-17,no,VillageReach,"Global health, development, and evidence",EA-adjacent,US/international,independent nonprofit,https://forum.effectivealtruism.org/topics/organizations-and-projects-in-effective-altruism,Health systems research and implementation; delivery intensity sensitivity.,candidate_universe_frozen_before_new_pay,yes,VillageReach,91-2083484,2024-09,31514699.0,31767757.0,62.0,https://www.causeiq.com/organizations/villagereach%2C912083484/,Cause IQ rendering of IRS Form 990 data,2026-08-25,verified_candidate,"Health-systems technical assistance and evidence plus implementation; near upper secondary expense band, headcount close.",22.0,20.0,15.0,14.0,7.0,3.0,100.0,81.0,Tier A expanded primary,no,no,pending_ceo_title_and_full_year_verification,"Scores use only mission/operating model, scale, EA affinity, structure, and geography. Compensation is excluded from every component.",Expanded operating set (A+B),1.0057,1.0663,previous_160_frozen
EXP-114,2026-08-25T14:47:22-0700,2026-08-17,no,Bulletin of the Atomic Scientists,"AI, catastrophic risk, biosecurity, and technology policy",EA-adjacent,US,independent nonprofit,https://80000hours.org/topic/top-recommended-organisations/,"Research, publishing, and public policy.",candidate_universe_frozen_before_new_pay,yes,Bulletin of the Atomic Scientists,36-2136497,2025-06,2782626.0,3533371.0,21.0,https://www.causeiq.com/organizations/bulletin-of-the-atomic-scientists%2C362136497/,Cause IQ filing profile (IRS-derived),2026-08-25,verified_candidate,"Relevant research, publishing, public education, and policy organization; smaller than RP but inside the expanded scale band.",24.0,20.0,12.0,14.0,7.0,3.0,100.0,80.0,Tier A expanded primary,no,no,pending_ceo_title_and_full_year_verification,"Scores use only mission/operating model, scale, EA affinity, structure, and geography. Compensation is excluded from every component.",Expanded operating set (A+B),0.9933,1.0532,previous_160_frozen
EXP-125,2026-08-25T14:47:22-0700,2026-08-17,no,Electronic Frontier Foundation,"AI, catastrophic risk, biosecurity, and technology policy",EA-adjacent,US,independent nonprofit,https://80000hours.org/topic/top-recommended-organisations/,Technology policy and legal advocacy; larger scale likely.,candidate_universe_frozen_before_new_pay,yes,Electronic Frontier Foundation,04-3091431,2025-06,21592581.0,25771066.0,121.0,https://www.causeiq.com/organizations/electronic-frontier-foundation%2C043091431/,Cause IQ filing profile (IRS-derived),2026-08-25,verified_candidate,"Strong technology-policy, public-interest research, communications, and advocacy match. Staff is within the expanded band and expenses are moderately above RP core scale; litigation receives a functional discount.",23.0,20.0,12.0,14.0,7.0,3.0,100.0,79.0,Tier A expanded primary,no,no,pending_ceo_title_and_full_year_verification,"Scores use only mission/operating model, scale, EA affinity, structure, and geography. Compensation is excluded from every component.",Expanded operating set (A+B),0.9809,1.04,previous_160_frozen
EXP-116,2026-08-25T14:47:22-0700,2026-08-17,no,Federation of American Scientists,"AI, catastrophic risk, biosecurity, and technology policy",EA-adjacent,US,independent nonprofit,https://80000hours.org/topic/top-recommended-organisations/,Science and technology policy research.,candidate_universe_frozen_before_new_pay,yes,Federation of American Scientists,23-7185827,2025-06,35602788.0,36430648.0,116.0,https://www.causeiq.com/organizations/federation-of-american-scientists%2C237185827/,Cause IQ filing profile (IRS-derived),2026-08-25,verified_candidate,"Excellent science/technology policy and fiscal-sponsorship functional match; somewhat above the expanded expense band but staff falls within the expanded range, so included with a scale discount.",28.0,12.0,12.0,14.0,7.0,3.0,100.0,76.0,Tier A expanded primary,no,yes,pending_ceo_title_and_full_year_verification,"Scores use only mission/operating model, scale, EA affinity, structure, and geography. Compensation is excluded from every component.",Expanded operating set (A+B),0.9436,1.0005,previous_160_frozen
EXP-064,2026-08-25T14:47:22-0700,2026-08-17,no,Good Food Institute,Animal welfare and food systems,EA-adjacent,US/international,independent nonprofit,https://forum.effectivealtruism.org/topics/organizations-and-projects-in-effective-altruism,"Research, policy, science, and field building; strong hybrid comparator.",candidate_universe_frozen_before_new_pay,yes,The Good Food Institute,81-0840578,2024-12,28143912.0,35420353.0,132.0,https://www.causeiq.com/organizations/the-good-food-institute%2C810840578/,Public Form 990 rendering (Cause IQ or ProPublica),2026-08-25,verified_candidate,"Strong research, policy, field-building and grantmaking hybrid; near upper wider-scale boundary.",28.0,12.0,12.0,14.0,7.0,3.0,100.0,76.0,Tier A expanded primary,no,no,pending_ceo_title_and_full_year_verification,"Scores use only mission/operating model, scale, EA affinity, structure, and geography. Compensation is excluded from every component.",Expanded operating set (A+B),0.9436,1.0005,previous_160_frozen
EXP-138,2026-08-25T14:47:22-0700,2026-08-17,no,National Committee for Responsive Philanthropy,"Research, evaluation, philanthropy infrastructure, and policy",functional-only,US,independent nonprofit,https://projects.propublica.org/nonprofits/,Philanthropy research and advocacy.,candidate_universe_frozen_before_new_pay,yes,National Committee for Responsive Philanthropy,52-1072749,2025-09,3680502.0,4098025.0,27.0,https://projects.propublica.org/nonprofits/organizations/521072749,ProPublica Nonprofit Explorer filing profile,2026-08-25,verified_candidate,Philanthropy research and advocacy organization; near lower edge of wider expense band with comparable headcount.,24.0,20.0,15.0,7.0,7.0,3.0,100.0,76.0,Tier A expanded primary,no,no,pending_ceo_title_and_full_year_verification,"Scores use only mission/operating model, scale, EA affinity, structure, and geography. Compensation is excluded from every component.",Expanded operating set (A+B),0.9436,1.0005,previous_160_frozen
EXP-087,2026-08-25T14:47:22-0700,2026-08-17,no,Physicians Committee for Responsible Medicine,Animal welfare and food systems,EA-adjacent,US,independent nonprofit,https://forum.effectivealtruism.org/topics/organizations-and-projects-in-effective-altruism,Research and advocacy; larger medical/research scale.,candidate_universe_frozen_before_new_pay,yes,Physicians Committee for Responsible Medicine,52-1394893,2025-07,21391471.0,23901833.0,110.0,https://www.causeiq.com/organizations/physicians-committee-for-responsible-medicine%2C521394893/,Cause IQ filing profile (IRS-derived),2026-08-25,verified_candidate,"Animal-adjacent research, public education, and advocacy organization. Staff is within the expanded band and expenses are moderately above RP core scale; direct health-program content receives a functional discount.",20.0,20.0,12.0,14.0,7.0,3.0,100.0,76.0,Tier A expanded primary,no,no,pending_ceo_title_and_full_year_verification,"Scores use only mission/operating model, scale, EA affinity, structure, and geography. Compensation is excluded from every component.",Expanded operating set (A+B),0.9436,1.0005,previous_160_frozen
EXP-052,2026-08-25T14:47:22-0700,2026-08-17,no,Precision Development,"Global health, development, and evidence",EA-adjacent,US/international,independent nonprofit,https://forum.effectivealtruism.org/topics/organizations-and-projects-in-effective-altruism,Evidence-based digital advisory and research.,candidate_universe_frozen_before_new_pay,yes,Precision Development,81-0779400,2024-12,9120743.0,4706238.0,12.0,https://www.causeiq.com/organizations/precision-agriculture-for-development%2C810779400/,Cause IQ filing-derived profile,2026-08-25,verified_candidate,"EA-adjacent data/evidence nonprofit; expenses just above $3M floor and staff below 15, retained in EA-weighted secondary tier.",26.0,20.0,6.0,14.0,7.0,3.0,100.0,76.0,Tier A expanded primary,no,no,pending_ceo_title_and_full_year_verification,"Scores use only mission/operating model, scale, EA affinity, structure, and geography. Compensation is excluded from every component.",Expanded operating set (A+B),0.9436,1.0005,previous_160_frozen
EXP-035,2026-08-25T14:47:22-0700,2026-08-17,no,Results for Development,"Global health, development, and evidence",EA-adjacent,US/international,independent nonprofit,https://forum.effectivealtruism.org/topics/organizations-and-projects-in-effective-altruism,"Research, advisory, and systems-change organization.",candidate_universe_frozen_before_new_pay,yes,Results for Development Institute,20-8530747,2024-12,49137699.0,48542325.0,140.0,https://www.causeiq.com/organizations/results-for-development%2C208530747/,Cause IQ filing-derived profile,2026-08-25,verified_candidate,Strong evidence/advisory function; above expense band but staff within wider band; some implementation work.,28.0,12.0,12.0,14.0,7.0,3.0,100.0,76.0,Tier A expanded primary,no,no,pending_ceo_title_and_full_year_verification,"Scores use only mission/operating model, scale, EA affinity, structure, and geography. Compensation is excluded from every component.",Expanded operating set (A+B),0.9436,1.0005,previous_160_frozen
EXP-067,2026-08-25T14:47:22-0700,2026-08-17,no,Animal Equality,Animal welfare and food systems,EA-adjacent,US/international,independent nonprofit,https://forum.effectivealtruism.org/topics/organizations-and-projects-in-effective-altruism,Advocacy and investigations; delivery model differs.,candidate_universe_frozen_before_new_pay,yes,Animal Equality,47-2420444,2024-12,4411463.0,5192778.0,27.0,https://www.causeiq.com/organizations/animal-equality%2C472420444/,Public Form 990 rendering (Cause IQ or ProPublica),2026-08-25,verified_candidate,Good expense/headcount match and EA-adjacent topic; advocacy/investigations rather than research-led.,16.0,25.0,15.0,14.0,7.0,3.0,100.0,80.0,Tier B weighted secondary,no,no,pending_ceo_title_and_full_year_verification,"Scores use only mission/operating model, scale, EA affinity, structure, and geography. Compensation is excluded from every component.",Expanded operating set (A+B),0.9933,1.0532,previous_160_frozen
EXP-045,2026-08-25T14:47:22-0700,2026-08-17,no,Last Mile Health,"Global health, development, and evidence",EA-adjacent,US/international,independent nonprofit,https://forum.effectivealtruism.org/topics/organizations-and-projects-in-effective-altruism,Research-informed health systems and delivery.,candidate_universe_frozen_before_new_pay,yes,Last Mile Health,26-1401736,2025-06,21567118.0,26962344.0,55.0,https://www.causeiq.com/organizations/last-mile-health%2C261401736/,Cause IQ filing-derived profile,2026-08-25,verified_candidate,EA-adjacent health systems organization; strong scale/headcount match but direct implementation is more prominent than at RP.,19.0,20.0,15.0,14.0,7.0,3.0,100.0,78.0,Tier B weighted secondary,no,yes,pending_ceo_title_and_full_year_verification,"Scores use only mission/operating model, scale, EA affinity, structure, and geography. Compensation is excluded from every component.",Expanded operating set (A+B),0.9685,1.0268,previous_160_frozen
EXP-047,2026-08-25T14:47:22-0700,2026-08-17,no,StrongMinds,"Global health, development, and evidence",EA-adjacent,US/international,independent nonprofit,https://forum.effectivealtruism.org/topics/organizations-and-projects-in-effective-altruism,Evidence-based mental-health delivery; operating model differs.,candidate_universe_frozen_before_new_pay,yes,StrongMinds,46-2090059,2024-12,9289461.0,9651790.0,25.0,https://www.causeiq.com/organizations/strongminds%2C462090059/,Cause IQ filing-derived profile,2026-08-25,verified_candidate,"EA-adjacent; very close expense and lower-edge staff match, but direct mental-health delivery is a structural difference.",14.0,25.0,15.0,14.0,7.0,3.0,100.0,78.0,Tier B weighted secondary,no,no,pending_ceo_title_and_full_year_verification,"Scores use only mission/operating model, scale, EA affinity, structure, and geography. Compensation is excluded from every component.",Expanded operating set (A+B),0.9685,1.0268,previous_160_frozen
EXP-071,2026-08-25T14:47:22-0700,2026-08-17,no,Animal Legal Defense Fund,Animal welfare and food systems,EA-adjacent,US,independent nonprofit,https://forum.effectivealtruism.org/topics/organizations-and-projects-in-effective-altruism,Legal advocacy and policy; legal-services model.,candidate_universe_frozen_before_new_pay,yes,Animal Legal Defense Fund,94-2681680,2025-06,19716926.0,17525202.0,109.0,https://www.causeiq.com/organizations/animal-legal-defense-fund%2C942681680/,Public Form 990 rendering (Cause IQ or ProPublica),2026-08-25,verified_candidate,Strong scale/topic match; litigation-dominant model receives functional deduction.,14.0,25.0,12.0,14.0,7.0,3.0,100.0,75.0,Tier B weighted secondary,no,yes,pending_ceo_title_and_full_year_verification,"Scores use only mission/operating model, scale, EA affinity, structure, and geography. Compensation is excluded from every component.",Expanded operating set (A+B),0.9312,0.9873,previous_160_frozen
EXP-140,2026-08-25T14:47:22-0700,2026-08-17,no,Exponent Philanthropy,"Research, evaluation, philanthropy infrastructure, and policy",functional-only,US,independent nonprofit,https://projects.propublica.org/nonprofits/,Philanthropy field building and education.,candidate_universe_frozen_before_new_pay,yes,Exponent Philanthropy,65-0617866,2025-12,3267087.0,3343665.0,19.0,https://projects.propublica.org/nonprofits/organizations/650617866,ProPublica Nonprofit Explorer filing profile,2026-08-25,verified_candidate,Philanthropy practice and learning network; lower expense/staff edge but functionally relevant.,25.0,20.0,12.0,7.0,7.0,3.0,100.0,74.0,Tier B weighted secondary,no,no,pending_ceo_title_and_full_year_verification,"Scores use only mission/operating model, scale, EA affinity, structure, and geography. Compensation is excluded from every component.",Expanded operating set (A+B),0.9188,0.9742,previous_160_frozen
EXP-072,2026-08-25T14:47:22-0700,2026-08-17,no,Compassion in World Farming USA,Animal welfare and food systems,EA-adjacent,US/international,international nonprofit affiliate,https://forum.effectivealtruism.org/topics/organizations-and-projects-in-effective-altruism,Research and advocacy; affiliate/entity complexity.,candidate_universe_frozen_before_new_pay,yes,Compassion in World Farming,46-1822635,2025-03,5182145.0,3732086.0,19.0,https://www.causeiq.com/organizations/compassion-in-world-farming%2C461822635/,Public Form 990 rendering (Cause IQ or ProPublica),2026-08-25,verified_candidate,EA-adjacent topic and wider scale; advocacy/corporate engagement model.,17.0,20.0,12.0,14.0,7.0,3.0,100.0,73.0,Tier B weighted secondary,no,no,pending_ceo_title_and_full_year_verification,"Scores use only mission/operating model, scale, EA affinity, structure, and geography. Compensation is excluded from every component.",Expanded operating set (A+B),0.9064,0.961,previous_160_frozen
EXP-044,2026-08-25T14:47:22-0700,2026-08-17,no,Living Goods,"Global health, development, and evidence",EA-adjacent,US/international,independent nonprofit,https://forum.effectivealtruism.org/topics/organizations-and-projects-in-effective-altruism,Evidence-based health delivery and systems work.,candidate_universe_frozen_before_new_pay,yes,Living Goods,20-5010527,2024-12,23777495.0,25995769.0,17.0,https://www.causeiq.com/organizations/living-goods%2C205010527/,Cause IQ filing-derived profile,2026-08-25,verified_candidate,"EA-adjacent, evidence-driven health systems organization; expense in wider band, US staff below RP, material field implementation.",17.0,20.0,12.0,14.0,7.0,3.0,100.0,73.0,Tier B weighted secondary,no,no,pending_ceo_title_and_full_year_verification,"Scores use only mission/operating model, scale, EA affinity, structure, and geography. Compensation is excluded from every component.",Expanded operating set (A+B),0.9064,0.961,previous_160_frozen
EXP-065,2026-08-25T14:47:22-0700,2026-08-17,no,The Humane League,Animal welfare and food systems,EA-adjacent,US/international,independent nonprofit,https://forum.effectivealtruism.org/topics/organizations-and-projects-in-effective-altruism,EA-recommended advocacy organization; campaign-delivery intensity.,candidate_universe_frozen_before_new_pay,yes,The Humane League,04-3817491,2025-12,22145897.0,21682964.0,112.0,https://www.causeiq.com/organizations/the-humane-league%2C043817491/,Public Form 990 rendering (Cause IQ or ProPublica),2026-08-25,verified_candidate,Topical EA-adjacent match; advocacy/campaign model is less research-intensive and slightly larger in staff.,17.0,20.0,12.0,14.0,7.0,3.0,100.0,73.0,Tier B weighted secondary,no,no,pending_ceo_title_and_full_year_verification,"Scores use only mission/operating model, scale, EA affinity, structure, and geography. Compensation is excluded from every component.",Expanded operating set (A+B),0.9064,0.961,previous_160_frozen
EXP-111,2026-08-25T14:47:22-0700,2026-08-17,no,Legal Priorities Project,"AI, catastrophic risk, biosecurity, and technology policy",EA-adjacent,US/international,nonprofit/project,https://80000hours.org/topic/top-recommended-organisations/,EA-adjacent legal research; entity and scale to verify.,candidate_universe_frozen_before_new_pay,yes,Institute for Law and AI,85-1024198,2024-12,7852814.0,2055293.0,10.0,https://www.causeiq.com/organizations/legal-priorities%2C851024198/,Cause IQ filing profile (IRS-derived),2026-08-25,verified_below_scale,"Excellent EA-adjacent research, advisory, and policy match; revenue is within RP vicinity but current expenses and employee count are below the main scale band, so retained as a weighted secondary rather than primary.",30.0,12.0,6.0,14.0,7.0,3.0,100.0,72.0,Tier B weighted secondary,no,no,pending_ceo_title_and_full_year_verification,"Scores use only mission/operating model, scale, EA affinity, structure, and geography. Compensation is excluded from every component.",Expanded operating set (A+B),0.894,0.9479,previous_160_frozen
EXP-066,2026-08-25T14:47:22-0700,2026-08-17,no,Mercy For Animals,Animal welfare and food systems,EA-adjacent,US/international,independent nonprofit,https://forum.effectivealtruism.org/topics/organizations-and-projects-in-effective-altruism,Research and advocacy with campaign operations.,candidate_universe_frozen_before_new_pay,yes,Mercy for Animals,54-2076145,2024-12,23344663.0,23908480.0,133.0,https://www.causeiq.com/organizations/mercy-for-animals%2C542076145/,Public Form 990 rendering (Cause IQ or ProPublica),2026-08-25,verified_candidate,Topical match; advocacy/campaign structure and staff are above RP core but inside wider band.,16.0,20.0,12.0,14.0,7.0,3.0,100.0,72.0,Tier B weighted secondary,no,no,pending_ceo_title_and_full_year_verification,"Scores use only mission/operating model, scale, EA affinity, structure, and geography. Compensation is excluded from every component.",Expanded operating set (A+B),0.894,0.9479,previous_160_frozen
EXP-046,2026-08-25T14:47:22-0700,2026-08-17,no,Village Enterprise,"Global health, development, and evidence",EA-adjacent,US/international,independent nonprofit,https://forum.effectivealtruism.org/topics/organizations-and-projects-in-effective-altruism,Evidence-based poverty program delivery and evaluation.,candidate_universe_frozen_before_new_pay,yes,Village Enterprise Fund,22-2852248,2025-06,21517758.0,20984394.0,19.0,https://www.causeiq.com/organizations/village-enterprise%2C222852248/,Cause IQ filing-derived profile,2026-08-25,verified_candidate,"EA-adjacent evidence-based poverty program; expenses in band, reported US headcount below RP, direct implementation model.",16.0,20.0,12.0,14.0,7.0,3.0,100.0,72.0,Tier B weighted secondary,no,no,pending_ceo_title_and_full_year_verification,"Scores use only mission/operating model, scale, EA affinity, structure, and geography. Compensation is excluded from every component.",Expanded operating set (A+B),0.894,0.9479,previous_160_frozen
EXP-074,2026-08-25T14:47:22-0700,2026-08-17,no,Farm Sanctuary,Animal welfare and food systems,EA-adjacent,US,independent nonprofit,https://forum.effectivealtruism.org/topics/organizations-and-projects-in-effective-altruism,Advocacy plus sanctuary operations; field-delivery sensitivity.,candidate_universe_frozen_before_new_pay,yes,Farm Sanctuary,51-0292919,2024-12,15439898.0,15664603.0,126.0,https://www.causeiq.com/organizations/farm-sanctuary%2C510292919/,Public Form 990 rendering (Cause IQ or ProPublica),2026-08-25,verified_candidate,Scale/headcount match but sanctuary/direct-care operations materially reduce comparability.,10.0,25.0,12.0,14.0,7.0,3.0,100.0,71.0,Tier B weighted secondary,no,no,pending_ceo_title_and_full_year_verification,"Scores use only mission/operating model, scale, EA affinity, structure, and geography. Compensation is excluded from every component.",Expanded operating set (A+B),0.8816,0.9347,previous_160_frozen
EXP-085,2026-08-25T14:47:22-0700,2026-08-17,no,New Roots Institute,Animal welfare and food systems,EA-adjacent,US,independent nonprofit,https://forum.effectivealtruism.org/topics/organizations-and-projects-in-effective-altruism,"Education, research, and advocacy field building.",candidate_universe_frozen_before_new_pay,yes,New Roots Institute,82-4594246,2025-06,3509009.0,2260435.0,36.0,https://www.causeiq.com/organizations/factory-farming-awareness-coalition%2C824594246/,Cause IQ filing profile (IRS-derived),2026-08-25,verified_candidate,"Animal-welfare education, field-building, and advocacy organization. Expenses are below the main band, but 36 employees are directly comparable to RP headcount; retained with a functional/scale discount.",20.0,12.0,15.0,14.0,7.0,3.0,100.0,71.0,Tier B weighted secondary,no,no,pending_ceo_title_and_full_year_verification,"Scores use only mission/operating model, scale, EA affinity, structure, and geography. Compensation is excluded from every component.",Expanded operating set (A+B),0.8816,0.9347,previous_160_frozen
EXP-033,2026-08-25T14:47:22-0700,2026-08-17,no,Innovations for Poverty Action,"Global health, development, and evidence",EA-adjacent,US/international,independent nonprofit,https://forum.effectivealtruism.org/topics/organizations-and-projects-in-effective-altruism,Applied research and evidence translation; strong functional comparator.,candidate_universe_frozen_before_new_pay,yes,Innovations for Poverty Action,06-1660068,2024-12,52795464.0,57894421.0,110.0,https://www.causeiq.com/organizations/innovations-for-poverty-action%2C061660068/,Cause IQ filing-derived profile,2026-08-25,verified_candidate,Strong research/policy match and EA-adjacent; above RP wider expense band and at staff-band edge.,29.0,5.0,12.0,14.0,7.0,3.0,100.0,70.0,Tier B weighted secondary,no,no,pending_ceo_title_and_full_year_verification,"Scores use only mission/operating model, scale, EA affinity, structure, and geography. Compensation is excluded from every component.",Expanded operating set (A+B),0.8691,0.9215,previous_160_frozen
EXP-031,2026-08-25T14:47:22-0700,2026-08-17,no,Evidence Action,"Global health, development, and evidence",EA-adjacent,US/international,independent nonprofit,https://forum.effectivealtruism.org/topics/organizations-and-projects-in-effective-altruism,Evidence-based program delivery and research; delivery intensity sensitivity.,candidate_universe_frozen_before_new_pay,yes,Evidence Action Inc,90-0874591,2024-12,36213681.0,45139532.0,98.0,https://www.causeiq.com/organizations/evidence-action%2C900874591/,Cause IQ filing-derived profile,2026-08-25,verified_candidate,"EA-adjacent evidence-driven operating nonprofit; staff within wider band, expenses above $35M secondary band; field implementation is material.",18.0,12.0,15.0,14.0,7.0,3.0,100.0,69.0,Tier B weighted secondary,no,no,pending_ceo_title_and_full_year_verification,"Scores use only mission/operating model, scale, EA affinity, structure, and geography. Compensation is excluded from every component.",Expanded operating set (A+B),0.8567,0.9084,previous_160_frozen
EXP-151,2026-08-25T14:47:22-0700,2026-08-17,no,Guttmacher Institute,"Research, evaluation, philanthropy infrastructure, and policy",functional-only,US/international,independent nonprofit,https://projects.propublica.org/nonprofits/,Research and policy; larger scale likely.,candidate_universe_frozen_before_new_pay,yes,Guttmacher Institute,13-2890727,2024-12,26498213.0,35282055.0,145.0,https://www.causeiq.com/organizations/guttmacher-institute%2C132890727/,Cause IQ filing profile (IRS-derived),2026-08-25,verified_candidate,"Strong research, policy analysis, and public education model; upper edge of wider scale.",27.0,12.0,12.0,7.0,7.0,3.0,100.0,68.0,Tier B weighted secondary,no,no,pending_ceo_title_and_full_year_verification,"Scores use only mission/operating model, scale, EA affinity, structure, and geography. Compensation is excluded from every component.",Expanded operating set (A+B),0.8443,0.8952,previous_160_frozen
EXP-098,2026-08-25T14:47:22-0700,2026-08-17,no,Redwood Research,"AI, catastrophic risk, biosecurity, and technology policy",EA-adjacent,US,independent nonprofit,https://80000hours.org/topic/top-recommended-organisations/,Technical AI safety research.,candidate_universe_frozen_before_new_pay,yes,Redwood Research Group,87-1702255,2024-12,22060.0,2922498.0,6.0,https://www.causeiq.com/organizations/redwood-research-group%2C871702255/,Public Form 990 rendering or organization/sector profile,2026-08-25,verified_below_scale,Excellent topic/function but below staff and expense bands; unusual low current revenue relative to expenses.,30.0,12.0,0.0,14.0,7.0,3.0,100.0,66.0,Tier B weighted secondary,no,no,pending_ceo_title_and_full_year_verification,"Scores use only mission/operating model, scale, EA affinity, structure, and geography. Compensation is excluded from every component.",Expanded operating set (A+B),0.8195,0.8689,previous_160_frozen
EXP-056,2026-08-25T14:47:22-0700,2026-08-17,no,Charter Cities Institute,"Global health, development, and evidence",EA-adjacent,US/international,independent nonprofit,https://forum.effectivealtruism.org/topics/organizations-and-projects-in-effective-altruism,"Research, policy, and technical advisory organization.",candidate_universe_frozen_before_new_pay,yes,Charter Cities Institute,82-3264419,2024-12,1260681.0,2680500.0,11.0,https://www.causeiq.com/organizations/charter-cities-institute%2C823264419/,Cause IQ filing-derived profile,2026-08-25,verified_below_scale,EA-adjacent policy/research organization; functionally relevant but below expanded expense/staff thresholds.,22.0,12.0,6.0,14.0,7.0,3.0,100.0,64.0,Tier B weighted secondary,no,no,pending_ceo_title_and_full_year_verification,"Scores use only mission/operating model, scale, EA affinity, structure, and geography. Compensation is excluded from every component.",Expanded operating set (A+B),0.7946,0.8425,previous_160_frozen
EXP-062,2026-08-25T14:47:22-0700,2026-08-17,no,Faunalytics,Animal welfare and food systems,EA-adjacent,US,independent nonprofit,https://forum.effectivealtruism.org/topics/organizations-and-projects-in-effective-altruism,Animal advocacy research and evidence organization.,candidate_universe_frozen_before_new_pay,yes,Faunalytics,01-0686889,2024-12,1485925.0,1239663.0,9.0,https://www.causeiq.com/organizations/faunalytics%2C010686889/,Public Form 990 rendering (Cause IQ or ProPublica),2026-08-25,verified_below_scale,"Excellent research/evidence function, but below the preregistered wider expense and staff bands.",29.0,5.0,6.0,14.0,7.0,3.0,100.0,64.0,Tier B weighted secondary,no,yes,pending_ceo_title_and_full_year_verification,"Scores use only mission/operating model, scale, EA affinity, structure, and geography. Compensation is excluded from every component.",Expanded operating set (A+B),0.7946,0.8425,previous_160_frozen
EXP-009,2026-08-25T14:47:22-0700,2026-08-17,no,One for the World,EA infrastructure and effective giving,EA-core,US,independent nonprofit,https://forum.effectivealtruism.org/posts/dm2uawLLeLbY8WNKM/updates-on-the-effective-giving-ecosystem-mcf-2025-memo,Effective-giving fundraising and movement-building organization.,candidate_universe_frozen_before_new_pay,yes,One For The World,84-2124550,2025-06,1778085.0,2188287.0,4.0,https://www.causeiq.com/organizations/one-for-the-world%2C842124550/,Cause IQ filing-derived profile,2026-08-25,verified_below_scale,EA effective-giving organization; independent but materially below RP on expenses and staff.,22.0,12.0,0.0,20.0,7.0,3.0,100.0,64.0,Tier B weighted secondary,no,no,pending_ceo_title_and_full_year_verification,"Scores use only mission/operating model, scale, EA affinity, structure, and geography. Compensation is excluded from every component.",Expanded operating set (A+B),0.7946,0.8425,previous_160_frozen
EXP-068,2026-08-25T14:47:22-0700,2026-08-17,no,Vegan Outreach,Animal welfare and food systems,EA-adjacent,US/international,independent nonprofit,https://forum.effectivealtruism.org/topics/organizations-and-projects-in-effective-altruism,Public outreach and program delivery.,candidate_universe_frozen_before_new_pay,yes,Vegan Outreach,86-0736818,2025-06,2830220.0,2456187.0,22.0,https://www.causeiq.com/organizations/vegan-outreach%2C860736818/,Public Form 990 rendering (Cause IQ or ProPublica),2026-08-25,verified_candidate,Below expense band but staff is inside wider band; advocacy/education model.,14.0,12.0,12.0,14.0,7.0,3.0,100.0,62.0,Tier B weighted secondary,no,no,pending_ceo_title_and_full_year_verification,"Scores use only mission/operating model, scale, EA affinity, structure, and geography. Compensation is excluded from every component.",Expanded operating set (A+B),0.7698,0.8162,previous_160_frozen
EXP-053,2026-08-25T14:47:22-0700,2026-08-17,no,Resolve to Save Lives,"Global health, development, and evidence",EA-adjacent,US/international,independent nonprofit,https://forum.effectivealtruism.org/topics/organizations-and-projects-in-effective-altruism,"Research, policy, technical assistance, and implementation.",candidate_universe_frozen_before_new_pay,yes,Resolve To Save Lives,86-2254152,2024-12,65629780.0,65415547.0,147.0,https://www.causeiq.com/organizations/resolve-to-save-lives%2C862254152/,Cause IQ filing-derived profile,2026-08-25,verified_candidate,EA-adjacent research/implementation hybrid; above expense band and near headcount ceiling.,20.0,5.0,12.0,14.0,7.0,3.0,100.0,61.0,Tier C broad sensitivity,no,no,pending_ceo_title_and_full_year_verification,"Scores use only mission/operating model, scale, EA affinity, structure, and geography. Compensation is excluded from every component.",Expanded broad sensitivity (C),,0.803,previous_160_frozen
EXP-100,2026-08-25T14:47:22-0700,2026-08-17,no,AI Objectives Institute,"AI, catastrophic risk, biosecurity, and technology policy",EA-adjacent,US,independent nonprofit,https://80000hours.org/topic/top-recommended-organisations/,AI safety research.,candidate_universe_frozen_before_new_pay,yes,AI Objectives Institute,87-3870371,2024-12,1829928.0,1106174.0,7.0,https://www.causeiq.com/organizations/ai-objectives-institute%2C873870371/,Public Form 990 rendering or organization/sector profile,2026-08-25,verified_below_scale,Strong research relevance but below expense and staff bands.,29.0,5.0,0.0,14.0,7.0,3.0,100.0,58.0,Tier C broad sensitivity,no,yes,pending_ceo_title_and_full_year_verification,"Scores use only mission/operating model, scale, EA affinity, structure, and geography. Compensation is excluded from every component.",Expanded broad sensitivity (C),,0.7635,previous_160_frozen
EXP-110,2026-08-25T14:47:22-0700,2026-08-17,no,Effective Institutions Project,"AI, catastrophic risk, biosecurity, and technology policy",EA-adjacent,US/international,nonprofit/project,https://80000hours.org/topic/top-recommended-organisations/,EA-adjacent institutional research and field building.,candidate_universe_frozen_before_new_pay,yes,Effective Institutions Project,93-2725003,2024-12,1693304.0,727915.0,2.0,https://www.causeiq.com/organizations/effective-institutions-project%2C932725003/,Cause IQ filing profile (IRS-derived),2026-08-25,verified_below_scale,"Strong EA-adjacent research and field-building match, but materially below RP on both expenses and employees.",29.0,5.0,0.0,14.0,7.0,3.0,100.0,58.0,Tier C broad sensitivity,no,yes,pending_ceo_title_and_full_year_verification,"Scores use only mission/operating model, scale, EA affinity, structure, and geography. Compensation is excluded from every component.",Expanded broad sensitivity (C),,0.7635,previous_160_frozen
EXP-135,2026-08-25T14:47:22-0700,2026-08-17,no,Candid,"Research, evaluation, philanthropy infrastructure, and policy",functional-only,US,independent nonprofit,https://projects.propublica.org/nonprofits/,Nonprofit data and field infrastructure; larger scale likely.,candidate_universe_frozen_before_new_pay,yes,Candid,13-1837418,2025-12,41100093.0,41312473.0,221.0,https://projects.propublica.org/nonprofits/organizations/131837418,ProPublica Nonprofit Explorer filing profile,2026-08-25,verified_candidate,Strong nonprofit-data and knowledge-infrastructure match but materially above wider scale on expenses and staff; lower-weight large-organization sensitivity.,28.0,12.0,0.0,7.0,7.0,3.0,100.0,57.0,Tier C broad sensitivity,no,yes,pending_ceo_title_and_full_year_verification,"Scores use only mission/operating model, scale, EA affinity, structure, and geography. Compensation is excluded from every component.",Expanded broad sensitivity (C),,0.7504,previous_160_frozen
EXP-019,2026-08-25T14:47:22-0700,2026-08-17,no,Generation Pledge,EA infrastructure and effective giving,EA-core,US/international,nonprofit/project,https://forum.effectivealtruism.org/posts/dm2uawLLeLbY8WNKM/updates-on-the-effective-giving-ecosystem-mcf-2025-memo,Effective-giving community and fundraising organization.,candidate_universe_frozen_before_new_pay,yes,Generation Pledge,84-2787951,2024-12,1523460.0,1347647.0,0.0,https://www.causeiq.com/organizations/generation-pledge%2C842787951/,Cause IQ filing-derived profile,2026-08-25,verified_below_scale,EA effective-giving organization; materially below RP and no reported employees.,22.0,5.0,0.0,20.0,7.0,3.0,100.0,57.0,Tier C broad sensitivity,no,no,pending_ceo_title_and_full_year_verification,"Scores use only mission/operating model, scale, EA affinity, structure, and geography. Compensation is excluded from every component.",Expanded broad sensitivity (C),,0.7504,previous_160_frozen
EXP-109,2026-08-25T14:47:22-0700,2026-08-17,no,Alliance to Feed the Earth in Disasters,"AI, catastrophic risk, biosecurity, and technology policy",EA-adjacent,US/international,independent nonprofit,https://80000hours.org/topic/top-recommended-organisations/,Catastrophic-risk research and preparedness.,candidate_universe_frozen_before_new_pay,yes,Allfed Institute,83-1717756,2024-12,495036.0,1016087.0,0.0,https://www.causeiq.com/organizations/allfed-institute%2C831717756/,Cause IQ filing profile (IRS-derived),2026-08-25,verified_below_scale,"Exceptionally relevant catastrophic-risk research and preparedness mission, but the US filing reports about $1.0M expenses and zero employees; contractor/international operating structure is not comparable to RP headcount.",27.0,5.0,0.0,14.0,7.0,3.0,100.0,56.0,Tier C broad sensitivity,no,no,pending_ceo_title_and_full_year_verification,"Scores use only mission/operating model, scale, EA affinity, structure, and geography. Compensation is excluded from every component.",Expanded broad sensitivity (C),,0.7372,previous_160_frozen
EXP-075,2026-08-25T14:47:22-0700,2026-08-17,no,New Harvest,Animal welfare and food systems,EA-adjacent,US,independent nonprofit,https://forum.effectivealtruism.org/topics/organizations-and-projects-in-effective-altruism,Research funding and field building in cellular agriculture.,candidate_universe_frozen_before_new_pay,yes,New Harvest,20-1425438,2024-12,797070.0,976255.0,3.0,https://www.causeiq.com/organizations/new-harvest%2C201425438/,Public Form 990 rendering (Cause IQ or ProPublica),2026-08-25,verified_below_scale,Research/field-building function is relevant but far below scale.,27.0,5.0,0.0,14.0,7.0,3.0,100.0,56.0,Tier C broad sensitivity,no,no,pending_ceo_title_and_full_year_verification,"Scores use only mission/operating model, scale, EA affinity, structure, and geography. Compensation is excluded from every component.",Expanded broad sensitivity (C),,0.7372,previous_160_frozen
EXP-088,2026-08-25T14:47:22-0700,2026-08-17,no,Nonhuman Rights Project,Animal welfare and food systems,EA-adjacent,US,independent nonprofit,https://forum.effectivealtruism.org/topics/organizations-and-projects-in-effective-altruism,Legal research and advocacy.,candidate_universe_frozen_before_new_pay,yes,Nonhuman Rights Project,04-3289466,2024-12,2156429.0,1583477.0,11.0,https://www.causeiq.com/organizations/nonhuman-rights-project%2C043289466/,Cause IQ filing profile (IRS-derived),2026-08-25,verified_below_scale,"Relevant animal-law research and advocacy comparator, but materially smaller than RP and litigation-dominant; retained only as a broad sensitivity.",14.0,12.0,6.0,14.0,7.0,3.0,100.0,56.0,Tier C broad sensitivity,no,no,pending_ceo_title_and_full_year_verification,"Scores use only mission/operating model, scale, EA affinity, structure, and geography. Compensation is excluded from every component.",Expanded broad sensitivity (C),,0.7372,previous_160_frozen
EXP-076,2026-08-25T14:47:22-0700,2026-08-17,no,Aquatic Life Institute,Animal welfare and food systems,EA-adjacent,US/international,independent nonprofit,https://forum.effectivealtruism.org/topics/organizations-and-projects-in-effective-altruism,"EA-adjacent research, standards, and advocacy.",candidate_universe_frozen_before_new_pay,yes,Aquatic Life Institute,87-3020380,2024-12,746464.0,733250.0,1.0,https://www.causeiq.com/organizations/aquatic-life-institute%2C873020380/,Public Form 990 rendering (Cause IQ or ProPublica),2026-08-25,verified_below_scale,EA-adjacent policy function but far below scale and reported headcount.,24.0,5.0,0.0,14.0,7.0,3.0,100.0,53.0,Tier C broad sensitivity,no,no,pending_ceo_title_and_full_year_verification,"Scores use only mission/operating model, scale, EA affinity, structure, and geography. Compensation is excluded from every component.",Expanded broad sensitivity (C),,0.6977,previous_160_frozen
EXP-073,2026-08-25T14:47:22-0700,2026-08-17,no,Farm Forward,Animal welfare and food systems,EA-adjacent,US,independent nonprofit,https://forum.effectivealtruism.org/topics/organizations-and-projects-in-effective-altruism,"Research, advocacy, and institutional consulting.",candidate_universe_frozen_before_new_pay,yes,Farm Forward,26-1643614,2024-12,1226680.0,1069721.0,9.0,https://www.causeiq.com/organizations/farm-forward%2C261643614/,Public Form 990 rendering (Cause IQ or ProPublica),2026-08-25,verified_below_scale,Topically relevant but below wider expense/staff thresholds.,18.0,5.0,6.0,14.0,7.0,3.0,100.0,53.0,Tier C broad sensitivity,no,no,pending_ceo_title_and_full_year_verification,"Scores use only mission/operating model, scale, EA affinity, structure, and geography. Compensation is excluded from every component.",Expanded broad sensitivity (C),,0.6977,previous_160_frozen
EXP-143,2026-08-25T14:47:22-0700,2026-08-17,no,Public Library of Science,"Research, evaluation, philanthropy infrastructure, and policy",functional-only,US/international,independent nonprofit,https://projects.propublica.org/nonprofits/,Open-access publishing and research infrastructure.,candidate_universe_frozen_before_new_pay,yes,Public Library of Science,68-0492065,2024-12,41335403.0,36985422.0,236.0,https://www.causeiq.com/organizations/public-library-of-science%2C680492065/,Cause IQ filing profile (IRS-derived),2026-08-25,verified_candidate,"Excellent open-science and research-communication match, but above the wider staff band and slightly above the expense band; retained as a low-scale-weight sensitivity.",24.0,12.0,0.0,7.0,7.0,3.0,100.0,53.0,Tier C broad sensitivity,no,yes,pending_ceo_title_and_full_year_verification,"Scores use only mission/operating model, scale, EA affinity, structure, and geography. Compensation is excluded from every component.",Expanded broad sensitivity (C),,0.6977,previous_160_frozen
EXP-082,2026-08-25T14:47:22-0700,2026-08-17,no,Sentience Institute,Animal welfare and food systems,EA-adjacent,US,independent nonprofit,https://forum.effectivealtruism.org/topics/organizations-and-projects-in-effective-altruism,EA-aligned social movement and moral-circle research.,candidate_universe_frozen_before_new_pay,yes,Sentience Institute,82-2537926,2024-12,53363.0,164090.0,1.0,https://www.causeiq.com/organizations/sentience-institute%2C822537926/,Cause IQ filing profile (IRS-derived),2026-08-25,verified_below_scale,Highly relevant EA-adjacent social-movement research organization but materially below RP on both expenses and employee count; retained only as a small-research sensitivity.,29.0,0.0,0.0,14.0,7.0,3.0,100.0,53.0,Tier C broad sensitivity,no,no,pending_ceo_title_and_full_year_verification,"Scores use only mission/operating model, scale, EA affinity, structure, and geography. Compensation is excluded from every component.",Expanded broad sensitivity (C),,0.6977,previous_160_frozen
EXP-094,2026-08-25T14:47:22-0700,2026-08-17,no,Center for AI Policy,"AI, catastrophic risk, biosecurity, and technology policy",EA-adjacent,US,independent nonprofit,https://80000hours.org/topic/top-recommended-organisations/,AI policy research and advocacy.,candidate_universe_frozen_before_new_pay,yes,Center for AI Policy,93-2050941,2023-12,673200.0,301463.0,1.0,https://www.causeiq.com/organizations/center-for-ai-policy%2C932050941/,Public Form 990 rendering or organization/sector profile,2026-08-25,verified_below_scale,Strong topic/policy relevance but far below scale and a 501(c)(4).,28.0,0.0,0.0,14.0,7.0,3.0,100.0,52.0,Tier C broad sensitivity,no,no,pending_ceo_title_and_full_year_verification,"Scores use only mission/operating model, scale, EA affinity, structure, and geography. Compensation is excluded from every component.",Expanded broad sensitivity (C),,0.6846,previous_160_frozen
EXP-010,2026-08-25T14:47:22-0700,2026-08-17,no,High Impact Athletes,EA infrastructure and effective giving,EA-core,US/international,nonprofit or fiscally sponsored,https://forum.effectivealtruism.org/posts/dm2uawLLeLbY8WNKM/updates-on-the-effective-giving-ecosystem-mcf-2025-memo,Effective-giving fundraising organization; legal structure to verify.,candidate_universe_frozen_before_new_pay,yes,High Impact Athletes,87-3955308,2024-12,480243.0,381597.0,0.0,https://www.causeiq.com/organizations/high-impact-athletes%2C873955308/,Cause IQ filing-derived profile,2026-08-25,verified_below_scale,EA effective-giving organization; below scale and no reported employees; executive-director observation may be part-time.,22.0,0.0,0.0,20.0,7.0,3.0,100.0,52.0,Tier C broad sensitivity,no,yes,pending_ceo_title_and_full_year_verification,"Scores use only mission/operating model, scale, EA affinity, structure, and geography. Compensation is excluded from every component.",Expanded broad sensitivity (C),,0.6846,previous_160_frozen
EXP-030,2026-08-25T14:47:22-0700,2026-08-17,no,Open Philanthropy / Coefficient Giving,EA infrastructure and effective giving,EA-core,US,philanthropic organization / related entities,https://forum.effectivealtruism.org/posts/dm2uawLLeLbY8WNKM/updates-on-the-effective-giving-ecosystem-mcf-2025-memo,Major EA-adjacent research and grantmaking organization; legal entity and pass-through structure require special handling.,candidate_universe_frozen_before_new_pay,yes,Open Philanthropy,81-0737472,2024-12,1803010.0,7291034.0,31.0,https://www.causeiq.com/organizations/open-philanthropy-project%2C810737472/,Cause IQ filing-derived profile,2026-08-25,verified_candidate,EA-core research/advisory entity; expenses and staff are close to RP core scale. Entity/legal leadership mapping must be checked because broader Open Philanthropy grantmaking uses related entities.,27.0,25.0,15.0,20.0,4.0,3.0,100.0,94.0,Structural/context only,no,no,not_poolable_without_structure_resolution,"Scores use only mission/operating model, scale, EA affinity, structure, and geography. Compensation is excluded from every component.",Structural/context only,,,previous_160_frozen
EXP-036,2026-08-25T14:47:22-0700,2026-08-17,no,Center for Global Development,"Global health, development, and evidence",EA-adjacent,US/UK,independent nonprofit,https://forum.effectivealtruism.org/topics/organizations-and-projects-in-effective-altruism,Research and policy think tank; strong functional comparator.,candidate_universe_frozen_before_new_pay,yes,Center for Global Development,52-2351337,2024-12,23575821.0,18124830.0,87.0,https://www.causeiq.com/organizations/center-for-global-development%2C522351337/,Cause IQ filing-derived profile,2026-08-25,verified_candidate,Excellent research/policy and scale match; CEO transition in 2024 means latest pay observation may be excluded or use prior full-year filing.,30.0,25.0,15.0,14.0,4.0,3.0,100.0,91.0,Structural/context only,no,no,not_poolable_without_structure_resolution,"Scores use only mission/operating model, scale, EA affinity, structure, and geography. Compensation is excluded from every component.",Structural/context only,,,previous_160_frozen
EXP-099,2026-08-25T14:47:22-0700,2026-08-17,no,Alignment Research Center,"AI, catastrophic risk, biosecurity, and technology policy",EA-adjacent,US,independent nonprofit,https://80000hours.org/topic/top-recommended-organisations/,Technical AI safety research.,candidate_universe_frozen_before_new_pay,yes,Alignment Research Center,86-3605182,2024-12,5219369.0,9054183.0,38.0,https://www.causeiq.com/organizations/alignment-research-center%2C863605182/,Public Form 990 rendering or organization/sector profile,2026-08-25,verified_structural,Excellent function and scale but reported as subordinate under METR with a program spin-off; avoid double-counting related organizations.,30.0,25.0,15.0,14.0,1.0,3.0,100.0,88.0,Structural/context only,no,yes,not_poolable_without_structure_resolution,"Scores use only mission/operating model, scale, EA affinity, structure, and geography. Compensation is excluded from every component.",Structural/context only,,,previous_160_frozen
EXP-091,2026-08-25T14:47:22-0700,2026-08-17,no,Machine Intelligence Research Institute,"AI, catastrophic risk, biosecurity, and technology policy",EA-adjacent,US,independent nonprofit,https://80000hours.org/topic/top-recommended-organisations/,EA-aligned technical AI safety research.,candidate_universe_frozen_before_new_pay,yes,Machine Intelligence Research Institute,58-2565917,2024-12,1534913.0,6508701.0,28.0,https://www.causeiq.com/organizations/machine-intelligence-research-institute%2C582565917/,Public Form 990 rendering or organization/sector profile,2026-08-25,verified_structural,Excellent topic/research match and operating scale; no clean comparable organization-wide CEO structure was established in the original review.,30.0,25.0,15.0,14.0,1.0,3.0,100.0,88.0,Structural/context only,no,no,not_poolable_without_structure_resolution,"Scores use only mission/operating model, scale, EA affinity, structure, and geography. Compensation is excluded from every component.",Structural/context only,,,previous_160_frozen
EXP-092,2026-08-25T14:47:22-0700,2026-08-17,no,Future of Life Institute,"AI, catastrophic risk, biosecurity, and technology policy",EA-adjacent,US/international,independent nonprofit,https://80000hours.org/topic/top-recommended-organisations/,"EA-adjacent research, grantmaking, and advocacy; dual-leadership risk.",candidate_universe_frozen_before_new_pay,yes,Future of Life Institute,47-1052538,2024-12,21273381.0,17399051.0,29.0,https://www.causeiq.com/organizations/future-of-life-institute%2C471052538/,Public Form 990 rendering or organization/sector profile,2026-08-25,verified_structural,"Strong catastrophic-risk research/policy and scale match, but dual paid board-president/executive-director structure prevents clean CEO pooling.",29.0,25.0,15.0,14.0,0.0,3.0,100.0,86.0,Structural/context only,no,yes,not_poolable_without_structure_resolution,"Scores use only mission/operating model, scale, EA affinity, structure, and geography. Compensation is excluded from every component.",Structural/context only,,,previous_160_frozen
EXP-118,2026-08-25T14:47:22-0700,2026-08-17,no,SecureBio,"AI, catastrophic risk, biosecurity, and technology policy",EA-adjacent,US,nonprofit/project,https://80000hours.org/topic/top-recommended-organisations/,Biosecurity research and implementation; entity to verify.,candidate_universe_frozen_before_new_pay,yes,SecureBio Inc,88-3068255,2024-12,7324329.0,4251865.0,16.0,https://www.causeiq.com/organizations/securebio%2C883068255/,Cause IQ filing profile (IRS-derived),2026-08-25,verified_candidate,Very strong EA-adjacent biosecurity research and implementation match with expenses near the lower end of RP scale and 16 employees; executive transition requires later compensation screening.,30.0,20.0,12.0,14.0,4.0,3.0,100.0,83.0,Structural/context only,no,yes,not_poolable_without_structure_resolution,"Scores use only mission/operating model, scale, EA affinity, structure, and geography. Compensation is excluded from every component.",Structural/context only,,,previous_160_frozen
EXP-103,2026-08-25T14:47:22-0700,2026-08-17,no,Center for Security and Emerging Technology,"AI, catastrophic risk, biosecurity, and technology policy",EA-adjacent,US,university center,https://80000hours.org/topic/top-recommended-organisations/,Technology policy research; university-parent compensation system.,candidate_universe_frozen_before_new_pay,yes,Center for Security and Emerging Technology,,2024,,,58.0,https://cset.georgetown.edu/publication/2024-annual-report/,Public Form 990 rendering or organization/sector profile,2026-08-25,verified_structural,"Excellent research/policy and staff match, but it is a Georgetown University center rather than an independent nonprofit CEO role.",30.0,,15.0,14.0,0.0,3.0,75.0,82.7,Structural/context only,no,no,not_poolable_without_structure_resolution,"Scores use only mission/operating model, scale, EA affinity, structure, and geography. Compensation is excluded from every component.",Structural/context only,,,previous_160_frozen
EXP-120,2026-08-25T14:47:22-0700,2026-08-17,no,AI Now Institute,"AI, catastrophic risk, biosecurity, and technology policy",EA-adjacent,US,independent nonprofit,https://80000hours.org/topic/top-recommended-organisations/,AI policy research.,candidate_universe_frozen_before_new_pay,yes,AI Now Policy Institute Inc,33-3604227,new entity; no 990 available,,,,https://projects.propublica.org/nonprofits/organizations/333604227,ProPublica Nonprofit Explorer / IRS entity profile,2026-08-25,verified_structural,"Highly relevant AI policy research organization, but the current 501(c)(4) entity was recognized in 2025 and has no public financial filing yet; operating-history/entity continuity and CEO comparability cannot be resolved from current public data.",30.0,,,14.0,2.0,3.0,60.0,81.7,Structural/context only,no,no,not_poolable_without_structure_resolution,"Scores use only mission/operating model, scale, EA affinity, structure, and geography. Compensation is excluded from every component.",Structural/context only,,,previous_160_frozen
EXP-108,2026-08-25T14:47:22-0700,2026-08-17,no,Global Catastrophic Risk Institute,"AI, catastrophic risk, biosecurity, and technology policy",EA-adjacent,US,independent nonprofit,https://80000hours.org/topic/top-recommended-organisations/,Research institute; likely below scale.,candidate_universe_frozen_before_new_pay,yes,Global Catastrophic Risk Institute,,2024 annual report available,,,,https://gcri.org/about,Official organization page,2026-08-25,verified_structural,"Excellent topic and think-tank match, but GCRI is a fiscally sponsored project of Social and Environmental Entrepreneurs rather than a clean standalone organization-wide CEO filing; public team size is small.",30.0,,,14.0,2.0,3.0,60.0,81.7,Structural/context only,no,no,not_poolable_without_structure_resolution,"Scores use only mission/operating model, scale, EA affinity, structure, and geography. Compensation is excluded from every component.",Structural/context only,,,previous_160_frozen
EXP-007,2026-08-25T14:47:22-0700,2026-08-17,no,Founders Pledge,EA infrastructure and effective giving,EA-core,US/UK,international nonprofit group,https://forum.effectivealtruism.org/posts/dm2uawLLeLbY8WNKM/updates-on-the-effective-giving-ecosystem-mcf-2025-memo,Effective-giving evaluator and donor-advisory organization; legal-entity mapping required.,candidate_universe_frozen_before_new_pay,yes,Founders Pledge Inc,37-1795297,2024-12,144636466.0,34600883.0,26.0,https://www.causeiq.com/organizations/founders-pledge%2C371795297/,Cause IQ filing-derived profile,2026-08-25,verified_structural,US entity of international donor-advisory group; operating expenses near expanded upper band but revenue includes philanthropic flows.,20.0,20.0,15.0,20.0,2.0,3.0,100.0,80.0,Structural/context only,no,no,not_poolable_without_structure_resolution,"Scores use only mission/operating model, scale, EA affinity, structure, and geography. Compensation is excluded from every component.",Structural/context only,,,previous_160_frozen
EXP-095,2026-08-25T14:47:22-0700,2026-08-17,no,Institute for AI Policy and Strategy,"AI, catastrophic risk, biosecurity, and technology policy",EA-adjacent,US,independent nonprofit,https://80000hours.org/topic/top-recommended-organisations/,AI policy research and talent development.,candidate_universe_frozen_before_new_pay,yes,Institute for AI Policy and Strategy,,,,,,https://www.iaps.ai/,Public Form 990 rendering or organization/sector profile,2026-08-25,no_us_profile_found,No clean standalone US Form 990 profile was identified under the public operating name; retain as structural/context peer.,30.0,,,14.0,1.0,3.0,60.0,80.0,Structural/context only,no,no,not_poolable_without_structure_resolution,"Scores use only mission/operating model, scale, EA affinity, structure, and geography. Compensation is excluded from every component.",Structural/context only,,,previous_160_frozen
EXP-061,2026-08-25T14:47:22-0700,2026-08-17,no,Animal Charity Evaluators,Animal welfare and food systems,EA-adjacent,US,independent nonprofit,https://forum.effectivealtruism.org/topics/organizations-and-projects-in-effective-altruism,EA-aligned charity evaluator and research organization.,candidate_universe_frozen_before_new_pay,yes,Animal Charity Evaluators,36-4684978,2025-03,7801617.0,6340574.0,9.0,https://www.causeiq.com/organizations/animal-charity-evaluators%2C364684978/,Cause IQ rendering of IRS Form 990 data,2026-08-25,verified_structural,"Excellent EA/evaluation function and expense match, but only nine reported employees and material grantmaking/evaluator structure.",29.0,25.0,6.0,14.0,2.0,3.0,100.0,79.0,Structural/context only,no,no,not_poolable_without_structure_resolution,"Scores use only mission/operating model, scale, EA affinity, structure, and geography. Compensation is excluded from every component.",Structural/context only,,,previous_160_frozen
EXP-102,2026-08-25T14:47:22-0700,2026-08-17,no,Center for Human-Compatible AI,"AI, catastrophic risk, biosecurity, and technology policy",EA-adjacent,US,university center,https://80000hours.org/topic/top-recommended-organisations/,Strong research match but university-parent compensation system.,candidate_universe_frozen_before_new_pay,yes,Center for Human-Compatible AI,,,,,,https://humancompatible.ai/,Public Form 990 rendering or organization/sector profile,2026-08-25,verified_structural,University-based research center rather than an independent nonprofit CEO labor market.,30.0,,,14.0,0.0,3.0,60.0,78.3,Structural/context only,no,no,not_poolable_without_structure_resolution,"Scores use only mission/operating model, scale, EA affinity, structure, and geography. Compensation is excluded from every component.",Structural/context only,,,previous_160_frozen
EXP-112,2026-08-25T14:47:22-0700,2026-08-17,no,Center on Long-Term Risk,"AI, catastrophic risk, biosecurity, and technology policy",EA-adjacent,Germany,independent nonprofit,https://80000hours.org/topic/top-recommended-organisations/,EA-aligned research; non-US.,candidate_universe_frozen_before_new_pay,yes,Center on Long-Term Risk,,2025 budget published,,,,https://longtermrisk.org/transparency/,Official transparency page,2026-08-25,verified_structural,"Strong EA-aligned research match with public budgets and plans, but it is an England and Wales charity with a non-US labor market; retained as international context rather than pooled US CEO evidence.",30.0,,,14.0,2.0,1.0,60.0,78.3,Structural/context only,no,no,not_poolable_without_structure_resolution,"Scores use only mission/operating model, scale, EA affinity, structure, and geography. Compensation is excluded from every component.",Structural/context only,,,previous_160_frozen
EXP-104,2026-08-25T14:47:22-0700,2026-08-17,no,Centre for the Governance of AI,"AI, catastrophic risk, biosecurity, and technology policy",EA-adjacent,UK,independent charity,https://80000hours.org/topic/top-recommended-organisations/,EA-adjacent AI governance research.,candidate_universe_frozen_before_new_pay,yes,Centre for the Governance of AI,,,,,,https://www.governance.ai/,Public Form 990 rendering or organization/sector profile,2026-08-25,verified_structural,International AI-governance research comparator; no US standalone Form 990 and non-US compensation/labor market.,30.0,,,14.0,2.0,1.0,60.0,78.3,Structural/context only,no,no,not_poolable_without_structure_resolution,"Scores use only mission/operating model, scale, EA affinity, structure, and geography. Compensation is excluded from every component.",Structural/context only,,,previous_160_frozen
EXP-107,2026-08-25T14:47:22-0700,2026-08-17,no,Existential Risk Alliance,"AI, catastrophic risk, biosecurity, and technology policy",EA-adjacent,US/international,nonprofit/project,https://80000hours.org/topic/top-recommended-organisations/,EA-aligned research and talent development; entity to verify.,candidate_universe_frozen_before_new_pay,yes,Existential Risk Alliance (ERA),,,,,,https://www.crunchbase.com/organization/era-8825,Secondary organization profile,2026-08-25,verified_structural,"Highly relevant existential-risk research and talent-development organization, but public evidence indicates a UK-based nonprofit and no clean US Form 990 or directly comparable US CEO labor market; reported size band 11-50 is not used as an exact headcount.",29.0,,,14.0,1.0,3.0,60.0,78.3,Structural/context only,no,no,not_poolable_without_structure_resolution,"Scores use only mission/operating model, scale, EA affinity, structure, and geography. Compensation is excluded from every component.",Structural/context only,,,previous_160_frozen
EXP-105,2026-08-25T14:47:22-0700,2026-08-17,no,Apollo Research,"AI, catastrophic risk, biosecurity, and technology policy",EA-adjacent,UK/international,independent nonprofit,https://80000hours.org/topic/top-recommended-organisations/,AI safety research; non-US.,candidate_universe_frozen_before_new_pay,yes,Apollo Research,,,,,,https://www.apolloresearch.ai/,Public Form 990 rendering or organization/sector profile,2026-08-25,verified_structural,International technical AI-safety research comparator; no clean US standalone Form 990 profile identified.,30.0,,,14.0,1.0,1.0,60.0,76.7,Structural/context only,no,no,not_poolable_without_structure_resolution,"Scores use only mission/operating model, scale, EA affinity, structure, and geography. Compensation is excluded from every component.",Structural/context only,,,previous_160_frozen
EXP-117,2026-08-25T14:47:22-0700,2026-08-17,no,International Biosecurity and Biosafety Initiative for Science,"AI, catastrophic risk, biosecurity, and technology policy",EA-adjacent,Switzerland/international,independent nonprofit,https://80000hours.org/topic/top-recommended-organisations/,Biosecurity policy and scientific field building.,candidate_universe_frozen_before_new_pay,yes,International Biosecurity and Biosafety Initiative for Science,Swiss UID CHE-182.748.080,launched 2024,,,,https://ibbis.bio/about/,Official organization page,2026-08-25,verified_structural,"Excellent biosecurity and field-building match, but it is a newly independent Swiss foundation with a Geneva labor market and no US Form 990; retained as international context.",29.0,,,14.0,2.0,1.0,60.0,76.7,Structural/context only,no,no,not_poolable_without_structure_resolution,"Scores use only mission/operating model, scale, EA affinity, structure, and geography. Compensation is excluded from every component.",Structural/context only,,,previous_160_frozen
EXP-121,2026-08-25T14:47:22-0700,2026-08-17,no,Data & Society Research Institute,"AI, catastrophic risk, biosecurity, and technology policy",EA-adjacent,US,independent nonprofit,https://80000hours.org/topic/top-recommended-organisations/,Technology and society research.,candidate_universe_frozen_before_new_pay,yes,Data & Society Research Institute,46-2904827,2025-05,6606356.0,6671515.0,0.0,https://www.causeiq.com/organizations/data-society-research-institute%2C462904827/,Cause IQ filing profile (IRS-derived),2026-08-25,verified_structural,"Excellent technology-and-society research match; filing profile reports zero employees despite an operating leadership/staff structure, so headcount is not comparable without raw-return clarification.",30.0,25.0,0.0,14.0,2.0,3.0,100.0,74.0,Structural/context only,no,yes,not_poolable_without_structure_resolution,"Scores use only mission/operating model, scale, EA affinity, structure, and geography. Compensation is excluded from every component.",Structural/context only,,,previous_160_frozen
EXP-012,2026-08-25T14:47:22-0700,2026-08-17,no,Longview Philanthropy,EA infrastructure and effective giving,EA-core,UK/US,international nonprofit/advisory,https://forum.effectivealtruism.org/posts/dm2uawLLeLbY8WNKM/updates-on-the-effective-giving-ecosystem-mcf-2025-memo,EA-adjacent philanthropic advisory and grantmaking; entity mapping required.,candidate_universe_frozen_before_new_pay,yes,Longview Philanthropy USA,93-2664730,2024-12,10007719.0,3269897.0,8.0,https://www.causeiq.com/organizations/longview-philanthropy-usa%2C932664730/,Cause IQ filing-derived profile,2026-08-25,verified_structural,EA donor advisory/grantmaking entity; expenses at expanded lower bound and staff below band; US entity formed 2023.,22.0,20.0,6.0,20.0,2.0,2.0,100.0,72.0,Structural/context only,no,no,not_poolable_without_structure_resolution,"Scores use only mission/operating model, scale, EA affinity, structure, and geography. Compensation is excluded from every component.",Structural/context only,,,previous_160_frozen
EXP-008,2026-08-25T14:47:22-0700,2026-08-17,no,The Life You Can Save,EA infrastructure and effective giving,EA-core,US/Australia,international nonprofit,https://forum.effectivealtruism.org/posts/dm2uawLLeLbY8WNKM/updates-on-the-effective-giving-ecosystem-mcf-2025-memo,Effective-giving education and fundraising organization.,candidate_universe_frozen_before_new_pay,yes,The Life You Can Save,46-2100400,2024-12,10854481.0,11400673.0,4.0,https://www.causeiq.com/organizations/life-you-can-save%2C462100400/,Cause IQ filing-derived profile,2026-08-25,verified_structural,Four employees and approximately $9.9M of agency/pass-through funds; expenses match RP but operating responsibility differs materially.,16.0,25.0,0.0,20.0,2.0,3.0,100.0,66.0,Structural/context only,no,no,not_poolable_without_structure_resolution,"Scores use only mission/operating model, scale, EA affinity, structure, and geography. Compensation is excluded from every component.",Structural/context only,,,previous_160_frozen
EXP-038,2026-08-25T14:47:22-0700,2026-08-17,no,Development Media International,"Global health, development, and evidence",EA-adjacent,UK/US,international charity,https://forum.effectivealtruism.org/topics/organizations-and-projects-in-effective-altruism,Evidence-driven communications intervention organization.,candidate_universe_frozen_before_new_pay,yes,Development Media International,,,,,,,,2026-08-25,no_us_profile_found,UK/international charity; no clean US independent organization profile located in initial Cause IQ search.,22.0,,,14.0,1.0,2.0,60.0,65.0,Structural/context only,no,no,not_poolable_without_structure_resolution,"Scores use only mission/operating model, scale, EA affinity, structure, and geography. Compensation is excluded from every component.",Structural/context only,,,previous_160_frozen
EXP-006,2026-08-25T14:47:22-0700,2026-08-17,no,GiveWell / The Clear Fund,EA infrastructure and effective giving,EA-core,US,independent nonprofit,https://forum.effectivealtruism.org/posts/dm2uawLLeLbY8WNKM/updates-on-the-effective-giving-ecosystem-mcf-2025-memo,Major EA-aligned evaluator and grantmaker; pass-through/grantmaking scale requires adjustment.,candidate_universe_frozen_before_new_pay,yes,The Clear Fund (GiveWell),20-8625442,2024-12,269542773.0,183707000.0,96.0,https://www.causeiq.com/organizations/the-clear-fund%2C208625442/,Cause IQ filing-derived profile,2026-08-25,verified_structural,Independent US nonprofit; evaluator plus major grantmaking/pass-through activity. Consolidated scale far above RP; structural/grantmaking sensitivity.,24.0,0.0,15.0,20.0,2.0,3.0,100.0,64.0,Structural/context only,no,yes,not_poolable_without_structure_resolution,"Scores use only mission/operating model, scale, EA affinity, structure, and geography. Compensation is excluded from every component.",Structural/context only,,,previous_160_frozen
EXP-040,2026-08-25T14:47:22-0700,2026-08-17,no,Malaria Consortium,"Global health, development, and evidence",EA-adjacent,UK/US,international charity,https://forum.effectivealtruism.org/topics/organizations-and-projects-in-effective-altruism,Research and program delivery; much larger consolidated operations likely.,candidate_universe_frozen_before_new_pay,yes,Malaria Consortium US,98-0627052,2025-03,12640128.0,12184258.0,0.0,https://www.causeiq.com/organizations/malaria-consortium%2C980627052/,Cause IQ filing-derived profile,2026-08-25,verified_structural,"US support entity of international charity; no employees reported in US filing, so not comparable to organization-wide CEO.",22.0,25.0,0.0,14.0,1.0,2.0,100.0,64.0,Structural/context only,no,no,not_poolable_without_structure_resolution,"Scores use only mission/operating model, scale, EA affinity, structure, and geography. Compensation is excluded from every component.",Structural/context only,,,previous_160_frozen
EXP-106,2026-08-25T14:47:22-0700,2026-08-17,no,Centre for Long-Term Resilience,"AI, catastrophic risk, biosecurity, and technology policy",EA-adjacent,UK,independent charity,https://80000hours.org/topic/top-recommended-organisations/,Risk policy research and field building.,candidate_universe_frozen_before_new_pay,yes,Centre for Long-Term Resilience,,2022,,903000.0,19.0,https://securesustain.org/abstract/centre-for-long-term-resilience/,Public Form 990 rendering or organization/sector profile,2026-08-25,verified_structural,"Strong risk-policy function but UK labor market; public 2022 budget was GBP 903k and 19 staff, below RP scale.",29.0,5.0,12.0,14.0,2.0,1.0,100.0,63.0,Structural/context only,no,no,not_poolable_without_structure_resolution,"Scores use only mission/operating model, scale, EA affinity, structure, and geography. Compensation is excluded from every component.",Structural/context only,,,previous_160_frozen
EXP-144,2026-08-25T14:47:22-0700,2026-08-17,no,eLife Sciences Publications,"Research, evaluation, philanthropy infrastructure, and policy",functional-only,US/UK,international nonprofit,https://projects.propublica.org/nonprofits/,Open science publishing; entity and geography complexity.,candidate_universe_frozen_before_new_pay,yes,eLife Sciences Publications,45-3588477,2024-12,8521832.0,8281693.0,0.0,https://www.causeiq.com/organizations/elife-sciences-publications%2C453588477/,Cause IQ filing profile (IRS-derived),2026-08-25,verified_structural,"Strong research-communication match; US filing reports zero employees because operations are principally in the United Kingdom, so the filing headcount is not comparable.",24.0,25.0,0.0,7.0,2.0,3.0,100.0,61.0,Structural/context only,no,no,not_poolable_without_structure_resolution,"Scores use only mission/operating model, scale, EA affinity, structure, and geography. Compensation is excluded from every component.",Structural/context only,,,previous_160_frozen
EXP-149,2026-08-25T14:47:22-0700,2026-08-17,no,Pew Research Center,"Research, evaluation, philanthropy infrastructure, and policy",functional-only,US,independent nonprofit,https://projects.propublica.org/nonprofits/,Large research organization.,candidate_universe_frozen_before_new_pay,yes,Pew Research Center,20-0881724,2025-06,46263769.0,48184088.0,195.0,https://www.causeiq.com/organizations/pew-research-center%2C200881724/,Cause IQ filing profile (IRS-derived),2026-08-25,verified_candidate,"Excellent nonpartisan data and research match; above scale and subordinate to The Pew Charitable Trusts, requiring scale and structure discounts.",29.0,12.0,6.0,7.0,3.0,3.0,100.0,60.0,Structural/context only,no,no,not_poolable_without_structure_resolution,"Scores use only mission/operating model, scale, EA affinity, structure, and geography. Compensation is excluded from every component.",Structural/context only,,,previous_160_frozen
EXP-013,2026-08-25T14:47:22-0700,2026-08-17,no,Navigation Fund,EA infrastructure and effective giving,EA-core,US,nonprofit funder,https://forum.effectivealtruism.org/posts/dm2uawLLeLbY8WNKM/updates-on-the-effective-giving-ecosystem-mcf-2025-memo,EA-adjacent evaluator/funder; grantmaking-dominated sensitivity.,candidate_universe_frozen_before_new_pay,yes,The Navigation Fund,92-1117448,2024-12,18953079.0,39324574.0,7.0,https://www.causeiq.com/organizations/further-future-foundation%2C921117448/,Cause IQ filing-derived profile,2026-08-25,verified_structural,EA-adjacent public foundation; grantmaking-dominated with $39.3M expenses and seven staff; contextual only.,22.0,12.0,0.0,20.0,2.0,3.0,100.0,59.0,Structural/context only,no,no,not_poolable_without_structure_resolution,"Scores use only mission/operating model, scale, EA affinity, structure, and geography. Compensation is excluded from every component.",Structural/context only,,,previous_160_frozen
EXP-101,2026-08-25T14:47:22-0700,2026-08-17,no,Epoch AI,"AI, catastrophic risk, biosecurity, and technology policy",EA-adjacent,US/international,nonprofit or fiscally sponsored,https://80000hours.org/topic/top-recommended-organisations/,AI trends research; entity structure to verify.,candidate_universe_frozen_before_new_pay,yes,Epoch Artificial Intelligence,99-4050541,2024-12,180010.0,84231.0,,https://www.causeiq.com/organizations/epoch-artificial-intelligence%2C994050541/,Public Form 990 rendering or organization/sector profile,2026-08-25,verified_structural,"Operating name is highly relevant, but 2024 was a new 990-EZ entity and public grant records indicate prior/related fiscal-host flows; current legal-entity figures do not represent mature operating scale.",30.0,0.0,,14.0,2.0,3.0,85.0,57.6,Structural/context only,no,no,not_poolable_without_structure_resolution,"Scores use only mission/operating model, scale, EA affinity, structure, and geography. Compensation is excluded from every component.",Structural/context only,,,previous_160_frozen
EXP-069,2026-08-25T14:47:22-0700,2026-08-17,no,Animal Outlook,Animal welfare and food systems,EA-adjacent,US,independent nonprofit,https://forum.effectivealtruism.org/topics/organizations-and-projects-in-effective-altruism,"Advocacy, investigations, and legal work.",candidate_universe_frozen_before_new_pay,yes,Animal Outlook Inc,52-2034417,2024-12,1769327.0,1506770.0,13.0,https://projects.propublica.org/nonprofits/organizations/522034417,Public Form 990 rendering (Cause IQ or ProPublica),2026-08-25,verified_below_scale,Topically relevant but below wider expense and staff thresholds; 2024 leadership transition also complicates pay observation.,15.0,12.0,6.0,14.0,4.0,3.0,100.0,54.0,Structural/context only,no,no,not_poolable_without_structure_resolution,"Scores use only mission/operating model, scale, EA affinity, structure, and geography. Compensation is excluded from every component.",Structural/context only,,,previous_160_frozen
EXP-051,2026-08-25T14:47:22-0700,2026-08-17,no,The END Fund,"Global health, development, and evidence",EA-adjacent,US/international,independent nonprofit,https://forum.effectivealtruism.org/topics/organizations-and-projects-in-effective-altruism,Grantmaking and program coordination; pass-through sensitivity.,candidate_universe_frozen_before_new_pay,yes,The END Fund,27-3941186,2024-12,62672882.0,74181557.0,44.0,https://www.causeiq.com/organizations/the-end-fund%2C273941186/,Cause IQ filing-derived profile,2026-08-25,verified_structural,EA-adjacent pooled fund and grant/program intermediary; staff matches but expense/pass-through scale is far above RP.,12.0,5.0,15.0,14.0,2.0,3.0,100.0,51.0,Structural/context only,no,no,not_poolable_without_structure_resolution,"Scores use only mission/operating model, scale, EA affinity, structure, and geography. Compensation is excluded from every component.",Structural/context only,,,previous_160_frozen
EXP-039,2026-08-25T14:47:22-0700,2026-08-17,no,Against Malaria Foundation,"Global health, development, and evidence",EA-adjacent,US/UK,international charity,https://forum.effectivealtruism.org/topics/organizations-and-projects-in-effective-altruism,EA-recommended delivery charity; operating model differs.,candidate_universe_frozen_before_new_pay,yes,The Against Malaria Foundation US,20-3069841,2025-06,119395632.0,119155737.0,0.0,https://www.causeiq.com/organizations/the-against-malaria-foundation%2C203069841/,Cause IQ filing-derived profile,2026-08-25,verified_structural,US support/fundraising entity with no reported employees and pass-through/program distribution scale far above RP.,22.0,0.0,0.0,14.0,2.0,3.0,100.0,41.0,Structural/context only,no,no,not_poolable_without_structure_resolution,"Scores use only mission/operating model, scale, EA affinity, structure, and geography. Compensation is excluded from every component.",Structural/context only,,,previous_160_frozen
EXP-032,2026-08-25T14:47:22-0700,2026-08-17,no,GiveDirectly,"Global health, development, and evidence",EA-adjacent,US/international,independent nonprofit,https://forum.effectivealtruism.org/topics/organizations-and-projects-in-effective-altruism,Evidence-based direct cash delivery; substantially delivery-heavy.,candidate_universe_frozen_before_new_pay,yes,GiveDirectly Inc,27-1661997,2024-12,206811067.0,130406116.0,110.0,https://www.causeiq.com/organizations/givedirectly%2C271661997/,Cause IQ filing-derived profile,2026-08-25,verified_structural,EA-adjacent direct-cash delivery organization; far above RP expense scale and delivery/pass-through dominated.,10.0,0.0,12.0,14.0,2.0,3.0,100.0,41.0,Structural/context only,no,no,not_poolable_without_structure_resolution,"Scores use only mission/operating model, scale, EA affinity, structure, and geography. Compensation is excluded from every component.",Structural/context only,,,previous_160_frozen
EXP-089,2026-08-25T14:47:22-0700,2026-08-17,no,Global Animal Partnership,Animal welfare and food systems,EA-adjacent,US,independent nonprofit,https://forum.effectivealtruism.org/topics/organizations-and-projects-in-effective-altruism,Standards and certification; operating model differs.,candidate_universe_frozen_before_new_pay,yes,Global Animal Partnership,20-2234609,2024-12,967824.0,590690.0,0.0,https://www.causeiq.com/organizations/global-animal-partnership%2C202234609/,Cause IQ filing profile (IRS-derived),2026-08-25,verified_structural,"Public filing profile identifies a private-foundation structure with no reported employees. Retained as animal-standards context, not as a pooled operating-CEO comparator.",17.0,5.0,0.0,14.0,2.0,3.0,100.0,41.0,Structural/context only,no,no,not_poolable_without_structure_resolution,"Scores use only mission/operating model, scale, EA affinity, structure, and geography. Compensation is excluded from every component.",Structural/context only,,,previous_160_frozen
EXP-141,2026-08-25T14:47:22-0700,2026-08-17,no,Science Philanthropy Alliance,"Research, evaluation, philanthropy infrastructure, and policy",functional-only,US,independent nonprofit,https://projects.propublica.org/nonprofits/,Research-philanthropy advisory and field building.,candidate_universe_frozen_before_new_pay,yes,Science Philanthropy Alliance,99-0395748,2024-12,3618693.0,54345.0,0.0,https://projects.propublica.org/nonprofits/organizations/990395748,ProPublica Nonprofit Explorer filing profile,2026-08-25,verified_structural,Public legal entity appears new or flow-through/hosted relative to operating program; reported expense and zero staff do not represent a comparable standalone operating scale.,27.0,0.0,0.0,7.0,2.0,3.0,100.0,39.0,Structural/context only,no,no,not_poolable_without_structure_resolution,"Scores use only mission/operating model, scale, EA affinity, structure, and geography. Compensation is excluded from every component.",Structural/context only,,,previous_160_frozen
EXP-042,2026-08-25T14:47:22-0700,2026-08-17,no,Helen Keller Intl,"Global health, development, and evidence",EA-adjacent,US/international,independent nonprofit,https://forum.effectivealtruism.org/topics/organizations-and-projects-in-effective-altruism,Global health evidence and delivery; larger-scale sensitivity.,candidate_universe_frozen_before_new_pay,yes,Helen Keller International,13-5562162,2025-06,120225051.0,115343527.0,159.0,https://www.causeiq.com/organizations/helen-keller-international%2C135562162/,Cause IQ filing-derived profile,2026-08-25,verified_structural,"Large international field-delivery organization, above wider expense and headcount bands.",12.0,0.0,6.0,14.0,2.0,3.0,100.0,37.0,Structural/context only,no,no,not_poolable_without_structure_resolution,"Scores use only mission/operating model, scale, EA affinity, structure, and geography. Compensation is excluded from every component.",Structural/context only,,,previous_160_frozen
EXP-029,2026-08-25T14:47:22-0700,2026-08-17,no,Good Ventures Foundation,EA infrastructure and effective giving,EA-core,US,private foundation,https://forum.effectivealtruism.org/posts/dm2uawLLeLbY8WNKM/updates-on-the-effective-giving-ecosystem-mcf-2025-memo,EA-aligned grantmaker; private-foundation and grantmaking sensitivity only.,candidate_universe_frozen_before_new_pay,yes,Good Ventures Foundation,46-1008520,2025-06,2597571672.0,369108718.0,0.0,https://www.causeiq.com/organizations/good-ventures-foundation%2C461008520/,Cause IQ filing-derived profile,2026-08-25,verified_structural,"Private foundation, Form 990-PF, grantmaking-dominated and many orders of magnitude above RP; context only.",10.0,0.0,0.0,20.0,0.0,3.0,100.0,33.0,Structural/context only,no,no,not_poolable_without_structure_resolution,"Scores use only mission/operating model, scale, EA affinity, structure, and geography. Compensation is excluded from every component.",Structural/context only,,,previous_160_frozen
EXP-154,2026-08-25T14:47:22-0700,2026-08-17,no,Federal Funds Information for States,"Research, evaluation, philanthropy infrastructure, and policy",functional-only,US,independent nonprofit,https://projects.propublica.org/nonprofits/,Research/data subscription organization; original secondary ad peer.,candidate_universe_frozen_before_new_pay,yes,Federal Funds Information for States,52-1983424,2025-06,1032580.0,939797.0,5.0,https://www.causeiq.com/organizations/federal-funds-information-for-states%2C521983424/,Cause IQ filing profile (IRS-derived),2026-08-25,verified_below_scale,Excellent research/data and executive-scope match but far below RP on budget and staff.,29.0,5.0,0.0,7.0,7.0,3.0,100.0,51.0,Screened out after verification,no,yes,not_selected_for_compensation_extraction,"Scores use only mission/operating model, scale, EA affinity, structure, and geography. Compensation is excluded from every component.",Screened out after verification,,,previous_160_frozen
EXP-057,2026-08-25T14:47:22-0700,2026-08-17,no,Copenhagen Consensus Center USA,"Global health, development, and evidence",EA-adjacent,US/international,independent nonprofit,https://forum.effectivealtruism.org/topics/organizations-and-projects-in-effective-altruism,Cost-effectiveness research and policy communication.,candidate_universe_frozen_before_new_pay,yes,Copenhagen Consensus Center USA,26-1214521,2024-12,920765.0,1187335.0,1.0,https://www.causeiq.com/organizations/copenhagen-consensus-center-usa%2C261214521/,Cause IQ filing-derived profile,2026-08-25,verified_below_scale,EA-adjacent research think tank; materially below RP scale and founder-led.,22.0,5.0,0.0,14.0,5.0,3.0,100.0,49.0,Screened out after verification,no,yes,not_selected_for_compensation_extraction,"Scores use only mission/operating model, scale, EA affinity, structure, and geography. Compensation is excluded from every component.",Screened out after verification,,,previous_160_frozen
EXP-077,2026-08-25T14:47:22-0700,2026-08-17,no,Fish Welfare Initiative,Animal welfare and food systems,EA-adjacent,international,independent nonprofit,https://forum.effectivealtruism.org/topics/organizations-and-projects-in-effective-altruism,EA-aligned field research and interventions; non-US.,candidate_universe_frozen_before_new_pay,yes,Fish Welfare Initiative,85-2065536,2025-12,1245609.0,702529.0,1.0,https://www.causeiq.com/organizations/fish-welfare-initiative%2C852065536/,Public Form 990 rendering (Cause IQ or ProPublica),2026-08-25,verified_below_scale,EA-adjacent research/implementation work but far below scale and reported US headcount.,22.0,5.0,0.0,14.0,7.0,1.0,100.0,49.0,Screened out after verification,no,yes,not_selected_for_compensation_extraction,"Scores use only mission/operating model, scale, EA affinity, structure, and geography. Compensation is excluded from every component.",Screened out after verification,,,previous_160_frozen
EXP-157,2026-08-25T14:47:22-0700,2026-08-17,no,National Academy of Social Insurance,"Research, evaluation, philanthropy infrastructure, and policy",functional-only,US,independent nonprofit,https://projects.propublica.org/nonprofits/,Research and policy field building.,candidate_universe_frozen_before_new_pay,yes,National Academy of Social Insurance,52-1451753,2025-06,2077784.0,1409816.0,5.0,https://www.causeiq.com/organizations/national-academy-of-social-insurance%2C521451753/,Cause IQ filing profile (IRS-derived),2026-08-25,verified_below_scale,"Research, expert-convening, and policy-analysis match but materially below scale.",27.0,5.0,0.0,7.0,7.0,3.0,100.0,49.0,Screened out after verification,no,no,not_selected_for_compensation_extraction,"Scores use only mission/operating model, scale, EA affinity, structure, and geography. Compensation is excluded from every component.",Screened out after verification,,,previous_160_frozen
EXP-147,2026-08-25T14:47:22-0700,2026-08-17,no,MDRC,"Research, evaluation, philanthropy infrastructure, and policy",functional-only,US,independent nonprofit,https://projects.propublica.org/nonprofits/,Large applied social-policy research organization.,candidate_universe_frozen_before_new_pay,yes,MDRC,23-7379473,2024-12,89342277.0,93933340.0,361.0,https://www.causeiq.com/organizations/manpower-demonstration-research-corporation%2C237379473/,Cause IQ filing profile (IRS-derived),2026-08-25,verified_candidate,"Very strong evidence, evaluation, and policy-research match, but several times RP core scale; retained as a large-organization sensitivity.",30.0,0.0,0.0,7.0,7.0,3.0,100.0,47.0,Screened out after verification,no,no,not_selected_for_compensation_extraction,"Scores use only mission/operating model, scale, EA affinity, structure, and geography. Compensation is excluded from every component.",Screened out after verification,,,previous_160_frozen
EXP-146,2026-08-25T14:47:22-0700,2026-08-17,no,Center for Scientific Integrity,"Research, evaluation, philanthropy infrastructure, and policy",functional-only,US,independent nonprofit,https://projects.propublica.org/nonprofits/,Research integrity journalism/data; likely below scale.,candidate_universe_frozen_before_new_pay,yes,Center for Scientific Integrity,47-2485133,2024-12,429108.0,407042.0,4.0,https://www.causeiq.com/organizations/center-for-scientific-integrity%2C472485133/,Cause IQ filing profile (IRS-derived),2026-08-25,verified_below_scale,Excellent scientific-integrity topic match but far below RP on budget and headcount.,29.0,0.0,0.0,7.0,7.0,3.0,100.0,46.0,Screened out after verification,no,yes,not_selected_for_compensation_extraction,"Scores use only mission/operating model, scale, EA affinity, structure, and geography. Compensation is excluded from every component.",Screened out after verification,,,previous_160_frozen
EXP-148,2026-08-25T14:47:22-0700,2026-08-17,no,Urban Institute,"Research, evaluation, philanthropy infrastructure, and policy",functional-only,US,independent nonprofit,https://projects.propublica.org/nonprofits/,Large research and policy organization.,candidate_universe_frozen_before_new_pay,yes,Urban Institute,52-0880375,2024-12,129592450.0,148463835.0,748.0,https://www.causeiq.com/organizations/urban-institute%2C520880375/,Cause IQ filing profile (IRS-derived),2026-08-25,verified_candidate,Strong research-to-action and advisory match but far above scale; low-weight upper-scale sensitivity only.,29.0,0.0,0.0,7.0,7.0,3.0,100.0,46.0,Screened out after verification,no,no,not_selected_for_compensation_extraction,"Scores use only mission/operating model, scale, EA affinity, structure, and geography. Compensation is excluded from every component.",Screened out after verification,,,previous_160_frozen
EXP-003,2026-08-25T14:47:22-0700,2026-08-17,no,"80,000 Hours",EA infrastructure and effective giving,EA-core,UK/US,project within Effective Ventures,https://forum.effectivealtruism.org/posts/dm2uawLLeLbY8WNKM/updates-on-the-effective-giving-ecosystem-mcf-2025-memo,Structural comparator; project leadership is subordinate to umbrella governance.,candidate_universe_frozen_before_new_pay,yes,,,,,,,,,,not_searched,,,,,,,,,,Not yet verified,no,no,not_started,Candidate remains in frozen universe but scale/structure verification was not completed in this expansion pass.,Frozen candidate; verification pending,,,previous_160_frozen
EXP-037,2026-08-25T14:47:22-0700,2026-08-17,no,Abdul Latif Jameel Poverty Action Lab,"Global health, development, and evidence",EA-adjacent,US/international,university center,https://forum.effectivealtruism.org/topics/organizations-and-projects-in-effective-altruism,Strong research match but university-parent compensation system.,candidate_universe_frozen_before_new_pay,yes,,,,,,,,,,not_searched,,,,,,,,,,Not yet verified,no,no,not_started,Candidate remains in frozen universe but scale/structure verification was not completed in this expansion pass.,Frozen candidate; verification pending,,,previous_160_frozen
EXP-127,2026-08-25T14:47:22-0700,2026-08-17,no,Algorithmic Justice League,"AI, catastrophic risk, biosecurity, and technology policy",EA-adjacent,US,independent nonprofit,https://80000hours.org/topic/top-recommended-organisations/,AI accountability research and advocacy.,candidate_universe_frozen_before_new_pay,yes,,,,,,,,,,not_searched,,,,,,,,,,Not yet verified,no,no,not_started,Candidate remains in frozen universe but scale/structure verification was not completed in this expansion pass.,Frozen candidate; verification pending,,,previous_160_frozen
EXP-016,2026-08-25T14:47:22-0700,2026-08-17,no,Ambitious Impact (formerly Charity Entrepreneurship),EA infrastructure and effective giving,EA-core,UK/international,independent charity,https://forum.effectivealtruism.org/posts/dm2uawLLeLbY8WNKM/updates-on-the-effective-giving-ecosystem-mcf-2025-memo,"EA-aligned research, incubation, and field building.",candidate_universe_frozen_before_new_pay,yes,,,,,,,,,,not_searched,,,,,,,,,,Not yet verified,no,no,not_started,Candidate remains in frozen universe but scale/structure verification was not completed in this expansion pass.,Frozen candidate; verification pending,,,previous_160_frozen
EXP-081,2026-08-25T14:47:22-0700,2026-08-17,no,Animal Advocacy Careers,Animal welfare and food systems,EA-adjacent,UK/international,nonprofit/project,https://forum.effectivealtruism.org/topics/organizations-and-projects-in-effective-altruism,EA-aligned field building and research.,candidate_universe_frozen_before_new_pay,yes,,,,,,,,,,not_searched,,,,,,,,,,Not yet verified,no,no,not_started,Candidate remains in frozen universe but scale/structure verification was not completed in this expansion pass.,Frozen candidate; verification pending,,,previous_160_frozen
EXP-080,2026-08-25T14:47:22-0700,2026-08-17,no,Animal Ask,Animal welfare and food systems,EA-adjacent,UK/international,nonprofit/project,https://forum.effectivealtruism.org/topics/organizations-and-projects-in-effective-altruism,EA-aligned research and advocacy incubation.,candidate_universe_frozen_before_new_pay,yes,,,,,,,,,,not_searched,,,,,,,,,,Not yet verified,no,no,not_started,Candidate remains in frozen universe but scale/structure verification was not completed in this expansion pass.,Frozen candidate; verification pending,,,previous_160_frozen
EXP-020,2026-08-25T14:47:22-0700,2026-08-17,no,Ayuda Efectiva,EA infrastructure and effective giving,EA-core,Spain,independent nonprofit,https://forum.effectivealtruism.org/posts/dm2uawLLeLbY8WNKM/updates-on-the-effective-giving-ecosystem-mcf-2025-memo,Effective-giving evaluator/fundraiser.,candidate_universe_frozen_before_new_pay,yes,,,,,,,,,,not_searched,,,,,,,,,,Not yet verified,no,no,not_started,Candidate remains in frozen universe but scale/structure verification was not completed in this expansion pass.,Frozen candidate; verification pending,,,previous_160_frozen
EXP-084,2026-08-25T14:47:22-0700,2026-08-17,no,Cellular Agriculture Society,Animal welfare and food systems,EA-adjacent,US/international,independent nonprofit,https://forum.effectivealtruism.org/topics/organizations-and-projects-in-effective-altruism,Research and field building.,candidate_universe_frozen_before_new_pay,yes,,,,,,,,,,not_searched,,,,,,,,,,Not yet verified,no,no,not_started,Candidate remains in frozen universe but scale/structure verification was not completed in this expansion pass.,Frozen candidate; verification pending,,,previous_160_frozen
EXP-002,2026-08-25T14:47:22-0700,2026-08-17,no,Centre for Effective Altruism,EA infrastructure and effective giving,EA-core,UK/US,project within Effective Ventures,https://forum.effectivealtruism.org/posts/dm2uawLLeLbY8WNKM/updates-on-the-effective-giving-ecosystem-mcf-2025-memo,Structural comparator; no separate US organization-wide CEO observation expected.,candidate_universe_frozen_before_new_pay,yes,,,,,,,,,,not_searched,,,,,,,,,,Not yet verified,no,no,not_started,Candidate remains in frozen universe but scale/structure verification was not completed in this expansion pass.,Frozen candidate; verification pending,,,previous_160_frozen
EXP-017,2026-08-25T14:47:22-0700,2026-08-17,no,Charity Science Foundation,EA infrastructure and effective giving,EA-core,Canada,independent charity,https://forum.effectivealtruism.org/posts/dm2uawLLeLbY8WNKM/updates-on-the-effective-giving-ecosystem-mcf-2025-memo,EA-aligned charity research/incubation; current operating status to verify.,candidate_universe_frozen_before_new_pay,yes,,,,,,,,,,not_searched,,,,,,,,,,Not yet verified,no,no,not_started,Candidate remains in frozen universe but scale/structure verification was not completed in this expansion pass.,Frozen candidate; verification pending,,,previous_160_frozen
EXP-079,2026-08-25T14:47:22-0700,2026-08-17,no,Crustacean Compassion,Animal welfare and food systems,EA-adjacent,UK,independent charity,https://forum.effectivealtruism.org/topics/organizations-and-projects-in-effective-altruism,Research and policy advocacy; non-US.,candidate_universe_frozen_before_new_pay,yes,,,,,,,,,,not_searched,,,,,,,,,,Not yet verified,no,no,not_started,Candidate remains in frozen universe but scale/structure verification was not completed in this expansion pass.,Frozen candidate; verification pending,,,previous_160_frozen
EXP-021,2026-08-25T14:47:22-0700,2026-08-17,no,Doebem,EA infrastructure and effective giving,EA-core,Brazil,independent nonprofit,https://forum.effectivealtruism.org/posts/dm2uawLLeLbY8WNKM/updates-on-the-effective-giving-ecosystem-mcf-2025-memo,Effective-giving evaluator/fundraiser.,candidate_universe_frozen_before_new_pay,yes,,,,,,,,,,not_searched,,,,,,,,,,Not yet verified,no,no,not_started,Candidate remains in frozen universe but scale/structure verification was not completed in this expansion pass.,Frozen candidate; verification pending,,,previous_160_frozen
EXP-024,2026-08-25T14:47:22-0700,2026-08-17,no,Effective Altruism Australia,EA infrastructure and effective giving,EA-core,Australia,independent charity,https://forum.effectivealtruism.org/posts/dm2uawLLeLbY8WNKM/updates-on-the-effective-giving-ecosystem-mcf-2025-memo,National effective-giving and EA infrastructure organization.,candidate_universe_frozen_before_new_pay,yes,,,,,,,,,,not_searched,,,,,,,,,,Not yet verified,no,no,not_started,Candidate remains in frozen universe but scale/structure verification was not completed in this expansion pass.,Frozen candidate; verification pending,,,previous_160_frozen
EXP-027,2026-08-25T14:47:22-0700,2026-08-17,no,Effective Altruism France,EA infrastructure and effective giving,EA-core,France,independent nonprofit,https://forum.effectivealtruism.org/posts/dm2uawLLeLbY8WNKM/updates-on-the-effective-giving-ecosystem-mcf-2025-memo,National EA infrastructure organization.,candidate_universe_frozen_before_new_pay,yes,,,,,,,,,,not_searched,,,,,,,,,,Not yet verified,no,no,not_started,Candidate remains in frozen universe but scale/structure verification was not completed in this expansion pass.,Frozen candidate; verification pending,,,previous_160_frozen
EXP-005,2026-08-25T14:47:22-0700,2026-08-17,no,Effective Altruism Funds,EA infrastructure and effective giving,EA-core,UK/US,project within Effective Ventures,https://forum.effectivealtruism.org/posts/dm2uawLLeLbY8WNKM/updates-on-the-effective-giving-ecosystem-mcf-2025-memo,Grantmaking project; likely structural or grantmaking sensitivity.,candidate_universe_frozen_before_new_pay,yes,,,,,,,,,,not_searched,,,,,,,,,,Not yet verified,no,no,not_started,Candidate remains in frozen universe but scale/structure verification was not completed in this expansion pass.,Frozen candidate; verification pending,,,previous_160_frozen
EXP-025,2026-08-25T14:47:22-0700,2026-08-17,no,Effective Altruism Germany,EA infrastructure and effective giving,EA-core,Germany,independent nonprofit,https://forum.effectivealtruism.org/posts/dm2uawLLeLbY8WNKM/updates-on-the-effective-giving-ecosystem-mcf-2025-memo,National EA infrastructure organization.,candidate_universe_frozen_before_new_pay,yes,,,,,,,,,,not_searched,,,,,,,,,,Not yet verified,no,no,not_started,Candidate remains in frozen universe but scale/structure verification was not completed in this expansion pass.,Frozen candidate; verification pending,,,previous_160_frozen
EXP-026,2026-08-25T14:47:22-0700,2026-08-17,no,Effective Altruism Netherlands,EA infrastructure and effective giving,EA-core,Netherlands,independent nonprofit,https://forum.effectivealtruism.org/posts/dm2uawLLeLbY8WNKM/updates-on-the-effective-giving-ecosystem-mcf-2025-memo,National EA infrastructure organization.,candidate_universe_frozen_before_new_pay,yes,,,,,,,,,,not_searched,,,,,,,,,,Not yet verified,no,no,not_started,Candidate remains in frozen universe but scale/structure verification was not completed in this expansion pass.,Frozen candidate; verification pending,,,previous_160_frozen
EXP-018,2026-08-25T14:47:22-0700,2026-08-17,no,Effective Thesis,EA infrastructure and effective giving,EA-core,international,nonprofit/project,https://forum.effectivealtruism.org/posts/dm2uawLLeLbY8WNKM/updates-on-the-effective-giving-ecosystem-mcf-2025-memo,EA-aligned research-career field building; entity and scale to verify.,candidate_universe_frozen_before_new_pay,yes,,,,,,,,,,not_searched,,,,,,,,,,Not yet verified,no,no,not_started,Candidate remains in frozen universe but scale/structure verification was not completed in this expansion pass.,Frozen candidate; verification pending,,,previous_160_frozen
EXP-001,2026-08-25T14:47:22-0700,2026-08-17,no,Effective Ventures Foundation USA,EA infrastructure and effective giving,EA-core,US,umbrella nonprofit,https://forum.effectivealtruism.org/posts/dm2uawLLeLbY8WNKM/updates-on-the-effective-giving-ecosystem-mcf-2025-memo,US legal host for multiple EA projects; organization-level observation may not map to a single project CEO.,candidate_universe_frozen_before_new_pay,yes,,,,,,,,,,not_searched,,,,,,,,,,Not yet verified,no,no,not_started,Candidate remains in frozen universe but scale/structure verification was not completed in this expansion pass.,Frozen candidate; verification pending,,,previous_160_frozen
EXP-022,2026-08-25T14:47:22-0700,2026-08-17,no,Effektiv Spenden,EA infrastructure and effective giving,EA-core,Germany,independent nonprofit,https://forum.effectivealtruism.org/posts/dm2uawLLeLbY8WNKM/updates-on-the-effective-giving-ecosystem-mcf-2025-memo,Effective-giving evaluator/fundraiser.,candidate_universe_frozen_before_new_pay,yes,,,,,,,,,,not_searched,,,,,,,,,,Not yet verified,no,no,not_started,Candidate remains in frozen universe but scale/structure verification was not completed in this expansion pass.,Frozen candidate; verification pending,,,previous_160_frozen
EXP-128,2026-08-25T14:47:22-0700,2026-08-17,no,Encode Justice,"AI, catastrophic risk, biosecurity, and technology policy",EA-adjacent,US/international,independent nonprofit,https://80000hours.org/topic/top-recommended-organisations/,Youth-led AI policy and advocacy; likely below scale.,candidate_universe_frozen_before_new_pay,yes,,,,,,,,,,not_searched,,,,,,,,,,Not yet verified,no,no,not_started,Candidate remains in frozen universe but scale/structure verification was not completed in this expansion pass.,Frozen candidate; verification pending,,,previous_160_frozen
EXP-028,2026-08-25T14:47:22-0700,2026-08-17,no,FarmKind,EA infrastructure and effective giving,EA-core,Australia/international,nonprofit/project,https://forum.effectivealtruism.org/posts/dm2uawLLeLbY8WNKM/updates-on-the-effective-giving-ecosystem-mcf-2025-memo,Animal-focused effective-giving evaluator/fundraiser.,candidate_universe_frozen_before_new_pay,yes,,,,,,,,,,not_searched,,,,,,,,,,Not yet verified,no,no,not_started,Candidate remains in frozen universe but scale/structure verification was not completed in this expansion pass.,Frozen candidate; verification pending,,,previous_160_frozen
EXP-050,2026-08-25T14:47:22-0700,2026-08-17,no,Food Fortification Initiative,"Global health, development, and evidence",EA-adjacent,US/international,independent nonprofit,https://forum.effectivealtruism.org/topics/organizations-and-projects-in-effective-altruism,Technical assistance and policy field building.,candidate_universe_frozen_before_new_pay,yes,,,,,,,,,,not_searched,,,,,,,,,,Not yet verified,no,no,not_started,Candidate remains in frozen universe but scale/structure verification was not completed in this expansion pass.,Frozen candidate; verification pending,,,previous_160_frozen
EXP-023,2026-08-25T14:47:22-0700,2026-08-17,no,GiEffektivt,EA infrastructure and effective giving,EA-core,Norway,independent nonprofit,https://forum.effectivealtruism.org/posts/dm2uawLLeLbY8WNKM/updates-on-the-effective-giving-ecosystem-mcf-2025-memo,Effective-giving evaluator/fundraiser.,candidate_universe_frozen_before_new_pay,yes,,,,,,,,,,not_searched,,,,,,,,,,Not yet verified,no,no,not_started,Candidate remains in frozen universe but scale/structure verification was not completed in this expansion pass.,Frozen candidate; verification pending,,,previous_160_frozen
EXP-014,2026-08-25T14:47:22-0700,2026-08-17,no,Giving Green,EA infrastructure and effective giving,EA-core,US,nonprofit or project,https://forum.effectivealtruism.org/posts/dm2uawLLeLbY8WNKM/updates-on-the-effective-giving-ecosystem-mcf-2025-memo,Climate charity evaluator; legal host and independent leadership to verify.,candidate_universe_frozen_before_new_pay,yes,,,,,,,,,,not_searched,,,,,,,,,,Not yet verified,no,no,not_started,Candidate remains in frozen universe but scale/structure verification was not completed in this expansion pass.,Frozen candidate; verification pending,,,previous_160_frozen
EXP-011,2026-08-25T14:47:22-0700,2026-08-17,no,Giving Multiplier,EA infrastructure and effective giving,EA-core,US,nonprofit or fiscally sponsored,https://forum.effectivealtruism.org/posts/dm2uawLLeLbY8WNKM/updates-on-the-effective-giving-ecosystem-mcf-2025-memo,Effective-giving platform; legal structure and scale to verify.,candidate_universe_frozen_before_new_pay,yes,,,,,,,,,,not_searched,,,,,,,,,,Not yet verified,no,no,not_started,Candidate remains in frozen universe but scale/structure verification was not completed in this expansion pass.,Frozen candidate; verification pending,,,previous_160_frozen
EXP-004,2026-08-25T14:47:22-0700,2026-08-17,no,Giving What We Can,EA infrastructure and effective giving,EA-core,UK/US,project within Effective Ventures,https://forum.effectivealtruism.org/posts/dm2uawLLeLbY8WNKM/updates-on-the-effective-giving-ecosystem-mcf-2025-memo,Structural comparator; project leadership is subordinate to umbrella governance.,candidate_universe_frozen_before_new_pay,yes,,,,,,,,,,not_searched,,,,,,,,,,Not yet verified,no,no,not_started,Candidate remains in frozen universe but scale/structure verification was not completed in this expansion pass.,Frozen candidate; verification pending,,,previous_160_frozen
EXP-048,2026-08-25T14:47:22-0700,2026-08-17,no,Global Alliance for Improved Nutrition USA,"Global health, development, and evidence",EA-adjacent,US/international,international nonprofit affiliate,https://forum.effectivealtruism.org/topics/organizations-and-projects-in-effective-altruism,"Research, policy, and delivery; entity complexity.",candidate_universe_frozen_before_new_pay,yes,,,,,,,,,,not_searched,,,,,,,,,,Not yet verified,no,no,not_started,Candidate remains in frozen universe but scale/structure verification was not completed in this expansion pass.,Frozen candidate; verification pending,,,previous_160_frozen
EXP-015,2026-08-25T14:47:22-0700,2026-08-17,no,Happier Lives Institute,EA infrastructure and effective giving,EA-core,UK,independent charity,https://forum.effectivealtruism.org/posts/dm2uawLLeLbY8WNKM/updates-on-the-effective-giving-ecosystem-mcf-2025-memo,EA-aligned wellbeing research and charity evaluation.,candidate_universe_frozen_before_new_pay,yes,,,,,,,,,,not_searched,,,,,,,,,,Not yet verified,no,no,not_started,Candidate remains in frozen universe but scale/structure verification was not completed in this expansion pass.,Frozen candidate; verification pending,,,previous_160_frozen
EXP-049,2026-08-25T14:47:22-0700,2026-08-17,no,Iodine Global Network,"Global health, development, and evidence",EA-adjacent,Canada/international,independent nonprofit,https://forum.effectivealtruism.org/topics/organizations-and-projects-in-effective-altruism,"Technical research, standards, and policy support.",candidate_universe_frozen_before_new_pay,yes,,,,,,,,,,not_searched,,,,,,,,,,Not yet verified,no,no,not_started,Candidate remains in frozen universe but scale/structure verification was not completed in this expansion pass.,Frozen candidate; verification pending,,,previous_160_frozen
EXP-130,2026-08-25T14:47:22-0700,2026-08-17,no,Mozilla Foundation,"AI, catastrophic risk, biosecurity, and technology policy",EA-adjacent,US/international,independent nonprofit,https://80000hours.org/topic/top-recommended-organisations/,"Technology research, advocacy, and grantmaking; larger/complex.",candidate_universe_frozen_before_new_pay,yes,,,,,,,,,,not_searched,,,,,,,,,,Not yet verified,no,no,not_started,Candidate remains in frozen universe but scale/structure verification was not completed in this expansion pass.,Frozen candidate; verification pending,,,previous_160_frozen
EXP-041,2026-08-25T14:47:22-0700,2026-08-17,no,New Incentives,"Global health, development, and evidence",EA-adjacent,US/Nigeria,independent nonprofit,https://forum.effectivealtruism.org/topics/organizations-and-projects-in-effective-altruism,EA-recommended delivery charity; likely smaller US legal entity.,candidate_universe_frozen_before_new_pay,yes,,,,,,,,,,not_searched,,,,,,,,,,Not yet verified,no,no,not_started,Candidate remains in frozen universe but scale/structure verification was not completed in this expansion pass.,Frozen candidate; verification pending,,,previous_160_frozen
EXP-090,2026-08-25T14:47:22-0700,2026-08-17,no,ProVeg US,Animal welfare and food systems,EA-adjacent,US/international,international nonprofit affiliate,https://forum.effectivealtruism.org/topics/organizations-and-projects-in-effective-altruism,"Research, policy, and public engagement.",candidate_universe_frozen_before_new_pay,yes,,,,,,,,,,not_searched,,,,,,,,,,Not yet verified,no,no,not_started,Candidate remains in frozen universe but scale/structure verification was not completed in this expansion pass.,Frozen candidate; verification pending,,,previous_160_frozen
EXP-086,2026-08-25T14:47:22-0700,2026-08-17,no,Reducetarian Foundation,Animal welfare and food systems,EA-adjacent,US,independent nonprofit,https://forum.effectivealtruism.org/topics/organizations-and-projects-in-effective-altruism,"Research, convening, and public education.",candidate_universe_frozen_before_new_pay,yes,,,,,,,,,,not_searched,,,,,,,,,,Not yet verified,no,no,not_started,Candidate remains in frozen universe but scale/structure verification was not completed in this expansion pass.,Frozen candidate; verification pending,,,previous_160_frozen
EXP-078,2026-08-25T14:47:22-0700,2026-08-17,no,Shrimp Welfare Project,Animal welfare and food systems,EA-adjacent,UK/international,independent charity/project,https://forum.effectivealtruism.org/topics/organizations-and-projects-in-effective-altruism,EA-aligned research and interventions; non-US.,candidate_universe_frozen_before_new_pay,yes,,,,,,,,,,not_searched,,,,,,,,,,Not yet verified,no,no,not_started,Candidate remains in frozen universe but scale/structure verification was not completed in this expansion pass.,Frozen candidate; verification pending,,,previous_160_frozen
EXP-043,2026-08-25T14:47:22-0700,2026-08-17,no,Sightsavers Inc.,"Global health, development, and evidence",EA-adjacent,US/international,international nonprofit affiliate,https://forum.effectivealtruism.org/topics/organizations-and-projects-in-effective-altruism,EA-recommended delivery organization; affiliate/entity complexity.,candidate_universe_frozen_before_new_pay,yes,,,,,,,,,,not_searched,,,,,,,,,,Not yet verified,no,no,not_started,Candidate remains in frozen universe but scale/structure verification was not completed in this expansion pass.,Frozen candidate; verification pending,,,previous_160_frozen
EXP-129,2026-08-25T14:47:22-0700,2026-08-17,no,Tech Policy Press,"AI, catastrophic risk, biosecurity, and technology policy",EA-adjacent,US,independent nonprofit,https://80000hours.org/topic/top-recommended-organisations/,Technology-policy journalism and research; likely below scale.,candidate_universe_frozen_before_new_pay,yes,,,,,,,,,,not_searched,,,,,,,,,,Not yet verified,no,no,not_started,Candidate remains in frozen universe but scale/structure verification was not completed in this expansion pass.,Frozen candidate; verification pending,,,previous_160_frozen
EXP-054,2026-08-25T14:47:22-0700,2026-08-17,no,Vital Strategies,"Global health, development, and evidence",EA-adjacent,US/international,independent nonprofit,https://forum.effectivealtruism.org/topics/organizations-and-projects-in-effective-altruism,"Public-health research, policy, and technical assistance; larger scale likely.",candidate_universe_frozen_before_new_pay,yes,,,,,,,,,,not_searched,,,,,,,,,,Not yet verified,no,no,not_started,Candidate remains in frozen universe but scale/structure verification was not completed in this expansion pass.,Frozen candidate; verification pending,,,previous_160_frozen
EXP-083,2026-08-25T14:47:22-0700,2026-08-17,no,Welfare Footprint Project,Animal welfare and food systems,EA-adjacent,international,nonprofit/project,https://forum.effectivealtruism.org/topics/organizations-and-projects-in-effective-altruism,Research and measurement; entity to verify.,candidate_universe_frozen_before_new_pay,yes,,,,,,,,,,not_searched,,,,,,,,,,Not yet verified,no,no,not_started,Candidate remains in frozen universe but scale/structure verification was not completed in this expansion pass.,Frozen candidate; verification pending,,,previous_160_frozen
EXT2-001,2026-08-25T16:07:55-0700,2026-08-17,no,Institute for Security and Technology,"AI, catastrophic risk, biosecurity, and technology policy",EA-adjacent,US,independent nonprofit,,,candidate_universe_frozen_before_new_pay,,,,,,,,,,,,,,,,,,,,,,,,,,,,,extension2_new
EXT2-002,2026-08-25T16:07:55-0700,2026-08-17,no,Information Technology and Innovation Foundation,"AI, catastrophic risk, biosecurity, and technology policy",EA-adjacent,US,independent nonprofit,,,candidate_universe_frozen_before_new_pay,,,,,,,,,,,,,,,,,,,,,,,,,,,,,extension2_new
EXT2-003,2026-08-25T16:07:55-0700,2026-08-17,no,Center for AI and Digital Policy,"AI, catastrophic risk, biosecurity, and technology policy",EA-adjacent,US/international,independent nonprofit,,,candidate_universe_frozen_before_new_pay,,,,,,,,,,,,,,,,,,,,,,,,,,,,,extension2_new
EXT2-004,2026-08-25T16:07:55-0700,2026-08-17,no,Responsible AI Collaborative,"AI, catastrophic risk, biosecurity, and technology policy",EA-adjacent,US/international,independent nonprofit,,,candidate_universe_frozen_before_new_pay,,,,,,,,,,,,,,,,,,,,,,,,,,,,,extension2_new
EXT2-005,2026-08-25T16:07:55-0700,2026-08-17,no,The Future Society,"AI, catastrophic risk, biosecurity, and technology policy",EA-adjacent,US/international,independent nonprofit,,,candidate_universe_frozen_before_new_pay,,,,,,,,,,,,,,,,,,,,,,,,,,,,,extension2_new
EXT2-006,2026-08-25T16:07:55-0700,2026-08-17,no,Center for a New American Security,"AI, catastrophic risk, biosecurity, and technology policy",EA-adjacent,US,independent nonprofit,,,candidate_universe_frozen_before_new_pay,,,,,,,,,,,,,,,,,,,,,,,,,,,,,extension2_new
EXT2-007,2026-08-25T16:07:55-0700,2026-08-17,no,Quincy Institute for Responsible Statecraft,"AI, catastrophic risk, biosecurity, and technology policy",EA-adjacent,US,independent nonprofit,,,candidate_universe_frozen_before_new_pay,,,,,,,,,,,,,,,,,,,,,,,,,,,,,extension2_new
EXT2-008,2026-08-25T16:07:55-0700,2026-08-17,no,Arms Control Association,"AI, catastrophic risk, biosecurity, and technology policy",EA-adjacent,US/international,independent nonprofit,,,candidate_universe_frozen_before_new_pay,,,,,,,,,,,,,,,,,,,,,,,,,,,,,extension2_new
EXT2-009,2026-08-25T16:07:55-0700,2026-08-17,no,Council for a Livable World Education Fund,"AI, catastrophic risk, biosecurity, and technology policy",EA-adjacent,US,independent nonprofit,,,candidate_universe_frozen_before_new_pay,,,,,,,,,,,,,,,,,,,,,,,,,,,,,extension2_new
EXT2-010,2026-08-25T16:07:55-0700,2026-08-17,no,Ploughshares Fund,"AI, catastrophic risk, biosecurity, and technology policy",EA-adjacent,US/international,public charity / grantmaker,,,candidate_universe_frozen_before_new_pay,,,,,,,,,,,,,,,,,,,,,,,,,,,,,extension2_new
EXT2-011,2026-08-25T16:07:55-0700,2026-08-17,no,Physicians for Social Responsibility,"AI, catastrophic risk, biosecurity, and technology policy",EA-adjacent,US,independent nonprofit,,,candidate_universe_frozen_before_new_pay,,,,,,,,,,,,,,,,,,,,,,,,,,,,,extension2_new
EXT2-012,2026-08-25T16:07:55-0700,2026-08-17,no,Global Security Institute,"AI, catastrophic risk, biosecurity, and technology policy",EA-adjacent,US/international,independent nonprofit,,,candidate_universe_frozen_before_new_pay,,,,,,,,,,,,,,,,,,,,,,,,,,,,,extension2_new
EXT2-013,2026-08-25T16:07:55-0700,2026-08-17,no,Nuclear Age Peace Foundation,"AI, catastrophic risk, biosecurity, and technology policy",EA-adjacent,US/international,independent nonprofit,,,candidate_universe_frozen_before_new_pay,,,,,,,,,,,,,,,,,,,,,,,,,,,,,extension2_new
EXT2-014,2026-08-25T16:07:55-0700,2026-08-17,no,Center for Internet Security,"AI, catastrophic risk, biosecurity, and technology policy",functional-only,US,independent nonprofit,,,candidate_universe_frozen_before_new_pay,,,,,,,,,,,,,,,,,,,,,,,,,,,,,extension2_new
EXT2-015,2026-08-25T16:07:55-0700,2026-08-17,no,Internet Security Research Group,"AI, catastrophic risk, biosecurity, and technology policy",EA-adjacent,US/international,independent nonprofit,,,candidate_universe_frozen_before_new_pay,,,,,,,,,,,,,,,,,,,,,,,,,,,,,extension2_new
EXT2-016,2026-08-25T16:07:55-0700,2026-08-17,no,Open Technology Fund,"AI, catastrophic risk, biosecurity, and technology policy",EA-adjacent,US/international,independent nonprofit,,,candidate_universe_frozen_before_new_pay,,,,,,,,,,,,,,,,,,,,,,,,,,,,,extension2_new
EXT2-017,2026-08-25T16:07:55-0700,2026-08-17,no,AI Education Project,"AI, catastrophic risk, biosecurity, and technology policy",EA-adjacent,US,independent nonprofit,,,candidate_universe_frozen_before_new_pay,,,,,,,,,,,,,,,,,,,,,,,,,,,,,extension2_new
EXT2-018,2026-08-25T16:07:55-0700,2026-08-17,no,All Tech Is Human,"AI, catastrophic risk, biosecurity, and technology policy",EA-adjacent,US/international,nonprofit/project,,,candidate_universe_frozen_before_new_pay,,,,,,,,,,,,,,,,,,,,,,,,,,,,,extension2_new
EXT2-019,2026-08-25T16:07:55-0700,2026-08-17,no,Institute for the Study of War,"AI, catastrophic risk, biosecurity, and technology policy",EA-adjacent,US/international,independent nonprofit,,,candidate_universe_frozen_before_new_pay,,,,,,,,,,,,,,,,,,,,,,,,,,,,,extension2_new
EXT2-020,2026-08-25T16:07:55-0700,2026-08-17,no,Center for Health Security at Johns Hopkins,"AI, catastrophic risk, biosecurity, and technology policy",EA-adjacent,US/international,university center,,,candidate_universe_frozen_before_new_pay,,,,,,,,,,,,,,,,,,,,,,,,,,,,,extension2_new
EXT2-021,2026-08-25T16:07:55-0700,2026-08-17,no,Horizon Institute for Public Service,"AI, catastrophic risk, biosecurity, and technology policy",EA-adjacent,US,independent nonprofit,,,candidate_universe_frozen_before_new_pay,,,,,,,,,,,,,,,,,,,,,,,,,,,,,extension2_new
EXT2-022,2026-08-25T16:07:55-0700,2026-08-17,no,Berkeley Existential Risk Initiative,"AI, catastrophic risk, biosecurity, and technology policy",EA-core,US,nonprofit or fiscally sponsored,,,candidate_universe_frozen_before_new_pay,,,,,,,,,,,,,,,,,,,,,,,,,,,,,extension2_new
EXT2-023,2026-08-25T16:07:55-0700,2026-08-17,no,Future Matters Project,"AI, catastrophic risk, biosecurity, and technology policy",EA-adjacent,US,nonprofit/project,,,candidate_universe_frozen_before_new_pay,,,,,,,,,,,,,,,,,,,,,,,,,,,,,extension2_new
EXT2-024,2026-08-25T16:07:55-0700,2026-08-17,no,Paragon Institute,"AI, catastrophic risk, biosecurity, and technology policy",EA-adjacent,US,independent nonprofit,,,candidate_universe_frozen_before_new_pay,,,,,,,,,,,,,,,,,,,,,,,,,,,,,extension2_new
EXT2-025,2026-08-25T16:07:55-0700,2026-08-17,no,Talos Network,"AI, catastrophic risk, biosecurity, and technology policy",EA-adjacent,US/international,nonprofit/project,,,candidate_universe_frozen_before_new_pay,,,,,,,,,,,,,,,,,,,,,,,,,,,,,extension2_new
EXT2-026,2026-08-25T16:07:55-0700,2026-08-17,no,Economic Policy Institute,"Research, evaluation, philanthropy infrastructure, and policy",functional-only,US,independent nonprofit,,,candidate_universe_frozen_before_new_pay,,,,,,,,,,,,,,,,,,,,,,,,,,,,,extension2_new
EXT2-027,2026-08-25T16:07:55-0700,2026-08-17,no,Tax Foundation,"Research, evaluation, philanthropy infrastructure, and policy",functional-only,US,independent nonprofit,,,candidate_universe_frozen_before_new_pay,,,,,,,,,,,,,,,,,,,,,,,,,,,,,extension2_new
EXT2-028,2026-08-25T16:07:55-0700,2026-08-17,no,Center for Economic and Policy Research,"Research, evaluation, philanthropy infrastructure, and policy",functional-only,US,independent nonprofit,,,candidate_universe_frozen_before_new_pay,,,,,,,,,,,,,,,,,,,,,,,,,,,,,extension2_new
EXT2-029,2026-08-25T16:07:55-0700,2026-08-17,no,Institute on Taxation and Economic Policy,"Research, evaluation, philanthropy infrastructure, and policy",functional-only,US,independent nonprofit,,,candidate_universe_frozen_before_new_pay,,,,,,,,,,,,,,,,,,,,,,,,,,,,,extension2_new
EXT2-030,2026-08-25T16:07:55-0700,2026-08-17,no,Roosevelt Institute,"Research, evaluation, philanthropy infrastructure, and policy",functional-only,US,independent nonprofit,,,candidate_universe_frozen_before_new_pay,,,,,,,,,,,,,,,,,,,,,,,,,,,,,extension2_new
EXT2-031,2026-08-25T16:07:55-0700,2026-08-17,no,Third Way Institute,"Research, evaluation, philanthropy infrastructure, and policy",functional-only,US,independent nonprofit,,,candidate_universe_frozen_before_new_pay,,,,,,,,,,,,,,,,,,,,,,,,,,,,,extension2_new
EXT2-032,2026-08-25T16:07:55-0700,2026-08-17,no,Demos,"Research, evaluation, philanthropy infrastructure, and policy",functional-only,US,independent nonprofit,,,candidate_universe_frozen_before_new_pay,,,,,,,,,,,,,,,,,,,,,,,,,,,,,extension2_new
EXT2-033,2026-08-25T16:07:55-0700,2026-08-17,no,Bipartisan Policy Center,"Research, evaluation, philanthropy infrastructure, and policy",functional-only,US,independent nonprofit,,,candidate_universe_frozen_before_new_pay,,,,,,,,,,,,,,,,,,,,,,,,,,,,,extension2_new
EXT2-034,2026-08-25T16:07:55-0700,2026-08-17,no,New America,"Research, evaluation, philanthropy infrastructure, and policy",functional-only,US,independent nonprofit,,,candidate_universe_frozen_before_new_pay,,,,,,,,,,,,,,,,,,,,,,,,,,,,,extension2_new
EXT2-035,2026-08-25T16:07:55-0700,2026-08-17,no,Public Religion Research Institute,"Research, evaluation, philanthropy infrastructure, and policy",functional-only,US,independent nonprofit,,,candidate_universe_frozen_before_new_pay,,,,,,,,,,,,,,,,,,,,,,,,,,,,,extension2_new
EXT2-036,2026-08-25T16:07:55-0700,2026-08-17,no,FrameWorks Institute,"Research, evaluation, philanthropy infrastructure, and policy",functional-only,US,independent nonprofit,,,candidate_universe_frozen_before_new_pay,,,,,,,,,,,,,,,,,,,,,,,,,,,,,extension2_new
EXT2-037,2026-08-25T16:07:55-0700,2026-08-17,no,Data Quality Campaign,"Research, evaluation, philanthropy infrastructure, and policy",functional-only,US,independent nonprofit,,,candidate_universe_frozen_before_new_pay,,,,,,,,,,,,,,,,,,,,,,,,,,,,,extension2_new
EXT2-038,2026-08-25T16:07:55-0700,2026-08-17,no,Public Agenda,"Research, evaluation, philanthropy infrastructure, and policy",functional-only,US,independent nonprofit,,,candidate_universe_frozen_before_new_pay,,,,,,,,,,,,,,,,,,,,,,,,,,,,,extension2_new
EXT2-039,2026-08-25T16:07:55-0700,2026-08-17,no,Center for Public Integrity,"Research, evaluation, philanthropy infrastructure, and policy",functional-only,US,independent nonprofit,,,candidate_universe_frozen_before_new_pay,,,,,,,,,,,,,,,,,,,,,,,,,,,,,extension2_new
EXT2-040,2026-08-25T16:07:55-0700,2026-08-17,no,National Employment Law Project,"Research, evaluation, philanthropy infrastructure, and policy",functional-only,US,independent nonprofit,,,candidate_universe_frozen_before_new_pay,,,,,,,,,,,,,,,,,,,,,,,,,,,,,extension2_new
EXT2-041,2026-08-25T16:07:55-0700,2026-08-17,no,Center for Responsible Lending,"Research, evaluation, philanthropy infrastructure, and policy",functional-only,US,independent nonprofit,,,candidate_universe_frozen_before_new_pay,,,,,,,,,,,,,,,,,,,,,,,,,,,,,extension2_new
EXT2-042,2026-08-25T16:07:55-0700,2026-08-17,no,Brennan Center for Justice,"Research, evaluation, philanthropy infrastructure, and policy",functional-only,US,university-affiliated nonprofit,,,candidate_universe_frozen_before_new_pay,,,,,,,,,,,,,,,,,,,,,,,,,,,,,extension2_new
EXT2-043,2026-08-25T16:07:55-0700,2026-08-17,no,Vera Institute of Justice,"Research, evaluation, philanthropy infrastructure, and policy",functional-only,US,independent nonprofit,,,candidate_universe_frozen_before_new_pay,,,,,,,,,,,,,,,,,,,,,,,,,,,,,extension2_new
EXT2-044,2026-08-25T16:07:55-0700,2026-08-17,no,The Sentencing Project,"Research, evaluation, philanthropy infrastructure, and policy",functional-only,US,independent nonprofit,,,candidate_universe_frozen_before_new_pay,,,,,,,,,,,,,,,,,,,,,,,,,,,,,extension2_new
EXT2-045,2026-08-25T16:07:55-0700,2026-08-17,no,Open Markets Institute,"Research, evaluation, philanthropy infrastructure, and policy",functional-only,US,independent nonprofit,,,candidate_universe_frozen_before_new_pay,,,,,,,,,,,,,,,,,,,,,,,,,,,,,extension2_new
EXT2-046,2026-08-25T16:07:55-0700,2026-08-17,no,Center for American Entrepreneurship,"Research, evaluation, philanthropy infrastructure, and policy",functional-only,US,independent nonprofit,,,candidate_universe_frozen_before_new_pay,,,,,,,,,,,,,,,,,,,,,,,,,,,,,extension2_new
EXT2-047,2026-08-25T16:07:55-0700,2026-08-17,no,Committee for a Responsible Federal Budget,"Research, evaluation, philanthropy infrastructure, and policy",functional-only,US,independent nonprofit,,,candidate_universe_frozen_before_new_pay,,,,,,,,,,,,,,,,,,,,,,,,,,,,,extension2_new
EXT2-048,2026-08-25T16:07:55-0700,2026-08-17,no,Institute for Policy Studies,"Research, evaluation, philanthropy infrastructure, and policy",functional-only,US,independent nonprofit,,,candidate_universe_frozen_before_new_pay,,,,,,,,,,,,,,,,,,,,,,,,,,,,,extension2_new
EXT2-049,2026-08-25T16:07:55-0700,2026-08-17,no,Center for Immigration Studies,"Research, evaluation, philanthropy infrastructure, and policy",functional-only,US,independent nonprofit,,,candidate_universe_frozen_before_new_pay,,,,,,,,,,,,,,,,,,,,,,,,,,,,,extension2_new
EXT2-050,2026-08-25T16:07:55-0700,2026-08-17,no,American Immigration Council,"Research, evaluation, philanthropy infrastructure, and policy",functional-only,US,independent nonprofit,,,candidate_universe_frozen_before_new_pay,,,,,,,,,,,,,,,,,,,,,,,,,,,,,extension2_new
EXT2-051,2026-08-25T16:07:55-0700,2026-08-17,no,National Bureau of Economic Research,"Research, evaluation, philanthropy infrastructure, and policy",functional-only,US,independent nonprofit,,,candidate_universe_frozen_before_new_pay,,,,,,,,,,,,,,,,,,,,,,,,,,,,,extension2_new
EXT2-052,2026-08-25T16:07:55-0700,2026-08-17,no,American Academy of Arts and Sciences,"Research, evaluation, philanthropy infrastructure, and policy",functional-only,US,independent nonprofit,,,candidate_universe_frozen_before_new_pay,,,,,,,,,,,,,,,,,,,,,,,,,,,,,extension2_new
EXT2-053,2026-08-25T16:07:55-0700,2026-08-17,no,Council on Foreign Relations,"Research, evaluation, philanthropy infrastructure, and policy",functional-only,US/international,independent nonprofit,,,candidate_universe_frozen_before_new_pay,,,,,,,,,,,,,,,,,,,,,,,,,,,,,extension2_new
EXT2-054,2026-08-25T16:07:55-0700,2026-08-17,no,Center for Strategic and International Studies,"Research, evaluation, philanthropy infrastructure, and policy",functional-only,US/international,independent nonprofit,,,candidate_universe_frozen_before_new_pay,,,,,,,,,,,,,,,,,,,,,,,,,,,,,extension2_new
EXT2-055,2026-08-25T16:07:55-0700,2026-08-17,no,Chicago Council on Global Affairs,"Research, evaluation, philanthropy infrastructure, and policy",functional-only,US/international,independent nonprofit,,,candidate_universe_frozen_before_new_pay,,,,,,,,,,,,,,,,,,,,,,,,,,,,,extension2_new
EXT2-056,2026-08-25T16:07:55-0700,2026-08-17,no,Council for a Strong America,"Research, evaluation, philanthropy infrastructure, and policy",functional-only,US,independent nonprofit,,,candidate_universe_frozen_before_new_pay,,,,,,,,,,,,,,,,,,,,,,,,,,,,,extension2_new
EXT2-057,2026-08-25T16:07:55-0700,2026-08-17,no,Institute for Justice,"Research, evaluation, philanthropy infrastructure, and policy",functional-only,US,independent nonprofit,,,candidate_universe_frozen_before_new_pay,,,,,,,,,,,,,,,,,,,,,,,,,,,,,extension2_new
EXT2-058,2026-08-25T16:07:55-0700,2026-08-17,no,Public Citizen Foundation,"Research, evaluation, philanthropy infrastructure, and policy",functional-only,US,independent nonprofit,,,candidate_universe_frozen_before_new_pay,,,,,,,,,,,,,,,,,,,,,,,,,,,,,extension2_new
EXT2-059,2026-08-25T16:07:55-0700,2026-08-17,no,Center for Science in the Public Interest,"Research, evaluation, philanthropy infrastructure, and policy",EA-adjacent,US,independent nonprofit,,,candidate_universe_frozen_before_new_pay,,,,,,,,,,,,,,,,,,,,,,,,,,,,,extension2_new
EXT2-060,2026-08-25T16:07:55-0700,2026-08-17,no,Population Council,"Global health, development, and evidence",EA-adjacent,US/international,independent nonprofit,,,candidate_universe_frozen_before_new_pay,,,,,,,,,,,,,,,,,,,,,,,,,,,,,extension2_new
EXT2-061,2026-08-25T16:07:55-0700,2026-08-17,no,International Center for Research on Women,"Global health, development, and evidence",EA-adjacent,US/international,independent nonprofit,,,candidate_universe_frozen_before_new_pay,,,,,,,,,,,,,,,,,,,,,,,,,,,,,extension2_new
EXT2-062,2026-08-25T16:07:55-0700,2026-08-17,no,Development Gateway,"Global health, development, and evidence",EA-adjacent,US/international,independent nonprofit,,,candidate_universe_frozen_before_new_pay,,,,,,,,,,,,,,,,,,,,,,,,,,,,,extension2_new
EXT2-063,2026-08-25T16:07:55-0700,2026-08-17,no,Social Finance,"Research, evaluation, philanthropy infrastructure, and policy",EA-adjacent,US,independent nonprofit,,,candidate_universe_frozen_before_new_pay,,,,,,,,,,,,,,,,,,,,,,,,,,,,,extension2_new
EXT2-064,2026-08-25T16:07:55-0700,2026-08-17,no,REDF,"Research, evaluation, philanthropy infrastructure, and policy",EA-adjacent,US,public charity / grantmaker,,,candidate_universe_frozen_before_new_pay,,,,,,,,,,,,,,,,,,,,,,,,,,,,,extension2_new
EXT2-065,2026-08-25T16:07:55-0700,2026-08-17,no,Acumen,"Global health, development, and evidence",EA-adjacent,US/international,independent nonprofit,,,candidate_universe_frozen_before_new_pay,,,,,,,,,,,,,,,,,,,,,,,,,,,,,extension2_new
EXT2-066,2026-08-25T16:07:55-0700,2026-08-17,no,Bridgespan Group,"Research, evaluation, philanthropy infrastructure, and policy",EA-adjacent,US/international,independent nonprofit,,,candidate_universe_frozen_before_new_pay,,,,,,,,,,,,,,,,,,,,,,,,,,,,,extension2_new
EXT2-067,2026-08-25T16:07:55-0700,2026-08-17,no,Nonprofit Finance Fund,"Research, evaluation, philanthropy infrastructure, and policy",functional-only,US,independent nonprofit,,,candidate_universe_frozen_before_new_pay,,,,,,,,,,,,,,,,,,,,,,,,,,,,,extension2_new
EXT2-068,2026-08-25T16:07:55-0700,2026-08-17,no,FSG,"Research, evaluation, philanthropy infrastructure, and policy",functional-only,US/international,independent nonprofit,,,candidate_universe_frozen_before_new_pay,,,,,,,,,,,,,,,,,,,,,,,,,,,,,extension2_new
EXT2-069,2026-08-25T16:07:55-0700,2026-08-17,no,National Center for Family Philanthropy,"Research, evaluation, philanthropy infrastructure, and policy",functional-only,US,independent nonprofit,,,candidate_universe_frozen_before_new_pay,,,,,,,,,,,,,,,,,,,,,,,,,,,,,extension2_new
EXT2-070,2026-08-25T16:07:55-0700,2026-08-17,no,Council on Foundations,"Research, evaluation, philanthropy infrastructure, and policy",functional-only,US,membership nonprofit,,,candidate_universe_frozen_before_new_pay,,,,,,,,,,,,,,,,,,,,,,,,,,,,,extension2_new
EXT2-071,2026-08-25T16:07:55-0700,2026-08-17,no,United Philanthropy Forum,"Research, evaluation, philanthropy infrastructure, and policy",functional-only,US,membership nonprofit,,,candidate_universe_frozen_before_new_pay,,,,,,,,,,,,,,,,,,,,,,,,,,,,,extension2_new
EXT2-072,2026-08-25T16:07:55-0700,2026-08-17,no,Rockefeller Philanthropy Advisors,"Research, evaluation, philanthropy infrastructure, and policy",EA-adjacent,US/international,public charity / fiscal sponsor,,,candidate_universe_frozen_before_new_pay,,,,,,,,,,,,,,,,,,,,,,,,,,,,,extension2_new
EXT2-073,2026-08-25T16:07:55-0700,2026-08-17,no,Grantmakers in Health,"Research, evaluation, philanthropy infrastructure, and policy",functional-only,US,membership nonprofit,,,candidate_universe_frozen_before_new_pay,,,,,,,,,,,,,,,,,,,,,,,,,,,,,extension2_new
EXT2-074,2026-08-25T16:07:55-0700,2026-08-17,no,Grantmakers in the Arts,"Research, evaluation, philanthropy infrastructure, and policy",functional-only,US,membership nonprofit,,,candidate_universe_frozen_before_new_pay,,,,,,,,,,,,,,,,,,,,,,,,,,,,,extension2_new
EXT2-075,2026-08-25T16:07:55-0700,2026-08-17,no,Funders Together to End Homelessness,"Research, evaluation, philanthropy infrastructure, and policy",functional-only,US,membership nonprofit,,,candidate_universe_frozen_before_new_pay,,,,,,,,,,,,,,,,,,,,,,,,,,,,,extension2_new
EXT2-076,2026-08-25T16:07:55-0700,2026-08-17,no,Philanthropy Roundtable,"Research, evaluation, philanthropy infrastructure, and policy",functional-only,US,independent nonprofit,,,candidate_universe_frozen_before_new_pay,,,,,,,,,,,,,,,,,,,,,,,,,,,,,extension2_new
EXT2-077,2026-08-25T16:07:55-0700,2026-08-17,no,BBB Wise Giving Alliance,"Research, evaluation, philanthropy infrastructure, and policy",functional-only,US,independent nonprofit,,,candidate_universe_frozen_before_new_pay,,,,,,,,,,,,,,,,,,,,,,,,,,,,,extension2_new
EXT2-078,2026-08-25T16:07:55-0700,2026-08-17,no,CharityWatch,"Research, evaluation, philanthropy infrastructure, and policy",functional-only,US,independent nonprofit,,,candidate_universe_frozen_before_new_pay,,,,,,,,,,,,,,,,,,,,,,,,,,,,,extension2_new
EXT2-079,2026-08-25T16:07:55-0700,2026-08-17,no,Institute for Nonprofit News,"Open science, research infrastructure, and knowledge dissemination",functional-only,US,membership nonprofit,,,candidate_universe_frozen_before_new_pay,,,,,,,,,,,,,,,,,,,,,,,,,,,,,extension2_new
EXT2-080,2026-08-25T16:07:55-0700,2026-08-17,no,ProPublica,"Open science, research infrastructure, and knowledge dissemination",functional-only,US,independent nonprofit,,,candidate_universe_frozen_before_new_pay,,,,,,,,,,,,,,,,,,,,,,,,,,,,,extension2_new
EXT2-081,2026-08-25T16:07:55-0700,2026-08-17,no,The Conversation US,"Open science, research infrastructure, and knowledge dissemination",functional-only,US,independent nonprofit,,,candidate_universe_frozen_before_new_pay,,,,,,,,,,,,,,,,,,,,,,,,,,,,,extension2_new
EXT2-082,2026-08-25T16:07:55-0700,2026-08-17,no,Center for Investigative Reporting,"Open science, research infrastructure, and knowledge dissemination",functional-only,US,independent nonprofit,,,candidate_universe_frozen_before_new_pay,,,,,,,,,,,,,,,,,,,,,,,,,,,,,extension2_new
EXT2-083,2026-08-25T16:07:55-0700,2026-08-17,no,News Revenue Hub,"Research, evaluation, philanthropy infrastructure, and policy",functional-only,US,independent nonprofit,,,candidate_universe_frozen_before_new_pay,,,,,,,,,,,,,,,,,,,,,,,,,,,,,extension2_new
EXT2-084,2026-08-25T16:07:55-0700,2026-08-17,no,GivingTuesday,EA infrastructure and effective giving,EA-adjacent,US/international,independent nonprofit,,,candidate_universe_frozen_before_new_pay,,,,,,,,,,,,,,,,,,,,,,,,,,,,,extension2_new
EXT2-085,2026-08-25T16:07:55-0700,2026-08-17,no,New Profit,"Research, evaluation, philanthropy infrastructure, and policy",EA-adjacent,US,public charity / grantmaker,,,candidate_universe_frozen_before_new_pay,,,,,,,,,,,,,,,,,,,,,,,,,,,,,extension2_new
EXT2-086,2026-08-25T16:07:55-0700,2026-08-17,no,Common Future,"Research, evaluation, philanthropy infrastructure, and policy",functional-only,US,independent nonprofit,,,candidate_universe_frozen_before_new_pay,,,,,,,,,,,,,,,,,,,,,,,,,,,,,extension2_new
EXT2-087,2026-08-25T16:07:55-0700,2026-08-17,no,Creative Commons,"Open science, research infrastructure, and knowledge dissemination",EA-adjacent,US/international,independent nonprofit,,,candidate_universe_frozen_before_new_pay,,,,,,,,,,,,,,,,,,,,,,,,,,,,,extension2_new
EXT2-088,2026-08-25T16:07:55-0700,2026-08-17,no,Crossref,"Open science, research infrastructure, and knowledge dissemination",EA-adjacent,US/international,membership nonprofit,,,candidate_universe_frozen_before_new_pay,,,,,,,,,,,,,,,,,,,,,,,,,,,,,extension2_new
EXT2-089,2026-08-25T16:07:55-0700,2026-08-17,no,Internet Society Foundation,"Open science, research infrastructure, and knowledge dissemination",EA-adjacent,US/international,public charity / grantmaker,,,candidate_universe_frozen_before_new_pay,,,,,,,,,,,,,,,,,,,,,,,,,,,,,extension2_new
EXT2-090,2026-08-25T16:07:55-0700,2026-08-17,no,Wikimedia Foundation,"Open science, research infrastructure, and knowledge dissemination",EA-adjacent,US/international,independent nonprofit,,,candidate_universe_frozen_before_new_pay,,,,,,,,,,,,,,,,,,,,,,,,,,,,,extension2_new
EXT2-091,2026-08-25T16:07:55-0700,2026-08-17,no,The Markup,"Open science, research infrastructure, and knowledge dissemination",EA-adjacent,US,independent nonprofit,,,candidate_universe_frozen_before_new_pay,,,,,,,,,,,,,,,,,,,,,,,,,,,,,extension2_new
EXT2-092,2026-08-25T16:07:55-0700,2026-08-17,no,Center for Tech and Civic Life,"Open science, research infrastructure, and knowledge dissemination",EA-adjacent,US,independent nonprofit,,,candidate_universe_frozen_before_new_pay,,,,,,,,,,,,,,,,,,,,,,,,,,,,,extension2_new
EXT2-093,2026-08-25T16:07:55-0700,2026-08-17,no,American Institute of Biological Sciences,"Open science, research infrastructure, and knowledge dissemination",functional-only,US,membership nonprofit,,,candidate_universe_frozen_before_new_pay,,,,,,,,,,,,,,,,,,,,,,,,,,,,,extension2_new
EXT2-094,2026-08-25T16:07:55-0700,2026-08-17,no,National Center for Science Education,"Open science, research infrastructure, and knowledge dissemination",functional-only,US,independent nonprofit,,,candidate_universe_frozen_before_new_pay,,,,,,,,,,,,,,,,,,,,,,,,,,,,,extension2_new
EXT2-095,2026-08-25T16:07:55-0700,2026-08-17,no,Research Data Alliance US,"Open science, research infrastructure, and knowledge dissemination",functional-only,US/international,nonprofit/project,,,candidate_universe_frozen_before_new_pay,,,,,,,,,,,,,,,,,,,,,,,,,,,,,extension2_new
EXT2-096,2026-08-25T16:07:55-0700,2026-08-17,no,OurResearch,"Open science, research infrastructure, and knowledge dissemination",EA-adjacent,US/international,independent nonprofit,,,candidate_universe_frozen_before_new_pay,,,,,,,,,,,,,,,,,,,,,,,,,,,,,extension2_new
EXT2-097,2026-08-25T16:07:55-0700,2026-08-17,no,Dryad,"Open science, research infrastructure, and knowledge dissemination",EA-adjacent,US/international,membership nonprofit,,,candidate_universe_frozen_before_new_pay,,,,,,,,,,,,,,,,,,,,,,,,,,,,,extension2_new
EXT2-098,2026-08-25T16:07:55-0700,2026-08-17,no,Society for Science,"Open science, research infrastructure, and knowledge dissemination",functional-only,US/international,independent nonprofit,,,candidate_universe_frozen_before_new_pay,,,,,,,,,,,,,,,,,,,,,,,,,,,,,extension2_new
EXT2-099,2026-08-25T16:07:55-0700,2026-08-17,no,Climate Central,"Climate, environment, and evidence",EA-adjacent,US,independent nonprofit,,,candidate_universe_frozen_before_new_pay,,,,,,,,,,,,,,,,,,,,,,,,,,,,,extension2_new
EXT2-100,2026-08-25T16:07:55-0700,2026-08-17,no,Breakthrough Institute,"Climate, environment, and evidence",EA-adjacent,US,independent nonprofit,,,candidate_universe_frozen_before_new_pay,,,,,,,,,,,,,,,,,,,,,,,,,,,,,extension2_new
EXT2-101,2026-08-25T16:07:55-0700,2026-08-17,no,Carbon180,"Climate, environment, and evidence",EA-adjacent,US,independent nonprofit,,,candidate_universe_frozen_before_new_pay,,,,,,,,,,,,,,,,,,,,,,,,,,,,,extension2_new
EXT2-102,2026-08-25T16:07:55-0700,2026-08-17,no,Center for Climate and Energy Solutions,"Climate, environment, and evidence",EA-adjacent,US,independent nonprofit,,,candidate_universe_frozen_before_new_pay,,,,,,,,,,,,,,,,,,,,,,,,,,,,,extension2_new
EXT2-103,2026-08-25T16:07:55-0700,2026-08-17,no,Clean Air Task Force,"Climate, environment, and evidence",EA-adjacent,US/international,independent nonprofit,,,candidate_universe_frozen_before_new_pay,,,,,,,,,,,,,,,,,,,,,,,,,,,,,extension2_new
EXT2-104,2026-08-25T16:07:55-0700,2026-08-17,no,Union of Concerned Scientists,"Climate, environment, and evidence",EA-adjacent,US,independent nonprofit,,,candidate_universe_frozen_before_new_pay,,,,,,,,,,,,,,,,,,,,,,,,,,,,,extension2_new
EXT2-105,2026-08-25T16:07:55-0700,2026-08-17,no,Rocky Mountain Institute,"Climate, environment, and evidence",EA-adjacent,US/international,independent nonprofit,,,candidate_universe_frozen_before_new_pay,,,,,,,,,,,,,,,,,,,,,,,,,,,,,extension2_new
EXT2-106,2026-08-25T16:07:55-0700,2026-08-17,no,Climate Policy Initiative,"Climate, environment, and evidence",EA-adjacent,US/international,independent nonprofit,,,candidate_universe_frozen_before_new_pay,,,,,,,,,,,,,,,,,,,,,,,,,,,,,extension2_new
EXT2-107,2026-08-25T16:07:55-0700,2026-08-17,no,Climate Leadership Council,"Climate, environment, and evidence",functional-only,US,independent nonprofit,,,candidate_universe_frozen_before_new_pay,,,,,,,,,,,,,,,,,,,,,,,,,,,,,extension2_new
EXT2-108,2026-08-25T16:07:55-0700,2026-08-17,no,The Climate Reality Project,"Climate, environment, and evidence",functional-only,US/international,independent nonprofit,,,candidate_universe_frozen_before_new_pay,,,,,,,,,,,,,,,,,,,,,,,,,,,,,extension2_new
EXT2-109,2026-08-25T16:07:55-0700,2026-08-17,no,Environmental Law Institute,"Climate, environment, and evidence",functional-only,US/international,independent nonprofit,,,candidate_universe_frozen_before_new_pay,,,,,,,,,,,,,,,,,,,,,,,,,,,,,extension2_new
EXT2-110,2026-08-25T16:07:55-0700,2026-08-17,no,Environmental and Energy Study Institute,"Climate, environment, and evidence",functional-only,US,independent nonprofit,,,candidate_universe_frozen_before_new_pay,,,,,,,,,,,,,,,,,,,,,,,,,,,,,extension2_new
EXT2-111,2026-08-25T16:07:55-0700,2026-08-17,no,Institute for Energy Economics and Financial Analysis,"Climate, environment, and evidence",EA-adjacent,US/international,independent nonprofit,,,candidate_universe_frozen_before_new_pay,,,,,,,,,,,,,,,,,,,,,,,,,,,,,extension2_new
EXT2-112,2026-08-25T16:07:55-0700,2026-08-17,no,Sightline Institute,"Climate, environment, and evidence",functional-only,US,independent nonprofit,,,candidate_universe_frozen_before_new_pay,,,,,,,,,,,,,,,,,,,,,,,,,,,,,extension2_new
EXT2-113,2026-08-25T16:07:55-0700,2026-08-17,no,Resources Legacy Fund,"Climate, environment, and evidence",functional-only,US,public charity / grantmaker,,,candidate_universe_frozen_before_new_pay,,,,,,,,,,,,,,,,,,,,,,,,,,,,,extension2_new
EXT2-114,2026-08-25T16:07:55-0700,2026-08-17,no,ClimateWorks Foundation,"Climate, environment, and evidence",EA-adjacent,US/international,public charity / grantmaker,,,candidate_universe_frozen_before_new_pay,,,,,,,,,,,,,,,,,,,,,,,,,,,,,extension2_new
EXT2-115,2026-08-25T16:07:55-0700,2026-08-17,no,Project Healthy Children,"Global health, development, and evidence",EA-adjacent,US/international,independent nonprofit,,,candidate_universe_frozen_before_new_pay,,,,,,,,,,,,,,,,,,,,,,,,,,,,,extension2_new
EXT2-116,2026-08-25T16:07:55-0700,2026-08-17,no,Health Builders,"Global health, development, and evidence",EA-adjacent,US/international,independent nonprofit,,,candidate_universe_frozen_before_new_pay,,,,,,,,,,,,,,,,,,,,,,,,,,,,,extension2_new
EXT2-117,2026-08-25T16:07:55-0700,2026-08-17,no,Muso,"Global health, development, and evidence",EA-adjacent,US/international,independent nonprofit,,,candidate_universe_frozen_before_new_pay,,,,,,,,,,,,,,,,,,,,,,,,,,,,,extension2_new
EXT2-118,2026-08-25T16:07:55-0700,2026-08-17,no,Medic,"Global health, development, and evidence",EA-adjacent,US/international,independent nonprofit,,,candidate_universe_frozen_before_new_pay,,,,,,,,,,,,,,,,,,,,,,,,,,,,,extension2_new
EXT2-119,2026-08-25T16:07:55-0700,2026-08-17,no,International Initiative for Impact Evaluation,"Global health, development, and evidence",EA-adjacent,US/international,international nonprofit,,,candidate_universe_frozen_before_new_pay,,,,,,,,,,,,,,,,,,,,,,,,,,,,,extension2_new
EXT2-120,2026-08-25T16:07:55-0700,2026-08-17,no,Center for Global Health Innovation,"Global health, development, and evidence",functional-only,US/international,membership nonprofit,,,candidate_universe_frozen_before_new_pay,,,,,,,,,,,,,,,,,,,,,,,,,,,,,extension2_new
EXT2-121,2026-08-25T16:07:55-0700,2026-08-17,no,JSI Research & Training Institute,"Global health, development, and evidence",functional-only,US/international,independent nonprofit,,,candidate_universe_frozen_before_new_pay,,,,,,,,,,,,,,,,,,,,,,,,,,,,,extension2_new
EXT2-122,2026-08-25T16:07:55-0700,2026-08-17,no,Management Sciences for Health,"Global health, development, and evidence",EA-adjacent,US/international,independent nonprofit,,,candidate_universe_frozen_before_new_pay,,,,,,,,,,,,,,,,,,,,,,,,,,,,,extension2_new
EXT2-123,2026-08-25T16:07:55-0700,2026-08-17,no,EngenderHealth,"Global health, development, and evidence",EA-adjacent,US/international,independent nonprofit,,,candidate_universe_frozen_before_new_pay,,,,,,,,,,,,,,,,,,,,,,,,,,,,,extension2_new
EXT2-124,2026-08-25T16:07:55-0700,2026-08-17,no,PATH,"Global health, development, and evidence",EA-adjacent,US/international,independent nonprofit,,,candidate_universe_frozen_before_new_pay,,,,,,,,,,,,,,,,,,,,,,,,,,,,,extension2_new
EXT2-125,2026-08-25T16:07:55-0700,2026-08-17,no,Clinton Health Access Initiative,"Global health, development, and evidence",EA-adjacent,US/international,independent nonprofit,,,candidate_universe_frozen_before_new_pay,,,,,,,,,,,,,,,,,,,,,,,,,,,,,extension2_new
EXT2-126,2026-08-25T16:07:55-0700,2026-08-17,no,Population Services International,"Global health, development, and evidence",EA-adjacent,US/international,independent nonprofit,,,candidate_universe_frozen_before_new_pay,,,,,,,,,,,,,,,,,,,,,,,,,,,,,extension2_new
EXT2-127,2026-08-25T16:07:55-0700,2026-08-17,no,Root Capital,"Global health, development, and evidence",EA-adjacent,US/international,independent nonprofit,,,candidate_universe_frozen_before_new_pay,,,,,,,,,,,,,,,,,,,,,,,,,,,,,extension2_new
EXT2-128,2026-08-25T16:07:55-0700,2026-08-17,no,TechnoServe,"Global health, development, and evidence",EA-adjacent,US/international,independent nonprofit,,,candidate_universe_frozen_before_new_pay,,,,,,,,,,,,,,,,,,,,,,,,,,,,,extension2_new
EXT2-129,2026-08-25T16:07:55-0700,2026-08-17,no,Kiva,"Global health, development, and evidence",EA-adjacent,US/international,independent nonprofit,,,candidate_universe_frozen_before_new_pay,,,,,,,,,,,,,,,,,,,,,,,,,,,,,extension2_new
EXT2-130,2026-08-25T16:07:55-0700,2026-08-17,no,Sentient Media,Animal welfare and food systems,EA-adjacent,US/international,independent nonprofit,,,candidate_universe_frozen_before_new_pay,,,,,,,,,,,,,,,,,,,,,,,,,,,,,extension2_new
EXT2-131,2026-08-25T16:07:55-0700,2026-08-17,no,In Defense of Animals,Animal welfare and food systems,EA-adjacent,US/international,independent nonprofit,,,candidate_universe_frozen_before_new_pay,,,,,,,,,,,,,,,,,,,,,,,,,,,,,extension2_new
EXT2-132,2026-08-25T16:07:55-0700,2026-08-17,no,Animal Place,Animal welfare and food systems,EA-adjacent,US,independent nonprofit,,,candidate_universe_frozen_before_new_pay,,,,,,,,,,,,,,,,,,,,,,,,,,,,,extension2_new
EXT2-133,2026-08-25T16:07:55-0700,2026-08-17,no,Woodstock Farm Sanctuary,Animal welfare and food systems,EA-adjacent,US,independent nonprofit,,,candidate_universe_frozen_before_new_pay,,,,,,,,,,,,,,,,,,,,,,,,,,,,,extension2_new
EXT2-134,2026-08-25T16:07:55-0700,2026-08-17,no,A Greener World,Animal welfare and food systems,EA-adjacent,US/international,independent nonprofit,,,candidate_universe_frozen_before_new_pay,,,,,,,,,,,,,,,,,,,,,,,,,,,,,extension2_new
EXT2-135,2026-08-25T16:07:55-0700,2026-08-17,no,Food Animal Concerns Trust,Animal welfare and food systems,EA-adjacent,US,independent nonprofit,,,candidate_universe_frozen_before_new_pay,,,,,,,,,,,,,,,,,,,,,,,,,,,,,extension2_new
EXT2-136,2026-08-25T16:07:55-0700,2026-08-17,no,Center for a Humane Economy,Animal welfare and food systems,EA-adjacent,US,independent nonprofit,,,candidate_universe_frozen_before_new_pay,,,,,,,,,,,,,,,,,,,,,,,,,,,,,extension2_new
EXT2-137,2026-08-25T16:07:55-0700,2026-08-17,no,A Well-Fed World,Animal welfare and food systems,EA-adjacent,US/international,public charity / grantmaker,,,candidate_universe_frozen_before_new_pay,,,,,,,,,,,,,,,,,,,,,,,,,,,,,extension2_new
EXT2-138,2026-08-25T16:07:55-0700,2026-08-17,no,American Anti-Vivisection Society,Animal welfare and food systems,EA-adjacent,US,independent nonprofit,,,candidate_universe_frozen_before_new_pay,,,,,,,,,,,,,,,,,,,,,,,,,,,,,extension2_new
EXT2-139,2026-08-25T16:07:55-0700,2026-08-17,no,National Anti-Vivisection Society,Animal welfare and food systems,EA-adjacent,US,independent nonprofit,,,candidate_universe_frozen_before_new_pay,,,,,,,,,,,,,,,,,,,,,,,,,,,,,extension2_new
EXT2-140,2026-08-25T16:07:55-0700,2026-08-17,no,Humane Farming Association,Animal welfare and food systems,EA-adjacent,US,independent nonprofit,,,candidate_universe_frozen_before_new_pay,,,,,,,,,,,,,,,,,,,,,,,,,,,,,extension2_new
EXT2-141,2026-08-25T16:07:55-0700,2026-08-17,no,Vegetarian Resource Group,Animal welfare and food systems,EA-adjacent,US,independent nonprofit,,,candidate_universe_frozen_before_new_pay,,,,,,,,,,,,,,,,,,,,,,,,,,,,,extension2_new
EXT2-142,2026-08-25T16:07:55-0700,2026-08-17,no,Vegan Action,Animal welfare and food systems,EA-adjacent,US,independent nonprofit,,,candidate_universe_frozen_before_new_pay,,,,,,,,,,,,,,,,,,,,,,,,,,,,,extension2_new
EXT2-143,2026-08-25T16:07:55-0700,2026-08-17,no,Material Innovation Initiative,Animal welfare and food systems,EA-adjacent,US/international,independent nonprofit,,,candidate_universe_frozen_before_new_pay,,,,,,,,,,,,,,,,,,,,,,,,,,,,,extension2_new
EXT2-144,2026-08-25T16:07:55-0700,2026-08-17,no,Four Paws USA,Animal welfare and food systems,EA-adjacent,US/international,international nonprofit affiliate,,,candidate_universe_frozen_before_new_pay,,,,,,,,,,,,,,,,,,,,,,,,,,,,,extension2_new
EXT2-145,2026-08-25T16:07:55-0700,2026-08-17,no,The Pollination Project,Animal welfare and food systems,EA-adjacent,US/international,public charity / grantmaker,,,candidate_universe_frozen_before_new_pay,,,,,,,,,,,,,,,,,,,,,,,,,,,,,extension2_new
