source_id,organization,evidence_stream,required_for_source_complete_release,canonical_url,expected_source_native_path,current_status,current_source_native_path,source_native_present,source_native_byte_length,source_native_sha256,derivative_snapshot_path,derivative_snapshot_present,derivative_snapshot_byte_length,derivative_snapshot_sha256,source_complete_for_record,audit_note
SRC-AD-CHAPA-ROR-EXCL,Reach Out and Read (regional executive role),documented_search_record,yes,,sources/raw/src-ad-reach-out-and-read-excluded.txt,present_verified_local,sources/raw/src-ad-reach-out-and-read-excluded.txt,True,1227,2edb9bee70c0b3a0aeee65db26ff37b87f52d5a4bb826b387dd587cd15f925a0,sources/raw/src-ad-reach-out-and-read-excluded.txt,True,1227,2edb9bee70c0b3a0aeee65db26ff37b87f52d5a4bb826b387dd587cd15f925a0,True,verified frozen local input
SRC-990-EXT3-ALLIANCE-FOR-HEALTH-POLICY,Alliance for Health Policy,form990,yes,https://apps.irs.gov/pub/epostcard/990/xml/2025/202531619349300118_public.xml,sources/native/form990/202531619349300118_public.xml,validation_failed,sources/native/form990/202531619349300118_public.xml,True,46392,1178ca3ef06a7e7cf441994e3e08420198f03b2b20e526bd6601ed4708bbfe95,sources/raw/src-990-ext3-alliance-for-health-policy.txt,True,2082,be9b1f5f2d68c165ce3cc0a1dd11708c647396b7f5e5cca514f0a1f37fabde66,False,source-native artifact present; expected-data validation issue
SRC-990-EXT-AMERICAN-IMMIGRATION-COUNCIL,American Immigration Council,form990,yes,https://apps.irs.gov/pub/epostcard/990/xml/2025/202542979349301509_public.xml,sources/native/form990/202542979349301509_public.xml,validation_failed,sources/native/form990/202542979349301509_public.xml,True,93468,a6ebfcdd5d2b9a12bfbe5b6e3da5de9aafac613752dd0d9f5f34868ebc6c966e,sources/raw/src-990-ext-american-immigration-council.txt,True,1872,5387e8f477a7cfcb2111cf39efc0b59395179f28947a6609f187da24d5178c38,False,source-native artifact present; expected-data validation issue
SRC-990-EXT3-AMERICAN-SECURITY-PROJECT,American Security Project,form990,yes,https://apps.irs.gov/pub/epostcard/990/xml/2025/202542279349301744_public.xml,sources/native/form990/202542279349301744_public.xml,validation_failed,sources/native/form990/202542279349301744_public.xml,True,49390,0dfe90e9202f05e8c6679f8b6725de58a76d123304d273c96a17b4ceacd76ebb,sources/raw/src-990-ext3-american-security-project.txt,True,2051,976576fc53d0f0bba2970582abf86093d745f61eddfa5e18ba1091a2483b4d26,False,source-native artifact present; expected-data validation issue
SRC-990-EXT-ANIMAL-EQUALITY,Animal Equality,form990,yes,https://apps.irs.gov/pub/epostcard/990/xml/2025/202533009349301263_public.xml,sources/native/form990/202533009349301263_public.xml,present_verified_source_native,sources/native/form990/202533009349301263_public.xml,True,61598,5b5731027b05cf0734c7ed2f1cf558883128c0fca9400dd5c2639d197a0506ae,sources/raw/src-990-ext-animal-equality.txt,True,1951,a830d0ef467b2b6609f864fe2bd9acb1928d820f7441c49f1f090ca0ce3b7866,True,verified source-native artifact
SRC-990-EXT-ANIMAL-LEGAL-DEFENSE-FUND,Animal Legal Defense Fund,form990,yes,https://apps.irs.gov/pub/epostcard/990/xml/2026/202631249349301878_public.xml,sources/native/form990/202631249349301878_public.xml,validation_failed,sources/native/form990/202631249349301878_public.xml,True,94463,1d3ee44f47b328b4e6cb86c3b092867195a3fbe950d8b69a67e5c1bd2d8caf05,sources/raw/src-990-ext-animal-legal-defense-fund.txt,True,1858,910304fe03a1375d360e13c5b39a9f285cbfea322761c1b963809aaee56d28a7,False,source-native artifact present; expected-data validation issue
SRC-990-EXT-ANIMAL-WELFARE-INSTITUTE,Animal Welfare Institute,form990,yes,https://apps.irs.gov/pub/epostcard/990/xml/2025/202543189349305814_public.xml,sources/native/form990/202543189349305814_public.xml,validation_failed,sources/native/form990/202543189349305814_public.xml,True,89344,3e4b6f83680e006d2ff01d3ab9f62d48398fed1742a6afa9d45e9834e0b7c48b,sources/raw/src-990-ext-animal-welfare-institute.txt,True,1706,6254433dcaa32668d55e97e0cbe5916cb680464a44b42650d2f6fb667102e33e,False,source-native artifact present; expected-data validation issue
SRC-990-EXT-ARMS-CONTROL-ASSOCIATION,Arms Control Association,form990,yes,https://apps.irs.gov/pub/epostcard/990/xml/2026/202621349349307892_public.xml,sources/native/form990/202621349349307892_public.xml,validation_failed,sources/native/form990/202621349349307892_public.xml,True,42951,b59c83e976c96fa6f1116fa74743df85707991fafaa1524354c6a70858e40cad,sources/raw/src-990-ext-arms-control-association.txt,True,1925,0d14b79d3f228fcd634d9d2962698a9ea9f183c1a7270c4232686d69b14ff122,False,source-native artifact present; expected-data validation issue
SRC-990-EXT-BETTER-FOOD-FOUNDATION,Better Food Foundation,form990,yes,https://apps.irs.gov/pub/epostcard/990/xml/2025/202533169349305288_public.xml,sources/native/form990/202533169349305288_public.xml,present_verified_source_native,sources/native/form990/202533169349305288_public.xml,True,37471,16f3789da5cc3e54e73f39e34d5b458163171d3cff5f9abb21a06db61893afd7,sources/raw/src-990-ext-better-food-foundation.txt,True,1932,3a8c375a9607bd3d8db4149772f73d116b34210326c0788bcd0dab74476d4702,True,verified source-native artifact
SRC-990-EXT-BIPARTISAN-POLICY-CENTER,Bipartisan Policy Center,form990,yes,https://apps.irs.gov/pub/epostcard/990/xml/2025/202513109349302561_public.xml,sources/native/form990/202513109349302561_public.xml,validation_failed,sources/native/form990/202513109349302561_public.xml,True,97997,fc506022f88419fecc204fc8e6ef965ddee026729dcbab5cf980d048a933229a,sources/raw/src-990-ext-bipartisan-policy-center.txt,True,1923,e6e1e44c08193c111ce089061fde85a8ed3337394a3114c55750c36a8990f50c,False,source-native artifact present; expected-data validation issue
SRC-990-EXT-BREAKTHROUGH-INSTITUTE,Breakthrough Institute,form990,yes,https://apps.irs.gov/pub/epostcard/990/xml/2026/202631469349301333_public.xml,sources/native/form990/202631469349301333_public.xml,validation_failed,sources/native/form990/202631469349301333_public.xml,True,56316,b04d7b13c2ea29166f37d846b8bd8b84cc08955ffea3a66a2d14401a32608e3f,sources/raw/src-990-ext-breakthrough-institute.txt,True,1813,65986b048a49349b06b4c79dd5be6c5fe4aaba8ea9513ba44f36ae8001b19519,False,source-native artifact present; expected-data validation issue
SRC-990-EXT-BRENNAN-CENTER-FOR-JUSTICE,Brennan Center for Justice,form990,yes,https://apps.irs.gov/pub/epostcard/990/xml/2026/202621289349303897_public.xml,sources/native/form990/202621289349303897_public.xml,validation_failed,sources/native/form990/202621289349303897_public.xml,True,85538,2be14762c33a13ea9f951534ad8fe8652c097fbd8520fc7e740cf6f4834ba0f0,sources/raw/src-990-ext-brennan-center-for-justice.txt,True,2012,b6a559d40b59468f3983de4600b0184262a3dd8a75de8f87d76bce93fe56ccb4,False,source-native artifact present; expected-data validation issue
SRC-990-EXT-BULLETIN-OF-THE-ATOMIC-SCIENTISTS,Bulletin of the Atomic Scientists,form990,yes,https://apps.irs.gov/pub/epostcard/990/xml/2026/202610149349301801_public.xml,sources/native/form990/202610149349301801_public.xml,validation_failed,sources/native/form990/202610149349301801_public.xml,True,45489,68ef8a5e62fabf74effe8963301181227ed8152f3ede45280847635882c82989,sources/raw/src-990-ext-bulletin-of-the-atomic-scientists.txt,True,1842,c0815695b3b0822d1cfca9f5cde6a5eae58eeccaf11893e4a102b6ef66d167ca,False,source-native artifact present; expected-data validation issue
SRC-990-EXT3-CARBON-MAPPER,Carbon Mapper,form990,yes,https://apps.irs.gov/pub/epostcard/990/xml/2026/202630139349300833_public.xml,sources/native/form990/202630139349300833_public.xml,validation_failed,sources/native/form990/202630139349300833_public.xml,True,54387,117c39d079b845f7cd1c1e956ebba15510cd2886b911c32854ef9a120630f8bb,sources/raw/src-990-ext3-carbon-mapper.txt,True,2073,31a5d613e9da174e19d3f5ce851ec64a86d1ea7ac5bda861d5b54656f0c50fd5,False,source-native artifact present; expected-data validation issue
SRC-990-EXT-CENTER-FOR-AI-SAFETY,Center for AI Safety,form990,yes,https://apps.irs.gov/pub/epostcard/990/xml/2025/202503219349323615_public.xml,sources/native/form990/202503219349323615_public.xml,validation_failed,sources/native/form990/202503219349323615_public.xml,True,51241,ade9e023932ea03e5382186c1ef395ce8af76387d4a43466172c7593e374e02a,sources/raw/src-990-ext-center-for-ai-safety.txt,True,1762,fa84c53828a46df2b033c2885b53e7c3e634a5c471f7ec5f5e1226f9fa172941,False,source-native artifact present; expected-data validation issue
SRC-990-EXT-CENTER-FOR-AI-AND-DIGITAL-POLICY,Center for AI and Digital Policy,form990,yes,https://apps.irs.gov/pub/epostcard/990/xml/2026/202631359349302858_public.xml,sources/native/form990/202631359349302858_public.xml,present_verified_source_native,sources/native/form990/202631359349302858_public.xml,True,33760,2fa9f76643570e03c06ba6d13e42bdc80c5a37b403928c02c7c65aaa40930da2,sources/raw/src-990-ext-center-for-ai-and-digital-policy.txt,True,1942,c12c083eb469bdde2cd72a19120ed363c43cb81c65080e910069ab72c8889a6c,True,verified source-native artifact
SRC-990-EXT3-CENTER-FOR-ARMS-CONTROL-AND-NON-PROLIFERATION,Center for Arms Control and Non-Proliferation,form990,yes,https://apps.irs.gov/pub/epostcard/990/xml/2025/202523179349304722_public.xml,sources/native/form990/202523179349304722_public.xml,validation_failed,sources/native/form990/202523179349304722_public.xml,True,42359,1611e90ccf79968a3e878546c1aa7e8825b07c49dfbf0e0c2a21ab37fdfba41a,sources/raw/src-990-ext3-center-for-arms-control-and-non-proliferation.txt,True,2074,74c8e8d9eb8ad4b859e4dea2e6dd485ca8de164919bb3c43227940e85a4d5bcf,False,source-native artifact present; expected-data validation issue
SRC-990-EXT-CENTER-FOR-CLIMATE-AND-ENERGY-SOLUTIONS,Center for Climate and Energy Solutions,form990,yes,https://apps.irs.gov/pub/epostcard/990/xml/2026/202631619349300808_public.xml,sources/native/form990/202631619349300808_public.xml,validation_failed,sources/native/form990/202631619349300808_public.xml,True,80668,30691fa1f764fa394486ad560dd64e0abec401b4382fb5b20666a125627fe832,sources/raw/src-990-ext-center-for-climate-and-energy-solutions.txt,True,1919,21ae8f895d8b19302da029fc73bfc7f848440daeed3ec05d61855349121e58ad,False,source-native artifact present; expected-data validation issue
SRC-990-EXT-CENTER-FOR-DEMOCRACY-TECHNOLOGY,Center for Democracy & Technology,form990,yes,https://apps.irs.gov/pub/epostcard/990/xml/2025/202533219349301933_public.xml,sources/native/form990/202533219349301933_public.xml,validation_failed,sources/native/form990/202533219349301933_public.xml,True,71382,d6e924a0f13486174e1b5baa6f0a5aaff53a98b681155a2eb41f852f651f7089,sources/raw/src-990-ext-center-for-democracy-technology.txt,True,1904,2fe71e392ef24178aaa986d1517cffc54e97ca9e74c5a6422b87c9bc4738ca64,False,source-native artifact present; expected-data validation issue
SRC-990-EXT-CENTER-FOR-ECONOMIC-AND-POLICY-RESEARCH,Center for Economic and Policy Research,form990,yes,https://apps.irs.gov/pub/epostcard/990/xml/2025/202543169349304999_public.xml,sources/native/form990/202543169349304999_public.xml,validation_failed,sources/native/form990/202543169349304999_public.xml,True,50434,c7076c3f755b19b1cec09682ae1c8704aaaf37771c6ecdcce13e1d7180190484,sources/raw/src-990-ext-center-for-economic-and-policy-research.txt,True,1971,df62484b910589cb7640a99a843017b1cd037737839202dbe8dde2c5eb26aab4,False,source-native artifact present; expected-data validation issue
SRC-990-EXT-CENTER-FOR-EFFECTIVE-PHILANTHROPY,Center for Effective Philanthropy,form990,yes,https://apps.irs.gov/pub/epostcard/990/xml/2026/202602039349300145_public.xml,sources/native/form990/202602039349300145_public.xml,validation_failed,sources/native/form990/202602039349300145_public.xml,True,77677,54e81595c60a00a1ce5adae220f624df6cb0179d324625bcba13378b3c176df3,sources/raw/src-990-ext-center-for-effective-philanthropy.txt,True,1780,04627e811fcf2b9e8cafa28d80d5761be729172b57c46fb54b4d08d5ec00a4cb,False,source-native artifact present; expected-data validation issue
SRC-990-EXT3-CENTER-FOR-HEALTH-CARE-STRATEGIES,Center for Health Care Strategies,form990,yes,https://apps.irs.gov/pub/epostcard/990/xml/2026/202631279349304653_public.xml,sources/native/form990/202631279349304653_public.xml,validation_failed,sources/native/form990/202631279349304653_public.xml,True,67455,6ae0855cd1129e2d321a6fa4301df029eb075b0d3793f87ae13ec9d6f82a9050,sources/raw/src-990-ext3-center-for-health-care-strategies.txt,True,2022,deb505418bf006ae67f8125d17edde04b3fa769345c3b5e3a536f0cc0e906f5a,False,source-native artifact present; expected-data validation issue
SRC-990-EXT3-CENTER-FOR-INTERNATIONAL-POLICY,Center for International Policy,form990,yes,https://apps.irs.gov/pub/epostcard/990/xml/2025/202513189349309501_public.xml,sources/native/form990/202513189349309501_public.xml,validation_failed,sources/native/form990/202513189349309501_public.xml,True,38823,c71150e358259f60de37ba539e1989680216e97bada1d70bb2ae6d8cc7e8d722,sources/raw/src-990-ext3-center-for-international-policy.txt,True,2056,fcac673d016ac6732a5df294b0f080871391ac3a1f0319ec1f760b5ad5c740f1,False,source-native artifact present; expected-data validation issue
SRC-990-EXT-CENTER-FOR-LAW-AND-SOCIAL-POLICY,Center for Law and Social Policy,form990,yes,https://apps.irs.gov/pub/epostcard/990/xml/2025/202513189349314621_public.xml,sources/native/form990/202513189349314621_public.xml,validation_failed,sources/native/form990/202513189349314621_public.xml,True,77299,aeb7ca84cccc717773351092e4d886f5d13fd0e549db24327b86b22706214aca,sources/raw/src-990-ext-center-for-law-and-social-policy.txt,True,1873,69db004ba8b65bfc4eb9aa20a0d0a5177f6809fb50e7a231a744050cea5b634e,False,source-native artifact present; expected-data validation issue
SRC-990-EXT-CENTER-FOR-OPEN-SCIENCE,Center for Open Science,form990,yes,https://apps.irs.gov/pub/epostcard/990/xml/2025/202513219349318466_public.xml,sources/native/form990/202513219349318466_public.xml,validation_failed,sources/native/form990/202513219349318466_public.xml,True,60178,f91ece7c6381e8f47136d851516f8a2fade57a082144a73b11314cfc3e184637,sources/raw/src-990-ext-center-for-open-science.txt,True,1922,75e76ad0cdd3f330858a4ec30e03a2380fc846ce344f510ec2d4395f811a8175,False,source-native artifact present; expected-data validation issue
SRC-990-EXT-CENTER-FOR-PUBLIC-INTEGRITY,Center for Public Integrity,form990,yes,https://apps.irs.gov/pub/epostcard/990/xml/2024/202412399349300756_public.xml,sources/native/form990/202412399349300756_public.xml,validation_failed,sources/native/form990/202412399349300756_public.xml,True,52697,f1b7fbda12ed301f3ab17b982741b59bfced1058946ea693f8f38f830848b0bb,sources/raw/src-990-ext-center-for-public-integrity.txt,True,1993,ce8030a97c258257725c3774532953efa0b800f121cf57726be8bb1b8f95bde8,False,source-native artifact present; expected-data validation issue
SRC-990-EXT-CENTER-FOR-RESPONSIBLE-LENDING,Center for Responsible Lending,form990,yes,https://apps.irs.gov/pub/epostcard/990/xml/2026/202621149349301437_public.xml,sources/native/form990/202621149349301437_public.xml,present_verified_source_native,sources/native/form990/202621149349301437_public.xml,True,67552,c6d52677d4ff3547cd9c1cd90902179b783fce48c985e13dd2eb1c9ca2a17849,sources/raw/src-990-ext-center-for-responsible-lending.txt,True,1946,8755b09c73164ee571893197108f857913a1aa9d361f611ce571931841ef7d55,True,verified source-native artifact
SRC-990-EXT-CENTER-FOR-A-HUMANE-ECONOMY,Center for a Humane Economy,form990,yes,https://apps.irs.gov/pub/epostcard/990/xml/2025/202502459349301350_public.xml,sources/native/form990/202502459349301350_public.xml,present_verified_source_native,sources/native/form990/202502459349301350_public.xml,True,58025,e9a0c42f8ecc099678d215fe1ad9b0b0f12943b7b7fa98447e60c93e05d173f4,sources/raw/src-990-ext-center-for-a-humane-economy.txt,True,1971,9ec7d8d99d7fe4a95a616e9a8d3a1cb60d8a09e82e339cd2586fb634b7ef2764,True,verified source-native artifact
SRC-990-EXT-CENTER-FOR-A-NEW-AMERICAN-SECURITY,Center for a New American Security,form990,yes,https://apps.irs.gov/pub/epostcard/990/xml/2025/202542329349300819_public.xml,sources/native/form990/202542329349300819_public.xml,validation_failed,sources/native/form990/202542329349300819_public.xml,True,59742,d161a7390f029f925721829aab78bac0de18678f178c47b886c1aaa6394b9f8e,sources/raw/src-990-ext-center-for-a-new-american-security.txt,True,1856,02d05c176cd950652ca64cc473927dc64a48c3732e24e806246d98073d11b67e,False,source-native artifact present; expected-data validation issue
SRC-990-EXT-CHARITY-NAVIGATOR,Charity Navigator,form990,yes,https://apps.irs.gov/pub/epostcard/990/xml/2026/202640789349301509_public.xml,sources/native/form990/202640789349301509_public.xml,validation_failed,sources/native/form990/202640789349301509_public.xml,True,63243,8d37772f29bf2c56f3bec4df971a9d7676a87634357600620527969c0544972f,sources/raw/src-990-ext-charity-navigator.txt,True,1909,fa5f3fa088d3259be260f12513c6260677bfdc64e5c203920a4860eca782d7ed,False,source-native artifact present; expected-data validation issue
SRC-990-EXT-CHICAGO-COUNCIL-ON-GLOBAL-AFFAIRS,Chicago Council on Global Affairs,form990,yes,https://apps.irs.gov/pub/epostcard/990/xml/2025/202543179349309229_public.xml,sources/native/form990/202543179349309229_public.xml,validation_failed,sources/native/form990/202543179349309229_public.xml,True,91414,238ec567e23543586fa3faff47ee8681e000fcba5a71df96e033cdb175adca8f,sources/raw/src-990-ext-chicago-council-on-global-affairs.txt,True,1884,ee77aca5de5529850a1482e23bcaba18511b8128534df3b8a1cff1e901fa0e5c,False,source-native artifact present; expected-data validation issue
SRC-990-EXT-CLEAN-AIR-TASK-FORCE,Clean Air Task Force,form990,yes,https://apps.irs.gov/pub/epostcard/990/xml/2025/202522829349300322_public.xml,sources/native/form990/202522829349300322_public.xml,validation_failed,sources/native/form990/202522829349300322_public.xml,True,79297,db3eb1f337304cabbaca135cad8cd32d586cc9c75ade99c55aa51d9006fbe59e,sources/raw/src-990-ext-clean-air-task-force.txt,True,1913,b5b1106b9fa0f69d14635fdced05518d759ae7daa03abe4e6d13d65e7552462d,False,source-native artifact present; expected-data validation issue
SRC-990-EXT-CLIMATE-CENTRAL,Climate Central,form990,yes,https://apps.irs.gov/pub/epostcard/990/xml/2026/202631769349300823_public.xml,sources/native/form990/202631769349300823_public.xml,validation_failed,sources/native/form990/202631769349300823_public.xml,True,62435,6f51348b1f8f5eec6c29fbc73584199bf8dfd1c81399fa92fb77fe304a28ed7b,sources/raw/src-990-ext-climate-central.txt,True,1806,c8d7570e4f167e7cb1552210be289aa635921020a1d6a7c60f580b3761920558,False,source-native artifact present; expected-data validation issue
SRC-990-EXT-CODE-FOR-SCIENCE-SOCIETY,Code for Science & Society,form990,yes,https://apps.irs.gov/pub/epostcard/990/xml/2026/202601359349304090_public.xml,sources/native/form990/202601359349304090_public.xml,validation_failed,sources/native/form990/202601359349304090_public.xml,True,56947,21773f40c511aca219c3b5f4ba9bb8988a322c8ba4296b1a8b94c742f49983b9,sources/raw/src-990-ext-code-for-science-society.txt,True,1904,f4e9aac89f6094f8b2449b977e824e29f8b9ffc850944b896cc7162634509c21,False,source-native artifact present; expected-data validation issue
SRC-990-EXT-COMMITTEE-FOR-A-RESPONSIBLE-FEDERAL-BUDGET,Committee for a Responsible Federal Budget,form990,yes,https://apps.irs.gov/pub/epostcard/990/xml/2026/202611949349301721_public.xml,sources/native/form990/202611949349301721_public.xml,validation_failed,sources/native/form990/202611949349301721_public.xml,True,72778,e84487671552644507223b2265aa9c0cb31146d411cfe51e7d946775e5f79320,sources/raw/src-990-ext-committee-for-a-responsible-federal-budget.txt,True,1887,240484580316c879b817eaae05688ec5374453a4b45dfcbc6c0f446b3be4f5db,False,source-native artifact present; expected-data validation issue
SRC-990-EXT-COMPASSION-IN-WORLD-FARMING-USA,Compassion in World Farming USA,form990,yes,https://apps.irs.gov/pub/epostcard/990/xml/2024/202402689349300735_public.xml,sources/native/form990/202402689349300735_public.xml,validation_failed,sources/native/form990/202402689349300735_public.xml,True,47036,f9308d6f07902247be4d269565b13eb574c9298d043fd33a54da2cea7dbccb4f,sources/raw/src-990-ext-compassion-in-world-farming-usa.txt,True,1963,4d429a82b343415b793146a1e496039093c5e6b4ecf58f0225a1a5b0894c31c7,False,source-native artifact present; expected-data validation issue
SRC-990-EXT-COUNCIL-ON-STRATEGIC-RISKS,Council on Strategic Risks,form990,yes,https://apps.irs.gov/pub/epostcard/990/xml/2026/202601119349300825_public.xml,sources/native/form990/202601119349300825_public.xml,validation_failed,sources/native/form990/202601119349300825_public.xml,True,57683,09413e7a61afba3a965912fd5b5d798422c5e7424b4ad80ab4e1492408eaf9ad,sources/raw/src-990-ext-council-on-strategic-risks.txt,True,1714,df542c8f24047de1798826c5684591505a548610ff5ff2fcfb473142812bc12b,False,source-native artifact present; expected-data validation issue
SRC-990-EXT-CREATIVE-COMMONS,Creative Commons,form990,yes,https://apps.irs.gov/pub/epostcard/990/xml/2025/202543179349306294_public.xml,sources/native/form990/202543179349306294_public.xml,validation_failed,sources/native/form990/202543179349306294_public.xml,True,68985,d4a555f0c7840bd3b44745af7ddb2933de7caa246d5cdf0979dc6e07252763d3,sources/raw/src-990-ext-creative-commons.txt,True,1907,fdcef75db91aac6a826f3a8cb7f649ffc7cb3332322c65551c03751408db7420,False,source-native artifact present; expected-data validation issue
SRC-990-EXT-DATA-QUALITY-CAMPAIGN,Data Quality Campaign,form990,yes,https://apps.irs.gov/pub/epostcard/990/xml/2026/202621339349304737_public.xml,sources/native/form990/202621339349304737_public.xml,validation_failed,sources/native/form990/202621339349304737_public.xml,True,57114,fae54a778c522f3631ab763e1b9a374cea2b6ab6ef02158195063cfad5d908d0,sources/raw/src-990-ext-data-quality-campaign.txt,True,1828,40765e1174109ebcce2ccbaf4de96ec61e25e7c3222c3f35d5e158b939122cd1,False,source-native artifact present; expected-data validation issue
SRC-990-EXT-DATAKIND,DataKind,form990,yes,https://apps.irs.gov/pub/epostcard/990/xml/2026/202640939349300014_public.xml,sources/native/form990/202640939349300014_public.xml,validation_failed,sources/native/form990/202640939349300014_public.xml,True,52767,8cc101d39c408e422aea8bf44cf467cdd9b1a5be0c2252d9e3f114ddbb3ba657,sources/raw/src-990-ext-datakind.txt,True,1926,e651190972ffaef548802efdae83135d98168627e6ebc0f961d21b3073dfa674,False,source-native artifact present; expected-data validation issue
SRC-990-EXT-DEMOS,Demos,form990,yes,https://apps.irs.gov/pub/epostcard/990/xml/2025/202503159349306085_public.xml,sources/native/form990/202503159349306085_public.xml,validation_failed,sources/native/form990/202503159349306085_public.xml,True,64506,09dfda0e1f7569f472959b2914960db7a2b585aa2637538272afea6d65b6f362,sources/raw/src-990-ext-demos.txt,True,1866,fdedf4d635a390bb7d1115453dc7aef45e7b3480bc972257569f8ff90ede9e2a,False,source-native artifact present; expected-data validation issue
SRC-990-EXT-ECONOMIC-INNOVATION-GROUP,Economic Innovation Group,form990,yes,https://apps.irs.gov/pub/epostcard/990/xml/2025/202513219349307891_public.xml,sources/native/form990/202513219349307891_public.xml,validation_failed,sources/native/form990/202513219349307891_public.xml,True,57899,7fd2cb46afc0a8d4c0413ba34d2bc29e6b3d3c4f27e9ba8335893534d26631d9,sources/raw/src-990-ext-economic-innovation-group.txt,True,2022,095b479923eace0b7050272043e8b2f94add3c3fb1677f8eaa908aa3159c78e3,False,source-native artifact present; expected-data validation issue
SRC-990-EXT-ECONOMIC-POLICY-INSTITUTE,Economic Policy Institute,form990,yes,https://apps.irs.gov/pub/epostcard/990/xml/2025/202542469349301614_public.xml,sources/native/form990/202542469349301614_public.xml,validation_failed,sources/native/form990/202542469349301614_public.xml,True,106705,d50ebae55f3841148cea4ff56af43dcd4396b705a5849b020b25883da177daba,sources/raw/src-990-ext-economic-policy-institute.txt,True,1866,6892437e50328c1a474f8109cce1ed0f7f5293a2bc54606868a54dcc8497129c,False,source-native artifact present; expected-data validation issue
SRC-990-EXT-ELECTRONIC-FRONTIER-FOUNDATION,Electronic Frontier Foundation,form990,yes,https://apps.irs.gov/pub/epostcard/990/xml/2026/202610989349301676_public.xml,sources/native/form990/202610989349301676_public.xml,validation_failed,sources/native/form990/202610989349301676_public.xml,True,82447,42427ec5c4f075f6287baa2e6bb0c85fd74eec9310bf64e8ca885f50d0fe421d,sources/raw/src-990-ext-electronic-frontier-foundation.txt,True,1842,7075e042f583077b3733afaf966307d7635f9016c3007eeb9b31515257197150,False,source-native artifact present; expected-data validation issue
SRC-990-EXT-ENERGY-FOR-GROWTH-HUB,Energy for Growth Hub,form990,yes,https://apps.irs.gov/pub/epostcard/990/xml/2025/202513219349322806_public.xml,sources/native/form990/202513219349322806_public.xml,validation_failed,sources/native/form990/202513219349322806_public.xml,True,43590,9f0c90d6b503ff1fc27be2e8e5bd699c88c6301a169577c51a079973bfeea4cb,sources/raw/src-990-ext-energy-for-growth-hub.txt,True,1930,fd892575716affc1b2de88ab15bd77c9d1d765f9ed5c04df899d3703fd596d8d,False,source-native artifact present; expected-data validation issue
SRC-990-EXT-ENVIRONMENTAL-LAW-INSTITUTE,Environmental Law Institute,form990,yes,https://apps.irs.gov/pub/epostcard/990/xml/2025/202522619349300012_public.xml,sources/native/form990/202522619349300012_public.xml,validation_failed,sources/native/form990/202522619349300012_public.xml,True,81757,9c5458ec5e4ab781cabad161284844ca90b7fa817fcad2c74115350b9ccc7046,sources/raw/src-990-ext-environmental-law-institute.txt,True,1884,15feecaadbbd9a1af6aeb396f57f27d582bc4b4901ab146f0d1eba0f6a018355,False,source-native artifact present; expected-data validation issue
SRC-990-EXT-EVIDENCE-ACTION,Evidence Action,form990,yes,https://apps.irs.gov/pub/epostcard/990/xml/2025/202512829349302256_public.xml,sources/native/form990/202512829349302256_public.xml,validation_failed,sources/native/form990/202512829349302256_public.xml,True,83930,79ab1ca712108c3b2dadfcb058f3c6320c623798d3d816f22e32c03c41a4c37c,sources/raw/src-990-ext-evidence-action.txt,True,1861,0a819456b8f6582be805509f00f65b531f53af9620974200239bc62f7f874ae5,False,source-native artifact present; expected-data validation issue
SRC-990-EXT-EXPONENT-PHILANTHROPY,Exponent Philanthropy,form990,yes,https://apps.irs.gov/pub/epostcard/990/xml/2026/202621699349300132_public.xml,sources/native/form990/202621699349300132_public.xml,validation_failed,sources/native/form990/202621699349300132_public.xml,True,59131,347b1a7e214230952f7728c4ffdac4b3dbd4d5be3d4f61b3e29096518a8b2b84,sources/raw/src-990-ext-exponent-philanthropy.txt,True,1852,1007e7aff538fa7797387b0432f262f64984b26737a3465966ab81cf29259de6,False,source-native artifact present; expected-data validation issue
SRC-990-EXT-FAR-AI,FAR AI,form990,yes,https://apps.irs.gov/pub/epostcard/990/xml/2025/202543189349316054_public.xml,sources/native/form990/202543189349316054_public.xml,validation_failed,sources/native/form990/202543189349316054_public.xml,True,39302,6b96c0184fe66613e9dc726d14ad2be41a36f0af907977d9945d8193286a2bec,sources/raw/src-990-ext-far-ai.txt,True,1655,6fbd23e28d7af3b0719c53ac1a35f5aea2b8ad01d72385a5d7c82122e2a77a22,False,source-native artifact present; expected-data validation issue
SRC-990-EXT-FARM-SANCTUARY,Farm Sanctuary,form990,yes,https://apps.irs.gov/pub/epostcard/990/xml/2024/202422699349301652_public.xml,sources/native/form990/202422699349301652_public.xml,validation_failed,sources/native/form990/202422699349301652_public.xml,True,67847,4a40f965198c64422eb4f8457023583b597c8b86e69c56d57fe9fae01931b063,sources/raw/src-990-ext-farm-sanctuary.txt,True,1916,7b6d806210e91e9e9eb46f7a5acd2f1af25c385c3e7935733e04e702670c305c,False,source-native artifact present; expected-data validation issue
SRC-990-EXT-FEDERATION-OF-AMERICAN-SCIENTISTS,Federation of American Scientists,form990,yes,https://apps.irs.gov/pub/epostcard/990/xml/2026/202620939349300837_public.xml,sources/native/form990/202620939349300837_public.xml,validation_failed,sources/native/form990/202620939349300837_public.xml,True,75216,4743c486480498e8c92daa02f2f7596d0774d291ed3bf525b6f3104250a79c8c,sources/raw/src-990-ext-federation-of-american-scientists.txt,True,1860,15d82877b6dca551204cc177b4c66da520be4d2382e8e46531ae3bbf47622160,False,source-native artifact present; expected-data validation issue
SRC-990-EXT-FOOD-ANIMAL-CONCERNS-TRUST,Food Animal Concerns Trust,form990,yes,https://apps.irs.gov/pub/epostcard/990/xml/2026/202620149349300022_public.xml,sources/native/form990/202620149349300022_public.xml,present_verified_source_native,sources/native/form990/202620149349300022_public.xml,True,35942,cb9d2eae29732cd2e50b20e8614f86b40b7e7789cb60845975223b9332431d78,sources/raw/src-990-ext-food-animal-concerns-trust.txt,True,1871,ae8b7b014ec69ebdbdd6f4841f8fe8febc0c1903f2dae76801d4034f19763633,True,verified source-native artifact
SRC-990-EXT-FRAMEWORKS-INSTITUTE,FrameWorks Institute,form990,yes,https://apps.irs.gov/pub/epostcard/990/xml/2026/202641389349300439_public.xml,sources/native/form990/202641389349300439_public.xml,validation_failed,sources/native/form990/202641389349300439_public.xml,True,72130,7e07eae5121328a594dfcf22082cc7aecc9dcbbdeb1265a9595912ecc84743fe,sources/raw/src-990-ext-frameworks-institute.txt,True,1818,b13b43d7348b827c4339e6da4fa1707f014faeb99927575c7a0f90d5b2cbe45d,False,source-native artifact present; expected-data validation issue
SRC-990-EXT-FRESH-ENERGY,Fresh Energy,form990,yes,https://apps.irs.gov/pub/epostcard/990/xml/2025/202513169349301031_public.xml,sources/native/form990/202513169349301031_public.xml,validation_failed,sources/native/form990/202513169349301031_public.xml,True,76460,0163e43d909d4979a963da7a53660a4a99dbfa16da62c03b41e408c7077a4ecb,sources/raw/src-990-ext-fresh-energy.txt,True,2038,9fcebf26306fda3d181ed57cd998c6ee564752e8bb950dedd755128ec92416cb,False,source-native artifact present; expected-data validation issue
SRC-990-EXT-FUTURE-OF-PRIVACY-FORUM,Future of Privacy Forum,form990,yes,https://apps.irs.gov/pub/epostcard/990/xml/2025/202543219349319589_public.xml,sources/native/form990/202543219349319589_public.xml,validation_failed,sources/native/form990/202543219349319589_public.xml,True,61428,9feb69ee368e1281efd75ba91fdc22a1295bcb672d9f69419decc7c4338009e6,sources/raw/src-990-ext-future-of-privacy-forum.txt,True,1987,4079df6b121bfe4df2be2969a69e3f2665d2883a4ff76b0e98a071950439ebac,False,source-native artifact present; expected-data validation issue
SRC-990-EXT-GIVINGTUESDAY,GivingTuesday,form990,yes,https://apps.irs.gov/pub/epostcard/990/xml/2026/202601219349300720_public.xml,sources/native/form990/202601219349300720_public.xml,validation_failed,sources/native/form990/202601219349300720_public.xml,True,75648,00eb43a48543654a6a19a40c9b388eabb2e10c1bf3f8f4df103b16be83873173,sources/raw/src-990-ext-givingtuesday.txt,True,1894,792aaa67ee83249bd456b50fe21ee933ce2f5903b6dd6646bce8f8d4ba6129a2,False,source-native artifact present; expected-data validation issue
SRC-990-EXT-GLOBAL-HEALTH-CORPS,Global Health Corps,form990,yes,https://apps.irs.gov/pub/epostcard/990/xml/2026/202600139349300115_public.xml,sources/native/form990/202600139349300115_public.xml,validation_failed,sources/native/form990/202600139349300115_public.xml,True,45989,f3e7f8f57d55f15a42fd38e5eadda1104a3d9be34ee227523c7c59a6a96a6ade,sources/raw/src-990-ext-global-health-corps.txt,True,1935,163d48a914521139f5fb80bb4d8a004d6fd8cec13c3092984eea1f2da953b084,False,source-native artifact present; expected-data validation issue
SRC-990-EXT-GOOD-FOOD-INSTITUTE,Good Food Institute,form990,yes,https://apps.irs.gov/pub/epostcard/990/xml/2025/202543189349301719_public.xml,sources/native/form990/202543189349301719_public.xml,validation_failed,sources/native/form990/202543189349301719_public.xml,True,105793,28a786407ddd2290dc18a411aff6d3f97532aff7e16c9df77df90bb0b64de6a8,sources/raw/src-990-ext-good-food-institute.txt,True,1883,842b76553405c827becbeff2d59e478848f402859a3c7eecd5ac135e21f254d9,False,source-native artifact present; expected-data validation issue
SRC-990-EXT-GRANTMAKERS-FOR-EDUCATION,Grantmakers for Education,form990,yes,https://apps.irs.gov/pub/epostcard/990/xml/2025/202543079349303299_public.xml,sources/native/form990/202543079349303299_public.xml,validation_failed,sources/native/form990/202543079349303299_public.xml,True,51166,7dda32637934911e551f3128e03906772d8963f20cf5998e09e47a265f79f4f6,sources/raw/src-990-ext-grantmakers-for-education.txt,True,1895,f7823365670e7855fcc07ac79068e6ef2f58866c7d3aa12afb4be8e87bdfdf88,False,source-native artifact present; expected-data validation issue
SRC-990-EXT-GRANTMAKERS-FOR-EFFECTIVE-ORGANIZATIONS,Grantmakers for Effective Organizations,form990,yes,https://apps.irs.gov/pub/epostcard/990/xml/2025/202503109349303655_public.xml,sources/native/form990/202503109349303655_public.xml,validation_failed,sources/native/form990/202503109349303655_public.xml,True,66905,f781f7fc3432911e7ea78cb22137975daeb28cd97ff6fd7a0ddcc8b451ef0c93,sources/raw/src-990-ext-grantmakers-for-effective-organizations.txt,True,1731,45eaddedf92d6f817f798ad28cf1d967363dba39a45c8f0309adce6a2b17e08c,False,source-native artifact present; expected-data validation issue
SRC-990-EXT-GUTTMACHER-INSTITUTE,Guttmacher Institute,form990,yes,https://apps.irs.gov/pub/epostcard/990/xml/2023/202341989349301459_public.xml,sources/native/form990/202341989349301459_public.xml,validation_failed,sources/native/form990/202341989349301459_public.xml,True,98904,f092efd744a14d544c5faa1356561f00f00fcb0ff18b0d686622f5a401d0ecbc,sources/raw/src-990-ext-guttmacher-institute.txt,True,1913,b1dfecfc4a5462e45b1d3a941834c573f8c3185b3643df4aa6efd0363eb94099,False,source-native artifact present; expected-data validation issue
SRC-990-EXT-INDEPENDENT-SECTOR,Independent Sector,form990,yes,https://apps.irs.gov/pub/epostcard/990/xml/2025/202502349349301110_public.xml,sources/native/form990/202502349349301110_public.xml,validation_failed,sources/native/form990/202502349349301110_public.xml,True,91944,0a39f094059c8c897208c2338ed58d9f5f16a5fba497389c6134fed762347e5b,sources/raw/src-990-ext-independent-sector.txt,True,1709,18ff4beb35c32533203682339e695b7650e8c8f8fffd5462e3a80eb1d9e2b168,False,source-native artifact present; expected-data validation issue
SRC-990-EXT-INFORMATION-TECHNOLOGY-AND-INNOVATION-FOUNDATION,Information Technology and Innovation Foundation,form990,yes,https://apps.irs.gov/pub/epostcard/990/xml/2026/202630159349300603_public.xml,sources/native/form990/202630159349300603_public.xml,validation_failed,sources/native/form990/202630159349300603_public.xml,True,68002,d3a214e980d86b3c1631b6664f2cedf88bc2592d2acaa496fe28a2bb7304f310,sources/raw/src-990-ext-information-technology-and-innovation-foundation.txt,True,1917,e7cf93498e0016f0f4f9b07a51281cf74149d94ae5d264c373cfd937ccae4fc9,False,source-native artifact present; expected-data validation issue
SRC-990-EXT-INNOVATIONS-FOR-POVERTY-ACTION,Innovations for Poverty Action,form990,yes,https://apps.irs.gov/pub/epostcard/990/xml/2025/202513169349300641_public.xml,sources/native/form990/202513169349300641_public.xml,validation_failed,sources/native/form990/202513169349300641_public.xml,True,103438,751985675ca0cea9fca39bebd4f9626c000a22b4889b88ee834c0d1869f02a6a,sources/raw/src-990-ext-innovations-for-poverty-action.txt,True,1869,5fb00574544a5fc1d75625d2395a5fdbec046bba2423e4f851fa5a67ea9a6f37,False,source-native artifact present; expected-data validation issue
SRC-990-EXT-INSTITUTE-FOR-ENERGY-ECONOMICS-AND-FINANCIAL-ANALYSIS,Institute for Energy Economics and Financial Analysis,form990,yes,https://apps.irs.gov/pub/epostcard/990/xml/2025/202541979349300319_public.xml,sources/native/form990/202541979349300319_public.xml,validation_failed,sources/native/form990/202541979349300319_public.xml,True,62478,f5521e059cbd5a4a97bbddb97831335a3a36eedadb6d1dee695134cf246e9d84,sources/raw/src-990-ext-institute-for-energy-economics-and-financial-analysis.txt,True,1860,0fe21f4ad64e8837af0709a8cd4a2254f98465c6de291f5453ecd4440c57cc0a,False,source-native artifact present; expected-data validation issue
SRC-990-EXT-INSTITUTE-FOR-MARKET-TRANSFORMATION,Institute for Market Transformation,form990,yes,https://apps.irs.gov/pub/epostcard/990/xml/2025/202512829349300921_public.xml,sources/native/form990/202512829349300921_public.xml,validation_failed,sources/native/form990/202512829349300921_public.xml,True,63799,8fd905966f0c02fb45a755a591099191b7d8585e315fcd42457091f7c5cf6278,sources/raw/src-990-ext-institute-for-market-transformation.txt,True,2127,db4b22b09ef07c6cd3ab4672ca4752ae5548a6d4b75e9c3abe576bd48bde9f93,False,source-native artifact present; expected-data validation issue
SRC-990-EXT-INSTITUTE-FOR-NONPROFIT-NEWS,Institute for Nonprofit News,form990,yes,https://apps.irs.gov/pub/epostcard/990/xml/2026/202630269349301213_public.xml,sources/native/form990/202630269349301213_public.xml,validation_failed,sources/native/form990/202630269349301213_public.xml,True,281669,280e5caf262a3d6ffe8dabf93fc20c7b023e112538cb9716c10515412dce1c95,sources/raw/src-990-ext-institute-for-nonprofit-news.txt,True,1915,991af933509f49437e6761106bfd1778b5c1bb1e7b013bd37bf6d04ca5492e4e,False,source-native artifact present; expected-data validation issue
SRC-990-EXT-INSTITUTE-FOR-POLICY-STUDIES,Institute for Policy Studies,form990,yes,https://apps.irs.gov/pub/epostcard/990/xml/2025/202513219349302816_public.xml,sources/native/form990/202513219349302816_public.xml,validation_failed,sources/native/form990/202513219349302816_public.xml,True,58814,1d6b40acc301848295ae6eceb4909850e9efd1108e4b003458a1b979e7e723da,sources/raw/src-990-ext-institute-for-policy-studies.txt,True,1807,aff24eddc69c9dd12038d243def128ace95a80b300053a0dc82a8b0d735e0868,False,source-native artifact present; expected-data validation issue
SRC-990-EXT-INSTITUTE-FOR-SECURITY-AND-TECHNOLOGY,Institute for Security and Technology,form990,yes,https://apps.irs.gov/pub/epostcard/990/xml/2025/202523219349310552_public.xml,sources/native/form990/202523219349310552_public.xml,validation_failed,sources/native/form990/202523219349310552_public.xml,True,48341,7e81876803b60e49c38a59ee31468aec0d17c7154251d8f0335b0d285c1ac9a4,sources/raw/src-990-ext-institute-for-security-and-technology.txt,True,1874,77f5cd36dd176ec6f519e34e1bfc10ebb5c2f6ca1d3f43f8d36ca35e7c8e8f73,False,source-native artifact present; expected-data validation issue
SRC-990-EXT-INSTITUTE-FOR-WOMEN-S-POLICY-RESEARCH,Institute for Women’s Policy Research,form990,yes,https://apps.irs.gov/pub/epostcard/990/xml/2026/202621349349301217_public.xml,sources/native/form990/202621349349301217_public.xml,validation_failed,sources/native/form990/202621349349301217_public.xml,True,67709,c6aee74980340d22781f7381e561425d4e098af828d8755321fc1e7e9bb71647,sources/raw/src-990-ext-institute-for-women-s-policy-research.txt,True,1899,306ce268c832112c1c57fae01c60388f8307c67fd2c03e4b1b18750fc3730c48,False,source-native artifact present; expected-data validation issue
SRC-990-EXT-INSTITUTE-FOR-THE-STUDY-OF-WAR,Institute for the Study of War,form990,yes,https://apps.irs.gov/pub/epostcard/990/xml/2025/202502909349301720_public.xml,sources/native/form990/202502909349301720_public.xml,validation_failed,sources/native/form990/202502909349301720_public.xml,True,59666,90c336dd746044fba2a147e296862d6c7439e964cfd418f61cc87fe3bccf1b2e,sources/raw/src-990-ext-institute-for-the-study-of-war.txt,True,1877,f0e87bf0b7d8573ab428a6610d963d0d5d9d75ca4c73e17c47e41e5a121be892,False,source-native artifact present; expected-data validation issue
SRC-990-EXT-INSTITUTE-ON-TAXATION-AND-ECONOMIC-POLICY,Institute on Taxation and Economic Policy,form990,yes,https://apps.irs.gov/pub/epostcard/990/xml/2026/202611559349300546_public.xml,sources/native/form990/202611559349300546_public.xml,validation_failed,sources/native/form990/202611559349300546_public.xml,True,55377,aed217973bdb805d03919183e93dfff207fec666938843a5ee26dd3b144f2f40,sources/raw/src-990-ext-institute-on-taxation-and-economic-policy.txt,True,1894,d1aeaa8eecde655f0a789c0f9d2a87f487dbc7be575b0735224185a3e77140f6,False,source-native artifact present; expected-data validation issue
SRC-990-EXT-INTERNET-SECURITY-RESEARCH-GROUP,Internet Security Research Group,form990,yes,https://apps.irs.gov/pub/epostcard/990/xml/2025/202501889349300640_public.xml,sources/native/form990/202501889349300640_public.xml,validation_failed,sources/native/form990/202501889349300640_public.xml,True,51029,292632f67f1415387f8bd137ec3f0d7a4f524ef9003b44ffd9cd9115001c81fb,sources/raw/src-990-ext-internet-security-research-group.txt,True,1909,1dd6926e57291c6494289c9de47fec04735d55b6ee0aa867983f68caeb36ef24,False,source-native artifact present; expected-data validation issue
SRC-990-EXT-JAIN-FAMILY-INSTITUTE,Jain Family Institute,form990,yes,https://apps.irs.gov/pub/epostcard/990/xml/2025/202523219349327407_public.xml,sources/native/form990/202523219349327407_public.xml,validation_failed,sources/native/form990/202523219349327407_public.xml,True,63136,e90b3aec20a8efcb2f27ec467190bdcdebb2e7753aa2796487a066f4b9b37f5b,sources/raw/src-990-ext-jain-family-institute.txt,True,1848,4790bd8ff41850d2f00d77363dd971bbb3ac5112c223fb2937a0bf6b1bcbc852,False,source-native artifact present; expected-data validation issue
SRC-990-EXT-LAST-MILE-HEALTH,Last Mile Health,form990,yes,https://apps.irs.gov/pub/epostcard/990/xml/2026/202631359349305343_public.xml,sources/native/form990/202631359349305343_public.xml,validation_failed,sources/native/form990/202631359349305343_public.xml,True,67735,57337daa06e3ef963099ccacaee706fef5912fe63364f8ea4e25b74a67f03392,sources/raw/src-990-ext-last-mile-health.txt,True,1875,2e50de79afa29579d991b0b6f4e928560b7683b30582e8be8b6cc0068976bb0b,False,source-native artifact present; expected-data validation issue
SRC-990-EXT3-LAWFARE-INSTITUTE,Lawfare Institute,form990,yes,https://apps.irs.gov/pub/epostcard/990/xml/2025/202523219349307027_public.xml,sources/native/form990/202523219349307027_public.xml,present_verified_source_native,sources/native/form990/202523219349307027_public.xml,True,38226,d84db0ff49049cbc8923eaa0cfb55f8427dca2e1678d5b3c88e35358fcda1e31,sources/raw/src-990-ext3-lawfare-institute.txt,True,2044,dfa2f7ed18569c7b6c8223937770c34b4719886e329d210701f9ea2133fb71a4,True,verified source-native artifact
SRC-990-EXT3-LEARNING-POLICY-INSTITUTE,Learning Policy Institute,form990,yes,https://apps.irs.gov/pub/epostcard/990/xml/2025/202503179349312065_public.xml,sources/native/form990/202503179349312065_public.xml,validation_failed,sources/native/form990/202503179349312065_public.xml,True,59496,e180c43081750a372cccf5490232f0260f498083ec7235a8df8cf8ef9ac40d06,sources/raw/src-990-ext3-learning-policy-institute.txt,True,2148,e3fcac3b6ebbbb10b572a9999626cd15176ba18185866c930df15999b37bb118,False,source-native artifact present; expected-data validation issue
SRC-990-EXT-LIVING-GOODS,Living Goods,form990,yes,https://apps.irs.gov/pub/epostcard/990/xml/2024/202433199349307518_public.xml,sources/native/form990/202433199349307518_public.xml,validation_failed,sources/native/form990/202433199349307518_public.xml,True,65398,15bd0cfbb03575b0f49dd48503360913c7889fd5188b7d0ee8895d727070fee9,sources/raw/src-990-ext-living-goods.txt,True,1904,973f92e74239782deca583436fa6e9fda60a36dedbc3e0bfb7839150dcc0961d,False,source-native artifact present; expected-data validation issue
SRC-990-EXT-MERCY-FOR-ANIMALS,Mercy For Animals,form990,yes,https://apps.irs.gov/pub/epostcard/990/xml/2025/202502259349301135_public.xml,sources/native/form990/202502259349301135_public.xml,validation_failed,sources/native/form990/202502259349301135_public.xml,True,78280,22bc2673ca9fd269b3b8ec2bbef7f2df2ec87470393a85b4f909d4ecb3d9709d,sources/raw/src-990-ext-mercy-for-animals.txt,True,1874,27b8abc77d9fba1a4f61d59c6e1faeca89811ccf9fc73bee88030a4be0e1dc24,False,source-native artifact present; expected-data validation issue
SRC-990-EXT-MIGRATION-POLICY-INSTITUTE,Migration Policy Institute,form990,yes,https://apps.irs.gov/pub/epostcard/990/xml/2026/202601359349310000_public.xml,sources/native/form990/202601359349310000_public.xml,validation_failed,sources/native/form990/202601359349310000_public.xml,True,69427,079f6a7d0d79fdfa90761e951f068abafbb472fe524b4f62cfbe6315697e7551,sources/raw/src-990-ext-migration-policy-institute.txt,True,1718,c5b2aab5ee89e91d67210e7e6bab7f95722616caebd4104fdfa9e6120d49b1a0,False,source-native artifact present; expected-data validation issue
SRC-990-EXT-MUCKROCK-FOUNDATION,MuckRock Foundation,form990,yes,https://apps.irs.gov/pub/epostcard/990/xml/2024/202403119349300920_public.xml,sources/native/form990/202403119349300920_public.xml,present_verified_source_native,sources/native/form990/202403119349300920_public.xml,True,43979,291ffa1d5d63f07bcfe6edcb8a0ca1b74f05f136fcab9740b975d3fcd7dc8ed7,sources/raw/src-990-ext-muckrock-foundation.txt,True,2060,fc0fbf49984f32f971e9488fcb8ba288021513288e970c977c33dc7921ce0d91,True,verified source-native artifact
SRC-990-EXT3-NATIONAL-ACADEMY-FOR-STATE-HEALTH-POLICY,National Academy for State Health Policy,form990,yes,https://apps.irs.gov/pub/epostcard/990/xml/2025/202503179349302775_public.xml,sources/native/form990/202503179349302775_public.xml,validation_failed,sources/native/form990/202503179349302775_public.xml,True,55729,7418439f348b663ccddf54eb69e05609fff41747222f480ee7701f7a65331674,sources/raw/src-990-ext3-national-academy-for-state-health-policy.txt,True,2060,65ea2b5630466625862bd5d429f22fa833c1592454942091fe595e39f04408fa,False,source-native artifact present; expected-data validation issue
SRC-990-EXT-NATIONAL-COMMITTEE-FOR-RESPONSIVE-PHILANTHROPY,National Committee for Responsive Philanthropy,form990,yes,https://apps.irs.gov/pub/epostcard/990/xml/2026/202610449349300906_public.xml,sources/native/form990/202610449349300906_public.xml,validation_failed,sources/native/form990/202610449349300906_public.xml,True,56887,d9a85ae0c1420afb0d164a2c0ae55c55e366d0fd06bc4190e0b187e9e059cb0f,sources/raw/src-990-ext-national-committee-for-responsive-philanthropy.txt,True,1741,257d9e71f9648bb36e712e25c179d0ca288b44e78fed4f7cbc06446a01357e5d,False,source-native artifact present; expected-data validation issue
SRC-990-EXT-NATIONAL-EMPLOYMENT-LAW-PROJECT,National Employment Law Project,form990,yes,https://apps.irs.gov/pub/epostcard/990/xml/2025/202523089349302957_public.xml,sources/native/form990/202523089349302957_public.xml,validation_failed,sources/native/form990/202523089349302957_public.xml,True,71495,833c234e9bf0544e560ab6ff8210743a51f095f054bd3f9583e5cb7c212b84ac,sources/raw/src-990-ext-national-employment-law-project.txt,True,1841,24343c1c287ba574cfc05e1d50bfb8758bc2faf1281e56e588376b09edd16f2d,False,source-native artifact present; expected-data validation issue
SRC-990-EXT-NEW-AMERICA,New America,form990,yes,https://apps.irs.gov/pub/epostcard/990/xml/2025/202513109349304131_public.xml,sources/native/form990/202513109349304131_public.xml,validation_failed,sources/native/form990/202513109349304131_public.xml,True,129953,c55a4ebe3104cfaa095aa8d22afe749110903e2b1801c057aa8632c144241c05,sources/raw/src-990-ext-new-america.txt,True,1827,f5e8e24102cbd026afb87343bf137495875b05c9ca9a31fb943f7c04e55886f9,False,source-native artifact present; expected-data validation issue
SRC-990-EXT-NEW-ROOTS-INSTITUTE,New Roots Institute,form990,yes,https://apps.irs.gov/pub/epostcard/990/xml/2025/202523519349301637_public.xml,sources/native/form990/202523519349301637_public.xml,present_verified_source_native,sources/native/form990/202523519349301637_public.xml,True,45777,0b340b9c3575ba61b8a6aaad57624b24da31cc68d51598fce6a548b7cfee9cf3,sources/raw/src-990-ext-new-roots-institute.txt,True,1825,896cd373184e13edad828680d2a2183ee16c948e157e600c2128726c50200954,True,verified source-native artifact
SRC-990-EXT-NISKANEN-CENTER,Niskanen Center,form990,yes,https://apps.irs.gov/pub/epostcard/990/xml/2025/202523179349301947_public.xml,sources/native/form990/202523179349301947_public.xml,validation_failed,sources/native/form990/202523179349301947_public.xml,True,65583,d947331365e24d53aa92a48433d6f6f090195239f9d141772e7fdfd824da80c1,sources/raw/src-990-ext-niskanen-center.txt,True,1925,a069ba513891fd54420133de5f75ef244f8c5d9a2135598289d6248f05e7aed3,False,source-native artifact present; expected-data validation issue
SRC-990-EXT3-NUCLEAR-INNOVATION-ALLIANCE,Nuclear Innovation Alliance,form990,yes,https://apps.irs.gov/pub/epostcard/990/xml/2026/202621339349301817_public.xml,sources/native/form990/202621339349301817_public.xml,validation_failed,sources/native/form990/202621339349301817_public.xml,True,37716,5990d380b548157833927ec47b5c87a4a785422b08fab771b781335c5538d466,sources/raw/src-990-ext3-nuclear-innovation-alliance.txt,True,2004,1b02431230919c8f5a39a95010acdf9b4785536fa73cd3ccd287dbe54f4ae5ce,False,source-native artifact present; expected-data validation issue
SRC-990-EXT-NUCLEAR-THREAT-INITIATIVE,Nuclear Threat Initiative,form990,yes,https://apps.irs.gov/pub/epostcard/990/xml/2025/202522119349301667_public.xml,sources/native/form990/202522119349301667_public.xml,validation_failed,sources/native/form990/202522119349301667_public.xml,True,129609,6e51864590f824e0373f0b304bfa45ffad908702dd9954f7daa799fc872e8f3d,sources/raw/src-990-ext-nuclear-threat-initiative.txt,True,1896,087c8899170f864c7207b8d1b809b4517bc28a4f5b41bab13cb7ac750d22b3b0,False,source-native artifact present; expected-data validation issue
SRC-990-EXT-NUMFOCUS,NumFOCUS,form990,yes,https://apps.irs.gov/pub/epostcard/990/xml/2025/202512979349301136_public.xml,sources/native/form990/202512979349301136_public.xml,validation_failed,sources/native/form990/202512979349301136_public.xml,True,43063,f96ac179226d376532c3a0df6c0c9f8ff428c457d0687fef7ab7dcd5fb92f641,sources/raw/src-990-ext-numfocus.txt,True,1953,f42092efab8cce6d011504f9c537b653e998f6bd4658f3ec6fb354e063744738,False,source-native artifact present; expected-data validation issue
SRC-990-EXT-ORCID,ORCID,form990,yes,https://apps.irs.gov/pub/epostcard/990/xml/2025/202501769349301020_public.xml,sources/native/form990/202501769349301020_public.xml,validation_failed,sources/native/form990/202501769349301020_public.xml,True,72143,b691925331681cd3a811bcbcaae2ebba079daf182e6fbeaf22cfff7eb4467bd7,sources/raw/src-990-ext-orcid.txt,True,1834,76817ef8d9d052cc9b26b22f79808d29d7b7389c07edbe4106edb0c4b74d63b9,False,source-native artifact present; expected-data validation issue
SRC-990-EXT-OPEN-MARKETS-INSTITUTE,Open Markets Institute,form990,yes,https://apps.irs.gov/pub/epostcard/990/xml/2025/202533209349300548_public.xml,sources/native/form990/202533209349300548_public.xml,validation_failed,sources/native/form990/202533209349300548_public.xml,True,47617,5bbcaa90a2220cc15713dbb4292b4878851f3340ccff165050758776582c1c8b,sources/raw/src-990-ext-open-markets-institute.txt,True,1821,49cc43ddeb5aede450d3474a28f0989c50dc7a02fd2396a021d354b10973c6d6,False,source-native artifact present; expected-data validation issue
SRC-990-EXT-OPEN-SOURCE-INITIATIVE,Open Source Initiative,form990,yes,https://apps.irs.gov/pub/epostcard/990/xml/2025/202533079349301473_public.xml,sources/native/form990/202533079349301473_public.xml,validation_failed,sources/native/form990/202533079349301473_public.xml,True,57733,95ac7e266296dede41e6896973457c99f364d916cb208e6b55ee17f173cb2d3a,sources/raw/src-990-ext-open-source-initiative.txt,True,1890,1f369506150d329d48566b078a0eec542f27fdd1146daef3bcae2c7cbc838f94,False,source-native artifact present; expected-data validation issue
SRC-990-EXT-OPEN-TECHNOLOGY-FUND,Open Technology Fund,form990,yes,https://apps.irs.gov/pub/epostcard/990/xml/2025/202502249349302770_public.xml,sources/native/form990/202502249349302770_public.xml,validation_failed,sources/native/form990/202502249349302770_public.xml,True,58606,9bba7b1d820f799380c8d07960755af9a1f78f89e868724b569e874d85a46f98,sources/raw/src-990-ext-open-technology-fund.txt,True,1965,bbb4ab8219a830c44340bda3f669a8fd54dc8e5e9d5ffc8ca371513d79a079cc,False,source-native artifact present; expected-data validation issue
SRC-990-EXT-OPENSECRETS,OpenSecrets,form990,yes,https://apps.irs.gov/pub/epostcard/990/xml/2026/202631979349301803_public.xml,sources/native/form990/202631979349301803_public.xml,validation_failed,sources/native/form990/202631979349301803_public.xml,True,47251,bef198c1f3f6724fc71d03d47b2b7ff5e16705bc73473596f683085bcd0eda6f,sources/raw/src-990-ext-opensecrets.txt,True,1865,c9fe6e5bfc634b2101675784ba8ded0b6d63e574b6efcb66acea445ed87032f2,False,source-native artifact present; expected-data validation issue
SRC-990-EXT-PEAK-GRANTMAKING,PEAK Grantmaking,form990,yes,https://apps.irs.gov/pub/epostcard/990/xml/2025/202511219349301641_public.xml,sources/native/form990/202511219349301641_public.xml,validation_failed,sources/native/form990/202511219349301641_public.xml,True,66925,a164cb1dbd7b7c54dc85b35fc0bdc30433ebce9c308597452c50c5f85144f771,sources/raw/src-990-ext-peak-grantmaking.txt,True,1685,edd1b52f404247104eec5add7faebcd5db28f2e07f34e40a04c4da692874ed24,False,source-native artifact present; expected-data validation issue
SRC-990-EXT-PARTNERSHIP-ON-AI,Partnership on AI,form990,yes,https://apps.irs.gov/pub/epostcard/990/xml/2025/202543219349322709_public.xml,sources/native/form990/202543219349322709_public.xml,validation_failed,sources/native/form990/202543219349322709_public.xml,True,69852,7c77fa2c1b795eebaa41cfdfe283c40d536a7111a63833f5c9038270335bdcb6,sources/raw/src-990-ext-partnership-on-ai.txt,True,1886,d6579d468831b2a8e0d8caeae04aeb3ea95cb0c9de72748c5d1c4a97e04d04ff,False,source-native artifact present; expected-data validation issue
SRC-990-EXT-PETERSON-INSTITUTE-FOR-INTERNATIONAL-ECONOMICS,Peterson Institute for International Economics,form990,yes,https://apps.irs.gov/pub/epostcard/990/xml/2026/202611189349300636_public.xml,sources/native/form990/202611189349300636_public.xml,validation_failed,sources/native/form990/202611189349300636_public.xml,True,90658,1205da2294db196d86d84e71efe907033931fa2233fa778135a98ca9c0b42c75,sources/raw/src-990-ext-peterson-institute-for-international-economics.txt,True,1759,f548fe6d6b78fad50b355c9dc9a9a58382400eef95c190abcd78056610e30bc8,False,source-native artifact present; expected-data validation issue
SRC-990-EXT-PHYSICIANS-COMMITTEE-FOR-RESPONSIBLE-MEDICINE,Physicians Committee for Responsible Medicine,form990,yes,https://apps.irs.gov/pub/epostcard/990/xml/2026/202630169349300803_public.xml,sources/native/form990/202630169349300803_public.xml,present_verified_source_native,sources/native/form990/202630169349300803_public.xml,True,94225,3033e83233895a57501dac0a9b62c86eaf3f0dbe2208fbf2a41e97eae0f79ca4,sources/raw/src-990-ext-physicians-committee-for-responsible-medicine.txt,True,1853,dd5f6aeadb61e40e42274f9b8438f961ba0fe0bfcd87483ae646cc5398d324f9,True,verified source-native artifact
SRC-990-EXT-PHYSICIANS-FOR-SOCIAL-RESPONSIBILITY,Physicians for Social Responsibility,form990,yes,https://apps.irs.gov/pub/epostcard/990/xml/2025/202512749349301461_public.xml,sources/native/form990/202512749349301461_public.xml,validation_failed,sources/native/form990/202512749349301461_public.xml,True,59656,303e50be9360a60f98d6cd536db71db98c837668a2de4b3c6c4f93ca1bce71aa,sources/raw/src-990-ext-physicians-for-social-responsibility.txt,True,1966,7f0cbf87a247c56f51ed8f4cf084361f7616ac184510e94c477dc00ecda75deb,False,source-native artifact present; expected-data validation issue
SRC-990-EXT-PLOUGHSHARES-FUND,Ploughshares Fund,form990,yes,https://apps.irs.gov/pub/epostcard/990/xml/2026/202620979349300102_public.xml,sources/native/form990/202620979349300102_public.xml,validation_failed,sources/native/form990/202620979349300102_public.xml,True,107067,a90ddc138c901bd5d4e39696bfb25c26ab9b7848bea247c0bbfeef0a0361918b,sources/raw/src-990-ext-ploughshares-fund.txt,True,1973,4358ec3a28e4c477f6cec6dfb41d2ef76cd68d7b686f453a940578e8190e82a1,False,source-native artifact present; expected-data validation issue
SRC-990-EXT-POPULATION-REFERENCE-BUREAU,Population Reference Bureau,form990,yes,https://apps.irs.gov/pub/epostcard/990/xml/2025/202501789349301305_public.xml,sources/native/form990/202501789349301305_public.xml,validation_failed,sources/native/form990/202501789349301305_public.xml,True,78349,f9d79a98a26cdf6d4829f2d761f3d5e0bb17065a00bc6173b8f1c8c8873764e1,sources/raw/src-990-ext-population-reference-bureau.txt,True,1912,8945b0701be49f1ceb446d9b05e9ce1516b2473893d811739e299ef59c6cdb52,False,source-native artifact present; expected-data validation issue
SRC-990-EXT-PRECISION-DEVELOPMENT,Precision Development,form990,yes,https://apps.irs.gov/pub/epostcard/990/xml/2024/202433199349302193_public.xml,sources/native/form990/202433199349302193_public.xml,validation_failed,sources/native/form990/202433199349302193_public.xml,True,43070,2f5337b4c585543cede07020b0efaa82e0aa4d20a9ad640df012c12aed08b792,sources/raw/src-990-ext-precision-development.txt,True,1925,10c7d8d597b1e6edb5cf7ed8443f6ff413a78bf00b535ebdbe6ccf51bf022736,False,source-native artifact present; expected-data validation issue
SRC-990-EXT-PROJECT-DRAWDOWN,Project Drawdown,form990,yes,https://apps.irs.gov/pub/epostcard/990/xml/2025/202512529349301621_public.xml,sources/native/form990/202512529349301621_public.xml,validation_failed,sources/native/form990/202512529349301621_public.xml,True,49850,794062f41e8de2550048acb39e7afc812f5f45964ba069de197e27871a176d58,sources/raw/src-990-ext-project-drawdown.txt,True,1906,95f9eeb5921bb6f59f7db93c0a1f147c83e49db5b3098effa0223dbb7075382c,False,source-native artifact present; expected-data validation issue
SRC-990-EXT-PROJECT-HEALTHY-CHILDREN,Project Healthy Children,form990,yes,https://apps.irs.gov/pub/epostcard/990/xml/2024/202422259349302007_public.xml,sources/native/form990/202422259349302007_public.xml,validation_failed,sources/native/form990/202422259349302007_public.xml,True,43043,65201cc4f87c79e5db2eb2af58e422d55c12cd72c02eb76fd1619ba0807b2f70,sources/raw/src-990-ext-project-healthy-children.txt,True,2058,94b35f9c745f0ebc74dd33f4a0c2ed18b0865342e69f88b4444cbd06647908c9,False,source-native artifact present; expected-data validation issue
SRC-990-EXT-PUBLIC-AGENDA,Public Agenda,form990,yes,https://apps.irs.gov/pub/epostcard/990/xml/2026/202631029349300503_public.xml,sources/native/form990/202631029349300503_public.xml,validation_failed,sources/native/form990/202631029349300503_public.xml,True,48019,35b423fee58901668774576b88259ec69de55eb70d8964d5376b4ebbe7fbd698,sources/raw/src-990-ext-public-agenda.txt,True,1844,4fc7ee5dde0eaf07b84837b50c1b0956f8dcc6f058e16e52ba5953ac6feb20be,False,source-native artifact present; expected-data validation issue
SRC-990-EXT-PUBLIC-KNOWLEDGE,Public Knowledge,form990,yes,https://apps.irs.gov/pub/epostcard/990/xml/2025/202533149349301903_public.xml,sources/native/form990/202533149349301903_public.xml,validation_failed,sources/native/form990/202533149349301903_public.xml,True,53843,5f215e06b07e5b588f6698b4bee7e943b7eec8b6c75fcf9f56a83686e0e046b4,sources/raw/src-990-ext-public-knowledge.txt,True,1733,3e4f0f79acee790c93770750119769cd840ef4f483deb38b6a5cfceb16d9880d,False,source-native artifact present; expected-data validation issue
SRC-990-EXT-PUBLIC-RELIGION-RESEARCH-INSTITUTE,Public Religion Research Institute,form990,yes,https://apps.irs.gov/pub/epostcard/990/xml/2025/202533189349309763_public.xml,sources/native/form990/202533189349309763_public.xml,validation_failed,sources/native/form990/202533189349309763_public.xml,True,49604,5e6b8902ffadbe98438913629a1d1a52dba493badf53608b30a658fb1cf2a665,sources/raw/src-990-ext-public-religion-research-institute.txt,True,1971,032baf01bb120db30ae0586f2e50f6c7563746ff77139b07c29bbde35bcd901c,False,source-native artifact present; expected-data validation issue
SRC-990-EXT-PURE-EARTH,Pure Earth,form990,yes,https://apps.irs.gov/pub/epostcard/990/xml/2025/202532809349302073_public.xml,sources/native/form990/202532809349302073_public.xml,present_verified_source_native,sources/native/form990/202532809349302073_public.xml,True,78816,3f1f278275fc8c2b042e1705769265cccdc36b428cfee9e6a40e3ef940b182c1,sources/raw/src-990-ext-pure-earth.txt,True,1782,df87a9167062f8f05c074469495e9473e37d9a54be3598046fb39c6c984c3e0c,True,verified source-native artifact
SRC-990-EXT-QUINCY-INSTITUTE-FOR-RESPONSIBLE-STATECRAFT,Quincy Institute for Responsible Statecraft,form990,yes,https://apps.irs.gov/pub/epostcard/990/xml/2025/202523169349300137_public.xml,sources/native/form990/202523169349300137_public.xml,validation_failed,sources/native/form990/202523169349300137_public.xml,True,56795,aa714b9c9d44f1f5a925eb3ba23fa8a238d8afe32a9f9eb3cade4ba3f6aff3ba,sources/raw/src-990-ext-quincy-institute-for-responsible-statecraft.txt,True,1859,26adeadf96289c148b2c34414412fc165aef05a586f2d325b1011345959e3bd7,False,source-native artifact present; expected-data validation issue
SRC-990-EXT-R-STREET-INSTITUTE,R Street Institute,form990,yes,https://apps.irs.gov/pub/epostcard/990/xml/2025/202503119349301245_public.xml,sources/native/form990/202503119349301245_public.xml,validation_failed,sources/native/form990/202503119349301245_public.xml,True,63146,920493b9aa4cfe4095d8ff47e8dda045080d66d678b6e5c621556a35e472b6ff,sources/raw/src-990-ext-r-street-institute.txt,True,2041,0e0a851b9e10f76c32f9f0f14e94be8e057d604c19fb9f21d9f54e4776048daf,False,source-native artifact present; expected-data validation issue
SRC-990-EXT-REDWOOD-RESEARCH,Redwood Research,form990,yes,https://apps.irs.gov/pub/epostcard/990/xml/2025/202503199349302920_public.xml,sources/native/form990/202503199349302920_public.xml,validation_failed,sources/native/form990/202503199349302920_public.xml,True,38346,ab71b7113874c9da8fd610db1ab63414e6029c0ca4b3ec3560aefc2d36fb70d4,sources/raw/src-990-ext-redwood-research.txt,True,1856,d09cfadeb43fb3f6775cff42a2267690232bb389a8b2be454656dbce0bfb4719,False,source-native artifact present; expected-data validation issue
SRC-990-EXT-RESEARCH-AMERICA,Research!America,form990,yes,https://apps.irs.gov/pub/epostcard/990/xml/2026/202601319349302140_public.xml,sources/native/form990/202601319349302140_public.xml,validation_failed,sources/native/form990/202601319349302140_public.xml,True,87791,135c4353237b6d34538b4f875445384b014f16be3b77ab210161fa368bc0e9b8,sources/raw/src-990-ext-research-america.txt,True,1711,38bed50d76699686f599ef4467cdbe930b4b6a94c19d0a945085c07dc3464629,False,source-native artifact present; expected-data validation issue
SRC-990-EXT-RESULTS-FOR-AMERICA,Results for America,form990,yes,https://apps.irs.gov/pub/epostcard/990/xml/2025/202513179349309376_public.xml,sources/native/form990/202513179349309376_public.xml,validation_failed,sources/native/form990/202513179349309376_public.xml,True,65311,8c6c50d522619bc890493d8c0c1c4a0896775ebde7a58ccbad27d2604044b46d,sources/raw/src-990-ext-results-for-america.txt,True,1965,b6f2de62679b0d34ed3f528d673719a49145f8abe123a6bc17aef6d19554238f,False,source-native artifact present; expected-data validation issue
SRC-990-EXT-RESULTS-FOR-DEVELOPMENT,Results for Development,form990,yes,https://apps.irs.gov/pub/epostcard/990/xml/2025/202512739349302306_public.xml,sources/native/form990/202512739349302306_public.xml,validation_failed,sources/native/form990/202512739349302306_public.xml,True,96564,bd52235d3f7803600f2b4d127ccba30b421d66b9804315ea5bba1d33f1da0bb0,sources/raw/src-990-ext-results-for-development.txt,True,1854,b1b4511364cd8152b756eccaf35504093c87c16dfef5f7d12af3cf425f6dd05a,False,source-native artifact present; expected-data validation issue
SRC-990-RP-REFERENCE,Rethink Priorities,form990,yes,https://apps.irs.gov/pub/epostcard/990/xml/2025/2025_TEOS_XML_11A.zip,sources/native/form990/202502879349301540_public.xml,present_verified_source_native,sources/native/form990/202502879349301540_public.xml,True,78873,adc9db204f475d72c03baa93a953e1d26b86001ee17ecfdeab2dc914ae91d91a,,False,0,,True,verified source-native artifact
SRC-990-EXT-ROOSEVELT-INSTITUTE,Roosevelt Institute,form990,yes,https://apps.irs.gov/pub/epostcard/990/xml/2025/202532729349301978_public.xml,sources/native/form990/202532729349301978_public.xml,validation_failed,sources/native/form990/202532729349301978_public.xml,True,77582,fd2289c92a90881e03847f8c55d1f0bcdc5618dd977ebd08c43f9f32ea2da35a,sources/raw/src-990-ext-roosevelt-institute.txt,True,1800,f52a9d4e8d9ec46f6df8129da3f9fa099e5a0f1591f6f9a39c9fad12d0e49ef2,False,source-native artifact present; expected-data validation issue
SRC-990-EXT-SAN-FRANCISCO-ESTUARY-INSTITUTE,San Francisco Estuary Institute,form990,yes,https://apps.irs.gov/pub/epostcard/990/xml/2026/202631319349304238_public.xml,sources/native/form990/202631319349304238_public.xml,validation_failed,sources/native/form990/202631319349304238_public.xml,True,62014,aaf3dacc55d738578843e74e372542835bc301bfef91f9e5617637699f9f2cbb,sources/raw/src-990-ext-san-francisco-estuary-institute.txt,True,1702,b9d44d786b55a31ac6b8cb760d6d3e56814a5d3ea063d18b6e67d58fa1869ea8,False,source-native artifact present; expected-data validation issue
SRC-990-EXT-SENTIENT-MEDIA,Sentient Media,form990,yes,https://apps.irs.gov/pub/epostcard/990/xml/2025/202512829349301726_public.xml,sources/native/form990/202512829349301726_public.xml,present_verified_source_native,sources/native/form990/202512829349301726_public.xml,True,28098,71fcda3c1288b146e969fa7f37e5aaebeabd2b5a4b5e0dc5b02e8493edf53fef,sources/raw/src-990-ext-sentient-media.txt,True,1901,27d8278c761ea9ca56353c24f399bb0b4e68e05d7123de332107095ae7dd7204,True,verified source-native artifact
SRC-990-EXT-SIGHTLINE-INSTITUTE,Sightline Institute,form990,yes,https://apps.irs.gov/pub/epostcard/990/xml/2025/202522249349300332_public.xml,sources/native/form990/202522249349300332_public.xml,validation_failed,sources/native/form990/202522249349300332_public.xml,True,53866,85ad4d561e4cb9ce63344fd55e5c71c0279f28dc3da60e96387606fcbff451a6,sources/raw/src-990-ext-sightline-institute.txt,True,1905,dc9d4b236b22d8e3a8f564a2b848c2b3db89f329d7080e72c377479e775f0088,False,source-native artifact present; expected-data validation issue
SRC-990-EXT-SOCIAL-SCIENCE-RESEARCH-COUNCIL,Social Science Research Council,form990,yes,https://apps.irs.gov/pub/epostcard/990/xml/2026/202641339349307834_public.xml,sources/native/form990/202641339349307834_public.xml,validation_failed,sources/native/form990/202641339349307834_public.xml,True,74687,2745fb979631bfb269a526f372971d7d076ec106d0bde1481120354d6de3294c,sources/raw/src-990-ext-social-science-research-council.txt,True,1959,97ab47f0f6f0bc1e2b95dac3fe4797ced05418b8f7dbe8b2b25a491abb9e68bc,False,source-native artifact present; expected-data validation issue
SRC-990-EXT-SOFTWARE-FREEDOM-CONSERVANCY,Software Freedom Conservancy,form990,yes,https://apps.irs.gov/pub/epostcard/990/xml/2026/202640169349300604_public.xml,sources/native/form990/202640169349300604_public.xml,validation_failed,sources/native/form990/202640169349300604_public.xml,True,60893,125392ce3a1bd19211035c6f56c37ef9955690439a66d6c1a5088ba751b81b85,sources/raw/src-990-ext-software-freedom-conservancy.txt,True,2013,6f50793bbf8662759831bb889222e889435223c12f53b21e20fe05aca414458c,False,source-native artifact present; expected-data validation issue
SRC-990-EXT-STIMSON-CENTER,Stimson Center,form990,yes,https://apps.irs.gov/pub/epostcard/990/xml/2025/202533169349304988_public.xml,sources/native/form990/202533169349304988_public.xml,validation_failed,sources/native/form990/202533169349304988_public.xml,True,71792,cdb8095e89f2e7296c9dd9aff30f12f504cff96a1a0bf1c061f25f638006e53c,sources/raw/src-990-ext-stimson-center.txt,True,1688,8f0cb5df3e6b1030ea7bb9d0d7210b2cf80f0a5817266af339e4a77a04734214,False,source-native artifact present; expected-data validation issue
SRC-990-EXT-STRONGMINDS,StrongMinds,form990,yes,https://apps.irs.gov/pub/epostcard/990/xml/2025/202511719349300036_public.xml,sources/native/form990/202511719349300036_public.xml,validation_failed,sources/native/form990/202511719349300036_public.xml,True,43874,13adc2f781f0f3d3d57baf4bea3b5248a332e1bf8dbb4e4173479ffa1a847d0a,sources/raw/src-990-ext-strongminds.txt,True,1835,7e61b3dc56a05e8ae291106ea6e307a5e5f99cdd9baef778728d842157e7cd38,False,source-native artifact present; expected-data validation issue
SRC-990-EXT-TAX-FOUNDATION,Tax Foundation,form990,yes,https://apps.irs.gov/pub/epostcard/990/xml/2026/202631959349301758_public.xml,sources/native/form990/202631959349301758_public.xml,validation_failed,sources/native/form990/202631959349301758_public.xml,True,78465,8d10400f52532f44687434df0ec7647a6c544c4a712246aeb8a4e9f43250b55e,sources/raw/src-990-ext-tax-foundation.txt,True,1841,5720c30bc988b64e084da973728290a7ae1105b96f7410f0a606d778c99e30ad,False,source-native artifact present; expected-data validation issue
SRC-990-EXT-TECHCONGRESS,TechCongress,form990,yes,https://apps.irs.gov/pub/epostcard/990/xml/2026/202621959349301032_public.xml,sources/native/form990/202621959349301032_public.xml,validation_failed,sources/native/form990/202621959349301032_public.xml,True,34531,d099788d15d21650dd2e09b3516098d5260218196839a24863dc3b1446631438,sources/raw/src-990-ext-techcongress.txt,True,1931,1ad9c37b0e6031d43e3e12924d9a676d5b9f1963a12f4a6074559a7cdf2400d0,False,source-native artifact present; expected-data validation issue
SRC-990-EXT-TECHNICAL-ASSISTANCE-COLLABORATIVE,Technical Assistance Collaborative,form990,yes,https://apps.irs.gov/pub/epostcard/990/xml/2025/202500629349300740_public.xml,sources/native/form990/202500629349300740_public.xml,validation_failed,sources/native/form990/202500629349300740_public.xml,True,73913,6a7c347dbea903ecfbd579f8360e44fbf66e89d1123cdc51ae2ea863fc942f8a,sources/raw/src-990-ext-technical-assistance-collaborative.txt,True,1919,33462705318f93b66413653bf91a174087a5e28c88778b22019f63fe5e0bdcda,False,source-native artifact present; expected-data validation issue
SRC-990-EXT-THE-HUMANE-LEAGUE,The Humane League,form990,yes,https://apps.irs.gov/pub/epostcard/990/xml/2025/202512489349301801_public.xml,sources/native/form990/202512489349301801_public.xml,validation_failed,sources/native/form990/202512489349301801_public.xml,True,85958,34c80362d17e214c8a340715724179ac6708ed52252d4517c7ac03b7d05708c7,sources/raw/src-990-ext-the-humane-league.txt,True,1906,41fca7b3bd039cba3049269b5603fdcdfb837d46716257efd4436ff39162259d,False,source-native artifact present; expected-data validation issue
SRC-990-EXT-THE-SENTENCING-PROJECT,The Sentencing Project,form990,yes,https://apps.irs.gov/pub/epostcard/990/xml/2025/202522829349301367_public.xml,sources/native/form990/202522829349301367_public.xml,validation_failed,sources/native/form990/202522829349301367_public.xml,True,77763,b8f9c695d551a3d4b6d23f92ed0f34f8d6888b3e0c680e152c837deeab6b9818,sources/raw/src-990-ext-the-sentencing-project.txt,True,1825,b81c3c7734abfd26cbcf86be9f9785c9c3c3e91f1d1a6285bbe1f95ae1cc3131,False,source-native artifact present; expected-data validation issue
SRC-990-EXT-THIRD-WAY-INSTITUTE,Third Way Institute,form990,yes,https://apps.irs.gov/pub/epostcard/990/xml/2025/202543159349301669_public.xml,sources/native/form990/202543159349301669_public.xml,validation_failed,sources/native/form990/202543159349301669_public.xml,True,49988,be99f3d085fb31416e61ad0ced379bccc12dc8b2827409f2360d1cd33b5d0126,sources/raw/src-990-ext-third-way-institute.txt,True,1928,04241e42a2bd1693f05123d7b276fe597c5d4659790cce57eb9f5f2fd5267b40,False,source-native artifact present; expected-data validation issue
SRC-990-EXT-VERA-INSTITUTE-OF-JUSTICE,Vera Institute of Justice,form990,yes,https://apps.irs.gov/pub/epostcard/990/xml/2026/202631359349314463_public.xml,sources/native/form990/202631359349314463_public.xml,validation_failed,sources/native/form990/202631359349314463_public.xml,True,116769,6851d09e78d781d6c4024aeb93c747c20767dbf8bb8819d4af6a9822713184b7,sources/raw/src-990-ext-vera-institute-of-justice.txt,True,1968,16728dcb2bbfa73ee0a1700881266cb9dfd270773fcd68388609c1b463e638f9,False,source-native artifact present; expected-data validation issue
SRC-990-EXT-VILLAGE-ENTERPRISE,Village Enterprise,form990,yes,https://apps.irs.gov/pub/epostcard/990/xml/2026/202631359349301128_public.xml,sources/native/form990/202631359349301128_public.xml,validation_failed,sources/native/form990/202631359349301128_public.xml,True,68971,5678619360723d5b69f33fed575659c4da05476e14be3a0ca00423b255a2c340,sources/raw/src-990-ext-village-enterprise.txt,True,1841,3eb276d3c8ef89b59d64f6feedac28f7f60d33d56c68841bbfc0361104835ead,False,source-native artifact present; expected-data validation issue
SRC-990-EXT-VILLAGEREACH,VillageReach,form990,yes,https://apps.irs.gov/pub/epostcard/990/xml/2025/202512199349301336_public.xml,sources/native/form990/202512199349301336_public.xml,validation_failed,sources/native/form990/202512199349301336_public.xml,True,88839,c5dab710dd25e83cbeda534650ca94764b0ff9873841c33b606205762e8c3ec3,sources/raw/src-990-ext-villagereach.txt,True,1810,73aa0b9e5992f3d5871436dc33ec4dac2df25a0130371cb9ce4baad14bf821a3,False,source-native artifact present; expected-data validation issue
SRC-990-EXT3-WATTTIME,WattTime,form990,yes,https://apps.irs.gov/pub/epostcard/990/xml/2026/202620979349301707_public.xml,sources/native/form990/202620979349301707_public.xml,present_verified_source_native,sources/native/form990/202620979349301707_public.xml,True,56824,a81b139be39f9f6df3452ac49e0559a9bcda85e3e193da439af7b889278e5fbc,sources/raw/src-990-ext3-watttime.txt,True,2020,ac42404c3b6461c72ee81bd83e065c1bd2633a5e1b98f7868a189be8a4bc2d57,True,verified source-native artifact
SRC-990-EXT-WILD-ANIMAL-INITIATIVE,Wild Animal Initiative,form990,yes,https://apps.irs.gov/pub/epostcard/990/xml/2025/202532319349300913_public.xml,sources/native/form990/202532319349300913_public.xml,present_verified_source_native,sources/native/form990/202532319349300913_public.xml,True,38877,900c1a5962d784af961c6756674bfc6a391f157b1cde9ece5be433a325fac6b1,sources/raw/src-990-ext-wild-animal-initiative.txt,True,1774,23e56d14a660e4a24d7fb1c7ba03103401f3cb58e83729f27d6043531f649748,True,verified source-native artifact
SRC-990-EXT-WORLD-JUSTICE-PROJECT,World Justice Project,form990,yes,https://apps.irs.gov/pub/epostcard/990/xml/2025/202543089349302129_public.xml,sources/native/form990/202543089349302129_public.xml,validation_failed,sources/native/form990/202543089349302129_public.xml,True,72470,bd8983dc77b95d2f1821aa7fa666912a0a8a4f6c66183bfdcae3290b05985011,sources/raw/src-990-ext-world-justice-project.txt,True,1701,c1e39bd029c8bbf7854434f10c998adda2231d3a6abe34de9ebbbc659db268f3,False,source-native artifact present; expected-data validation issue
SRC-990-EXT-IDEAS42,ideas42,form990,yes,https://apps.irs.gov/pub/epostcard/990/xml/2024/202423199349314832_public.xml,sources/native/form990/202423199349314832_public.xml,validation_failed,sources/native/form990/202423199349314832_public.xml,True,99328,47bf9d5f2ef4f661c599fb3dfc5d2e241cb1f8fa1b137f575ba6e786ff02c011,sources/raw/src-990-ext-ideas42.txt,True,1824,d697d02aed3bb37948a6a8e9be90bb075da2e64c45e004332614a647a04b4a26,False,source-native artifact present; expected-data validation issue
SRC-CANDIDATES-EXT2,Rethink Priorities benchmark,frozen_local_input,yes,,frozen/extension2_new_candidates_precomp.csv,present_verified_local,frozen/extension2_new_candidates_precomp.csv,True,31510,9ed0ee56e13d29ea571124a8373d39e1d5d2b877d599e410f5c27d3b9ede68a8,frozen/extension2_new_candidates_precomp.csv,True,31510,9ed0ee56e13d29ea571124a8373d39e1d5d2b877d599e410f5c27d3b9ede68a8,True,verified frozen local input
SRC-CANDIDATES-EXT3,Rethink Priorities benchmark,frozen_local_input,yes,,frozen/extension3_new_candidates_precomp.csv,present_verified_local,frozen/extension3_new_candidates_precomp.csv,True,44776,b0c04fb1cec71b2496da1d8ade07d74ebf14abc43f11dc7ede81581f3b3316cc,frozen/extension3_new_candidates_precomp.csv,True,44776,b0c04fb1cec71b2496da1d8ade07d74ebf14abc43f11dc7ede81581f3b3316cc,True,verified frozen local input
SRC-LEGACY-BRIDGE,Rethink Priorities benchmark,frozen_local_input,yes,,frozen/legacy_original_peer_bridge_precomp.csv,present_verified_local,frozen/legacy_original_peer_bridge_precomp.csv,True,5676,ec5924cc4586012f2d1d1f902284954958d31a03bf4578807be399729a255c12,frozen/legacy_original_peer_bridge_precomp.csv,True,5676,ec5924cc4586012f2d1d1f902284954958d31a03bf4578807be399729a255c12,True,verified frozen local input
SRC-PROTOCOL-EXT2,Rethink Priorities benchmark,frozen_local_input,yes,,frozen/extension2_protocol_amendment.md,present_verified_local,frozen/extension2_protocol_amendment.md,True,5062,bcfa477a761a54ee0ea99c4a8d969ab440f50a247b54f3b144bf4d7226bb81b2,frozen/extension2_protocol_amendment.md,True,5062,bcfa477a761a54ee0ea99c4a8d969ab440f50a247b54f3b144bf4d7226bb81b2,True,verified frozen local input
SRC-PROTOCOL-EXT3,Rethink Priorities benchmark,frozen_local_input,yes,,frozen/extension3_protocol_amendment.md,present_verified_local,frozen/extension3_protocol_amendment.md,True,2697,c048466b556ea38232fcfbd8ed92745fa9a198706eb2a9a7115041c1b9dea27b,frozen/extension3_protocol_amendment.md,True,2697,c048466b556ea38232fcfbd8ed92745fa9a198706eb2a9a7115041c1b9dea27b,True,verified frozen local input
SRC-UNIVERSE-EXT2,Rethink Priorities benchmark,frozen_local_input,yes,,frozen/combined_peer_universe_precomp.csv,present_verified_local,frozen/combined_peer_universe_precomp.csv,True,179799,5ab36e39683e2b11f96faabaa39a8994081e13e82425263e45a28bd3f37daeba,frozen/combined_peer_universe_precomp.csv,True,179799,5ab36e39683e2b11f96faabaa39a8994081e13e82425263e45a28bd3f37daeba,True,verified frozen local input
SRC-UNIVERSE-EXT3,Rethink Priorities benchmark,frozen_local_input,yes,,frozen/combined_peer_universe_3wave_precomp.csv,present_verified_local,frozen/combined_peer_universe_3wave_precomp.csv,True,138373,d84b6c772f8017bd4ddb8a4327012aabe40b6cd25198552558b4018f6c32e4c3,frozen/combined_peer_universe_3wave_precomp.csv,True,138373,d84b6c772f8017bd4ddb8a4327012aabe40b6cd25198552558b4018f6c32e4c3,True,verified frozen local input
SRC-AD-ALLCHICAGO,All Chicago Making Homelessness History,job_ad,yes,https://allchicago.org/,sources/native/job_ads/src-ad-allchicago.html,present_verified_source_native,sources/native/job_ads/src-ad-allchicago.html,True,212450,beb392d2e7f3857896e36a4dd70c06b0029472681cf75d8f7b33c801b6e85aa8,sources/raw/src-ad-allchicago.txt,True,1172,f794b1f8eee006475dc110f9543d41c193a9e88a348e599f41f49f57b20b1832,True,verified source-native artifact
SRC-AD-ANDYHILL-2026,Andy Hill Cancer Research Endowment (CARE) Fund,job_ad,yes,https://careers.councilofnonprofits.org/jobs/executive-director-in-bothell-washington-us/,sources/native/job_ads/src-ad-andyhill-2026.html,present_verified_source_native,sources/native/job_ads/src-ad-andyhill-2026.pdf,True,1311559,ab4a4843adbc21ef60749822ac26e4e2dceac683d118f48f0426b59dba2ee97b,sources/raw/src-ad-andyhill-2026.txt,True,2064,28c8d619e349408d7c3afe0383b2a4f6e13e29b2877f81eeaffed96280c358cc,True,verified source-native artifact
SRC-AD-APPLESEED-2026,Appleseed Foundation,job_ad,yes,https://remoteimpact.org/jobs/executive-director-appleseed-foundation/,sources/native/job_ads/src-ad-appleseed-2026.html,present_verified_source_native,sources/native/job_ads/src-ad-appleseed-2026.html,True,87476,255ab028e61878ea73157e237957a908b052d36954b2f1ae8b2968bc68d32407,sources/raw/src-ad-appleseed-2026.txt,True,1641,9b676014c65360b980750736e4caf3a629239136252f52443ce54f83d61fe2b3,True,verified source-native artifact
SRC-AD-CSCCE,Center for Scientific Collaboration and Community Engagement,job_ad,yes,https://www.cscce.org/,sources/native/job_ads/src-ad-cscce.html,present_verified_source_native,sources/native/job_ads/src-ad-cscce.html,True,110208,1e41eb60e51d29ac684814a2dca01bdaed2e4548f7851ec59af9d1fc7a69c7ce,sources/raw/src-ad-cscce.txt,True,1216,001a654d7913e1a3ba2dab1fadb3cc28d8b06f28bdf06b3fdb671713a9e808ab,True,verified source-native artifact
SRC-AD-CHAPA-AMBIG,Citizens Housing and Planning Association,job_ad,yes,https://commonwealthbeacon.org/job/citizens-housing-and-planning-association-boston-full-time-chief-executive-officer/,sources/native/job_ads/src-ad-chapa-ambig.html,present_verified_source_native,sources/native/job_ads/src-ad-chapa-ambig.html,True,328513,4d4422b2f9b78d08c4746fa74f12ed820b0142acfc5e43d6211823bc01bc6937,sources/raw/src-ad-chapa-ambiguous.txt,True,1990,ee9bd5a2d4a3d3d8d878ce4d01a5f3651929105904be186153ddf2afae9841e9,True,verified source-native artifact
SRC-AD-CETI,Clean Energy Transition Institute,job_ad,yes,https://www.cleanenergytransition.org/,sources/native/job_ads/src-ad-ceti.html,validation_failed,sources/native/job_ads/src-ad-ceti.html,True,49256,fc6ff1a50daf2e6077fc8d9e9862fa820fa13d0a2641710b5350d03aab2ef517,sources/raw/src-ad-ceti.txt,True,1165,7ba69f8146c672180f797b517db7ca01ad37d6b4e7aa64d6b6a956bd80e1ed70,False,source-native artifact present; expected-data validation issue
SRC-AD-CFL-2026,Community Foundation of Louisville,job_ad,yes,https://pac.org/job/chief-executive-officer-4,sources/native/job_ads/src-ad-cfl-2026.html,present_verified_source_native,sources/native/job_ads/src-ad-cfl-2026.html,True,154037,07db5a9bf5f323cdaa891a018bcc714780331bf615e46641afa93d708853a7f9,sources/raw/src-ad-cfl-2026.txt,True,1478,a26748a65d80997423bcefb3cf1d2ad5f7ae6bf1216297903a489b744c11c9d5,True,verified source-native artifact
SRC-AD-DRW,Disability Rights Washington,job_ad,yes,https://www.disabilityrightswa.org/,sources/native/job_ads/src-ad-drw.html,present_verified_source_native,sources/native/job_ads/src-ad-drw.html,True,82311,183e10e8b4aa6925813df1c9e1194da5fc032f5400cf02569a9abc3803b89a35,sources/raw/src-ad-drw.txt,True,1155,06621b6ff105d0b0a07d79dbd19735d3bf533910e0f554c54d5d78cd9961ac41,True,verified source-native artifact
SRC-AD-DREAM-2026,Dream.Org,job_ad,yes,https://www.nonprofitoperations.com/job-submissions/chief-executive-officer-/dream.org-,sources/native/job_ads/src-ad-dream-2026.html,present_verified_source_native,sources/native/job_ads/src-ad-dream-2026.html,True,72176,f4ec7688470e2cba781f5ab60a02bd7a399d5e6539ed548f5719b8805061d6f1,sources/raw/src-ad-dream-2026.txt,True,1753,077173888ba4b55629b6b6bc3f4900f444881d67f70be8ec15ae65861f79ac95,True,verified source-native artifact
SRC-AD-ELP-2026,Environmental Leadership Program,job_ad,yes,https://elpnet.org/executive-director-position,sources/native/job_ads/src-ad-elp-2026.html,present_verified_source_native,sources/native/job_ads/src-ad-elp-2026.pdf,True,190097,9af98447d43173cc04d981a81e034718abf9d63ece16a1a9795697394b118788,sources/raw/src-ad-elp-2026.txt,True,1220,9662986218fbc143eaf4ee6489ab943b0b60d32a6518c6b88375288ede6c9c7f,True,verified source-native artifact
SRC-AD-FFIS-2026,Federal Funds Information for States,job_ad,yes,https://recruiting.paylocity.com/recruiting/jobs/Details/4336561/Federal-Funds-Information-for-States-Inc/Executive-Director-and-Executive-Editor,sources/native/job_ads/src-ad-ffis-2026.html,present_verified_source_native,sources/native/job_ads/src-ad-ffis-2026.html,True,156141,275a385f7f0cbfd8f931f58a3ee7417081d6089caf0d022f235f69112c96e956,sources/raw/src-ad-ffis-2026.txt,True,1413,dd3f7b3d11e715dc4ce2ffe344ba1b8147f5d8746f73d6328d5c4878ba882705,True,verified source-native artifact
SRC-AD-GBWN-2026,Great Basin Water Network,job_ad,yes,https://careers.councilofnonprofits.org/jobs/executive-director-in-reno-nevada-us/,sources/native/job_ads/src-ad-gbwn-2026.html,present_verified_source_native,sources/native/job_ads/src-ad-gbwn-2026.html,True,53321,302cfa6fd71ffff3b039b5d7be89a2f458bcb88b79b659cfbae3be047571c4df,sources/raw/src-ad-gbwn-2026.txt,True,1978,bd21e7071fec4446d1af5e4d2dad9a80f646476cbbe461cd5578e06647f49c9b,True,verified source-native artifact
SRC-AD-HAGLEY-2026,Hagley Museum and Library,job_ad,yes,https://www.nonprofitoperations.com/job-submissions/chief-executive-officer-/hagley-museum-and-library-,sources/native/job_ads/src-ad-hagley-2026.html,present_verified_source_native,sources/native/job_ads/src-ad-hagley-2026.html,True,756241,8f825765705efbba4294ab2d91c494ca66ebe7d7a2053522730ba4ce5445753a,sources/raw/src-ad-hagley-2026.txt,True,1830,cee5c439cb50929b29dcd1414f05552f9c2b60eae8d73d82f2ea2e10dac6e30f,True,verified source-native artifact
SRC-AD-HCAP-2026,Healthcare Career Advancement Program,job_ad,yes,https://dailyremote.com/remote-job/h-cap-executive-director-4517350,sources/native/job_ads/src-ad-hcap-2026.html,present_verified_source_native,"sources/native/manual_browser/src-ad-hcap-2026/Executive Director, H-CAP @ SEIU _ Arena Job Board.html",True,193352,d483e43eb536c6d432bd5a25cd68777c50126c5cb220ace432bbfa9ef4bf0a4c,sources/raw/src-ad-hcap-2026.txt,True,1933,7185bdf78043af1b473a093480927237399ca701da8891d612b4a0c2bcc32f73,True,verified source-native artifact
SRC-AD-INJUSTICEWATCH,Injustice Watch,job_ad,yes,https://www.injusticewatch.org/,sources/native/job_ads/src-ad-injusticewatch.html,present_verified_source_native,sources/native/job_ads/src-ad-injusticewatch.html,True,279633,f03cf36957cba5cb22143155b9b002bca7ae471c8ccbd65cc0d93cb3888185fa,sources/raw/src-ad-injusticewatch.txt,True,1142,5dcf8ee7101a11eee766722264d566c11104862b1cdd6d03b243feb4f83970a5,True,verified source-native artifact
SRC-AD-JOYCEIVY-2026,Joyce Ivy Foundation,job_ad,yes,https://careers.councilofnonprofits.org/jobs/executive-director-joyce-ivy-foundation-remote-in-anywhere/,sources/native/job_ads/src-ad-joyceivy-2026.html,present_verified_source_native,sources/native/job_ads/src-ad-joyceivy-2026.html,True,56233,9cbb96dfd0176993b04fae59a86b2d5fa47c2b6b658431636dac6029e40c8909,sources/raw/src-ad-joyceivy-2026.txt,True,1777,94210f1857fa772625cf291929d541a8470f42e7bfe7549df16ddc14fcb828e3,True,verified source-native artifact
SRC-AD-MOST-2025,MOST Policy Initiative,job_ad,yes,https://onthinktanks.org/job/executive-director-15/,sources/native/job_ads/src-ad-most-2025.html,present_verified_source_native,sources/native/job_ads/src-ad-most-2025.html,True,61273,4bc8bcf65371ec3eee0c07db653a4b4f8930a04f071a716336b8fc6a6b691822,sources/raw/src-ad-most-2025.txt,True,1159,8aee411062d7ac538f650c8e14377b9d8fb321dc305528042044ec945fa45655,True,verified source-native artifact
SRC-AD-MSI,Marine Science Institute,job_ad,yes,https://potrerogroup.com/sites/default/files/pdfs/Marine%20Science%20Institute%20Executive%20Director%20Profile_0.pdf,sources/native/job_ads/src-ad-msi.pdf,present_verified_source_native,"sources/native/manual_browser/src-ad-msi/AEOE - Executive Director - Marine Science Institute (Redwood City, CA).html",True,80526,3ac80d0ba6b8f4e4de50046eea41655ddf5f6c2410c064eedeb16262d995d47b,sources/raw/src-ad-msi.txt,True,1630,dd37353ca0ed565bdcbe2cfc2b1b0aa565fc6b19736535bf856f5a1a31dc8bc3,True,verified source-native artifact
SRC-AD-NPF,National Press Foundation,job_ad,yes,https://nationalpress.org/,sources/native/job_ads/src-ad-npf.html,present_verified_source_native,sources/native/job_ads/src-ad-npf.html,True,135173,3da9bdc14f646d9635b58c530a4fbe2badd96421a8175091374627f35476a0ce,sources/raw/src-ad-npf.txt,True,1151,d76f4159ed7dc04b6557c45e93dc8ed2d92bda699b912d7e44c62e2f56b8d4ea,True,verified source-native artifact
SRC-AD-NJLCV-2026,New Jersey League of Conservation Voters,job_ad,yes,https://careers.councilofnonprofits.org/jobs/executive-director-and-chief-executive-officer-in-trenton-new-jersey-us/,sources/native/job_ads/src-ad-njlcv-2026.html,present_verified_source_native,sources/native/job_ads/src-ad-njlcv-2026.html,True,496919,d72ffe33336f68660f9a71d0d0523a7aacf21cc00d12e5206f2f8af414e7d0df,sources/raw/src-ad-njlcv-2026.txt,True,2093,4535b3df3238ef7888c9bf62fe5fcd78bcbdb5dc9ae4fd9c7de648f0ad8c99bd,True,verified source-native artifact
SRC-AD-OVERZERO-2025,Over Zero,job_ad,yes,https://impactopportunity.org/job/7756/executive-director/,sources/native/job_ads/src-ad-overzero-2025.html,present_verified_source_native,sources/native/job_ads/src-ad-overzero-2025.html,True,112724,8cfee78a369f00db81c98c8bca7e5ddeb1419f37eb6a279b7e19ad308d85f911,sources/raw/src-ad-overzero-2025.txt,True,1253,8f56ba74c05d15ef68105fc4c9745062f95ddc858afe8a0dac9e06b569b86102,True,verified source-native artifact
SRC-AD-PEAK-2026,PEAK Grantmaking,job_ad,yes,https://nonprofithr.applytojob.com/apply/RQG6pztBvo/President-Chief-Executive-Officer-CEO-PEAK-Grantmaking,sources/native/job_ads/src-ad-peak-2026.html,present_verified_source_native,sources/native/job_ads/src-ad-peak-2026.html,True,250822,7488d441734d3da26f9977bc11da9be85d1e3e6a140b6c32260abe826ed4f2c2,sources/raw/src-ad-peak-2026.txt,True,1292,8b22208f125cf262b6e7688a9f340e6d362a9f1f4e51e453c069a2571f0973d3,True,verified source-native artifact
SRC-AD-PVARF,Portland VA Research Foundation,job_ad,yes,https://www.pvarf.org/,sources/native/job_ads/src-ad-pvarf.html,present_verified_source_native,sources/native/job_ads/src-ad-pvarf.html,True,117308,836af8f55e298726018da907c1e6606ad31e25335ea9b36449701b627193f735,sources/raw/src-ad-pvarf.txt,True,1173,c1b21de4618c5d968b56ee775e32d93190bd103e771774e5329b7b795ab361e8,True,verified source-native artifact
SRC-AD-SFEI-2026,San Francisco Estuary Institute,job_ad,yes,https://www.sfei.org/news/sfei-seeks-our-next-executive-director,sources/native/job_ads/src-ad-sfei-2026.html,present_verified_source_native,sources/native/job_ads/src-ad-sfei-2026.html,True,61404,ae9b1d727a52aa7e44dd7fc237166a27b517c25c7b546167c0da032c0da0bdc6,sources/raw/src-ad-sfei-2026.txt,True,1365,e9e980a36bb44b2ca853f86d0c6ca772263bc8aca75d04b31899878f8316ecb8,True,verified source-native artifact
SRC-AD-SEATTLEBG,Seattle Botanic Gardens,job_ad,yes,https://botanicgardens.uw.edu/,sources/native/job_ads/src-ad-seattlebg.html,present_verified_source_native,sources/native/job_ads/src-ad-seattlebg.html,True,205058,fa604b0259a52e8f3ccfd1c2f44df064acd267305078f5a11f22b8de5834abec,sources/raw/src-ad-seattlebg.txt,True,1158,7d096de17f9e5ecb62c0b11b44062acce57022858ce0bb13fb269dea3ec28f99,True,verified source-native artifact
SRC-AD-SNAP,Snap Foundation,job_ad,yes,https://www.snapfoundation.org/,sources/native/job_ads/src-ad-snap.html,validation_failed,sources/native/job_ads/src-ad-snap.html,True,27623,90547acfbae35b6a663798d189a1c8e572a90d62362af2c2e66619ab3c165dfb,sources/raw/src-ad-snap.txt,True,1126,050c73dd05357e8f02574eb41d012e2d44df65f987b32cc2e82db087d3d76ebe,False,source-native artifact present; expected-data validation issue
SRC-AD-TAC-2026,Technical Assistance Collaborative,job_ad,yes,https://www.nonprofitoperations.com/job-submissions/chief-executive-officer-/technical-assistance-collaborative,sources/native/job_ads/src-ad-tac-2026.html,present_verified_source_native,sources/native/job_ads/src-ad-tac-2026.html,True,56364,4efb85d27ec2674cfd9ac1c7e000b78256d89096379fd33b862a439a8780f647,sources/raw/src-ad-tac-2026.txt,True,1490,0e3ebf78a5943d490426ba3f8a1488d71c9233f65e32e453437249d7af1f5bc3,True,verified source-native artifact
SRC-AD-5GYRES-2026,The 5 Gyres Institute,job_ad,yes,https://www.climatechangecareers.com/job/the-5-gyres-institute/remote/executive-director/,sources/native/job_ads/src-ad-5gyres-2026.html,present_verified_source_native,sources/native/job_ads/src-ad-5gyres-2026.html,True,385586,cc99cb4fddd39fe8ebcd1d8e9c950fb6ace281372da9453b9cb5d231675ef8b4,sources/raw/src-ad-5gyres-2026.txt,True,1801,0146cbd9e63804df479d0d654079bdcbab618710eee0cac3710a0c158d1486c9,True,verified source-native artifact
SRC-AD-CLIMATE-2026,The Climate Center,job_ad,yes,https://www.abfe.org/jobs/chief-executive-officer-climate-center,sources/native/job_ads/src-ad-climate-2026.html,present_verified_source_native,sources/native/job_ads/src-ad-climate-2026.pdf,True,267144,d00d859832e37e241be38f5d54d90559a4fc3fdc13b8629fa1d0d0d250486e22,sources/raw/src-ad-climate-2026.txt,True,1231,70da9bbf12c9c40ec16d1bad9a6e060f3cc5b0f6f4e364000fda82d24c496014,True,verified source-native artifact
SRC-AD-CHF-2026,The Colorado Health Foundation,job_ad,yes,https://www.nonprofitoperations.com/job-submissions/chief-executive-officer-/the-colorado-health-foundation-,sources/native/job_ads/src-ad-chf-2026.html,present_verified_source_native,"sources/native/manual_browser/src-ad-chf-2026/Chief Executive Officer , The Colorado Health Foundation.html",True,782552,d9b8bd5f212fd332f28866b469e2d0a84b40bc357306b45dcd1ac88dff08e166,sources/raw/src-ad-colorado-health-foundation-2026.txt,True,1629,66829ee511b37101a3ef038a95f43e5e206632a9779c9d0666d8951c49e8b32b,True,verified source-native artifact
SRC-AD-LEADERSTRUST-2026,The LeadersTrust,job_ad,yes,https://theleaderstrust.org/now-hiring-executive-director/,sources/native/job_ads/src-ad-leaderstrust-2026.html,present_verified_source_native,sources/native/job_ads/src-ad-leaderstrust-2026.html,True,222063,9f37b4b90ef7e57b0841a6d33e176a1ef2db6f59c6f2a1cf78932a06d79f4ace,sources/raw/src-ad-leaderstrust-2026.txt,True,1238,0bcac6da43afa5983716a054350f9ba23b3e96e7f7fb8a40be1d2fee731904db,True,verified source-native artifact
SRC-AD-WILLIAMS,Williams Institute at UCLA,job_ad,yes,https://williamsinstitute.law.ucla.edu/,sources/native/job_ads/src-ad-williams.html,present_verified_source_native,sources/native/job_ads/src-ad-williams.html,True,113052,9d52dc88bfe7edd77d7f157b6232c375400b4fc9c91f42083b27bffc08f8e4fd,sources/raw/src-ad-williams.txt,True,1190,b721b5c1697624c7837560306578a9d8136b1d2f3e1ee63b614993a75bac380d,True,verified source-native artifact
SRC-PEER-AI-OBJECTIVES-INSTITUTE,AI Objectives Institute,supporting_web_source,yes,https://www.causeiq.com/organizations/ai-objectives-institute%2C873870371/,sources/native/supporting/src-peer-ai-objectives-institute.html,present_verified_source_native,sources/native/supporting/src-peer-ai-objectives-institute.html,True,164076,5cf8a37eaa3980b92ce1de725bfd3cbfabc41f42583d6becd2341ae6e3b49533,sources/raw/src-peer-ai-objectives-institute.txt,True,1301,2ab355a84b591f9615bf0fc4ee3bc59008ad2ddd5953db37350d8c5f8bc932be,True,verified source-native artifact
SRC-PEER-ALLIANCE-TO-FEED-THE-EARTH-IN-DISASTERS,Alliance to Feed the Earth in Disasters,supporting_web_source,yes,https://www.causeiq.com/organizations/allfed-institute%2C831717756/,sources/native/supporting/src-peer-alliance-to-feed-the-earth-in-disasters.html,present_verified_source_native,sources/native/supporting/src-peer-alliance-to-feed-the-earth-in-disasters.html,True,162005,be39f2fb80ef358f6e7c43aa045207d9bab9a7c66d8d2722c3a93a0ada9d9276,sources/raw/src-peer-alliance-to-feed-the-earth-in-disasters.txt,True,1466,23594799cbd5e02df64e12aefb785bf71eb5d04d83fa65d98f3a1e708bcdae24,True,verified source-native artifact
SRC-PEER-AMERICAN-IMMIGRATION-COUNCIL,American Immigration Council,supporting_web_source,yes,https://projects.propublica.org/nonprofits/organizations/521549711,sources/native/supporting/src-peer-american-immigration-council.html,present_verified_source_native,sources/native/supporting/src-peer-american-immigration-council.html,True,321607,a58c943e86a3932758a59da13dfe223d86edde8a65ecea7833876e734d81a40b,sources/raw/src-peer-american-immigration-council.txt,True,1087,3c256ccc15f3222b4d25ab54ea92206c5184bb14f69fae2f2f12b04eddb88d18,True,verified source-native artifact
SRC-PEER-AMERICAN-SECURITY-PROJECT,American Security Project,supporting_web_source,yes,https://projects.propublica.org/nonprofits/organizations/204079553,sources/native/supporting/src-peer-american-security-project.html,present_verified_source_native,sources/native/supporting/src-peer-american-security-project.html,True,315556,3bdf33c56a149f4b2d0b2759b43cf454eee26e759cd58abb6f4bff9ad0cf9ce9,sources/raw/src-peer-american-security-project.txt,True,1044,367f8eccc18adc614b92208544bfa1fbc03c4a8879552f5b769f141f89b11aa6,True,verified source-native artifact
SRC-990-ACE-2024,Animal Charity Evaluators,supporting_web_source,yes,https://projects.propublica.org/nonprofits/organizations/364684978,sources/native/supporting/src-990-ace-2024.html,present_verified_source_native,sources/native/supporting/src-990-ace-2024.html,True,180775,fc16037a00012375fae9c07d49c8b614a2ab0d89ab425a011dffdccd34e9f484,sources/raw/src-990-ace-2024.txt,True,1888,875356a19cf76916f305a3ede969ab4abc84bccc7ac4fa821e5a07283488f54c,True,verified source-native artifact
SRC-PEER-ANIMAL-EQUALITY,Animal Equality,supporting_web_source,yes,https://www.causeiq.com/organizations/animal-equality%2C472420444/,sources/native/supporting/src-peer-animal-equality.html,present_verified_source_native,sources/native/supporting/src-peer-animal-equality.html,True,166998,219e2859d6cb49d82fe2064ac7e8d78aa31f44194257f76853d5483a0be25507,sources/raw/src-peer-animal-equality.txt,True,1312,d81e27b056bf2fc356c81d1a91659a7b6d18a5ce5466171f503a5db5d54f1d1c,True,verified source-native artifact
SRC-PEER-ANIMAL-LEGAL-DEFENSE-FUND,Animal Legal Defense Fund,supporting_web_source,yes,https://www.causeiq.com/organizations/animal-legal-defense-fund%2C942681680/,sources/native/supporting/src-peer-animal-legal-defense-fund.html,present_verified_source_native,sources/native/supporting/src-peer-animal-legal-defense-fund.html,True,170760,4e352128bc2be4d58e6348791543c1c46e06377e9839598fdb5a908e6b8b15e9,sources/raw/src-peer-animal-legal-defense-fund.txt,True,1464,1d3f93bb1456e5e85d424fa89bc4d7a94af7dfe0bddad728bd548ee72be285bd,True,verified source-native artifact
SRC-PEER-ANIMAL-WELFARE-INSTITUTE,Animal Welfare Institute,supporting_web_source,yes,https://www.causeiq.com/organizations/animal-welfare-institute%2C135655952/,sources/native/supporting/src-peer-animal-welfare-institute.html,present_verified_source_native,sources/native/supporting/src-peer-animal-welfare-institute.html,True,166924,1cadd537634752d50c13a091c395bfff71485cf8f106ecb6a1bbaefd7a5d76fb,sources/raw/src-peer-animal-welfare-institute.txt,True,1430,eeb47a3a5741e8352613cf7e2efc08e9964f03d9eb84472746c5e338137036d1,True,verified source-native artifact
SRC-PEER-AQUATIC-LIFE-INSTITUTE,Aquatic Life Institute,supporting_web_source,yes,https://www.causeiq.com/organizations/aquatic-life-institute%2C873020380/,sources/native/supporting/src-peer-aquatic-life-institute.html,present_verified_source_native,sources/native/supporting/src-peer-aquatic-life-institute.html,True,161405,a5ad4fa1509c4d36971cf6e7b1d7bfe5417b73627928e0a714f15eee9bd016c4,sources/raw/src-peer-aquatic-life-institute.txt,True,1290,cb0b4cd056613d77d36cdc70922c3b6c03cd4d2b1d4466200c35dbb9a496f2b1,True,verified source-native artifact
SRC-PEER-ARMS-CONTROL-ASSOCIATION,Arms Control Association,supporting_web_source,yes,https://projects.propublica.org/nonprofits/organizations/237124588,sources/native/supporting/src-peer-arms-control-association.html,present_verified_source_native,sources/native/supporting/src-peer-arms-control-association.html,True,214403,0d7df176ccad2ec4c15729650cf92b77187476e8b94f5cfd5c38ab98029b2a75,sources/raw/src-peer-arms-control-association.txt,True,1089,a3f98bc1b2057412e9254dbfabeba0d2d701b02e722f890a43a810d5d8849f10,True,verified source-native artifact
SRC-PEER-BETTER-FOOD-FOUNDATION,Better Food Foundation,supporting_web_source,yes,https://projects.propublica.org/nonprofits/organizations/814537521,sources/native/supporting/src-peer-better-food-foundation.html,present_verified_source_native,sources/native/supporting/src-peer-better-food-foundation.html,True,115074,28743013c4b1bef43832e7ff4cd468ef834c77e089782b4721fd061a3d004edd,sources/raw/src-peer-better-food-foundation.txt,True,1050,88d5e11aa425edd462f6c5fe93743f418cb2a34f231793b60529b267f0b5b7b7,True,verified source-native artifact
SRC-PEER-BIPARTISAN-POLICY-CENTER,Bipartisan Policy Center,supporting_web_source,yes,https://projects.propublica.org/nonprofits/organizations/731628382,sources/native/supporting/src-peer-bipartisan-policy-center.html,present_verified_source_native,sources/native/supporting/src-peer-bipartisan-policy-center.html,True,332875,e1cac5fcc0ffd80b745c321a176a4f5ca0b3fd8f601fdb9b13273b0e3971531a,sources/raw/src-peer-bipartisan-policy-center.txt,True,1081,6efc4d1bb2a7177d5e9383485733ea8c1fb21b6bb89962264f99e841db8118f7,True,verified source-native artifact
SRC-PEER-BREAKTHROUGH-INSTITUTE,Breakthrough Institute,supporting_web_source,yes,https://projects.propublica.org/nonprofits/organizations/814526660,sources/native/supporting/src-peer-breakthrough-institute.html,present_verified_source_native,sources/native/supporting/src-peer-breakthrough-institute.html,True,176671,6b993d2278c1729c3fbb82d1914494acd877c80f794f867278dd8ef6bbbb8c13,sources/raw/src-peer-breakthrough-institute.txt,True,1047,e84251138d40ccf3f067b718ddeee839dacc0527c3d343d5e2b885c5faac4801,True,verified source-native artifact
SRC-PEER-BULLETIN-OF-THE-ATOMIC-SCIENTISTS,Bulletin of the Atomic Scientists,supporting_web_source,yes,https://www.causeiq.com/organizations/bulletin-of-the-atomic-scientists%2C362136497/,sources/native/supporting/src-peer-bulletin-of-the-atomic-scientists.html,present_verified_source_native,sources/native/supporting/src-peer-bulletin-of-the-atomic-scientists.html,True,163236,52b08dcfd1215d27a0c51b98771a8b092bbf5d1fe8a24d43fdbb446463128257,sources/raw/src-peer-bulletin-of-the-atomic-scientists.txt,True,1517,4d1c7fdd7420ab33f2db6323918e7870df22979e1353eb38a5baf930b86ba02a,True,verified source-native artifact
SRC-PEER-CANDID,Candid,supporting_web_source,yes,https://projects.propublica.org/nonprofits/organizations/131837418,sources/native/supporting/src-peer-candid.html,present_verified_source_native,sources/native/supporting/src-peer-candid.html,True,336692,f866239dd6586de314d27c602b12e7d23f5a6ebf358de6a67ab4e7f8fa473c6f,sources/raw/src-peer-candid.txt,True,1373,6862cd9ec62056ba2d2d8ef494536b262ced6faca2857ca299514b80e57fc3c0,True,verified source-native artifact
SRC-PEER-CARBON-MAPPER,Carbon Mapper,supporting_web_source,yes,https://projects.propublica.org/nonprofits/organizations/853149996,sources/native/supporting/src-peer-carbon-mapper.html,present_verified_source_native,sources/native/supporting/src-peer-carbon-mapper.html,True,104414,96883a1c9145575041759a0a06ac6c641182f09c1fed6b1dd2f607248645cd81,sources/raw/src-peer-carbon-mapper.txt,True,1042,9c83f0c1c6e4a52e546c9712f537510c4de5341c6cedd83286cb4891505c1ce0,True,verified source-native artifact
SRC-PEER-CENTER-FOR-AI-POLICY,Center for AI Policy,supporting_web_source,yes,https://www.causeiq.com/organizations/center-for-ai-policy%2C932050941/,sources/native/supporting/src-peer-center-for-ai-policy.html,present_verified_source_native,sources/native/supporting/src-peer-center-for-ai-policy.html,True,146926,f6add8f03076f1519206275419c51f8ecb947360823ad8c600dd63345db61e81,sources/raw/src-peer-center-for-ai-policy.txt,True,1299,3120b7485c457b50554ce72b9410dde19253e2503a7faada432647b36389ff5c,True,verified source-native artifact
SRC-PEER-CENTER-FOR-AI-SAFETY,Center for AI Safety,supporting_web_source,yes,https://www.causeiq.com/organizations/center-for-artificial-intelligence-safety%2C881751310/,sources/native/supporting/src-peer-center-for-ai-safety.html,present_verified_source_native,sources/native/supporting/src-peer-center-for-ai-safety.html,True,166780,5a1678cabcd04904ca493b208e975724c8e563b9c41d8c2013fb6a2020a1654b,sources/raw/src-peer-center-for-ai-safety.txt,True,1500,c3adfc37a9b598b291267d945097d155d26d424ab75635e2125517c874fdffc3,True,verified source-native artifact
SRC-PEER-CENTER-FOR-ARMS-CONTROL-AND-NON-PROLIFERATION,Center for Arms Control and Non-Proliferation,supporting_web_source,yes,https://projects.propublica.org/nonprofits/organizations/42693322,sources/native/supporting/src-peer-center-for-arms-control-and-non-proliferation.html,present_verified_source_native,sources/native/supporting/src-peer-center-for-arms-control-and-non-proliferation.html,True,230743,c8e8568b009e4d97afcad935d9cada00c3b8df8ded2f744c3b10b57f259ccbde,sources/raw/src-peer-center-for-arms-control-and-non-proliferation.txt,True,1067,9c391989e0046d52fe59ffb64fcfdb7fbc7ceb95d7540382bcbce9b750e9146d,True,verified source-native artifact
SRC-PEER-CENTER-FOR-CLIMATE-AND-ENERGY-SOLUTIONS,Center for Climate and Energy Solutions,supporting_web_source,yes,https://projects.propublica.org/nonprofits/organizations/541892252,sources/native/supporting/src-peer-center-for-climate-and-energy-solutions.html,present_verified_source_native,sources/native/supporting/src-peer-center-for-climate-and-energy-solutions.html,True,280976,4bc45bfb6301fb145e3aa001b3fec8a9c058013ec8f4e9f6b501b439fc794b5a,sources/raw/src-peer-center-for-climate-and-energy-solutions.txt,True,1057,485468ab2e29c1cbb2fcec080189bfb32f6ecf5064028aab0cf3af8eb2f6e05a,True,verified source-native artifact
SRC-990-CDT-2024,Center for Democracy & Technology,supporting_web_source,yes,https://apps.irs.gov/pub/epostcard/990/xml/2025/202533219349301933_public.xml,sources/native/supporting/src-990-cdt-2024.xml,present_verified_source_native,sources/native/supporting/src-990-cdt-2024.html,True,273404,1ca9c47e0eae8f95edee1a74a7c82f43cb18b00a305a758f98da4a27038860e3,sources/raw/src-990-cdt-2024.txt,True,1682,7d4773546664b6a2a4cbdb9d699b0d1b4efd65075ff3ff892fdcb08d13708210,True,verified source-native artifact
SRC-PEER-CENTER-FOR-DEMOCRACY-TECHNOLOGY,Center for Democracy & Technology,supporting_web_source,yes,https://www.causeiq.com/organizations/center-for-democracy-and-technology%2C521905358/,sources/native/supporting/src-peer-center-for-democracy-technology.html,present_verified_source_native,sources/native/supporting/src-peer-center-for-democracy-technology.html,True,169255,ec740882c79e11dbb7cd7c9c4f344aebe8a343e85b0861e2a094cf58275936ce,sources/raw/src-peer-center-for-democracy-technology.txt,True,1497,6c34f8e0c69b77e3e44835c7572156f7ded72fe31e5ee8eb3a4404296ed93956,True,verified source-native artifact
SRC-PEER-CENTER-FOR-EFFECTIVE-PHILANTHROPY,Center for Effective Philanthropy,supporting_web_source,yes,https://projects.propublica.org/nonprofits/organizations/43523528,sources/native/supporting/src-peer-center-for-effective-philanthropy.html,present_verified_source_native,sources/native/supporting/src-peer-center-for-effective-philanthropy.html,True,327715,2ad0a54de2f0e8763095fb06ba291e99667cf4415513611f0e71bd0a86631d67,sources/raw/src-peer-center-for-effective-philanthropy.txt,True,1495,161ff2e26ed1d915ae2c4e721e097b23986cdd8e9fc96d219b4d5558794d654e,True,verified source-native artifact
SRC-990-CGD-2024,Center for Global Development,supporting_web_source,yes,https://projects.propublica.org/nonprofits/organizations/522351337,sources/native/supporting/src-990-cgd-2024.html,present_verified_source_native,sources/native/supporting/src-990-cgd-2024.html,True,293598,e84c5f140f6a71df1dfeb35908ab1feb499db02dcb09436c4effeeaa9fbd4107,sources/raw/src-990-cgd-2024.txt,True,1751,a9472495cdcbdb0c38c5f13af77a6dd5eba8ca71d6d7a52f70da0f687701d7fd,True,verified source-native artifact
SRC-PEER-CENTER-FOR-HEALTH-CARE-STRATEGIES,Center for Health Care Strategies,supporting_web_source,yes,https://projects.propublica.org/nonprofits/organizations/223375015,sources/native/supporting/src-peer-center-for-health-care-strategies.html,present_verified_source_native,sources/native/supporting/src-peer-center-for-health-care-strategies.html,True,271751,db058e07a9e027f1ab7882a3a07f5d2fa7a6fb200047232f419c306eda10d20f,sources/raw/src-peer-center-for-health-care-strategies.txt,True,1058,4aa9fd1566696fad4549e42bd3bf9b5ff65f61c8997177470a1f6c3b171a5a87,True,verified source-native artifact
SRC-PEER-CENTER-FOR-HUMANE-TECHNOLOGY,Center for Humane Technology,supporting_web_source,yes,https://www.causeiq.com/organizations/center-for-humane-technology%2C823492182/,sources/native/supporting/src-peer-center-for-humane-technology.html,present_verified_source_native,sources/native/supporting/src-peer-center-for-humane-technology.html,True,165761,d8421dfd09c0fbed3e214cf4d401b097b1618eff998d3eba199d841490b87f5f,sources/raw/src-peer-center-for-humane-technology.txt,True,1384,692511c79bbe448f4fc746be879ec640e5d8fad4e31e1dcf8097a924d5f9b5c3,True,verified source-native artifact
SRC-PEER-CENTER-FOR-INTERNATIONAL-POLICY,Center for International Policy,supporting_web_source,yes,https://projects.propublica.org/nonprofits/organizations/521446207,sources/native/supporting/src-peer-center-for-international-policy.html,present_verified_source_native,sources/native/supporting/src-peer-center-for-international-policy.html,True,274317,9affffc782c7783e483284c08b336ecdd43d4f6029160943ca0167550de821fd,sources/raw/src-peer-center-for-international-policy.txt,True,1064,707cf477c00eab3d3089ced28be104de50ed981a7e308396974de4f598842971,True,verified source-native artifact
SRC-PEER-CENTER-FOR-LAW-AND-SOCIAL-POLICY,Center for Law and Social Policy,supporting_web_source,yes,https://www.causeiq.com/organizations/center-for-law-and-social-policy%2C237000150/,sources/native/supporting/src-peer-center-for-law-and-social-policy.html,present_verified_source_native,sources/native/supporting/src-peer-center-for-law-and-social-policy.html,True,168531,1153367724c2b7bc9bddc003aecc4df6b18eb0a1ca8d56ed8cd5b77534ccd682,sources/raw/src-peer-center-for-law-and-social-policy.txt,True,1374,a06dbee2d6d760dbdd15d0069557d9524d51253d23d7d620d4ff8ee4c0192fb1,True,verified source-native artifact
SRC-990-COS-2024,Center for Open Science,supporting_web_source,yes,https://apps.irs.gov/pub/epostcard/990/xml/2025/202513219349318466_public.xml,sources/native/supporting/src-990-cos-2024.xml,present_verified_source_native,sources/native/supporting/src-990-cos-2024.html,True,221326,1bfd2341babdb0c9999f366e159f8b7684d1cd32b3862227c411957007b1f822,sources/raw/src-990-cos-2024.txt,True,1688,83c4d591f9b11cd3bec3a880b771736049a0190be669966339d61750c1931daf,True,verified source-native artifact
SRC-PEER-CENTER-FOR-OPEN-SCIENCE,Center for Open Science,supporting_web_source,yes,https://projects.propublica.org/nonprofits/organizations/461496217,sources/native/supporting/src-peer-center-for-open-science.html,present_verified_source_native,sources/native/supporting/src-peer-center-for-open-science.html,True,221326,1bfd2341babdb0c9999f366e159f8b7684d1cd32b3862227c411957007b1f822,sources/raw/src-peer-center-for-open-science.txt,True,1506,4fe9b9385405e2bcb9ae0b16f45abf19423dcf3eb582563c1053d1352fcd0bf9,True,verified source-native artifact
SRC-PEER-CENTER-FOR-PUBLIC-INTEGRITY,Center for Public Integrity,supporting_web_source,yes,https://projects.propublica.org/nonprofits/organizations/541512177,sources/native/supporting/src-peer-center-for-public-integrity.html,present_verified_source_native,sources/native/supporting/src-peer-center-for-public-integrity.html,True,301176,202c9e4fcc39c1bbc40ec2c5b3f312976083f028c356ecd64eb8760b455aef0a,sources/raw/src-peer-center-for-public-integrity.txt,True,1086,849d56b7c87021391fd55f5bf417376ea82e8133372046deef170f6d7343e560,True,verified source-native artifact
SRC-PEER-CENTER-FOR-A-NEW-AMERICAN-SECURITY,Center for a New American Security,supporting_web_source,yes,https://projects.propublica.org/nonprofits/organizations/208084828,sources/native/supporting/src-peer-center-for-a-new-american-security.html,present_verified_source_native,sources/native/supporting/src-peer-center-for-a-new-american-security.html,True,287185,7c1794f60204ef2bc8241f4ff273905a4b4e1728057649fb05646ec982471274,sources/raw/src-peer-center-for-a-new-american-security.txt,True,1069,dbee41d351bcb197a0c4e70d88e724ed44c3465237b8775b8c33a987ef3b397d,True,verified source-native artifact
SRC-990-CEA,Centre for Effective Altruism / Effective Ventures Foundation USA,supporting_web_source,yes,https://projects.propublica.org/nonprofits/organizations/471988398,sources/native/supporting/src-990-cea.html,present_verified_source_native,sources/native/manual_browser/src-990-cea/Effective Ventures Foundation Usa - Nonprofit Explorer - ProPublica.html,True,266684,7b4dcae3d6616aaca1ccc9ebd9f3c241ec07caff23465af42f7b745a247cfb2e,sources/raw/src-990-cea.txt,True,1634,5d5c042bbd79bac4e94909e9dd27c5b3181ac23bb4c501da16bde4c7e2d9c85b,True,verified source-native artifact
SRC-990-CN-2024,Charity Navigator,supporting_web_source,yes,https://apps.irs.gov/pub/epostcard/990/xml/2026/202640789349301509_public.xml,sources/native/supporting/src-990-cn-2024.xml,present_verified_source_native,sources/native/supporting/src-990-cn-2024.html,True,297833,22541d887150f9c41c22fdaf1d787c64c471bf80bcccbdc1982774932a63cf27,sources/raw/src-990-cn-2024.txt,True,1680,3b06b8a131b5bbf3eb67ac796ba8f463e2bf4a33d9b618fd09192796b046d799,True,verified source-native artifact
SRC-PEER-CHARITY-NAVIGATOR,Charity Navigator,supporting_web_source,yes,https://projects.propublica.org/nonprofits/organizations/134148824,sources/native/supporting/src-peer-charity-navigator.html,present_verified_source_native,sources/native/supporting/src-peer-charity-navigator.html,True,297833,22541d887150f9c41c22fdaf1d787c64c471bf80bcccbdc1982774932a63cf27,sources/raw/src-peer-charity-navigator.txt,True,1486,5d3ac54cf7956a7617e060a15f85abf657b16a6109fc1c8a5ad3ef1049bd75ee,True,verified source-native artifact
SRC-PEER-CHARTER-CITIES-INSTITUTE,Charter Cities Institute,supporting_web_source,yes,https://www.causeiq.com/organizations/charter-cities-institute%2C823264419/,sources/native/supporting/src-peer-charter-cities-institute.html,present_verified_source_native,sources/native/supporting/src-peer-charter-cities-institute.html,True,165749,16682fbe82593bedae7273f2eef89af62da38a5d668a6a5eb79f2b7a5337e5b2,sources/raw/src-peer-charter-cities-institute.txt,True,1326,8d77bc21da6ec6c3d52518b64f18ae6b684778b5f33619a7a0de0fa2a4bfb485,True,verified source-native artifact
SRC-PEER-CHICAGO-COUNCIL-ON-GLOBAL-AFFAIRS,Chicago Council on Global Affairs,supporting_web_source,yes,https://projects.propublica.org/nonprofits/organizations/362181969,sources/native/supporting/src-peer-chicago-council-on-global-affairs.html,present_verified_source_native,sources/native/supporting/src-peer-chicago-council-on-global-affairs.html,True,253143,48add15078cae509e736673c81a008215c77aa213643db4b92bd54e873cc8d00,sources/raw/src-peer-chicago-council-on-global-affairs.txt,True,1094,22767acba95b0ca5acfa5231694cfd688802eb321d689ccd99a61567f5fa15a4,True,verified source-native artifact
SRC-PEER-CLEAN-AIR-TASK-FORCE,Clean Air Task Force,supporting_web_source,yes,https://projects.propublica.org/nonprofits/organizations/043512550,sources/native/supporting/src-peer-clean-air-task-force.html,present_verified_source_native,sources/native/supporting/src-peer-clean-air-task-force.html,True,306627,a533081093646d7b8ee29774a391505590512f7a2c145aeea99e3990f816701a,sources/raw/src-peer-clean-air-task-force.txt,True,1061,c2c6402c3d61a541b11fecbf19156c5168ba1d0f8cddbbff6a300880f6f5425b,True,verified source-native artifact
SRC-PEER-CLIMATE-CENTRAL,Climate Central,supporting_web_source,yes,https://projects.propublica.org/nonprofits/organizations/261797336,sources/native/supporting/src-peer-climate-central.html,present_verified_source_native,sources/native/supporting/src-peer-climate-central.html,True,304339,cb552ffd268bf0593ee388d4b20803749fb33cea46896f0a4a64c4fb199d40ad,sources/raw/src-peer-climate-central.txt,True,1045,a3c5474ab2f12b0055522f0ed63d403d4832ba79bf8eb30a47b1cabf93bc26c8,True,verified source-native artifact
SRC-PEER-CODE-FOR-SCIENCE-SOCIETY,Code for Science & Society,supporting_web_source,yes,https://www.causeiq.com/organizations/code-for-science-and-society%2C813791683/,sources/native/supporting/src-peer-code-for-science-society.html,present_verified_source_native,sources/native/supporting/src-peer-code-for-science-society.html,True,166349,cfaa2e928eca385ee9bc819a9afd3f30f4850217eab711e144b723f46aaebf4f,sources/raw/src-peer-code-for-science-society.txt,True,1571,3a9dbb4e9241d723e83f91f33eb9df283505bfe5fd5e5b358dd64c980528afd9,True,verified source-native artifact
SRC-PEER-COMMITTEE-FOR-A-RESPONSIBLE-FEDERAL-BUDGET,Committee for a Responsible Federal Budget,supporting_web_source,yes,https://projects.propublica.org/nonprofits/organizations/521231278,sources/native/supporting/src-peer-committee-for-a-responsible-federal-budget.html,present_verified_source_native,sources/native/supporting/src-peer-committee-for-a-responsible-federal-budget.html,True,309867,dddde08c955cd3048f738bc8f0cf612cfc4731403ac5e066108980975b218508,sources/raw/src-peer-committee-for-a-responsible-federal-budget.txt,True,1090,ae5ef88a248fe2646fa93aac5e122500ef0fed1b3d9705eab4fa756914d0cf2a,True,verified source-native artifact
SRC-PEER-COMPASSION-IN-WORLD-FARMING-USA,Compassion in World Farming USA,supporting_web_source,yes,https://www.causeiq.com/organizations/compassion-in-world-farming%2C461822635/,sources/native/supporting/src-peer-compassion-in-world-farming-usa.html,present_verified_source_native,sources/native/supporting/src-peer-compassion-in-world-farming-usa.html,True,163217,73717ec16f49290444281b03fa0456bcd2db4597300ca03188c8e00eaf158e31,sources/raw/src-peer-compassion-in-world-farming-usa.txt,True,1322,2c552d10764fe79f41907d5fd5fc92cb7b6cc438dcca7822cc547a88e8c4656f,True,verified source-native artifact
SRC-PEER-COUNCIL-ON-STRATEGIC-RISKS,Council on Strategic Risks,supporting_web_source,yes,https://www.causeiq.com/organizations/the-council-on-strategic-risks%2C823106472/,sources/native/supporting/src-peer-council-on-strategic-risks.html,present_verified_source_native,sources/native/supporting/src-peer-council-on-strategic-risks.html,True,164260,af43378713423b4f8ac4315c731dc5e61ad28e521bfa940e326ede6bccc18916,sources/raw/src-peer-council-on-strategic-risks.txt,True,1534,2d17be0208fa29bf3c6b34af5d6eab983d1478bc2f1429cf4e8cecdf0020aa35,True,verified source-native artifact
SRC-PEER-CREATIVE-COMMONS,Creative Commons,supporting_web_source,yes,https://projects.propublica.org/nonprofits/organizations/043585301,sources/native/supporting/src-peer-creative-commons.html,present_verified_source_native,sources/native/supporting/src-peer-creative-commons.html,True,290544,ab01cdbf7d39e8b45107df2a60926bc9df2fe773fb78f36215f3875d89377ad7,sources/raw/src-peer-creative-commons.txt,True,1095,18a8ed15f2a127fba1bebfef445479a14a0f99ed617c9b9604d925cbaa265d8a,True,verified source-native artifact
SRC-PEER-DATA-QUALITY-CAMPAIGN,Data Quality Campaign,supporting_web_source,yes,https://projects.propublica.org/nonprofits/organizations/274566795,sources/native/supporting/src-peer-data-quality-campaign.html,present_verified_source_native,sources/native/supporting/src-peer-data-quality-campaign.html,True,258795,3368b9aeb0a9db1d4e306685bdadc4009cd2442948228bdad71052955764f07d,sources/raw/src-peer-data-quality-campaign.txt,True,1074,1811aba363b7eaa0eb0a6f9eb75d5606e782929f2292c26557ca87f80ea1f83a,True,verified source-native artifact
SRC-PEER-DATAKIND,DataKind,supporting_web_source,yes,https://projects.propublica.org/nonprofits/organizations/464082076,sources/native/supporting/src-peer-datakind.html,present_verified_source_native,sources/native/supporting/src-peer-datakind.html,True,189144,acfe30b5273a106bb6249f2a24d59127f99333741ca7f8a6f971a29304f02130,sources/raw/src-peer-datakind.txt,True,1053,9ad442382b0f0dacb702f8585e867657ade6b4badead5089e3da7ed2973fb947,True,verified source-native artifact
SRC-PEER-DEMOS,Demos,supporting_web_source,yes,https://projects.propublica.org/nonprofits/organizations/134105066,sources/native/supporting/src-peer-demos.html,present_verified_source_native,sources/native/supporting/src-peer-demos.html,True,324167,8c5967116642ae1d60fbd1ced31cc8b7b5a732b11617d66acf8fe7bc2291b80d,sources/raw/src-peer-demos.txt,True,1049,66c3a89c9e768dedd441c62db65810d6c80b2fff7ec88db0d1d4d7fae235e316,True,verified source-native artifact
SRC-PEER-ECONOMIC-INNOVATION-GROUP,Economic Innovation Group,supporting_web_source,yes,https://projects.propublica.org/nonprofits/organizations/462450336,sources/native/supporting/src-peer-economic-innovation-group.html,present_verified_source_native,sources/native/supporting/src-peer-economic-innovation-group.html,True,193183,a339779b6c24f905a6fe680a74cfde30097cd5ca0c793682cdc0535ba230362a,sources/raw/src-peer-economic-innovation-group.txt,True,1045,15a49f57ed471047ccda0730d6a4ee32bb17aedbba68c29052739857b86c81dc,True,verified source-native artifact
SRC-PEER-ECONOMIC-POLICY-INSTITUTE,Economic Policy Institute,supporting_web_source,yes,https://projects.propublica.org/nonprofits/organizations/521368964,sources/native/supporting/src-peer-economic-policy-institute.html,present_verified_source_native,sources/native/supporting/src-peer-economic-policy-institute.html,True,322959,a8541139e803a9b3278bffd98751a010966df862965bf1c63d7d335786ce6816,sources/raw/src-peer-economic-policy-institute.txt,True,1075,d9d52f19593b38fc99c0dcf35dcc6d23e368716b1fda709f2791d03bc57d314a,True,verified source-native artifact
SRC-PEER-EFFECTIVE-INSTITUTIONS-PROJECT,Effective Institutions Project,supporting_web_source,yes,https://www.causeiq.com/organizations/effective-institutions-project%2C932725003/,sources/native/supporting/src-peer-effective-institutions-project.html,present_verified_source_native,sources/native/supporting/src-peer-effective-institutions-project.html,True,162602,65c38046f65bc05a8d7768307be33fad894270b35d1dbac36ae10fc123465d07,sources/raw/src-peer-effective-institutions-project.txt,True,1354,a7bfa867bc8d7ffad7b06bff0b0b919dceb4ad45b8c9a52a0a33a55e3db68cd5,True,verified source-native artifact
SRC-PEER-ELECTRONIC-FRONTIER-FOUNDATION,Electronic Frontier Foundation,supporting_web_source,yes,https://www.causeiq.com/organizations/electronic-frontier-foundation%2C043091431/,sources/native/supporting/src-peer-electronic-frontier-foundation.html,present_verified_source_native,sources/native/supporting/src-peer-electronic-frontier-foundation.html,True,166151,462479de76f323355840fdeb8876330ede014669914062a7a7062ab7ad67c519,sources/raw/src-peer-electronic-frontier-foundation.txt,True,1615,c8bb5e6cd1452b282f040da2e61e4bd6e634de0f3d6ac21ef1823f15e115f59a,True,verified source-native artifact
SRC-PEER-ENERGY-FOR-GROWTH-HUB,Energy for Growth Hub,supporting_web_source,yes,https://projects.propublica.org/nonprofits/organizations/831609680,sources/native/supporting/src-peer-energy-for-growth-hub.html,present_verified_source_native,sources/native/supporting/src-peer-energy-for-growth-hub.html,True,122152,44263bf9e8f7c587a6ff46bbe902528579ce8b5296f2f57df4f948d230f5d40f,sources/raw/src-peer-energy-for-growth-hub.txt,True,1063,12a9c70c2da76d85d187efff7a9d6733b10fcaa45f2b7609dc5c7a6959f3e112,True,verified source-native artifact
SRC-PEER-ENVIRONMENTAL-LAW-INSTITUTE,Environmental Law Institute,supporting_web_source,yes,https://projects.propublica.org/nonprofits/organizations/520901863,sources/native/supporting/src-peer-environmental-law-institute.html,present_verified_source_native,sources/native/supporting/src-peer-environmental-law-institute.html,True,338439,11859ecb1975abc3039590081e1986c6b26edc6e3d6baffc945f5185117b1098,sources/raw/src-peer-environmental-law-institute.txt,True,1062,6bbd3be9e2cc3d5c7e9e42064d9586a22b65081c24e9b82f710b14a48e4521ce,True,verified source-native artifact
SRC-PEER-EVIDENCE-ACTION,Evidence Action,supporting_web_source,yes,https://www.causeiq.com/organizations/evidence-action%2C900874591/,sources/native/supporting/src-peer-evidence-action.html,present_verified_source_native,sources/native/supporting/src-peer-evidence-action.html,True,167792,bbdf53dfed3f2973947f583af0b0c4589e3dc4b0ef24cfc1ebeea69f9cde68d0,sources/raw/src-peer-evidence-action.txt,True,1512,af0776f9233f1dd83db9b5d9c8ceff03cb0bae059eda15722093fc07a8b57eb4,True,verified source-native artifact
SRC-PEER-EXPONENT-PHILANTHROPY,Exponent Philanthropy,supporting_web_source,yes,https://projects.propublica.org/nonprofits/organizations/650617866,sources/native/supporting/src-peer-exponent-philanthropy.html,present_verified_source_native,sources/native/supporting/src-peer-exponent-philanthropy.html,True,313528,414e3a58b2c1b853e93618df3fc0181cac79ce9e95900baa8dd1a020ff94b173,sources/raw/src-peer-exponent-philanthropy.txt,True,1492,5bf47bd8071c8bf7485319103f67c5f7ae1bf1ee855016deb30aee67b802fe47,True,verified source-native artifact
SRC-PEER-FAR-AI,FAR AI,supporting_web_source,yes,https://www.causeiq.com/organizations/far-ai%2C920692207/,sources/native/supporting/src-peer-far-ai.html,present_verified_source_native,sources/native/supporting/src-peer-far-ai.html,True,163979,99569095bcf9447ac353e59cfbbe0582a4bc6813fd422d2c1ab694b9349e71e2,sources/raw/src-peer-far-ai.txt,True,1478,53ddc3a4efd2f503c3cda1c277f5aca74eeb95cb71a8400c6ab8bb04942104bc,True,verified source-native artifact
SRC-PEER-FARM-FORWARD,Farm Forward,supporting_web_source,yes,https://www.causeiq.com/organizations/farm-forward%2C261643614/,sources/native/supporting/src-peer-farm-forward.html,present_verified_source_native,sources/native/supporting/src-peer-farm-forward.html,True,165598,e75b1e08f59a7673608a0f917e3dca1e51119b4007a905e09f5cafc60dc3378e,sources/raw/src-peer-farm-forward.txt,True,1247,56670224f0f3a289ee1213cd9bdefc0c62fbfc515e4c5b0e5a2b6aa8da2c9054,True,verified source-native artifact
SRC-PEER-FARM-SANCTUARY,Farm Sanctuary,supporting_web_source,yes,https://www.causeiq.com/organizations/farm-sanctuary%2C510292919/,sources/native/supporting/src-peer-farm-sanctuary.html,present_verified_source_native,sources/native/supporting/src-peer-farm-sanctuary.html,True,167095,fa83737ef50d3eb463597980214d7a3b12b53020c5db39e8a0bd6ceeae8f7574,sources/raw/src-peer-farm-sanctuary.txt,True,1435,91e05c36167127d2aa7ab846210ea2be9c8427dfe5ff26ff403d8eaa4e97b920,True,verified source-native artifact
SRC-990-FAUNALYTICS,Faunalytics,supporting_web_source,yes,https://projects.propublica.org/nonprofits/organizations/10686889,sources/native/supporting/src-990-faunalytics.html,present_verified_source_native,sources/native/manual_browser/src-990-faunalytics/Faunalytics - Nonprofit Explorer - ProPublica.html,True,210679,d38687e68d0c042a0bb61a82659509d4324f321dbf273b961321bc7d80ccb5fc,sources/raw/src-990-faunalytics.txt,True,1579,4df5f242b584cd78f1081a315cb6b6e2398397c836fda5be82d8a1e9401ecf6b,True,verified source-native artifact
SRC-PEER-FAUNALYTICS,Faunalytics,supporting_web_source,yes,https://www.causeiq.com/organizations/faunalytics%2C010686889/,sources/native/supporting/src-peer-faunalytics.html,present_verified_source_native,"sources/native/manual_browser/src-peer-faunalytics/Faunalytics _ San Diego, CA _ Cause IQ.html",True,181478,9bd4048264c44f88919f9def87eb7a7bf7f8d8a889ccf505308d276467e72a4b,sources/raw/src-peer-faunalytics.txt,True,1282,7e46bb7d35add899c13e8c95528bf3bfb203c005651d24e95c94d8ed26206d66,True,verified source-native artifact
SRC-PEER-FEDERATION-OF-AMERICAN-SCIENTISTS,Federation of American Scientists,supporting_web_source,yes,https://www.causeiq.com/organizations/federation-of-american-scientists%2C237185827/,sources/native/supporting/src-peer-federation-of-american-scientists.html,present_verified_source_native,"sources/native/manual_browser/src-peer-federation-of-american-scientists/Federation of American Scientists (FAS) _ Washington, DC _ Cause IQ.html",True,185460,bb561a26fc79b7398a35882ed8a5684977417820d3460f686f90ff9985c79b04,sources/raw/src-peer-federation-of-american-scientists.txt,True,1608,430f77edd2d84415494a57f7ef705d326a9064958e398144fcc6af557e2c87c4,True,verified source-native artifact
SRC-PEER-FOOD-ANIMAL-CONCERNS-TRUST,Food Animal Concerns Trust,supporting_web_source,yes,https://projects.propublica.org/nonprofits/organizations/363172605,sources/native/supporting/src-peer-food-animal-concerns-trust.html,present_verified_source_native,sources/native/supporting/src-peer-food-animal-concerns-trust.html,True,215049,3e7a698f2eb8a6c2d89bbb79c98cf6383d2cac3efe815c831221138de52cf870,sources/raw/src-peer-food-animal-concerns-trust.txt,True,1046,d6a075a88cacc8b7ece15475898817b7d27ffe427496a0c41ceb516e60965240,True,verified source-native artifact
SRC-PEER-FRAMEWORKS-INSTITUTE,FrameWorks Institute,supporting_web_source,yes,https://projects.propublica.org/nonprofits/organizations/710891642,sources/native/supporting/src-peer-frameworks-institute.html,present_verified_source_native,sources/native/supporting/src-peer-frameworks-institute.html,True,278862,ecfbdb07fc8b9e39c0d052d7e04ce30a3324675b52acb0bd824740889176e0ce,sources/raw/src-peer-frameworks-institute.txt,True,1081,50daf88b9b722d21a337455d944709e4ecd36392f9475bbe939a00d4d7b51c59,True,verified source-native artifact
SRC-PEER-FRESH-ENERGY,Fresh Energy,supporting_web_source,yes,https://projects.propublica.org/nonprofits/organizations/411735501,sources/native/supporting/src-peer-fresh-energy.html,present_verified_source_native,sources/native/supporting/src-peer-fresh-energy.html,True,287824,cb50fee16c6d5d6a74aae5b38eb73f525c0d99b9e8b8f4d6d2d5e9dfd2f75d09,sources/raw/src-peer-fresh-energy.txt,True,1032,ab423c3bd6b92dc445d1a7d01fc62fe34dc0be883125f33976f91bc172d84e74,True,verified source-native artifact
SRC-990-FLI-2024,Future of Life Institute,supporting_web_source,yes,https://projects.propublica.org/nonprofits/organizations/471052538,sources/native/supporting/src-990-fli-2024.html,present_verified_source_native,sources/native/supporting/src-990-fli-2024.html,True,160432,02a6ab8d4602362334d61fc3f2fb6e5dccbe4a788af0b385df10bd26175e9a53,sources/raw/src-990-fli-2024.txt,True,1883,85f27a850aca71a19cdd9289cc3d6af7d42d7d3f2088750b73d661965440a570,True,verified source-native artifact
SRC-990-FPF-2024,Future of Privacy Forum,supporting_web_source,yes,https://apps.irs.gov/pub/epostcard/990/xml/2025/202543219349319589_public.xml,sources/native/supporting/src-990-fpf-2024.xml,present_verified_source_native,sources/native/supporting/src-990-fpf-2024.html,True,216722,a0f58a27dc72531e18a17dbddae53ab78cfd8b3e7d4b2d4fef726c1284c3c007,sources/raw/src-990-fpf-2024.txt,True,1729,6c0cbc8c8339f6978650daea24a3f1e2e1db000aff0faa0c28930b3e9ce02fa7,True,verified source-native artifact
SRC-PEER-FUTURE-OF-PRIVACY-FORUM,Future of Privacy Forum,supporting_web_source,yes,https://www.causeiq.com/organizations/fpf-education-and-innovation-foundation%2C453763097/,sources/native/supporting/src-peer-future-of-privacy-forum.html,present_verified_source_native,sources/native/supporting/src-peer-future-of-privacy-forum.html,True,164963,48c32c35c6e599d2abf1eaba45d3e43cae1840332d2f6cd0b64736a1caa4a45f,sources/raw/src-peer-future-of-privacy-forum.txt,True,1593,1d51d6b088755d7fa09e40dc737ca06092dfd8e473f565ac69b01179d4af32a0,True,verified source-native artifact
SRC-PEER-GENERATION-PLEDGE,Generation Pledge,supporting_web_source,yes,https://www.causeiq.com/organizations/generation-pledge%2C842787951/,sources/native/supporting/src-peer-generation-pledge.html,present_verified_source_native,"sources/native/manual_browser/src-peer-generation-pledge/Generation Pledge _ Vauxhall, NJ _ Cause IQ.html",True,176708,2e1e86442ef28164dce04639994647d665c5854e4ce17444160d0c664a9a4b70,sources/raw/src-peer-generation-pledge.txt,True,1271,fdbe41c229da3c656305253d283aa3dc772204abf866e63ebb5c7556370326e4,True,verified source-native artifact
SRC-990-GIVEWELL,GiveWell / The Clear Fund,supporting_web_source,yes,https://projects.propublica.org/nonprofits/organizations/208625442,sources/native/supporting/src-990-givewell.html,present_verified_source_native,sources/native/manual_browser/src-990-givewell/The Clear Fund - Nonprofit Explorer - ProPublica.html,True,307435,4dd1b82bd503db12962dba37a4c0ed4f2971328a283b5d3331e5ee2b14a4bf75,sources/raw/src-990-givewell.txt,True,1574,63735c8f5fcc5b81d0527672746db0351c5774c889dba7d2f3f9ec34f130595f,True,verified source-native artifact
SRC-PEER-GIVINGTUESDAY,GivingTuesday,supporting_web_source,yes,https://projects.propublica.org/nonprofits/organizations/842929872,sources/native/supporting/src-peer-givingtuesday.html,present_verified_source_native,sources/native/supporting/src-peer-givingtuesday.html,True,135836,2679ca0cc133a38b2ad4e5f79cff5f46c6201ae898d75d847854d6b8e7babde0,sources/raw/src-peer-givingtuesday.txt,True,1075,1ac73534e9d71d55b8c86396c12147f16abb5ad26b06b92cb650a16c04157cbc,True,verified source-native artifact
SRC-PEER-GLOBAL-HEALTH-CORPS,Global Health Corps,supporting_web_source,yes,https://projects.propublica.org/nonprofits/organizations/800512336,sources/native/supporting/src-peer-global-health-corps.html,present_verified_source_native,sources/native/supporting/src-peer-global-health-corps.html,True,249965,2b77144552e6eb3412f0d099bdc779bb3d324039e20c28d43bcad06b3eabde4f,sources/raw/src-peer-global-health-corps.txt,True,1066,638dbaaaa1d57aa9b625adb0326c754dd4eb7e5602807c8035ba1922173631ef,True,verified source-native artifact
SRC-PEER-GOOD-FOOD-INSTITUTE,Good Food Institute,supporting_web_source,yes,https://www.causeiq.com/organizations/the-good-food-institute%2C810840578/,sources/native/supporting/src-peer-good-food-institute.html,present_verified_source_native,"sources/native/manual_browser/src-peer-good-food-institute/The Good Food Institute _ Arlington, VA _ Cause IQ.html",True,187016,03b864a7561b8afeff65b6bd68d9fa42d42b8ef6fd3ca409787cf7b9d4421f4f,sources/raw/src-peer-good-food-institute.txt,True,1467,6ec3983e2a4dc60d8dfcb772bbb03fa8fb52b6e61df0d6298084f7f2ab4ec413,True,verified source-native artifact
SRC-PEER-GRANTMAKERS-FOR-EDUCATION,Grantmakers for Education,supporting_web_source,yes,https://projects.propublica.org/nonprofits/organizations/330919329,sources/native/supporting/src-peer-grantmakers-for-education.html,present_verified_source_native,sources/native/supporting/src-peer-grantmakers-for-education.html,True,254303,320dcbc0524e706362cbb60d3f1796bccafcb07f5e52a511c1d1b0d2e9c4aeba,sources/raw/src-peer-grantmakers-for-education.txt,True,1053,fb298bbb0ce5f87e6080ceccaa38add8db68d9d461a14214049ea72005bd74ab,True,verified source-native artifact
SRC-PEER-GRANTMAKERS-FOR-EFFECTIVE-ORGANIZATIONS,Grantmakers for Effective Organizations,supporting_web_source,yes,https://projects.propublica.org/nonprofits/organizations/10669150,sources/native/supporting/src-peer-grantmakers-for-effective-organizations.html,present_verified_source_native,sources/native/supporting/src-peer-grantmakers-for-effective-organizations.html,True,270864,bf93716d5d2949e97c2ba44238ec4eb4db8c43f2ec31933b29125219edd89e11,sources/raw/src-peer-grantmakers-for-effective-organizations.txt,True,1509,0fc73ccaf56117553afef3832fb55b7bc9a1a4a04dbb657792f6a21c7c8b739b,True,verified source-native artifact
SRC-PEER-GUTTMACHER-INSTITUTE,Guttmacher Institute,supporting_web_source,yes,https://www.causeiq.com/organizations/guttmacher-institute%2C132890727/,sources/native/supporting/src-peer-guttmacher-institute.html,present_verified_source_native,sources/native/supporting/src-peer-guttmacher-institute.html,True,164932,39f485d4412a4217314b89c254e3a1774bc55f662dd889d98ad7a685f518fe6a,sources/raw/src-peer-guttmacher-institute.txt,True,1490,0fdd8e8903d9b61e07414235a27b7d8d54293f74766a3e70f6e035b3df1d6b22,True,verified source-native artifact
SRC-PEER-HIGH-IMPACT-ATHLETES,High Impact Athletes,supporting_web_source,yes,https://www.causeiq.com/organizations/high-impact-athletes%2C873955308/,sources/native/supporting/src-peer-high-impact-athletes.html,present_verified_source_native,"sources/native/manual_browser/src-peer-high-impact-athletes/High Impact Athletes _ Lewes, DE _ Cause IQ.html",True,175167,c98816fc61465d9114acbd71a140fa0e7e599f1914a97b4a60c3813b84f6333a,sources/raw/src-peer-high-impact-athletes.txt,True,1330,8ef20d50255124ff024e3636e92f3d211cb242ff243fc73f7fa6eebc0289b5f0,True,verified source-native artifact
SRC-PEER-IDINSIGHT,IDinsight,supporting_web_source,yes,https://www.causeiq.com/organizations/idinsight-usa%2C274933181/,sources/native/supporting/src-peer-idinsight.html,present_verified_source_native,"sources/native/manual_browser/src-peer-idinsight/IDinsight USA _ San Francisco, CA _ Cause IQ.html",True,180006,d2b66129ee99c89d9e1ebaed6d122f2d24a073b74b0f2b0c6c3647fd3fa1fc21,sources/raw/src-peer-idinsight.txt,True,1383,a190851d7e0db8178ee1fd378d247d4bf174910ff50a60b8103027a9676efadb,True,verified source-native artifact
SRC-PEER-INDEPENDENT-SECTOR,Independent Sector,supporting_web_source,yes,https://projects.propublica.org/nonprofits/organizations/521081024,sources/native/supporting/src-peer-independent-sector.html,present_verified_source_native,sources/native/supporting/src-peer-independent-sector.html,True,335474,38604b6a88e5c962a2fadeaa0891251a3c78e57d7c64fa8abe22966cf19addec,sources/raw/src-peer-independent-sector.txt,True,1514,ebac494d532c23ec80d69b32209605b673fa3b811a605807a292916cbbf6f684,True,verified source-native artifact
SRC-PEER-INFORMATION-TECHNOLOGY-AND-INNOVATION-FOUNDATION,Information Technology and Innovation Foundation,supporting_web_source,yes,https://projects.propublica.org/nonprofits/organizations/204403497,sources/native/supporting/src-peer-information-technology-and-innovation-foundation.html,present_verified_source_native,sources/native/supporting/src-peer-information-technology-and-innovation-foundation.html,True,314491,8765b2b82d8a9b5b4f1c53f82941956c85d138241354b340b2222f648281112a,sources/raw/src-peer-information-technology-and-innovation-foundation.txt,True,1086,1a6213ebfa5da0e364390315856c205c5d3ac92ad68136568ea14ed28a393050,True,verified source-native artifact
SRC-PEER-INNOVATIONS-FOR-POVERTY-ACTION,Innovations for Poverty Action,supporting_web_source,yes,https://www.causeiq.com/organizations/innovations-for-poverty-action%2C061660068/,sources/native/supporting/src-peer-innovations-for-poverty-action.html,present_verified_source_native,"sources/native/manual_browser/src-peer-innovations-for-poverty-action/Innovations for Poverty Action A Nonprofit Corporation (IPA) _ Washington, DC _ Cause IQ.html",True,187453,99b1e4d2aabf9f101f7b615287f5c91d7d3b3d4319cbcf063d59a80d076a7824,sources/raw/src-peer-innovations-for-poverty-action.txt,True,1491,2829daec7aafb36071b874d452b826b8cfc972ad98068026ce9db7b0bc6a63a2,True,verified source-native artifact
SRC-PEER-INSTITUTE-FOR-ENERGY-ECONOMICS-AND-FINANCIAL-ANALYSIS,Institute for Energy Economics and Financial Analysis,supporting_web_source,yes,https://projects.propublica.org/nonprofits/organizations/454244605,sources/native/supporting/src-peer-institute-for-energy-economics-and-financial-analysis.html,present_verified_source_native,sources/native/supporting/src-peer-institute-for-energy-economics-and-financial-analysis.html,True,198261,3e5610279c4273b41d176d5de0934cee7b3ef0ee9857dccff51bf2aa3bf6d7ff,sources/raw/src-peer-institute-for-energy-economics-and-financial-analysis.txt,True,1094,5852340c4b4812b546dc2eed799cf401ea6996ae6f9e97617655aaadfbda22e0,True,verified source-native artifact
SRC-PEER-INSTITUTE-FOR-NONPROFIT-NEWS,Institute for Nonprofit News,supporting_web_source,yes,https://projects.propublica.org/nonprofits/organizations/272614911,sources/native/supporting/src-peer-institute-for-nonprofit-news.html,present_verified_source_native,sources/native/supporting/src-peer-institute-for-nonprofit-news.html,True,257990,adf355f18696bd29e44cadc015c54965c8e02185249f54f9212ba5a290970790,sources/raw/src-peer-institute-for-nonprofit-news.txt,True,1095,603416aa012ae988f24f0fc600291b1015ce9129abcd44521a6f51171d57b332,True,verified source-native artifact
SRC-PEER-INSTITUTE-FOR-POLICY-STUDIES,Institute for Policy Studies,supporting_web_source,yes,https://projects.propublica.org/nonprofits/organizations/520788947,sources/native/supporting/src-peer-institute-for-policy-studies.html,present_verified_source_native,sources/native/supporting/src-peer-institute-for-policy-studies.html,True,271464,829b1c77d1adb3f11ace0eabeab88e2ac30992ee009c09aa2b0a1139a9eec2fb,sources/raw/src-peer-institute-for-policy-studies.txt,True,1085,a19a9461d42fe94218cae977c7275afc6ba093c7beb0d5d1658d2990ceb8347d,True,verified source-native artifact
SRC-990-IFP-2024,Institute for Progress,supporting_web_source,yes,https://projects.propublica.org/nonprofits/organizations/872449729,sources/native/supporting/src-990-ifp-2024.html,present_verified_source_native,sources/native/supporting/src-990-ifp-2024.html,True,80028,96c0f7ac3c47ceac278c7396e126604a409f39af612adde5c18338a4461bd12c,sources/raw/src-990-ifp-2024.txt,True,1751,905ebc5d98021e4636481739edf3f3bf71647849a880e235d36350d9b9b4c305,True,verified source-native artifact
SRC-PEER-INSTITUTE-FOR-SECURITY-AND-TECHNOLOGY,Institute for Security and Technology,supporting_web_source,yes,https://projects.propublica.org/nonprofits/organizations/475677755,sources/native/supporting/src-peer-institute-for-security-and-technology.html,present_verified_source_native,sources/native/supporting/src-peer-institute-for-security-and-technology.html,True,130289,f5c223ed044a975558524af5d26e0ef0b12fd7448c1faba57cd242e2e0009e02,sources/raw/src-peer-institute-for-security-and-technology.txt,True,1072,7b38072cf04c9eeb2ad37edcc293e1a520413bf80a8362d8c3e95e980c8abd7f,True,verified source-native artifact
SRC-PEER-INSTITUTE-FOR-WOMEN-S-POLICY-RESEARCH,Institute for Women’s Policy Research,supporting_web_source,yes,https://www.causeiq.com/organizations/institute-for-womens-policy-research%2C521549572/,sources/native/supporting/src-peer-institute-for-women-s-policy-research.html,present_verified_source_native,"sources/native/manual_browser/src-peer-institute-for-women-s-policy-research/Institute for Womens Policy Research (IWPR) _ Washington, DC _ Cause IQ.html",True,185792,723dae1f3515dca89659336ca0b2a09f76637345d7d57639384b769817ff3301,sources/raw/src-peer-institute-for-women-s-policy-research.txt,True,1406,33086299011c01c128b6d818dcc73366b5688f38f3698068b49206bec338da2d,True,verified source-native artifact
SRC-PEER-INSTITUTE-FOR-THE-STUDY-OF-WAR,Institute for the Study of War,supporting_web_source,yes,https://projects.propublica.org/nonprofits/organizations/260273675,sources/native/supporting/src-peer-institute-for-the-study-of-war.html,present_verified_source_native,sources/native/supporting/src-peer-institute-for-the-study-of-war.html,True,238230,3b1962a932748c2c974002c65148b8522b95fa6e48904474c0bd828359c5fece,sources/raw/src-peer-institute-for-the-study-of-war.txt,True,1083,7844cb65c4e73660003b71bf7eb11cbd14eb82d6e3645ec6858040001b094f75,True,verified source-native artifact
SRC-PEER-INSTITUTE-ON-TAXATION-AND-ECONOMIC-POLICY,Institute on Taxation and Economic Policy,supporting_web_source,yes,https://projects.propublica.org/nonprofits/organizations/042688165,sources/native/supporting/src-peer-institute-on-taxation-and-economic-policy.html,present_verified_source_native,sources/native/supporting/src-peer-institute-on-taxation-and-economic-policy.html,True,283704,a66fcbb9525863afd688de56f9d114ad613463a6246b25ad9880e7ab6bc083d0,sources/raw/src-peer-institute-on-taxation-and-economic-policy.txt,True,1097,96f7648340ec54940f2f34f99c7551aed4e75d497000ad783f0f1d12c72f473e,True,verified source-native artifact
SRC-IRS-990-INSTR,Internal Revenue Service,supporting_web_source,yes,https://www.irs.gov/instructions/i990,sources/native/supporting/src-irs-990-instr.html,present_verified_source_native,sources/native/supporting/src-irs-990-instr.html,True,1308640,9bb0d290cdf7a46bcda51ff379c5cd6eb6ba8497273b901853668ccc4ec56b4b,sources/raw/src-irs-990-instr.txt,True,1135,4538b716fbbba6ef09641bb1ae44c3681c3fffc2a9d0568959a30978b7de5bb7,True,verified source-native artifact
SRC-IRS-BULK,Internal Revenue Service,supporting_web_source,yes,https://www.irs.gov/charities-non-profits/form-990-series-downloads,sources/native/supporting/src-irs-bulk.html,present_verified_source_native,sources/native/supporting/src-irs-bulk.html,True,120278,e8850d47da77fd5eb4e4d65645d86ef03ac57dad209b1014d6d4bfe9b31f28d9,sources/raw/src-irs-bulk.txt,True,993,aee4496943beb43a2f631eed32693d7473f18e2804caef1339aaebd9a741d5fa,True,verified source-native artifact
SRC-PEER-INTERNET-SECURITY-RESEARCH-GROUP,Internet Security Research Group,supporting_web_source,yes,https://projects.propublica.org/nonprofits/organizations/463344200,sources/native/supporting/src-peer-internet-security-research-group.html,present_verified_source_native,sources/native/supporting/src-peer-internet-security-research-group.html,True,182660,c15dbc238402dd448d983f37a7baef44d5789e76dd27f2510a509c2a31720cee,sources/raw/src-peer-internet-security-research-group.txt,True,1094,b860ae41d640379d766c6bee58a9f472bd0468e778137e2858f3e45d989ba5f7,True,verified source-native artifact
SRC-PEER-JAIN-FAMILY-INSTITUTE,Jain Family Institute,supporting_web_source,yes,https://projects.propublica.org/nonprofits/organizations/474407203,sources/native/supporting/src-peer-jain-family-institute.html,present_verified_source_native,sources/native/supporting/src-peer-jain-family-institute.html,True,153462,6605b4ecb6449696c38be1fc1960c966de91c77bc2bb4d0ab5ad51b2789376ad,sources/raw/src-peer-jain-family-institute.txt,True,1033,da796014665ab132f27f0fa93f58c0fb12f35d69ed2e1d5de6fe44dc3bde718d,True,verified source-native artifact
SRC-PEER-LAST-MILE-HEALTH,Last Mile Health,supporting_web_source,yes,https://www.causeiq.com/organizations/last-mile-health%2C261401736/,sources/native/supporting/src-peer-last-mile-health.html,present_verified_source_native,sources/native/supporting/src-peer-last-mile-health.html,True,163098,8018eccac39bb6132e9dd9b159caf1cc379475b3bf85302631dc08583dafc9ab,sources/raw/src-peer-last-mile-health.txt,True,1498,570806dbb22436f4936e15233bf1e1f57249f45deb81879ac007630f48f97404,True,verified source-native artifact
SRC-PEER-LEARNING-POLICY-INSTITUTE,Learning Policy Institute,supporting_web_source,yes,https://projects.propublica.org/nonprofits/organizations/472772048,sources/native/supporting/src-peer-learning-policy-institute.html,present_verified_source_native,sources/native/supporting/src-peer-learning-policy-institute.html,True,199080,419198cb4651d89e912862d686197139d189e7332b689190beb7519eda3e585e,sources/raw/src-peer-learning-policy-institute.txt,True,1042,63c90d126bd3a9f4c1a72d3d3b68f72f6d8e8a1cf50683f7fb6f29ab30c18bd3,True,verified source-native artifact
SRC-PEER-LEGAL-PRIORITIES-PROJECT,Legal Priorities Project,supporting_web_source,yes,https://www.causeiq.com/organizations/legal-priorities%2C851024198/,sources/native/supporting/src-peer-legal-priorities-project.html,present_verified_source_native,"sources/native/manual_browser/src-peer-legal-priorities-project/Institute for Law and Ai _ Boston, MA _ Cause IQ.html",True,178516,9aa9ac7528cd8eae32cdd360d5cad5d07f6579c905d5d0ef75a29facd67d8b8e,sources/raw/src-peer-legal-priorities-project.txt,True,1446,63c1930e291aef557fc38f5a693ea598694789cb584564940141433cd06f06da,True,verified source-native artifact
SRC-PEER-LIVING-GOODS,Living Goods,supporting_web_source,yes,https://www.causeiq.com/organizations/living-goods%2C205010527/,sources/native/supporting/src-peer-living-goods.html,present_verified_source_native,"sources/native/manual_browser/src-peer-living-goods/Living Goods _ Washington, DC _ Cause IQ.html",True,180857,31dcfc9ce7e28e98020a7a4294becb54347b55f5a50cfe684a32cf5b35c2bab7,sources/raw/src-peer-living-goods.txt,True,1481,202f67589ddcbaa9776ba4763a3ac86062065dacf58748605f55fb4624a3d516,True,verified source-native artifact
SRC-PEER-METR,METR,supporting_web_source,yes,https://www.causeiq.com/organizations/model-evaluation-and-threat-research%2C991219864/,sources/native/supporting/src-peer-metr.html,present_verified_source_native,"sources/native/manual_browser/src-peer-metr/Model Evaluation and Threat Research _ Covina, CA _ Cause IQ.html",True,159806,ecae5f94d099e5a770918e329082a589e35221441dee8cb2d0871dffc3c878f4,sources/raw/src-peer-metr.txt,True,1314,8d8d1bf387793866ab84be17f7e6ed3bf58c3a9144c274b6683cda641e1de792,True,verified source-native artifact
SRC-990-MIRI,Machine Intelligence Research Institute,supporting_web_source,yes,https://projects.propublica.org/nonprofits/organizations/582565917,sources/native/supporting/src-990-miri.html,present_verified_source_native,sources/native/manual_browser/src-990-miri/Machine Intelligence Research Institute Inc - Nonprofit Explorer - ProPublica.html,True,283878,76e0aa0185fff337aa9c1369ea251fa695b1d247400e16e81f1e8235c687c72c,sources/raw/src-990-miri.txt,True,1605,6070f1d077406c2e168a1b3145bc5681c4a6cf7e42550d9ec90c7cec41f83f3b,True,verified source-native artifact
SRC-PEER-MERCY-FOR-ANIMALS,Mercy For Animals,supporting_web_source,yes,https://www.causeiq.com/organizations/mercy-for-animals%2C542076145/,sources/native/supporting/src-peer-mercy-for-animals.html,present_verified_source_native,"sources/native/manual_browser/src-peer-mercy-for-animals/Mercy for Animals _ Los Angeles, CA _ Cause IQ.html",True,184963,c2e928b05f4a2414b8283f5ea196736fe5f4cc34c45317fbc454f441bcb047d4,sources/raw/src-peer-mercy-for-animals.txt,True,1477,7a2d0a393a51de25f7372cfdc02837d8de82be50ae3ba7d3c423fe0ac2b39588,True,verified source-native artifact
SRC-PEER-MIGRATION-POLICY-INSTITUTE,Migration Policy Institute,supporting_web_source,yes,https://www.causeiq.com/organizations/migration-policy-institute%2C522279789/,sources/native/supporting/src-peer-migration-policy-institute.html,present_verified_source_native,"sources/native/manual_browser/src-peer-migration-policy-institute/Migration Policy Institute _ Washington, DC _ Cause IQ.html",True,184773,8aa7ec147a9dac1004fd3020e579cba7334cf38356fe301bc53c2f5dd787f0d4,sources/raw/src-peer-migration-policy-institute.txt,True,1487,8802c6e06dbef335b8b8c771eb5ec6d45f54a70761f38d233fe61ba30eab3e00,True,verified source-native artifact
SRC-PEER-MUCKROCK-FOUNDATION,MuckRock Foundation,supporting_web_source,yes,https://projects.propublica.org/nonprofits/organizations/811485228,sources/native/supporting/src-peer-muckrock-foundation.html,present_verified_source_native,sources/native/supporting/src-peer-muckrock-foundation.html,True,147164,c0f75d767ce6a38974b40c89b18c5f334e19b354f1b3f5097b3b32f7d068b54d,sources/raw/src-peer-muckrock-foundation.txt,True,1049,3e1ece234b16aa9cd0e4738af31b2fbb2165707197299070cd0bd480956761df,True,verified source-native artifact
SRC-PEER-NATIONAL-ACADEMY-FOR-STATE-HEALTH-POLICY,National Academy for State Health Policy,supporting_web_source,yes,https://projects.propublica.org/nonprofits/organizations/521576801,sources/native/supporting/src-peer-national-academy-for-state-health-policy.html,present_verified_source_native,sources/native/supporting/src-peer-national-academy-for-state-health-policy.html,True,295121,585927c1c09708c03e4081b28b5442611a6dfadaf683b606e164702cbaa7f1bb,sources/raw/src-peer-national-academy-for-state-health-policy.txt,True,1080,54138055f81e3f312349276524d848005b3f261544b414886372fec765159759,True,verified source-native artifact
SRC-PEER-NATIONAL-COMMITTEE-FOR-RESPONSIVE-PHILANTHROPY,National Committee for Responsive Philanthropy,supporting_web_source,yes,https://projects.propublica.org/nonprofits/organizations/521072749,sources/native/supporting/src-peer-national-committee-for-responsive-philanthropy.html,present_verified_source_native,sources/native/supporting/src-peer-national-committee-for-responsive-philanthropy.html,True,298091,6e666a815b6e0bddeccfdab40f8197e74d760244eece05b933544777eef2c3d5,sources/raw/src-peer-national-committee-for-responsive-philanthropy.txt,True,1514,12f55e1d275cae4bba2254f6c3f99dd58d11b976344033f2578891a5718559e4,True,verified source-native artifact
SRC-PEER-NATIONAL-EMPLOYMENT-LAW-PROJECT,National Employment Law Project,supporting_web_source,yes,https://projects.propublica.org/nonprofits/organizations/132758558,sources/native/supporting/src-peer-national-employment-law-project.html,present_verified_source_native,sources/native/supporting/src-peer-national-employment-law-project.html,True,291108,db562d808e1a3563694f58ea0578cb6864ceee825967f4d58df88e2a242a86f8,sources/raw/src-peer-national-employment-law-project.txt,True,1084,c3ba2ec3b46f4b3e9fc6fef3b33fd3f77f6a57a140c9316d72cb61e911f55f33,True,verified source-native artifact
SRC-PEER-NEW-AMERICA,New America,supporting_web_source,yes,https://projects.propublica.org/nonprofits/organizations/522096845,sources/native/supporting/src-peer-new-america.html,present_verified_source_native,sources/native/supporting/src-peer-new-america.html,True,337060,dd37890824d61f711e739db9607288a84eb6a555e95099aa6d0a621cead569f7,sources/raw/src-peer-new-america.txt,True,1056,b01f58402c4a0226671b672158f55628171a8b5b712ad46c159ad5e7f03e0547,True,verified source-native artifact
SRC-PEER-NEW-HARVEST,New Harvest,supporting_web_source,yes,https://www.causeiq.com/organizations/new-harvest%2C201425438/,sources/native/supporting/src-peer-new-harvest.html,present_verified_source_native,sources/native/supporting/src-peer-new-harvest.html,True,162872,1b30f560a5828380aa8f0e5363150003faee798b78ad39a7b796b7629772e555,sources/raw/src-peer-new-harvest.txt,True,1248,ccffbe5d499e588d944bf48191efa4535007c5104c56ae9af81809abcedc134d,True,verified source-native artifact
SRC-PEER-NEW-ROOTS-INSTITUTE,New Roots Institute,supporting_web_source,yes,https://www.causeiq.com/organizations/factory-farming-awareness-coalition%2C824594246/,sources/native/supporting/src-peer-new-roots-institute.html,present_verified_source_native,"sources/native/manual_browser/src-peer-new-roots-institute/New Roots Institute _ Los Angeles, CA _ Cause IQ.html",True,181533,e072bed553ff0dcd70c07ccdb8ec0d9edfec231aa7d29d453805f9a49f3f24dc,sources/raw/src-peer-new-roots-institute.txt,True,1572,fb984836e44650cda0cc2b16112a9049f355a1c5e01c114a92e91e97bd5939ee,True,verified source-native artifact
SRC-990-NISK-2024,Niskanen Center,supporting_web_source,yes,https://apps.irs.gov/pub/epostcard/990/xml/2025/202523179349301947_public.xml,sources/native/supporting/src-990-nisk-2024.xml,present_verified_source_native,sources/native/supporting/src-990-nisk-2024.html,True,210255,1e71ff42063475cb47b598fc7726eea4710b482afae76224cc440388e7badc25,sources/raw/src-990-nisk-2024.txt,True,1653,20b70bc5b331a92e7c3d81effda504c81fa4a707263a267c074d202ae8bd9442,True,verified source-native artifact
SRC-PEER-NISKANEN-CENTER,Niskanen Center,supporting_web_source,yes,https://projects.propublica.org/nonprofits/organizations/455308952,sources/native/supporting/src-peer-niskanen-center.html,present_verified_source_native,sources/native/supporting/src-peer-niskanen-center.html,True,210255,1e71ff42063475cb47b598fc7726eea4710b482afae76224cc440388e7badc25,sources/raw/src-peer-niskanen-center.txt,True,1060,930b3eb12dfaa69e2a6fee849efec0b2e01938f2698c30ac61f204527ede649d,True,verified source-native artifact
SRC-PEER-NONHUMAN-RIGHTS-PROJECT,Nonhuman Rights Project,supporting_web_source,yes,https://www.causeiq.com/organizations/nonhuman-rights-project%2C043289466/,sources/native/supporting/src-peer-nonhuman-rights-project.html,present_verified_source_native,"sources/native/manual_browser/src-peer-nonhuman-rights-project/Nonhuman Rights Project _ Washington, DC _ Cause IQ.html",True,179410,7731549bfa1b07402e4dc8a1eb95b9756bd4380b363b73f405c3b7e3c9f22e91,sources/raw/src-peer-nonhuman-rights-project.txt,True,1345,2e628b5256a774bc2647271aefe07dc6d59c2577f847b6a9379475bbf0f4658e,True,verified source-native artifact
SRC-PEER-NUCLEAR-INNOVATION-ALLIANCE,Nuclear Innovation Alliance,supporting_web_source,yes,https://projects.propublica.org/nonprofits/organizations/371859117,sources/native/supporting/src-peer-nuclear-innovation-alliance.html,present_verified_source_native,sources/native/supporting/src-peer-nuclear-innovation-alliance.html,True,135735,fb75d3bb7c030a47cfbc1e6d6683ed8889bc7b2161112797abd8731bc453ddf7,sources/raw/src-peer-nuclear-innovation-alliance.txt,True,1048,363f349ab693a9b2e269193fe3bac3033920b7cbd5fd02481f52e7970723e5a3,True,verified source-native artifact
SRC-PEER-NUCLEAR-THREAT-INITIATIVE,Nuclear Threat Initiative,supporting_web_source,yes,https://www.causeiq.com/organizations/nuclear-threat-initiative%2C522289435/,sources/native/supporting/src-peer-nuclear-threat-initiative.html,present_verified_source_native,"sources/native/manual_browser/src-peer-nuclear-threat-initiative/Nuclear Threat Initiative _ Washington, DC _ Cause IQ.html",True,194929,401347b81d8b785e893e23a7dd4cd43e41632bf58f802169f44de4c13508b2dc,sources/raw/src-peer-nuclear-threat-initiative.txt,True,1585,4971f69be06af5a1f7b80ca2b5ef5a73218e5d1763e09b913acf8cb3d8372835,True,verified source-native artifact
SRC-PEER-NUMFOCUS,NumFOCUS,supporting_web_source,yes,https://projects.propublica.org/nonprofits/organizations/454547709,sources/native/supporting/src-peer-numfocus.html,present_verified_source_native,sources/native/supporting/src-peer-numfocus.html,True,196479,dd9118e9449931c085163585abc261b4e920deea63b6a7e0c17c1a5f0feb708b,sources/raw/src-peer-numfocus.txt,True,1063,a9c210aa46a7fccfc878f60f6cd22b7d7ebb638caf2fcb301f9bf2f25a0654d0,True,verified source-native artifact
SRC-PEER-ORCID,ORCID,supporting_web_source,yes,https://projects.propublica.org/nonprofits/organizations/275142743,sources/native/supporting/src-peer-orcid.html,present_verified_source_native,sources/native/supporting/src-peer-orcid.html,True,301466,4603c121aeff6eb7ced639547e499a7167b16c4e836d5cead31f0d2a08a855fa,sources/raw/src-peer-orcid.txt,True,1041,5018e3683b815a6489aefc4b2c1db988e5439a2ae147869a67b38f5c89ee6a82,True,verified source-native artifact
SRC-PEER-ONE-FOR-THE-WORLD,One for the World,supporting_web_source,yes,https://www.causeiq.com/organizations/one-for-the-world%2C842124550/,sources/native/supporting/src-peer-one-for-the-world.html,present_verified_source_native,"sources/native/manual_browser/src-peer-one-for-the-world/One For The World _ New York, NY _ Cause IQ.html",True,181516,b605405acaea1f234efb3d5aaa1c2ae0d5509d20b09c846f0507bf0856bc9433,sources/raw/src-peer-one-for-the-world.txt,True,1275,1763410c32df538dec3b646ec76bb7a3e367af9ede5708912273241c6ee53700,True,verified source-native artifact
SRC-PEER-OPEN-MARKETS-INSTITUTE,Open Markets Institute,supporting_web_source,yes,https://projects.propublica.org/nonprofits/organizations/822529375,sources/native/supporting/src-peer-open-markets-institute.html,present_verified_source_native,sources/native/supporting/src-peer-open-markets-institute.html,True,139374,94dddca656663da23711770ec395b4da326d38406f470dbaa423ac8b56e29bd9,sources/raw/src-peer-open-markets-institute.txt,True,1080,c036d46f153972911d7a168287002d19c00456c5b9d081b0272a9c461665f53d,True,verified source-native artifact
SRC-PEER-OPEN-SOURCE-INITIATIVE,Open Source Initiative,supporting_web_source,yes,https://projects.propublica.org/nonprofits/organizations/912037395,sources/native/supporting/src-peer-open-source-initiative.html,present_verified_source_native,sources/native/supporting/src-peer-open-source-initiative.html,True,193742,39a41d45c283fb5fe43b87fd2fc56f00f9baa496493d1ff69297d972c649b8b4,sources/raw/src-peer-open-source-initiative.txt,True,1059,f8b144c3be0ba59a2c9e31a888b749c23b4bb3dd64326da952257a3986a29ce5,True,verified source-native artifact
SRC-PEER-OPENSECRETS,OpenSecrets,supporting_web_source,yes,https://projects.propublica.org/nonprofits/organizations/521275227,sources/native/supporting/src-peer-opensecrets.html,present_verified_source_native,sources/native/supporting/src-peer-opensecrets.html,True,286695,af1af8d4dbf95551afec945cd2fb89a58771f5dabff040f0eb7daffcbcb59f20,sources/raw/src-peer-opensecrets.txt,True,1042,35ddee4c2144848c5d976aee0598ce476ed383cd96abc62533eb275f60713531,True,verified source-native artifact
SRC-PEER-PEAK-GRANTMAKING,PEAK Grantmaking,supporting_web_source,yes,https://projects.propublica.org/nonprofits/organizations/743158155,sources/native/supporting/src-peer-peak-grantmaking.html,present_verified_source_native,sources/native/supporting/src-peer-peak-grantmaking.html,True,287367,249f6fa7a1f35f5b845e9bc9f2225150becf60b59dd1b9c6b8e965a133993bcf,sources/raw/src-peer-peak-grantmaking.txt,True,1518,8ec959834145b33d4ca35e5c92d68b5885925213a76733040dbbc947c9e843be,True,verified source-native artifact
SRC-990-PAI-2024,Partnership on AI,supporting_web_source,yes,https://apps.irs.gov/pub/epostcard/990/xml/2025/202543219349322709_public.xml,sources/native/supporting/src-990-pai-2024.xml,present_verified_source_native,sources/native/supporting/src-990-pai-2024.html,True,179205,c60a3a19d0ccf3b026d6a9d1db527e6438ca4834aa3b469c98a272a2935d468e,sources/raw/src-990-pai-2024.txt,True,1662,2794250ff343ecdd7bc042d724a30f018b78efef6e438db44b5e7ca19d9da801,True,verified source-native artifact
SRC-PEER-PARTNERSHIP-ON-AI,Partnership on AI,supporting_web_source,yes,https://www.causeiq.com/organizations/partnership-on-ai-to-benefit-people-and-society%2C320518917/,sources/native/supporting/src-peer-partnership-on-ai.html,present_verified_source_native,sources/native/supporting/src-peer-partnership-on-ai.html,True,164912,f1c51427aff9029a867af96e708de26a20f8b99e33ee4a09bfac9baafdf54345,sources/raw/src-peer-partnership-on-ai.txt,True,1554,c7be70ee319e3d847f097337e4c4a0c21cd8da350dd56fefba7e347ee4903a6c,True,verified source-native artifact
SRC-PEER-PETERSON-INSTITUTE-FOR-INTERNATIONAL-ECONOMICS,Peterson Institute for International Economics,supporting_web_source,yes,https://www.causeiq.com/organizations/peterson-institute-for-international-economics%2C521226967/,sources/native/supporting/src-peer-peterson-institute-for-international-economics.html,present_verified_source_native,"sources/native/manual_browser/src-peer-peterson-institute-for-international-economics/Peter G Peterson Institute for International Economics (PIIE) _ Washington, DC _ Cause IQ.html",True,184853,4f0be6e627aac7ae289f48a7c89341344d380aef159256546826087fd15e60a0,sources/raw/src-peer-peterson-institute-for-international-economics.txt,True,1533,2814b7ef3bb6b5133b284af6e723c37cb87d1f53562fe45debd36a2ce370d921,True,verified source-native artifact
SRC-PEER-PHYSICIANS-COMMITTEE-FOR-RESPONSIBLE-MEDICINE,Physicians Committee for Responsible Medicine,supporting_web_source,yes,https://www.causeiq.com/organizations/physicians-committee-for-responsible-medicine%2C521394893/,sources/native/supporting/src-peer-physicians-committee-for-responsible-medicine.html,present_verified_source_native,"sources/native/manual_browser/src-peer-physicians-committee-for-responsible-medicine/Physicians Committee for Responsible Medicine (PCRM) _ Washington, DC _ Cause IQ.html",True,194582,3aab70c2b58b8b27b25f1d79918845fec93d8a739e2eae2eb46c5e001b2aebf4,sources/raw/src-peer-physicians-committee-for-responsible-medicine.txt,True,1460,485734dfed0e6a6aee0c4137f8ce401e9389f132ce307785b154ae72e16b7636,True,verified source-native artifact
SRC-PEER-PHYSICIANS-FOR-SOCIAL-RESPONSIBILITY,Physicians for Social Responsibility,supporting_web_source,yes,https://projects.propublica.org/nonprofits/organizations/237059731,sources/native/supporting/src-peer-physicians-for-social-responsibility.html,present_verified_source_native,sources/native/supporting/src-peer-physicians-for-social-responsibility.html,True,317561,a148be71ca7f87632e7fa7bc207ec439c08d33888821f6a0ff5367f9004882c7,sources/raw/src-peer-physicians-for-social-responsibility.txt,True,1086,ed04e4ffbae456f951116c5826e047e94d9b399d55bb58b96545629e74d18553,True,verified source-native artifact
SRC-PEER-POPULATION-REFERENCE-BUREAU,Population Reference Bureau,supporting_web_source,yes,https://www.causeiq.com/organizations/population-reference-bureau%2C530214030/,sources/native/supporting/src-peer-population-reference-bureau.html,present_verified_source_native,"sources/native/manual_browser/src-peer-population-reference-bureau/Population Reference Bureau (PRB) _ Washington, DC _ Cause IQ.html",True,186775,05577f10b7e75d64687d94f94146ffe62596ce4ee723f12d49ea28c5f9ef6373,sources/raw/src-peer-population-reference-bureau.txt,True,1462,d6c695bb929aa5ef8189fd757b2b0381dfb4febe7cf5d8793630e27d9f735882,True,verified source-native artifact
SRC-PEER-PRECISION-DEVELOPMENT,Precision Development,supporting_web_source,yes,https://www.causeiq.com/organizations/precision-agriculture-for-development%2C810779400/,sources/native/supporting/src-peer-precision-development.html,present_verified_source_native,"sources/native/manual_browser/src-peer-precision-development/Precision Development _ Newton, MA _ Cause IQ.html",True,180590,4a37fa3dd19b5d611e2cf840c91d6e2ea28541bc5743f86fcfe94498fbb33dff,sources/raw/src-peer-precision-development.txt,True,1519,aa2b80d22f81b1d78daa3ba13248f126a63fcc3b480dfbbe8c68f8531596fa81,True,verified source-native artifact
SRC-PROPUBLICA-METHOD,ProPublica Nonprofit Explorer,supporting_web_source,yes,https://projects.propublica.org/nonprofits/,sources/native/supporting/src-propublica-method.html,present_verified_source_native,sources/native/supporting/src-propublica-method.html,True,68912,963e4b5b86c2675c0af591982b715634c4f758ebd0359222d0f22beca87fe33c,sources/raw/src-propublica-method.txt,True,1092,6636d61df64328184659cd4cacd0d368ae9b86a9f825b21044b77aac96911d93,True,verified source-native artifact
SRC-PEER-PROJECT-DRAWDOWN,Project Drawdown,supporting_web_source,yes,https://projects.propublica.org/nonprofits/organizations/383705448,sources/native/supporting/src-peer-project-drawdown.html,present_verified_source_native,sources/native/supporting/src-peer-project-drawdown.html,True,220712,4b69292360bf660545be667e514d2e19936e665239c4a6c86c41d7fc264d83b8,sources/raw/src-peer-project-drawdown.txt,True,1046,858db2729429d17aa50dd98a2ec974d2e2b56943ed214a0a5e190017caf79ccc,True,verified source-native artifact
SRC-PEER-PROJECT-HEALTHY-CHILDREN,Project Healthy Children,supporting_web_source,yes,https://projects.propublica.org/nonprofits/organizations/830396815,sources/native/supporting/src-peer-project-healthy-children.html,present_verified_source_native,sources/native/supporting/src-peer-project-healthy-children.html,True,181669,a3e465f98362126ea4843dd38c33585ecea90f2eaed92be3b95de70a1b76faec,sources/raw/src-peer-project-healthy-children.txt,True,1092,1b0e31b46670f9a063c84452d555e898d8f5f7a45fdd4edbd507033613c92e82,True,verified source-native artifact
SRC-PEER-PUBLIC-AGENDA,Public Agenda,supporting_web_source,yes,https://projects.propublica.org/nonprofits/organizations/132847587,sources/native/supporting/src-peer-public-agenda.html,present_verified_source_native,sources/native/supporting/src-peer-public-agenda.html,True,269298,0b016653ffa9b7e7d5a5884c6aa16025fdbf06267386c3db6f953ee85c73ebf5,sources/raw/src-peer-public-agenda.txt,True,1061,e7ec6b3bdbf464eea66875f6143b208fde413b503a750c1da804107d27174838,True,verified source-native artifact
SRC-PEER-PUBLIC-KNOWLEDGE,Public Knowledge,supporting_web_source,yes,https://www.causeiq.com/organizations/public-knowledge%2C522336690/,sources/native/supporting/src-peer-public-knowledge.html,present_verified_source_native,sources/native/supporting/src-peer-public-knowledge.html,True,166452,7b4e6b78867f82b36dd8a9e179187977d2f9a26d07548cceabdc9a999d79c46b,sources/raw/src-peer-public-knowledge.txt,True,1513,302086c41c102f615149d287f663db49c64fe2df3d673ef5751ec3f7785d2ef0,True,verified source-native artifact
SRC-PEER-PUBLIC-LIBRARY-OF-SCIENCE,Public Library of Science,supporting_web_source,yes,https://www.causeiq.com/organizations/public-library-of-science%2C680492065/,sources/native/supporting/src-peer-public-library-of-science.html,present_verified_source_native,"sources/native/manual_browser/src-peer-public-library-of-science/Public Library of Science (PLOS) _ Alhambra, CA _ Cause IQ.html",True,188353,9682cf6fc147bd2cc7be22c4cefaa5bd477440b7ab7566ca671bf7b46573217f,sources/raw/src-peer-public-library-of-science.txt,True,1420,1095ffd74759bc959b03600b612567d423bedd616174457c80a37792ac47f69d,True,verified source-native artifact
SRC-PEER-PURE-EARTH,Pure Earth,supporting_web_source,yes,https://www.causeiq.com/organizations/pure-earth%2C134075779/,sources/native/supporting/src-peer-pure-earth.html,present_verified_source_native,"sources/native/manual_browser/src-peer-pure-earth/Pure Earth _ New York, NY _ Cause IQ.html",True,183398,195e4f0df452e19452a775048a34626caa21788c776a69659b8ea0961199c1a6,sources/raw/src-peer-pure-earth.txt,True,1311,aa7a4db7e119e0c14604e4bb86f5080edf44d1a70031e7f3c59d773357b10a97,True,verified source-native artifact
SRC-PEER-QUINCY-INSTITUTE-FOR-RESPONSIBLE-STATECRAFT,Quincy Institute for Responsible Statecraft,supporting_web_source,yes,https://projects.propublica.org/nonprofits/organizations/842285143,sources/native/supporting/src-peer-quincy-institute-for-responsible-statecraft.html,present_verified_source_native,sources/native/supporting/src-peer-quincy-institute-for-responsible-statecraft.html,True,120540,3fa699e19ec1db890d25f39ba693cf472cfdbfa066495dc33b942ce9116385fa,sources/raw/src-peer-quincy-institute-for-responsible-statecraft.txt,True,1097,c5bdb72d0891a9b04684a432663b27f2b681492a60665a77fb3c46ff5d75a8e5,True,verified source-native artifact
SRC-990-RSTREET-2024,R Street Institute,supporting_web_source,yes,https://apps.irs.gov/pub/epostcard/990/xml/2025/202503119349301245_public.xml,sources/native/supporting/src-990-rstreet-2024.xml,present_verified_source_native,sources/native/supporting/src-990-rstreet-2024.html,True,234035,a36be77770099d2a2b2d9eb329298e7a95a0d57fd5b5f8113e12ddc13ec54879,sources/raw/src-990-rstreet-2024.txt,True,1814,2f8fed79588ac3b8b9349f68dec4f9301c9b0810f7b35e86f334414bfa8dfc9d,True,verified source-native artifact
SRC-PEER-REDWOOD-RESEARCH,Redwood Research,supporting_web_source,yes,https://www.causeiq.com/organizations/redwood-research-group%2C871702255/,sources/native/supporting/src-peer-redwood-research.html,present_verified_source_native,"sources/native/manual_browser/src-peer-redwood-research/Redwood Research Group _ Berkeley, CA _ Cause IQ.html",True,178622,d70730ae15ed43204b9a9ec6761f973bd8a70bf9aea90233cacd9f725e52330e,sources/raw/src-peer-redwood-research.txt,True,1498,0c75a662083145beb01f4657f4919faddee264bdf716817b6350678b6ea3d7d4,True,verified source-native artifact
SRC-PEER-RESEARCH-AMERICA,Research!America,supporting_web_source,yes,https://projects.propublica.org/nonprofits/organizations/521609875,sources/native/supporting/src-peer-research-america.html,present_verified_source_native,sources/native/supporting/src-peer-research-america.html,True,344673,0a80ff3d73c9190e6adf36de793a4f9861772604bb090cef9cd2299558e4029b,sources/raw/src-peer-research-america.txt,True,1487,1f45d7e775245e31a365bab9cc21c88068af6d397c0ce190892158ea34405642,True,verified source-native artifact
SRC-PEER-RESOLVE-TO-SAVE-LIVES,Resolve to Save Lives,supporting_web_source,yes,https://www.causeiq.com/organizations/resolve-to-save-lives%2C862254152/,sources/native/supporting/src-peer-resolve-to-save-lives.html,present_verified_source_native,"sources/native/manual_browser/src-peer-resolve-to-save-lives/Resolve To Save Lives _ Alexandria, VA _ Cause IQ.html",True,182457,0b6c07ab58c9639f02bc10632e2fbbd1745d54687dd3258a6e23973370b3ec20,sources/raw/src-peer-resolve-to-save-lives.txt,True,1304,1397a7af656744a57897635c7e296ab43d3c89cccae3661ca54600d4a4184f72,True,verified source-native artifact
SRC-990-RFF-2024,Resources for the Future,supporting_web_source,yes,https://apps.irs.gov/pub/epostcard/990/xml/2025/202511929349300821_public.xml,sources/native/supporting/src-990-rff-2024.xml,present_verified_source_native,sources/native/supporting/src-990-rff-2024.html,True,340667,691509bc6ed5806cb071a00b9a1b4683f03bfcd0c135068ffc6c1c75b836066c,sources/raw/src-990-rff-2024.txt,True,1889,cb2104a7f75872660dd7124231be6cd9de651ee5ff52f60ab8f286e87bccfcb1,True,verified source-native artifact
SRC-990-RFA-2024,Results for America,supporting_web_source,yes,https://apps.irs.gov/pub/epostcard/990/xml/2025/202513179349309376_public.xml,sources/native/supporting/src-990-rfa-2024.xml,present_verified_source_native,sources/native/supporting/src-990-rfa-2024.html,True,174915,2691f3e3b0e0a5a9cbb2f20b05c4f7da97e5f7cecc8d6e75270bf58fcf69f4ab,sources/raw/src-990-rfa-2024.txt,True,1700,083f72206f16bd1d9f9af8c25391c0c3f87eb7504bb1af184375767f90d3235f,True,verified source-native artifact
SRC-PEER-RESULTS-FOR-AMERICA,Results for America,supporting_web_source,yes,https://projects.propublica.org/nonprofits/organizations/812709681,sources/native/supporting/src-peer-results-for-america.html,present_verified_source_native,sources/native/supporting/src-peer-results-for-america.html,True,174915,2691f3e3b0e0a5a9cbb2f20b05c4f7da97e5f7cecc8d6e75270bf58fcf69f4ab,sources/raw/src-peer-results-for-america.txt,True,1067,1e4f1bf66461725dd6d115d78456d726f84c265c04df86f248173edec377a5fc,True,verified source-native artifact
SRC-PEER-RESULTS-FOR-DEVELOPMENT,Results for Development,supporting_web_source,yes,https://www.causeiq.com/organizations/results-for-development%2C208530747/,sources/native/supporting/src-peer-results-for-development.html,present_verified_source_native,sources/native/supporting/src-peer-results-for-development.html,True,167168,17f4238b7d686914e05ebdc6ced4f0ad00cef99bc25453c87ba89dba617825bb,sources/raw/src-peer-results-for-development.txt,True,1484,be15427bb88676bdee5acb85c80dce63f2d9545da63c8b3f8320d537f7a7ec56,True,verified source-native artifact
SRC-990-RP-STAFF-2023,Rethink Priorities,supporting_web_source,yes,https://rethinkpriorities.org/wp-content/uploads/2024/11/RP-2023-990-No-Schedule-B.pdf,sources/native/form990/202433179349301723_public.pdf,present_verified_source_native,sources/native/form990/202433179349301723_public.pdf,True,876137,0a8031d7840e38ee76f6802e2e65206771744d4d50722ab32a9d74c0ba0edabf,,False,0,,True,verified source-native artifact
SRC-RP-2025-RESULTS,Rethink Priorities,supporting_web_source,yes,https://rethinkpriorities.org/2025-results/,sources/native/supporting/src-rp-2025-results.html,present_verified_source_native,sources/native/supporting/src-rp-2025-results.html,True,122851,3bed0e3a950d3999c55a6eb7c780cd278d907ff08a9db2f7f6642284d7955879,sources/raw/src-rp-2025-results.txt,True,907,43617d8906ba421a8fbc92638410a47c2d2d3d2c0bc3a354f3abf19a872f1e0b,True,verified source-native artifact
SRC-RP-990-SCALE,Rethink Priorities,supporting_web_source,yes,https://projects.propublica.org/nonprofits/organizations/843896318,sources/native/supporting/src-rp-990-scale.html,present_verified_source_native,sources/native/supporting/src-rp-990-scale.html,True,112425,a7990071270900a380e876c856cb8a7e14c9b216dd02e42f111ede76590176f2,sources/raw/src-rp-990-scale.txt,True,1012,79fe1c72028bbb3b8935e452e70516871c766fae07a57bed0f550a983f7e07d6,True,verified source-native artifact
SRC-RP-ABOUT,Rethink Priorities,supporting_web_source,yes,https://rethinkpriorities.org/about-us/,sources/native/supporting/src-rp-about.html,present_verified_source_native,sources/native/supporting/src-rp-about.html,True,164211,1912575d744b5aea203a5555087187e81bc8d45f40b7b238b08f7e4dc880e5ea,sources/raw/src-rp-about.txt,True,866,d7ccb4b74b931065fbed3accae298eb9195bf49fc56ba107b025d50262f5e151,True,verified source-native artifact
SRC-RP-FUNDING-NEEDS,Rethink Priorities,supporting_web_source,yes,https://rethinkpriorities.org/rethink-priorities-funding-needs/,sources/native/supporting/src-rp-funding-needs.html,present_verified_source_native,sources/native/supporting/src-rp-funding-needs.html,True,154062,3d5df9de7b20e2d07e8e83b70f59365aa9d226c2cd5b24b43ec0c6dc157746bb,sources/raw/src-rp-funding-needs.txt,True,922,c9011e58abcd1e76e90a0dc611c12628251eefd059da9329348592f8f8e531f7,True,verified source-native artifact
SRC-RP-REGRANT,Rethink Priorities,supporting_web_source,yes,https://rethinkpriorities.org/impact-area/uniting-for-impact-improving-farmed-animal-welfare-across-the-eu/,sources/native/supporting/src-rp-regrant.html,present_verified_source_native,sources/native/supporting/src-rp-regrant.html,True,117017,668eda7e1aab99c607be1ca3b1b623ca0bffc0d5b125d17e04e1fa62c4c59343,sources/raw/src-rp-regrant.txt,True,974,ae107bc82be3b332a30f2cf1178f4ce732bf69f46ba2afe7bcab69494b24702c,True,verified source-native artifact
SRC-RP-SPECIAL-PROJECTS,Rethink Priorities,supporting_web_source,yes,https://rethinkpriorities.org/our-services/special-projects/,sources/native/supporting/src-rp-special-projects.html,present_verified_source_native,sources/native/supporting/src-rp-special-projects.html,True,131041,e4f7e306a0f08e4c459fa56ee904a06d6c02757de04ca026df2dc657c9b14d05,sources/raw/src-rp-special-projects.txt,True,948,7d9430f2ef68b349a99fa0d2e8dce173405255e02dde3a0abe9a75576dffcba9,True,verified source-native artifact
SRC-PEER-ROOSEVELT-INSTITUTE,Roosevelt Institute,supporting_web_source,yes,https://projects.propublica.org/nonprofits/organizations/237213592,sources/native/supporting/src-peer-roosevelt-institute.html,present_verified_source_native,sources/native/supporting/src-peer-roosevelt-institute.html,True,264698,da1a5222f387178ac3a94a56d2e05074b53f46b8686fcac1065804a5bb35d860,sources/raw/src-peer-roosevelt-institute.txt,True,1074,8d2cbbb05f1ec9dca67d1eff5280025b185dc3f777b0a43f25cff21771cf016c,True,verified source-native artifact
SRC-PEER-SAN-FRANCISCO-ESTUARY-INSTITUTE,San Francisco Estuary Institute,supporting_web_source,yes,https://www.causeiq.com/organizations/san-francisco-estuary-institute%2C942951373/,sources/native/supporting/src-peer-san-francisco-estuary-institute.html,present_verified_source_native,sources/native/supporting/src-peer-san-francisco-estuary-institute.html,True,166660,ad40ba18c914099865e46c1412f1736ee30be9902e4a03e574737f0536baf34b,sources/raw/src-peer-san-francisco-estuary-institute.txt,True,1489,c10ab3767f34ded34c1fb4f669d85ea7ea448e5731146fc30bc2509cc0a12b0e,True,verified source-native artifact
SRC-PEER-SENTIENCE-INSTITUTE,Sentience Institute,supporting_web_source,yes,https://www.causeiq.com/organizations/sentience-institute%2C822537926/,sources/native/supporting/src-peer-sentience-institute.html,present_verified_source_native,"sources/native/manual_browser/src-peer-sentience-institute/Sentience Institute _ New York, NY _ Cause IQ.html",True,155794,638470d82145743ef1baf8d986f9e7e77242c9da41a0764a0d68d1675af66223,sources/raw/src-peer-sentience-institute.txt,True,1358,d8491c1679f0106ed6680381c2c80367579d1c7973124066c5edd4fa4b477a1f,True,verified source-native artifact
SRC-PEER-SENTIENT-MEDIA,Sentient Media,supporting_web_source,yes,https://projects.propublica.org/nonprofits/organizations/830804345,sources/native/supporting/src-peer-sentient-media.html,present_verified_source_native,sources/native/supporting/src-peer-sentient-media.html,True,91887,da0d3e8df428529c0c45bbfeecf7e98d191ffa0a502edd887b7aa4a2a3bc3c08,sources/raw/src-peer-sentient-media.txt,True,1053,d74dbbc7b97185c7dbaa58982e215f02fa7d859841990497dba7330f71e802a2,True,verified source-native artifact
SRC-PEER-SIGHTLINE-INSTITUTE,Sightline Institute,supporting_web_source,yes,https://projects.propublica.org/nonprofits/organizations/521833599,sources/native/supporting/src-peer-sightline-institute.html,present_verified_source_native,sources/native/supporting/src-peer-sightline-institute.html,True,251876,8332920a6c68daed33270105dc222b5e4532876c658642122cfd7e7400123bb8,sources/raw/src-peer-sightline-institute.txt,True,1051,20ce5941c1242a05d549571df5ad19fe1274b50bfe67f2d90ad52d0653b0955f,True,verified source-native artifact
SRC-990-SSRC-2024,Social Science Research Council,supporting_web_source,yes,https://apps.irs.gov/pub/epostcard/990/xml/2026/202641339349307834_public.xml,sources/native/supporting/src-990-ssrc-2024.xml,present_verified_source_native,sources/native/supporting/src-990-ssrc-2024.html,True,339369,5ba281c3ee50d8fda9386c2a81352416241b957ef4727d40df720c620ccb45cb,sources/raw/src-990-ssrc-2024.txt,True,1708,470fd81cec6ba4e4f70402ddc6d401b3558c4887ff5cf44ae03940337a1bd289,True,verified source-native artifact
SRC-PEER-SOCIAL-SCIENCE-RESEARCH-COUNCIL,Social Science Research Council,supporting_web_source,yes,https://projects.propublica.org/nonprofits/organizations/131325070,sources/native/supporting/src-peer-social-science-research-council.html,present_verified_source_native,sources/native/supporting/src-peer-social-science-research-council.html,True,339369,5ba281c3ee50d8fda9386c2a81352416241b957ef4727d40df720c620ccb45cb,sources/raw/src-peer-social-science-research-council.txt,True,1529,cf27ab56871102445570d3d40943e6ea02a72c993779995a6e7f48432340f4d2,True,verified source-native artifact
SRC-PEER-SOFTWARE-FREEDOM-CONSERVANCY,Software Freedom Conservancy,supporting_web_source,yes,https://projects.propublica.org/nonprofits/organizations/412203632,sources/native/supporting/src-peer-software-freedom-conservancy.html,present_verified_source_native,sources/native/supporting/src-peer-software-freedom-conservancy.html,True,179559,4ad71d19609a4f25e41b3ad5cf5acff632d3c35aeefd4d7b2e3a656b9c8fc5ce,sources/raw/src-peer-software-freedom-conservancy.txt,True,1099,f3c28e4c81713e3cba118e83a2631cc1306b3032bd75b5292b725977ec111880,True,verified source-native artifact
SRC-PEER-STIMSON-CENTER,Stimson Center,supporting_web_source,yes,https://www.causeiq.com/organizations/stimson-center%2C521640938/,sources/native/supporting/src-peer-stimson-center.html,present_verified_source_native,sources/native/supporting/src-peer-stimson-center.html,True,166949,88972aa83c1e2529774f1979951f2bf3ebb8a7c94fb5f870a3d5fcab44e02a30,sources/raw/src-peer-stimson-center.txt,True,1490,4c66612ee50f1c5d370d225ea2efd7a16c6eeefbab947a4fcace1dd865363889,True,verified source-native artifact
SRC-PEER-STRONGMINDS,StrongMinds,supporting_web_source,yes,https://www.causeiq.com/organizations/strongminds%2C462090059/,sources/native/supporting/src-peer-strongminds.html,present_verified_source_native,"sources/native/manual_browser/src-peer-strongminds/StrongMinds _ Maplewood, NJ _ Cause IQ.html",True,179950,77fbff890f7df151486750ef0c4124ac1c56e5da326ad5548c8a369dde2e7873,sources/raw/src-peer-strongminds.txt,True,1481,fd4b6de380c492e4ade4353683a38755deb04b7d4b53ad50967b68f8933d4cf8,True,verified source-native artifact
SRC-PEER-TAX-FOUNDATION,Tax Foundation,supporting_web_source,yes,https://projects.propublica.org/nonprofits/organizations/521703065,sources/native/supporting/src-peer-tax-foundation.html,present_verified_source_native,sources/native/supporting/src-peer-tax-foundation.html,True,235061,01eefeb2e956ab9baf143b4946ca40aad9e9a85c1bfba8a250247c70f86f7f9e,sources/raw/src-peer-tax-foundation.txt,True,1086,1f34f1f3bb055bbe6f1371dc0d600ca49b40701393e19dd0829724fdf1db65e5,True,verified source-native artifact
SRC-PEER-TECHCONGRESS,TechCongress,supporting_web_source,yes,https://projects.propublica.org/nonprofits/organizations/811839685,sources/native/supporting/src-peer-techcongress.html,present_verified_source_native,sources/native/supporting/src-peer-techcongress.html,True,80285,bb9c560e05de3d02671d693b4e6db76c3efe96fd584464c41b76ed1f63b90f04,sources/raw/src-peer-techcongress.txt,True,1056,98b1f0cad2c9ac08c5c18885b8070012dc804dbb62ac9d0d1181d5160635619d,True,verified source-native artifact
SRC-PEER-TECHNICAL-ASSISTANCE-COLLABORATIVE,Technical Assistance Collaborative,supporting_web_source,yes,https://www.causeiq.com/organizations/technical-assistance-collaborative%2C223181028/,sources/native/supporting/src-peer-technical-assistance-collaborative.html,present_verified_source_native,"sources/native/manual_browser/src-peer-technical-assistance-collaborative/Technical Assistance Collaborative (TAC) _ Boston, MA _ Cause IQ.html",True,181743,676dabe513a16d139e895ce44f822de48e6198ad297ab21c20ec4b2be35d4367,sources/raw/src-peer-technical-assistance-collaborative.txt,True,1537,24154a593f8a1e4b49723a921f6b3451d8a46ac34c48ce69a38aebe2e64e1a22,True,verified source-native artifact
SRC-PEER-THE-HUMANE-LEAGUE,The Humane League,supporting_web_source,yes,https://www.causeiq.com/organizations/the-humane-league%2C043817491/,sources/native/supporting/src-peer-the-humane-league.html,present_verified_source_native,"sources/native/manual_browser/src-peer-the-humane-league/The Humane League _ Rockville, MD _ Cause IQ.html",True,186910,1fbd162ada8fa07d66716a46bd6eb29914a9afc70d36a5957013df06e3440d81,sources/raw/src-peer-the-humane-league.txt,True,1478,3085bade46605e812cf7e6eb870018435d145349453c083c4b41638e16914e17,True,verified source-native artifact
SRC-PEER-THE-SENTENCING-PROJECT,The Sentencing Project,supporting_web_source,yes,https://projects.propublica.org/nonprofits/organizations/521472546,sources/native/supporting/src-peer-the-sentencing-project.html,present_verified_source_native,sources/native/supporting/src-peer-the-sentencing-project.html,True,235339,68a308dbf042778d395191b818ca2406fa1bf25adedc8ce4e7846042376b4337,sources/raw/src-peer-the-sentencing-project.txt,True,1080,eccd93f13263608ac9760be7641421bc80cf82a68491b192e075eae41675a77c,True,verified source-native artifact
SRC-PEER-THIRD-WAY-INSTITUTE,Third Way Institute,supporting_web_source,yes,https://projects.propublica.org/nonprofits/organizations/260535276,sources/native/supporting/src-peer-third-way-institute.html,present_verified_source_native,sources/native/supporting/src-peer-third-way-institute.html,True,207794,89413b87868a89961b2f050c09fbe03736e83186fc66be55f7c3c33fd5cf1239,sources/raw/src-peer-third-way-institute.txt,True,1070,b6d8c877c7d96ef50b4f7d0e673687dc9c0620adec373cb7bb2abf03a90cf537,True,verified source-native artifact
SRC-BLS-CPI-HIST,U.S. Bureau of Labor Statistics,supporting_web_source,yes,https://www.bls.gov/cpi/data.htm,sources/native/supporting/src-bls-cpi-hist.html,present_verified_source_native,sources/native/supporting/src-bls-cpi-hist.html,True,72407,76012b7db0682e8fc79800e163c3099990bfc1244297e422d09f5c358e9a0d22,sources/raw/src-bls-cpi-hist.txt,True,982,54da4a33faf39d9489f113040d6af54cb2e7d43d3673639402082d3d514665a5,True,verified source-native artifact
SRC-BLS-CPI-JUL26,U.S. Bureau of Labor Statistics,supporting_web_source,yes,https://www.bls.gov/news.release/cpi.t01.htm,sources/native/supporting/src-bls-cpi-jul26.html,present_verified_source_native,sources/native/supporting/src-bls-cpi-jul26.html,True,93035,eeecf5eb6f4b687a68a5f26451dcd1038fb81eefe6e8fa0a839f8b15724c4573,sources/raw/src-bls-cpi-jul26.txt,True,975,c2dc46afb7b8dcfc43758e93404f4c0d29d2a4e49a16950046e020187ec05bb9,True,verified source-native artifact
SRC-BLS-CPI-SCHEDULE,U.S. Bureau of Labor Statistics,supporting_web_source,yes,https://www.bls.gov/schedule/news_release/cpi.htm,sources/native/supporting/src-bls-cpi-schedule.html,present_verified_source_native,sources/native/supporting/src-bls-cpi-schedule.html,True,55571,b789fd09daee3fb33e18e0da008fd3de923f84d21f55e15bd4df36fdda0453fc,sources/raw/src-bls-cpi-schedule.txt,True,884,bd4b05a1363938eb0a3073be4df8d103e5a9c0be1cd13fa5e76d99b410a411ea,True,verified source-native artifact
SRC-PEER-VEGAN-OUTREACH,Vegan Outreach,supporting_web_source,yes,https://www.causeiq.com/organizations/vegan-outreach%2C860736818/,sources/native/supporting/src-peer-vegan-outreach.html,present_verified_source_native,sources/native/supporting/src-peer-vegan-outreach.html,True,163717,aaa87c8dc34a4b1c3ea5a5611b9e56054a11e90c5941e15107f9fe0b18931940,sources/raw/src-peer-vegan-outreach.txt,True,1285,0e2940d081dfdb073cc48a7893f9b8995d0d973e70baf5ce4bbc67b20243784f,True,verified source-native artifact
SRC-PEER-VERA-INSTITUTE-OF-JUSTICE,Vera Institute of Justice,supporting_web_source,yes,https://projects.propublica.org/nonprofits/organizations/131941627,sources/native/supporting/src-peer-vera-institute-of-justice.html,present_verified_source_native,sources/native/supporting/src-peer-vera-institute-of-justice.html,True,341720,e67d21f3a28896d7c9f96af1192ca191b10db6a71cab152fdb6dc0ffcb60a9b3,sources/raw/src-peer-vera-institute-of-justice.txt,True,1075,7cdc3450c4aadf30bf7d95841f94034f545a40b2c803a031e7921fe286b2dbad,True,verified source-native artifact
SRC-PEER-VILLAGE-ENTERPRISE,Village Enterprise,supporting_web_source,yes,https://www.causeiq.com/organizations/village-enterprise%2C222852248/,sources/native/supporting/src-peer-village-enterprise.html,present_verified_source_native,"sources/native/manual_browser/src-peer-village-enterprise/Village Enterprise Fund _ San Carlos, CA _ Cause IQ.html",True,185432,eda5bdbaf93a579529f69558ea8f6f459eb49db02b7408fcc3ff0e4326cc157a,sources/raw/src-peer-village-enterprise.txt,True,1478,34a9b17172c74d91ee88a20c0d02544fbf2bf50a1ec657b3cb26b4241afefb0c,True,verified source-native artifact
SRC-PEER-VILLAGEREACH,VillageReach,supporting_web_source,yes,https://www.causeiq.com/organizations/villagereach%2C912083484/,sources/native/supporting/src-peer-villagereach.html,present_verified_source_native,"sources/native/manual_browser/src-peer-villagereach/VillageReach _ Seattle, WA _ Cause IQ.html",True,186442,b964552a6f74e62101e838aaff4722266af2e2cfe93b8b4a48b349c50c79c496,sources/raw/src-peer-villagereach.txt,True,1477,6ed475462a0e35f44cc8d1b8574483c71232d4aa69d0ba5245af5d18709b539c,True,verified source-native artifact
SRC-PEER-WILD-ANIMAL-INITIATIVE,Wild Animal Initiative,supporting_web_source,yes,https://www.causeiq.com/organizations/utility-farm%2C822281466/,sources/native/supporting/src-peer-wild-animal-initiative.html,present_verified_source_native,"sources/native/manual_browser/src-peer-wild-animal-initiative/Wild Animal Initiative _ Minneapolis, MN _ Cause IQ.html",True,181065,449f7604c252df5cd583dfc0a8e8a7e211d268aaa64b821aade64b2de3a045e9,sources/raw/src-peer-wild-animal-initiative.txt,True,1445,9990b62c971f5e9e8e9f5da0d958f89581c953b0682ede013534a10dd01b664c,True,verified source-native artifact
SRC-PEER-WORLD-JUSTICE-PROJECT,World Justice Project,supporting_web_source,yes,https://www.causeiq.com/organizations/world-justice-project%2C270359097/,sources/native/supporting/src-peer-world-justice-project.html,present_verified_source_native,"sources/native/manual_browser/src-peer-world-justice-project/World Justice Project (WJP) _ Washington, DC _ Cause IQ.html",True,184536,4912fc0388fa69ca4f75563e2f28f9840adf164bd351c3ab6230e457f54271a6,sources/raw/src-peer-world-justice-project.txt,True,1518,a5560c8c3ba0060c972c76825cbbb2052e2d4e59aa08d2fde035e77f66280c3a,True,verified source-native artifact
SRC-PEER-IDEAS42,ideas42,supporting_web_source,yes,https://www.causeiq.com/organizations/ideas42%2C271678009/,sources/native/supporting/src-peer-ideas42.html,present_verified_source_native,"sources/native/manual_browser/src-peer-ideas42/Ideas42 _ Washington, DC _ Cause IQ.html",True,187775,075b0ca112ee24cb07a4a3b1c0d911e111abf1cef752e8339f1dc7110bda8a11,sources/raw/src-peer-ideas42.txt,True,1472,f760cfd6d94c689c483c520c575d4dcd747edccdbf82525fedff277b184d7642,True,verified source-native artifact
