candidate_id,freeze_timestamp,analysis_cutoff,compensation_seen_before_freeze,organization,topic_cluster,ea_affinity_precomp,country_or_region_precomp,expected_structure_precomp,discovery_source_url,precomp_note,preselected_status,new_pay_eligible,verified_org_name,ein,latest_filing_period,revenue,expenses,employee_count,scale_source_url,scale_source_type,scale_retrieval_date,scale_status,scale_notes,function_score,expense_score,staff_score,ea_score,structure_score,geography_score,available_weight,comparability_score,provisional_tier,legacy_core_flag,pay_exposure_flag,systematic_pay_status,score_notes,reference_membership,ab_analysis_weight,abc_analysis_weight
EXP-093,2026-08-25T14:47:22-0700,2026-08-17,no,Center for AI Safety,"AI, catastrophic risk, biosecurity, and technology policy",EA-adjacent,US,independent nonprofit,https://80000hours.org/topic/top-recommended-organisations/,EA-adjacent technical and policy research.,candidate_universe_frozen_before_new_pay,yes,Center for AI Safety,88-1751310,2024-12,10235085,7163607,25,https://www.causeiq.com/organizations/center-for-artificial-intelligence-safety%2C881751310/,Public Form 990 rendering or organization/sector profile,2026-08-25,verified_candidate,"Excellent AI-safety research, expense, headcount, and US labor-market match.",30,25,15,14,7,3,100,94.0,Tier A expanded primary,no,yes,pending_ceo_title_and_full_year_verification,"Scores use only mission/operating model, scale, EA affinity, structure, and geography. Compensation is excluded from every component.",Expanded operating set (A+B),1.1671,1.2375
EXP-097,2026-08-25T14:47:22-0700,2026-08-17,no,METR,"AI, catastrophic risk, biosecurity, and technology policy",EA-adjacent,US,independent nonprofit,https://80000hours.org/topic/top-recommended-organisations/,AI evaluations research; legal name/entity to verify.,candidate_universe_frozen_before_new_pay,yes,Model Evaluation and Threat Research,99-1219864,2024-12,13639155,8234524,38,https://www.causeiq.com/organizations/model-evaluation-and-threat-research%2C991219864/,Public Form 990 rendering or organization/sector profile,2026-08-25,verified_candidate,"Excellent technical research, expense, headcount, and US labor-market match.",30,25,15,14,7,3,100,94.0,Tier A expanded primary,no,no,pending_ceo_title_and_full_year_verification,"Scores use only mission/operating model, scale, EA affinity, structure, and geography. Compensation is excluded from every component.",Expanded operating set (A+B),1.1671,1.2375
EXP-122,2026-08-25T14:47:22-0700,2026-08-17,legacy_original_peer_pay_known,Partnership on AI,"AI, catastrophic risk, biosecurity, and technology policy",EA-adjacent,US/international,independent nonprofit,https://80000hours.org/topic/top-recommended-organisations/,"AI research, policy, and field building; original strict peer.",candidate_universe_frozen_before_new_pay,yes,Partnership on AI,32-0518917,2024-12,9023889,8372133,28,https://www.causeiq.com/organizations/partnership-on-ai-to-benefit-people-and-society%2C320518917/,Cause IQ filing profile (IRS-derived),2026-08-25,verified_candidate,"Strong AI research, policy, field-building, and multistakeholder convening match; strict-scale organization and legacy primary peer.",30,25,15,14,7,3,100,94.0,Tier A expanded primary,yes,yes,pending_ceo_title_and_full_year_verification,"Scores use only mission/operating model, scale, EA affinity, structure, and geography. Compensation is excluded from every component.",Expanded operating set (A+B),1.1671,1.2375
EXP-059,2026-08-25T14:47:22-0700,2026-08-17,no,Population Reference Bureau,"Global health, development, and evidence",EA-adjacent,US/international,independent nonprofit,https://forum.effectivealtruism.org/topics/organizations-and-projects-in-effective-altruism,"Research, data, and evidence translation.",candidate_universe_frozen_before_new_pay,yes,Population Reference Bureau Inc,53-0214030,2024-09,11745158,12190648,59,https://www.causeiq.com/organizations/population-reference-bureau%2C530214030/,Cause IQ rendering of IRS Form 990 data,2026-08-25,verified_candidate,Excellent research/data/evidence-translation and scale/headcount match.,30,25,15,14,7,3,100,94.0,Tier A expanded primary,no,yes,pending_ceo_title_and_full_year_verification,"Scores use only mission/operating model, scale, EA affinity, structure, and geography. Compensation is excluded from every component.",Expanded operating set (A+B),1.1671,1.2375
EXP-124,2026-08-25T14:47:22-0700,2026-08-17,no,Future of Privacy Forum,"AI, catastrophic risk, biosecurity, and technology policy",EA-adjacent,US/international,independent nonprofit,https://80000hours.org/topic/top-recommended-organisations/,Technology policy research and field building; original strict peer.,candidate_universe_frozen_before_new_pay,yes,Future of Privacy Forum,45-3763097,2024-12,9862821,14356624,54,https://www.causeiq.com/organizations/fpf-education-and-innovation-foundation%2C453763097/,Cause IQ filing profile (IRS-derived),2026-08-25,verified_candidate,"Privacy, AI, and digital-governance research and field-building organization with close scale; legal entity is FPF Education and Innovation Foundation; legacy primary peer.",29,25,15,14,7,3,100,93.0,Tier A expanded primary,yes,yes,pending_ceo_title_and_full_year_verification,"Scores use only mission/operating model, scale, EA affinity, structure, and geography. Compensation is excluded from every component.",Expanded operating set (A+B),1.1547,1.2243
EXP-123,2026-08-25T14:47:22-0700,2026-08-17,no,Center for Democracy & Technology,"AI, catastrophic risk, biosecurity, and technology policy",EA-adjacent,US,independent nonprofit,https://80000hours.org/topic/top-recommended-organisations/,Technology policy research and advocacy; original strict peer.,candidate_universe_frozen_before_new_pay,yes,Center for Democracy & Technology,52-1905358,2024-12,11272645,8766703,45,https://www.causeiq.com/organizations/center-for-democracy-and-technology%2C521905358/,Cause IQ filing profile (IRS-derived),2026-08-25,verified_candidate,Technology-policy research and advocacy organization with close scale; legacy primary peer.,28,25,15,14,7,3,100,92.0,Tier A expanded primary,yes,yes,pending_ceo_title_and_full_year_verification,"Scores use only mission/operating model, scale, EA affinity, structure, and geography. Compensation is excluded from every component.",Expanded operating set (A+B),1.1423,1.2111
EXP-096,2026-08-25T14:47:22-0700,2026-08-17,no,FAR AI,"AI, catastrophic risk, biosecurity, and technology policy",EA-adjacent,US,independent nonprofit,https://80000hours.org/topic/top-recommended-organisations/,AI safety research and field building.,candidate_universe_frozen_before_new_pay,yes,FAR AI,92-0692207,2024-12,24293765,8602996,22,https://www.causeiq.com/organizations/far-ai%2C920692207/,Public Form 990 rendering or organization/sector profile,2026-08-25,verified_candidate,Excellent technical AI-safety research and expense match; staff just below RP strict band but within wider band.,30,25,12,14,7,3,100,91.0,Tier A expanded primary,no,no,pending_ceo_title_and_full_year_verification,"Scores use only mission/operating model, scale, EA affinity, structure, and geography. Compensation is excluded from every component.",Expanded operating set (A+B),1.1299,1.1980
EXP-058,2026-08-25T14:47:22-0700,2026-08-17,no,ideas42,"Global health, development, and evidence",EA-adjacent,US/international,independent nonprofit,https://forum.effectivealtruism.org/topics/organizations-and-projects-in-effective-altruism,Behavioral science research and consulting/advisory.,candidate_universe_frozen_before_new_pay,yes,ideas42,27-1678009,2024-12,10958819,17493077,103,https://www.causeiq.com/organizations/ideas42%2C271678009/,Cause IQ rendering of IRS Form 990 data,2026-08-25,verified_candidate,Strong behavioral-science research/advisory match; staff slightly above RP core but within preregistered band.,30,25,12,14,7,3,100,91.0,Tier A expanded primary,no,no,pending_ceo_title_and_full_year_verification,"Scores use only mission/operating model, scale, EA affinity, structure, and geography. Compensation is excluded from every component.",Expanded operating set (A+B),1.1299,1.1980
EXP-115,2026-08-25T14:47:22-0700,2026-08-17,no,Council on Strategic Risks,"AI, catastrophic risk, biosecurity, and technology policy",EA-adjacent,US,independent nonprofit,https://80000hours.org/topic/top-recommended-organisations/,Research and policy on systemic risks.,candidate_universe_frozen_before_new_pay,yes,The Council on Strategic Risks,82-3106472,2025-12,6445581,5184309,23,https://www.causeiq.com/organizations/the-council-on-strategic-risks%2C823106472/,Cause IQ filing profile (IRS-derived),2026-08-25,verified_candidate,Close match on research/policy model and operating expenses; staff count is just below RP main band but well within the expanded band.,29,25,12,14,7,3,100,90.0,Tier A expanded primary,no,no,pending_ceo_title_and_full_year_verification,"Scores use only mission/operating model, scale, EA affinity, structure, and geography. Compensation is excluded from every component.",Expanded operating set (A+B),1.1175,1.1848
EXP-119,2026-08-25T14:47:22-0700,2026-08-17,no,Center for Humane Technology,"AI, catastrophic risk, biosecurity, and technology policy",EA-adjacent,US,independent nonprofit,https://80000hours.org/topic/top-recommended-organisations/,"Technology research, advocacy, and field building.",candidate_universe_frozen_before_new_pay,yes,Center for Humane Technology,82-3492182,2025-06,5785317,5807076,22,https://www.causeiq.com/organizations/center-for-humane-technology%2C823492182/,Cause IQ filing profile (IRS-derived),2026-08-25,verified_candidate,"Close technology research, policy, field-building, fundraising, and operating-scale match; staff just below RP main band but within the expanded band.",28,25,12,14,7,3,100,89.0,Tier A expanded primary,no,yes,pending_ceo_title_and_full_year_verification,"Scores use only mission/operating model, scale, EA affinity, structure, and geography. Compensation is excluded from every component.",Expanded operating set (A+B),1.1050,1.1717
EXP-034,2026-08-25T14:47:22-0700,2026-08-17,no,IDinsight,"Global health, development, and evidence",EA-adjacent,US/international,independent nonprofit,https://forum.effectivealtruism.org/topics/organizations-and-projects-in-effective-altruism,"Research, evaluation, analytics, and advisory organization; strong functional comparator.",candidate_universe_frozen_before_new_pay,yes,IDinsight USA,27-4933181,2024-12,17272759,22117626,36,https://www.causeiq.com/organizations/idinsight-usa%2C274933181/,Cause IQ filing-derived profile,2026-08-25,verified_candidate,Very strong evidence/advisory functional match; expenses and staff within expanded comparable bands. Latest filing includes CEO/interim-title complication requiring compensation-year review.,30,20,15,14,7,3,100,89.0,Tier A expanded primary,no,yes,pending_ceo_title_and_full_year_verification,"Scores use only mission/operating model, scale, EA affinity, structure, and geography. Compensation is excluded from every component.",Expanded operating set (A+B),1.1050,1.1717
EXP-070,2026-08-25T14:47:22-0700,2026-08-17,no,Animal Welfare Institute,Animal welfare and food systems,EA-adjacent,US,independent nonprofit,https://forum.effectivealtruism.org/topics/organizations-and-projects-in-effective-altruism,"Research, policy, and advocacy.",candidate_universe_frozen_before_new_pay,yes,Animal Welfare Institute,13-5655952,2025-06,6170763,7585554,35,https://www.causeiq.com/organizations/animal-welfare-institute%2C135655952/,Public Form 990 rendering (Cause IQ or ProPublica),2026-08-25,verified_candidate,Strong expense/headcount and policy/research match.,24,25,15,14,7,3,100,88.0,Tier A expanded primary,no,no,pending_ceo_title_and_full_year_verification,"Scores use only mission/operating model, scale, EA affinity, structure, and geography. Compensation is excluded from every component.",Expanded operating set (A+B),1.0926,1.1585
EXP-113,2026-08-25T14:47:22-0700,2026-08-17,no,Nuclear Threat Initiative,"AI, catastrophic risk, biosecurity, and technology policy",EA-adjacent,US/international,independent nonprofit,https://80000hours.org/topic/top-recommended-organisations/,"Research, policy, and field building on catastrophic risks.",candidate_universe_frozen_before_new_pay,yes,Nuclear Threat Initiative,52-2289435,2024-12,19649784,26073759,75,https://www.causeiq.com/organizations/nuclear-threat-initiative%2C522289435/,Cause IQ filing profile (IRS-derived),2026-08-25,verified_candidate,"Strong catastrophic-risk research, policy, field-building, and international operating match; expenses are above RP core scale but headcount is directly comparable.",29,20,15,14,7,3,100,88.0,Tier A expanded primary,no,no,pending_ceo_title_and_full_year_verification,"Scores use only mission/operating model, scale, EA affinity, structure, and geography. Compensation is excluded from every component.",Expanded operating set (A+B),1.0926,1.1585
EXP-055,2026-08-25T14:47:22-0700,2026-08-17,no,Pure Earth,"Global health, development, and evidence",EA-adjacent,US/international,independent nonprofit,https://forum.effectivealtruism.org/topics/organizations-and-projects-in-effective-altruism,Research and intervention on pollution; delivery intensity sensitivity.,candidate_universe_frozen_before_new_pay,yes,Pure Earth,13-4075779,2024-12,18493014,6837260,27,https://www.causeiq.com/organizations/pure-earth%2C134075779/,Cause IQ filing-derived profile,2026-08-25,verified_candidate,EA-adjacent evidence and technical-assistance nonprofit; strong core scale/headcount match with some direct project work.,24,25,15,14,7,3,100,88.0,Tier A expanded primary,no,no,pending_ceo_title_and_full_year_verification,"Scores use only mission/operating model, scale, EA affinity, structure, and geography. Compensation is excluded from every component.",Expanded operating set (A+B),1.0926,1.1585
EXP-134,2026-08-25T14:47:22-0700,2026-08-17,no,Center for Effective Philanthropy,"Research, evaluation, philanthropy infrastructure, and policy",functional-only,US,independent nonprofit,https://projects.propublica.org/nonprofits/,"Philanthropy research, benchmarking, and advisory.",candidate_universe_frozen_before_new_pay,yes,Center for Effective Philanthropy,04-3523528,2024-12,14195318,14452234,74,https://projects.propublica.org/nonprofits/organizations/43523528,ProPublica Nonprofit Explorer filing profile,2026-08-25,verified_candidate,"Excellent research, advisory, and philanthropy-effectiveness match; expenses and staff in strict scale.",30,25,15,7,7,3,100,87.0,Tier A expanded primary,no,yes,pending_ceo_title_and_full_year_verification,"Scores use only mission/operating model, scale, EA affinity, structure, and geography. Compensation is excluded from every component.",Expanded operating set (A+B),1.0802,1.1453
EXP-131,2026-08-25T14:47:22-0700,2026-08-17,no,Center for Open Science,"Research, evaluation, philanthropy infrastructure, and policy",functional-only,US,independent nonprofit,https://projects.propublica.org/nonprofits/,Open-science research infrastructure; original strict peer.,candidate_universe_frozen_before_new_pay,yes,Center for Open Science,46-1496217,2024-12,10217166,8787031,57,https://projects.propublica.org/nonprofits/organizations/461496217,ProPublica Nonprofit Explorer filing profile,2026-08-25,verified_candidate,Strong research-infrastructure and open-science operating match; expenses and headcount both within strict scale.,30,25,15,7,7,3,100,87.0,Tier A expanded primary,yes,yes,pending_ceo_title_and_full_year_verification,"Scores use only mission/operating model, scale, EA affinity, structure, and geography. Compensation is excluded from every component.",Expanded operating set (A+B),1.0802,1.1453
EXP-150,2026-08-25T14:47:22-0700,2026-08-17,no,Migration Policy Institute,"Research, evaluation, philanthropy infrastructure, and policy",functional-only,US/international,independent nonprofit,https://projects.propublica.org/nonprofits/,Research and policy think tank.,candidate_universe_frozen_before_new_pay,yes,Migration Policy Institute,52-2279789,2025-06,6855627,7069622,33,https://www.causeiq.com/organizations/migration-policy-institute%2C522279789/,Cause IQ filing profile (IRS-derived),2026-08-25,verified_candidate,"Close match on research, policy analysis, convening, expense scale, and staff count.",30,25,15,7,7,3,100,87.0,Tier A expanded primary,no,no,pending_ceo_title_and_full_year_verification,"Scores use only mission/operating model, scale, EA affinity, structure, and geography. Compensation is excluded from every component.",Expanded operating set (A+B),1.0802,1.1453
EXP-160,2026-08-25T14:47:22-0700,2026-08-17,no,Peterson Institute for International Economics,"Research, evaluation, philanthropy infrastructure, and policy",functional-only,US/international,independent nonprofit,https://projects.propublica.org/nonprofits/,Research think tank; likely larger scale.,candidate_universe_frozen_before_new_pay,yes,Peterson Institute for International Economics,52-1226967,2025-06,17773572,16529676,55,https://www.causeiq.com/organizations/peterson-institute-for-international-economics%2C521226967/,Cause IQ filing profile (IRS-derived),2026-08-25,verified_candidate,Independent nonpartisan research institute with very close operating scale and headcount.,30,25,15,7,7,3,100,87.0,Tier A expanded primary,no,no,pending_ceo_title_and_full_year_verification,"Scores use only mission/operating model, scale, EA affinity, structure, and geography. Compensation is excluded from every component.",Expanded operating set (A+B),1.0802,1.1453
EXP-152,2026-08-25T14:47:22-0700,2026-08-17,no,San Francisco Estuary Institute,"Research, evaluation, philanthropy infrastructure, and policy",functional-only,US,independent nonprofit,https://projects.propublica.org/nonprofits/,Research institute; original job-ad peer.,candidate_universe_frozen_before_new_pay,yes,San Francisco Estuary Institute,94-2951373,2025-06,19594340,19110723,99,https://www.causeiq.com/organizations/san-francisco-estuary-institute%2C942951373/,Cause IQ filing profile (IRS-derived),2026-08-25,verified_candidate,Independent applied-science institute; close functional and strict-scale match.,30,25,15,7,7,3,100,87.0,Tier A expanded primary,yes,yes,pending_ceo_title_and_full_year_verification,"Scores use only mission/operating model, scale, EA affinity, structure, and geography. Compensation is excluded from every component.",Expanded operating set (A+B),1.0802,1.1453
EXP-153,2026-08-25T14:47:22-0700,2026-08-17,no,Technical Assistance Collaborative,"Research, evaluation, philanthropy infrastructure, and policy",functional-only,US,independent nonprofit,https://projects.propublica.org/nonprofits/,"Research, consulting, and technical assistance; original job-ad peer.",candidate_universe_frozen_before_new_pay,yes,Technical Assistance Collaborative,22-3181028,2025-06,17599753,17784473,57,https://www.causeiq.com/organizations/technical-assistance-collaborative%2C223181028/,Cause IQ filing profile (IRS-derived),2026-08-25,verified_candidate,"Research, consulting, technical-assistance, and systems-change nonprofit; close expense and headcount match.",30,25,15,7,7,3,100,87.0,Tier A expanded primary,yes,yes,pending_ceo_title_and_full_year_verification,"Scores use only mission/operating model, scale, EA affinity, structure, and geography. Compensation is excluded from every component.",Expanded operating set (A+B),1.0802,1.1453
EXP-133,2026-08-25T14:47:22-0700,2026-08-17,no,Charity Navigator,"Research, evaluation, philanthropy infrastructure, and policy",functional-only,US,independent nonprofit,https://projects.propublica.org/nonprofits/,Nonprofit evaluation and data; original strict peer.,candidate_universe_frozen_before_new_pay,yes,Charity Navigator,13-4148824,2025-06,7619753,7840893,51,https://projects.propublica.org/nonprofits/organizations/134148824,ProPublica Nonprofit Explorer filing profile,2026-08-25,verified_candidate,Evidence and nonprofit-evaluation infrastructure with expenses and staff closely matching RP core scale.,29,25,15,7,7,3,100,86.0,Tier A expanded primary,yes,yes,pending_ceo_title_and_full_year_verification,"Scores use only mission/operating model, scale, EA affinity, structure, and geography. Compensation is excluded from every component.",Expanded operating set (A+B),1.0678,1.1322
EXP-137,2026-08-25T14:47:22-0700,2026-08-17,no,Grantmakers for Effective Organizations,"Research, evaluation, philanthropy infrastructure, and policy",functional-only,US,independent nonprofit,https://projects.propublica.org/nonprofits/,"Field building, research, and advisory.",candidate_universe_frozen_before_new_pay,yes,Grantmakers for Effective Organizations,01-0669150,2024-12,10014322,7553004,28,https://projects.propublica.org/nonprofits/organizations/10669150,ProPublica Nonprofit Explorer filing profile,2026-08-25,verified_candidate,"Philanthropy effectiveness, learning, and advisory infrastructure; both expenses and headcount comparable.",29,25,15,7,7,3,100,86.0,Tier A expanded primary,no,no,pending_ceo_title_and_full_year_verification,"Scores use only mission/operating model, scale, EA affinity, structure, and geography. Compensation is excluded from every component.",Expanded operating set (A+B),1.0678,1.1322
EXP-063,2026-08-25T14:47:22-0700,2026-08-17,no,Wild Animal Initiative,Animal welfare and food systems,EA-adjacent,US,independent nonprofit,https://forum.effectivealtruism.org/topics/organizations-and-projects-in-effective-altruism,EA-aligned research organization.,candidate_universe_frozen_before_new_pay,yes,Wild Animal Initiative,82-2281466,2024-12,2487849,3345940,16,https://www.causeiq.com/organizations/utility-farm%2C822281466/,Public Form 990 rendering (Cause IQ or ProPublica),2026-08-25,verified_candidate,Excellent EA-aligned research function; lower edge of secondary expense/staff bands.,30,20,12,14,7,3,100,86.0,Tier A expanded primary,no,yes,pending_ceo_title_and_full_year_verification,"Scores use only mission/operating model, scale, EA affinity, structure, and geography. Compensation is excluded from every component.",Expanded operating set (A+B),1.0678,1.1322
EXP-158,2026-08-25T14:47:22-0700,2026-08-17,no,World Justice Project,"Research, evaluation, philanthropy infrastructure, and policy",functional-only,US/international,independent nonprofit,https://projects.propublica.org/nonprofits/,"Research, data, and policy field building.",candidate_universe_frozen_before_new_pay,yes,World Justice Project,27-0359097,2024-12,7781328,9495045,49,https://www.causeiq.com/organizations/world-justice-project%2C270359097/,Cause IQ filing profile (IRS-derived),2026-08-25,verified_candidate,"Independent research/index, policy engagement, and international operating model with close expense and staff scale.",29,25,15,7,7,3,100,86.0,Tier A expanded primary,no,no,pending_ceo_title_and_full_year_verification,"Scores use only mission/operating model, scale, EA affinity, structure, and geography. Compensation is excluded from every component.",Expanded operating set (A+B),1.0678,1.1322
EXP-155,2026-08-25T14:47:22-0700,2026-08-17,no,Institute for Women’s Policy Research,"Research, evaluation, philanthropy infrastructure, and policy",functional-only,US,independent nonprofit,https://projects.propublica.org/nonprofits/,Research and policy.,candidate_universe_frozen_before_new_pay,yes,Institute for Women’s Policy Research,52-1549572,2025-06,1743371,7863836,39,https://www.causeiq.com/organizations/institute-for-womens-policy-research%2C521549572/,Cause IQ filing profile (IRS-derived),2026-08-25,verified_candidate,Policy research and dissemination organization with comparable expenses and staff; revenue/expense imbalance flagged for year-specific volatility.,28,25,15,7,7,3,100,85.0,Tier A expanded primary,no,no,pending_ceo_title_and_full_year_verification,"Scores use only mission/operating model, scale, EA affinity, structure, and geography. Compensation is excluded from every component.",Expanded operating set (A+B),1.0554,1.1190
EXP-132,2026-08-25T14:47:22-0700,2026-08-17,no,Social Science Research Council,"Research, evaluation, philanthropy infrastructure, and policy",functional-only,US/international,independent nonprofit,https://projects.propublica.org/nonprofits/,"Research, fellowships, and field building; original secondary peer.",candidate_universe_frozen_before_new_pay,yes,Social Science Research Council,13-1325070,2025-06,14237307,15470220,62,https://projects.propublica.org/nonprofits/organizations/131325070,ProPublica Nonprofit Explorer filing profile,2026-08-25,verified_candidate,"Research institution within scale; grants, fellowships, and regranting mix retained as structural weighting consideration.",28,25,15,7,7,3,100,85.0,Tier A expanded primary,no,no,pending_ceo_title_and_full_year_verification,"Scores use only mission/operating model, scale, EA affinity, structure, and geography. Compensation is excluded from every component.",Expanded operating set (A+B),1.0554,1.1190
EXP-145,2026-08-25T14:47:22-0700,2026-08-17,no,Code for Science & Society,"Research, evaluation, philanthropy infrastructure, and policy",functional-only,US,independent nonprofit,https://projects.propublica.org/nonprofits/,Research infrastructure and fiscal sponsorship.,candidate_universe_frozen_before_new_pay,yes,Code for Science and Society,81-3791683,2025-06,10336769,18017578,41,https://www.causeiq.com/organizations/code-for-science-and-society%2C813791683/,Cause IQ filing profile (IRS-derived),2026-08-25,verified_candidate,"Open research, technology, community, and fiscal-sponsorship organization; scale is comparable but sponsored-project flows require a structural discount.",27,25,15,7,7,3,100,84.0,Tier A expanded primary,no,yes,pending_ceo_title_and_full_year_verification,"Scores use only mission/operating model, scale, EA affinity, structure, and geography. Compensation is excluded from every component.",Expanded operating set (A+B),1.0430,1.1058
EXP-139,2026-08-25T14:47:22-0700,2026-08-17,no,Independent Sector,"Research, evaluation, philanthropy infrastructure, and policy",functional-only,US,independent nonprofit,https://projects.propublica.org/nonprofits/,"Nonprofit-sector research, policy, and field building.",candidate_universe_frozen_before_new_pay,yes,Independent Sector,52-1081024,2024-12,9158417,7756205,34,https://projects.propublica.org/nonprofits/organizations/521081024,ProPublica Nonprofit Explorer filing profile,2026-08-25,verified_candidate,"National nonprofit-sector research, policy, and field-building organization with close expense and staff scale.",27,25,15,7,7,3,100,84.0,Tier A expanded primary,no,no,pending_ceo_title_and_full_year_verification,"Scores use only mission/operating model, scale, EA affinity, structure, and geography. Compensation is excluded from every component.",Expanded operating set (A+B),1.0430,1.1058
EXP-142,2026-08-25T14:47:22-0700,2026-08-17,no,Research!America,"Research, evaluation, philanthropy infrastructure, and policy",functional-only,US,independent nonprofit,https://projects.propublica.org/nonprofits/,Research-policy advocacy and field building.,candidate_universe_frozen_before_new_pay,yes,Research!America,52-1609875,2025-12,8914085,9394184,41,https://projects.propublica.org/nonprofits/organizations/521609875,ProPublica Nonprofit Explorer filing profile,2026-08-25,verified_candidate,Research-policy and public-engagement organization with close expense and staff scale.,27,25,15,7,7,3,100,84.0,Tier A expanded primary,no,no,pending_ceo_title_and_full_year_verification,"Scores use only mission/operating model, scale, EA affinity, structure, and geography. Compensation is excluded from every component.",Expanded operating set (A+B),1.0430,1.1058
EXP-159,2026-08-25T14:47:22-0700,2026-08-17,no,Stimson Center,"Research, evaluation, philanthropy infrastructure, and policy",functional-only,US/international,independent nonprofit,https://projects.propublica.org/nonprofits/,Research and policy think tank.,candidate_universe_frozen_before_new_pay,yes,Stimson Center,52-1640938,2024-12,14861548,13743006,103,https://www.causeiq.com/organizations/stimson-center%2C521640938/,Cause IQ filing profile (IRS-derived),2026-08-25,verified_candidate,Rigorous policy analysis and outreach organization; expenses close and staff just above strict band.,29,25,12,7,7,3,100,83.0,Tier A expanded primary,no,yes,pending_ceo_title_and_full_year_verification,"Scores use only mission/operating model, scale, EA affinity, structure, and geography. Compensation is excluded from every component.",Expanded operating set (A+B),1.0305,1.0927
EXP-156,2026-08-25T14:47:22-0700,2026-08-17,no,Center for Law and Social Policy,"Research, evaluation, philanthropy infrastructure, and policy",functional-only,US,independent nonprofit,https://projects.propublica.org/nonprofits/,Research and policy advocacy.,candidate_universe_frozen_before_new_pay,yes,Center for Law and Social Policy,23-7000150,2024-12,9138332,10108913,86,https://www.causeiq.com/organizations/center-for-law-and-social-policy%2C237000150/,Cause IQ filing profile (IRS-derived),2026-08-25,verified_candidate,National policy research and advocacy organization with close scale; legal/advocacy emphasis receives a functional discount.,24,25,15,7,7,3,100,81.0,Tier A expanded primary,no,no,pending_ceo_title_and_full_year_verification,"Scores use only mission/operating model, scale, EA affinity, structure, and geography. Compensation is excluded from every component.",Expanded operating set (A+B),1.0057,1.0663
EXP-136,2026-08-25T14:47:22-0700,2026-08-17,no,PEAK Grantmaking,"Research, evaluation, philanthropy infrastructure, and policy",functional-only,US,independent nonprofit,https://projects.propublica.org/nonprofits/,Field building and knowledge; original job-ad peer.,candidate_universe_frozen_before_new_pay,yes,PEAK Grantmaking,74-3158155,2024-12,5320383,7129646,23,https://projects.propublica.org/nonprofits/organizations/743158155,ProPublica Nonprofit Explorer filing profile,2026-08-25,verified_candidate,"Field-building, learning, knowledge-management, and philanthropy practice organization; expense match and staff just below strict band.",27,25,12,7,7,3,100,81.0,Tier A expanded primary,yes,yes,pending_ceo_title_and_full_year_verification,"Scores use only mission/operating model, scale, EA affinity, structure, and geography. Compensation is excluded from every component.",Expanded operating set (A+B),1.0057,1.0663
EXP-126,2026-08-25T14:47:22-0700,2026-08-17,no,Public Knowledge,"AI, catastrophic risk, biosecurity, and technology policy",EA-adjacent,US,independent nonprofit,https://80000hours.org/topic/top-recommended-organisations/,Technology policy research and advocacy.,candidate_universe_frozen_before_new_pay,yes,Public Knowledge,52-2336690,2024-12,2876810,3654052,22,https://www.causeiq.com/organizations/public-knowledge%2C522336690/,Cause IQ filing profile (IRS-derived),2026-08-25,verified_candidate,Strong technology-policy research and advocacy match at the lower end of the expanded scale band; 22 employees and approximately $3.7M of expenses.,25,20,12,14,7,3,100,81.0,Tier A expanded primary,no,no,pending_ceo_title_and_full_year_verification,"Scores use only mission/operating model, scale, EA affinity, structure, and geography. Compensation is excluded from every component.",Expanded operating set (A+B),1.0057,1.0663
EXP-060,2026-08-25T14:47:22-0700,2026-08-17,no,VillageReach,"Global health, development, and evidence",EA-adjacent,US/international,independent nonprofit,https://forum.effectivealtruism.org/topics/organizations-and-projects-in-effective-altruism,Health systems research and implementation; delivery intensity sensitivity.,candidate_universe_frozen_before_new_pay,yes,VillageReach,91-2083484,2024-09,31514699,31767757,62,https://www.causeiq.com/organizations/villagereach%2C912083484/,Cause IQ rendering of IRS Form 990 data,2026-08-25,verified_candidate,"Health-systems technical assistance and evidence plus implementation; near upper secondary expense band, headcount close.",22,20,15,14,7,3,100,81.0,Tier A expanded primary,no,no,pending_ceo_title_and_full_year_verification,"Scores use only mission/operating model, scale, EA affinity, structure, and geography. Compensation is excluded from every component.",Expanded operating set (A+B),1.0057,1.0663
EXP-114,2026-08-25T14:47:22-0700,2026-08-17,no,Bulletin of the Atomic Scientists,"AI, catastrophic risk, biosecurity, and technology policy",EA-adjacent,US,independent nonprofit,https://80000hours.org/topic/top-recommended-organisations/,"Research, publishing, and public policy.",candidate_universe_frozen_before_new_pay,yes,Bulletin of the Atomic Scientists,36-2136497,2025-06,2782626,3533371,21,https://www.causeiq.com/organizations/bulletin-of-the-atomic-scientists%2C362136497/,Cause IQ filing profile (IRS-derived),2026-08-25,verified_candidate,"Relevant research, publishing, public education, and policy organization; smaller than RP but inside the expanded scale band.",24,20,12,14,7,3,100,80.0,Tier A expanded primary,no,no,pending_ceo_title_and_full_year_verification,"Scores use only mission/operating model, scale, EA affinity, structure, and geography. Compensation is excluded from every component.",Expanded operating set (A+B),0.9933,1.0532
EXP-125,2026-08-25T14:47:22-0700,2026-08-17,no,Electronic Frontier Foundation,"AI, catastrophic risk, biosecurity, and technology policy",EA-adjacent,US,independent nonprofit,https://80000hours.org/topic/top-recommended-organisations/,Technology policy and legal advocacy; larger scale likely.,candidate_universe_frozen_before_new_pay,yes,Electronic Frontier Foundation,04-3091431,2025-06,21592581,25771066,121,https://www.causeiq.com/organizations/electronic-frontier-foundation%2C043091431/,Cause IQ filing profile (IRS-derived),2026-08-25,verified_candidate,"Strong technology-policy, public-interest research, communications, and advocacy match. Staff is within the expanded band and expenses are moderately above RP core scale; litigation receives a functional discount.",23,20,12,14,7,3,100,79.0,Tier A expanded primary,no,no,pending_ceo_title_and_full_year_verification,"Scores use only mission/operating model, scale, EA affinity, structure, and geography. Compensation is excluded from every component.",Expanded operating set (A+B),0.9809,1.0400
EXP-116,2026-08-25T14:47:22-0700,2026-08-17,no,Federation of American Scientists,"AI, catastrophic risk, biosecurity, and technology policy",EA-adjacent,US,independent nonprofit,https://80000hours.org/topic/top-recommended-organisations/,Science and technology policy research.,candidate_universe_frozen_before_new_pay,yes,Federation of American Scientists,23-7185827,2025-06,35602788,36430648,116,https://www.causeiq.com/organizations/federation-of-american-scientists%2C237185827/,Cause IQ filing profile (IRS-derived),2026-08-25,verified_candidate,"Excellent science/technology policy and fiscal-sponsorship functional match; somewhat above the expanded expense band but staff falls within the expanded range, so included with a scale discount.",28,12,12,14,7,3,100,76.0,Tier A expanded primary,no,yes,pending_ceo_title_and_full_year_verification,"Scores use only mission/operating model, scale, EA affinity, structure, and geography. Compensation is excluded from every component.",Expanded operating set (A+B),0.9436,1.0005
EXP-064,2026-08-25T14:47:22-0700,2026-08-17,no,Good Food Institute,Animal welfare and food systems,EA-adjacent,US/international,independent nonprofit,https://forum.effectivealtruism.org/topics/organizations-and-projects-in-effective-altruism,"Research, policy, science, and field building; strong hybrid comparator.",candidate_universe_frozen_before_new_pay,yes,The Good Food Institute,81-0840578,2024-12,28143912,35420353,132,https://www.causeiq.com/organizations/the-good-food-institute%2C810840578/,Public Form 990 rendering (Cause IQ or ProPublica),2026-08-25,verified_candidate,"Strong research, policy, field-building and grantmaking hybrid; near upper wider-scale boundary.",28,12,12,14,7,3,100,76.0,Tier A expanded primary,no,no,pending_ceo_title_and_full_year_verification,"Scores use only mission/operating model, scale, EA affinity, structure, and geography. Compensation is excluded from every component.",Expanded operating set (A+B),0.9436,1.0005
EXP-138,2026-08-25T14:47:22-0700,2026-08-17,no,National Committee for Responsive Philanthropy,"Research, evaluation, philanthropy infrastructure, and policy",functional-only,US,independent nonprofit,https://projects.propublica.org/nonprofits/,Philanthropy research and advocacy.,candidate_universe_frozen_before_new_pay,yes,National Committee for Responsive Philanthropy,52-1072749,2025-09,3680502,4098025,27,https://projects.propublica.org/nonprofits/organizations/521072749,ProPublica Nonprofit Explorer filing profile,2026-08-25,verified_candidate,Philanthropy research and advocacy organization; near lower edge of wider expense band with comparable headcount.,24,20,15,7,7,3,100,76.0,Tier A expanded primary,no,no,pending_ceo_title_and_full_year_verification,"Scores use only mission/operating model, scale, EA affinity, structure, and geography. Compensation is excluded from every component.",Expanded operating set (A+B),0.9436,1.0005
EXP-087,2026-08-25T14:47:22-0700,2026-08-17,no,Physicians Committee for Responsible Medicine,Animal welfare and food systems,EA-adjacent,US,independent nonprofit,https://forum.effectivealtruism.org/topics/organizations-and-projects-in-effective-altruism,Research and advocacy; larger medical/research scale.,candidate_universe_frozen_before_new_pay,yes,Physicians Committee for Responsible Medicine,52-1394893,2025-07,21391471,23901833,110,https://www.causeiq.com/organizations/physicians-committee-for-responsible-medicine%2C521394893/,Cause IQ filing profile (IRS-derived),2026-08-25,verified_candidate,"Animal-adjacent research, public education, and advocacy organization. Staff is within the expanded band and expenses are moderately above RP core scale; direct health-program content receives a functional discount.",20,20,12,14,7,3,100,76.0,Tier A expanded primary,no,no,pending_ceo_title_and_full_year_verification,"Scores use only mission/operating model, scale, EA affinity, structure, and geography. Compensation is excluded from every component.",Expanded operating set (A+B),0.9436,1.0005
EXP-052,2026-08-25T14:47:22-0700,2026-08-17,no,Precision Development,"Global health, development, and evidence",EA-adjacent,US/international,independent nonprofit,https://forum.effectivealtruism.org/topics/organizations-and-projects-in-effective-altruism,Evidence-based digital advisory and research.,candidate_universe_frozen_before_new_pay,yes,Precision Development,81-0779400,2024-12,9120743,4706238,12,https://www.causeiq.com/organizations/precision-agriculture-for-development%2C810779400/,Cause IQ filing-derived profile,2026-08-25,verified_candidate,"EA-adjacent data/evidence nonprofit; expenses just above $3M floor and staff below 15, retained in EA-weighted secondary tier.",26,20,6,14,7,3,100,76.0,Tier A expanded primary,no,no,pending_ceo_title_and_full_year_verification,"Scores use only mission/operating model, scale, EA affinity, structure, and geography. Compensation is excluded from every component.",Expanded operating set (A+B),0.9436,1.0005
EXP-035,2026-08-25T14:47:22-0700,2026-08-17,no,Results for Development,"Global health, development, and evidence",EA-adjacent,US/international,independent nonprofit,https://forum.effectivealtruism.org/topics/organizations-and-projects-in-effective-altruism,"Research, advisory, and systems-change organization.",candidate_universe_frozen_before_new_pay,yes,Results for Development Institute,20-8530747,2024-12,49137699,48542325,140,https://www.causeiq.com/organizations/results-for-development%2C208530747/,Cause IQ filing-derived profile,2026-08-25,verified_candidate,Strong evidence/advisory function; above expense band but staff within wider band; some implementation work.,28,12,12,14,7,3,100,76.0,Tier A expanded primary,no,no,pending_ceo_title_and_full_year_verification,"Scores use only mission/operating model, scale, EA affinity, structure, and geography. Compensation is excluded from every component.",Expanded operating set (A+B),0.9436,1.0005
EXP-067,2026-08-25T14:47:22-0700,2026-08-17,no,Animal Equality,Animal welfare and food systems,EA-adjacent,US/international,independent nonprofit,https://forum.effectivealtruism.org/topics/organizations-and-projects-in-effective-altruism,Advocacy and investigations; delivery model differs.,candidate_universe_frozen_before_new_pay,yes,Animal Equality,47-2420444,2024-12,4411463,5192778,27,https://www.causeiq.com/organizations/animal-equality%2C472420444/,Public Form 990 rendering (Cause IQ or ProPublica),2026-08-25,verified_candidate,Good expense/headcount match and EA-adjacent topic; advocacy/investigations rather than research-led.,16,25,15,14,7,3,100,80.0,Tier B weighted secondary,no,no,pending_ceo_title_and_full_year_verification,"Scores use only mission/operating model, scale, EA affinity, structure, and geography. Compensation is excluded from every component.",Expanded operating set (A+B),0.9933,1.0532
EXP-045,2026-08-25T14:47:22-0700,2026-08-17,no,Last Mile Health,"Global health, development, and evidence",EA-adjacent,US/international,independent nonprofit,https://forum.effectivealtruism.org/topics/organizations-and-projects-in-effective-altruism,Research-informed health systems and delivery.,candidate_universe_frozen_before_new_pay,yes,Last Mile Health,26-1401736,2025-06,21567118,26962344,55,https://www.causeiq.com/organizations/last-mile-health%2C261401736/,Cause IQ filing-derived profile,2026-08-25,verified_candidate,EA-adjacent health systems organization; strong scale/headcount match but direct implementation is more prominent than at RP.,19,20,15,14,7,3,100,78.0,Tier B weighted secondary,no,yes,pending_ceo_title_and_full_year_verification,"Scores use only mission/operating model, scale, EA affinity, structure, and geography. Compensation is excluded from every component.",Expanded operating set (A+B),0.9685,1.0268
EXP-047,2026-08-25T14:47:22-0700,2026-08-17,no,StrongMinds,"Global health, development, and evidence",EA-adjacent,US/international,independent nonprofit,https://forum.effectivealtruism.org/topics/organizations-and-projects-in-effective-altruism,Evidence-based mental-health delivery; operating model differs.,candidate_universe_frozen_before_new_pay,yes,StrongMinds,46-2090059,2024-12,9289461,9651790,25,https://www.causeiq.com/organizations/strongminds%2C462090059/,Cause IQ filing-derived profile,2026-08-25,verified_candidate,"EA-adjacent; very close expense and lower-edge staff match, but direct mental-health delivery is a structural difference.",14,25,15,14,7,3,100,78.0,Tier B weighted secondary,no,no,pending_ceo_title_and_full_year_verification,"Scores use only mission/operating model, scale, EA affinity, structure, and geography. Compensation is excluded from every component.",Expanded operating set (A+B),0.9685,1.0268
EXP-071,2026-08-25T14:47:22-0700,2026-08-17,no,Animal Legal Defense Fund,Animal welfare and food systems,EA-adjacent,US,independent nonprofit,https://forum.effectivealtruism.org/topics/organizations-and-projects-in-effective-altruism,Legal advocacy and policy; legal-services model.,candidate_universe_frozen_before_new_pay,yes,Animal Legal Defense Fund,94-2681680,2025-06,19716926,17525202,109,https://www.causeiq.com/organizations/animal-legal-defense-fund%2C942681680/,Public Form 990 rendering (Cause IQ or ProPublica),2026-08-25,verified_candidate,Strong scale/topic match; litigation-dominant model receives functional deduction.,14,25,12,14,7,3,100,75.0,Tier B weighted secondary,no,yes,pending_ceo_title_and_full_year_verification,"Scores use only mission/operating model, scale, EA affinity, structure, and geography. Compensation is excluded from every component.",Expanded operating set (A+B),0.9312,0.9873
EXP-140,2026-08-25T14:47:22-0700,2026-08-17,no,Exponent Philanthropy,"Research, evaluation, philanthropy infrastructure, and policy",functional-only,US,independent nonprofit,https://projects.propublica.org/nonprofits/,Philanthropy field building and education.,candidate_universe_frozen_before_new_pay,yes,Exponent Philanthropy,65-0617866,2025-12,3267087,3343665,19,https://projects.propublica.org/nonprofits/organizations/650617866,ProPublica Nonprofit Explorer filing profile,2026-08-25,verified_candidate,Philanthropy practice and learning network; lower expense/staff edge but functionally relevant.,25,20,12,7,7,3,100,74.0,Tier B weighted secondary,no,no,pending_ceo_title_and_full_year_verification,"Scores use only mission/operating model, scale, EA affinity, structure, and geography. Compensation is excluded from every component.",Expanded operating set (A+B),0.9188,0.9742
EXP-072,2026-08-25T14:47:22-0700,2026-08-17,no,Compassion in World Farming USA,Animal welfare and food systems,EA-adjacent,US/international,international nonprofit affiliate,https://forum.effectivealtruism.org/topics/organizations-and-projects-in-effective-altruism,Research and advocacy; affiliate/entity complexity.,candidate_universe_frozen_before_new_pay,yes,Compassion in World Farming,46-1822635,2025-03,5182145,3732086,19,https://www.causeiq.com/organizations/compassion-in-world-farming%2C461822635/,Public Form 990 rendering (Cause IQ or ProPublica),2026-08-25,verified_candidate,EA-adjacent topic and wider scale; advocacy/corporate engagement model.,17,20,12,14,7,3,100,73.0,Tier B weighted secondary,no,no,pending_ceo_title_and_full_year_verification,"Scores use only mission/operating model, scale, EA affinity, structure, and geography. Compensation is excluded from every component.",Expanded operating set (A+B),0.9064,0.9610
EXP-044,2026-08-25T14:47:22-0700,2026-08-17,no,Living Goods,"Global health, development, and evidence",EA-adjacent,US/international,independent nonprofit,https://forum.effectivealtruism.org/topics/organizations-and-projects-in-effective-altruism,Evidence-based health delivery and systems work.,candidate_universe_frozen_before_new_pay,yes,Living Goods,20-5010527,2024-12,23777495,25995769,17,https://www.causeiq.com/organizations/living-goods%2C205010527/,Cause IQ filing-derived profile,2026-08-25,verified_candidate,"EA-adjacent, evidence-driven health systems organization; expense in wider band, US staff below RP, material field implementation.",17,20,12,14,7,3,100,73.0,Tier B weighted secondary,no,no,pending_ceo_title_and_full_year_verification,"Scores use only mission/operating model, scale, EA affinity, structure, and geography. Compensation is excluded from every component.",Expanded operating set (A+B),0.9064,0.9610
EXP-065,2026-08-25T14:47:22-0700,2026-08-17,no,The Humane League,Animal welfare and food systems,EA-adjacent,US/international,independent nonprofit,https://forum.effectivealtruism.org/topics/organizations-and-projects-in-effective-altruism,EA-recommended advocacy organization; campaign-delivery intensity.,candidate_universe_frozen_before_new_pay,yes,The Humane League,04-3817491,2025-12,22145897,21682964,112,https://www.causeiq.com/organizations/the-humane-league%2C043817491/,Public Form 990 rendering (Cause IQ or ProPublica),2026-08-25,verified_candidate,Topical EA-adjacent match; advocacy/campaign model is less research-intensive and slightly larger in staff.,17,20,12,14,7,3,100,73.0,Tier B weighted secondary,no,no,pending_ceo_title_and_full_year_verification,"Scores use only mission/operating model, scale, EA affinity, structure, and geography. Compensation is excluded from every component.",Expanded operating set (A+B),0.9064,0.9610
EXP-111,2026-08-25T14:47:22-0700,2026-08-17,no,Legal Priorities Project,"AI, catastrophic risk, biosecurity, and technology policy",EA-adjacent,US/international,nonprofit/project,https://80000hours.org/topic/top-recommended-organisations/,EA-adjacent legal research; entity and scale to verify.,candidate_universe_frozen_before_new_pay,yes,Institute for Law and AI,85-1024198,2024-12,7852814,2055293,10,https://www.causeiq.com/organizations/legal-priorities%2C851024198/,Cause IQ filing profile (IRS-derived),2026-08-25,verified_below_scale,"Excellent EA-adjacent research, advisory, and policy match; revenue is within RP vicinity but current expenses and employee count are below the main scale band, so retained as a weighted secondary rather than primary.",30,12,6,14,7,3,100,72.0,Tier B weighted secondary,no,no,pending_ceo_title_and_full_year_verification,"Scores use only mission/operating model, scale, EA affinity, structure, and geography. Compensation is excluded from every component.",Expanded operating set (A+B),0.8940,0.9479
EXP-066,2026-08-25T14:47:22-0700,2026-08-17,no,Mercy For Animals,Animal welfare and food systems,EA-adjacent,US/international,independent nonprofit,https://forum.effectivealtruism.org/topics/organizations-and-projects-in-effective-altruism,Research and advocacy with campaign operations.,candidate_universe_frozen_before_new_pay,yes,Mercy for Animals,54-2076145,2024-12,23344663,23908480,133,https://www.causeiq.com/organizations/mercy-for-animals%2C542076145/,Public Form 990 rendering (Cause IQ or ProPublica),2026-08-25,verified_candidate,Topical match; advocacy/campaign structure and staff are above RP core but inside wider band.,16,20,12,14,7,3,100,72.0,Tier B weighted secondary,no,no,pending_ceo_title_and_full_year_verification,"Scores use only mission/operating model, scale, EA affinity, structure, and geography. Compensation is excluded from every component.",Expanded operating set (A+B),0.8940,0.9479
EXP-046,2026-08-25T14:47:22-0700,2026-08-17,no,Village Enterprise,"Global health, development, and evidence",EA-adjacent,US/international,independent nonprofit,https://forum.effectivealtruism.org/topics/organizations-and-projects-in-effective-altruism,Evidence-based poverty program delivery and evaluation.,candidate_universe_frozen_before_new_pay,yes,Village Enterprise Fund,22-2852248,2025-06,21517758,20984394,19,https://www.causeiq.com/organizations/village-enterprise%2C222852248/,Cause IQ filing-derived profile,2026-08-25,verified_candidate,"EA-adjacent evidence-based poverty program; expenses in band, reported US headcount below RP, direct implementation model.",16,20,12,14,7,3,100,72.0,Tier B weighted secondary,no,no,pending_ceo_title_and_full_year_verification,"Scores use only mission/operating model, scale, EA affinity, structure, and geography. Compensation is excluded from every component.",Expanded operating set (A+B),0.8940,0.9479
EXP-074,2026-08-25T14:47:22-0700,2026-08-17,no,Farm Sanctuary,Animal welfare and food systems,EA-adjacent,US,independent nonprofit,https://forum.effectivealtruism.org/topics/organizations-and-projects-in-effective-altruism,Advocacy plus sanctuary operations; field-delivery sensitivity.,candidate_universe_frozen_before_new_pay,yes,Farm Sanctuary,51-0292919,2024-12,15439898,15664603,126,https://www.causeiq.com/organizations/farm-sanctuary%2C510292919/,Public Form 990 rendering (Cause IQ or ProPublica),2026-08-25,verified_candidate,Scale/headcount match but sanctuary/direct-care operations materially reduce comparability.,10,25,12,14,7,3,100,71.0,Tier B weighted secondary,no,no,pending_ceo_title_and_full_year_verification,"Scores use only mission/operating model, scale, EA affinity, structure, and geography. Compensation is excluded from every component.",Expanded operating set (A+B),0.8816,0.9347
EXP-085,2026-08-25T14:47:22-0700,2026-08-17,no,New Roots Institute,Animal welfare and food systems,EA-adjacent,US,independent nonprofit,https://forum.effectivealtruism.org/topics/organizations-and-projects-in-effective-altruism,"Education, research, and advocacy field building.",candidate_universe_frozen_before_new_pay,yes,New Roots Institute,82-4594246,2025-06,3509009,2260435,36,https://www.causeiq.com/organizations/factory-farming-awareness-coalition%2C824594246/,Cause IQ filing profile (IRS-derived),2026-08-25,verified_candidate,"Animal-welfare education, field-building, and advocacy organization. Expenses are below the main band, but 36 employees are directly comparable to RP headcount; retained with a functional/scale discount.",20,12,15,14,7,3,100,71.0,Tier B weighted secondary,no,no,pending_ceo_title_and_full_year_verification,"Scores use only mission/operating model, scale, EA affinity, structure, and geography. Compensation is excluded from every component.",Expanded operating set (A+B),0.8816,0.9347
EXP-033,2026-08-25T14:47:22-0700,2026-08-17,no,Innovations for Poverty Action,"Global health, development, and evidence",EA-adjacent,US/international,independent nonprofit,https://forum.effectivealtruism.org/topics/organizations-and-projects-in-effective-altruism,Applied research and evidence translation; strong functional comparator.,candidate_universe_frozen_before_new_pay,yes,Innovations for Poverty Action,06-1660068,2024-12,52795464,57894421,110,https://www.causeiq.com/organizations/innovations-for-poverty-action%2C061660068/,Cause IQ filing-derived profile,2026-08-25,verified_candidate,Strong research/policy match and EA-adjacent; above RP wider expense band and at staff-band edge.,29,5,12,14,7,3,100,70.0,Tier B weighted secondary,no,no,pending_ceo_title_and_full_year_verification,"Scores use only mission/operating model, scale, EA affinity, structure, and geography. Compensation is excluded from every component.",Expanded operating set (A+B),0.8691,0.9215
EXP-031,2026-08-25T14:47:22-0700,2026-08-17,no,Evidence Action,"Global health, development, and evidence",EA-adjacent,US/international,independent nonprofit,https://forum.effectivealtruism.org/topics/organizations-and-projects-in-effective-altruism,Evidence-based program delivery and research; delivery intensity sensitivity.,candidate_universe_frozen_before_new_pay,yes,Evidence Action Inc,90-0874591,2024-12,36213681,45139532,98,https://www.causeiq.com/organizations/evidence-action%2C900874591/,Cause IQ filing-derived profile,2026-08-25,verified_candidate,"EA-adjacent evidence-driven operating nonprofit; staff within wider band, expenses above $35M secondary band; field implementation is material.",18,12,15,14,7,3,100,69.0,Tier B weighted secondary,no,no,pending_ceo_title_and_full_year_verification,"Scores use only mission/operating model, scale, EA affinity, structure, and geography. Compensation is excluded from every component.",Expanded operating set (A+B),0.8567,0.9084
EXP-151,2026-08-25T14:47:22-0700,2026-08-17,no,Guttmacher Institute,"Research, evaluation, philanthropy infrastructure, and policy",functional-only,US/international,independent nonprofit,https://projects.propublica.org/nonprofits/,Research and policy; larger scale likely.,candidate_universe_frozen_before_new_pay,yes,Guttmacher Institute,13-2890727,2024-12,26498213,35282055,145,https://www.causeiq.com/organizations/guttmacher-institute%2C132890727/,Cause IQ filing profile (IRS-derived),2026-08-25,verified_candidate,"Strong research, policy analysis, and public education model; upper edge of wider scale.",27,12,12,7,7,3,100,68.0,Tier B weighted secondary,no,no,pending_ceo_title_and_full_year_verification,"Scores use only mission/operating model, scale, EA affinity, structure, and geography. Compensation is excluded from every component.",Expanded operating set (A+B),0.8443,0.8952
EXP-098,2026-08-25T14:47:22-0700,2026-08-17,no,Redwood Research,"AI, catastrophic risk, biosecurity, and technology policy",EA-adjacent,US,independent nonprofit,https://80000hours.org/topic/top-recommended-organisations/,Technical AI safety research.,candidate_universe_frozen_before_new_pay,yes,Redwood Research Group,87-1702255,2024-12,22060,2922498,6,https://www.causeiq.com/organizations/redwood-research-group%2C871702255/,Public Form 990 rendering or organization/sector profile,2026-08-25,verified_below_scale,Excellent topic/function but below staff and expense bands; unusual low current revenue relative to expenses.,30,12,0,14,7,3,100,66.0,Tier B weighted secondary,no,no,pending_ceo_title_and_full_year_verification,"Scores use only mission/operating model, scale, EA affinity, structure, and geography. Compensation is excluded from every component.",Expanded operating set (A+B),0.8195,0.8689
EXP-056,2026-08-25T14:47:22-0700,2026-08-17,no,Charter Cities Institute,"Global health, development, and evidence",EA-adjacent,US/international,independent nonprofit,https://forum.effectivealtruism.org/topics/organizations-and-projects-in-effective-altruism,"Research, policy, and technical advisory organization.",candidate_universe_frozen_before_new_pay,yes,Charter Cities Institute,82-3264419,2024-12,1260681,2680500,11,https://www.causeiq.com/organizations/charter-cities-institute%2C823264419/,Cause IQ filing-derived profile,2026-08-25,verified_below_scale,EA-adjacent policy/research organization; functionally relevant but below expanded expense/staff thresholds.,22,12,6,14,7,3,100,64.0,Tier B weighted secondary,no,no,pending_ceo_title_and_full_year_verification,"Scores use only mission/operating model, scale, EA affinity, structure, and geography. Compensation is excluded from every component.",Expanded operating set (A+B),0.7946,0.8425
EXP-062,2026-08-25T14:47:22-0700,2026-08-17,no,Faunalytics,Animal welfare and food systems,EA-adjacent,US,independent nonprofit,https://forum.effectivealtruism.org/topics/organizations-and-projects-in-effective-altruism,Animal advocacy research and evidence organization.,candidate_universe_frozen_before_new_pay,yes,Faunalytics,01-0686889,2024-12,1485925,1239663,9,https://www.causeiq.com/organizations/faunalytics%2C010686889/,Public Form 990 rendering (Cause IQ or ProPublica),2026-08-25,verified_below_scale,"Excellent research/evidence function, but below the preregistered wider expense and staff bands.",29,5,6,14,7,3,100,64.0,Tier B weighted secondary,no,yes,pending_ceo_title_and_full_year_verification,"Scores use only mission/operating model, scale, EA affinity, structure, and geography. Compensation is excluded from every component.",Expanded operating set (A+B),0.7946,0.8425
EXP-009,2026-08-25T14:47:22-0700,2026-08-17,no,One for the World,EA infrastructure and effective giving,EA-core,US,independent nonprofit,https://forum.effectivealtruism.org/posts/dm2uawLLeLbY8WNKM/updates-on-the-effective-giving-ecosystem-mcf-2025-memo,Effective-giving fundraising and movement-building organization.,candidate_universe_frozen_before_new_pay,yes,One For The World,84-2124550,2025-06,1778085,2188287,4,https://www.causeiq.com/organizations/one-for-the-world%2C842124550/,Cause IQ filing-derived profile,2026-08-25,verified_below_scale,EA effective-giving organization; independent but materially below RP on expenses and staff.,22,12,0,20,7,3,100,64.0,Tier B weighted secondary,no,no,pending_ceo_title_and_full_year_verification,"Scores use only mission/operating model, scale, EA affinity, structure, and geography. Compensation is excluded from every component.",Expanded operating set (A+B),0.7946,0.8425
EXP-068,2026-08-25T14:47:22-0700,2026-08-17,no,Vegan Outreach,Animal welfare and food systems,EA-adjacent,US/international,independent nonprofit,https://forum.effectivealtruism.org/topics/organizations-and-projects-in-effective-altruism,Public outreach and program delivery.,candidate_universe_frozen_before_new_pay,yes,Vegan Outreach,86-0736818,2025-06,2830220,2456187,22,https://www.causeiq.com/organizations/vegan-outreach%2C860736818/,Public Form 990 rendering (Cause IQ or ProPublica),2026-08-25,verified_candidate,Below expense band but staff is inside wider band; advocacy/education model.,14,12,12,14,7,3,100,62.0,Tier B weighted secondary,no,no,pending_ceo_title_and_full_year_verification,"Scores use only mission/operating model, scale, EA affinity, structure, and geography. Compensation is excluded from every component.",Expanded operating set (A+B),0.7698,0.8162
EXP-053,2026-08-25T14:47:22-0700,2026-08-17,no,Resolve to Save Lives,"Global health, development, and evidence",EA-adjacent,US/international,independent nonprofit,https://forum.effectivealtruism.org/topics/organizations-and-projects-in-effective-altruism,"Research, policy, technical assistance, and implementation.",candidate_universe_frozen_before_new_pay,yes,Resolve To Save Lives,86-2254152,2024-12,65629780,65415547,147,https://www.causeiq.com/organizations/resolve-to-save-lives%2C862254152/,Cause IQ filing-derived profile,2026-08-25,verified_candidate,EA-adjacent research/implementation hybrid; above expense band and near headcount ceiling.,20,5,12,14,7,3,100,61.0,Tier C broad sensitivity,no,no,pending_ceo_title_and_full_year_verification,"Scores use only mission/operating model, scale, EA affinity, structure, and geography. Compensation is excluded from every component.",Expanded broad sensitivity (C),,0.8030
EXP-100,2026-08-25T14:47:22-0700,2026-08-17,no,AI Objectives Institute,"AI, catastrophic risk, biosecurity, and technology policy",EA-adjacent,US,independent nonprofit,https://80000hours.org/topic/top-recommended-organisations/,AI safety research.,candidate_universe_frozen_before_new_pay,yes,AI Objectives Institute,87-3870371,2024-12,1829928,1106174,7,https://www.causeiq.com/organizations/ai-objectives-institute%2C873870371/,Public Form 990 rendering or organization/sector profile,2026-08-25,verified_below_scale,Strong research relevance but below expense and staff bands.,29,5,0,14,7,3,100,58.0,Tier C broad sensitivity,no,yes,pending_ceo_title_and_full_year_verification,"Scores use only mission/operating model, scale, EA affinity, structure, and geography. Compensation is excluded from every component.",Expanded broad sensitivity (C),,0.7635
EXP-110,2026-08-25T14:47:22-0700,2026-08-17,no,Effective Institutions Project,"AI, catastrophic risk, biosecurity, and technology policy",EA-adjacent,US/international,nonprofit/project,https://80000hours.org/topic/top-recommended-organisations/,EA-adjacent institutional research and field building.,candidate_universe_frozen_before_new_pay,yes,Effective Institutions Project,93-2725003,2024-12,1693304,727915,2,https://www.causeiq.com/organizations/effective-institutions-project%2C932725003/,Cause IQ filing profile (IRS-derived),2026-08-25,verified_below_scale,"Strong EA-adjacent research and field-building match, but materially below RP on both expenses and employees.",29,5,0,14,7,3,100,58.0,Tier C broad sensitivity,no,yes,pending_ceo_title_and_full_year_verification,"Scores use only mission/operating model, scale, EA affinity, structure, and geography. Compensation is excluded from every component.",Expanded broad sensitivity (C),,0.7635
EXP-135,2026-08-25T14:47:22-0700,2026-08-17,no,Candid,"Research, evaluation, philanthropy infrastructure, and policy",functional-only,US,independent nonprofit,https://projects.propublica.org/nonprofits/,Nonprofit data and field infrastructure; larger scale likely.,candidate_universe_frozen_before_new_pay,yes,Candid,13-1837418,2025-12,41100093,41312473,221,https://projects.propublica.org/nonprofits/organizations/131837418,ProPublica Nonprofit Explorer filing profile,2026-08-25,verified_candidate,Strong nonprofit-data and knowledge-infrastructure match but materially above wider scale on expenses and staff; lower-weight large-organization sensitivity.,28,12,0,7,7,3,100,57.0,Tier C broad sensitivity,no,yes,pending_ceo_title_and_full_year_verification,"Scores use only mission/operating model, scale, EA affinity, structure, and geography. Compensation is excluded from every component.",Expanded broad sensitivity (C),,0.7504
EXP-019,2026-08-25T14:47:22-0700,2026-08-17,no,Generation Pledge,EA infrastructure and effective giving,EA-core,US/international,nonprofit/project,https://forum.effectivealtruism.org/posts/dm2uawLLeLbY8WNKM/updates-on-the-effective-giving-ecosystem-mcf-2025-memo,Effective-giving community and fundraising organization.,candidate_universe_frozen_before_new_pay,yes,Generation Pledge,84-2787951,2024-12,1523460,1347647,0,https://www.causeiq.com/organizations/generation-pledge%2C842787951/,Cause IQ filing-derived profile,2026-08-25,verified_below_scale,EA effective-giving organization; materially below RP and no reported employees.,22,5,0,20,7,3,100,57.0,Tier C broad sensitivity,no,no,pending_ceo_title_and_full_year_verification,"Scores use only mission/operating model, scale, EA affinity, structure, and geography. Compensation is excluded from every component.",Expanded broad sensitivity (C),,0.7504
EXP-109,2026-08-25T14:47:22-0700,2026-08-17,no,Alliance to Feed the Earth in Disasters,"AI, catastrophic risk, biosecurity, and technology policy",EA-adjacent,US/international,independent nonprofit,https://80000hours.org/topic/top-recommended-organisations/,Catastrophic-risk research and preparedness.,candidate_universe_frozen_before_new_pay,yes,Allfed Institute,83-1717756,2024-12,495036,1016087,0,https://www.causeiq.com/organizations/allfed-institute%2C831717756/,Cause IQ filing profile (IRS-derived),2026-08-25,verified_below_scale,"Exceptionally relevant catastrophic-risk research and preparedness mission, but the US filing reports about $1.0M expenses and zero employees; contractor/international operating structure is not comparable to RP headcount.",27,5,0,14,7,3,100,56.0,Tier C broad sensitivity,no,no,pending_ceo_title_and_full_year_verification,"Scores use only mission/operating model, scale, EA affinity, structure, and geography. Compensation is excluded from every component.",Expanded broad sensitivity (C),,0.7372
EXP-075,2026-08-25T14:47:22-0700,2026-08-17,no,New Harvest,Animal welfare and food systems,EA-adjacent,US,independent nonprofit,https://forum.effectivealtruism.org/topics/organizations-and-projects-in-effective-altruism,Research funding and field building in cellular agriculture.,candidate_universe_frozen_before_new_pay,yes,New Harvest,20-1425438,2024-12,797070,976255,3,https://www.causeiq.com/organizations/new-harvest%2C201425438/,Public Form 990 rendering (Cause IQ or ProPublica),2026-08-25,verified_below_scale,Research/field-building function is relevant but far below scale.,27,5,0,14,7,3,100,56.0,Tier C broad sensitivity,no,no,pending_ceo_title_and_full_year_verification,"Scores use only mission/operating model, scale, EA affinity, structure, and geography. Compensation is excluded from every component.",Expanded broad sensitivity (C),,0.7372
EXP-088,2026-08-25T14:47:22-0700,2026-08-17,no,Nonhuman Rights Project,Animal welfare and food systems,EA-adjacent,US,independent nonprofit,https://forum.effectivealtruism.org/topics/organizations-and-projects-in-effective-altruism,Legal research and advocacy.,candidate_universe_frozen_before_new_pay,yes,Nonhuman Rights Project,04-3289466,2024-12,2156429,1583477,11,https://www.causeiq.com/organizations/nonhuman-rights-project%2C043289466/,Cause IQ filing profile (IRS-derived),2026-08-25,verified_below_scale,"Relevant animal-law research and advocacy comparator, but materially smaller than RP and litigation-dominant; retained only as a broad sensitivity.",14,12,6,14,7,3,100,56.0,Tier C broad sensitivity,no,no,pending_ceo_title_and_full_year_verification,"Scores use only mission/operating model, scale, EA affinity, structure, and geography. Compensation is excluded from every component.",Expanded broad sensitivity (C),,0.7372
EXP-076,2026-08-25T14:47:22-0700,2026-08-17,no,Aquatic Life Institute,Animal welfare and food systems,EA-adjacent,US/international,independent nonprofit,https://forum.effectivealtruism.org/topics/organizations-and-projects-in-effective-altruism,"EA-adjacent research, standards, and advocacy.",candidate_universe_frozen_before_new_pay,yes,Aquatic Life Institute,87-3020380,2024-12,746464,733250,1,https://www.causeiq.com/organizations/aquatic-life-institute%2C873020380/,Public Form 990 rendering (Cause IQ or ProPublica),2026-08-25,verified_below_scale,EA-adjacent policy function but far below scale and reported headcount.,24,5,0,14,7,3,100,53.0,Tier C broad sensitivity,no,no,pending_ceo_title_and_full_year_verification,"Scores use only mission/operating model, scale, EA affinity, structure, and geography. Compensation is excluded from every component.",Expanded broad sensitivity (C),,0.6977
EXP-073,2026-08-25T14:47:22-0700,2026-08-17,no,Farm Forward,Animal welfare and food systems,EA-adjacent,US,independent nonprofit,https://forum.effectivealtruism.org/topics/organizations-and-projects-in-effective-altruism,"Research, advocacy, and institutional consulting.",candidate_universe_frozen_before_new_pay,yes,Farm Forward,26-1643614,2024-12,1226680,1069721,9,https://www.causeiq.com/organizations/farm-forward%2C261643614/,Public Form 990 rendering (Cause IQ or ProPublica),2026-08-25,verified_below_scale,Topically relevant but below wider expense/staff thresholds.,18,5,6,14,7,3,100,53.0,Tier C broad sensitivity,no,no,pending_ceo_title_and_full_year_verification,"Scores use only mission/operating model, scale, EA affinity, structure, and geography. Compensation is excluded from every component.",Expanded broad sensitivity (C),,0.6977
EXP-143,2026-08-25T14:47:22-0700,2026-08-17,no,Public Library of Science,"Research, evaluation, philanthropy infrastructure, and policy",functional-only,US/international,independent nonprofit,https://projects.propublica.org/nonprofits/,Open-access publishing and research infrastructure.,candidate_universe_frozen_before_new_pay,yes,Public Library of Science,68-0492065,2024-12,41335403,36985422,236,https://www.causeiq.com/organizations/public-library-of-science%2C680492065/,Cause IQ filing profile (IRS-derived),2026-08-25,verified_candidate,"Excellent open-science and research-communication match, but above the wider staff band and slightly above the expense band; retained as a low-scale-weight sensitivity.",24,12,0,7,7,3,100,53.0,Tier C broad sensitivity,no,yes,pending_ceo_title_and_full_year_verification,"Scores use only mission/operating model, scale, EA affinity, structure, and geography. Compensation is excluded from every component.",Expanded broad sensitivity (C),,0.6977
EXP-082,2026-08-25T14:47:22-0700,2026-08-17,no,Sentience Institute,Animal welfare and food systems,EA-adjacent,US,independent nonprofit,https://forum.effectivealtruism.org/topics/organizations-and-projects-in-effective-altruism,EA-aligned social movement and moral-circle research.,candidate_universe_frozen_before_new_pay,yes,Sentience Institute,82-2537926,2024-12,53363,164090,1,https://www.causeiq.com/organizations/sentience-institute%2C822537926/,Cause IQ filing profile (IRS-derived),2026-08-25,verified_below_scale,Highly relevant EA-adjacent social-movement research organization but materially below RP on both expenses and employee count; retained only as a small-research sensitivity.,29,0,0,14,7,3,100,53.0,Tier C broad sensitivity,no,no,pending_ceo_title_and_full_year_verification,"Scores use only mission/operating model, scale, EA affinity, structure, and geography. Compensation is excluded from every component.",Expanded broad sensitivity (C),,0.6977
EXP-094,2026-08-25T14:47:22-0700,2026-08-17,no,Center for AI Policy,"AI, catastrophic risk, biosecurity, and technology policy",EA-adjacent,US,independent nonprofit,https://80000hours.org/topic/top-recommended-organisations/,AI policy research and advocacy.,candidate_universe_frozen_before_new_pay,yes,Center for AI Policy,93-2050941,2023-12,673200,301463,1,https://www.causeiq.com/organizations/center-for-ai-policy%2C932050941/,Public Form 990 rendering or organization/sector profile,2026-08-25,verified_below_scale,Strong topic/policy relevance but far below scale and a 501(c)(4).,28,0,0,14,7,3,100,52.0,Tier C broad sensitivity,no,no,pending_ceo_title_and_full_year_verification,"Scores use only mission/operating model, scale, EA affinity, structure, and geography. Compensation is excluded from every component.",Expanded broad sensitivity (C),,0.6846
EXP-010,2026-08-25T14:47:22-0700,2026-08-17,no,High Impact Athletes,EA infrastructure and effective giving,EA-core,US/international,nonprofit or fiscally sponsored,https://forum.effectivealtruism.org/posts/dm2uawLLeLbY8WNKM/updates-on-the-effective-giving-ecosystem-mcf-2025-memo,Effective-giving fundraising organization; legal structure to verify.,candidate_universe_frozen_before_new_pay,yes,High Impact Athletes,87-3955308,2024-12,480243,381597,0,https://www.causeiq.com/organizations/high-impact-athletes%2C873955308/,Cause IQ filing-derived profile,2026-08-25,verified_below_scale,EA effective-giving organization; below scale and no reported employees; executive-director observation may be part-time.,22,0,0,20,7,3,100,52.0,Tier C broad sensitivity,no,yes,pending_ceo_title_and_full_year_verification,"Scores use only mission/operating model, scale, EA affinity, structure, and geography. Compensation is excluded from every component.",Expanded broad sensitivity (C),,0.6846
EXP-030,2026-08-25T14:47:22-0700,2026-08-17,no,Open Philanthropy / Coefficient Giving,EA infrastructure and effective giving,EA-core,US,philanthropic organization / related entities,https://forum.effectivealtruism.org/posts/dm2uawLLeLbY8WNKM/updates-on-the-effective-giving-ecosystem-mcf-2025-memo,Major EA-adjacent research and grantmaking organization; legal entity and pass-through structure require special handling.,candidate_universe_frozen_before_new_pay,yes,Open Philanthropy,81-0737472,2024-12,1803010,7291034,31,https://www.causeiq.com/organizations/open-philanthropy-project%2C810737472/,Cause IQ filing-derived profile,2026-08-25,verified_candidate,EA-core research/advisory entity; expenses and staff are close to RP core scale. Entity/legal leadership mapping must be checked because broader Open Philanthropy grantmaking uses related entities.,27,25,15,20,4,3,100,94.0,Structural/context only,no,no,not_poolable_without_structure_resolution,"Scores use only mission/operating model, scale, EA affinity, structure, and geography. Compensation is excluded from every component.",Structural/context only,,
EXP-036,2026-08-25T14:47:22-0700,2026-08-17,no,Center for Global Development,"Global health, development, and evidence",EA-adjacent,US/UK,independent nonprofit,https://forum.effectivealtruism.org/topics/organizations-and-projects-in-effective-altruism,Research and policy think tank; strong functional comparator.,candidate_universe_frozen_before_new_pay,yes,Center for Global Development,52-2351337,2024-12,23575821,18124830,87,https://www.causeiq.com/organizations/center-for-global-development%2C522351337/,Cause IQ filing-derived profile,2026-08-25,verified_candidate,Excellent research/policy and scale match; CEO transition in 2024 means latest pay observation may be excluded or use prior full-year filing.,30,25,15,14,4,3,100,91.0,Structural/context only,no,no,not_poolable_without_structure_resolution,"Scores use only mission/operating model, scale, EA affinity, structure, and geography. Compensation is excluded from every component.",Structural/context only,,
EXP-099,2026-08-25T14:47:22-0700,2026-08-17,no,Alignment Research Center,"AI, catastrophic risk, biosecurity, and technology policy",EA-adjacent,US,independent nonprofit,https://80000hours.org/topic/top-recommended-organisations/,Technical AI safety research.,candidate_universe_frozen_before_new_pay,yes,Alignment Research Center,86-3605182,2024-12,5219369,9054183,38,https://www.causeiq.com/organizations/alignment-research-center%2C863605182/,Public Form 990 rendering or organization/sector profile,2026-08-25,verified_structural,Excellent function and scale but reported as subordinate under METR with a program spin-off; avoid double-counting related organizations.,30,25,15,14,1,3,100,88.0,Structural/context only,no,yes,not_poolable_without_structure_resolution,"Scores use only mission/operating model, scale, EA affinity, structure, and geography. Compensation is excluded from every component.",Structural/context only,,
EXP-091,2026-08-25T14:47:22-0700,2026-08-17,no,Machine Intelligence Research Institute,"AI, catastrophic risk, biosecurity, and technology policy",EA-adjacent,US,independent nonprofit,https://80000hours.org/topic/top-recommended-organisations/,EA-aligned technical AI safety research.,candidate_universe_frozen_before_new_pay,yes,Machine Intelligence Research Institute,58-2565917,2024-12,1534913,6508701,28,https://www.causeiq.com/organizations/machine-intelligence-research-institute%2C582565917/,Public Form 990 rendering or organization/sector profile,2026-08-25,verified_structural,Excellent topic/research match and operating scale; no clean comparable organization-wide CEO structure was established in the original review.,30,25,15,14,1,3,100,88.0,Structural/context only,no,no,not_poolable_without_structure_resolution,"Scores use only mission/operating model, scale, EA affinity, structure, and geography. Compensation is excluded from every component.",Structural/context only,,
EXP-092,2026-08-25T14:47:22-0700,2026-08-17,no,Future of Life Institute,"AI, catastrophic risk, biosecurity, and technology policy",EA-adjacent,US/international,independent nonprofit,https://80000hours.org/topic/top-recommended-organisations/,"EA-adjacent research, grantmaking, and advocacy; dual-leadership risk.",candidate_universe_frozen_before_new_pay,yes,Future of Life Institute,47-1052538,2024-12,21273381,17399051,29,https://www.causeiq.com/organizations/future-of-life-institute%2C471052538/,Public Form 990 rendering or organization/sector profile,2026-08-25,verified_structural,"Strong catastrophic-risk research/policy and scale match, but dual paid board-president/executive-director structure prevents clean CEO pooling.",29,25,15,14,0,3,100,86.0,Structural/context only,no,yes,not_poolable_without_structure_resolution,"Scores use only mission/operating model, scale, EA affinity, structure, and geography. Compensation is excluded from every component.",Structural/context only,,
EXP-118,2026-08-25T14:47:22-0700,2026-08-17,no,SecureBio,"AI, catastrophic risk, biosecurity, and technology policy",EA-adjacent,US,nonprofit/project,https://80000hours.org/topic/top-recommended-organisations/,Biosecurity research and implementation; entity to verify.,candidate_universe_frozen_before_new_pay,yes,SecureBio Inc,88-3068255,2024-12,7324329,4251865,16,https://www.causeiq.com/organizations/securebio%2C883068255/,Cause IQ filing profile (IRS-derived),2026-08-25,verified_candidate,Very strong EA-adjacent biosecurity research and implementation match with expenses near the lower end of RP scale and 16 employees; executive transition requires later compensation screening.,30,20,12,14,4,3,100,83.0,Structural/context only,no,yes,not_poolable_without_structure_resolution,"Scores use only mission/operating model, scale, EA affinity, structure, and geography. Compensation is excluded from every component.",Structural/context only,,
EXP-103,2026-08-25T14:47:22-0700,2026-08-17,no,Center for Security and Emerging Technology,"AI, catastrophic risk, biosecurity, and technology policy",EA-adjacent,US,university center,https://80000hours.org/topic/top-recommended-organisations/,Technology policy research; university-parent compensation system.,candidate_universe_frozen_before_new_pay,yes,Center for Security and Emerging Technology,,2024,,,58,https://cset.georgetown.edu/publication/2024-annual-report/,Public Form 990 rendering or organization/sector profile,2026-08-25,verified_structural,"Excellent research/policy and staff match, but it is a Georgetown University center rather than an independent nonprofit CEO role.",30,,15,14,0,3,75,82.7,Structural/context only,no,no,not_poolable_without_structure_resolution,"Scores use only mission/operating model, scale, EA affinity, structure, and geography. Compensation is excluded from every component.",Structural/context only,,
EXP-120,2026-08-25T14:47:22-0700,2026-08-17,no,AI Now Institute,"AI, catastrophic risk, biosecurity, and technology policy",EA-adjacent,US,independent nonprofit,https://80000hours.org/topic/top-recommended-organisations/,AI policy research.,candidate_universe_frozen_before_new_pay,yes,AI Now Policy Institute Inc,33-3604227,new entity; no 990 available,,,,https://projects.propublica.org/nonprofits/organizations/333604227,ProPublica Nonprofit Explorer / IRS entity profile,2026-08-25,verified_structural,"Highly relevant AI policy research organization, but the current 501(c)(4) entity was recognized in 2025 and has no public financial filing yet; operating-history/entity continuity and CEO comparability cannot be resolved from current public data.",30,,,14,2,3,60,81.7,Structural/context only,no,no,not_poolable_without_structure_resolution,"Scores use only mission/operating model, scale, EA affinity, structure, and geography. Compensation is excluded from every component.",Structural/context only,,
EXP-108,2026-08-25T14:47:22-0700,2026-08-17,no,Global Catastrophic Risk Institute,"AI, catastrophic risk, biosecurity, and technology policy",EA-adjacent,US,independent nonprofit,https://80000hours.org/topic/top-recommended-organisations/,Research institute; likely below scale.,candidate_universe_frozen_before_new_pay,yes,Global Catastrophic Risk Institute,,2024 annual report available,,,,https://gcri.org/about,Official organization page,2026-08-25,verified_structural,"Excellent topic and think-tank match, but GCRI is a fiscally sponsored project of Social and Environmental Entrepreneurs rather than a clean standalone organization-wide CEO filing; public team size is small.",30,,,14,2,3,60,81.7,Structural/context only,no,no,not_poolable_without_structure_resolution,"Scores use only mission/operating model, scale, EA affinity, structure, and geography. Compensation is excluded from every component.",Structural/context only,,
EXP-007,2026-08-25T14:47:22-0700,2026-08-17,no,Founders Pledge,EA infrastructure and effective giving,EA-core,US/UK,international nonprofit group,https://forum.effectivealtruism.org/posts/dm2uawLLeLbY8WNKM/updates-on-the-effective-giving-ecosystem-mcf-2025-memo,Effective-giving evaluator and donor-advisory organization; legal-entity mapping required.,candidate_universe_frozen_before_new_pay,yes,Founders Pledge Inc,37-1795297,2024-12,144636466,34600883,26,https://www.causeiq.com/organizations/founders-pledge%2C371795297/,Cause IQ filing-derived profile,2026-08-25,verified_structural,US entity of international donor-advisory group; operating expenses near expanded upper band but revenue includes philanthropic flows.,20,20,15,20,2,3,100,80.0,Structural/context only,no,no,not_poolable_without_structure_resolution,"Scores use only mission/operating model, scale, EA affinity, structure, and geography. Compensation is excluded from every component.",Structural/context only,,
EXP-095,2026-08-25T14:47:22-0700,2026-08-17,no,Institute for AI Policy and Strategy,"AI, catastrophic risk, biosecurity, and technology policy",EA-adjacent,US,independent nonprofit,https://80000hours.org/topic/top-recommended-organisations/,AI policy research and talent development.,candidate_universe_frozen_before_new_pay,yes,Institute for AI Policy and Strategy,,,,,,https://www.iaps.ai/,Public Form 990 rendering or organization/sector profile,2026-08-25,no_us_profile_found,No clean standalone US Form 990 profile was identified under the public operating name; retain as structural/context peer.,30,,,14,1,3,60,80.0,Structural/context only,no,no,not_poolable_without_structure_resolution,"Scores use only mission/operating model, scale, EA affinity, structure, and geography. Compensation is excluded from every component.",Structural/context only,,
EXP-061,2026-08-25T14:47:22-0700,2026-08-17,no,Animal Charity Evaluators,Animal welfare and food systems,EA-adjacent,US,independent nonprofit,https://forum.effectivealtruism.org/topics/organizations-and-projects-in-effective-altruism,EA-aligned charity evaluator and research organization.,candidate_universe_frozen_before_new_pay,yes,Animal Charity Evaluators,36-4684978,2025-03,7801617,6340574,9,https://www.causeiq.com/organizations/animal-charity-evaluators%2C364684978/,Cause IQ rendering of IRS Form 990 data,2026-08-25,verified_structural,"Excellent EA/evaluation function and expense match, but only nine reported employees and material grantmaking/evaluator structure.",29,25,6,14,2,3,100,79.0,Structural/context only,no,no,not_poolable_without_structure_resolution,"Scores use only mission/operating model, scale, EA affinity, structure, and geography. Compensation is excluded from every component.",Structural/context only,,
EXP-102,2026-08-25T14:47:22-0700,2026-08-17,no,Center for Human-Compatible AI,"AI, catastrophic risk, biosecurity, and technology policy",EA-adjacent,US,university center,https://80000hours.org/topic/top-recommended-organisations/,Strong research match but university-parent compensation system.,candidate_universe_frozen_before_new_pay,yes,Center for Human-Compatible AI,,,,,,https://humancompatible.ai/,Public Form 990 rendering or organization/sector profile,2026-08-25,verified_structural,University-based research center rather than an independent nonprofit CEO labor market.,30,,,14,0,3,60,78.3,Structural/context only,no,no,not_poolable_without_structure_resolution,"Scores use only mission/operating model, scale, EA affinity, structure, and geography. Compensation is excluded from every component.",Structural/context only,,
EXP-112,2026-08-25T14:47:22-0700,2026-08-17,no,Center on Long-Term Risk,"AI, catastrophic risk, biosecurity, and technology policy",EA-adjacent,Germany,independent nonprofit,https://80000hours.org/topic/top-recommended-organisations/,EA-aligned research; non-US.,candidate_universe_frozen_before_new_pay,yes,Center on Long-Term Risk,,2025 budget published,,,,https://longtermrisk.org/transparency/,Official transparency page,2026-08-25,verified_structural,"Strong EA-aligned research match with public budgets and plans, but it is an England and Wales charity with a non-US labor market; retained as international context rather than pooled US CEO evidence.",30,,,14,2,1,60,78.3,Structural/context only,no,no,not_poolable_without_structure_resolution,"Scores use only mission/operating model, scale, EA affinity, structure, and geography. Compensation is excluded from every component.",Structural/context only,,
EXP-104,2026-08-25T14:47:22-0700,2026-08-17,no,Centre for the Governance of AI,"AI, catastrophic risk, biosecurity, and technology policy",EA-adjacent,UK,independent charity,https://80000hours.org/topic/top-recommended-organisations/,EA-adjacent AI governance research.,candidate_universe_frozen_before_new_pay,yes,Centre for the Governance of AI,,,,,,https://www.governance.ai/,Public Form 990 rendering or organization/sector profile,2026-08-25,verified_structural,International AI-governance research comparator; no US standalone Form 990 and non-US compensation/labor market.,30,,,14,2,1,60,78.3,Structural/context only,no,no,not_poolable_without_structure_resolution,"Scores use only mission/operating model, scale, EA affinity, structure, and geography. Compensation is excluded from every component.",Structural/context only,,
EXP-107,2026-08-25T14:47:22-0700,2026-08-17,no,Existential Risk Alliance,"AI, catastrophic risk, biosecurity, and technology policy",EA-adjacent,US/international,nonprofit/project,https://80000hours.org/topic/top-recommended-organisations/,EA-aligned research and talent development; entity to verify.,candidate_universe_frozen_before_new_pay,yes,Existential Risk Alliance (ERA),,,,,,https://www.crunchbase.com/organization/era-8825,Secondary organization profile,2026-08-25,verified_structural,"Highly relevant existential-risk research and talent-development organization, but public evidence indicates a UK-based nonprofit and no clean US Form 990 or directly comparable US CEO labor market; reported size band 11-50 is not used as an exact headcount.",29,,,14,1,3,60,78.3,Structural/context only,no,no,not_poolable_without_structure_resolution,"Scores use only mission/operating model, scale, EA affinity, structure, and geography. Compensation is excluded from every component.",Structural/context only,,
EXP-105,2026-08-25T14:47:22-0700,2026-08-17,no,Apollo Research,"AI, catastrophic risk, biosecurity, and technology policy",EA-adjacent,UK/international,independent nonprofit,https://80000hours.org/topic/top-recommended-organisations/,AI safety research; non-US.,candidate_universe_frozen_before_new_pay,yes,Apollo Research,,,,,,https://www.apolloresearch.ai/,Public Form 990 rendering or organization/sector profile,2026-08-25,verified_structural,International technical AI-safety research comparator; no clean US standalone Form 990 profile identified.,30,,,14,1,1,60,76.7,Structural/context only,no,no,not_poolable_without_structure_resolution,"Scores use only mission/operating model, scale, EA affinity, structure, and geography. Compensation is excluded from every component.",Structural/context only,,
EXP-117,2026-08-25T14:47:22-0700,2026-08-17,no,International Biosecurity and Biosafety Initiative for Science,"AI, catastrophic risk, biosecurity, and technology policy",EA-adjacent,Switzerland/international,independent nonprofit,https://80000hours.org/topic/top-recommended-organisations/,Biosecurity policy and scientific field building.,candidate_universe_frozen_before_new_pay,yes,International Biosecurity and Biosafety Initiative for Science,Swiss UID CHE-182.748.080,launched 2024,,,,https://ibbis.bio/about/,Official organization page,2026-08-25,verified_structural,"Excellent biosecurity and field-building match, but it is a newly independent Swiss foundation with a Geneva labor market and no US Form 990; retained as international context.",29,,,14,2,1,60,76.7,Structural/context only,no,no,not_poolable_without_structure_resolution,"Scores use only mission/operating model, scale, EA affinity, structure, and geography. Compensation is excluded from every component.",Structural/context only,,
EXP-121,2026-08-25T14:47:22-0700,2026-08-17,no,Data & Society Research Institute,"AI, catastrophic risk, biosecurity, and technology policy",EA-adjacent,US,independent nonprofit,https://80000hours.org/topic/top-recommended-organisations/,Technology and society research.,candidate_universe_frozen_before_new_pay,yes,Data & Society Research Institute,46-2904827,2025-05,6606356,6671515,0,https://www.causeiq.com/organizations/data-society-research-institute%2C462904827/,Cause IQ filing profile (IRS-derived),2026-08-25,verified_structural,"Excellent technology-and-society research match; filing profile reports zero employees despite an operating leadership/staff structure, so headcount is not comparable without raw-return clarification.",30,25,0,14,2,3,100,74.0,Structural/context only,no,yes,not_poolable_without_structure_resolution,"Scores use only mission/operating model, scale, EA affinity, structure, and geography. Compensation is excluded from every component.",Structural/context only,,
EXP-012,2026-08-25T14:47:22-0700,2026-08-17,no,Longview Philanthropy,EA infrastructure and effective giving,EA-core,UK/US,international nonprofit/advisory,https://forum.effectivealtruism.org/posts/dm2uawLLeLbY8WNKM/updates-on-the-effective-giving-ecosystem-mcf-2025-memo,EA-adjacent philanthropic advisory and grantmaking; entity mapping required.,candidate_universe_frozen_before_new_pay,yes,Longview Philanthropy USA,93-2664730,2024-12,10007719,3269897,8,https://www.causeiq.com/organizations/longview-philanthropy-usa%2C932664730/,Cause IQ filing-derived profile,2026-08-25,verified_structural,EA donor advisory/grantmaking entity; expenses at expanded lower bound and staff below band; US entity formed 2023.,22,20,6,20,2,2,100,72.0,Structural/context only,no,no,not_poolable_without_structure_resolution,"Scores use only mission/operating model, scale, EA affinity, structure, and geography. Compensation is excluded from every component.",Structural/context only,,
EXP-008,2026-08-25T14:47:22-0700,2026-08-17,no,The Life You Can Save,EA infrastructure and effective giving,EA-core,US/Australia,international nonprofit,https://forum.effectivealtruism.org/posts/dm2uawLLeLbY8WNKM/updates-on-the-effective-giving-ecosystem-mcf-2025-memo,Effective-giving education and fundraising organization.,candidate_universe_frozen_before_new_pay,yes,The Life You Can Save,46-2100400,2024-12,10854481,11400673,4,https://www.causeiq.com/organizations/life-you-can-save%2C462100400/,Cause IQ filing-derived profile,2026-08-25,verified_structural,Four employees and approximately $9.9M of agency/pass-through funds; expenses match RP but operating responsibility differs materially.,16,25,0,20,2,3,100,66.0,Structural/context only,no,no,not_poolable_without_structure_resolution,"Scores use only mission/operating model, scale, EA affinity, structure, and geography. Compensation is excluded from every component.",Structural/context only,,
EXP-038,2026-08-25T14:47:22-0700,2026-08-17,no,Development Media International,"Global health, development, and evidence",EA-adjacent,UK/US,international charity,https://forum.effectivealtruism.org/topics/organizations-and-projects-in-effective-altruism,Evidence-driven communications intervention organization.,candidate_universe_frozen_before_new_pay,yes,Development Media International,,,,,,,,2026-08-25,no_us_profile_found,UK/international charity; no clean US independent organization profile located in initial Cause IQ search.,22,,,14,1,2,60,65.0,Structural/context only,no,no,not_poolable_without_structure_resolution,"Scores use only mission/operating model, scale, EA affinity, structure, and geography. Compensation is excluded from every component.",Structural/context only,,
EXP-006,2026-08-25T14:47:22-0700,2026-08-17,no,GiveWell / The Clear Fund,EA infrastructure and effective giving,EA-core,US,independent nonprofit,https://forum.effectivealtruism.org/posts/dm2uawLLeLbY8WNKM/updates-on-the-effective-giving-ecosystem-mcf-2025-memo,Major EA-aligned evaluator and grantmaker; pass-through/grantmaking scale requires adjustment.,candidate_universe_frozen_before_new_pay,yes,The Clear Fund (GiveWell),20-8625442,2024-12,269542773,183707000,96,https://www.causeiq.com/organizations/the-clear-fund%2C208625442/,Cause IQ filing-derived profile,2026-08-25,verified_structural,Independent US nonprofit; evaluator plus major grantmaking/pass-through activity. Consolidated scale far above RP; structural/grantmaking sensitivity.,24,0,15,20,2,3,100,64.0,Structural/context only,no,yes,not_poolable_without_structure_resolution,"Scores use only mission/operating model, scale, EA affinity, structure, and geography. Compensation is excluded from every component.",Structural/context only,,
EXP-040,2026-08-25T14:47:22-0700,2026-08-17,no,Malaria Consortium,"Global health, development, and evidence",EA-adjacent,UK/US,international charity,https://forum.effectivealtruism.org/topics/organizations-and-projects-in-effective-altruism,Research and program delivery; much larger consolidated operations likely.,candidate_universe_frozen_before_new_pay,yes,Malaria Consortium US,98-0627052,2025-03,12640128,12184258,0,https://www.causeiq.com/organizations/malaria-consortium%2C980627052/,Cause IQ filing-derived profile,2026-08-25,verified_structural,"US support entity of international charity; no employees reported in US filing, so not comparable to organization-wide CEO.",22,25,0,14,1,2,100,64.0,Structural/context only,no,no,not_poolable_without_structure_resolution,"Scores use only mission/operating model, scale, EA affinity, structure, and geography. Compensation is excluded from every component.",Structural/context only,,
EXP-106,2026-08-25T14:47:22-0700,2026-08-17,no,Centre for Long-Term Resilience,"AI, catastrophic risk, biosecurity, and technology policy",EA-adjacent,UK,independent charity,https://80000hours.org/topic/top-recommended-organisations/,Risk policy research and field building.,candidate_universe_frozen_before_new_pay,yes,Centre for Long-Term Resilience,,2022,,903000,19,https://securesustain.org/abstract/centre-for-long-term-resilience/,Public Form 990 rendering or organization/sector profile,2026-08-25,verified_structural,"Strong risk-policy function but UK labor market; public 2022 budget was GBP 903k and 19 staff, below RP scale.",29,5,12,14,2,1,100,63.0,Structural/context only,no,no,not_poolable_without_structure_resolution,"Scores use only mission/operating model, scale, EA affinity, structure, and geography. Compensation is excluded from every component.",Structural/context only,,
EXP-144,2026-08-25T14:47:22-0700,2026-08-17,no,eLife Sciences Publications,"Research, evaluation, philanthropy infrastructure, and policy",functional-only,US/UK,international nonprofit,https://projects.propublica.org/nonprofits/,Open science publishing; entity and geography complexity.,candidate_universe_frozen_before_new_pay,yes,eLife Sciences Publications,45-3588477,2024-12,8521832,8281693,0,https://www.causeiq.com/organizations/elife-sciences-publications%2C453588477/,Cause IQ filing profile (IRS-derived),2026-08-25,verified_structural,"Strong research-communication match; US filing reports zero employees because operations are principally in the United Kingdom, so the filing headcount is not comparable.",24,25,0,7,2,3,100,61.0,Structural/context only,no,no,not_poolable_without_structure_resolution,"Scores use only mission/operating model, scale, EA affinity, structure, and geography. Compensation is excluded from every component.",Structural/context only,,
EXP-149,2026-08-25T14:47:22-0700,2026-08-17,no,Pew Research Center,"Research, evaluation, philanthropy infrastructure, and policy",functional-only,US,independent nonprofit,https://projects.propublica.org/nonprofits/,Large research organization.,candidate_universe_frozen_before_new_pay,yes,Pew Research Center,20-0881724,2025-06,46263769,48184088,195,https://www.causeiq.com/organizations/pew-research-center%2C200881724/,Cause IQ filing profile (IRS-derived),2026-08-25,verified_candidate,"Excellent nonpartisan data and research match; above scale and subordinate to The Pew Charitable Trusts, requiring scale and structure discounts.",29,12,6,7,3,3,100,60.0,Structural/context only,no,no,not_poolable_without_structure_resolution,"Scores use only mission/operating model, scale, EA affinity, structure, and geography. Compensation is excluded from every component.",Structural/context only,,
EXP-013,2026-08-25T14:47:22-0700,2026-08-17,no,Navigation Fund,EA infrastructure and effective giving,EA-core,US,nonprofit funder,https://forum.effectivealtruism.org/posts/dm2uawLLeLbY8WNKM/updates-on-the-effective-giving-ecosystem-mcf-2025-memo,EA-adjacent evaluator/funder; grantmaking-dominated sensitivity.,candidate_universe_frozen_before_new_pay,yes,The Navigation Fund,92-1117448,2024-12,18953079,39324574,7,https://www.causeiq.com/organizations/further-future-foundation%2C921117448/,Cause IQ filing-derived profile,2026-08-25,verified_structural,EA-adjacent public foundation; grantmaking-dominated with $39.3M expenses and seven staff; contextual only.,22,12,0,20,2,3,100,59.0,Structural/context only,no,no,not_poolable_without_structure_resolution,"Scores use only mission/operating model, scale, EA affinity, structure, and geography. Compensation is excluded from every component.",Structural/context only,,
EXP-101,2026-08-25T14:47:22-0700,2026-08-17,no,Epoch AI,"AI, catastrophic risk, biosecurity, and technology policy",EA-adjacent,US/international,nonprofit or fiscally sponsored,https://80000hours.org/topic/top-recommended-organisations/,AI trends research; entity structure to verify.,candidate_universe_frozen_before_new_pay,yes,Epoch Artificial Intelligence,99-4050541,2024-12,180010,84231,,https://www.causeiq.com/organizations/epoch-artificial-intelligence%2C994050541/,Public Form 990 rendering or organization/sector profile,2026-08-25,verified_structural,"Operating name is highly relevant, but 2024 was a new 990-EZ entity and public grant records indicate prior/related fiscal-host flows; current legal-entity figures do not represent mature operating scale.",30,0,,14,2,3,85,57.6,Structural/context only,no,no,not_poolable_without_structure_resolution,"Scores use only mission/operating model, scale, EA affinity, structure, and geography. Compensation is excluded from every component.",Structural/context only,,
EXP-069,2026-08-25T14:47:22-0700,2026-08-17,no,Animal Outlook,Animal welfare and food systems,EA-adjacent,US,independent nonprofit,https://forum.effectivealtruism.org/topics/organizations-and-projects-in-effective-altruism,"Advocacy, investigations, and legal work.",candidate_universe_frozen_before_new_pay,yes,Animal Outlook Inc,52-2034417,2024-12,1769327,1506770,13,https://projects.propublica.org/nonprofits/organizations/522034417,Public Form 990 rendering (Cause IQ or ProPublica),2026-08-25,verified_below_scale,Topically relevant but below wider expense and staff thresholds; 2024 leadership transition also complicates pay observation.,15,12,6,14,4,3,100,54.0,Structural/context only,no,no,not_poolable_without_structure_resolution,"Scores use only mission/operating model, scale, EA affinity, structure, and geography. Compensation is excluded from every component.",Structural/context only,,
EXP-051,2026-08-25T14:47:22-0700,2026-08-17,no,The END Fund,"Global health, development, and evidence",EA-adjacent,US/international,independent nonprofit,https://forum.effectivealtruism.org/topics/organizations-and-projects-in-effective-altruism,Grantmaking and program coordination; pass-through sensitivity.,candidate_universe_frozen_before_new_pay,yes,The END Fund,27-3941186,2024-12,62672882,74181557,44,https://www.causeiq.com/organizations/the-end-fund%2C273941186/,Cause IQ filing-derived profile,2026-08-25,verified_structural,EA-adjacent pooled fund and grant/program intermediary; staff matches but expense/pass-through scale is far above RP.,12,5,15,14,2,3,100,51.0,Structural/context only,no,no,not_poolable_without_structure_resolution,"Scores use only mission/operating model, scale, EA affinity, structure, and geography. Compensation is excluded from every component.",Structural/context only,,
EXP-039,2026-08-25T14:47:22-0700,2026-08-17,no,Against Malaria Foundation,"Global health, development, and evidence",EA-adjacent,US/UK,international charity,https://forum.effectivealtruism.org/topics/organizations-and-projects-in-effective-altruism,EA-recommended delivery charity; operating model differs.,candidate_universe_frozen_before_new_pay,yes,The Against Malaria Foundation US,20-3069841,2025-06,119395632,119155737,0,https://www.causeiq.com/organizations/the-against-malaria-foundation%2C203069841/,Cause IQ filing-derived profile,2026-08-25,verified_structural,US support/fundraising entity with no reported employees and pass-through/program distribution scale far above RP.,22,0,0,14,2,3,100,41.0,Structural/context only,no,no,not_poolable_without_structure_resolution,"Scores use only mission/operating model, scale, EA affinity, structure, and geography. Compensation is excluded from every component.",Structural/context only,,
EXP-032,2026-08-25T14:47:22-0700,2026-08-17,no,GiveDirectly,"Global health, development, and evidence",EA-adjacent,US/international,independent nonprofit,https://forum.effectivealtruism.org/topics/organizations-and-projects-in-effective-altruism,Evidence-based direct cash delivery; substantially delivery-heavy.,candidate_universe_frozen_before_new_pay,yes,GiveDirectly Inc,27-1661997,2024-12,206811067,130406116,110,https://www.causeiq.com/organizations/givedirectly%2C271661997/,Cause IQ filing-derived profile,2026-08-25,verified_structural,EA-adjacent direct-cash delivery organization; far above RP expense scale and delivery/pass-through dominated.,10,0,12,14,2,3,100,41.0,Structural/context only,no,no,not_poolable_without_structure_resolution,"Scores use only mission/operating model, scale, EA affinity, structure, and geography. Compensation is excluded from every component.",Structural/context only,,
EXP-089,2026-08-25T14:47:22-0700,2026-08-17,no,Global Animal Partnership,Animal welfare and food systems,EA-adjacent,US,independent nonprofit,https://forum.effectivealtruism.org/topics/organizations-and-projects-in-effective-altruism,Standards and certification; operating model differs.,candidate_universe_frozen_before_new_pay,yes,Global Animal Partnership,20-2234609,2024-12,967824,590690,0,https://www.causeiq.com/organizations/global-animal-partnership%2C202234609/,Cause IQ filing profile (IRS-derived),2026-08-25,verified_structural,"Public filing profile identifies a private-foundation structure with no reported employees. Retained as animal-standards context, not as a pooled operating-CEO comparator.",17,5,0,14,2,3,100,41.0,Structural/context only,no,no,not_poolable_without_structure_resolution,"Scores use only mission/operating model, scale, EA affinity, structure, and geography. Compensation is excluded from every component.",Structural/context only,,
EXP-141,2026-08-25T14:47:22-0700,2026-08-17,no,Science Philanthropy Alliance,"Research, evaluation, philanthropy infrastructure, and policy",functional-only,US,independent nonprofit,https://projects.propublica.org/nonprofits/,Research-philanthropy advisory and field building.,candidate_universe_frozen_before_new_pay,yes,Science Philanthropy Alliance,99-0395748,2024-12,3618693,54345,0,https://projects.propublica.org/nonprofits/organizations/990395748,ProPublica Nonprofit Explorer filing profile,2026-08-25,verified_structural,Public legal entity appears new or flow-through/hosted relative to operating program; reported expense and zero staff do not represent a comparable standalone operating scale.,27,0,0,7,2,3,100,39.0,Structural/context only,no,no,not_poolable_without_structure_resolution,"Scores use only mission/operating model, scale, EA affinity, structure, and geography. Compensation is excluded from every component.",Structural/context only,,
EXP-042,2026-08-25T14:47:22-0700,2026-08-17,no,Helen Keller Intl,"Global health, development, and evidence",EA-adjacent,US/international,independent nonprofit,https://forum.effectivealtruism.org/topics/organizations-and-projects-in-effective-altruism,Global health evidence and delivery; larger-scale sensitivity.,candidate_universe_frozen_before_new_pay,yes,Helen Keller International,13-5562162,2025-06,120225051,115343527,159,https://www.causeiq.com/organizations/helen-keller-international%2C135562162/,Cause IQ filing-derived profile,2026-08-25,verified_structural,"Large international field-delivery organization, above wider expense and headcount bands.",12,0,6,14,2,3,100,37.0,Structural/context only,no,no,not_poolable_without_structure_resolution,"Scores use only mission/operating model, scale, EA affinity, structure, and geography. Compensation is excluded from every component.",Structural/context only,,
EXP-029,2026-08-25T14:47:22-0700,2026-08-17,no,Good Ventures Foundation,EA infrastructure and effective giving,EA-core,US,private foundation,https://forum.effectivealtruism.org/posts/dm2uawLLeLbY8WNKM/updates-on-the-effective-giving-ecosystem-mcf-2025-memo,EA-aligned grantmaker; private-foundation and grantmaking sensitivity only.,candidate_universe_frozen_before_new_pay,yes,Good Ventures Foundation,46-1008520,2025-06,2597571672,369108718,0,https://www.causeiq.com/organizations/good-ventures-foundation%2C461008520/,Cause IQ filing-derived profile,2026-08-25,verified_structural,"Private foundation, Form 990-PF, grantmaking-dominated and many orders of magnitude above RP; context only.",10,0,0,20,0,3,100,33.0,Structural/context only,no,no,not_poolable_without_structure_resolution,"Scores use only mission/operating model, scale, EA affinity, structure, and geography. Compensation is excluded from every component.",Structural/context only,,
EXP-154,2026-08-25T14:47:22-0700,2026-08-17,no,Federal Funds Information for States,"Research, evaluation, philanthropy infrastructure, and policy",functional-only,US,independent nonprofit,https://projects.propublica.org/nonprofits/,Research/data subscription organization; original secondary ad peer.,candidate_universe_frozen_before_new_pay,yes,Federal Funds Information for States,52-1983424,2025-06,1032580,939797,5,https://www.causeiq.com/organizations/federal-funds-information-for-states%2C521983424/,Cause IQ filing profile (IRS-derived),2026-08-25,verified_below_scale,Excellent research/data and executive-scope match but far below RP on budget and staff.,29,5,0,7,7,3,100,51.0,Screened out after verification,no,yes,not_selected_for_compensation_extraction,"Scores use only mission/operating model, scale, EA affinity, structure, and geography. Compensation is excluded from every component.",Screened out after verification,,
EXP-057,2026-08-25T14:47:22-0700,2026-08-17,no,Copenhagen Consensus Center USA,"Global health, development, and evidence",EA-adjacent,US/international,independent nonprofit,https://forum.effectivealtruism.org/topics/organizations-and-projects-in-effective-altruism,Cost-effectiveness research and policy communication.,candidate_universe_frozen_before_new_pay,yes,Copenhagen Consensus Center USA,26-1214521,2024-12,920765,1187335,1,https://www.causeiq.com/organizations/copenhagen-consensus-center-usa%2C261214521/,Cause IQ filing-derived profile,2026-08-25,verified_below_scale,EA-adjacent research think tank; materially below RP scale and founder-led.,22,5,0,14,5,3,100,49.0,Screened out after verification,no,yes,not_selected_for_compensation_extraction,"Scores use only mission/operating model, scale, EA affinity, structure, and geography. Compensation is excluded from every component.",Screened out after verification,,
EXP-077,2026-08-25T14:47:22-0700,2026-08-17,no,Fish Welfare Initiative,Animal welfare and food systems,EA-adjacent,international,independent nonprofit,https://forum.effectivealtruism.org/topics/organizations-and-projects-in-effective-altruism,EA-aligned field research and interventions; non-US.,candidate_universe_frozen_before_new_pay,yes,Fish Welfare Initiative,85-2065536,2025-12,1245609,702529,1,https://www.causeiq.com/organizations/fish-welfare-initiative%2C852065536/,Public Form 990 rendering (Cause IQ or ProPublica),2026-08-25,verified_below_scale,EA-adjacent research/implementation work but far below scale and reported US headcount.,22,5,0,14,7,1,100,49.0,Screened out after verification,no,yes,not_selected_for_compensation_extraction,"Scores use only mission/operating model, scale, EA affinity, structure, and geography. Compensation is excluded from every component.",Screened out after verification,,
EXP-157,2026-08-25T14:47:22-0700,2026-08-17,no,National Academy of Social Insurance,"Research, evaluation, philanthropy infrastructure, and policy",functional-only,US,independent nonprofit,https://projects.propublica.org/nonprofits/,Research and policy field building.,candidate_universe_frozen_before_new_pay,yes,National Academy of Social Insurance,52-1451753,2025-06,2077784,1409816,5,https://www.causeiq.com/organizations/national-academy-of-social-insurance%2C521451753/,Cause IQ filing profile (IRS-derived),2026-08-25,verified_below_scale,"Research, expert-convening, and policy-analysis match but materially below scale.",27,5,0,7,7,3,100,49.0,Screened out after verification,no,no,not_selected_for_compensation_extraction,"Scores use only mission/operating model, scale, EA affinity, structure, and geography. Compensation is excluded from every component.",Screened out after verification,,
EXP-147,2026-08-25T14:47:22-0700,2026-08-17,no,MDRC,"Research, evaluation, philanthropy infrastructure, and policy",functional-only,US,independent nonprofit,https://projects.propublica.org/nonprofits/,Large applied social-policy research organization.,candidate_universe_frozen_before_new_pay,yes,MDRC,23-7379473,2024-12,89342277,93933340,361,https://www.causeiq.com/organizations/manpower-demonstration-research-corporation%2C237379473/,Cause IQ filing profile (IRS-derived),2026-08-25,verified_candidate,"Very strong evidence, evaluation, and policy-research match, but several times RP core scale; retained as a large-organization sensitivity.",30,0,0,7,7,3,100,47.0,Screened out after verification,no,no,not_selected_for_compensation_extraction,"Scores use only mission/operating model, scale, EA affinity, structure, and geography. Compensation is excluded from every component.",Screened out after verification,,
EXP-146,2026-08-25T14:47:22-0700,2026-08-17,no,Center for Scientific Integrity,"Research, evaluation, philanthropy infrastructure, and policy",functional-only,US,independent nonprofit,https://projects.propublica.org/nonprofits/,Research integrity journalism/data; likely below scale.,candidate_universe_frozen_before_new_pay,yes,Center for Scientific Integrity,47-2485133,2024-12,429108,407042,4,https://www.causeiq.com/organizations/center-for-scientific-integrity%2C472485133/,Cause IQ filing profile (IRS-derived),2026-08-25,verified_below_scale,Excellent scientific-integrity topic match but far below RP on budget and headcount.,29,0,0,7,7,3,100,46.0,Screened out after verification,no,yes,not_selected_for_compensation_extraction,"Scores use only mission/operating model, scale, EA affinity, structure, and geography. Compensation is excluded from every component.",Screened out after verification,,
EXP-148,2026-08-25T14:47:22-0700,2026-08-17,no,Urban Institute,"Research, evaluation, philanthropy infrastructure, and policy",functional-only,US,independent nonprofit,https://projects.propublica.org/nonprofits/,Large research and policy organization.,candidate_universe_frozen_before_new_pay,yes,Urban Institute,52-0880375,2024-12,129592450,148463835,748,https://www.causeiq.com/organizations/urban-institute%2C520880375/,Cause IQ filing profile (IRS-derived),2026-08-25,verified_candidate,Strong research-to-action and advisory match but far above scale; low-weight upper-scale sensitivity only.,29,0,0,7,7,3,100,46.0,Screened out after verification,no,no,not_selected_for_compensation_extraction,"Scores use only mission/operating model, scale, EA affinity, structure, and geography. Compensation is excluded from every component.",Screened out after verification,,
EXP-003,2026-08-25T14:47:22-0700,2026-08-17,no,"80,000 Hours",EA infrastructure and effective giving,EA-core,UK/US,project within Effective Ventures,https://forum.effectivealtruism.org/posts/dm2uawLLeLbY8WNKM/updates-on-the-effective-giving-ecosystem-mcf-2025-memo,Structural comparator; project leadership is subordinate to umbrella governance.,candidate_universe_frozen_before_new_pay,yes,,,,,,,,,,not_searched,,,,,,,,,,Not yet verified,no,no,not_started,Candidate remains in frozen universe but scale/structure verification was not completed in this expansion pass.,Frozen candidate; verification pending,,
EXP-037,2026-08-25T14:47:22-0700,2026-08-17,no,Abdul Latif Jameel Poverty Action Lab,"Global health, development, and evidence",EA-adjacent,US/international,university center,https://forum.effectivealtruism.org/topics/organizations-and-projects-in-effective-altruism,Strong research match but university-parent compensation system.,candidate_universe_frozen_before_new_pay,yes,,,,,,,,,,not_searched,,,,,,,,,,Not yet verified,no,no,not_started,Candidate remains in frozen universe but scale/structure verification was not completed in this expansion pass.,Frozen candidate; verification pending,,
EXP-127,2026-08-25T14:47:22-0700,2026-08-17,no,Algorithmic Justice League,"AI, catastrophic risk, biosecurity, and technology policy",EA-adjacent,US,independent nonprofit,https://80000hours.org/topic/top-recommended-organisations/,AI accountability research and advocacy.,candidate_universe_frozen_before_new_pay,yes,,,,,,,,,,not_searched,,,,,,,,,,Not yet verified,no,no,not_started,Candidate remains in frozen universe but scale/structure verification was not completed in this expansion pass.,Frozen candidate; verification pending,,
EXP-016,2026-08-25T14:47:22-0700,2026-08-17,no,Ambitious Impact (formerly Charity Entrepreneurship),EA infrastructure and effective giving,EA-core,UK/international,independent charity,https://forum.effectivealtruism.org/posts/dm2uawLLeLbY8WNKM/updates-on-the-effective-giving-ecosystem-mcf-2025-memo,"EA-aligned research, incubation, and field building.",candidate_universe_frozen_before_new_pay,yes,,,,,,,,,,not_searched,,,,,,,,,,Not yet verified,no,no,not_started,Candidate remains in frozen universe but scale/structure verification was not completed in this expansion pass.,Frozen candidate; verification pending,,
EXP-081,2026-08-25T14:47:22-0700,2026-08-17,no,Animal Advocacy Careers,Animal welfare and food systems,EA-adjacent,UK/international,nonprofit/project,https://forum.effectivealtruism.org/topics/organizations-and-projects-in-effective-altruism,EA-aligned field building and research.,candidate_universe_frozen_before_new_pay,yes,,,,,,,,,,not_searched,,,,,,,,,,Not yet verified,no,no,not_started,Candidate remains in frozen universe but scale/structure verification was not completed in this expansion pass.,Frozen candidate; verification pending,,
EXP-080,2026-08-25T14:47:22-0700,2026-08-17,no,Animal Ask,Animal welfare and food systems,EA-adjacent,UK/international,nonprofit/project,https://forum.effectivealtruism.org/topics/organizations-and-projects-in-effective-altruism,EA-aligned research and advocacy incubation.,candidate_universe_frozen_before_new_pay,yes,,,,,,,,,,not_searched,,,,,,,,,,Not yet verified,no,no,not_started,Candidate remains in frozen universe but scale/structure verification was not completed in this expansion pass.,Frozen candidate; verification pending,,
EXP-020,2026-08-25T14:47:22-0700,2026-08-17,no,Ayuda Efectiva,EA infrastructure and effective giving,EA-core,Spain,independent nonprofit,https://forum.effectivealtruism.org/posts/dm2uawLLeLbY8WNKM/updates-on-the-effective-giving-ecosystem-mcf-2025-memo,Effective-giving evaluator/fundraiser.,candidate_universe_frozen_before_new_pay,yes,,,,,,,,,,not_searched,,,,,,,,,,Not yet verified,no,no,not_started,Candidate remains in frozen universe but scale/structure verification was not completed in this expansion pass.,Frozen candidate; verification pending,,
EXP-084,2026-08-25T14:47:22-0700,2026-08-17,no,Cellular Agriculture Society,Animal welfare and food systems,EA-adjacent,US/international,independent nonprofit,https://forum.effectivealtruism.org/topics/organizations-and-projects-in-effective-altruism,Research and field building.,candidate_universe_frozen_before_new_pay,yes,,,,,,,,,,not_searched,,,,,,,,,,Not yet verified,no,no,not_started,Candidate remains in frozen universe but scale/structure verification was not completed in this expansion pass.,Frozen candidate; verification pending,,
EXP-002,2026-08-25T14:47:22-0700,2026-08-17,no,Centre for Effective Altruism,EA infrastructure and effective giving,EA-core,UK/US,project within Effective Ventures,https://forum.effectivealtruism.org/posts/dm2uawLLeLbY8WNKM/updates-on-the-effective-giving-ecosystem-mcf-2025-memo,Structural comparator; no separate US organization-wide CEO observation expected.,candidate_universe_frozen_before_new_pay,yes,,,,,,,,,,not_searched,,,,,,,,,,Not yet verified,no,no,not_started,Candidate remains in frozen universe but scale/structure verification was not completed in this expansion pass.,Frozen candidate; verification pending,,
EXP-017,2026-08-25T14:47:22-0700,2026-08-17,no,Charity Science Foundation,EA infrastructure and effective giving,EA-core,Canada,independent charity,https://forum.effectivealtruism.org/posts/dm2uawLLeLbY8WNKM/updates-on-the-effective-giving-ecosystem-mcf-2025-memo,EA-aligned charity research/incubation; current operating status to verify.,candidate_universe_frozen_before_new_pay,yes,,,,,,,,,,not_searched,,,,,,,,,,Not yet verified,no,no,not_started,Candidate remains in frozen universe but scale/structure verification was not completed in this expansion pass.,Frozen candidate; verification pending,,
EXP-079,2026-08-25T14:47:22-0700,2026-08-17,no,Crustacean Compassion,Animal welfare and food systems,EA-adjacent,UK,independent charity,https://forum.effectivealtruism.org/topics/organizations-and-projects-in-effective-altruism,Research and policy advocacy; non-US.,candidate_universe_frozen_before_new_pay,yes,,,,,,,,,,not_searched,,,,,,,,,,Not yet verified,no,no,not_started,Candidate remains in frozen universe but scale/structure verification was not completed in this expansion pass.,Frozen candidate; verification pending,,
EXP-021,2026-08-25T14:47:22-0700,2026-08-17,no,Doebem,EA infrastructure and effective giving,EA-core,Brazil,independent nonprofit,https://forum.effectivealtruism.org/posts/dm2uawLLeLbY8WNKM/updates-on-the-effective-giving-ecosystem-mcf-2025-memo,Effective-giving evaluator/fundraiser.,candidate_universe_frozen_before_new_pay,yes,,,,,,,,,,not_searched,,,,,,,,,,Not yet verified,no,no,not_started,Candidate remains in frozen universe but scale/structure verification was not completed in this expansion pass.,Frozen candidate; verification pending,,
EXP-024,2026-08-25T14:47:22-0700,2026-08-17,no,Effective Altruism Australia,EA infrastructure and effective giving,EA-core,Australia,independent charity,https://forum.effectivealtruism.org/posts/dm2uawLLeLbY8WNKM/updates-on-the-effective-giving-ecosystem-mcf-2025-memo,National effective-giving and EA infrastructure organization.,candidate_universe_frozen_before_new_pay,yes,,,,,,,,,,not_searched,,,,,,,,,,Not yet verified,no,no,not_started,Candidate remains in frozen universe but scale/structure verification was not completed in this expansion pass.,Frozen candidate; verification pending,,
EXP-027,2026-08-25T14:47:22-0700,2026-08-17,no,Effective Altruism France,EA infrastructure and effective giving,EA-core,France,independent nonprofit,https://forum.effectivealtruism.org/posts/dm2uawLLeLbY8WNKM/updates-on-the-effective-giving-ecosystem-mcf-2025-memo,National EA infrastructure organization.,candidate_universe_frozen_before_new_pay,yes,,,,,,,,,,not_searched,,,,,,,,,,Not yet verified,no,no,not_started,Candidate remains in frozen universe but scale/structure verification was not completed in this expansion pass.,Frozen candidate; verification pending,,
EXP-005,2026-08-25T14:47:22-0700,2026-08-17,no,Effective Altruism Funds,EA infrastructure and effective giving,EA-core,UK/US,project within Effective Ventures,https://forum.effectivealtruism.org/posts/dm2uawLLeLbY8WNKM/updates-on-the-effective-giving-ecosystem-mcf-2025-memo,Grantmaking project; likely structural or grantmaking sensitivity.,candidate_universe_frozen_before_new_pay,yes,,,,,,,,,,not_searched,,,,,,,,,,Not yet verified,no,no,not_started,Candidate remains in frozen universe but scale/structure verification was not completed in this expansion pass.,Frozen candidate; verification pending,,
EXP-025,2026-08-25T14:47:22-0700,2026-08-17,no,Effective Altruism Germany,EA infrastructure and effective giving,EA-core,Germany,independent nonprofit,https://forum.effectivealtruism.org/posts/dm2uawLLeLbY8WNKM/updates-on-the-effective-giving-ecosystem-mcf-2025-memo,National EA infrastructure organization.,candidate_universe_frozen_before_new_pay,yes,,,,,,,,,,not_searched,,,,,,,,,,Not yet verified,no,no,not_started,Candidate remains in frozen universe but scale/structure verification was not completed in this expansion pass.,Frozen candidate; verification pending,,
EXP-026,2026-08-25T14:47:22-0700,2026-08-17,no,Effective Altruism Netherlands,EA infrastructure and effective giving,EA-core,Netherlands,independent nonprofit,https://forum.effectivealtruism.org/posts/dm2uawLLeLbY8WNKM/updates-on-the-effective-giving-ecosystem-mcf-2025-memo,National EA infrastructure organization.,candidate_universe_frozen_before_new_pay,yes,,,,,,,,,,not_searched,,,,,,,,,,Not yet verified,no,no,not_started,Candidate remains in frozen universe but scale/structure verification was not completed in this expansion pass.,Frozen candidate; verification pending,,
EXP-018,2026-08-25T14:47:22-0700,2026-08-17,no,Effective Thesis,EA infrastructure and effective giving,EA-core,international,nonprofit/project,https://forum.effectivealtruism.org/posts/dm2uawLLeLbY8WNKM/updates-on-the-effective-giving-ecosystem-mcf-2025-memo,EA-aligned research-career field building; entity and scale to verify.,candidate_universe_frozen_before_new_pay,yes,,,,,,,,,,not_searched,,,,,,,,,,Not yet verified,no,no,not_started,Candidate remains in frozen universe but scale/structure verification was not completed in this expansion pass.,Frozen candidate; verification pending,,
EXP-001,2026-08-25T14:47:22-0700,2026-08-17,no,Effective Ventures Foundation USA,EA infrastructure and effective giving,EA-core,US,umbrella nonprofit,https://forum.effectivealtruism.org/posts/dm2uawLLeLbY8WNKM/updates-on-the-effective-giving-ecosystem-mcf-2025-memo,US legal host for multiple EA projects; organization-level observation may not map to a single project CEO.,candidate_universe_frozen_before_new_pay,yes,,,,,,,,,,not_searched,,,,,,,,,,Not yet verified,no,no,not_started,Candidate remains in frozen universe but scale/structure verification was not completed in this expansion pass.,Frozen candidate; verification pending,,
EXP-022,2026-08-25T14:47:22-0700,2026-08-17,no,Effektiv Spenden,EA infrastructure and effective giving,EA-core,Germany,independent nonprofit,https://forum.effectivealtruism.org/posts/dm2uawLLeLbY8WNKM/updates-on-the-effective-giving-ecosystem-mcf-2025-memo,Effective-giving evaluator/fundraiser.,candidate_universe_frozen_before_new_pay,yes,,,,,,,,,,not_searched,,,,,,,,,,Not yet verified,no,no,not_started,Candidate remains in frozen universe but scale/structure verification was not completed in this expansion pass.,Frozen candidate; verification pending,,
EXP-128,2026-08-25T14:47:22-0700,2026-08-17,no,Encode Justice,"AI, catastrophic risk, biosecurity, and technology policy",EA-adjacent,US/international,independent nonprofit,https://80000hours.org/topic/top-recommended-organisations/,Youth-led AI policy and advocacy; likely below scale.,candidate_universe_frozen_before_new_pay,yes,,,,,,,,,,not_searched,,,,,,,,,,Not yet verified,no,no,not_started,Candidate remains in frozen universe but scale/structure verification was not completed in this expansion pass.,Frozen candidate; verification pending,,
EXP-028,2026-08-25T14:47:22-0700,2026-08-17,no,FarmKind,EA infrastructure and effective giving,EA-core,Australia/international,nonprofit/project,https://forum.effectivealtruism.org/posts/dm2uawLLeLbY8WNKM/updates-on-the-effective-giving-ecosystem-mcf-2025-memo,Animal-focused effective-giving evaluator/fundraiser.,candidate_universe_frozen_before_new_pay,yes,,,,,,,,,,not_searched,,,,,,,,,,Not yet verified,no,no,not_started,Candidate remains in frozen universe but scale/structure verification was not completed in this expansion pass.,Frozen candidate; verification pending,,
EXP-050,2026-08-25T14:47:22-0700,2026-08-17,no,Food Fortification Initiative,"Global health, development, and evidence",EA-adjacent,US/international,independent nonprofit,https://forum.effectivealtruism.org/topics/organizations-and-projects-in-effective-altruism,Technical assistance and policy field building.,candidate_universe_frozen_before_new_pay,yes,,,,,,,,,,not_searched,,,,,,,,,,Not yet verified,no,no,not_started,Candidate remains in frozen universe but scale/structure verification was not completed in this expansion pass.,Frozen candidate; verification pending,,
EXP-023,2026-08-25T14:47:22-0700,2026-08-17,no,GiEffektivt,EA infrastructure and effective giving,EA-core,Norway,independent nonprofit,https://forum.effectivealtruism.org/posts/dm2uawLLeLbY8WNKM/updates-on-the-effective-giving-ecosystem-mcf-2025-memo,Effective-giving evaluator/fundraiser.,candidate_universe_frozen_before_new_pay,yes,,,,,,,,,,not_searched,,,,,,,,,,Not yet verified,no,no,not_started,Candidate remains in frozen universe but scale/structure verification was not completed in this expansion pass.,Frozen candidate; verification pending,,
EXP-014,2026-08-25T14:47:22-0700,2026-08-17,no,Giving Green,EA infrastructure and effective giving,EA-core,US,nonprofit or project,https://forum.effectivealtruism.org/posts/dm2uawLLeLbY8WNKM/updates-on-the-effective-giving-ecosystem-mcf-2025-memo,Climate charity evaluator; legal host and independent leadership to verify.,candidate_universe_frozen_before_new_pay,yes,,,,,,,,,,not_searched,,,,,,,,,,Not yet verified,no,no,not_started,Candidate remains in frozen universe but scale/structure verification was not completed in this expansion pass.,Frozen candidate; verification pending,,
EXP-011,2026-08-25T14:47:22-0700,2026-08-17,no,Giving Multiplier,EA infrastructure and effective giving,EA-core,US,nonprofit or fiscally sponsored,https://forum.effectivealtruism.org/posts/dm2uawLLeLbY8WNKM/updates-on-the-effective-giving-ecosystem-mcf-2025-memo,Effective-giving platform; legal structure and scale to verify.,candidate_universe_frozen_before_new_pay,yes,,,,,,,,,,not_searched,,,,,,,,,,Not yet verified,no,no,not_started,Candidate remains in frozen universe but scale/structure verification was not completed in this expansion pass.,Frozen candidate; verification pending,,
EXP-004,2026-08-25T14:47:22-0700,2026-08-17,no,Giving What We Can,EA infrastructure and effective giving,EA-core,UK/US,project within Effective Ventures,https://forum.effectivealtruism.org/posts/dm2uawLLeLbY8WNKM/updates-on-the-effective-giving-ecosystem-mcf-2025-memo,Structural comparator; project leadership is subordinate to umbrella governance.,candidate_universe_frozen_before_new_pay,yes,,,,,,,,,,not_searched,,,,,,,,,,Not yet verified,no,no,not_started,Candidate remains in frozen universe but scale/structure verification was not completed in this expansion pass.,Frozen candidate; verification pending,,
EXP-048,2026-08-25T14:47:22-0700,2026-08-17,no,Global Alliance for Improved Nutrition USA,"Global health, development, and evidence",EA-adjacent,US/international,international nonprofit affiliate,https://forum.effectivealtruism.org/topics/organizations-and-projects-in-effective-altruism,"Research, policy, and delivery; entity complexity.",candidate_universe_frozen_before_new_pay,yes,,,,,,,,,,not_searched,,,,,,,,,,Not yet verified,no,no,not_started,Candidate remains in frozen universe but scale/structure verification was not completed in this expansion pass.,Frozen candidate; verification pending,,
EXP-015,2026-08-25T14:47:22-0700,2026-08-17,no,Happier Lives Institute,EA infrastructure and effective giving,EA-core,UK,independent charity,https://forum.effectivealtruism.org/posts/dm2uawLLeLbY8WNKM/updates-on-the-effective-giving-ecosystem-mcf-2025-memo,EA-aligned wellbeing research and charity evaluation.,candidate_universe_frozen_before_new_pay,yes,,,,,,,,,,not_searched,,,,,,,,,,Not yet verified,no,no,not_started,Candidate remains in frozen universe but scale/structure verification was not completed in this expansion pass.,Frozen candidate; verification pending,,
EXP-049,2026-08-25T14:47:22-0700,2026-08-17,no,Iodine Global Network,"Global health, development, and evidence",EA-adjacent,Canada/international,independent nonprofit,https://forum.effectivealtruism.org/topics/organizations-and-projects-in-effective-altruism,"Technical research, standards, and policy support.",candidate_universe_frozen_before_new_pay,yes,,,,,,,,,,not_searched,,,,,,,,,,Not yet verified,no,no,not_started,Candidate remains in frozen universe but scale/structure verification was not completed in this expansion pass.,Frozen candidate; verification pending,,
EXP-130,2026-08-25T14:47:22-0700,2026-08-17,no,Mozilla Foundation,"AI, catastrophic risk, biosecurity, and technology policy",EA-adjacent,US/international,independent nonprofit,https://80000hours.org/topic/top-recommended-organisations/,"Technology research, advocacy, and grantmaking; larger/complex.",candidate_universe_frozen_before_new_pay,yes,,,,,,,,,,not_searched,,,,,,,,,,Not yet verified,no,no,not_started,Candidate remains in frozen universe but scale/structure verification was not completed in this expansion pass.,Frozen candidate; verification pending,,
EXP-041,2026-08-25T14:47:22-0700,2026-08-17,no,New Incentives,"Global health, development, and evidence",EA-adjacent,US/Nigeria,independent nonprofit,https://forum.effectivealtruism.org/topics/organizations-and-projects-in-effective-altruism,EA-recommended delivery charity; likely smaller US legal entity.,candidate_universe_frozen_before_new_pay,yes,,,,,,,,,,not_searched,,,,,,,,,,Not yet verified,no,no,not_started,Candidate remains in frozen universe but scale/structure verification was not completed in this expansion pass.,Frozen candidate; verification pending,,
EXP-090,2026-08-25T14:47:22-0700,2026-08-17,no,ProVeg US,Animal welfare and food systems,EA-adjacent,US/international,international nonprofit affiliate,https://forum.effectivealtruism.org/topics/organizations-and-projects-in-effective-altruism,"Research, policy, and public engagement.",candidate_universe_frozen_before_new_pay,yes,,,,,,,,,,not_searched,,,,,,,,,,Not yet verified,no,no,not_started,Candidate remains in frozen universe but scale/structure verification was not completed in this expansion pass.,Frozen candidate; verification pending,,
EXP-086,2026-08-25T14:47:22-0700,2026-08-17,no,Reducetarian Foundation,Animal welfare and food systems,EA-adjacent,US,independent nonprofit,https://forum.effectivealtruism.org/topics/organizations-and-projects-in-effective-altruism,"Research, convening, and public education.",candidate_universe_frozen_before_new_pay,yes,,,,,,,,,,not_searched,,,,,,,,,,Not yet verified,no,no,not_started,Candidate remains in frozen universe but scale/structure verification was not completed in this expansion pass.,Frozen candidate; verification pending,,
EXP-078,2026-08-25T14:47:22-0700,2026-08-17,no,Shrimp Welfare Project,Animal welfare and food systems,EA-adjacent,UK/international,independent charity/project,https://forum.effectivealtruism.org/topics/organizations-and-projects-in-effective-altruism,EA-aligned research and interventions; non-US.,candidate_universe_frozen_before_new_pay,yes,,,,,,,,,,not_searched,,,,,,,,,,Not yet verified,no,no,not_started,Candidate remains in frozen universe but scale/structure verification was not completed in this expansion pass.,Frozen candidate; verification pending,,
EXP-043,2026-08-25T14:47:22-0700,2026-08-17,no,Sightsavers Inc.,"Global health, development, and evidence",EA-adjacent,US/international,international nonprofit affiliate,https://forum.effectivealtruism.org/topics/organizations-and-projects-in-effective-altruism,EA-recommended delivery organization; affiliate/entity complexity.,candidate_universe_frozen_before_new_pay,yes,,,,,,,,,,not_searched,,,,,,,,,,Not yet verified,no,no,not_started,Candidate remains in frozen universe but scale/structure verification was not completed in this expansion pass.,Frozen candidate; verification pending,,
EXP-129,2026-08-25T14:47:22-0700,2026-08-17,no,Tech Policy Press,"AI, catastrophic risk, biosecurity, and technology policy",EA-adjacent,US,independent nonprofit,https://80000hours.org/topic/top-recommended-organisations/,Technology-policy journalism and research; likely below scale.,candidate_universe_frozen_before_new_pay,yes,,,,,,,,,,not_searched,,,,,,,,,,Not yet verified,no,no,not_started,Candidate remains in frozen universe but scale/structure verification was not completed in this expansion pass.,Frozen candidate; verification pending,,
EXP-054,2026-08-25T14:47:22-0700,2026-08-17,no,Vital Strategies,"Global health, development, and evidence",EA-adjacent,US/international,independent nonprofit,https://forum.effectivealtruism.org/topics/organizations-and-projects-in-effective-altruism,"Public-health research, policy, and technical assistance; larger scale likely.",candidate_universe_frozen_before_new_pay,yes,,,,,,,,,,not_searched,,,,,,,,,,Not yet verified,no,no,not_started,Candidate remains in frozen universe but scale/structure verification was not completed in this expansion pass.,Frozen candidate; verification pending,,
EXP-083,2026-08-25T14:47:22-0700,2026-08-17,no,Welfare Footprint Project,Animal welfare and food systems,EA-adjacent,international,nonprofit/project,https://forum.effectivealtruism.org/topics/organizations-and-projects-in-effective-altruism,Research and measurement; entity to verify.,candidate_universe_frozen_before_new_pay,yes,,,,,,,,,,not_searched,,,,,,,,,,Not yet verified,no,no,not_started,Candidate remains in frozen universe but scale/structure verification was not completed in this expansion pass.,Frozen candidate; verification pending,,
