source_id,organization,document_type,original_url,resolved_url,retrieval_timestamp,local_archive_path,mime_type,byte_length,sha256,tax_period,ein,irs_object_id,provenance_class,upstream_provenance,extraction_location,validation_notes
SRC-AD-ALLCHICAGO,All Chicago Making Homelessness History,CEO/ED recruitment advertisement,https://allchicago.org/,https://allchicago.org/,2026-08-17T18:45:00-07:00,sources/raw/src-ad-allchicago.txt,text/plain; charset=utf-8,1172,f794b1f8eee006475dc110f9543d41c193a9e88a348e599f41f49f57b20b1832,,,,derivative,discovery result,discovery search; full source not retained,Derivative snapshot only; source-native byte retrieval failed. Facts cross-checked against browser-rendered source and arithmetic where applicable.
SRC-AD-ANDYHILL-2026,Andy Hill Cancer Research Endowment (CARE) Fund,CEO/ED recruitment advertisement,https://careers.councilofnonprofits.org/jobs/executive-director-in-bothell-washington-us/,https://careers.councilofnonprofits.org/jobs/executive-director-in-bothell-washington-us/,2026-08-25T16:45:00-0700,sources/raw/src-ad-andyhill-2026.txt,text/plain; charset=utf-8,2064,28c8d619e349408d7c3afe0383b2a4f6e13e29b2877f81eeaffed96280c358cc,,,,derivative,source-native nonprofit job board cached rendering,turn341398search1; turn118965search8,Full job-board content was available in search cache but the live page later redirected after expiry; cached facts and original URL preserved.
SRC-AD-APPLESEED-2026,Appleseed Foundation,CEO/ED recruitment advertisement,https://remoteimpact.org/jobs/executive-director-appleseed-foundation/,https://remoteimpact.org/jobs/executive-director-appleseed-foundation/,2026-08-25T16:20:00-0700,sources/raw/src-ad-appleseed-2026.txt,text/plain; charset=utf-8,1641,9b676014c65360b980750736e4caf3a629239136252f52443ce54f83d61fe2b3,,,,derivative,complete third-party copy,turn970460view2 lines 28-81,Complete mirror; no accessible budget or staff figure.
SRC-AD-CSCCE,Center for Scientific Collaboration and Community Engagement,CEO/ED recruitment advertisement,https://www.cscce.org/,https://www.cscce.org/,2026-08-17T18:45:00-07:00,sources/raw/src-ad-cscce.txt,text/plain; charset=utf-8,1216,001a654d7913e1a3ba2dab1fadb3cc28d8b06f28bdf06b3fdb671713a9e808ab,,,,derivative,discovery result,discovery search; full source not retained,Derivative snapshot only; source-native byte retrieval failed. Facts cross-checked against browser-rendered source and arithmetic where applicable.
SRC-AD-CHAPA-AMBIG,Citizens Housing and Planning Association,CEO/ED recruitment advertisement,https://commonwealthbeacon.org/job/citizens-housing-and-planning-association-boston-full-time-chief-executive-officer/,https://commonwealthbeacon.org/job/citizens-housing-and-planning-association-boston-full-time-chief-executive-officer/,2026-08-25T16:20:00-0700,sources/raw/src-ad-chapa-ambiguous.txt,text/plain; charset=utf-8,1990,ee9bd5a2d4a3d3d8d878ce4d01a5f3651929105904be186153ddf2afae9841e9,,,,derivative,complete third-party copy,turn542118view0 lines 137-150; turn542118view2 lines 261-271,"Page published February 2026, but process says February-April 2025 interviews and May 2025 start."
SRC-AD-CETI,Clean Energy Transition Institute,CEO/ED recruitment advertisement,https://www.cleanenergytransition.org/,https://www.cleanenergytransition.org/,2026-08-17T18:45:00-07:00,sources/raw/src-ad-ceti.txt,text/plain; charset=utf-8,1165,7ba69f8146c672180f797b517db7ca01ad37d6b4e7aa64d6b6a956bd80e1ed70,,,,derivative,discovery result,discovery search; full source not retained,Derivative snapshot only; source-native byte retrieval failed. Facts cross-checked against browser-rendered source and arithmetic where applicable.
SRC-AD-CFL-2026,Community Foundation of Louisville,CEO/ED recruitment advertisement,https://pac.org/job/chief-executive-officer-4,https://pac.org/job/chief-executive-officer-4,2026-08-25T16:20:00-0700,sources/raw/src-ad-cfl-2026.txt,text/plain; charset=utf-8,1478,a26748a65d80997423bcefb3cf1d2ad5f7ae6bf1216297903a489b744c11c9d5,,,,derivative,recruiter complete copy,"turn562106view0 lines 46-60, 72-118",Complete posting.
SRC-AD-DRW,Disability Rights Washington,CEO/ED recruitment advertisement,https://www.disabilityrightswa.org/,https://www.disabilityrightswa.org/,2026-08-17T18:45:00-07:00,sources/raw/src-ad-drw.txt,text/plain; charset=utf-8,1155,06621b6ff105d0b0a07d79dbd19735d3bf533910e0f554c54d5d78cd9961ac41,,,,derivative,discovery result,discovery search; full source not retained,Derivative snapshot only; source-native byte retrieval failed. Facts cross-checked against browser-rendered source and arithmetic where applicable.
SRC-AD-DREAM-2026,Dream.Org,CEO/ED recruitment advertisement,https://www.nonprofitoperations.com/job-submissions/chief-executive-officer-/dream.org-,https://www.nonprofitoperations.com/job-submissions/chief-executive-officer-/dream.org-,2026-08-25T16:20:00-0700,sources/raw/src-ad-dream-2026.txt,text/plain; charset=utf-8,1753,077173888ba4b55629b6b6bc3f4900f444881d67f70be8ec15ae65861f79ac95,,,,derivative,recruiter/job-board complete copy,"turn970460view1 lines 18-63, 76-115, 181-195",Detailed body range controls over conflicting header range; conflict retained.
SRC-AD-ELP-2026,Environmental Leadership Program,CEO/ED recruitment advertisement,https://elpnet.org/executive-director-position,https://elpnet.org/executive-director-position,2026-08-17T18:45:00-07:00,sources/raw/src-ad-elp-2026.txt,text/plain; charset=utf-8,1220,9662986218fbc143eaf4ee6489ab943b0b60d32a6518c6b88375288ede6c9c7f,,,,derivative,discovery result,turn663171search0,Derivative snapshot only; source-native byte retrieval failed. Facts cross-checked against browser-rendered source and arithmetic where applicable.
SRC-AD-FFIS-2026,Federal Funds Information for States,CEO/ED recruitment advertisement,https://recruiting.paylocity.com/recruiting/jobs/Details/4336561/Federal-Funds-Information-for-States-Inc/Executive-Director-and-Executive-Editor,https://ffis.org/jobs/,2026-08-17T18:45:00-07:00,sources/raw/src-ad-ffis-2026.txt,text/plain; charset=utf-8,1413,dd3f7b3d11e715dc4ce2ffe344ba1b8147f5d8746f73d6328d5c4878ba882705,,,,derivative,employer plus source-native ATS copy,turn955421search3; turn955421search6; turn220517view3 L0-L4,Derivative snapshot only; source-native byte retrieval failed. Facts cross-checked against browser-rendered source and arithmetic where applicable.
SRC-AD-GBWN-2026,Great Basin Water Network,CEO/ED recruitment advertisement,https://careers.councilofnonprofits.org/jobs/executive-director-in-reno-nevada-us/,https://careers.councilofnonprofits.org/jobs/executive-director-in-reno-nevada-us/,2026-08-25T16:45:00-0700,sources/raw/src-ad-gbwn-2026.txt,text/plain; charset=utf-8,1978,bd21e7071fec4446d1af5e4d2dad9a80f646476cbbe461cd5578e06647f49c9b,,,,derivative,source-native nonprofit job board,turn596223view1 lines 18-45; scale corroboration turn341398search0,Complete job-board copy. Posting explicitly identifies the ED as the sole full-time employee.
SRC-AD-HAGLEY-2026,Hagley Museum and Library,CEO/ED recruitment advertisement,https://www.nonprofitoperations.com/job-submissions/chief-executive-officer-/hagley-museum-and-library-,https://www.nonprofitoperations.com/job-submissions/chief-executive-officer-/hagley-museum-and-library-,2026-08-25T16:20:00-0700,sources/raw/src-ad-hagley-2026.txt,text/plain; charset=utf-8,1830,cee5c439cb50929b29dcd1414f05552f9c2b60eae8d73d82f2ea2e10dac6e30f,,,,derivative,recruiter/job-board complete copy,turn562106view1 lines 18-72,Detailed body range controls over conflicting page header; both retained.
SRC-AD-HCAP-2026,Healthcare Career Advancement Program,CEO/ED recruitment advertisement,https://dailyremote.com/remote-job/h-cap-executive-director-4517350,https://careers.arena.run/companies/seiu-2/jobs/66223842-executive-director-h-cap,2026-08-27T12:53:03-07:00,sources/raw/src-ad-hcap-2026.txt,text/plain; charset=utf-8,1933,7185bdf78043af1b473a093480927237399ca701da8891d612b4a0c2bcc32f73,,,,derivative,complete lawful job-board mirror,saved Arena page visible text and embedded currentJob JSON,"Complete mirror text; salary, 13-person remote team, posting timestamp, and first-round cutoff explicit. Travel territory is not treated as an employee-residence restriction."
SRC-AD-INJUSTICEWATCH,Injustice Watch,CEO/ED recruitment advertisement,https://www.injusticewatch.org/,https://www.injusticewatch.org/,2026-08-17T18:45:00-07:00,sources/raw/src-ad-injusticewatch.txt,text/plain; charset=utf-8,1142,5dcf8ee7101a11eee766722264d566c11104862b1cdd6d03b243feb4f83970a5,,,,derivative,discovery result,discovery search; full source not retained,Derivative snapshot only; source-native byte retrieval failed. Facts cross-checked against browser-rendered source and arithmetic where applicable.
SRC-AD-JOYCEIVY-2026,Joyce Ivy Foundation,CEO/ED recruitment advertisement,https://careers.councilofnonprofits.org/jobs/executive-director-joyce-ivy-foundation-remote-in-anywhere/,https://careers.councilofnonprofits.org/jobs/executive-director-joyce-ivy-foundation-remote-in-anywhere/,2026-08-25T16:20:00-0700,sources/raw/src-ad-joyceivy-2026.txt,text/plain; charset=utf-8,1777,94210f1857fa772625cf291929d541a8470f42e7bfe7549df16ddc14fcb828e3,,,,derivative,source-native job board,"turn690667view3 lines 18-31, 80-84",Posted before cutoff; fractional option prevents clean full-time base comparison.
SRC-AD-MOST-2025,MOST Policy Initiative,CEO/ED recruitment advertisement,https://onthinktanks.org/job/executive-director-15/,https://onthinktanks.org/job/executive-director-15/,2026-08-17T18:45:00-07:00,sources/raw/src-ad-most-2025.txt,text/plain; charset=utf-8,1159,8aee411062d7ac538f650c8e14377b9d8fb321dc305528042044ec945fa45655,,,,derivative,discovery result,turn663171search2,Derivative snapshot only; source-native byte retrieval failed. Facts cross-checked against browser-rendered source and arithmetic where applicable.
SRC-AD-MSI,Marine Science Institute,CEO/ED recruitment advertisement,https://www.sfbaymsi.org/,https://www.sfbaymsi.org/,2026-08-17T18:45:00-07:00,sources/raw/src-ad-msi.txt,text/plain; charset=utf-8,1630,dd37353ca0ed565bdcbe2cfc2b1b0aa565fc6b19736535bf856f5a1a31dc8bc3,,,,derivative,discovery result,discovery search; full source not retained,Derivative snapshot only; source-native byte retrieval failed. Facts cross-checked against browser-rendered source and arithmetic where applicable.
SRC-AD-NPF,National Press Foundation,CEO/ED recruitment advertisement,https://nationalpress.org/,https://nationalpress.org/,2026-08-17T18:45:00-07:00,sources/raw/src-ad-npf.txt,text/plain; charset=utf-8,1151,d76f4159ed7dc04b6557c45e93dc8ed2d92bda699b912d7e44c62e2f56b8d4ea,,,,derivative,discovery result,discovery search; full source not retained,Derivative snapshot only; source-native byte retrieval failed. Facts cross-checked against browser-rendered source and arithmetic where applicable.
SRC-AD-NJLCV-2026,New Jersey League of Conservation Voters,CEO/ED recruitment advertisement,https://careers.councilofnonprofits.org/jobs/executive-director-and-chief-executive-officer-in-trenton-new-jersey-us/,https://careers.councilofnonprofits.org/jobs/executive-director-and-chief-executive-officer-in-trenton-new-jersey-us/,2026-08-25T16:45:00-0700,sources/raw/src-ad-njlcv-2026.txt,text/plain; charset=utf-8,2093,4535b3df3238ef7888c9bf62fe5fcd78bcbdb5dc9ae4fd9c7de648f0ad8c99bd,,,,derivative,source-native nonprofit job board cached rendering,turn341398search4; turn341398search7; turn341398search11,The live page expired after retrieval; cached job-board text and corroborating complete copies preserve the range and responsibilities.
SRC-AD-OVERZERO-2025,Over Zero,CEO/ED recruitment advertisement,https://impactopportunity.org/job/7756/executive-director/,https://impactopportunity.org/job/7756/executive-director/,2026-08-17T18:45:00-07:00,sources/raw/src-ad-overzero-2025.txt,text/plain; charset=utf-8,1253,8f56ba74c05d15ef68105fc4c9745062f95ddc858afe8a0dac9e06b569b86102,,,,derivative,complete mirror of recruiter posting,turn663171search1; turn663171search5,Derivative snapshot only; source-native byte retrieval failed. Facts cross-checked against browser-rendered source and arithmetic where applicable.
SRC-AD-PEAK-2026,PEAK Grantmaking,CEO/ED recruitment advertisement,https://nonprofithr.applytojob.com/apply/RQG6pztBvo/President-Chief-Executive-Officer-CEO-PEAK-Grantmaking,https://nonprofithr.applytojob.com/apply/RQG6pztBvo/President-Chief-Executive-Officer-CEO-PEAK-Grantmaking,2026-08-17T18:45:00-07:00,sources/raw/src-ad-peak-2026.txt,text/plain; charset=utf-8,1292,8b22208f125cf262b6e7688a9f340e6d362a9f1f4e51e453c069a2571f0973d3,,,,derivative,retained recruiter,turn128878view1 L38-L112,Derivative snapshot only; source-native byte retrieval failed. Facts cross-checked against browser-rendered source and arithmetic where applicable.
SRC-AD-PVARF,Portland VA Research Foundation,CEO/ED recruitment advertisement,https://www.pvarf.org/,https://www.pvarf.org/,2026-08-17T18:45:00-07:00,sources/raw/src-ad-pvarf.txt,text/plain; charset=utf-8,1173,c1b21de4618c5d968b56ee775e32d93190bd103e771774e5329b7b795ab361e8,,,,derivative,discovery result,discovery search; full source not retained,Derivative snapshot only; source-native byte retrieval failed. Facts cross-checked against browser-rendered source and arithmetic where applicable.
SRC-AD-CHAPA-ROR-EXCL,Reach Out and Read (regional executive role),CEO/ED recruitment advertisement,,,2026-08-25T16:20:00-0700,sources/raw/src-ad-reach-out-and-read-excluded.txt,text/plain; charset=utf-8,1227,2edb9bee70c0b3a0aeee65db26ff37b87f52d5a4bb826b387dd587cd15f925a0,,,,derivative,job board,"turn690667view1 lines 27-50, 146-154",Logged as unsuccessful/rejected search.
SRC-AD-SFEI-2026,San Francisco Estuary Institute,CEO/ED recruitment advertisement,https://www.sfei.org/news/sfei-seeks-our-next-executive-director,https://potrerogroup.com/sfei,2026-08-17T18:45:00-07:00,sources/raw/src-ad-sfei-2026.txt,text/plain; charset=utf-8,1365,e9e980a36bb44b2ca853f86d0c6ca772263bc8aca75d04b31899878f8316ecb8,,,,derivative,employer and retained recruiter,turn220517view2 L0-L30; turn955421search8,Derivative snapshot only; source-native byte retrieval failed. Facts cross-checked against browser-rendered source and arithmetic where applicable.
SRC-AD-SEATTLEBG,Seattle Botanic Gardens,CEO/ED recruitment advertisement,https://botanicgardens.uw.edu/,https://botanicgardens.uw.edu/,2026-08-17T18:45:00-07:00,sources/raw/src-ad-seattlebg.txt,text/plain; charset=utf-8,1158,7d096de17f9e5ecb62c0b11b44062acce57022858ce0bb13fb269dea3ec28f99,,,,derivative,discovery result,discovery search; full source not retained,Derivative snapshot only; source-native byte retrieval failed. Facts cross-checked against browser-rendered source and arithmetic where applicable.
SRC-AD-SNAP,Snap Foundation,CEO/ED recruitment advertisement,https://www.snapfoundation.org/,https://www.snapfoundation.org/,2026-08-17T18:45:00-07:00,sources/raw/src-ad-snap.txt,text/plain; charset=utf-8,1126,050c73dd05357e8f02574eb41d012e2d44df65f987b32cc2e82db087d3d76ebe,,,,derivative,discovery result,discovery search; full source not retained,Derivative snapshot only; source-native byte retrieval failed. Facts cross-checked against browser-rendered source and arithmetic where applicable.
SRC-AD-TAC-2026,Technical Assistance Collaborative,CEO/ED recruitment advertisement,https://www.nonprofitoperations.com/job-submissions/chief-executive-officer-/technical-assistance-collaborative,https://www.nonprofitoperations.com/job-submissions/chief-executive-officer-/technical-assistance-collaborative,2026-08-17T18:45:00-07:00,sources/raw/src-ad-tac-2026.txt,text/plain; charset=utf-8,1490,0e3ebf78a5943d490426ba3f8a1488d71c9233f65e32e453437249d7af1f5bc3,,,,derivative,recruiter/job portal,turn128878view0 L18-L21; L59-L75; L91-L121; L192-L203,Derivative snapshot only; source-native byte retrieval failed. Facts cross-checked against browser-rendered source and arithmetic where applicable.
SRC-AD-5GYRES-2026,The 5 Gyres Institute,CEO/ED recruitment advertisement,https://www.climatechangecareers.com/job/the-5-gyres-institute/remote/executive-director/,https://www.climatechangecareers.com/job/the-5-gyres-institute/remote/executive-director/,2026-08-25T16:20:00-0700,sources/raw/src-ad-5gyres-2026.txt,text/plain; charset=utf-8,1801,0146cbd9e63804df479d0d654079bdcbab618710eee0cac3710a0c158d1486c9,,,,derivative,complete third-party copy,"turn970460view0 lines 14-35, 45-148","Complete mirror text; posting date inferred from page metadata/search chronology, closing date explicit."
SRC-AD-CLIMATE-2026,The Climate Center,CEO/ED recruitment advertisement,https://www.abfe.org/jobs/chief-executive-officer-climate-center,https://www.abfe.org/jobs/chief-executive-officer-climate-center,2026-08-17T18:45:00-07:00,sources/raw/src-ad-climate-2026.txt,text/plain; charset=utf-8,1231,70da9bbf12c9c40ec16d1bad9a6e060f3cc5b0f6f4e364000fda82d24c496014,,,,derivative,source-native job-board copy linking retained recruiter PDF,turn220517view0 L114-L146,Derivative snapshot only; source-native byte retrieval failed. Facts cross-checked against browser-rendered source and arithmetic where applicable.
SRC-AD-CHF-2026,The Colorado Health Foundation,CEO/ED recruitment advertisement,https://www.nonprofitoperations.com/job-submissions/chief-executive-officer-/the-colorado-health-foundation-,https://www.nonprofitoperations.com/job-submissions/chief-executive-officer-/the-colorado-health-foundation-,2026-08-25T16:20:00-0700,sources/raw/src-ad-colorado-health-foundation-2026.txt,text/plain; charset=utf-8,1629,66829ee511b37101a3ef038a95f43e5e206632a9779c9d0666d8951c49e8b32b,,,,derivative,recruiter/job-board complete copy,turn485271search4,Complete posting; excluded before salary analysis under frozen operating-model rule.
SRC-AD-LEADERSTRUST-2026,The LeadersTrust,CEO/ED recruitment advertisement,https://theleaderstrust.org/now-hiring-executive-director/,https://theleaderstrust.org/now-hiring-executive-director/,2026-08-17T18:45:00-07:00,sources/raw/src-ad-leaderstrust-2026.txt,text/plain; charset=utf-8,1238,0bcac6da43afa5983716a054350f9ba23b3e96e7f7fb8a40be1d2fee731904db,,,,derivative,employer,turn220517view1 L30-L63; L72-L119,Derivative snapshot only; source-native byte retrieval failed. Facts cross-checked against browser-rendered source and arithmetic where applicable.
SRC-AD-WILLIAMS,Williams Institute at UCLA,CEO/ED recruitment advertisement,https://williamsinstitute.law.ucla.edu/,https://williamsinstitute.law.ucla.edu/,2026-08-17T18:45:00-07:00,sources/raw/src-ad-williams.txt,text/plain; charset=utf-8,1190,b721b5c1697624c7837560306578a9d8136b1d2f3e1ee63b614993a75bac380d,,,,derivative,discovery result,discovery search; full source not retained,Derivative snapshot only; source-native byte retrieval failed. Facts cross-checked against browser-rendered source and arithmetic where applicable.
SRC-BLS-CPI-JUL26,U.S. Bureau of Labor Statistics,CPI table,https://www.bls.gov/news.release/cpi.t01.htm,https://www.bls.gov/news.release/cpi.t01.htm,2026-08-17T18:45:00-07:00,sources/raw/src-bls-cpi-jul26.txt,text/plain; charset=utf-8,975,c2dc46afb7b8dcfc43758e93404f4c0d29d2a4e49a16950046e020187ec05bb9,,,,derivative,original,turn382256view1 L173-L200; L244,Derivative snapshot only; source-native byte retrieval failed. Facts cross-checked against browser-rendered source and arithmetic where applicable.
SRC-990-MIRI,Machine Intelligence Research Institute,Current-role and exclusion evidence,https://projects.propublica.org/nonprofits/organizations/582565917,https://projects.propublica.org/nonprofits/organizations/582565917,2026-08-17T18:45:00-07:00,sources/raw/src-990-miri.txt,text/plain; charset=utf-8,1605,6070f1d077406c2e168a1b3145bc5681c4a6cf7e42550d9ec90c7cec41f83f3b, to ,58-2565917,not established,browser-captured supporting source,ProPublica Nonprofit Explorer organization and filing index,post-audit current-role resolution,"Documents the organization and current filing history; MIRI was a frozen candidate not selected into the 144-organization reference set, so this record did not supply an analyzed compensation observation."
SRC-990-CEA,Centre for Effective Altruism / Effective Ventures Foundation USA,Entity-resolution and exclusion evidence,https://projects.propublica.org/nonprofits/organizations/471988398,https://projects.propublica.org/nonprofits/organizations/471988398,2026-08-17T18:45:00-07:00,sources/raw/src-990-cea.txt,text/plain; charset=utf-8,1634,5d5c042bbd79bac4e94909e9dd27c5b3181ac23bb4c501da16bde4c7e2d9c85b, to ,47-1988398,not established,browser-captured supporting source,ProPublica Nonprofit Explorer organization and filing index,post-audit entity resolution,Resolves the former CEA USA legal host as Effective Ventures Foundation USA; retained as exclusion/provenance evidence and not used as a compensation observation.
SRC-990-GIVEWELL,GiveWell / The Clear Fund,Entity-resolution and exclusion evidence,https://projects.propublica.org/nonprofits/organizations/208625442,https://projects.propublica.org/nonprofits/organizations/208625442,2026-08-17T18:45:00-07:00,sources/raw/src-990-givewell.txt,text/plain; charset=utf-8,1574,63735c8f5fcc5b81d0527672746db0351c5774c889dba7d2f3f9ec34f130595f, to ,20-8625442,not established,browser-captured supporting source,ProPublica Nonprofit Explorer organization and filing index,post-audit entity resolution,Resolves GiveWell's legal entity as The Clear Fund; retained as structural exclusion/provenance evidence and not used as a compensation observation.
SRC-990-EXT3-ALLIANCE-FOR-HEALTH-POLICY,Alliance for Health Policy,Form 990 filing-derived snapshot,https://apps.irs.gov/pub/epostcard/990/xml/2025/202531619349300118_public.xml,https://projects.propublica.org/nonprofits/organizations/521746328,2026-08-25T17:45:00-0700,sources/raw/src-990-ext3-alliance-for-health-policy.txt,text/plain; charset=utf-8,2082,be9b1f5f2d68c165ce3cc0a1dd11708c647396b7f5e5cca514f0a1f37fabde66,2024-01-01 to 2024-12-31,52-1746328,202531619349300118,official filing-derived derivative,Official IRS filing identifier; ProPublica used for navigation/corroboration,ProPublica Nonprofit Explorer rendered Form 990 financial and compensation tables; official IRS object ID captured from filing XML link. ProPublica page turn763366view1; latest filing reviewed.,Cash proxy arithmetic and total-proxy arithmetic validated; source-native IRS XML could not be archived in this environment.
SRC-990-EXT-AMERICAN-IMMIGRATION-COUNCIL,American Immigration Council,Form 990 filing-derived snapshot,https://apps.irs.gov/pub/epostcard/990/xml/2025/202542979349301509_public.xml,https://projects.propublica.org/nonprofits/organizations/521549711,2026-08-25,sources/raw/src-990-ext-american-immigration-council.txt,text/plain; charset=utf-8,1872,5387e8f477a7cfcb2111cf39efc0b59395179f28947a6609f187da24d5178c38,2024-01-01 to 2024-12-31,52-1549711,202542979349301509,official filing-derived derivative,Official IRS filing identifier; ProPublica used for navigation/corroboration,ProPublica filing-derived table lines 20-94; IRS object ID from XML link,Cash proxy arithmetic and total-proxy arithmetic validated; source-native IRS XML could not be archived in this environment.
SRC-990-EXT3-AMERICAN-SECURITY-PROJECT,American Security Project,Form 990 filing-derived snapshot,https://apps.irs.gov/pub/epostcard/990/xml/2025/202542279349301744_public.xml,https://projects.propublica.org/nonprofits/organizations/204079553,2026-08-25T17:45:00-0700,sources/raw/src-990-ext3-american-security-project.txt,text/plain; charset=utf-8,2051,976576fc53d0f0bba2970582abf86093d745f61eddfa5e18ba1091a2483b4d26,2024-01-01 to 2024-12-31,20-4079553,202542279349301744,official filing-derived derivative,Official IRS filing identifier; ProPublica used for navigation/corroboration,"ProPublica Nonprofit Explorer rendered Form 990 financial and compensation tables; official IRS object ID captured from filing XML link. ProPublica lines 21-34, 67-89 in turn230180view7.",Cash proxy arithmetic and total-proxy arithmetic validated; source-native IRS XML could not be archived in this environment.
SRC-990-ACE-2024,Animal Charity Evaluators,Form 990 filing-derived snapshot,https://projects.propublica.org/nonprofits/organizations/364684978,https://projects.propublica.org/nonprofits/organizations/364684978,2026-08-17T18:45:00-07:00,sources/raw/src-990-ace-2024.txt,text/plain; charset=utf-8,1888,875356a19cf76916f305a3ede969ab4abc84bccc7ac4fa821e5a07283488f54c,2024-04-01 to 2025-03-31,36-4684978,not captured,derivative,official filing via IRS; browser rendering via ProPublica where available,turn498315search0,Derivative snapshot only; source-native byte retrieval failed. Facts cross-checked against browser-rendered source and arithmetic where applicable.
SRC-990-EXT-ANIMAL-EQUALITY,Animal Equality,Form 990 filing-derived snapshot,https://apps.irs.gov/pub/epostcard/990/xml/2025/202533009349301263_public.xml,https://projects.propublica.org/nonprofits/organizations/472420444,2026-08-25,sources/raw/src-990-ext-animal-equality.txt,text/plain; charset=utf-8,1951,a830d0ef467b2b6609f864fe2bd9acb1928d820f7441c49f1f090ca0ce3b7866,2024-01-01 to 2024-12-31,47-2420444,202533009349301263,official filing-derived derivative,Official IRS filing identifier; ProPublica used for navigation/corroboration,ProPublica filing-derived table; official IRS object ID identified from XML link,Cash proxy arithmetic and total-proxy arithmetic validated; source-native IRS XML could not be archived in this environment.
SRC-990-EXT-ANIMAL-LEGAL-DEFENSE-FUND,Animal Legal Defense Fund,Form 990 filing-derived snapshot,https://apps.irs.gov/pub/epostcard/990/xml/2026/202631249349301878_public.xml,https://projects.propublica.org/nonprofits/organizations/942681680,2026-08-25,sources/raw/src-990-ext-animal-legal-defense-fund.txt,text/plain; charset=utf-8,1858,910304fe03a1375d360e13c5b39a9f285cbfea322761c1b963809aaee56d28a7,2024-07-01 to 2025-06-30,94-2681680,202631249349301878,official filing-derived derivative,Official IRS filing identifier; ProPublica used for navigation/corroboration,ProPublica filing-derived table; official IRS object ID identified from XML link,Cash proxy arithmetic and total-proxy arithmetic validated; source-native IRS XML could not be archived in this environment.
SRC-990-EXT-ANIMAL-WELFARE-INSTITUTE,Animal Welfare Institute,Form 990 filing-derived snapshot,https://apps.irs.gov/pub/epostcard/990/xml/2025/202543189349305814_public.xml,https://projects.propublica.org/nonprofits/organizations/135655952,2026-08-25,sources/raw/src-990-ext-animal-welfare-institute.txt,text/plain; charset=utf-8,1706,6254433dcaa32668d55e97e0cbe5916cb680464a44b42650d2f6fb667102e33e,2024-07-01 to 2025-06-30,13-5655952,202543189349305814,official filing-derived derivative,Official IRS filing identifier; ProPublica used for navigation/corroboration,ProPublica latest FY2025 filing table,Cash proxy arithmetic and total-proxy arithmetic validated; source-native IRS XML could not be archived in this environment.
SRC-990-EXT-ARMS-CONTROL-ASSOCIATION,Arms Control Association,Form 990 filing-derived snapshot,https://apps.irs.gov/pub/epostcard/990/xml/2026/202621349349307892_public.xml,https://projects.propublica.org/nonprofits/organizations/237124588,2026-08-25,sources/raw/src-990-ext-arms-control-association.txt,text/plain; charset=utf-8,1925,0d14b79d3f228fcd634d9d2962698a9ea9f183c1a7270c4232686d69b14ff122,2024-07-01 to 2025-06-30,23-7124588,202621349349307892,official filing-derived derivative,Official IRS filing identifier; ProPublica used for navigation/corroboration,ProPublica filing-derived table; official IRS object ID identified from XML link; browser source turn682727view0.,Cash proxy arithmetic and total-proxy arithmetic validated; source-native IRS XML could not be archived in this environment.
SRC-990-EXT-BETTER-FOOD-FOUNDATION,Better Food Foundation,Form 990 filing-derived snapshot,https://apps.irs.gov/pub/epostcard/990/xml/2025/202533169349305288_public.xml,https://projects.propublica.org/nonprofits/organizations/814537521,2026-08-25,sources/raw/src-990-ext-better-food-foundation.txt,text/plain; charset=utf-8,1932,3a8c375a9607bd3d8db4149772f73d116b34210326c0788bcd0dab74476d4702,2024-01-01 to 2024-12-31,81-4537521,202533169349305288,official filing-derived derivative,Official IRS filing identifier; ProPublica used for navigation/corroboration,ProPublica filing-derived table and XML link; browser source turn224604view0 lines 21-89.,Cash proxy arithmetic and total-proxy arithmetic validated; source-native IRS XML could not be archived in this environment.
SRC-990-EXT-BIPARTISAN-POLICY-CENTER,Bipartisan Policy Center,Form 990 filing-derived snapshot,https://apps.irs.gov/pub/epostcard/990/xml/2025/202513109349302561_public.xml,https://projects.propublica.org/nonprofits/organizations/731628382,2026-08-25,sources/raw/src-990-ext-bipartisan-policy-center.txt,text/plain; charset=utf-8,1923,e6e1e44c08193c111ce089061fde85a8ed3337394a3114c55750c36a8990f50c,2024-01-01 to 2024-12-31,73-1628382,202513109349302561,official filing-derived derivative,Official IRS filing identifier; ProPublica used for navigation/corroboration,ProPublica filing-derived table lines 28-104; IRS object ID from XML link,Cash proxy arithmetic and total-proxy arithmetic validated; source-native IRS XML could not be archived in this environment.
SRC-990-EXT-BREAKTHROUGH-INSTITUTE,Breakthrough Institute,Form 990 filing-derived snapshot,https://apps.irs.gov/pub/epostcard/990/xml/2026/202631469349301333_public.xml,https://projects.propublica.org/nonprofits/organizations/814526660,2026-08-25,sources/raw/src-990-ext-breakthrough-institute.txt,text/plain; charset=utf-8,1813,65986b048a49349b06b4c79dd5be6c5fe4aaba8ea9513ba44f36ae8001b19519,2025-01-01 to 2025-12-31,81-4526660,202631469349301333,official filing-derived derivative,Official IRS filing identifier; ProPublica used for navigation/corroboration,ProPublica filing-derived table lines 21-89; IRS object ID from XML link,Cash proxy arithmetic and total-proxy arithmetic validated; source-native IRS XML could not be archived in this environment.
SRC-990-EXT-BRENNAN-CENTER-FOR-JUSTICE,Brennan Center for Justice,Form 990 filing-derived snapshot,https://apps.irs.gov/pub/epostcard/990/xml/2026/202621289349303897_public.xml,https://projects.propublica.org/nonprofits/organizations/133839293,2026-08-25,sources/raw/src-990-ext-brennan-center-for-justice.txt,text/plain; charset=utf-8,2012,b6a559d40b59468f3983de4600b0184262a3dd8a75de8f87d76bce93fe56ccb4,2024-07-01 to 2025-06-30,13-3839293,202621289349303897,official filing-derived derivative,Official IRS filing identifier; ProPublica used for navigation/corroboration,ProPublica filing-derived table; official IRS object ID identified from XML link; browser source turn327197view2.,Cash proxy arithmetic and total-proxy arithmetic validated; source-native IRS XML could not be archived in this environment.
SRC-990-EXT-BULLETIN-OF-THE-ATOMIC-SCIENTISTS,Bulletin of the Atomic Scientists,Form 990 filing-derived snapshot,https://apps.irs.gov/pub/epostcard/990/xml/2026/202610149349301801_public.xml,https://projects.propublica.org/nonprofits/organizations/362136497,2026-08-25,sources/raw/src-990-ext-bulletin-of-the-atomic-scientists.txt,text/plain; charset=utf-8,1842,c0815695b3b0822d1cfca9f5cde6a5eae58eeccaf11893e4a102b6ef66d167ca,2024-07-01 to 2025-06-30,36-2136497,202610149349301801,official filing-derived derivative,Official IRS filing identifier; ProPublica used for navigation/corroboration,ProPublica latest FY2025 filing table,Cash proxy arithmetic and total-proxy arithmetic validated; source-native IRS XML could not be archived in this environment.
SRC-990-EXT3-CARBON-MAPPER,Carbon Mapper,Form 990 filing-derived snapshot,https://apps.irs.gov/pub/epostcard/990/xml/2026/202630139349300833_public.xml,https://projects.propublica.org/nonprofits/organizations/853149996,2026-08-25T17:45:00-0700,sources/raw/src-990-ext3-carbon-mapper.txt,text/plain; charset=utf-8,2073,31a5d613e9da174e19d3f5ce851ec64a86d1ea7ac5bda861d5b54656f0c50fd5,2024-09-01 to 2025-08-31,85-3149996,202630139349300833,official filing-derived derivative,Official IRS filing identifier; ProPublica used for navigation/corroboration,"ProPublica Nonprofit Explorer rendered Form 990 financial and compensation tables; official IRS object ID captured from filing XML link. ProPublica lines 21-34, 67-90 in turn652640view1.",Cash proxy arithmetic and total-proxy arithmetic validated; source-native IRS XML could not be archived in this environment.
SRC-990-EXT-CENTER-FOR-AI-SAFETY,Center for AI Safety,Form 990 filing-derived snapshot,https://apps.irs.gov/pub/epostcard/990/xml/2025/202503219349323615_public.xml,https://projects.propublica.org/nonprofits/organizations/881751310,2026-08-25,sources/raw/src-990-ext-center-for-ai-safety.txt,text/plain; charset=utf-8,1762,fa84c53828a46df2b033c2885b53e7c3e634a5c471f7ec5f5e1226f9fa172941,2024-01-01 to 2024-12-31,88-1751310,202503219349323615,official filing-derived derivative,Official IRS filing identifier; ProPublica used for navigation/corroboration,ProPublica latest 2024 filing table,Cash proxy arithmetic and total-proxy arithmetic validated; source-native IRS XML could not be archived in this environment.
SRC-990-EXT-CENTER-FOR-AI-AND-DIGITAL-POLICY,Center for AI and Digital Policy,Form 990 filing-derived snapshot,https://apps.irs.gov/pub/epostcard/990/xml/2026/202631359349302858_public.xml,https://projects.propublica.org/nonprofits/organizations/863350258,2026-08-25,sources/raw/src-990-ext-center-for-ai-and-digital-policy.txt,text/plain; charset=utf-8,1942,c12c083eb469bdde2cd72a19120ed363c43cb81c65080e910069ab72c8889a6c,2025-01-01 to 2025-12-31,86-3350258,202631359349302858,official filing-derived derivative,Official IRS filing identifier; ProPublica used for navigation/corroboration,ProPublica filing-derived table; official IRS object ID identified from XML link; browser source turn681252view1.,Cash proxy arithmetic and total-proxy arithmetic validated; source-native IRS XML could not be archived in this environment.
SRC-990-EXT3-CENTER-FOR-ARMS-CONTROL-AND-NON-PROLIFERATION,Center for Arms Control and Non-Proliferation,Form 990 filing-derived snapshot,https://apps.irs.gov/pub/epostcard/990/xml/2025/202523179349304722_public.xml,https://projects.propublica.org/nonprofits/organizations/42693322,2026-08-25T17:45:00-0700,sources/raw/src-990-ext3-center-for-arms-control-and-non-proliferation.txt,text/plain; charset=utf-8,2074,74c8e8d9eb8ad4b859e4dea2e6dd485ca8de164919bb3c43227940e85a4d5bcf,2024-01-01 to 2024-12-31,04-2693322,202523179349304722,official filing-derived derivative,Official IRS filing identifier; ProPublica used for navigation/corroboration,"ProPublica Nonprofit Explorer rendered Form 990 financial and compensation tables; official IRS object ID captured from filing XML link. ProPublica lines 21-34, 67-89 in turn230180view4.",Cash proxy arithmetic and total-proxy arithmetic validated; source-native IRS XML could not be archived in this environment.
SRC-990-EXT-CENTER-FOR-CLIMATE-AND-ENERGY-SOLUTIONS,Center for Climate and Energy Solutions,Form 990 filing-derived snapshot,https://apps.irs.gov/pub/epostcard/990/xml/2026/202631619349300808_public.xml,https://projects.propublica.org/nonprofits/organizations/541892252,2026-08-25,sources/raw/src-990-ext-center-for-climate-and-energy-solutions.txt,text/plain; charset=utf-8,1919,21ae8f895d8b19302da029fc73bfc7f848440daeed3ec05d61855349121e58ad,2024-04-01 to 2025-03-31,54-1892252,202631619349300808,official filing-derived derivative,Official IRS filing identifier; ProPublica used for navigation/corroboration,ProPublica filing-derived table lines 21-93; IRS object ID from XML link,Cash proxy arithmetic and total-proxy arithmetic validated; source-native IRS XML could not be archived in this environment.
SRC-990-CDT-2024,Center for Democracy & Technology,Form 990 filing-derived snapshot,https://apps.irs.gov/pub/epostcard/990/xml/2025/202533219349301933_public.xml,https://projects.propublica.org/nonprofits/organizations/521905358,2026-08-17T18:45:00-07:00,sources/raw/src-990-cdt-2024.txt,text/plain; charset=utf-8,1682,7d4773546664b6a2a4cbdb9d699b0d1b4efd65075ff3ff892fdcb08d13708210,2024-01-01 to 2024-12-31,52-1905358,202533219349301933,derivative,official filing via IRS; browser rendering via ProPublica where available,turn787259view3 L21-L91,Derivative snapshot only; source-native byte retrieval failed. Facts cross-checked against browser-rendered source and arithmetic where applicable.
SRC-990-EXT-CENTER-FOR-DEMOCRACY-TECHNOLOGY,Center for Democracy & Technology,Form 990 filing-derived snapshot,https://apps.irs.gov/pub/epostcard/990/xml/2025/202533219349301933_public.xml,https://projects.propublica.org/nonprofits/organizations/521905358,2026-08-25,sources/raw/src-990-ext-center-for-democracy-technology.txt,text/plain; charset=utf-8,1904,2fe71e392ef24178aaa986d1517cffc54e97ca9e74c5a6422b87c9bc4738ca64,2024-01-01 to 2024-12-31,52-1905358,202533219349301933,official filing-derived derivative,Official IRS filing identifier; ProPublica used for navigation/corroboration,"Form 990 Part VII Section A, columns D/E/F; rendered ProPublica Compensation table. Revenue/expenses from rendered Extracted Financial Data. Exact XML element names unavailable without raw XML.",Cash proxy arithmetic and total-proxy arithmetic validated; source-native IRS XML could not be archived in this environment.
SRC-990-EXT-CENTER-FOR-ECONOMIC-AND-POLICY-RESEARCH,Center for Economic and Policy Research,Form 990 filing-derived snapshot,https://apps.irs.gov/pub/epostcard/990/xml/2025/202543169349304999_public.xml,https://projects.propublica.org/nonprofits/organizations/522204029,2026-08-25,sources/raw/src-990-ext-center-for-economic-and-policy-research.txt,text/plain; charset=utf-8,1971,df62484b910589cb7640a99a843017b1cd037737839202dbe8dde2c5eb26aab4,2024-01-01 to 2024-12-31,52-2204029,202543169349304999,official filing-derived derivative,Official IRS filing identifier; ProPublica used for navigation/corroboration,ProPublica filing-derived table lines 21-91; IRS object ID from XML link,Cash proxy arithmetic and total-proxy arithmetic validated; source-native IRS XML could not be archived in this environment.
SRC-990-EXT-CENTER-FOR-EFFECTIVE-PHILANTHROPY,Center for Effective Philanthropy,Form 990 filing-derived snapshot,https://apps.irs.gov/pub/epostcard/990/xml/2026/202602039349300145_public.xml,https://projects.propublica.org/nonprofits/organizations/43523528,2026-08-25,sources/raw/src-990-ext-center-for-effective-philanthropy.txt,text/plain; charset=utf-8,1780,04627e811fcf2b9e8cafa28d80d5761be729172b57c46fb54b4d08d5ec00a4cb,2025-01-01 to 2025-12-31,04-3523528,202602039349300145,official filing-derived derivative,Official IRS filing identifier; ProPublica used for navigation/corroboration,ProPublica latest 2025 filing table,Cash proxy arithmetic and total-proxy arithmetic validated; source-native IRS XML could not be archived in this environment.
SRC-990-CGD-2024,Center for Global Development,Form 990 filing-derived snapshot,https://projects.propublica.org/nonprofits/organizations/522351337,https://projects.propublica.org/nonprofits/organizations/522351337,2026-08-17T18:45:00-07:00,sources/raw/src-990-cgd-2024.txt,text/plain; charset=utf-8,1751,a9472495cdcbdb0c38c5f13af77a6dd5eba8ca71d6d7a52f70da0f687701d7fd,2024-01-01 to 2024-12-31,52-2351337,not captured,derivative,official filing via IRS; browser rendering via ProPublica where available,turn498315search3,Derivative snapshot only; source-native byte retrieval failed. Facts cross-checked against browser-rendered source and arithmetic where applicable.
SRC-990-EXT3-CENTER-FOR-HEALTH-CARE-STRATEGIES,Center for Health Care Strategies,Form 990 filing-derived snapshot,https://apps.irs.gov/pub/epostcard/990/xml/2026/202631279349304653_public.xml,https://projects.propublica.org/nonprofits/organizations/223375015,2026-08-25T17:45:00-0700,sources/raw/src-990-ext3-center-for-health-care-strategies.txt,text/plain; charset=utf-8,2022,deb505418bf006ae67f8125d17edde04b3fa769345c3b5e3a536f0cc0e906f5a,2024-07-01 to 2025-06-30,22-3375015,202631279349304653,official filing-derived derivative,Official IRS filing identifier; ProPublica used for navigation/corroboration,"ProPublica Nonprofit Explorer rendered Form 990 financial and compensation tables; official IRS object ID captured from filing XML link. ProPublica lines 21-34, 67-89 in turn604752view1.",Cash proxy arithmetic and total-proxy arithmetic validated; source-native IRS XML could not be archived in this environment.
SRC-990-EXT3-CENTER-FOR-INTERNATIONAL-POLICY,Center for International Policy,Form 990 filing-derived snapshot,https://apps.irs.gov/pub/epostcard/990/xml/2025/202513189349309501_public.xml,https://projects.propublica.org/nonprofits/organizations/521446207,2026-08-25T17:45:00-0700,sources/raw/src-990-ext3-center-for-international-policy.txt,text/plain; charset=utf-8,2056,fcac673d016ac6732a5df294b0f080871391ac3a1f0319ec1f760b5ad5c740f1,2024-01-01 to 2024-12-31,52-1446207,202513189349309501,official filing-derived derivative,Official IRS filing identifier; ProPublica used for navigation/corroboration,"ProPublica Nonprofit Explorer rendered Form 990 financial and compensation tables; official IRS object ID captured from filing XML link. ProPublica lines 21-34, 67-89 in turn230180view6.",Cash proxy arithmetic and total-proxy arithmetic validated; source-native IRS XML could not be archived in this environment.
SRC-990-EXT-CENTER-FOR-LAW-AND-SOCIAL-POLICY,Center for Law and Social Policy,Form 990 filing-derived snapshot,https://apps.irs.gov/pub/epostcard/990/xml/2025/202513189349314621_public.xml,https://projects.propublica.org/nonprofits/organizations/237000150,2026-08-25,sources/raw/src-990-ext-center-for-law-and-social-policy.txt,text/plain; charset=utf-8,1873,69db004ba8b65bfc4eb9aa20a0d0a5177f6809fb50e7a231a744050cea5b634e,2024-01-01 to 2024-12-31,23-7000150,202513189349314621,official filing-derived derivative,Official IRS filing identifier; ProPublica used for navigation/corroboration,ProPublica filing plus CLASP announcement,Cash proxy arithmetic and total-proxy arithmetic validated; source-native IRS XML could not be archived in this environment.
SRC-990-COS-2024,Center for Open Science,Form 990 filing-derived snapshot,https://apps.irs.gov/pub/epostcard/990/xml/2025/202513219349318466_public.xml,https://projects.propublica.org/nonprofits/organizations/461496217,2026-08-17T18:45:00-07:00,sources/raw/src-990-cos-2024.txt,text/plain; charset=utf-8,1688,83c4d591f9b11cd3bec3a880b771736049a0190be669966339d61750c1931daf,2024-01-01 to 2024-12-31,46-1496217,202513219349318466,derivative,official filing via IRS; browser rendering via ProPublica where available,turn787259view1 L25-L96,Derivative snapshot only; source-native byte retrieval failed. Facts cross-checked against browser-rendered source and arithmetic where applicable.
SRC-990-EXT-CENTER-FOR-OPEN-SCIENCE,Center for Open Science,Form 990 filing-derived snapshot,https://apps.irs.gov/pub/epostcard/990/xml/2025/202513219349318466_public.xml,https://projects.propublica.org/nonprofits/organizations/461496217,2026-08-25,sources/raw/src-990-ext-center-for-open-science.txt,text/plain; charset=utf-8,1922,75e76ad0cdd3f330858a4ec30e03a2380fc846ce344f510ec2d4395f811a8175,2024-01-01 to 2024-12-31,46-1496217,202513219349318466,official filing-derived derivative,Official IRS filing identifier; ProPublica used for navigation/corroboration,"Form 990 Part VII Section A, columns D/E/F; rendered ProPublica Compensation table. Revenue/expenses from rendered Extracted Financial Data. Exact XML element names unavailable without raw XML.",Cash proxy arithmetic and total-proxy arithmetic validated; source-native IRS XML could not be archived in this environment.
SRC-990-EXT-CENTER-FOR-PUBLIC-INTEGRITY,Center for Public Integrity,Form 990 filing-derived snapshot,https://apps.irs.gov/pub/epostcard/990/xml/2024/202412399349300756_public.xml,https://projects.propublica.org/nonprofits/organizations/541512177,2026-08-25,sources/raw/src-990-ext-center-for-public-integrity.txt,text/plain; charset=utf-8,1993,ce8030a97c258257725c3774532953efa0b800f121cf57726be8bb1b8f95bde8,2023-01-01 to 2023-12-31,54-1512177,202412399349300756,official filing-derived derivative,Official IRS filing identifier; ProPublica used for navigation/corroboration,ProPublica filing-derived table; official IRS object ID identified from XML link; browser source turn327197view1.,Cash proxy arithmetic and total-proxy arithmetic validated; source-native IRS XML could not be archived in this environment.
SRC-990-EXT-CENTER-FOR-RESPONSIBLE-LENDING,Center for Responsible Lending,Form 990 filing-derived snapshot,https://apps.irs.gov/pub/epostcard/990/xml/2026/202621149349301437_public.xml,https://projects.propublica.org/nonprofits/organizations/743043913,2026-08-25,sources/raw/src-990-ext-center-for-responsible-lending.txt,text/plain; charset=utf-8,1946,8755b09c73164ee571893197108f857913a1aa9d361f611ce571931841ef7d55,2024-01-01 to 2024-12-31,74-3043913,202621149349301437,official filing-derived derivative,Official IRS filing identifier; ProPublica used for navigation/corroboration,ProPublica filing-derived table lines 22-90; IRS object ID from XML link,Cash proxy arithmetic and total-proxy arithmetic validated; source-native IRS XML could not be archived in this environment.
SRC-990-EXT-CENTER-FOR-A-HUMANE-ECONOMY,Center for a Humane Economy,Form 990 filing-derived snapshot,https://apps.irs.gov/pub/epostcard/990/xml/2025/202502459349301350_public.xml,https://projects.propublica.org/nonprofits/organizations/832620507,2026-08-25,sources/raw/src-990-ext-center-for-a-humane-economy.txt,text/plain; charset=utf-8,1971,9ec7d8d99d7fe4a95a616e9a8d3a1cb60d8a09e82e339cd2586fb634b7ef2764,2023-11-01 to 2024-10-31,83-2620507,202502459349301350,official filing-derived derivative,Official IRS filing identifier; ProPublica used for navigation/corroboration,ProPublica filing-derived table; official IRS object ID identified from XML link; browser source turn491560view1.,Cash proxy arithmetic and total-proxy arithmetic validated; source-native IRS XML could not be archived in this environment.
SRC-990-EXT-CENTER-FOR-A-NEW-AMERICAN-SECURITY,Center for a New American Security,Form 990 filing-derived snapshot,https://apps.irs.gov/pub/epostcard/990/xml/2025/202542329349300819_public.xml,https://projects.propublica.org/nonprofits/organizations/208084828,2026-08-25,sources/raw/src-990-ext-center-for-a-new-american-security.txt,text/plain; charset=utf-8,1856,02d05c176cd950652ca64cc473927dc64a48c3732e24e806246d98073d11b67e,2023-10-01 to 2024-09-30,20-8084828,202542329349300819,official filing-derived derivative,Official IRS filing identifier; ProPublica used for navigation/corroboration,ProPublica filing-derived table lines 25-94; IRS object ID from XML link,Cash proxy arithmetic and total-proxy arithmetic validated; source-native IRS XML could not be archived in this environment.
SRC-990-CN-2024,Charity Navigator,Form 990 filing-derived snapshot,https://apps.irs.gov/pub/epostcard/990/xml/2026/202640789349301509_public.xml,https://projects.propublica.org/nonprofits/organizations/134148824,2026-08-17T18:45:00-07:00,sources/raw/src-990-cn-2024.txt,text/plain; charset=utf-8,1680,3b06b8a131b5bbf3eb67ac796ba8f463e2bf4a33d9b618fd09192796b046d799,2024-07-01 to 2025-06-30,13-4148824,202640789349301509,derivative,official filing via IRS; browser rendering via ProPublica where available,turn590537view0 L25-L96,Derivative snapshot only; source-native byte retrieval failed. Facts cross-checked against browser-rendered source and arithmetic where applicable.
SRC-990-EXT-CHARITY-NAVIGATOR,Charity Navigator,Form 990 filing-derived snapshot,https://apps.irs.gov/pub/epostcard/990/xml/2026/202640789349301509_public.xml,https://projects.propublica.org/nonprofits/organizations/134148824,2026-08-25,sources/raw/src-990-ext-charity-navigator.txt,text/plain; charset=utf-8,1909,fa5f3fa088d3259be260f12513c6260677bfdc64e5c203920a4860eca782d7ed,2024-07-01 to 2025-06-30,13-4148824,202640789349301509,official filing-derived derivative,Official IRS filing identifier; ProPublica used for navigation/corroboration,"Form 990 Part VII Section A, columns D/E/F; rendered ProPublica Compensation table. Revenue/expenses from rendered Extracted Financial Data. Exact XML element names unavailable without raw XML.",Cash proxy arithmetic and total-proxy arithmetic validated; source-native IRS XML could not be archived in this environment.
SRC-990-EXT-CHICAGO-COUNCIL-ON-GLOBAL-AFFAIRS,Chicago Council on Global Affairs,Form 990 filing-derived snapshot,https://apps.irs.gov/pub/epostcard/990/xml/2025/202543179349309229_public.xml,https://projects.propublica.org/nonprofits/organizations/362181969,2026-08-25,sources/raw/src-990-ext-chicago-council-on-global-affairs.txt,text/plain; charset=utf-8,1884,ee77aca5de5529850a1482e23bcaba18511b8128534df3b8a1cff1e901fa0e5c,2024-01-01 to 2024-12-31,36-2181969,202543179349309229,official filing-derived derivative,Official IRS filing identifier; ProPublica used for navigation/corroboration,ProPublica filing-derived table lines 21-90; IRS object ID from XML link,Cash proxy arithmetic and total-proxy arithmetic validated; source-native IRS XML could not be archived in this environment.
SRC-990-EXT-CLEAN-AIR-TASK-FORCE,Clean Air Task Force,Form 990 filing-derived snapshot,https://apps.irs.gov/pub/epostcard/990/xml/2025/202522829349300322_public.xml,https://projects.propublica.org/nonprofits/organizations/043512550,2026-08-25,sources/raw/src-990-ext-clean-air-task-force.txt,text/plain; charset=utf-8,1913,b5b1106b9fa0f69d14635fdced05518d759ae7daa03abe4e6d13d65e7552462d,2024-01-01 to 2024-12-31,04-3512550,202522829349300322,official filing-derived derivative,Official IRS filing identifier; ProPublica used for navigation/corroboration,ProPublica filing-derived table; official IRS object ID identified from XML link; browser source turn805570view1.,Cash proxy arithmetic and total-proxy arithmetic validated; source-native IRS XML could not be archived in this environment.
SRC-990-EXT-CLIMATE-CENTRAL,Climate Central,Form 990 filing-derived snapshot,https://apps.irs.gov/pub/epostcard/990/xml/2026/202631769349300823_public.xml,https://projects.propublica.org/nonprofits/organizations/261797336,2026-08-25,sources/raw/src-990-ext-climate-central.txt,text/plain; charset=utf-8,1806,c8d7570e4f167e7cb1552210be289aa635921020a1d6a7c60f580b3761920558,2025-01-01 to 2025-12-31,26-1797336,202631769349300823,official filing-derived derivative,Official IRS filing identifier; ProPublica used for navigation/corroboration,ProPublica filing-derived table lines 21-90; IRS object ID from XML link,Cash proxy arithmetic and total-proxy arithmetic validated; source-native IRS XML could not be archived in this environment.
SRC-990-EXT-CODE-FOR-SCIENCE-SOCIETY,Code for Science & Society,Form 990 filing-derived snapshot,https://apps.irs.gov/pub/epostcard/990/xml/2026/202601359349304090_public.xml,https://projects.propublica.org/nonprofits/organizations/813791683,2026-08-25,sources/raw/src-990-ext-code-for-science-society.txt,text/plain; charset=utf-8,1904,f4e9aac89f6094f8b2449b977e824e29f8b9ffc850944b896cc7162634509c21,2024-07-01 to 2025-06-30,81-3791683,202601359349304090,official filing-derived derivative,Official IRS filing identifier; ProPublica used for navigation/corroboration,ProPublica latest FY2025 filing table,Cash proxy arithmetic and total-proxy arithmetic validated; source-native IRS XML could not be archived in this environment.
SRC-990-EXT-COMMITTEE-FOR-A-RESPONSIBLE-FEDERAL-BUDGET,Committee for a Responsible Federal Budget,Form 990 filing-derived snapshot,https://apps.irs.gov/pub/epostcard/990/xml/2026/202611949349301721_public.xml,https://projects.propublica.org/nonprofits/organizations/521231278,2026-08-25,sources/raw/src-990-ext-committee-for-a-responsible-federal-budget.txt,text/plain; charset=utf-8,1887,240484580316c879b817eaae05688ec5374453a4b45dfcbc6c0f446b3be4f5db,2025-01-01 to 2025-12-31,52-1231278,202611949349301721,official filing-derived derivative,Official IRS filing identifier; ProPublica used for navigation/corroboration,ProPublica filing-derived table lines 21-90; IRS object ID from XML link,Cash proxy arithmetic and total-proxy arithmetic validated; source-native IRS XML could not be archived in this environment.
SRC-990-EXT-COMPASSION-IN-WORLD-FARMING-USA,Compassion in World Farming USA,Form 990 filing-derived snapshot,https://apps.irs.gov/pub/epostcard/990/xml/2024/202402689349300735_public.xml,https://projects.propublica.org/nonprofits/organizations/461822635,2026-08-25,sources/raw/src-990-ext-compassion-in-world-farming-usa.txt,text/plain; charset=utf-8,1963,4d429a82b343415b793146a1e496039093c5e6b4ecf58f0225a1a5b0894c31c7,2023-04-01 to 2024-03-31,46-1822635,202402689349300735,official filing-derived derivative,Official IRS filing identifier; ProPublica used for navigation/corroboration,ProPublica filing-derived table; official IRS object ID identified from XML link,Cash proxy arithmetic and total-proxy arithmetic validated; source-native IRS XML could not be archived in this environment.
SRC-990-EXT-COUNCIL-ON-STRATEGIC-RISKS,Council on Strategic Risks,Form 990 filing-derived snapshot,https://apps.irs.gov/pub/epostcard/990/xml/2026/202601119349300825_public.xml,https://projects.propublica.org/nonprofits/organizations/823106472,2026-08-25,sources/raw/src-990-ext-council-on-strategic-risks.txt,text/plain; charset=utf-8,1714,df542c8f24047de1798826c5684591505a548610ff5ff2fcfb473142812bc12b,2025-01-01 to 2025-12-31,82-3106472,202601119349300825,official filing-derived derivative,Official IRS filing identifier; ProPublica used for navigation/corroboration,ProPublica latest 2025 filing table,Cash proxy arithmetic and total-proxy arithmetic validated; source-native IRS XML could not be archived in this environment.
SRC-990-EXT-CREATIVE-COMMONS,Creative Commons,Form 990 filing-derived snapshot,https://apps.irs.gov/pub/epostcard/990/xml/2025/202543179349306294_public.xml,https://projects.propublica.org/nonprofits/organizations/043585301,2026-08-25,sources/raw/src-990-ext-creative-commons.txt,text/plain; charset=utf-8,1907,fdcef75db91aac6a826f3a8cb7f649ffc7cb3332322c65551c03751408db7420,2024-01-01 to 2024-12-31,04-3585301,202543179349306294,official filing-derived derivative,Official IRS filing identifier; ProPublica used for navigation/corroboration,ProPublica filing-derived table; official IRS object ID identified from XML link; browser source turn807748view2.,Cash proxy arithmetic and total-proxy arithmetic validated; source-native IRS XML could not be archived in this environment.
SRC-990-EXT-DATA-QUALITY-CAMPAIGN,Data Quality Campaign,Form 990 filing-derived snapshot,https://apps.irs.gov/pub/epostcard/990/xml/2026/202621339349304737_public.xml,https://projects.propublica.org/nonprofits/organizations/274566795,2026-08-25,sources/raw/src-990-ext-data-quality-campaign.txt,text/plain; charset=utf-8,1828,40765e1174109ebcce2ccbaf4de96ec61e25e7c3222c3f35d5e158b939122cd1,2024-07-01 to 2025-06-30,27-4566795,202621339349304737,official filing-derived derivative,Official IRS filing identifier; ProPublica used for navigation/corroboration,ProPublica filing-derived table lines 21-89; IRS object ID from XML link,Cash proxy arithmetic and total-proxy arithmetic validated; source-native IRS XML could not be archived in this environment.
SRC-990-EXT-DATAKIND,DataKind,Form 990 filing-derived snapshot,https://apps.irs.gov/pub/epostcard/990/xml/2026/202640939349300014_public.xml,https://projects.propublica.org/nonprofits/organizations/464082076,2026-08-25,sources/raw/src-990-ext-datakind.txt,text/plain; charset=utf-8,1926,e651190972ffaef548802efdae83135d98168627e6ebc0f961d21b3073dfa674,2024-10-01 to 2025-09-30,46-4082076,202640939349300014,official filing-derived derivative,Official IRS filing identifier; ProPublica used for navigation/corroboration,ProPublica filing-derived table and XML link; browser source turn933533view0 lines 21-89.,Cash proxy arithmetic and total-proxy arithmetic validated; source-native IRS XML could not be archived in this environment.
SRC-990-EXT-DEMOS,Demos,Form 990 filing-derived snapshot,https://apps.irs.gov/pub/epostcard/990/xml/2025/202503159349306085_public.xml,https://projects.propublica.org/nonprofits/organizations/134105066,2026-08-25,sources/raw/src-990-ext-demos.txt,text/plain; charset=utf-8,1866,fdedf4d635a390bb7d1115453dc7aef45e7b3480bc972257569f8ff90ede9e2a,2024-07-01 to 2025-06-30,13-4105066,202503159349306085,official filing-derived derivative,Official IRS filing identifier; ProPublica used for navigation/corroboration,ProPublica filing-derived table; official IRS object ID identified from XML link; browser source turn568175view0.,Cash proxy arithmetic and total-proxy arithmetic validated; source-native IRS XML could not be archived in this environment.
SRC-990-EXT-ECONOMIC-INNOVATION-GROUP,Economic Innovation Group,Form 990 filing-derived snapshot,https://apps.irs.gov/pub/epostcard/990/xml/2025/202513219349307891_public.xml,https://projects.propublica.org/nonprofits/organizations/462450336,2026-08-25,sources/raw/src-990-ext-economic-innovation-group.txt,text/plain; charset=utf-8,2022,095b479923eace0b7050272043e8b2f94add3c3fb1677f8eaa908aa3159c78e3,2024-01-01 to 2024-12-31,46-2450336,202513219349307891,official filing-derived derivative,Official IRS filing identifier; ProPublica used for navigation/corroboration,ProPublica filing-derived table and XML link; browser source turn518192view0 lines 29-100.,Cash proxy arithmetic and total-proxy arithmetic validated; source-native IRS XML could not be archived in this environment.
SRC-990-EXT-ECONOMIC-POLICY-INSTITUTE,Economic Policy Institute,Form 990 filing-derived snapshot,https://apps.irs.gov/pub/epostcard/990/xml/2025/202542469349301614_public.xml,https://projects.propublica.org/nonprofits/organizations/521368964,2026-08-25,sources/raw/src-990-ext-economic-policy-institute.txt,text/plain; charset=utf-8,1866,6892437e50328c1a474f8109cce1ed0f7f5293a2bc54606868a54dcc8497129c,2024-01-01 to 2024-12-31,52-1368964,202542469349301614,official filing-derived derivative,Official IRS filing identifier; ProPublica used for navigation/corroboration,ProPublica filing-derived table lines 21-90; IRS object ID from XML link,Cash proxy arithmetic and total-proxy arithmetic validated; source-native IRS XML could not be archived in this environment.
SRC-990-EXT-ELECTRONIC-FRONTIER-FOUNDATION,Electronic Frontier Foundation,Form 990 filing-derived snapshot,https://apps.irs.gov/pub/epostcard/990/xml/2026/202610989349301676_public.xml,https://projects.propublica.org/nonprofits/organizations/43091431,2026-08-25,sources/raw/src-990-ext-electronic-frontier-foundation.txt,text/plain; charset=utf-8,1842,7075e042f583077b3733afaf966307d7635f9016c3007eeb9b31515257197150,2024-07-01 to 2025-06-30,04-3091431,202610989349301676,official filing-derived derivative,Official IRS filing identifier; ProPublica used for navigation/corroboration,ProPublica latest FY2025 filing table,Cash proxy arithmetic and total-proxy arithmetic validated; source-native IRS XML could not be archived in this environment.
SRC-990-EXT-ENERGY-FOR-GROWTH-HUB,Energy for Growth Hub,Form 990 filing-derived snapshot,https://apps.irs.gov/pub/epostcard/990/xml/2025/202513219349322806_public.xml,https://projects.propublica.org/nonprofits/organizations/831609680,2026-08-25,sources/raw/src-990-ext-energy-for-growth-hub.txt,text/plain; charset=utf-8,1930,fd892575716affc1b2de88ab15bd77c9d1d765f9ed5c04df899d3703fd596d8d,2024-01-01 to 2024-12-31,83-1609680,202513219349322806,official filing-derived derivative,Official IRS filing identifier; ProPublica used for navigation/corroboration,ProPublica filing-derived table and XML link; browser source turn692537view2 lines 21-89.,Cash proxy arithmetic and total-proxy arithmetic validated; source-native IRS XML could not be archived in this environment.
SRC-990-EXT-ENVIRONMENTAL-LAW-INSTITUTE,Environmental Law Institute,Form 990 filing-derived snapshot,https://apps.irs.gov/pub/epostcard/990/xml/2025/202522619349300012_public.xml,https://projects.propublica.org/nonprofits/organizations/520901863,2026-08-25,sources/raw/src-990-ext-environmental-law-institute.txt,text/plain; charset=utf-8,1884,15feecaadbbd9a1af6aeb396f57f27d582bc4b4901ab146f0d1eba0f6a018355,2024-01-01 to 2024-12-31,52-0901863,202522619349300012,official filing-derived derivative,Official IRS filing identifier; ProPublica used for navigation/corroboration,ProPublica filing-derived table; official IRS object ID identified from XML link; browser source turn481574view0.,Cash proxy arithmetic and total-proxy arithmetic validated; source-native IRS XML could not be archived in this environment.
SRC-990-EXT-EVIDENCE-ACTION,Evidence Action,Form 990 filing-derived snapshot,https://apps.irs.gov/pub/epostcard/990/xml/2025/202512829349302256_public.xml,https://projects.propublica.org/nonprofits/organizations/900874591,2026-08-25,sources/raw/src-990-ext-evidence-action.txt,text/plain; charset=utf-8,1861,0a819456b8f6582be805509f00f65b531f53af9620974200239bc62f7f874ae5,2024-01-01 to 2024-12-31,90-0874591,202512829349302256,official filing-derived derivative,Official IRS filing identifier; ProPublica used for navigation/corroboration,ProPublica filing-derived table; official IRS object ID identified from XML link,Cash proxy arithmetic and total-proxy arithmetic validated; source-native IRS XML could not be archived in this environment.
SRC-990-EXT-EXPONENT-PHILANTHROPY,Exponent Philanthropy,Form 990 filing-derived snapshot,https://apps.irs.gov/pub/epostcard/990/xml/2026/202621699349300132_public.xml,https://projects.propublica.org/nonprofits/organizations/650617866,2026-08-25,sources/raw/src-990-ext-exponent-philanthropy.txt,text/plain; charset=utf-8,1852,1007e7aff538fa7797387b0432f262f64984b26737a3465966ab81cf29259de6,2025-01-01 to 2025-12-31,65-0617866,202621699349300132,official filing-derived derivative,Official IRS filing identifier; ProPublica used for navigation/corroboration,ProPublica filing-derived table; official IRS object ID identified from XML link,Cash proxy arithmetic and total-proxy arithmetic validated; source-native IRS XML could not be archived in this environment.
SRC-990-EXT-FAR-AI,FAR AI,Form 990 filing-derived snapshot,https://apps.irs.gov/pub/epostcard/990/xml/2025/202543189349316054_public.xml,https://projects.propublica.org/nonprofits/organizations/920692207,2026-08-25,sources/raw/src-990-ext-far-ai.txt,text/plain; charset=utf-8,1655,6fbd23e28d7af3b0719c53ac1a35f5aea2b8ad01d72385a5d7c82122e2a77a22,2024-01-01 to 2024-12-31,92-0692207,202543189349316054,official filing-derived derivative,Official IRS filing identifier; ProPublica used for navigation/corroboration,ProPublica latest 2024 filing table,Cash proxy arithmetic and total-proxy arithmetic validated; source-native IRS XML could not be archived in this environment.
SRC-990-EXT-FARM-SANCTUARY,Farm Sanctuary,Form 990 filing-derived snapshot,https://apps.irs.gov/pub/epostcard/990/xml/2024/202422699349301652_public.xml,https://projects.propublica.org/nonprofits/organizations/510292919,2026-08-25,sources/raw/src-990-ext-farm-sanctuary.txt,text/plain; charset=utf-8,1916,7b6d806210e91e9e9eb46f7a5acd2f1af25c385c3e7935733e04e702670c305c,2023-01-01 to 2023-12-31,51-0292919,202422699349301652,official filing-derived derivative,Official IRS filing identifier; ProPublica used for navigation/corroboration,ProPublica filing-derived table; official IRS object ID identified from XML link,Cash proxy arithmetic and total-proxy arithmetic validated; source-native IRS XML could not be archived in this environment.
SRC-990-EXT-FEDERATION-OF-AMERICAN-SCIENTISTS,Federation of American Scientists,Form 990 filing-derived snapshot,https://apps.irs.gov/pub/epostcard/990/xml/2026/202620939349300837_public.xml,https://projects.propublica.org/nonprofits/organizations/237185827,2026-08-25,sources/raw/src-990-ext-federation-of-american-scientists.txt,text/plain; charset=utf-8,1860,15d82877b6dca551204cc177b4c66da520be4d2382e8e46531ae3bbf47622160,2024-07-01 to 2025-06-30,23-7185827,202620939349300837,official filing-derived derivative,Official IRS filing identifier; ProPublica used for navigation/corroboration,ProPublica latest FY2025 filing table,Cash proxy arithmetic and total-proxy arithmetic validated; source-native IRS XML could not be archived in this environment.
SRC-990-EXT-FOOD-ANIMAL-CONCERNS-TRUST,Food Animal Concerns Trust,Form 990 filing-derived snapshot,https://apps.irs.gov/pub/epostcard/990/xml/2026/202620149349300022_public.xml,https://projects.propublica.org/nonprofits/organizations/363172605,2026-08-25,sources/raw/src-990-ext-food-animal-concerns-trust.txt,text/plain; charset=utf-8,1871,ae8b7b014ec69ebdbdd6f4841f8fe8febc0c1903f2dae76801d4034f19763633,2024-07-01 to 2025-06-30,36-3172605,202620149349300022,official filing-derived derivative,Official IRS filing identifier; ProPublica used for navigation/corroboration,ProPublica filing-derived table; official IRS object ID identified from XML link; browser source turn491560view0.,Cash proxy arithmetic and total-proxy arithmetic validated; source-native IRS XML could not be archived in this environment.
SRC-990-EXT-FRAMEWORKS-INSTITUTE,FrameWorks Institute,Form 990 filing-derived snapshot,https://apps.irs.gov/pub/epostcard/990/xml/2026/202641389349300439_public.xml,https://projects.propublica.org/nonprofits/organizations/710891642,2026-08-25,sources/raw/src-990-ext-frameworks-institute.txt,text/plain; charset=utf-8,1818,b13b43d7348b827c4339e6da4fa1707f014faeb99927575c7a0f90d5b2cbe45d,2024-07-01 to 2025-06-30,71-0891642,202641389349300439,official filing-derived derivative,Official IRS filing identifier; ProPublica used for navigation/corroboration,ProPublica filing-derived table lines 21-90; IRS object ID from XML link,Cash proxy arithmetic and total-proxy arithmetic validated; source-native IRS XML could not be archived in this environment.
SRC-990-EXT-FRESH-ENERGY,Fresh Energy,Form 990 filing-derived snapshot,https://apps.irs.gov/pub/epostcard/990/xml/2025/202513169349301031_public.xml,https://projects.propublica.org/nonprofits/organizations/411735501,2026-08-25,sources/raw/src-990-ext-fresh-energy.txt,text/plain; charset=utf-8,2038,9fcebf26306fda3d181ed57cd998c6ee564752e8bb950dedd755128ec92416cb,2024-02-01 to 2025-01-31,41-1735501,202513169349301031,official filing-derived derivative,Official IRS filing identifier; ProPublica used for navigation/corroboration,ProPublica filing-derived table and XML link; browser source turn497898view0 lines 21-89.,Cash proxy arithmetic and total-proxy arithmetic validated; source-native IRS XML could not be archived in this environment.
SRC-990-FLI-2024,Future of Life Institute,Form 990 filing-derived snapshot,https://projects.propublica.org/nonprofits/organizations/471052538,https://projects.propublica.org/nonprofits/organizations/471052538,2026-08-17T18:45:00-07:00,sources/raw/src-990-fli-2024.txt,text/plain; charset=utf-8,1883,85f27a850aca71a19cdd9289cc3d6af7d42d7d3f2088750b73d661965440a570,2024-01-01 to 2024-12-31,47-1052538,not captured,derivative,official filing via IRS; browser rendering via ProPublica where available,turn498315search2,Derivative snapshot only; source-native byte retrieval failed. Facts cross-checked against browser-rendered source and arithmetic where applicable.
SRC-990-EXT-FUTURE-OF-PRIVACY-FORUM,Future of Privacy Forum,Form 990 filing-derived snapshot,https://apps.irs.gov/pub/epostcard/990/xml/2025/202543219349319589_public.xml,https://projects.propublica.org/nonprofits/organizations/453763097,2026-08-25,sources/raw/src-990-ext-future-of-privacy-forum.txt,text/plain; charset=utf-8,1987,4079df6b121bfe4df2be2969a69e3f2665d2883a4ff76b0e98a071950439ebac,2024-01-01 to 2024-12-31,45-3763097,202543219349319589,official filing-derived derivative,Official IRS filing identifier; ProPublica used for navigation/corroboration,"Form 990 Part VII Section A, columns D/E/F; rendered ProPublica Compensation table. Revenue/expenses from rendered Extracted Financial Data. Exact XML element names unavailable without raw XML.",Cash proxy arithmetic and total-proxy arithmetic validated; source-native IRS XML could not be archived in this environment.
SRC-990-FPF-2024,Future of Privacy Forum,Form 990 filing-derived snapshot,https://apps.irs.gov/pub/epostcard/990/xml/2025/202543219349319589_public.xml,https://projects.propublica.org/nonprofits/organizations/453763097,2026-08-17T18:45:00-07:00,sources/raw/src-990-fpf-2024.txt,text/plain; charset=utf-8,1729,6c0cbc8c8339f6978650daea24a3f1e2e1db000aff0faa0c28930b3e9ce02fa7,2024-01-01 to 2024-12-31,45-3763097,202543219349319589,derivative,official filing via IRS; browser rendering via ProPublica where available,turn787259view4 L22-L90,Derivative snapshot only; source-native byte retrieval failed. Facts cross-checked against browser-rendered source and arithmetic where applicable.
SRC-990-EXT-GIVINGTUESDAY,GivingTuesday,Form 990 filing-derived snapshot,https://apps.irs.gov/pub/epostcard/990/xml/2026/202601219349300720_public.xml,https://projects.propublica.org/nonprofits/organizations/842929872,2026-08-25,sources/raw/src-990-ext-givingtuesday.txt,text/plain; charset=utf-8,1894,792aaa67ee83249bd456b50fe21ee933ce2f5903b6dd6646bce8f8d4ba6129a2,2024-07-01 to 2025-06-30,84-2929872,202601219349300720,official filing-derived derivative,Official IRS filing identifier; ProPublica used for navigation/corroboration,ProPublica filing-derived table; official IRS object ID identified from XML link; browser source turn807748view0.,Cash proxy arithmetic and total-proxy arithmetic validated; source-native IRS XML could not be archived in this environment.
SRC-990-EXT-GLOBAL-HEALTH-CORPS,Global Health Corps,Form 990 filing-derived snapshot,https://apps.irs.gov/pub/epostcard/990/xml/2026/202600139349300115_public.xml,https://projects.propublica.org/nonprofits/organizations/800512336,2026-08-25,sources/raw/src-990-ext-global-health-corps.txt,text/plain; charset=utf-8,1935,163d48a914521139f5fb80bb4d8a004d6fd8cec13c3092984eea1f2da953b084,2024-08-01 to 2025-07-31,80-0512336,202600139349300115,official filing-derived derivative,Official IRS filing identifier; ProPublica used for navigation/corroboration,ProPublica filing-derived table and XML link; browser source turn568961view1 lines 21-90.,Cash proxy arithmetic and total-proxy arithmetic validated; source-native IRS XML could not be archived in this environment.
SRC-990-EXT-GOOD-FOOD-INSTITUTE,Good Food Institute,Form 990 filing-derived snapshot,https://apps.irs.gov/pub/epostcard/990/xml/2025/202543189349301719_public.xml,https://projects.propublica.org/nonprofits/organizations/810840578,2026-08-25,sources/raw/src-990-ext-good-food-institute.txt,text/plain; charset=utf-8,1883,842b76553405c827becbeff2d59e478848f402859a3c7eecd5ac135e21f254d9,2024-01-01 to 2024-12-31,81-0840578,202543189349301719,official filing-derived derivative,Official IRS filing identifier; ProPublica used for navigation/corroboration,ProPublica latest 2024 filing table,Cash proxy arithmetic and total-proxy arithmetic validated; source-native IRS XML could not be archived in this environment.
SRC-990-EXT-GRANTMAKERS-FOR-EDUCATION,Grantmakers for Education,Form 990 filing-derived snapshot,https://apps.irs.gov/pub/epostcard/990/xml/2025/202543079349303299_public.xml,https://projects.propublica.org/nonprofits/organizations/330919329,2026-08-25,sources/raw/src-990-ext-grantmakers-for-education.txt,text/plain; charset=utf-8,1895,f7823365670e7855fcc07ac79068e6ef2f58866c7d3aa12afb4be8e87bdfdf88,2024-01-01 to 2024-12-31,33-0919329,202543079349303299,official filing-derived derivative,Official IRS filing identifier; ProPublica used for navigation/corroboration,ProPublica filing-derived table and XML link; browser source turn509907view3 lines 21-90.,Cash proxy arithmetic and total-proxy arithmetic validated; source-native IRS XML could not be archived in this environment.
SRC-990-EXT-GRANTMAKERS-FOR-EFFECTIVE-ORGANIZATIONS,Grantmakers for Effective Organizations,Form 990 filing-derived snapshot,https://apps.irs.gov/pub/epostcard/990/xml/2025/202503109349303655_public.xml,https://projects.propublica.org/nonprofits/organizations/10669150,2026-08-25,sources/raw/src-990-ext-grantmakers-for-effective-organizations.txt,text/plain; charset=utf-8,1731,45eaddedf92d6f817f798ad28cf1d967363dba39a45c8f0309adce6a2b17e08c,2024-01-01 to 2024-12-31,01-0669150,202503109349303655,official filing-derived derivative,Official IRS filing identifier; ProPublica used for navigation/corroboration,ProPublica latest 2024 filing table,Cash proxy arithmetic and total-proxy arithmetic validated; source-native IRS XML could not be archived in this environment.
SRC-990-EXT-GUTTMACHER-INSTITUTE,Guttmacher Institute,Form 990 filing-derived snapshot,https://apps.irs.gov/pub/epostcard/990/xml/2023/202341989349301459_public.xml,https://projects.propublica.org/nonprofits/organizations/132890727,2026-08-25,sources/raw/src-990-ext-guttmacher-institute.txt,text/plain; charset=utf-8,1913,b1dfecfc4a5462e45b1d3a941834c573f8c3185b3643df4aa6efd0363eb94099,2022-01-01 to 2022-12-31,13-2890727,202341989349301459,official filing-derived derivative,Official IRS filing identifier; ProPublica used for navigation/corroboration,ProPublica filing-derived table; official IRS object ID identified from XML link,Cash proxy arithmetic and total-proxy arithmetic validated; source-native IRS XML could not be archived in this environment.
SRC-990-EXT-INDEPENDENT-SECTOR,Independent Sector,Form 990 filing-derived snapshot,https://apps.irs.gov/pub/epostcard/990/xml/2025/202502349349301110_public.xml,https://projects.propublica.org/nonprofits/organizations/521081024,2026-08-25,sources/raw/src-990-ext-independent-sector.txt,text/plain; charset=utf-8,1709,18ff4beb35c32533203682339e695b7650e8c8f8fffd5462e3a80eb1d9e2b168,2024-01-01 to 2024-12-31,52-1081024,202502349349301110,official filing-derived derivative,Official IRS filing identifier; ProPublica used for navigation/corroboration,ProPublica latest 2024 filing table,Cash proxy arithmetic and total-proxy arithmetic validated; source-native IRS XML could not be archived in this environment.
SRC-990-EXT-INFORMATION-TECHNOLOGY-AND-INNOVATION-FOUNDATION,Information Technology and Innovation Foundation,Form 990 filing-derived snapshot,https://apps.irs.gov/pub/epostcard/990/xml/2026/202630159349300603_public.xml,https://projects.propublica.org/nonprofits/organizations/204403497,2026-08-25,sources/raw/src-990-ext-information-technology-and-innovation-foundation.txt,text/plain; charset=utf-8,1917,e7cf93498e0016f0f4f9b07a51281cf74149d94ae5d264c373cfd937ccae4fc9,2024-03-01 to 2025-02-28,20-4403497,202630159349300603,official filing-derived derivative,Official IRS filing identifier; ProPublica used for navigation/corroboration,ProPublica filing-derived table lines 21-89; IRS object ID from XML link,Cash proxy arithmetic and total-proxy arithmetic validated; source-native IRS XML could not be archived in this environment.
SRC-990-EXT-INNOVATIONS-FOR-POVERTY-ACTION,Innovations for Poverty Action,Form 990 filing-derived snapshot,https://apps.irs.gov/pub/epostcard/990/xml/2025/202513169349300641_public.xml,https://projects.propublica.org/nonprofits/organizations/061660068,2026-08-25,sources/raw/src-990-ext-innovations-for-poverty-action.txt,text/plain; charset=utf-8,1869,5fb00574544a5fc1d75625d2395a5fdbec046bba2423e4f851fa5a67ea9a6f37,2024-01-01 to 2024-12-31,06-1660068,202513169349300641,official filing-derived derivative,Official IRS filing identifier; ProPublica used for navigation/corroboration,ProPublica filing-derived table; official IRS object ID identified from XML link,Cash proxy arithmetic and total-proxy arithmetic validated; source-native IRS XML could not be archived in this environment.
SRC-990-EXT-INSTITUTE-FOR-ENERGY-ECONOMICS-AND-FINANCIAL-ANALYSIS,Institute for Energy Economics and Financial Analysis,Form 990 filing-derived snapshot,https://apps.irs.gov/pub/epostcard/990/xml/2025/202541979349300319_public.xml,https://projects.propublica.org/nonprofits/organizations/454244605,2026-08-25,sources/raw/src-990-ext-institute-for-energy-economics-and-financial-analysis.txt,text/plain; charset=utf-8,1860,0fe21f4ad64e8837af0709a8cd4a2254f98465c6de291f5453ecd4440c57cc0a,2024-01-01 to 2024-12-31,45-4244605,202541979349300319,official filing-derived derivative,Official IRS filing identifier; ProPublica used for navigation/corroboration,ProPublica filing-derived table lines 21-89; IRS object ID from XML link,Cash proxy arithmetic and total-proxy arithmetic validated; source-native IRS XML could not be archived in this environment.
SRC-990-EXT-INSTITUTE-FOR-MARKET-TRANSFORMATION,Institute for Market Transformation,Form 990 filing-derived snapshot,https://apps.irs.gov/pub/epostcard/990/xml/2025/202512829349300921_public.xml,https://projects.propublica.org/nonprofits/organizations/943241464,2026-08-25,sources/raw/src-990-ext-institute-for-market-transformation.txt,text/plain; charset=utf-8,2127,db4b22b09ef07c6cd3ab4672ca4752ae5548a6d4b75e9c3abe576bd48bde9f93,2024-01-01 to 2024-12-31,94-3241464,202512829349300921,official filing-derived derivative,Official IRS filing identifier; ProPublica used for navigation/corroboration,ProPublica filing-derived table and prior-year comparison; browser source turn692537view0 lines 25-174.,Cash proxy arithmetic and total-proxy arithmetic validated; source-native IRS XML could not be archived in this environment.
SRC-990-EXT-INSTITUTE-FOR-NONPROFIT-NEWS,Institute for Nonprofit News,Form 990 filing-derived snapshot,https://apps.irs.gov/pub/epostcard/990/xml/2026/202630269349301213_public.xml,https://projects.propublica.org/nonprofits/organizations/272614911,2026-08-25,sources/raw/src-990-ext-institute-for-nonprofit-news.txt,text/plain; charset=utf-8,1915,991af933509f49437e6761106bfd1778b5c1bb1e7b013bd37bf6d04ca5492e4e,2024-01-01 to 2024-12-31,27-2614911,202630269349301213,official filing-derived derivative,Official IRS filing identifier; ProPublica used for navigation/corroboration,ProPublica filing-derived table; official IRS object ID identified from XML link; browser source turn807748view1.,Cash proxy arithmetic and total-proxy arithmetic validated; source-native IRS XML could not be archived in this environment.
SRC-990-EXT-INSTITUTE-FOR-POLICY-STUDIES,Institute for Policy Studies,Form 990 filing-derived snapshot,https://apps.irs.gov/pub/epostcard/990/xml/2025/202513219349302816_public.xml,https://projects.propublica.org/nonprofits/organizations/520788947,2026-08-25,sources/raw/src-990-ext-institute-for-policy-studies.txt,text/plain; charset=utf-8,1807,aff24eddc69c9dd12038d243def128ace95a80b300053a0dc82a8b0d735e0868,2024-01-01 to 2024-12-31,52-0788947,202513219349302816,official filing-derived derivative,Official IRS filing identifier; ProPublica used for navigation/corroboration,ProPublica filing-derived table lines 21-89; IRS object ID from XML link,Cash proxy arithmetic and total-proxy arithmetic validated; source-native IRS XML could not be archived in this environment.
SRC-990-IFP-2024,Institute for Progress,Form 990 filing-derived snapshot,https://projects.propublica.org/nonprofits/organizations/872449729,https://projects.propublica.org/nonprofits/organizations/872449729,2026-08-17T18:45:00-07:00,sources/raw/src-990-ifp-2024.txt,text/plain; charset=utf-8,1751,905ebc5d98021e4636481739edf3f3bf71647849a880e235d36350d9b9b4c305,2024-01-01 to 2024-12-31,87-2449729,not captured,derivative,official filing via IRS; browser rendering via ProPublica where available,turn498315search1,Derivative snapshot only; source-native byte retrieval failed. Facts cross-checked against browser-rendered source and arithmetic where applicable.
SRC-990-EXT-INSTITUTE-FOR-SECURITY-AND-TECHNOLOGY,Institute for Security and Technology,Form 990 filing-derived snapshot,https://apps.irs.gov/pub/epostcard/990/xml/2025/202523219349310552_public.xml,https://projects.propublica.org/nonprofits/organizations/475677755,2026-08-25,sources/raw/src-990-ext-institute-for-security-and-technology.txt,text/plain; charset=utf-8,1874,77f5cd36dd176ec6f519e34e1bfc10ebb5c2f6ca1d3f43f8d36ca35e7c8e8f73,2024-01-01 to 2024-12-31,47-5677755,202523219349310552,official filing-derived derivative,Official IRS filing identifier; ProPublica used for navigation/corroboration,ProPublica filing-derived table lines 21-90; IRS object ID from XML link,Cash proxy arithmetic and total-proxy arithmetic validated; source-native IRS XML could not be archived in this environment.
SRC-990-EXT-INSTITUTE-FOR-WOMEN-S-POLICY-RESEARCH,Institute for Women’s Policy Research,Form 990 filing-derived snapshot,https://apps.irs.gov/pub/epostcard/990/xml/2026/202621349349301217_public.xml,https://projects.propublica.org/nonprofits/organizations/521549572,2026-08-25,sources/raw/src-990-ext-institute-for-women-s-policy-research.txt,text/plain; charset=utf-8,1899,306ce268c832112c1c57fae01c60388f8307c67fd2c03e4b1b18750fc3730c48,2024-07-01 to 2025-06-30,52-1549572,202621349349301217,official filing-derived derivative,Official IRS filing identifier; ProPublica used for navigation/corroboration,ProPublica latest FY2025 filing table plus employer announcement,Cash proxy arithmetic and total-proxy arithmetic validated; source-native IRS XML could not be archived in this environment.
SRC-990-EXT-INSTITUTE-FOR-THE-STUDY-OF-WAR,Institute for the Study of War,Form 990 filing-derived snapshot,https://apps.irs.gov/pub/epostcard/990/xml/2025/202502909349301720_public.xml,https://projects.propublica.org/nonprofits/organizations/260273675,2026-08-25,sources/raw/src-990-ext-institute-for-the-study-of-war.txt,text/plain; charset=utf-8,1877,f0e87bf0b7d8573ab428a6610d963d0d5d9d75ca4c73e17c47e41e5a121be892,2024-01-01 to 2024-12-31,26-0273675,202502909349301720,official filing-derived derivative,Official IRS filing identifier; ProPublica used for navigation/corroboration,ProPublica filing-derived table; official IRS object ID identified from XML link; browser source turn884541view0.,Cash proxy arithmetic and total-proxy arithmetic validated; source-native IRS XML could not be archived in this environment.
SRC-990-EXT-INSTITUTE-ON-TAXATION-AND-ECONOMIC-POLICY,Institute on Taxation and Economic Policy,Form 990 filing-derived snapshot,https://apps.irs.gov/pub/epostcard/990/xml/2026/202611559349300546_public.xml,https://projects.propublica.org/nonprofits/organizations/042688165,2026-08-25,sources/raw/src-990-ext-institute-on-taxation-and-economic-policy.txt,text/plain; charset=utf-8,1894,d1aeaa8eecde655f0a789c0f9d2a87f487dbc7be575b0735224185a3e77140f6,2025-01-01 to 2025-12-31,04-2688165,202611559349300546,official filing-derived derivative,Official IRS filing identifier; ProPublica used for navigation/corroboration,ProPublica filing-derived table lines 21-89; IRS object ID from XML link,Cash proxy arithmetic and total-proxy arithmetic validated; source-native IRS XML could not be archived in this environment.
SRC-990-EXT-INTERNET-SECURITY-RESEARCH-GROUP,Internet Security Research Group,Form 990 filing-derived snapshot,https://apps.irs.gov/pub/epostcard/990/xml/2025/202501889349300640_public.xml,https://projects.propublica.org/nonprofits/organizations/463344200,2026-08-25,sources/raw/src-990-ext-internet-security-research-group.txt,text/plain; charset=utf-8,1909,1dd6926e57291c6494289c9de47fec04735d55b6ee0aa867983f68caeb36ef24,2024-01-01 to 2024-12-31,46-3344200,202501889349300640,official filing-derived derivative,Official IRS filing identifier; ProPublica used for navigation/corroboration,ProPublica filing-derived table; official IRS object ID identified from XML link; browser source turn791228view0.,Cash proxy arithmetic and total-proxy arithmetic validated; source-native IRS XML could not be archived in this environment.
SRC-990-EXT-JAIN-FAMILY-INSTITUTE,Jain Family Institute,Form 990 filing-derived snapshot,https://apps.irs.gov/pub/epostcard/990/xml/2025/202523219349327407_public.xml,https://projects.propublica.org/nonprofits/organizations/474407203,2026-08-25,sources/raw/src-990-ext-jain-family-institute.txt,text/plain; charset=utf-8,1848,4790bd8ff41850d2f00d77363dd971bbb3ac5112c223fb2937a0bf6b1bcbc852,2024-01-01 to 2024-12-31,47-4407203,202523219349327407,official filing-derived derivative,Official IRS filing identifier; ProPublica used for navigation/corroboration,ProPublica filing-derived table and XML link; browser source turn518192view1 lines 21-89.,Cash proxy arithmetic and total-proxy arithmetic validated; source-native IRS XML could not be archived in this environment.
SRC-990-EXT-LAST-MILE-HEALTH,Last Mile Health,Form 990 filing-derived snapshot,https://apps.irs.gov/pub/epostcard/990/xml/2026/202631359349305343_public.xml,https://projects.propublica.org/nonprofits/organizations/261401736,2026-08-25,sources/raw/src-990-ext-last-mile-health.txt,text/plain; charset=utf-8,1875,2e50de79afa29579d991b0b6f4e928560b7683b30582e8be8b6cc0068976bb0b,2024-07-01 to 2025-06-30,26-1401736,202631359349305343,official filing-derived derivative,Official IRS filing identifier; ProPublica used for navigation/corroboration,ProPublica filing-derived table; official IRS object ID identified from XML link,Cash proxy arithmetic and total-proxy arithmetic validated; source-native IRS XML could not be archived in this environment.
SRC-990-EXT3-LAWFARE-INSTITUTE,Lawfare Institute,Form 990 filing-derived snapshot,https://apps.irs.gov/pub/epostcard/990/xml/2025/202523219349307027_public.xml,https://projects.propublica.org/nonprofits/organizations/462967640,2026-08-25T17:45:00-0700,sources/raw/src-990-ext3-lawfare-institute.txt,text/plain; charset=utf-8,2044,dfa2f7ed18569c7b6c8223937770c34b4719886e329d210701f9ea2133fb71a4,2024-01-01 to 2024-12-31,46-2967640,202523219349307027,official filing-derived derivative,Official IRS filing identifier; ProPublica used for navigation/corroboration,ProPublica Nonprofit Explorer rendered Form 990 financial and compensation tables; official IRS object ID captured from filing XML link. ProPublica page turn763366view0; latest filing reviewed.,Cash proxy arithmetic and total-proxy arithmetic validated; source-native IRS XML could not be archived in this environment.
SRC-990-EXT3-LEARNING-POLICY-INSTITUTE,Learning Policy Institute,Form 990 filing-derived snapshot,https://apps.irs.gov/pub/epostcard/990/xml/2025/202503179349312065_public.xml,https://projects.propublica.org/nonprofits/organizations/472772048,2026-08-25T17:45:00-0700,sources/raw/src-990-ext3-learning-policy-institute.txt,text/plain; charset=utf-8,2148,e3fcac3b6ebbbb10b572a9999626cd15176ba18185866c930df15999b37bb118,2024-01-01 to 2024-12-31,47-2772048,202503179349312065,official filing-derived derivative,Official IRS filing identifier; ProPublica used for navigation/corroboration,"ProPublica Nonprofit Explorer rendered Form 990 financial and compensation tables; official IRS object ID captured from filing XML link. ProPublica lines 23-34, 67-90 in turn604752view0.",Cash proxy arithmetic and total-proxy arithmetic validated; source-native IRS XML could not be archived in this environment.
SRC-990-EXT-LIVING-GOODS,Living Goods,Form 990 filing-derived snapshot,https://apps.irs.gov/pub/epostcard/990/xml/2024/202433199349307518_public.xml,https://projects.propublica.org/nonprofits/organizations/205010527,2026-08-25,sources/raw/src-990-ext-living-goods.txt,text/plain; charset=utf-8,1904,973f92e74239782deca583436fa6e9fda60a36dedbc3e0bfb7839150dcc0961d,2023-01-01 to 2023-12-31,20-5010527,202433199349307518,official filing-derived derivative,Official IRS filing identifier; ProPublica used for navigation/corroboration,ProPublica filing-derived table; official IRS object ID identified from XML link,Cash proxy arithmetic and total-proxy arithmetic validated; source-native IRS XML could not be archived in this environment.
SRC-990-EXT-MERCY-FOR-ANIMALS,Mercy For Animals,Form 990 filing-derived snapshot,https://apps.irs.gov/pub/epostcard/990/xml/2025/202502259349301135_public.xml,https://projects.propublica.org/nonprofits/organizations/542076145,2026-08-25,sources/raw/src-990-ext-mercy-for-animals.txt,text/plain; charset=utf-8,1874,27b8abc77d9fba1a4f61d59c6e1faeca89811ccf9fc73bee88030a4be0e1dc24,2024-01-01 to 2024-12-31,54-2076145,202502259349301135,official filing-derived derivative,Official IRS filing identifier; ProPublica used for navigation/corroboration,ProPublica filing-derived table; official IRS object ID identified from XML link,Cash proxy arithmetic and total-proxy arithmetic validated; source-native IRS XML could not be archived in this environment.
SRC-990-EXT-MIGRATION-POLICY-INSTITUTE,Migration Policy Institute,Form 990 filing-derived snapshot,https://apps.irs.gov/pub/epostcard/990/xml/2026/202601359349310000_public.xml,https://projects.propublica.org/nonprofits/organizations/522279789,2026-08-25,sources/raw/src-990-ext-migration-policy-institute.txt,text/plain; charset=utf-8,1718,c5b2aab5ee89e91d67210e7e6bab7f95722616caebd4104fdfa9e6120d49b1a0,2024-07-01 to 2025-06-30,52-2279789,202601359349310000,official filing-derived derivative,Official IRS filing identifier; ProPublica used for navigation/corroboration,ProPublica latest FY2025 filing table,Cash proxy arithmetic and total-proxy arithmetic validated; source-native IRS XML could not be archived in this environment.
SRC-990-EXT-MUCKROCK-FOUNDATION,MuckRock Foundation,Form 990 filing-derived snapshot,https://apps.irs.gov/pub/epostcard/990/xml/2024/202403119349300920_public.xml,https://projects.propublica.org/nonprofits/organizations/811485228,2026-08-25,sources/raw/src-990-ext-muckrock-foundation.txt,text/plain; charset=utf-8,2060,fc0fbf49984f32f971e9488fcb8ba288021513288e970c977c33dc7921ce0d91,2023-01-01 to 2023-12-31,81-1485228,202403119349300920,official filing-derived derivative,Official IRS filing identifier; ProPublica used for navigation/corroboration,ProPublica filing-derived table and XML link; browser source turn933533view3 lines 92-163.,Cash proxy arithmetic and total-proxy arithmetic validated; source-native IRS XML could not be archived in this environment.
SRC-990-EXT3-NATIONAL-ACADEMY-FOR-STATE-HEALTH-POLICY,National Academy for State Health Policy,Form 990 filing-derived snapshot,https://apps.irs.gov/pub/epostcard/990/xml/2025/202503179349302775_public.xml,https://projects.propublica.org/nonprofits/organizations/521576801,2026-08-25T17:45:00-0700,sources/raw/src-990-ext3-national-academy-for-state-health-policy.txt,text/plain; charset=utf-8,2060,65ea2b5630466625862bd5d429f22fa833c1592454942091fe595e39f04408fa,2024-01-01 to 2024-12-31,52-1576801,202503179349302775,official filing-derived derivative,Official IRS filing identifier; ProPublica used for navigation/corroboration,"ProPublica Nonprofit Explorer rendered Form 990 financial and compensation tables; official IRS object ID captured from filing XML link. ProPublica lines 42-55, 88-111 in turn924991view0.",Cash proxy arithmetic and total-proxy arithmetic validated; source-native IRS XML could not be archived in this environment.
SRC-990-EXT-NATIONAL-COMMITTEE-FOR-RESPONSIVE-PHILANTHROPY,National Committee for Responsive Philanthropy,Form 990 filing-derived snapshot,https://apps.irs.gov/pub/epostcard/990/xml/2026/202610449349300906_public.xml,https://projects.propublica.org/nonprofits/organizations/521072749,2026-08-25,sources/raw/src-990-ext-national-committee-for-responsive-philanthropy.txt,text/plain; charset=utf-8,1741,257d9e71f9648bb36e712e25c179d0ca288b44e78fed4f7cbc06446a01357e5d,2024-10-01 to 2025-09-30,52-1072749,202610449349300906,official filing-derived derivative,Official IRS filing identifier; ProPublica used for navigation/corroboration,ProPublica latest FY2025 filing table,Cash proxy arithmetic and total-proxy arithmetic validated; source-native IRS XML could not be archived in this environment.
SRC-990-EXT-NATIONAL-EMPLOYMENT-LAW-PROJECT,National Employment Law Project,Form 990 filing-derived snapshot,https://apps.irs.gov/pub/epostcard/990/xml/2025/202523089349302957_public.xml,https://projects.propublica.org/nonprofits/organizations/132758558,2026-08-25,sources/raw/src-990-ext-national-employment-law-project.txt,text/plain; charset=utf-8,1841,24343c1c287ba574cfc05e1d50bfb8758bc2faf1281e56e588376b09edd16f2d,2024-01-01 to 2024-12-31,13-2758558,202523089349302957,official filing-derived derivative,Official IRS filing identifier; ProPublica used for navigation/corroboration,ProPublica filing-derived table lines 20-88; IRS object ID from XML link,Cash proxy arithmetic and total-proxy arithmetic validated; source-native IRS XML could not be archived in this environment.
SRC-990-EXT-NEW-AMERICA,New America,Form 990 filing-derived snapshot,https://apps.irs.gov/pub/epostcard/990/xml/2025/202513109349304131_public.xml,https://projects.propublica.org/nonprofits/organizations/522096845,2026-08-25,sources/raw/src-990-ext-new-america.txt,text/plain; charset=utf-8,1827,f5e8e24102cbd026afb87343bf137495875b05c9ca9a31fb943f7c04e55886f9,2024-01-01 to 2024-12-31,52-2096845,202513109349304131,official filing-derived derivative,Official IRS filing identifier; ProPublica used for navigation/corroboration,ProPublica filing-derived table lines 26-100; IRS object ID from XML link,Cash proxy arithmetic and total-proxy arithmetic validated; source-native IRS XML could not be archived in this environment.
SRC-990-EXT-NEW-ROOTS-INSTITUTE,New Roots Institute,Form 990 filing-derived snapshot,https://apps.irs.gov/pub/epostcard/990/xml/2025/202523519349301637_public.xml,https://projects.propublica.org/nonprofits/organizations/824594246,2026-08-25,sources/raw/src-990-ext-new-roots-institute.txt,text/plain; charset=utf-8,1825,896cd373184e13edad828680d2a2183ee16c948e157e600c2128726c50200954,2024-07-01 to 2025-06-30,82-4594246,202523519349301637,official filing-derived derivative,Official IRS filing identifier; ProPublica used for navigation/corroboration,ProPublica filing-derived table; official IRS object ID identified from XML link,Cash proxy arithmetic and total-proxy arithmetic validated; source-native IRS XML could not be archived in this environment.
SRC-990-EXT-NISKANEN-CENTER,Niskanen Center,Form 990 filing-derived snapshot,https://apps.irs.gov/pub/epostcard/990/xml/2025/202523179349301947_public.xml,https://projects.propublica.org/nonprofits/organizations/455308952,2026-08-25,sources/raw/src-990-ext-niskanen-center.txt,text/plain; charset=utf-8,1925,a069ba513891fd54420133de5f75ef244f8c5d9a2135598289d6248f05e7aed3,2024-01-01 to 2024-12-31,45-5308952,202523179349301947,official filing-derived derivative,Official IRS filing identifier; ProPublica used for navigation/corroboration,"Form 990 Part VII Section A, columns D/E/F; rendered ProPublica Compensation table. Revenue/expenses from rendered Extracted Financial Data. Exact XML element names unavailable without raw XML.",Cash proxy arithmetic and total-proxy arithmetic validated; source-native IRS XML could not be archived in this environment.
SRC-990-NISK-2024,Niskanen Center,Form 990 filing-derived snapshot,https://apps.irs.gov/pub/epostcard/990/xml/2025/202523179349301947_public.xml,https://projects.propublica.org/nonprofits/organizations/455308952,2026-08-17T18:45:00-07:00,sources/raw/src-990-nisk-2024.txt,text/plain; charset=utf-8,1653,20b70bc5b331a92e7c3d81effda504c81fa4a707263a267c074d202ae8bd9442,2024-01-01 to 2024-12-31,45-5308952,202523179349301947,derivative,official filing via IRS; browser rendering via ProPublica where available,turn248812view2 L21-L91,Derivative snapshot only; source-native byte retrieval failed. Facts cross-checked against browser-rendered source and arithmetic where applicable.
SRC-990-EXT3-NUCLEAR-INNOVATION-ALLIANCE,Nuclear Innovation Alliance,Form 990 filing-derived snapshot,https://apps.irs.gov/pub/epostcard/990/xml/2026/202621339349301817_public.xml,https://projects.propublica.org/nonprofits/organizations/371859117,2026-08-25T17:45:00-0700,sources/raw/src-990-ext3-nuclear-innovation-alliance.txt,text/plain; charset=utf-8,2004,1b02431230919c8f5a39a95010acdf9b4785536fa73cd3ccd287dbe54f4ae5ce,2025-01-01 to 2025-12-31,37-1859117,202621339349301817,official filing-derived derivative,Official IRS filing identifier; ProPublica used for navigation/corroboration,"ProPublica Nonprofit Explorer rendered Form 990 financial and compensation tables; official IRS object ID captured from filing XML link. ProPublica lines 21-34, 67-89 in turn652640view2.",Cash proxy arithmetic and total-proxy arithmetic validated; source-native IRS XML could not be archived in this environment.
SRC-990-EXT-NUCLEAR-THREAT-INITIATIVE,Nuclear Threat Initiative,Form 990 filing-derived snapshot,https://apps.irs.gov/pub/epostcard/990/xml/2025/202522119349301667_public.xml,https://projects.propublica.org/nonprofits/organizations/522289435,2026-08-25,sources/raw/src-990-ext-nuclear-threat-initiative.txt,text/plain; charset=utf-8,1896,087c8899170f864c7207b8d1b809b4517bc28a4f5b41bab13cb7ac750d22b3b0,2024-01-01 to 2024-12-31,52-2289435,202522119349301667,official filing-derived derivative,Official IRS filing identifier; ProPublica used for navigation/corroboration,ProPublica latest 2024 filing table,Cash proxy arithmetic and total-proxy arithmetic validated; source-native IRS XML could not be archived in this environment.
SRC-990-EXT-NUMFOCUS,NumFOCUS,Form 990 filing-derived snapshot,https://apps.irs.gov/pub/epostcard/990/xml/2025/202512979349301136_public.xml,https://projects.propublica.org/nonprofits/organizations/454547709,2026-08-25,sources/raw/src-990-ext-numfocus.txt,text/plain; charset=utf-8,1953,f42092efab8cce6d011504f9c537b653e998f6bd4658f3ec6fb354e063744738,2024-01-01 to 2024-12-31,45-4547709,202512979349301136,official filing-derived derivative,Official IRS filing identifier; ProPublica used for navigation/corroboration,ProPublica filing-derived table and XML link; browser source turn509907view0 lines 23-91.,Cash proxy arithmetic and total-proxy arithmetic validated; source-native IRS XML could not be archived in this environment.
SRC-990-EXT-ORCID,ORCID,Form 990 filing-derived snapshot,https://apps.irs.gov/pub/epostcard/990/xml/2025/202501769349301020_public.xml,https://projects.propublica.org/nonprofits/organizations/275142743,2026-08-25,sources/raw/src-990-ext-orcid.txt,text/plain; charset=utf-8,1834,76817ef8d9d052cc9b26b22f79808d29d7b7389c07edbe4106edb0c4b74d63b9,2024-01-01 to 2024-12-31,27-5142743,202501769349301020,official filing-derived derivative,Official IRS filing identifier; ProPublica used for navigation/corroboration,ProPublica filing-derived table and XML link; browser source turn933533view1 lines 22-90.,Cash proxy arithmetic and total-proxy arithmetic validated; source-native IRS XML could not be archived in this environment.
SRC-990-EXT-OPEN-MARKETS-INSTITUTE,Open Markets Institute,Form 990 filing-derived snapshot,https://apps.irs.gov/pub/epostcard/990/xml/2025/202533209349300548_public.xml,https://projects.propublica.org/nonprofits/organizations/822529375,2026-08-25,sources/raw/src-990-ext-open-markets-institute.txt,text/plain; charset=utf-8,1821,49cc43ddeb5aede450d3474a28f0989c50dc7a02fd2396a021d354b10973c6d6,2024-01-01 to 2024-12-31,82-2529375,202533209349300548,official filing-derived derivative,Official IRS filing identifier; ProPublica used for navigation/corroboration,ProPublica filing-derived table lines 21-90; IRS object ID from XML link,Cash proxy arithmetic and total-proxy arithmetic validated; source-native IRS XML could not be archived in this environment.
SRC-990-EXT-OPEN-SOURCE-INITIATIVE,Open Source Initiative,Form 990 filing-derived snapshot,https://apps.irs.gov/pub/epostcard/990/xml/2025/202533079349301473_public.xml,https://projects.propublica.org/nonprofits/organizations/912037395,2026-08-25,sources/raw/src-990-ext-open-source-initiative.txt,text/plain; charset=utf-8,1890,1f369506150d329d48566b078a0eec542f27fdd1146daef3bcae2c7cbc838f94,2024-01-01 to 2024-12-31,91-2037395,202533079349301473,official filing-derived derivative,Official IRS filing identifier; ProPublica used for navigation/corroboration,ProPublica filing-derived table and XML link; browser source turn509907view2 lines 21-89.,Cash proxy arithmetic and total-proxy arithmetic validated; source-native IRS XML could not be archived in this environment.
SRC-990-EXT-OPEN-TECHNOLOGY-FUND,Open Technology Fund,Form 990 filing-derived snapshot,https://apps.irs.gov/pub/epostcard/990/xml/2025/202502249349302770_public.xml,https://projects.propublica.org/nonprofits/organizations/843126447,2026-08-25,sources/raw/src-990-ext-open-technology-fund.txt,text/plain; charset=utf-8,1965,bbb4ab8219a830c44340bda3f669a8fd54dc8e5e9d5ffc8ca371513d79a079cc,2023-10-01 to 2024-09-30,84-3126447,202502249349302770,official filing-derived derivative,Official IRS filing identifier; ProPublica used for navigation/corroboration,ProPublica filing-derived table; official IRS object ID identified from XML link; browser source turn906101view0.,Cash proxy arithmetic and total-proxy arithmetic validated; source-native IRS XML could not be archived in this environment.
SRC-990-EXT-OPENSECRETS,OpenSecrets,Form 990 filing-derived snapshot,https://apps.irs.gov/pub/epostcard/990/xml/2026/202631979349301803_public.xml,https://projects.propublica.org/nonprofits/organizations/521275227,2026-08-25,sources/raw/src-990-ext-opensecrets.txt,text/plain; charset=utf-8,1865,c9fe6e5bfc634b2101675784ba8ded0b6d63e574b6efcb66acea445ed87032f2,2025-01-01 to 2025-12-31,52-1275227,202631979349301803,official filing-derived derivative,Official IRS filing identifier; ProPublica used for navigation/corroboration,ProPublica filing-derived table and XML link; browser source turn933533view2 lines 21-89.,Cash proxy arithmetic and total-proxy arithmetic validated; source-native IRS XML could not be archived in this environment.
SRC-990-EXT-PEAK-GRANTMAKING,PEAK Grantmaking,Form 990 filing-derived snapshot,https://apps.irs.gov/pub/epostcard/990/xml/2025/202511219349301641_public.xml,https://projects.propublica.org/nonprofits/organizations/743158155,2026-08-25,sources/raw/src-990-ext-peak-grantmaking.txt,text/plain; charset=utf-8,1685,edd1b52f404247104eec5add7faebcd5db28f2e07f34e40a04c4da692874ed24,2024-01-01 to 2024-12-31,74-3158155,202511219349301641,official filing-derived derivative,Official IRS filing identifier; ProPublica used for navigation/corroboration,ProPublica latest 2024 filing table,Cash proxy arithmetic and total-proxy arithmetic validated; source-native IRS XML could not be archived in this environment.
SRC-990-EXT-PARTNERSHIP-ON-AI,Partnership on AI,Form 990 filing-derived snapshot,https://apps.irs.gov/pub/epostcard/990/xml/2025/202543219349322709_public.xml,https://projects.propublica.org/nonprofits/organizations/320518917,2026-08-25,sources/raw/src-990-ext-partnership-on-ai.txt,text/plain; charset=utf-8,1886,d6579d468831b2a8e0d8caeae04aeb3ea95cb0c9de72748c5d1c4a97e04d04ff,2024-01-01 to 2024-12-31,32-0518917,202543219349322709,official filing-derived derivative,Official IRS filing identifier; ProPublica used for navigation/corroboration,"Form 990 Part VII Section A, columns D/E/F; rendered ProPublica Compensation table. Revenue/expenses from rendered Extracted Financial Data. Exact XML element names unavailable without raw XML.",Cash proxy arithmetic and total-proxy arithmetic validated; source-native IRS XML could not be archived in this environment.
SRC-990-PAI-2024,Partnership on AI,Form 990 filing-derived snapshot,https://apps.irs.gov/pub/epostcard/990/xml/2025/202543219349322709_public.xml,https://projects.propublica.org/nonprofits/organizations/320518917,2026-08-17T18:45:00-07:00,sources/raw/src-990-pai-2024.txt,text/plain; charset=utf-8,1662,2794250ff343ecdd7bc042d724a30f018b78efef6e438db44b5e7ca19d9da801,2024-01-01 to 2024-12-31,32-0518917,202543219349322709,derivative,official filing via IRS; browser rendering via ProPublica where available,turn787259view2 L21-L96,Derivative snapshot only; source-native byte retrieval failed. Facts cross-checked against browser-rendered source and arithmetic where applicable.
SRC-990-EXT-PETERSON-INSTITUTE-FOR-INTERNATIONAL-ECONOMICS,Peterson Institute for International Economics,Form 990 filing-derived snapshot,https://apps.irs.gov/pub/epostcard/990/xml/2026/202611189349300636_public.xml,https://projects.propublica.org/nonprofits/organizations/521226967,2026-08-25,sources/raw/src-990-ext-peterson-institute-for-international-economics.txt,text/plain; charset=utf-8,1759,f548fe6d6b78fad50b355c9dc9a9a58382400eef95c190abcd78056610e30bc8,2024-07-01 to 2025-06-30,52-1226967,202611189349300636,official filing-derived derivative,Official IRS filing identifier; ProPublica used for navigation/corroboration,ProPublica latest FY2025 filing table,Cash proxy arithmetic and total-proxy arithmetic validated; source-native IRS XML could not be archived in this environment.
SRC-990-EXT-PHYSICIANS-COMMITTEE-FOR-RESPONSIBLE-MEDICINE,Physicians Committee for Responsible Medicine,Form 990 filing-derived snapshot,https://apps.irs.gov/pub/epostcard/990/xml/2026/202630169349300803_public.xml,https://projects.propublica.org/nonprofits/organizations/521394893,2026-08-25,sources/raw/src-990-ext-physicians-committee-for-responsible-medicine.txt,text/plain; charset=utf-8,1853,dd5f6aeadb61e40e42274f9b8438f961ba0fe0bfcd87483ae646cc5398d324f9,2024-08-01 to 2025-07-31,52-1394893,202630169349300803,official filing-derived derivative,Official IRS filing identifier; ProPublica used for navigation/corroboration,ProPublica latest FY2025 filing table,Cash proxy arithmetic and total-proxy arithmetic validated; source-native IRS XML could not be archived in this environment.
SRC-990-EXT-PHYSICIANS-FOR-SOCIAL-RESPONSIBILITY,Physicians for Social Responsibility,Form 990 filing-derived snapshot,https://apps.irs.gov/pub/epostcard/990/xml/2025/202512749349301461_public.xml,https://projects.propublica.org/nonprofits/organizations/237059731,2026-08-25,sources/raw/src-990-ext-physicians-for-social-responsibility.txt,text/plain; charset=utf-8,1966,7f0cbf87a247c56f51ed8f4cf084361f7616ac184510e94c477dc00ecda75deb,2024-01-01 to 2024-12-31,23-7059731,202512749349301461,official filing-derived derivative,Official IRS filing identifier; ProPublica used for navigation/corroboration,ProPublica filing-derived table; official IRS object ID identified from XML link; browser source turn682727view1.,Cash proxy arithmetic and total-proxy arithmetic validated; source-native IRS XML could not be archived in this environment.
SRC-990-EXT-PLOUGHSHARES-FUND,Ploughshares Fund,Form 990 filing-derived snapshot,https://apps.irs.gov/pub/epostcard/990/xml/2026/202620979349300102_public.xml,https://projects.propublica.org/nonprofits/organizations/942764520,2026-08-25,sources/raw/src-990-ext-ploughshares-fund.txt,text/plain; charset=utf-8,1973,4358ec3a28e4c477f6cec6dfb41d2ef76cd68d7b686f453a940578e8190e82a1,2024-07-01 to 2025-06-30,94-2764520,202620979349300102,official filing-derived derivative,Official IRS filing identifier; ProPublica used for navigation/corroboration,ProPublica filing-derived table; official IRS object ID identified from XML link; browser source turn798240view0.,Cash proxy arithmetic and total-proxy arithmetic validated; source-native IRS XML could not be archived in this environment.
SRC-990-EXT-POPULATION-REFERENCE-BUREAU,Population Reference Bureau,Form 990 filing-derived snapshot,https://apps.irs.gov/pub/epostcard/990/xml/2025/202501789349301305_public.xml,https://projects.propublica.org/nonprofits/organizations/530214030,2026-08-25,sources/raw/src-990-ext-population-reference-bureau.txt,text/plain; charset=utf-8,1912,8945b0701be49f1ceb446d9b05e9ce1516b2473893d811739e299ef59c6cdb52,2023-10-01 to 2024-09-30,53-0214030,202501789349301305,official filing-derived derivative,Official IRS filing identifier; ProPublica used for navigation/corroboration,ProPublica FY2024 filing table,Cash proxy arithmetic and total-proxy arithmetic validated; source-native IRS XML could not be archived in this environment.
SRC-990-EXT-PRECISION-DEVELOPMENT,Precision Development,Form 990 filing-derived snapshot,https://apps.irs.gov/pub/epostcard/990/xml/2024/202433199349302193_public.xml,https://projects.propublica.org/nonprofits/organizations/810779400,2026-08-25,sources/raw/src-990-ext-precision-development.txt,text/plain; charset=utf-8,1925,10c7d8d597b1e6edb5cf7ed8443f6ff413a78bf00b535ebdbe6ccf51bf022736,2023-01-01 to 2023-12-31,81-0779400,202433199349302193,official filing-derived derivative,Official IRS filing identifier; ProPublica used for navigation/corroboration,ProPublica filing-derived table; official IRS object ID identified from XML link,Cash proxy arithmetic and total-proxy arithmetic validated; source-native IRS XML could not be archived in this environment.
SRC-990-EXT-PROJECT-DRAWDOWN,Project Drawdown,Form 990 filing-derived snapshot,https://apps.irs.gov/pub/epostcard/990/xml/2025/202512529349301621_public.xml,https://projects.propublica.org/nonprofits/organizations/383705448,2026-08-25,sources/raw/src-990-ext-project-drawdown.txt,text/plain; charset=utf-8,1906,95f9eeb5921bb6f59f7db93c0a1f147c83e49db5b3098effa0223dbb7075382c,2024-01-01 to 2024-12-31,38-3705448,202512529349301621,official filing-derived derivative,Official IRS filing identifier; ProPublica used for navigation/corroboration,ProPublica filing-derived table and XML link; browser source turn692537view1 lines 22-90.,Cash proxy arithmetic and total-proxy arithmetic validated; source-native IRS XML could not be archived in this environment.
SRC-990-EXT-PROJECT-HEALTHY-CHILDREN,Project Healthy Children,Form 990 filing-derived snapshot,https://apps.irs.gov/pub/epostcard/990/xml/2024/202422259349302007_public.xml,https://projects.propublica.org/nonprofits/organizations/830396815,2026-08-25,sources/raw/src-990-ext-project-healthy-children.txt,text/plain; charset=utf-8,2058,94b35f9c745f0ebc74dd33f4a0c2ed18b0865342e69f88b4444cbd06647908c9,2022-10-01 to 2023-09-30,83-0396815,202422259349302007,official filing-derived derivative,Official IRS filing identifier; ProPublica used for navigation/corroboration,ProPublica filing-derived table; official IRS object ID identified from XML link; browser source turn805570view3.,Cash proxy arithmetic and total-proxy arithmetic validated; source-native IRS XML could not be archived in this environment.
SRC-990-EXT-PUBLIC-AGENDA,Public Agenda,Form 990 filing-derived snapshot,https://apps.irs.gov/pub/epostcard/990/xml/2026/202631029349300503_public.xml,https://projects.propublica.org/nonprofits/organizations/132847587,2026-08-25,sources/raw/src-990-ext-public-agenda.txt,text/plain; charset=utf-8,1844,4fc7ee5dde0eaf07b84837b50c1b0956f8dcc6f058e16e52ba5953ac6feb20be,2024-07-01 to 2025-06-30,13-2847587,202631029349300503,official filing-derived derivative,Official IRS filing identifier; ProPublica used for navigation/corroboration,ProPublica filing-derived table lines 20-89; IRS object ID from XML link,Cash proxy arithmetic and total-proxy arithmetic validated; source-native IRS XML could not be archived in this environment.
SRC-990-EXT-PUBLIC-KNOWLEDGE,Public Knowledge,Form 990 filing-derived snapshot,https://apps.irs.gov/pub/epostcard/990/xml/2025/202533149349301903_public.xml,https://projects.propublica.org/nonprofits/organizations/522336690,2026-08-25,sources/raw/src-990-ext-public-knowledge.txt,text/plain; charset=utf-8,1733,3e4f0f79acee790c93770750119769cd840ef4f483deb38b6a5cfceb16d9880d,2024-01-01 to 2024-12-31,52-2336690,202533149349301903,official filing-derived derivative,Official IRS filing identifier; ProPublica used for navigation/corroboration,ProPublica latest 2024 filing table,Cash proxy arithmetic and total-proxy arithmetic validated; source-native IRS XML could not be archived in this environment.
SRC-990-EXT-PUBLIC-RELIGION-RESEARCH-INSTITUTE,Public Religion Research Institute,Form 990 filing-derived snapshot,https://apps.irs.gov/pub/epostcard/990/xml/2025/202533189349309763_public.xml,https://projects.propublica.org/nonprofits/organizations/270586980,2026-08-25,sources/raw/src-990-ext-public-religion-research-institute.txt,text/plain; charset=utf-8,1971,032baf01bb120db30ae0586f2e50f6c7563746ff77139b07c29bbde35bcd901c,2024-01-01 to 2024-12-31,27-0586980,202533189349309763,official filing-derived derivative,Official IRS filing identifier; ProPublica used for navigation/corroboration,ProPublica filing-derived table lines 21-89; IRS object ID from XML link,Cash proxy arithmetic and total-proxy arithmetic validated; source-native IRS XML could not be archived in this environment.
SRC-990-EXT-PURE-EARTH,Pure Earth,Form 990 filing-derived snapshot,https://apps.irs.gov/pub/epostcard/990/xml/2025/202532809349302073_public.xml,https://projects.propublica.org/nonprofits/organizations/134075779,2026-08-25,sources/raw/src-990-ext-pure-earth.txt,text/plain; charset=utf-8,1782,df87a9167062f8f05c074469495e9473e37d9a54be3598046fb39c6c984c3e0c,2024-01-01 to 2024-12-31,13-4075779,202532809349302073,official filing-derived derivative,Official IRS filing identifier; ProPublica used for navigation/corroboration,ProPublica latest 2024 filing table,Cash proxy arithmetic and total-proxy arithmetic validated; source-native IRS XML could not be archived in this environment.
SRC-990-EXT-QUINCY-INSTITUTE-FOR-RESPONSIBLE-STATECRAFT,Quincy Institute for Responsible Statecraft,Form 990 filing-derived snapshot,https://apps.irs.gov/pub/epostcard/990/xml/2025/202523169349300137_public.xml,https://projects.propublica.org/nonprofits/organizations/842285143,2026-08-25,sources/raw/src-990-ext-quincy-institute-for-responsible-statecraft.txt,text/plain; charset=utf-8,1859,26adeadf96289c148b2c34414412fc165aef05a586f2d325b1011345959e3bd7,2024-01-01 to 2024-12-31,84-2285143,202523169349300137,official filing-derived derivative,Official IRS filing identifier; ProPublica used for navigation/corroboration,ProPublica filing-derived table lines 21-89; IRS object ID from XML link,Cash proxy arithmetic and total-proxy arithmetic validated; source-native IRS XML could not be archived in this environment.
SRC-990-EXT-R-STREET-INSTITUTE,R Street Institute,Form 990 filing-derived snapshot,https://apps.irs.gov/pub/epostcard/990/xml/2025/202503119349301245_public.xml,https://projects.propublica.org/nonprofits/organizations/263477125,2026-08-25,sources/raw/src-990-ext-r-street-institute.txt,text/plain; charset=utf-8,2041,0e0a851b9e10f76c32f9f0f14e94be8e057d604c19fb9f21d9f54e4776048daf,2024-01-01 to 2024-12-31,26-3477125,202503119349301245,official filing-derived derivative,Official IRS filing identifier; ProPublica used for navigation/corroboration,"Form 990 Part VII Section A, columns D/E/F; rendered ProPublica Compensation table. Revenue/expenses from rendered Extracted Financial Data. Exact XML element names unavailable without raw XML.",Cash proxy arithmetic and total-proxy arithmetic validated; source-native IRS XML could not be archived in this environment.
SRC-990-RSTREET-2024,R Street Institute,Form 990 filing-derived snapshot,https://apps.irs.gov/pub/epostcard/990/xml/2025/202503119349301245_public.xml,https://projects.propublica.org/nonprofits/organizations/263477125,2026-08-17T18:45:00-07:00,sources/raw/src-990-rstreet-2024.txt,text/plain; charset=utf-8,1814,2f8fed79588ac3b8b9349f68dec4f9301c9b0810f7b35e86f334414bfa8dfc9d,2024-01-01 to 2024-12-31,26-3477125,202503119349301245,derivative,official filing via IRS; browser rendering via ProPublica where available,turn263277view7 L21-L74,Derivative snapshot only; source-native byte retrieval failed. Facts cross-checked against browser-rendered source and arithmetic where applicable.
SRC-990-EXT-REDWOOD-RESEARCH,Redwood Research,Form 990 filing-derived snapshot,https://apps.irs.gov/pub/epostcard/990/xml/2025/202503199349302920_public.xml,https://projects.propublica.org/nonprofits/organizations/871702255,2026-08-25,sources/raw/src-990-ext-redwood-research.txt,text/plain; charset=utf-8,1856,d09cfadeb43fb3f6775cff42a2267690232bb389a8b2be454656dbce0bfb4719,2024-01-01 to 2024-12-31,87-1702255,202503199349302920,official filing-derived derivative,Official IRS filing identifier; ProPublica used for navigation/corroboration,ProPublica filing-derived table; official IRS object ID identified from XML link,Cash proxy arithmetic and total-proxy arithmetic validated; source-native IRS XML could not be archived in this environment.
SRC-990-EXT-RESEARCH-AMERICA,Research!America,Form 990 filing-derived snapshot,https://apps.irs.gov/pub/epostcard/990/xml/2026/202601319349302140_public.xml,https://projects.propublica.org/nonprofits/organizations/521609875,2026-08-25,sources/raw/src-990-ext-research-america.txt,text/plain; charset=utf-8,1711,38bed50d76699686f599ef4467cdbe930b4b6a94c19d0a945085c07dc3464629,2025-01-01 to 2025-12-31,52-1609875,202601319349302140,official filing-derived derivative,Official IRS filing identifier; ProPublica used for navigation/corroboration,ProPublica latest 2025 filing table,Cash proxy arithmetic and total-proxy arithmetic validated; source-native IRS XML could not be archived in this environment.
SRC-990-RFF-2024,Resources for the Future,Form 990 filing-derived snapshot,https://apps.irs.gov/pub/epostcard/990/xml/2025/202511929349300821_public.xml,https://projects.propublica.org/nonprofits/organizations/530220900,2026-08-17T18:45:00-07:00,sources/raw/src-990-rff-2024.txt,text/plain; charset=utf-8,1889,cb2104a7f75872660dd7124231be6cd9de651ee5ff52f60ab8f286e87bccfcb1,2023-10-01 to 2024-09-30,53-0220900,202511929349300821,derivative,official filing via IRS; browser rendering via ProPublica where available,turn579724view3 L48-L119; turn579724view5 L127-L199,Derivative snapshot only; source-native byte retrieval failed. Facts cross-checked against browser-rendered source and arithmetic where applicable.
SRC-990-EXT-RESULTS-FOR-AMERICA,Results for America,Form 990 filing-derived snapshot,https://apps.irs.gov/pub/epostcard/990/xml/2025/202513179349309376_public.xml,https://projects.propublica.org/nonprofits/organizations/812709681,2026-08-25,sources/raw/src-990-ext-results-for-america.txt,text/plain; charset=utf-8,1965,b6f2de62679b0d34ed3f528d673719a49145f8abe123a6bc17aef6d19554238f,2024-01-01 to 2024-12-31,81-2709681,202513179349309376,official filing-derived derivative,Official IRS filing identifier; ProPublica used for navigation/corroboration,"Form 990 Part VII Section A, columns D/E/F; rendered ProPublica Compensation table. Revenue/expenses from rendered Extracted Financial Data. Exact XML element names unavailable without raw XML.",Cash proxy arithmetic and total-proxy arithmetic validated; source-native IRS XML could not be archived in this environment.
SRC-990-RFA-2024,Results for America,Form 990 filing-derived snapshot,https://apps.irs.gov/pub/epostcard/990/xml/2025/202513179349309376_public.xml,https://projects.propublica.org/nonprofits/organizations/812709681,2026-08-17T18:45:00-07:00,sources/raw/src-990-rfa-2024.txt,text/plain; charset=utf-8,1700,083f72206f16bd1d9f9af8c25391c0c3f87eb7504bb1af184375767f90d3235f,2024-01-01 to 2024-12-31,81-2709681,202513179349309376,derivative,official filing via IRS; browser rendering via ProPublica where available,turn579724view1 L28-L100,Derivative snapshot only; source-native byte retrieval failed. Facts cross-checked against browser-rendered source and arithmetic where applicable.
SRC-990-EXT-RESULTS-FOR-DEVELOPMENT,Results for Development,Form 990 filing-derived snapshot,https://apps.irs.gov/pub/epostcard/990/xml/2025/202512739349302306_public.xml,https://projects.propublica.org/nonprofits/organizations/208530747,2026-08-25,sources/raw/src-990-ext-results-for-development.txt,text/plain; charset=utf-8,1854,b1b4511364cd8152b756eccaf35504093c87c16dfef5f7d12af3cf425f6dd05a,2024-01-01 to 2024-12-31,20-8530747,202512739349302306,official filing-derived derivative,Official IRS filing identifier; ProPublica used for navigation/corroboration,ProPublica filing-derived table; official IRS object ID identified from XML link,Cash proxy arithmetic and total-proxy arithmetic validated; source-native IRS XML could not be archived in this environment.
SRC-990-EXT-ROOSEVELT-INSTITUTE,Roosevelt Institute,Form 990 filing-derived snapshot,https://apps.irs.gov/pub/epostcard/990/xml/2025/202532729349301978_public.xml,https://projects.propublica.org/nonprofits/organizations/237213592,2026-08-25,sources/raw/src-990-ext-roosevelt-institute.txt,text/plain; charset=utf-8,1800,f52a9d4e8d9ec46f6df8129da3f9fa099e5a0f1591f6f9a39c9fad12d0e49ef2,2024-01-01 to 2024-12-31,23-7213592,202532729349301978,official filing-derived derivative,Official IRS filing identifier; ProPublica used for navigation/corroboration,ProPublica filing-derived table lines 21-90; IRS object ID from XML link,Cash proxy arithmetic and total-proxy arithmetic validated; source-native IRS XML could not be archived in this environment.
SRC-990-EXT-SAN-FRANCISCO-ESTUARY-INSTITUTE,San Francisco Estuary Institute,Form 990 filing-derived snapshot,https://apps.irs.gov/pub/epostcard/990/xml/2026/202631319349304238_public.xml,https://projects.propublica.org/nonprofits/organizations/942951373,2026-08-25,sources/raw/src-990-ext-san-francisco-estuary-institute.txt,text/plain; charset=utf-8,1702,b9d44d786b55a31ac6b8cb760d6d3e56814a5d3ea063d18b6e67d58fa1869ea8,2024-07-01 to 2025-06-30,94-2951373,202631319349304238,official filing-derived derivative,Official IRS filing identifier; ProPublica used for navigation/corroboration,ProPublica latest FY2025 filing table,Cash proxy arithmetic and total-proxy arithmetic validated; source-native IRS XML could not be archived in this environment.
SRC-990-EXT-SENTIENT-MEDIA,Sentient Media,Form 990 filing-derived snapshot,https://apps.irs.gov/pub/epostcard/990/xml/2025/202512829349301726_public.xml,https://projects.propublica.org/nonprofits/organizations/830804345,2026-08-25,sources/raw/src-990-ext-sentient-media.txt,text/plain; charset=utf-8,1901,27d8278c761ea9ca56353c24f399bb0b4e68e05d7123de332107095ae7dd7204,2024-01-01 to 2024-12-31,83-0804345,202512829349301726,official filing-derived derivative,Official IRS filing identifier; ProPublica used for navigation/corroboration,ProPublica filing-derived table; official IRS object ID identified from XML link; browser source turn805570view2.,Cash proxy arithmetic and total-proxy arithmetic validated; source-native IRS XML could not be archived in this environment.
SRC-990-EXT-SIGHTLINE-INSTITUTE,Sightline Institute,Form 990 filing-derived snapshot,https://apps.irs.gov/pub/epostcard/990/xml/2025/202522249349300332_public.xml,https://projects.propublica.org/nonprofits/organizations/521833599,2026-08-25,sources/raw/src-990-ext-sightline-institute.txt,text/plain; charset=utf-8,1905,dc9d4b236b22d8e3a8f564a2b848c2b3db89f329d7080e72c377479e775f0088,2024-01-01 to 2024-12-31,52-1833599,202522249349300332,official filing-derived derivative,Official IRS filing identifier; ProPublica used for navigation/corroboration,ProPublica filing-derived table; official IRS object ID identified from XML link; browser source turn805570view0.,Cash proxy arithmetic and total-proxy arithmetic validated; source-native IRS XML could not be archived in this environment.
SRC-990-EXT-SOCIAL-SCIENCE-RESEARCH-COUNCIL,Social Science Research Council,Form 990 filing-derived snapshot,https://apps.irs.gov/pub/epostcard/990/xml/2026/202641339349307834_public.xml,https://projects.propublica.org/nonprofits/organizations/131325070,2026-08-25,sources/raw/src-990-ext-social-science-research-council.txt,text/plain; charset=utf-8,1959,97ab47f0f6f0bc1e2b95dac3fe4797ced05418b8f7dbe8b2b25a491abb9e68bc,2024-07-01 to 2025-06-30,13-1325070,202641339349307834,official filing-derived derivative,Official IRS filing identifier; ProPublica used for navigation/corroboration,"Form 990 Part VII Section A, columns D/E/F; rendered ProPublica Compensation table. Revenue/expenses from rendered Extracted Financial Data. Exact XML element names unavailable without raw XML.",Cash proxy arithmetic and total-proxy arithmetic validated; source-native IRS XML could not be archived in this environment.
SRC-990-SSRC-2024,Social Science Research Council,Form 990 filing-derived snapshot,https://apps.irs.gov/pub/epostcard/990/xml/2026/202641339349307834_public.xml,https://projects.propublica.org/nonprofits/organizations/131325070,2026-08-17T18:45:00-07:00,sources/raw/src-990-ssrc-2024.txt,text/plain; charset=utf-8,1708,470fd81cec6ba4e4f70402ddc6d401b3558c4887ff5cf44ae03940337a1bd289,2024-07-01 to 2025-06-30,13-1325070,202641339349307834,derivative,official filing via IRS; browser rendering via ProPublica where available,turn579724view2 L25-L93,Derivative snapshot only; source-native byte retrieval failed. Facts cross-checked against browser-rendered source and arithmetic where applicable.
SRC-990-EXT-SOFTWARE-FREEDOM-CONSERVANCY,Software Freedom Conservancy,Form 990 filing-derived snapshot,https://apps.irs.gov/pub/epostcard/990/xml/2026/202640169349300604_public.xml,https://projects.propublica.org/nonprofits/organizations/412203632,2026-08-25,sources/raw/src-990-ext-software-freedom-conservancy.txt,text/plain; charset=utf-8,2013,6f50793bbf8662759831bb889222e889435223c12f53b21e20fe05aca414458c,2024-03-01 to 2025-02-28,41-2203632,202640169349300604,official filing-derived derivative,Official IRS filing identifier; ProPublica used for navigation/corroboration,ProPublica filing-derived table and XML link; browser source turn509907view1 lines 21-89.,Cash proxy arithmetic and total-proxy arithmetic validated; source-native IRS XML could not be archived in this environment.
SRC-990-EXT-STIMSON-CENTER,Stimson Center,Form 990 filing-derived snapshot,https://apps.irs.gov/pub/epostcard/990/xml/2025/202533169349304988_public.xml,https://projects.propublica.org/nonprofits/organizations/521640938,2026-08-25,sources/raw/src-990-ext-stimson-center.txt,text/plain; charset=utf-8,1688,8f0cb5df3e6b1030ea7bb9d0d7210b2cf80f0a5817266af339e4a77a04734214,2024-01-01 to 2024-12-31,52-1640938,202533169349304988,official filing-derived derivative,Official IRS filing identifier; ProPublica used for navigation/corroboration,ProPublica latest 2024 filing table,Cash proxy arithmetic and total-proxy arithmetic validated; source-native IRS XML could not be archived in this environment.
SRC-990-EXT-STRONGMINDS,StrongMinds,Form 990 filing-derived snapshot,https://apps.irs.gov/pub/epostcard/990/xml/2025/202511719349300036_public.xml,https://projects.propublica.org/nonprofits/organizations/462090059,2026-08-25,sources/raw/src-990-ext-strongminds.txt,text/plain; charset=utf-8,1835,7e61b3dc56a05e8ae291106ea6e307a5e5f99cdd9baef778728d842157e7cd38,2024-01-01 to 2024-12-31,46-2090059,202511719349300036,official filing-derived derivative,Official IRS filing identifier; ProPublica used for navigation/corroboration,ProPublica filing-derived table; official IRS object ID identified from XML link,Cash proxy arithmetic and total-proxy arithmetic validated; source-native IRS XML could not be archived in this environment.
SRC-990-EXT-TAX-FOUNDATION,Tax Foundation,Form 990 filing-derived snapshot,https://apps.irs.gov/pub/epostcard/990/xml/2026/202631959349301758_public.xml,https://projects.propublica.org/nonprofits/organizations/521703065,2026-08-25,sources/raw/src-990-ext-tax-foundation.txt,text/plain; charset=utf-8,1841,5720c30bc988b64e084da973728290a7ae1105b96f7410f0a606d778c99e30ad,2025-01-01 to 2025-12-31,52-1703065,202631959349301758,official filing-derived derivative,Official IRS filing identifier; ProPublica used for navigation/corroboration,ProPublica filing-derived table lines 21-89; IRS object ID from XML link,Cash proxy arithmetic and total-proxy arithmetic validated; source-native IRS XML could not be archived in this environment.
SRC-990-EXT-TECHCONGRESS,TechCongress,Form 990 filing-derived snapshot,https://apps.irs.gov/pub/epostcard/990/xml/2026/202621959349301032_public.xml,https://projects.propublica.org/nonprofits/organizations/811839685,2026-08-25,sources/raw/src-990-ext-techcongress.txt,text/plain; charset=utf-8,1931,1ad9c37b0e6031d43e3e12924d9a676d5b9f1963a12f4a6074559a7cdf2400d0,2025-01-01 to 2025-12-31,81-1839685,202621959349301032,official filing-derived derivative,Official IRS filing identifier; ProPublica used for navigation/corroboration,ProPublica filing-derived table and XML link; browser source turn568961view0 lines 21-89.,Cash proxy arithmetic and total-proxy arithmetic validated; source-native IRS XML could not be archived in this environment.
SRC-990-EXT-TECHNICAL-ASSISTANCE-COLLABORATIVE,Technical Assistance Collaborative,Form 990 filing-derived snapshot,https://apps.irs.gov/pub/epostcard/990/xml/2025/202500629349300740_public.xml,https://projects.propublica.org/nonprofits/organizations/223181028,2026-08-25,sources/raw/src-990-ext-technical-assistance-collaborative.txt,text/plain; charset=utf-8,1919,33462705318f93b66413653bf91a174087a5e28c88778b22019f63fe5e0bdcda,2023-07-01 to 2024-06-30,22-3181028,202500629349300740,official filing-derived derivative,Official IRS filing identifier; ProPublica used for navigation/corroboration,ProPublica FY2024 filing table,Cash proxy arithmetic and total-proxy arithmetic validated; source-native IRS XML could not be archived in this environment.
SRC-990-EXT-THE-HUMANE-LEAGUE,The Humane League,Form 990 filing-derived snapshot,https://apps.irs.gov/pub/epostcard/990/xml/2025/202512489349301801_public.xml,https://projects.propublica.org/nonprofits/organizations/043817491,2026-08-25,sources/raw/src-990-ext-the-humane-league.txt,text/plain; charset=utf-8,1906,41fca7b3bd039cba3049269b5603fdcdfb837d46716257efd4436ff39162259d,2024-01-01 to 2024-12-31,04-3817491,202512489349301801,official filing-derived derivative,Official IRS filing identifier; ProPublica used for navigation/corroboration,ProPublica filing-derived table; official IRS object ID identified from XML link,Cash proxy arithmetic and total-proxy arithmetic validated; source-native IRS XML could not be archived in this environment.
SRC-990-EXT-THE-SENTENCING-PROJECT,The Sentencing Project,Form 990 filing-derived snapshot,https://apps.irs.gov/pub/epostcard/990/xml/2025/202522829349301367_public.xml,https://projects.propublica.org/nonprofits/organizations/521472546,2026-08-25,sources/raw/src-990-ext-the-sentencing-project.txt,text/plain; charset=utf-8,1825,b81c3c7734abfd26cbcf86be9f9785c9c3c3e91f1d1a6285bbe1f95ae1cc3131,2024-01-01 to 2024-12-31,52-1472546,202522829349301367,official filing-derived derivative,Official IRS filing identifier; ProPublica used for navigation/corroboration,ProPublica filing-derived table lines 20-88; IRS object ID from XML link,Cash proxy arithmetic and total-proxy arithmetic validated; source-native IRS XML could not be archived in this environment.
SRC-990-EXT-THIRD-WAY-INSTITUTE,Third Way Institute,Form 990 filing-derived snapshot,https://apps.irs.gov/pub/epostcard/990/xml/2025/202543159349301669_public.xml,https://projects.propublica.org/nonprofits/organizations/260535276,2026-08-25,sources/raw/src-990-ext-third-way-institute.txt,text/plain; charset=utf-8,1928,04241e42a2bd1693f05123d7b276fe597c5d4659790cce57eb9f5f2fd5267b40,2024-01-01 to 2024-12-31,26-0535276,202543159349301669,official filing-derived derivative,Official IRS filing identifier; ProPublica used for navigation/corroboration,ProPublica filing-derived table lines 21-89; IRS object ID from XML link,Cash proxy arithmetic and total-proxy arithmetic validated; source-native IRS XML could not be archived in this environment.
SRC-990-EXT-VERA-INSTITUTE-OF-JUSTICE,Vera Institute of Justice,Form 990 filing-derived snapshot,https://apps.irs.gov/pub/epostcard/990/xml/2026/202631359349314463_public.xml,https://projects.propublica.org/nonprofits/organizations/131941627,2026-08-25,sources/raw/src-990-ext-vera-institute-of-justice.txt,text/plain; charset=utf-8,1968,16728dcb2bbfa73ee0a1700881266cb9dfd270773fcd68388609c1b463e638f9,2024-07-01 to 2025-06-30,13-1941627,202631359349314463,official filing-derived derivative,Official IRS filing identifier; ProPublica used for navigation/corroboration,ProPublica filing-derived table; official IRS object ID identified from XML link; browser source turn327197view0.,Cash proxy arithmetic and total-proxy arithmetic validated; source-native IRS XML could not be archived in this environment.
SRC-990-EXT-VILLAGE-ENTERPRISE,Village Enterprise,Form 990 filing-derived snapshot,https://apps.irs.gov/pub/epostcard/990/xml/2026/202631359349301128_public.xml,https://projects.propublica.org/nonprofits/organizations/222852248,2026-08-25,sources/raw/src-990-ext-village-enterprise.txt,text/plain; charset=utf-8,1841,3eb276d3c8ef89b59d64f6feedac28f7f60d33d56c68841bbfc0361104835ead,2024-07-01 to 2025-06-30,22-2852248,202631359349301128,official filing-derived derivative,Official IRS filing identifier; ProPublica used for navigation/corroboration,ProPublica filing-derived table; official IRS object ID identified from XML link,Cash proxy arithmetic and total-proxy arithmetic validated; source-native IRS XML could not be archived in this environment.
SRC-990-EXT-VILLAGEREACH,VillageReach,Form 990 filing-derived snapshot,https://apps.irs.gov/pub/epostcard/990/xml/2025/202512199349301336_public.xml,https://projects.propublica.org/nonprofits/organizations/912083484,2026-08-25,sources/raw/src-990-ext-villagereach.txt,text/plain; charset=utf-8,1810,73aa0b9e5992f3d5871436dc33ec4dac2df25a0130371cb9ce4baad14bf821a3,2023-10-01 to 2024-09-30,91-2083484,202512199349301336,official filing-derived derivative,Official IRS filing identifier; ProPublica used for navigation/corroboration,ProPublica FY2024 filing table,Cash proxy arithmetic and total-proxy arithmetic validated; source-native IRS XML could not be archived in this environment.
SRC-990-EXT3-WATTTIME,WattTime,Form 990 filing-derived snapshot,https://apps.irs.gov/pub/epostcard/990/xml/2026/202620979349301707_public.xml,https://projects.propublica.org/nonprofits/organizations/471444637,2026-08-25T17:45:00-0700,sources/raw/src-990-ext3-watttime.txt,text/plain; charset=utf-8,2020,ac42404c3b6461c72ee81bd83e065c1bd2633a5e1b98f7868a189be8a4bc2d57,2024-07-01 to 2025-06-30,47-1444637,202620979349301707,official filing-derived derivative,Official IRS filing identifier; ProPublica used for navigation/corroboration,"ProPublica Nonprofit Explorer rendered Form 990 financial and compensation tables; official IRS object ID captured from filing XML link. ProPublica lines 21-34, 67-89 in turn230180view2.",Cash proxy arithmetic and total-proxy arithmetic validated; source-native IRS XML could not be archived in this environment.
SRC-990-EXT-WILD-ANIMAL-INITIATIVE,Wild Animal Initiative,Form 990 filing-derived snapshot,https://apps.irs.gov/pub/epostcard/990/xml/2025/202532319349300913_public.xml,https://projects.propublica.org/nonprofits/organizations/822281466,2026-08-25,sources/raw/src-990-ext-wild-animal-initiative.txt,text/plain; charset=utf-8,1774,23e56d14a660e4a24d7fb1c7ba03103401f3cb58e83729f27d6043531f649748,2024-01-01 to 2024-12-31,82-2281466,202532319349300913,official filing-derived derivative,Official IRS filing identifier; ProPublica used for navigation/corroboration,ProPublica latest 2024 filing table,Cash proxy arithmetic and total-proxy arithmetic validated; source-native IRS XML could not be archived in this environment.
SRC-990-EXT-WORLD-JUSTICE-PROJECT,World Justice Project,Form 990 filing-derived snapshot,https://apps.irs.gov/pub/epostcard/990/xml/2025/202543089349302129_public.xml,https://projects.propublica.org/nonprofits/organizations/270359097,2026-08-25,sources/raw/src-990-ext-world-justice-project.txt,text/plain; charset=utf-8,1701,c1e39bd029c8bbf7854434f10c998adda2231d3a6abe34de9ebbbc659db268f3,2024-01-01 to 2024-12-31,27-0359097,202543089349302129,official filing-derived derivative,Official IRS filing identifier; ProPublica used for navigation/corroboration,ProPublica latest 2024 filing table,Cash proxy arithmetic and total-proxy arithmetic validated; source-native IRS XML could not be archived in this environment.
SRC-990-EXT-IDEAS42,ideas42,Form 990 filing-derived snapshot,https://apps.irs.gov/pub/epostcard/990/xml/2024/202423199349314832_public.xml,https://projects.propublica.org/nonprofits/organizations/271678009,2026-08-25,sources/raw/src-990-ext-ideas42.txt,text/plain; charset=utf-8,1824,d697d02aed3bb37948a6a8e9be90bb075da2e64c45e004332614a647a04b4a26,2023-01-01 to 2023-12-31,27-1678009,202423199349314832,official filing-derived derivative,Official IRS filing identifier; ProPublica used for navigation/corroboration,ProPublica FY2023 filing table,Cash proxy arithmetic and total-proxy arithmetic validated; source-native IRS XML could not be archived in this environment.
SRC-IRS-990-INSTR,Internal Revenue Service,Form 990 instructions,https://www.irs.gov/instructions/i990,https://www.irs.gov/instructions/i990,2026-08-17T18:45:00-07:00,sources/raw/src-irs-990-instr.txt,text/plain; charset=utf-8,1135,4538b716fbbba6ef09641bb1ae44c3681c3fffc2a9d0568959a30978b7de5bb7,,,,derivative,original,turn208506search2,Derivative snapshot only; source-native byte retrieval failed. Facts cross-checked against browser-rendered source and arithmetic where applicable.
SRC-PROTOCOL-EXT2,Rethink Priorities benchmark,Frozen method,,,2026-08-25T16:07:55-0700,frozen/extension2_protocol_amendment.md,text/markdown; charset=utf-8,5062,bcfa477a761a54ee0ea99c4a8d969ab440f50a247b54f3b144bf4d7226bb81b2,,,,frozen analysis input,Locally frozen before systematic new-peer compensation review,frozen/extension2_protocol_amendment.md,SHA-256 frozen and checked by validation.
SRC-UNIVERSE-EXT2,Rethink Priorities benchmark,Frozen second-wave candidate universe,,,2026-08-25T16:07:55-0700,frozen/combined_peer_universe_precomp.csv,text/csv; charset=utf-8,179799,5ab36e39683e2b11f96faabaa39a8994081e13e82425263e45a28bd3f37daeba,,,,frozen analysis input,Locally frozen before systematic new-peer compensation review,frozen/combined_peer_universe_precomp.csv,SHA-256 frozen and checked by validation.
SRC-CANDIDATES-EXT2,Rethink Priorities benchmark,Frozen second-wave new-candidate list,,,2026-08-25T16:07:55-0700,frozen/extension2_new_candidates_precomp.csv,text/csv; charset=utf-8,31510,9ed0ee56e13d29ea571124a8373d39e1d5d2b877d599e410f5c27d3b9ede68a8,,,,frozen analysis input,Locally frozen before systematic new-peer compensation review,frozen/extension2_new_candidates_precomp.csv,SHA-256 frozen and checked by validation.
SRC-PROTOCOL-EXT3,Rethink Priorities benchmark,Frozen third-wave method,,,2026-08-25T16:07:55-0700,frozen/extension3_protocol_amendment.md,text/markdown; charset=utf-8,2697,c048466b556ea38232fcfbd8ed92745fa9a198706eb2a9a7115041c1b9dea27b,,,,frozen analysis input,Locally frozen before systematic new-peer compensation review,frozen/extension3_protocol_amendment.md,SHA-256 frozen and checked by validation.
SRC-CANDIDATES-EXT3,Rethink Priorities benchmark,Frozen third-wave new-candidate list,,,2026-08-25T16:07:55-0700,frozen/extension3_new_candidates_precomp.csv,text/csv; charset=utf-8,44776,b0c04fb1cec71b2496da1d8ade07d74ebf14abc43f11dc7ede81581f3b3316cc,,,,frozen analysis input,Locally frozen before systematic new-peer compensation review,frozen/extension3_new_candidates_precomp.csv,SHA-256 frozen and checked by validation.
SRC-UNIVERSE-EXT3,Rethink Priorities benchmark,Frozen three-wave candidate universe,,,2026-08-25T16:07:55-0700,frozen/combined_peer_universe_3wave_precomp.csv,text/csv; charset=utf-8,138373,d84b6c772f8017bd4ddb8a4327012aabe40b6cd25198552558b4018f6c32e4c3,,,,frozen analysis input,Locally frozen before systematic new-peer compensation review,frozen/combined_peer_universe_3wave_precomp.csv,SHA-256 frozen and checked by validation.
SRC-LEGACY-BRIDGE,Rethink Priorities benchmark,Original frozen peer bridge,,,2026-08-25T16:07:55-0700,frozen/legacy_original_peer_bridge_precomp.csv,text/csv; charset=utf-8,5676,ec5924cc4586012f2d1d1f902284954958d31a03bf4578807be399729a255c12,,,,frozen analysis input,Locally frozen before systematic new-peer compensation review,frozen/legacy_original_peer_bridge_precomp.csv,SHA-256 frozen and checked by validation.
SRC-PEER-AI-OBJECTIVES-INSTITUTE,AI Objectives Institute,Peer selection and scale profile,https://www.causeiq.com/organizations/ai-objectives-institute%2C873870371/,https://www.causeiq.com/organizations/ai-objectives-institute%2C873870371/,2026-08-25T16:07:55-0700,sources/raw/src-peer-ai-objectives-institute.txt,text/plain; charset=utf-8,1301,2ab355a84b591f9615bf0fc4ee3bc59008ad2ddd5953db37350d8c5f8bc932be,,87-3870371,,derivative,"Public Form 990 rendering, organization profile, or filing-derived scale record",expanded_reference_set.csv and prior frozen peer profile,Selection fields frozen without using compensation; full source-native profile page not archived.
SRC-PEER-ALLIANCE-TO-FEED-THE-EARTH-IN-DISASTERS,Alliance to Feed the Earth in Disasters,Peer selection and scale profile,https://www.causeiq.com/organizations/allfed-institute%2C831717756/,https://www.causeiq.com/organizations/allfed-institute%2C831717756/,2026-08-25T16:07:55-0700,sources/raw/src-peer-alliance-to-feed-the-earth-in-disasters.txt,text/plain; charset=utf-8,1466,23594799cbd5e02df64e12aefb785bf71eb5d04d83fa65d98f3a1e708bcdae24,,83-1717756,,derivative,"Public Form 990 rendering, organization profile, or filing-derived scale record",expanded_reference_set.csv and prior frozen peer profile,Selection fields frozen without using compensation; full source-native profile page not archived.
SRC-PEER-AMERICAN-IMMIGRATION-COUNCIL,American Immigration Council,Peer selection and scale profile,https://projects.propublica.org/nonprofits/organizations/521549711,https://projects.propublica.org/nonprofits/organizations/521549711,2026-08-25T16:07:55-0700,sources/raw/src-peer-american-immigration-council.txt,text/plain; charset=utf-8,1087,3c256ccc15f3222b4d25ab54ea92206c5184bb14f69fae2f2f12b04eddb88d18,2024.0,52-1549711,,derivative,"Public Form 990 rendering, organization profile, or filing-derived scale record",expanded_reference_set.csv and prior frozen peer profile,Selection fields frozen without using compensation; full source-native profile page not archived.
SRC-PEER-AMERICAN-SECURITY-PROJECT,American Security Project,Peer selection and scale profile,https://projects.propublica.org/nonprofits/organizations/204079553,https://projects.propublica.org/nonprofits/organizations/204079553,2026-08-25T16:07:55-0700,sources/raw/src-peer-american-security-project.txt,text/plain; charset=utf-8,1044,367f8eccc18adc614b92208544bfa1fbc03c4a8879552f5b769f141f89b11aa6,2024.0,20-4079553,,derivative,"Public Form 990 rendering, organization profile, or filing-derived scale record",expanded_reference_set.csv and prior frozen peer profile,Selection fields frozen without using compensation; full source-native profile page not archived.
SRC-PEER-ANIMAL-EQUALITY,Animal Equality,Peer selection and scale profile,https://www.causeiq.com/organizations/animal-equality%2C472420444/,https://www.causeiq.com/organizations/animal-equality%2C472420444/,2026-08-25T16:07:55-0700,sources/raw/src-peer-animal-equality.txt,text/plain; charset=utf-8,1312,d81e27b056bf2fc356c81d1a91659a7b6d18a5ce5466171f503a5db5d54f1d1c,,47-2420444,,derivative,"Public Form 990 rendering, organization profile, or filing-derived scale record",expanded_reference_set.csv and prior frozen peer profile,Selection fields frozen without using compensation; full source-native profile page not archived.
SRC-PEER-ANIMAL-LEGAL-DEFENSE-FUND,Animal Legal Defense Fund,Peer selection and scale profile,https://www.causeiq.com/organizations/animal-legal-defense-fund%2C942681680/,https://www.causeiq.com/organizations/animal-legal-defense-fund%2C942681680/,2026-08-25T16:07:55-0700,sources/raw/src-peer-animal-legal-defense-fund.txt,text/plain; charset=utf-8,1464,1d3f93bb1456e5e85d424fa89bc4d7a94af7dfe0bddad728bd548ee72be285bd,2024.0,94-2681680,,derivative,"Public Form 990 rendering, organization profile, or filing-derived scale record",expanded_reference_set.csv and prior frozen peer profile,Selection fields frozen without using compensation; full source-native profile page not archived.
SRC-PEER-ANIMAL-WELFARE-INSTITUTE,Animal Welfare Institute,Peer selection and scale profile,https://www.causeiq.com/organizations/animal-welfare-institute%2C135655952/,https://www.causeiq.com/organizations/animal-welfare-institute%2C135655952/,2026-08-25T16:07:55-0700,sources/raw/src-peer-animal-welfare-institute.txt,text/plain; charset=utf-8,1430,eeb47a3a5741e8352613cf7e2efc08e9964f03d9eb84472746c5e338137036d1,2024.0,13-5655952,,derivative,"Public Form 990 rendering, organization profile, or filing-derived scale record",expanded_reference_set.csv and prior frozen peer profile,Selection fields frozen without using compensation; full source-native profile page not archived.
SRC-PEER-AQUATIC-LIFE-INSTITUTE,Aquatic Life Institute,Peer selection and scale profile,https://www.causeiq.com/organizations/aquatic-life-institute%2C873020380/,https://www.causeiq.com/organizations/aquatic-life-institute%2C873020380/,2026-08-25T16:07:55-0700,sources/raw/src-peer-aquatic-life-institute.txt,text/plain; charset=utf-8,1290,cb0b4cd056613d77d36cdc70922c3b6c03cd4d2b1d4466200c35dbb9a496f2b1,,87-3020380,,derivative,"Public Form 990 rendering, organization profile, or filing-derived scale record",expanded_reference_set.csv and prior frozen peer profile,Selection fields frozen without using compensation; full source-native profile page not archived.
SRC-PEER-ARMS-CONTROL-ASSOCIATION,Arms Control Association,Peer selection and scale profile,https://projects.propublica.org/nonprofits/organizations/237124588,https://projects.propublica.org/nonprofits/organizations/237124588,2026-08-25T16:07:55-0700,sources/raw/src-peer-arms-control-association.txt,text/plain; charset=utf-8,1089,a3f98bc1b2057412e9254dbfabeba0d2d701b02e722f890a43a810d5d8849f10,2024.0,23-7124588,,derivative,"Public Form 990 rendering, organization profile, or filing-derived scale record",expanded_reference_set.csv and prior frozen peer profile,Selection fields frozen without using compensation; full source-native profile page not archived.
SRC-PEER-BETTER-FOOD-FOUNDATION,Better Food Foundation,Peer selection and scale profile,https://projects.propublica.org/nonprofits/organizations/814537521,https://projects.propublica.org/nonprofits/organizations/814537521,2026-08-25T16:07:55-0700,sources/raw/src-peer-better-food-foundation.txt,text/plain; charset=utf-8,1050,88d5e11aa425edd462f6c5fe93743f418cb2a34f231793b60529b267f0b5b7b7,2024.0,81-4537521,,derivative,"Public Form 990 rendering, organization profile, or filing-derived scale record",expanded_reference_set.csv and prior frozen peer profile,Selection fields frozen without using compensation; full source-native profile page not archived.
SRC-PEER-BIPARTISAN-POLICY-CENTER,Bipartisan Policy Center,Peer selection and scale profile,https://projects.propublica.org/nonprofits/organizations/731628382,https://projects.propublica.org/nonprofits/organizations/731628382,2026-08-25T16:07:55-0700,sources/raw/src-peer-bipartisan-policy-center.txt,text/plain; charset=utf-8,1081,6efc4d1bb2a7177d5e9383485733ea8c1fb21b6bb89962264f99e841db8118f7,2024.0,73-1628382,,derivative,"Public Form 990 rendering, organization profile, or filing-derived scale record",expanded_reference_set.csv and prior frozen peer profile,Selection fields frozen without using compensation; full source-native profile page not archived.
SRC-PEER-BREAKTHROUGH-INSTITUTE,Breakthrough Institute,Peer selection and scale profile,https://projects.propublica.org/nonprofits/organizations/814526660,https://projects.propublica.org/nonprofits/organizations/814526660,2026-08-25T16:07:55-0700,sources/raw/src-peer-breakthrough-institute.txt,text/plain; charset=utf-8,1047,e84251138d40ccf3f067b718ddeee839dacc0527c3d343d5e2b885c5faac4801,2025.0,81-4526660,,derivative,"Public Form 990 rendering, organization profile, or filing-derived scale record",expanded_reference_set.csv and prior frozen peer profile,Selection fields frozen without using compensation; full source-native profile page not archived.
SRC-PEER-BULLETIN-OF-THE-ATOMIC-SCIENTISTS,Bulletin of the Atomic Scientists,Peer selection and scale profile,https://www.causeiq.com/organizations/bulletin-of-the-atomic-scientists%2C362136497/,https://www.causeiq.com/organizations/bulletin-of-the-atomic-scientists%2C362136497/,2026-08-25T16:07:55-0700,sources/raw/src-peer-bulletin-of-the-atomic-scientists.txt,text/plain; charset=utf-8,1517,4d1c7fdd7420ab33f2db6323918e7870df22979e1353eb38a5baf930b86ba02a,2024.0,36-2136497,,derivative,"Public Form 990 rendering, organization profile, or filing-derived scale record",expanded_reference_set.csv and prior frozen peer profile,Selection fields frozen without using compensation; full source-native profile page not archived.
SRC-PEER-CANDID,Candid,Peer selection and scale profile,https://projects.propublica.org/nonprofits/organizations/131837418,https://projects.propublica.org/nonprofits/organizations/131837418,2026-08-25T16:07:55-0700,sources/raw/src-peer-candid.txt,text/plain; charset=utf-8,1373,6862cd9ec62056ba2d2d8ef494536b262ced6faca2857ca299514b80e57fc3c0,,13-1837418,,derivative,"Public Form 990 rendering, organization profile, or filing-derived scale record",expanded_reference_set.csv and prior frozen peer profile,Selection fields frozen without using compensation; full source-native profile page not archived.
SRC-PEER-CARBON-MAPPER,Carbon Mapper,Peer selection and scale profile,https://projects.propublica.org/nonprofits/organizations/853149996,https://projects.propublica.org/nonprofits/organizations/853149996,2026-08-25T16:07:55-0700,sources/raw/src-peer-carbon-mapper.txt,text/plain; charset=utf-8,1042,9c83f0c1c6e4a52e546c9712f537510c4de5341c6cedd83286cb4891505c1ce0,2024.0,85-3149996,,derivative,"Public Form 990 rendering, organization profile, or filing-derived scale record",expanded_reference_set.csv and prior frozen peer profile,Selection fields frozen without using compensation; full source-native profile page not archived.
SRC-PEER-CENTER-FOR-AI-POLICY,Center for AI Policy,Peer selection and scale profile,https://www.causeiq.com/organizations/center-for-ai-policy%2C932050941/,https://www.causeiq.com/organizations/center-for-ai-policy%2C932050941/,2026-08-25T16:07:55-0700,sources/raw/src-peer-center-for-ai-policy.txt,text/plain; charset=utf-8,1299,3120b7485c457b50554ce72b9410dde19253e2503a7faada432647b36389ff5c,,93-2050941,,derivative,"Public Form 990 rendering, organization profile, or filing-derived scale record",expanded_reference_set.csv and prior frozen peer profile,Selection fields frozen without using compensation; full source-native profile page not archived.
SRC-PEER-CENTER-FOR-AI-SAFETY,Center for AI Safety,Peer selection and scale profile,https://www.causeiq.com/organizations/center-for-artificial-intelligence-safety%2C881751310/,https://www.causeiq.com/organizations/center-for-artificial-intelligence-safety%2C881751310/,2026-08-25T16:07:55-0700,sources/raw/src-peer-center-for-ai-safety.txt,text/plain; charset=utf-8,1500,c3adfc37a9b598b291267d945097d155d26d424ab75635e2125517c874fdffc3,2024.0,88-1751310,,derivative,"Public Form 990 rendering, organization profile, or filing-derived scale record",expanded_reference_set.csv and prior frozen peer profile,Selection fields frozen without using compensation; full source-native profile page not archived.
SRC-PEER-CENTER-FOR-ARMS-CONTROL-AND-NON-PROLIFERATION,Center for Arms Control and Non-Proliferation,Peer selection and scale profile,https://projects.propublica.org/nonprofits/organizations/42693322,https://projects.propublica.org/nonprofits/organizations/42693322,2026-08-25T16:07:55-0700,sources/raw/src-peer-center-for-arms-control-and-non-proliferation.txt,text/plain; charset=utf-8,1067,9c391989e0046d52fe59ffb64fcfdb7fbc7ceb95d7540382bcbce9b750e9146d,2024.0,04-2693322,,derivative,"Public Form 990 rendering, organization profile, or filing-derived scale record",expanded_reference_set.csv and prior frozen peer profile,Selection fields frozen without using compensation; full source-native profile page not archived.
SRC-PEER-CENTER-FOR-CLIMATE-AND-ENERGY-SOLUTIONS,Center for Climate and Energy Solutions,Peer selection and scale profile,https://projects.propublica.org/nonprofits/organizations/541892252,https://projects.propublica.org/nonprofits/organizations/541892252,2026-08-25T16:07:55-0700,sources/raw/src-peer-center-for-climate-and-energy-solutions.txt,text/plain; charset=utf-8,1057,485468ab2e29c1cbb2fcec080189bfb32f6ecf5064028aab0cf3af8eb2f6e05a,2024.0,54-1892252,,derivative,"Public Form 990 rendering, organization profile, or filing-derived scale record",expanded_reference_set.csv and prior frozen peer profile,Selection fields frozen without using compensation; full source-native profile page not archived.
SRC-PEER-CENTER-FOR-DEMOCRACY-TECHNOLOGY,Center for Democracy & Technology,Peer selection and scale profile,https://www.causeiq.com/organizations/center-for-democracy-and-technology%2C521905358/,https://www.causeiq.com/organizations/center-for-democracy-and-technology%2C521905358/,2026-08-25T16:07:55-0700,sources/raw/src-peer-center-for-democracy-technology.txt,text/plain; charset=utf-8,1497,6c34f8e0c69b77e3e44835c7572156f7ded72fe31e5ee8eb3a4404296ed93956,2024.0,52-1905358,,derivative,"Public Form 990 rendering, organization profile, or filing-derived scale record",expanded_reference_set.csv and prior frozen peer profile,Selection fields frozen without using compensation; full source-native profile page not archived.
SRC-PEER-CENTER-FOR-EFFECTIVE-PHILANTHROPY,Center for Effective Philanthropy,Peer selection and scale profile,https://projects.propublica.org/nonprofits/organizations/43523528,https://projects.propublica.org/nonprofits/organizations/43523528,2026-08-25T16:07:55-0700,sources/raw/src-peer-center-for-effective-philanthropy.txt,text/plain; charset=utf-8,1495,161ff2e26ed1d915ae2c4e721e097b23986cdd8e9fc96d219b4d5558794d654e,2025.0,04-3523528,,derivative,"Public Form 990 rendering, organization profile, or filing-derived scale record",expanded_reference_set.csv and prior frozen peer profile,Selection fields frozen without using compensation; full source-native profile page not archived.
SRC-PEER-CENTER-FOR-HEALTH-CARE-STRATEGIES,Center for Health Care Strategies,Peer selection and scale profile,https://projects.propublica.org/nonprofits/organizations/223375015,https://projects.propublica.org/nonprofits/organizations/223375015,2026-08-25T16:07:55-0700,sources/raw/src-peer-center-for-health-care-strategies.txt,text/plain; charset=utf-8,1058,4aa9fd1566696fad4549e42bd3bf9b5ff65f61c8997177470a1f6c3b171a5a87,2024.0,22-3375015,,derivative,"Public Form 990 rendering, organization profile, or filing-derived scale record",expanded_reference_set.csv and prior frozen peer profile,Selection fields frozen without using compensation; full source-native profile page not archived.
SRC-PEER-CENTER-FOR-HUMANE-TECHNOLOGY,Center for Humane Technology,Peer selection and scale profile,https://www.causeiq.com/organizations/center-for-humane-technology%2C823492182/,https://www.causeiq.com/organizations/center-for-humane-technology%2C823492182/,2026-08-25T16:07:55-0700,sources/raw/src-peer-center-for-humane-technology.txt,text/plain; charset=utf-8,1384,692511c79bbe448f4fc746be879ec640e5d8fad4e31e1dcf8097a924d5f9b5c3,,82-3492182,,derivative,"Public Form 990 rendering, organization profile, or filing-derived scale record",expanded_reference_set.csv and prior frozen peer profile,Selection fields frozen without using compensation; full source-native profile page not archived.
SRC-PEER-CENTER-FOR-INTERNATIONAL-POLICY,Center for International Policy,Peer selection and scale profile,https://projects.propublica.org/nonprofits/organizations/521446207,https://projects.propublica.org/nonprofits/organizations/521446207,2026-08-25T16:07:55-0700,sources/raw/src-peer-center-for-international-policy.txt,text/plain; charset=utf-8,1064,707cf477c00eab3d3089ced28be104de50ed981a7e308396974de4f598842971,2024.0,52-1446207,,derivative,"Public Form 990 rendering, organization profile, or filing-derived scale record",expanded_reference_set.csv and prior frozen peer profile,Selection fields frozen without using compensation; full source-native profile page not archived.
SRC-PEER-CENTER-FOR-LAW-AND-SOCIAL-POLICY,Center for Law and Social Policy,Peer selection and scale profile,https://www.causeiq.com/organizations/center-for-law-and-social-policy%2C237000150/,https://www.causeiq.com/organizations/center-for-law-and-social-policy%2C237000150/,2026-08-25T16:07:55-0700,sources/raw/src-peer-center-for-law-and-social-policy.txt,text/plain; charset=utf-8,1374,a06dbee2d6d760dbdd15d0069557d9524d51253d23d7d620d4ff8ee4c0192fb1,,23-7000150,,derivative,"Public Form 990 rendering, organization profile, or filing-derived scale record",expanded_reference_set.csv and prior frozen peer profile,Selection fields frozen without using compensation; full source-native profile page not archived.
SRC-PEER-CENTER-FOR-OPEN-SCIENCE,Center for Open Science,Peer selection and scale profile,https://projects.propublica.org/nonprofits/organizations/461496217,https://projects.propublica.org/nonprofits/organizations/461496217,2026-08-25T16:07:55-0700,sources/raw/src-peer-center-for-open-science.txt,text/plain; charset=utf-8,1506,4fe9b9385405e2bcb9ae0b16f45abf19423dcf3eb582563c1053d1352fcd0bf9,2024.0,46-1496217,,derivative,"Public Form 990 rendering, organization profile, or filing-derived scale record",expanded_reference_set.csv and prior frozen peer profile,Selection fields frozen without using compensation; full source-native profile page not archived.
SRC-PEER-CENTER-FOR-PUBLIC-INTEGRITY,Center for Public Integrity,Peer selection and scale profile,https://projects.propublica.org/nonprofits/organizations/541512177,https://projects.propublica.org/nonprofits/organizations/541512177,2026-08-25T16:07:55-0700,sources/raw/src-peer-center-for-public-integrity.txt,text/plain; charset=utf-8,1086,849d56b7c87021391fd55f5bf417376ea82e8133372046deef170f6d7343e560,2023.0,54-1512177,,derivative,"Public Form 990 rendering, organization profile, or filing-derived scale record",expanded_reference_set.csv and prior frozen peer profile,Selection fields frozen without using compensation; full source-native profile page not archived.
SRC-PEER-CENTER-FOR-A-NEW-AMERICAN-SECURITY,Center for a New American Security,Peer selection and scale profile,https://projects.propublica.org/nonprofits/organizations/208084828,https://projects.propublica.org/nonprofits/organizations/208084828,2026-08-25T16:07:55-0700,sources/raw/src-peer-center-for-a-new-american-security.txt,text/plain; charset=utf-8,1069,dbee41d351bcb197a0c4e70d88e724ed44c3465237b8775b8c33a987ef3b397d,2023.0,20-8084828,,derivative,"Public Form 990 rendering, organization profile, or filing-derived scale record",expanded_reference_set.csv and prior frozen peer profile,Selection fields frozen without using compensation; full source-native profile page not archived.
SRC-PEER-CHARITY-NAVIGATOR,Charity Navigator,Peer selection and scale profile,https://projects.propublica.org/nonprofits/organizations/134148824,https://projects.propublica.org/nonprofits/organizations/134148824,2026-08-25T16:07:55-0700,sources/raw/src-peer-charity-navigator.txt,text/plain; charset=utf-8,1486,5d3ac54cf7956a7617e060a15f85abf657b16a6109fc1c8a5ad3ef1049bd75ee,2024.0,13-4148824,,derivative,"Public Form 990 rendering, organization profile, or filing-derived scale record",expanded_reference_set.csv and prior frozen peer profile,Selection fields frozen without using compensation; full source-native profile page not archived.
SRC-PEER-CHARTER-CITIES-INSTITUTE,Charter Cities Institute,Peer selection and scale profile,https://www.causeiq.com/organizations/charter-cities-institute%2C823264419/,https://www.causeiq.com/organizations/charter-cities-institute%2C823264419/,2026-08-25T16:07:55-0700,sources/raw/src-peer-charter-cities-institute.txt,text/plain; charset=utf-8,1326,8d77bc21da6ec6c3d52518b64f18ae6b684778b5f33619a7a0de0fa2a4bfb485,,82-3264419,,derivative,"Public Form 990 rendering, organization profile, or filing-derived scale record",expanded_reference_set.csv and prior frozen peer profile,Selection fields frozen without using compensation; full source-native profile page not archived.
SRC-PEER-CHICAGO-COUNCIL-ON-GLOBAL-AFFAIRS,Chicago Council on Global Affairs,Peer selection and scale profile,https://projects.propublica.org/nonprofits/organizations/362181969,https://projects.propublica.org/nonprofits/organizations/362181969,2026-08-25T16:07:55-0700,sources/raw/src-peer-chicago-council-on-global-affairs.txt,text/plain; charset=utf-8,1094,22767acba95b0ca5acfa5231694cfd688802eb321d689ccd99a61567f5fa15a4,2024.0,36-2181969,,derivative,"Public Form 990 rendering, organization profile, or filing-derived scale record",expanded_reference_set.csv and prior frozen peer profile,Selection fields frozen without using compensation; full source-native profile page not archived.
SRC-PEER-CLEAN-AIR-TASK-FORCE,Clean Air Task Force,Peer selection and scale profile,https://projects.propublica.org/nonprofits/organizations/043512550,https://projects.propublica.org/nonprofits/organizations/043512550,2026-08-25T16:07:55-0700,sources/raw/src-peer-clean-air-task-force.txt,text/plain; charset=utf-8,1061,c2c6402c3d61a541b11fecbf19156c5168ba1d0f8cddbbff6a300880f6f5425b,2024.0,04-3512550,,derivative,"Public Form 990 rendering, organization profile, or filing-derived scale record",expanded_reference_set.csv and prior frozen peer profile,Selection fields frozen without using compensation; full source-native profile page not archived.
SRC-PEER-CLIMATE-CENTRAL,Climate Central,Peer selection and scale profile,https://projects.propublica.org/nonprofits/organizations/261797336,https://projects.propublica.org/nonprofits/organizations/261797336,2026-08-25T16:07:55-0700,sources/raw/src-peer-climate-central.txt,text/plain; charset=utf-8,1045,a3c5474ab2f12b0055522f0ed63d403d4832ba79bf8eb30a47b1cabf93bc26c8,2025.0,26-1797336,,derivative,"Public Form 990 rendering, organization profile, or filing-derived scale record",expanded_reference_set.csv and prior frozen peer profile,Selection fields frozen without using compensation; full source-native profile page not archived.
SRC-PEER-CODE-FOR-SCIENCE-SOCIETY,Code for Science & Society,Peer selection and scale profile,https://www.causeiq.com/organizations/code-for-science-and-society%2C813791683/,https://www.causeiq.com/organizations/code-for-science-and-society%2C813791683/,2026-08-25T16:07:55-0700,sources/raw/src-peer-code-for-science-society.txt,text/plain; charset=utf-8,1571,3a9dbb4e9241d723e83f91f33eb9df283505bfe5fd5e5b358dd64c980528afd9,2024.0,81-3791683,,derivative,"Public Form 990 rendering, organization profile, or filing-derived scale record",expanded_reference_set.csv and prior frozen peer profile,Selection fields frozen without using compensation; full source-native profile page not archived.
SRC-PEER-COMMITTEE-FOR-A-RESPONSIBLE-FEDERAL-BUDGET,Committee for a Responsible Federal Budget,Peer selection and scale profile,https://projects.propublica.org/nonprofits/organizations/521231278,https://projects.propublica.org/nonprofits/organizations/521231278,2026-08-25T16:07:55-0700,sources/raw/src-peer-committee-for-a-responsible-federal-budget.txt,text/plain; charset=utf-8,1090,ae5ef88a248fe2646fa93aac5e122500ef0fed1b3d9705eab4fa756914d0cf2a,2025.0,52-1231278,,derivative,"Public Form 990 rendering, organization profile, or filing-derived scale record",expanded_reference_set.csv and prior frozen peer profile,Selection fields frozen without using compensation; full source-native profile page not archived.
SRC-PEER-COMPASSION-IN-WORLD-FARMING-USA,Compassion in World Farming USA,Peer selection and scale profile,https://www.causeiq.com/organizations/compassion-in-world-farming%2C461822635/,https://www.causeiq.com/organizations/compassion-in-world-farming%2C461822635/,2026-08-25T16:07:55-0700,sources/raw/src-peer-compassion-in-world-farming-usa.txt,text/plain; charset=utf-8,1322,2c552d10764fe79f41907d5fd5fc92cb7b6cc438dcca7822cc547a88e8c4656f,,46-1822635,,derivative,"Public Form 990 rendering, organization profile, or filing-derived scale record",expanded_reference_set.csv and prior frozen peer profile,Selection fields frozen without using compensation; full source-native profile page not archived.
SRC-PEER-COUNCIL-ON-STRATEGIC-RISKS,Council on Strategic Risks,Peer selection and scale profile,https://www.causeiq.com/organizations/the-council-on-strategic-risks%2C823106472/,https://www.causeiq.com/organizations/the-council-on-strategic-risks%2C823106472/,2026-08-25T16:07:55-0700,sources/raw/src-peer-council-on-strategic-risks.txt,text/plain; charset=utf-8,1534,2d17be0208fa29bf3c6b34af5d6eab983d1478bc2f1429cf4e8cecdf0020aa35,2025.0,82-3106472,,derivative,"Public Form 990 rendering, organization profile, or filing-derived scale record",expanded_reference_set.csv and prior frozen peer profile,Selection fields frozen without using compensation; full source-native profile page not archived.
SRC-PEER-CREATIVE-COMMONS,Creative Commons,Peer selection and scale profile,https://projects.propublica.org/nonprofits/organizations/043585301,https://projects.propublica.org/nonprofits/organizations/043585301,2026-08-25T16:07:55-0700,sources/raw/src-peer-creative-commons.txt,text/plain; charset=utf-8,1095,18a8ed15f2a127fba1bebfef445479a14a0f99ed617c9b9604d925cbaa265d8a,2024.0,04-3585301,,derivative,"Public Form 990 rendering, organization profile, or filing-derived scale record",expanded_reference_set.csv and prior frozen peer profile,Selection fields frozen without using compensation; full source-native profile page not archived.
SRC-PEER-DATA-QUALITY-CAMPAIGN,Data Quality Campaign,Peer selection and scale profile,https://projects.propublica.org/nonprofits/organizations/274566795,https://projects.propublica.org/nonprofits/organizations/274566795,2026-08-25T16:07:55-0700,sources/raw/src-peer-data-quality-campaign.txt,text/plain; charset=utf-8,1074,1811aba363b7eaa0eb0a6f9eb75d5606e782929f2292c26557ca87f80ea1f83a,2024.0,27-4566795,,derivative,"Public Form 990 rendering, organization profile, or filing-derived scale record",expanded_reference_set.csv and prior frozen peer profile,Selection fields frozen without using compensation; full source-native profile page not archived.
SRC-PEER-DATAKIND,DataKind,Peer selection and scale profile,https://projects.propublica.org/nonprofits/organizations/464082076,https://projects.propublica.org/nonprofits/organizations/464082076,2026-08-25T16:07:55-0700,sources/raw/src-peer-datakind.txt,text/plain; charset=utf-8,1053,9ad442382b0f0dacb702f8585e867657ade6b4badead5089e3da7ed2973fb947,2024.0,46-4082076,,derivative,"Public Form 990 rendering, organization profile, or filing-derived scale record",expanded_reference_set.csv and prior frozen peer profile,Selection fields frozen without using compensation; full source-native profile page not archived.
SRC-PEER-DEMOS,Demos,Peer selection and scale profile,https://projects.propublica.org/nonprofits/organizations/134105066,https://projects.propublica.org/nonprofits/organizations/134105066,2026-08-25T16:07:55-0700,sources/raw/src-peer-demos.txt,text/plain; charset=utf-8,1049,66c3a89c9e768dedd441c62db65810d6c80b2fff7ec88db0d1d4d7fae235e316,2024.0,13-4105066,,derivative,"Public Form 990 rendering, organization profile, or filing-derived scale record",expanded_reference_set.csv and prior frozen peer profile,Selection fields frozen without using compensation; full source-native profile page not archived.
SRC-PEER-ECONOMIC-INNOVATION-GROUP,Economic Innovation Group,Peer selection and scale profile,https://projects.propublica.org/nonprofits/organizations/462450336,https://projects.propublica.org/nonprofits/organizations/462450336,2026-08-25T16:07:55-0700,sources/raw/src-peer-economic-innovation-group.txt,text/plain; charset=utf-8,1045,15a49f57ed471047ccda0730d6a4ee32bb17aedbba68c29052739857b86c81dc,2024.0,46-2450336,,derivative,"Public Form 990 rendering, organization profile, or filing-derived scale record",expanded_reference_set.csv and prior frozen peer profile,Selection fields frozen without using compensation; full source-native profile page not archived.
SRC-PEER-ECONOMIC-POLICY-INSTITUTE,Economic Policy Institute,Peer selection and scale profile,https://projects.propublica.org/nonprofits/organizations/521368964,https://projects.propublica.org/nonprofits/organizations/521368964,2026-08-25T16:07:55-0700,sources/raw/src-peer-economic-policy-institute.txt,text/plain; charset=utf-8,1075,d9d52f19593b38fc99c0dcf35dcc6d23e368716b1fda709f2791d03bc57d314a,2024.0,52-1368964,,derivative,"Public Form 990 rendering, organization profile, or filing-derived scale record",expanded_reference_set.csv and prior frozen peer profile,Selection fields frozen without using compensation; full source-native profile page not archived.
SRC-PEER-EFFECTIVE-INSTITUTIONS-PROJECT,Effective Institutions Project,Peer selection and scale profile,https://www.causeiq.com/organizations/effective-institutions-project%2C932725003/,https://www.causeiq.com/organizations/effective-institutions-project%2C932725003/,2026-08-25T16:07:55-0700,sources/raw/src-peer-effective-institutions-project.txt,text/plain; charset=utf-8,1354,a7bfa867bc8d7ffad7b06bff0b0b919dceb4ad45b8c9a52a0a33a55e3db68cd5,,93-2725003,,derivative,"Public Form 990 rendering, organization profile, or filing-derived scale record",expanded_reference_set.csv and prior frozen peer profile,Selection fields frozen without using compensation; full source-native profile page not archived.
SRC-PEER-ELECTRONIC-FRONTIER-FOUNDATION,Electronic Frontier Foundation,Peer selection and scale profile,https://www.causeiq.com/organizations/electronic-frontier-foundation%2C043091431/,https://www.causeiq.com/organizations/electronic-frontier-foundation%2C043091431/,2026-08-25T16:07:55-0700,sources/raw/src-peer-electronic-frontier-foundation.txt,text/plain; charset=utf-8,1615,c8bb5e6cd1452b282f040da2e61e4bd6e634de0f3d6ac21ef1823f15e115f59a,2024.0,04-3091431,,derivative,"Public Form 990 rendering, organization profile, or filing-derived scale record",expanded_reference_set.csv and prior frozen peer profile,Selection fields frozen without using compensation; full source-native profile page not archived.
SRC-PEER-ENERGY-FOR-GROWTH-HUB,Energy for Growth Hub,Peer selection and scale profile,https://projects.propublica.org/nonprofits/organizations/831609680,https://projects.propublica.org/nonprofits/organizations/831609680,2026-08-25T16:07:55-0700,sources/raw/src-peer-energy-for-growth-hub.txt,text/plain; charset=utf-8,1063,12a9c70c2da76d85d187efff7a9d6733b10fcaa45f2b7609dc5c7a6959f3e112,2024.0,83-1609680,,derivative,"Public Form 990 rendering, organization profile, or filing-derived scale record",expanded_reference_set.csv and prior frozen peer profile,Selection fields frozen without using compensation; full source-native profile page not archived.
SRC-PEER-ENVIRONMENTAL-LAW-INSTITUTE,Environmental Law Institute,Peer selection and scale profile,https://projects.propublica.org/nonprofits/organizations/520901863,https://projects.propublica.org/nonprofits/organizations/520901863,2026-08-25T16:07:55-0700,sources/raw/src-peer-environmental-law-institute.txt,text/plain; charset=utf-8,1062,6bbd3be9e2cc3d5c7e9e42064d9586a22b65081c24e9b82f710b14a48e4521ce,2024.0,52-0901863,,derivative,"Public Form 990 rendering, organization profile, or filing-derived scale record",expanded_reference_set.csv and prior frozen peer profile,Selection fields frozen without using compensation; full source-native profile page not archived.
SRC-PEER-EVIDENCE-ACTION,Evidence Action,Peer selection and scale profile,https://www.causeiq.com/organizations/evidence-action%2C900874591/,https://www.causeiq.com/organizations/evidence-action%2C900874591/,2026-08-25T16:07:55-0700,sources/raw/src-peer-evidence-action.txt,text/plain; charset=utf-8,1512,af0776f9233f1dd83db9b5d9c8ceff03cb0bae059eda15722093fc07a8b57eb4,2024.0,90-0874591,,derivative,"Public Form 990 rendering, organization profile, or filing-derived scale record",expanded_reference_set.csv and prior frozen peer profile,Selection fields frozen without using compensation; full source-native profile page not archived.
SRC-PEER-EXPONENT-PHILANTHROPY,Exponent Philanthropy,Peer selection and scale profile,https://projects.propublica.org/nonprofits/organizations/650617866,https://projects.propublica.org/nonprofits/organizations/650617866,2026-08-25T16:07:55-0700,sources/raw/src-peer-exponent-philanthropy.txt,text/plain; charset=utf-8,1492,5bf47bd8071c8bf7485319103f67c5f7ae1bf1ee855016deb30aee67b802fe47,2025.0,65-0617866,,derivative,"Public Form 990 rendering, organization profile, or filing-derived scale record",expanded_reference_set.csv and prior frozen peer profile,Selection fields frozen without using compensation; full source-native profile page not archived.
SRC-PEER-FAR-AI,FAR AI,Peer selection and scale profile,https://www.causeiq.com/organizations/far-ai%2C920692207/,https://www.causeiq.com/organizations/far-ai%2C920692207/,2026-08-25T16:07:55-0700,sources/raw/src-peer-far-ai.txt,text/plain; charset=utf-8,1478,53ddc3a4efd2f503c3cda1c277f5aca74eeb95cb71a8400c6ab8bb04942104bc,2024.0,92-0692207,,derivative,"Public Form 990 rendering, organization profile, or filing-derived scale record",expanded_reference_set.csv and prior frozen peer profile,Selection fields frozen without using compensation; full source-native profile page not archived.
SRC-PEER-FARM-FORWARD,Farm Forward,Peer selection and scale profile,https://www.causeiq.com/organizations/farm-forward%2C261643614/,https://www.causeiq.com/organizations/farm-forward%2C261643614/,2026-08-25T16:07:55-0700,sources/raw/src-peer-farm-forward.txt,text/plain; charset=utf-8,1247,56670224f0f3a289ee1213cd9bdefc0c62fbfc515e4c5b0e5a2b6aa8da2c9054,,26-1643614,,derivative,"Public Form 990 rendering, organization profile, or filing-derived scale record",expanded_reference_set.csv and prior frozen peer profile,Selection fields frozen without using compensation; full source-native profile page not archived.
SRC-PEER-FARM-SANCTUARY,Farm Sanctuary,Peer selection and scale profile,https://www.causeiq.com/organizations/farm-sanctuary%2C510292919/,https://www.causeiq.com/organizations/farm-sanctuary%2C510292919/,2026-08-25T16:07:55-0700,sources/raw/src-peer-farm-sanctuary.txt,text/plain; charset=utf-8,1435,91e05c36167127d2aa7ab846210ea2be9c8427dfe5ff26ff403d8eaa4e97b920,2023.0,51-0292919,,derivative,"Public Form 990 rendering, organization profile, or filing-derived scale record",expanded_reference_set.csv and prior frozen peer profile,Selection fields frozen without using compensation; full source-native profile page not archived.
SRC-PEER-FAUNALYTICS,Faunalytics,Peer selection and scale profile,https://www.causeiq.com/organizations/faunalytics%2C010686889/,https://www.causeiq.com/organizations/faunalytics%2C010686889/,2026-08-25T16:07:55-0700,sources/raw/src-peer-faunalytics.txt,text/plain; charset=utf-8,1282,7e46bb7d35add899c13e8c95528bf3bfb203c005651d24e95c94d8ed26206d66,,01-0686889,,derivative,"Public Form 990 rendering, organization profile, or filing-derived scale record",expanded_reference_set.csv and prior frozen peer profile,Selection fields frozen without using compensation; full source-native profile page not archived.
SRC-PEER-FEDERATION-OF-AMERICAN-SCIENTISTS,Federation of American Scientists,Peer selection and scale profile,https://www.causeiq.com/organizations/federation-of-american-scientists%2C237185827/,https://www.causeiq.com/organizations/federation-of-american-scientists%2C237185827/,2026-08-25T16:07:55-0700,sources/raw/src-peer-federation-of-american-scientists.txt,text/plain; charset=utf-8,1608,430f77edd2d84415494a57f7ef705d326a9064958e398144fcc6af557e2c87c4,2024.0,23-7185827,,derivative,"Public Form 990 rendering, organization profile, or filing-derived scale record",expanded_reference_set.csv and prior frozen peer profile,Selection fields frozen without using compensation; full source-native profile page not archived.
SRC-PEER-FOOD-ANIMAL-CONCERNS-TRUST,Food Animal Concerns Trust,Peer selection and scale profile,https://projects.propublica.org/nonprofits/organizations/363172605,https://projects.propublica.org/nonprofits/organizations/363172605,2026-08-25T16:07:55-0700,sources/raw/src-peer-food-animal-concerns-trust.txt,text/plain; charset=utf-8,1046,d6a075a88cacc8b7ece15475898817b7d27ffe427496a0c41ceb516e60965240,2024.0,36-3172605,,derivative,"Public Form 990 rendering, organization profile, or filing-derived scale record",expanded_reference_set.csv and prior frozen peer profile,Selection fields frozen without using compensation; full source-native profile page not archived.
SRC-PEER-FRAMEWORKS-INSTITUTE,FrameWorks Institute,Peer selection and scale profile,https://projects.propublica.org/nonprofits/organizations/710891642,https://projects.propublica.org/nonprofits/organizations/710891642,2026-08-25T16:07:55-0700,sources/raw/src-peer-frameworks-institute.txt,text/plain; charset=utf-8,1081,50daf88b9b722d21a337455d944709e4ecd36392f9475bbe939a00d4d7b51c59,2024.0,71-0891642,,derivative,"Public Form 990 rendering, organization profile, or filing-derived scale record",expanded_reference_set.csv and prior frozen peer profile,Selection fields frozen without using compensation; full source-native profile page not archived.
SRC-PEER-FRESH-ENERGY,Fresh Energy,Peer selection and scale profile,https://projects.propublica.org/nonprofits/organizations/411735501,https://projects.propublica.org/nonprofits/organizations/411735501,2026-08-25T16:07:55-0700,sources/raw/src-peer-fresh-energy.txt,text/plain; charset=utf-8,1032,ab423c3bd6b92dc445d1a7d01fc62fe34dc0be883125f33976f91bc172d84e74,2024.0,41-1735501,,derivative,"Public Form 990 rendering, organization profile, or filing-derived scale record",expanded_reference_set.csv and prior frozen peer profile,Selection fields frozen without using compensation; full source-native profile page not archived.
SRC-PEER-FUTURE-OF-PRIVACY-FORUM,Future of Privacy Forum,Peer selection and scale profile,https://www.causeiq.com/organizations/fpf-education-and-innovation-foundation%2C453763097/,https://www.causeiq.com/organizations/fpf-education-and-innovation-foundation%2C453763097/,2026-08-25T16:07:55-0700,sources/raw/src-peer-future-of-privacy-forum.txt,text/plain; charset=utf-8,1593,1d51d6b088755d7fa09e40dc737ca06092dfd8e473f565ac69b01179d4af32a0,2024.0,45-3763097,,derivative,"Public Form 990 rendering, organization profile, or filing-derived scale record",expanded_reference_set.csv and prior frozen peer profile,Selection fields frozen without using compensation; full source-native profile page not archived.
SRC-PEER-GENERATION-PLEDGE,Generation Pledge,Peer selection and scale profile,https://www.causeiq.com/organizations/generation-pledge%2C842787951/,https://www.causeiq.com/organizations/generation-pledge%2C842787951/,2026-08-25T16:07:55-0700,sources/raw/src-peer-generation-pledge.txt,text/plain; charset=utf-8,1271,fdbe41c229da3c656305253d283aa3dc772204abf866e63ebb5c7556370326e4,,84-2787951,,derivative,"Public Form 990 rendering, organization profile, or filing-derived scale record",expanded_reference_set.csv and prior frozen peer profile,Selection fields frozen without using compensation; full source-native profile page not archived.
SRC-PEER-GIVINGTUESDAY,GivingTuesday,Peer selection and scale profile,https://projects.propublica.org/nonprofits/organizations/842929872,https://projects.propublica.org/nonprofits/organizations/842929872,2026-08-25T16:07:55-0700,sources/raw/src-peer-givingtuesday.txt,text/plain; charset=utf-8,1075,1ac73534e9d71d55b8c86396c12147f16abb5ad26b06b92cb650a16c04157cbc,2024.0,84-2929872,,derivative,"Public Form 990 rendering, organization profile, or filing-derived scale record",expanded_reference_set.csv and prior frozen peer profile,Selection fields frozen without using compensation; full source-native profile page not archived.
SRC-PEER-GLOBAL-HEALTH-CORPS,Global Health Corps,Peer selection and scale profile,https://projects.propublica.org/nonprofits/organizations/800512336,https://projects.propublica.org/nonprofits/organizations/800512336,2026-08-25T16:07:55-0700,sources/raw/src-peer-global-health-corps.txt,text/plain; charset=utf-8,1066,638dbaaaa1d57aa9b625adb0326c754dd4eb7e5602807c8035ba1922173631ef,2024.0,80-0512336,,derivative,"Public Form 990 rendering, organization profile, or filing-derived scale record",expanded_reference_set.csv and prior frozen peer profile,Selection fields frozen without using compensation; full source-native profile page not archived.
SRC-PEER-GOOD-FOOD-INSTITUTE,Good Food Institute,Peer selection and scale profile,https://www.causeiq.com/organizations/the-good-food-institute%2C810840578/,https://www.causeiq.com/organizations/the-good-food-institute%2C810840578/,2026-08-25T16:07:55-0700,sources/raw/src-peer-good-food-institute.txt,text/plain; charset=utf-8,1467,6ec3983e2a4dc60d8dfcb772bbb03fa8fb52b6e61df0d6298084f7f2ab4ec413,2024.0,81-0840578,,derivative,"Public Form 990 rendering, organization profile, or filing-derived scale record",expanded_reference_set.csv and prior frozen peer profile,Selection fields frozen without using compensation; full source-native profile page not archived.
SRC-PEER-GRANTMAKERS-FOR-EDUCATION,Grantmakers for Education,Peer selection and scale profile,https://projects.propublica.org/nonprofits/organizations/330919329,https://projects.propublica.org/nonprofits/organizations/330919329,2026-08-25T16:07:55-0700,sources/raw/src-peer-grantmakers-for-education.txt,text/plain; charset=utf-8,1053,fb298bbb0ce5f87e6080ceccaa38add8db68d9d461a14214049ea72005bd74ab,2024.0,33-0919329,,derivative,"Public Form 990 rendering, organization profile, or filing-derived scale record",expanded_reference_set.csv and prior frozen peer profile,Selection fields frozen without using compensation; full source-native profile page not archived.
SRC-PEER-GRANTMAKERS-FOR-EFFECTIVE-ORGANIZATIONS,Grantmakers for Effective Organizations,Peer selection and scale profile,https://projects.propublica.org/nonprofits/organizations/10669150,https://projects.propublica.org/nonprofits/organizations/10669150,2026-08-25T16:07:55-0700,sources/raw/src-peer-grantmakers-for-effective-organizations.txt,text/plain; charset=utf-8,1509,0fc73ccaf56117553afef3832fb55b7bc9a1a4a04dbb657792f6a21c7c8b739b,2024.0,01-0669150,,derivative,"Public Form 990 rendering, organization profile, or filing-derived scale record",expanded_reference_set.csv and prior frozen peer profile,Selection fields frozen without using compensation; full source-native profile page not archived.
SRC-PEER-GUTTMACHER-INSTITUTE,Guttmacher Institute,Peer selection and scale profile,https://www.causeiq.com/organizations/guttmacher-institute%2C132890727/,https://www.causeiq.com/organizations/guttmacher-institute%2C132890727/,2026-08-25T16:07:55-0700,sources/raw/src-peer-guttmacher-institute.txt,text/plain; charset=utf-8,1490,0fdd8e8903d9b61e07414235a27b7d8d54293f74766a3e70f6e035b3df1d6b22,2022.0,13-2890727,,derivative,"Public Form 990 rendering, organization profile, or filing-derived scale record",expanded_reference_set.csv and prior frozen peer profile,Selection fields frozen without using compensation; full source-native profile page not archived.
SRC-PEER-HIGH-IMPACT-ATHLETES,High Impact Athletes,Peer selection and scale profile,https://www.causeiq.com/organizations/high-impact-athletes%2C873955308/,https://www.causeiq.com/organizations/high-impact-athletes%2C873955308/,2026-08-25T16:07:55-0700,sources/raw/src-peer-high-impact-athletes.txt,text/plain; charset=utf-8,1330,8ef20d50255124ff024e3636e92f3d211cb242ff243fc73f7fa6eebc0289b5f0,,87-3955308,,derivative,"Public Form 990 rendering, organization profile, or filing-derived scale record",expanded_reference_set.csv and prior frozen peer profile,Selection fields frozen without using compensation; full source-native profile page not archived.
SRC-PEER-IDINSIGHT,IDinsight,Peer selection and scale profile,https://www.causeiq.com/organizations/idinsight-usa%2C274933181/,https://www.causeiq.com/organizations/idinsight-usa%2C274933181/,2026-08-25T16:07:55-0700,sources/raw/src-peer-idinsight.txt,text/plain; charset=utf-8,1383,a190851d7e0db8178ee1fd378d247d4bf174910ff50a60b8103027a9676efadb,,27-4933181,,derivative,"Public Form 990 rendering, organization profile, or filing-derived scale record",expanded_reference_set.csv and prior frozen peer profile,Selection fields frozen without using compensation; full source-native profile page not archived.
SRC-PEER-INDEPENDENT-SECTOR,Independent Sector,Peer selection and scale profile,https://projects.propublica.org/nonprofits/organizations/521081024,https://projects.propublica.org/nonprofits/organizations/521081024,2026-08-25T16:07:55-0700,sources/raw/src-peer-independent-sector.txt,text/plain; charset=utf-8,1514,ebac494d532c23ec80d69b32209605b673fa3b811a605807a292916cbbf6f684,2024.0,52-1081024,,derivative,"Public Form 990 rendering, organization profile, or filing-derived scale record",expanded_reference_set.csv and prior frozen peer profile,Selection fields frozen without using compensation; full source-native profile page not archived.
SRC-PEER-INFORMATION-TECHNOLOGY-AND-INNOVATION-FOUNDATION,Information Technology and Innovation Foundation,Peer selection and scale profile,https://projects.propublica.org/nonprofits/organizations/204403497,https://projects.propublica.org/nonprofits/organizations/204403497,2026-08-25T16:07:55-0700,sources/raw/src-peer-information-technology-and-innovation-foundation.txt,text/plain; charset=utf-8,1086,1a6213ebfa5da0e364390315856c205c5d3ac92ad68136568ea14ed28a393050,2024.0,20-4403497,,derivative,"Public Form 990 rendering, organization profile, or filing-derived scale record",expanded_reference_set.csv and prior frozen peer profile,Selection fields frozen without using compensation; full source-native profile page not archived.
SRC-PEER-INNOVATIONS-FOR-POVERTY-ACTION,Innovations for Poverty Action,Peer selection and scale profile,https://www.causeiq.com/organizations/innovations-for-poverty-action%2C061660068/,https://www.causeiq.com/organizations/innovations-for-poverty-action%2C061660068/,2026-08-25T16:07:55-0700,sources/raw/src-peer-innovations-for-poverty-action.txt,text/plain; charset=utf-8,1491,2829daec7aafb36071b874d452b826b8cfc972ad98068026ce9db7b0bc6a63a2,2024.0,06-1660068,,derivative,"Public Form 990 rendering, organization profile, or filing-derived scale record",expanded_reference_set.csv and prior frozen peer profile,Selection fields frozen without using compensation; full source-native profile page not archived.
SRC-PEER-INSTITUTE-FOR-ENERGY-ECONOMICS-AND-FINANCIAL-ANALYSIS,Institute for Energy Economics and Financial Analysis,Peer selection and scale profile,https://projects.propublica.org/nonprofits/organizations/454244605,https://projects.propublica.org/nonprofits/organizations/454244605,2026-08-25T16:07:55-0700,sources/raw/src-peer-institute-for-energy-economics-and-financial-analysis.txt,text/plain; charset=utf-8,1094,5852340c4b4812b546dc2eed799cf401ea6996ae6f9e97617655aaadfbda22e0,2024.0,45-4244605,,derivative,"Public Form 990 rendering, organization profile, or filing-derived scale record",expanded_reference_set.csv and prior frozen peer profile,Selection fields frozen without using compensation; full source-native profile page not archived.
SRC-PEER-INSTITUTE-FOR-NONPROFIT-NEWS,Institute for Nonprofit News,Peer selection and scale profile,https://projects.propublica.org/nonprofits/organizations/272614911,https://projects.propublica.org/nonprofits/organizations/272614911,2026-08-25T16:07:55-0700,sources/raw/src-peer-institute-for-nonprofit-news.txt,text/plain; charset=utf-8,1095,603416aa012ae988f24f0fc600291b1015ce9129abcd44521a6f51171d57b332,2024.0,27-2614911,,derivative,"Public Form 990 rendering, organization profile, or filing-derived scale record",expanded_reference_set.csv and prior frozen peer profile,Selection fields frozen without using compensation; full source-native profile page not archived.
SRC-PEER-INSTITUTE-FOR-POLICY-STUDIES,Institute for Policy Studies,Peer selection and scale profile,https://projects.propublica.org/nonprofits/organizations/520788947,https://projects.propublica.org/nonprofits/organizations/520788947,2026-08-25T16:07:55-0700,sources/raw/src-peer-institute-for-policy-studies.txt,text/plain; charset=utf-8,1085,a19a9461d42fe94218cae977c7275afc6ba093c7beb0d5d1658d2990ceb8347d,2024.0,52-0788947,,derivative,"Public Form 990 rendering, organization profile, or filing-derived scale record",expanded_reference_set.csv and prior frozen peer profile,Selection fields frozen without using compensation; full source-native profile page not archived.
SRC-PEER-INSTITUTE-FOR-SECURITY-AND-TECHNOLOGY,Institute for Security and Technology,Peer selection and scale profile,https://projects.propublica.org/nonprofits/organizations/475677755,https://projects.propublica.org/nonprofits/organizations/475677755,2026-08-25T16:07:55-0700,sources/raw/src-peer-institute-for-security-and-technology.txt,text/plain; charset=utf-8,1072,7b38072cf04c9eeb2ad37edcc293e1a520413bf80a8362d8c3e95e980c8abd7f,2024.0,47-5677755,,derivative,"Public Form 990 rendering, organization profile, or filing-derived scale record",expanded_reference_set.csv and prior frozen peer profile,Selection fields frozen without using compensation; full source-native profile page not archived.
SRC-PEER-INSTITUTE-FOR-WOMEN-S-POLICY-RESEARCH,Institute for Women’s Policy Research,Peer selection and scale profile,https://www.causeiq.com/organizations/institute-for-womens-policy-research%2C521549572/,https://www.causeiq.com/organizations/institute-for-womens-policy-research%2C521549572/,2026-08-25T16:07:55-0700,sources/raw/src-peer-institute-for-women-s-policy-research.txt,text/plain; charset=utf-8,1406,33086299011c01c128b6d818dcc73366b5688f38f3698068b49206bec338da2d,,52-1549572,,derivative,"Public Form 990 rendering, organization profile, or filing-derived scale record",expanded_reference_set.csv and prior frozen peer profile,Selection fields frozen without using compensation; full source-native profile page not archived.
SRC-PEER-INSTITUTE-FOR-THE-STUDY-OF-WAR,Institute for the Study of War,Peer selection and scale profile,https://projects.propublica.org/nonprofits/organizations/260273675,https://projects.propublica.org/nonprofits/organizations/260273675,2026-08-25T16:07:55-0700,sources/raw/src-peer-institute-for-the-study-of-war.txt,text/plain; charset=utf-8,1083,7844cb65c4e73660003b71bf7eb11cbd14eb82d6e3645ec6858040001b094f75,2024.0,26-0273675,,derivative,"Public Form 990 rendering, organization profile, or filing-derived scale record",expanded_reference_set.csv and prior frozen peer profile,Selection fields frozen without using compensation; full source-native profile page not archived.
SRC-PEER-INSTITUTE-ON-TAXATION-AND-ECONOMIC-POLICY,Institute on Taxation and Economic Policy,Peer selection and scale profile,https://projects.propublica.org/nonprofits/organizations/042688165,https://projects.propublica.org/nonprofits/organizations/042688165,2026-08-25T16:07:55-0700,sources/raw/src-peer-institute-on-taxation-and-economic-policy.txt,text/plain; charset=utf-8,1097,96f7648340ec54940f2f34f99c7551aed4e75d497000ad783f0f1d12c72f473e,2025.0,04-2688165,,derivative,"Public Form 990 rendering, organization profile, or filing-derived scale record",expanded_reference_set.csv and prior frozen peer profile,Selection fields frozen without using compensation; full source-native profile page not archived.
SRC-PEER-INTERNET-SECURITY-RESEARCH-GROUP,Internet Security Research Group,Peer selection and scale profile,https://projects.propublica.org/nonprofits/organizations/463344200,https://projects.propublica.org/nonprofits/organizations/463344200,2026-08-25T16:07:55-0700,sources/raw/src-peer-internet-security-research-group.txt,text/plain; charset=utf-8,1094,b860ae41d640379d766c6bee58a9f472bd0468e778137e2858f3e45d989ba5f7,2024.0,46-3344200,,derivative,"Public Form 990 rendering, organization profile, or filing-derived scale record",expanded_reference_set.csv and prior frozen peer profile,Selection fields frozen without using compensation; full source-native profile page not archived.
SRC-PEER-JAIN-FAMILY-INSTITUTE,Jain Family Institute,Peer selection and scale profile,https://projects.propublica.org/nonprofits/organizations/474407203,https://projects.propublica.org/nonprofits/organizations/474407203,2026-08-25T16:07:55-0700,sources/raw/src-peer-jain-family-institute.txt,text/plain; charset=utf-8,1033,da796014665ab132f27f0fa93f58c0fb12f35d69ed2e1d5de6fe44dc3bde718d,2024.0,47-4407203,,derivative,"Public Form 990 rendering, organization profile, or filing-derived scale record",expanded_reference_set.csv and prior frozen peer profile,Selection fields frozen without using compensation; full source-native profile page not archived.
SRC-PEER-LAST-MILE-HEALTH,Last Mile Health,Peer selection and scale profile,https://www.causeiq.com/organizations/last-mile-health%2C261401736/,https://www.causeiq.com/organizations/last-mile-health%2C261401736/,2026-08-25T16:07:55-0700,sources/raw/src-peer-last-mile-health.txt,text/plain; charset=utf-8,1498,570806dbb22436f4936e15233bf1e1f57249f45deb81879ac007630f48f97404,2024.0,26-1401736,,derivative,"Public Form 990 rendering, organization profile, or filing-derived scale record",expanded_reference_set.csv and prior frozen peer profile,Selection fields frozen without using compensation; full source-native profile page not archived.
SRC-PEER-LEARNING-POLICY-INSTITUTE,Learning Policy Institute,Peer selection and scale profile,https://projects.propublica.org/nonprofits/organizations/472772048,https://projects.propublica.org/nonprofits/organizations/472772048,2026-08-25T16:07:55-0700,sources/raw/src-peer-learning-policy-institute.txt,text/plain; charset=utf-8,1042,63c90d126bd3a9f4c1a72d3d3b68f72f6d8e8a1cf50683f7fb6f29ab30c18bd3,2024.0,47-2772048,,derivative,"Public Form 990 rendering, organization profile, or filing-derived scale record",expanded_reference_set.csv and prior frozen peer profile,Selection fields frozen without using compensation; full source-native profile page not archived.
SRC-PEER-LEGAL-PRIORITIES-PROJECT,Legal Priorities Project,Peer selection and scale profile,https://www.causeiq.com/organizations/legal-priorities%2C851024198/,https://www.causeiq.com/organizations/legal-priorities%2C851024198/,2026-08-25T16:07:55-0700,sources/raw/src-peer-legal-priorities-project.txt,text/plain; charset=utf-8,1446,63c1930e291aef557fc38f5a693ea598694789cb584564940141433cd06f06da,,85-1024198,,derivative,"Public Form 990 rendering, organization profile, or filing-derived scale record",expanded_reference_set.csv and prior frozen peer profile,Selection fields frozen without using compensation; full source-native profile page not archived.
SRC-PEER-LIVING-GOODS,Living Goods,Peer selection and scale profile,https://www.causeiq.com/organizations/living-goods%2C205010527/,https://www.causeiq.com/organizations/living-goods%2C205010527/,2026-08-25T16:07:55-0700,sources/raw/src-peer-living-goods.txt,text/plain; charset=utf-8,1481,202f67589ddcbaa9776ba4763a3ac86062065dacf58748605f55fb4624a3d516,2023.0,20-5010527,,derivative,"Public Form 990 rendering, organization profile, or filing-derived scale record",expanded_reference_set.csv and prior frozen peer profile,Selection fields frozen without using compensation; full source-native profile page not archived.
SRC-PEER-METR,METR,Peer selection and scale profile,https://www.causeiq.com/organizations/model-evaluation-and-threat-research%2C991219864/,https://www.causeiq.com/organizations/model-evaluation-and-threat-research%2C991219864/,2026-08-25T16:07:55-0700,sources/raw/src-peer-metr.txt,text/plain; charset=utf-8,1314,8d8d1bf387793866ab84be17f7e6ed3bf58c3a9144c274b6683cda641e1de792,,99-1219864,,derivative,"Public Form 990 rendering, organization profile, or filing-derived scale record",expanded_reference_set.csv and prior frozen peer profile,Selection fields frozen without using compensation; full source-native profile page not archived.
SRC-PEER-MERCY-FOR-ANIMALS,Mercy For Animals,Peer selection and scale profile,https://www.causeiq.com/organizations/mercy-for-animals%2C542076145/,https://www.causeiq.com/organizations/mercy-for-animals%2C542076145/,2026-08-25T16:07:55-0700,sources/raw/src-peer-mercy-for-animals.txt,text/plain; charset=utf-8,1477,7a2d0a393a51de25f7372cfdc02837d8de82be50ae3ba7d3c423fe0ac2b39588,2024.0,54-2076145,,derivative,"Public Form 990 rendering, organization profile, or filing-derived scale record",expanded_reference_set.csv and prior frozen peer profile,Selection fields frozen without using compensation; full source-native profile page not archived.
SRC-PEER-MIGRATION-POLICY-INSTITUTE,Migration Policy Institute,Peer selection and scale profile,https://www.causeiq.com/organizations/migration-policy-institute%2C522279789/,https://www.causeiq.com/organizations/migration-policy-institute%2C522279789/,2026-08-25T16:07:55-0700,sources/raw/src-peer-migration-policy-institute.txt,text/plain; charset=utf-8,1487,8802c6e06dbef335b8b8c771eb5ec6d45f54a70761f38d233fe61ba30eab3e00,2024.0,52-2279789,,derivative,"Public Form 990 rendering, organization profile, or filing-derived scale record",expanded_reference_set.csv and prior frozen peer profile,Selection fields frozen without using compensation; full source-native profile page not archived.
SRC-PEER-MUCKROCK-FOUNDATION,MuckRock Foundation,Peer selection and scale profile,https://projects.propublica.org/nonprofits/organizations/811485228,https://projects.propublica.org/nonprofits/organizations/811485228,2026-08-25T16:07:55-0700,sources/raw/src-peer-muckrock-foundation.txt,text/plain; charset=utf-8,1049,3e1ece234b16aa9cd0e4738af31b2fbb2165707197299070cd0bd480956761df,2023.0,81-1485228,,derivative,"Public Form 990 rendering, organization profile, or filing-derived scale record",expanded_reference_set.csv and prior frozen peer profile,Selection fields frozen without using compensation; full source-native profile page not archived.
SRC-PEER-NATIONAL-ACADEMY-FOR-STATE-HEALTH-POLICY,National Academy for State Health Policy,Peer selection and scale profile,https://projects.propublica.org/nonprofits/organizations/521576801,https://projects.propublica.org/nonprofits/organizations/521576801,2026-08-25T16:07:55-0700,sources/raw/src-peer-national-academy-for-state-health-policy.txt,text/plain; charset=utf-8,1080,54138055f81e3f312349276524d848005b3f261544b414886372fec765159759,2024.0,52-1576801,,derivative,"Public Form 990 rendering, organization profile, or filing-derived scale record",expanded_reference_set.csv and prior frozen peer profile,Selection fields frozen without using compensation; full source-native profile page not archived.
SRC-PEER-NATIONAL-COMMITTEE-FOR-RESPONSIVE-PHILANTHROPY,National Committee for Responsive Philanthropy,Peer selection and scale profile,https://projects.propublica.org/nonprofits/organizations/521072749,https://projects.propublica.org/nonprofits/organizations/521072749,2026-08-25T16:07:55-0700,sources/raw/src-peer-national-committee-for-responsive-philanthropy.txt,text/plain; charset=utf-8,1514,12f55e1d275cae4bba2254f6c3f99dd58d11b976344033f2578891a5718559e4,2024.0,52-1072749,,derivative,"Public Form 990 rendering, organization profile, or filing-derived scale record",expanded_reference_set.csv and prior frozen peer profile,Selection fields frozen without using compensation; full source-native profile page not archived.
SRC-PEER-NATIONAL-EMPLOYMENT-LAW-PROJECT,National Employment Law Project,Peer selection and scale profile,https://projects.propublica.org/nonprofits/organizations/132758558,https://projects.propublica.org/nonprofits/organizations/132758558,2026-08-25T16:07:55-0700,sources/raw/src-peer-national-employment-law-project.txt,text/plain; charset=utf-8,1084,c3ba2ec3b46f4b3e9fc6fef3b33fd3f77f6a57a140c9316d72cb61e911f55f33,2024.0,13-2758558,,derivative,"Public Form 990 rendering, organization profile, or filing-derived scale record",expanded_reference_set.csv and prior frozen peer profile,Selection fields frozen without using compensation; full source-native profile page not archived.
SRC-PEER-NEW-AMERICA,New America,Peer selection and scale profile,https://projects.propublica.org/nonprofits/organizations/522096845,https://projects.propublica.org/nonprofits/organizations/522096845,2026-08-25T16:07:55-0700,sources/raw/src-peer-new-america.txt,text/plain; charset=utf-8,1056,b01f58402c4a0226671b672158f55628171a8b5b712ad46c159ad5e7f03e0547,2024.0,52-2096845,,derivative,"Public Form 990 rendering, organization profile, or filing-derived scale record",expanded_reference_set.csv and prior frozen peer profile,Selection fields frozen without using compensation; full source-native profile page not archived.
SRC-PEER-NEW-HARVEST,New Harvest,Peer selection and scale profile,https://www.causeiq.com/organizations/new-harvest%2C201425438/,https://www.causeiq.com/organizations/new-harvest%2C201425438/,2026-08-25T16:07:55-0700,sources/raw/src-peer-new-harvest.txt,text/plain; charset=utf-8,1248,ccffbe5d499e588d944bf48191efa4535007c5104c56ae9af81809abcedc134d,,20-1425438,,derivative,"Public Form 990 rendering, organization profile, or filing-derived scale record",expanded_reference_set.csv and prior frozen peer profile,Selection fields frozen without using compensation; full source-native profile page not archived.
SRC-PEER-NEW-ROOTS-INSTITUTE,New Roots Institute,Peer selection and scale profile,https://www.causeiq.com/organizations/factory-farming-awareness-coalition%2C824594246/,https://www.causeiq.com/organizations/factory-farming-awareness-coalition%2C824594246/,2026-08-25T16:07:55-0700,sources/raw/src-peer-new-roots-institute.txt,text/plain; charset=utf-8,1572,fb984836e44650cda0cc2b16112a9049f355a1c5e01c114a92e91e97bd5939ee,2024.0,82-4594246,,derivative,"Public Form 990 rendering, organization profile, or filing-derived scale record",expanded_reference_set.csv and prior frozen peer profile,Selection fields frozen without using compensation; full source-native profile page not archived.
SRC-PEER-NISKANEN-CENTER,Niskanen Center,Peer selection and scale profile,https://projects.propublica.org/nonprofits/organizations/455308952,https://projects.propublica.org/nonprofits/organizations/455308952,2026-08-25T16:07:55-0700,sources/raw/src-peer-niskanen-center.txt,text/plain; charset=utf-8,1060,930b3eb12dfaa69e2a6fee849efec0b2e01938f2698c30ac61f204527ede649d,2024.0,45-5308952,,derivative,"Public Form 990 rendering, organization profile, or filing-derived scale record",expanded_reference_set.csv and prior frozen peer profile,Selection fields frozen without using compensation; full source-native profile page not archived.
SRC-PEER-NONHUMAN-RIGHTS-PROJECT,Nonhuman Rights Project,Peer selection and scale profile,https://www.causeiq.com/organizations/nonhuman-rights-project%2C043289466/,https://www.causeiq.com/organizations/nonhuman-rights-project%2C043289466/,2026-08-25T16:07:55-0700,sources/raw/src-peer-nonhuman-rights-project.txt,text/plain; charset=utf-8,1345,2e628b5256a774bc2647271aefe07dc6d59c2577f847b6a9379475bbf0f4658e,,04-3289466,,derivative,"Public Form 990 rendering, organization profile, or filing-derived scale record",expanded_reference_set.csv and prior frozen peer profile,Selection fields frozen without using compensation; full source-native profile page not archived.
SRC-PEER-NUCLEAR-INNOVATION-ALLIANCE,Nuclear Innovation Alliance,Peer selection and scale profile,https://projects.propublica.org/nonprofits/organizations/371859117,https://projects.propublica.org/nonprofits/organizations/371859117,2026-08-25T16:07:55-0700,sources/raw/src-peer-nuclear-innovation-alliance.txt,text/plain; charset=utf-8,1048,363f349ab693a9b2e269193fe3bac3033920b7cbd5fd02481f52e7970723e5a3,2025.0,37-1859117,,derivative,"Public Form 990 rendering, organization profile, or filing-derived scale record",expanded_reference_set.csv and prior frozen peer profile,Selection fields frozen without using compensation; full source-native profile page not archived.
SRC-PEER-NUCLEAR-THREAT-INITIATIVE,Nuclear Threat Initiative,Peer selection and scale profile,https://www.causeiq.com/organizations/nuclear-threat-initiative%2C522289435/,https://www.causeiq.com/organizations/nuclear-threat-initiative%2C522289435/,2026-08-25T16:07:55-0700,sources/raw/src-peer-nuclear-threat-initiative.txt,text/plain; charset=utf-8,1585,4971f69be06af5a1f7b80ca2b5ef5a73218e5d1763e09b913acf8cb3d8372835,2024.0,52-2289435,,derivative,"Public Form 990 rendering, organization profile, or filing-derived scale record",expanded_reference_set.csv and prior frozen peer profile,Selection fields frozen without using compensation; full source-native profile page not archived.
SRC-PEER-NUMFOCUS,NumFOCUS,Peer selection and scale profile,https://projects.propublica.org/nonprofits/organizations/454547709,https://projects.propublica.org/nonprofits/organizations/454547709,2026-08-25T16:07:55-0700,sources/raw/src-peer-numfocus.txt,text/plain; charset=utf-8,1063,a9c210aa46a7fccfc878f60f6cd22b7d7ebb638caf2fcb301f9bf2f25a0654d0,2024.0,45-4547709,,derivative,"Public Form 990 rendering, organization profile, or filing-derived scale record",expanded_reference_set.csv and prior frozen peer profile,Selection fields frozen without using compensation; full source-native profile page not archived.
SRC-PEER-ORCID,ORCID,Peer selection and scale profile,https://projects.propublica.org/nonprofits/organizations/275142743,https://projects.propublica.org/nonprofits/organizations/275142743,2026-08-25T16:07:55-0700,sources/raw/src-peer-orcid.txt,text/plain; charset=utf-8,1041,5018e3683b815a6489aefc4b2c1db988e5439a2ae147869a67b38f5c89ee6a82,2024.0,27-5142743,,derivative,"Public Form 990 rendering, organization profile, or filing-derived scale record",expanded_reference_set.csv and prior frozen peer profile,Selection fields frozen without using compensation; full source-native profile page not archived.
SRC-PEER-ONE-FOR-THE-WORLD,One for the World,Peer selection and scale profile,https://www.causeiq.com/organizations/one-for-the-world%2C842124550/,https://www.causeiq.com/organizations/one-for-the-world%2C842124550/,2026-08-25T16:07:55-0700,sources/raw/src-peer-one-for-the-world.txt,text/plain; charset=utf-8,1275,1763410c32df538dec3b646ec76bb7a3e367af9ede5708912273241c6ee53700,,84-2124550,,derivative,"Public Form 990 rendering, organization profile, or filing-derived scale record",expanded_reference_set.csv and prior frozen peer profile,Selection fields frozen without using compensation; full source-native profile page not archived.
SRC-PEER-OPEN-MARKETS-INSTITUTE,Open Markets Institute,Peer selection and scale profile,https://projects.propublica.org/nonprofits/organizations/822529375,https://projects.propublica.org/nonprofits/organizations/822529375,2026-08-25T16:07:55-0700,sources/raw/src-peer-open-markets-institute.txt,text/plain; charset=utf-8,1080,c036d46f153972911d7a168287002d19c00456c5b9d081b0272a9c461665f53d,2024.0,82-2529375,,derivative,"Public Form 990 rendering, organization profile, or filing-derived scale record",expanded_reference_set.csv and prior frozen peer profile,Selection fields frozen without using compensation; full source-native profile page not archived.
SRC-PEER-OPEN-SOURCE-INITIATIVE,Open Source Initiative,Peer selection and scale profile,https://projects.propublica.org/nonprofits/organizations/912037395,https://projects.propublica.org/nonprofits/organizations/912037395,2026-08-25T16:07:55-0700,sources/raw/src-peer-open-source-initiative.txt,text/plain; charset=utf-8,1059,f8b144c3be0ba59a2c9e31a888b749c23b4bb3dd64326da952257a3986a29ce5,2024.0,91-2037395,,derivative,"Public Form 990 rendering, organization profile, or filing-derived scale record",expanded_reference_set.csv and prior frozen peer profile,Selection fields frozen without using compensation; full source-native profile page not archived.
SRC-PEER-OPENSECRETS,OpenSecrets,Peer selection and scale profile,https://projects.propublica.org/nonprofits/organizations/521275227,https://projects.propublica.org/nonprofits/organizations/521275227,2026-08-25T16:07:55-0700,sources/raw/src-peer-opensecrets.txt,text/plain; charset=utf-8,1042,35ddee4c2144848c5d976aee0598ce476ed383cd96abc62533eb275f60713531,2025.0,52-1275227,,derivative,"Public Form 990 rendering, organization profile, or filing-derived scale record",expanded_reference_set.csv and prior frozen peer profile,Selection fields frozen without using compensation; full source-native profile page not archived.
SRC-PEER-PEAK-GRANTMAKING,PEAK Grantmaking,Peer selection and scale profile,https://projects.propublica.org/nonprofits/organizations/743158155,https://projects.propublica.org/nonprofits/organizations/743158155,2026-08-25T16:07:55-0700,sources/raw/src-peer-peak-grantmaking.txt,text/plain; charset=utf-8,1518,8ec959834145b33d4ca35e5c92d68b5885925213a76733040dbbc947c9e843be,2024.0,74-3158155,,derivative,"Public Form 990 rendering, organization profile, or filing-derived scale record",expanded_reference_set.csv and prior frozen peer profile,Selection fields frozen without using compensation; full source-native profile page not archived.
SRC-PEER-PARTNERSHIP-ON-AI,Partnership on AI,Peer selection and scale profile,https://www.causeiq.com/organizations/partnership-on-ai-to-benefit-people-and-society%2C320518917/,https://www.causeiq.com/organizations/partnership-on-ai-to-benefit-people-and-society%2C320518917/,2026-08-25T16:07:55-0700,sources/raw/src-peer-partnership-on-ai.txt,text/plain; charset=utf-8,1554,c7be70ee319e3d847f097337e4c4a0c21cd8da350dd56fefba7e347ee4903a6c,2024.0,32-0518917,,derivative,"Public Form 990 rendering, organization profile, or filing-derived scale record",expanded_reference_set.csv and prior frozen peer profile,Selection fields frozen without using compensation; full source-native profile page not archived.
SRC-PEER-PETERSON-INSTITUTE-FOR-INTERNATIONAL-ECONOMICS,Peterson Institute for International Economics,Peer selection and scale profile,https://www.causeiq.com/organizations/peterson-institute-for-international-economics%2C521226967/,https://www.causeiq.com/organizations/peterson-institute-for-international-economics%2C521226967/,2026-08-25T16:07:55-0700,sources/raw/src-peer-peterson-institute-for-international-economics.txt,text/plain; charset=utf-8,1533,2814b7ef3bb6b5133b284af6e723c37cb87d1f53562fe45debd36a2ce370d921,2024.0,52-1226967,,derivative,"Public Form 990 rendering, organization profile, or filing-derived scale record",expanded_reference_set.csv and prior frozen peer profile,Selection fields frozen without using compensation; full source-native profile page not archived.
SRC-PEER-PHYSICIANS-COMMITTEE-FOR-RESPONSIBLE-MEDICINE,Physicians Committee for Responsible Medicine,Peer selection and scale profile,https://www.causeiq.com/organizations/physicians-committee-for-responsible-medicine%2C521394893/,https://www.causeiq.com/organizations/physicians-committee-for-responsible-medicine%2C521394893/,2026-08-25T16:07:55-0700,sources/raw/src-peer-physicians-committee-for-responsible-medicine.txt,text/plain; charset=utf-8,1460,485734dfed0e6a6aee0c4137f8ce401e9389f132ce307785b154ae72e16b7636,,52-1394893,,derivative,"Public Form 990 rendering, organization profile, or filing-derived scale record",expanded_reference_set.csv and prior frozen peer profile,Selection fields frozen without using compensation; full source-native profile page not archived.
SRC-PEER-PHYSICIANS-FOR-SOCIAL-RESPONSIBILITY,Physicians for Social Responsibility,Peer selection and scale profile,https://projects.propublica.org/nonprofits/organizations/237059731,https://projects.propublica.org/nonprofits/organizations/237059731,2026-08-25T16:07:55-0700,sources/raw/src-peer-physicians-for-social-responsibility.txt,text/plain; charset=utf-8,1086,ed04e4ffbae456f951116c5826e047e94d9b399d55bb58b96545629e74d18553,2024.0,23-7059731,,derivative,"Public Form 990 rendering, organization profile, or filing-derived scale record",expanded_reference_set.csv and prior frozen peer profile,Selection fields frozen without using compensation; full source-native profile page not archived.
SRC-PEER-POPULATION-REFERENCE-BUREAU,Population Reference Bureau,Peer selection and scale profile,https://www.causeiq.com/organizations/population-reference-bureau%2C530214030/,https://www.causeiq.com/organizations/population-reference-bureau%2C530214030/,2026-08-25T16:07:55-0700,sources/raw/src-peer-population-reference-bureau.txt,text/plain; charset=utf-8,1462,d6c695bb929aa5ef8189fd757b2b0381dfb4febe7cf5d8793630e27d9f735882,2023.0,53-0214030,,derivative,"Public Form 990 rendering, organization profile, or filing-derived scale record",expanded_reference_set.csv and prior frozen peer profile,Selection fields frozen without using compensation; full source-native profile page not archived.
SRC-PEER-PRECISION-DEVELOPMENT,Precision Development,Peer selection and scale profile,https://www.causeiq.com/organizations/precision-agriculture-for-development%2C810779400/,https://www.causeiq.com/organizations/precision-agriculture-for-development%2C810779400/,2026-08-25T16:07:55-0700,sources/raw/src-peer-precision-development.txt,text/plain; charset=utf-8,1519,aa2b80d22f81b1d78daa3ba13248f126a63fcc3b480dfbbe8c68f8531596fa81,2023.0,81-0779400,,derivative,"Public Form 990 rendering, organization profile, or filing-derived scale record",expanded_reference_set.csv and prior frozen peer profile,Selection fields frozen without using compensation; full source-native profile page not archived.
SRC-PEER-PROJECT-DRAWDOWN,Project Drawdown,Peer selection and scale profile,https://projects.propublica.org/nonprofits/organizations/383705448,https://projects.propublica.org/nonprofits/organizations/383705448,2026-08-25T16:07:55-0700,sources/raw/src-peer-project-drawdown.txt,text/plain; charset=utf-8,1046,858db2729429d17aa50dd98a2ec974d2e2b56943ed214a0a5e190017caf79ccc,2024.0,38-3705448,,derivative,"Public Form 990 rendering, organization profile, or filing-derived scale record",expanded_reference_set.csv and prior frozen peer profile,Selection fields frozen without using compensation; full source-native profile page not archived.
SRC-PEER-PROJECT-HEALTHY-CHILDREN,Project Healthy Children,Peer selection and scale profile,https://projects.propublica.org/nonprofits/organizations/830396815,https://projects.propublica.org/nonprofits/organizations/830396815,2026-08-25T16:07:55-0700,sources/raw/src-peer-project-healthy-children.txt,text/plain; charset=utf-8,1092,1b0e31b46670f9a063c84452d555e898d8f5f7a45fdd4edbd507033613c92e82,2022.0,83-0396815,,derivative,"Public Form 990 rendering, organization profile, or filing-derived scale record",expanded_reference_set.csv and prior frozen peer profile,Selection fields frozen without using compensation; full source-native profile page not archived.
SRC-PEER-PUBLIC-AGENDA,Public Agenda,Peer selection and scale profile,https://projects.propublica.org/nonprofits/organizations/132847587,https://projects.propublica.org/nonprofits/organizations/132847587,2026-08-25T16:07:55-0700,sources/raw/src-peer-public-agenda.txt,text/plain; charset=utf-8,1061,e7ec6b3bdbf464eea66875f6143b208fde413b503a750c1da804107d27174838,2024.0,13-2847587,,derivative,"Public Form 990 rendering, organization profile, or filing-derived scale record",expanded_reference_set.csv and prior frozen peer profile,Selection fields frozen without using compensation; full source-native profile page not archived.
SRC-PEER-PUBLIC-KNOWLEDGE,Public Knowledge,Peer selection and scale profile,https://www.causeiq.com/organizations/public-knowledge%2C522336690/,https://www.causeiq.com/organizations/public-knowledge%2C522336690/,2026-08-25T16:07:55-0700,sources/raw/src-peer-public-knowledge.txt,text/plain; charset=utf-8,1513,302086c41c102f615149d287f663db49c64fe2df3d673ef5751ec3f7785d2ef0,2024.0,52-2336690,,derivative,"Public Form 990 rendering, organization profile, or filing-derived scale record",expanded_reference_set.csv and prior frozen peer profile,Selection fields frozen without using compensation; full source-native profile page not archived.
SRC-PEER-PUBLIC-LIBRARY-OF-SCIENCE,Public Library of Science,Peer selection and scale profile,https://www.causeiq.com/organizations/public-library-of-science%2C680492065/,https://www.causeiq.com/organizations/public-library-of-science%2C680492065/,2026-08-25T16:07:55-0700,sources/raw/src-peer-public-library-of-science.txt,text/plain; charset=utf-8,1420,1095ffd74759bc959b03600b612567d423bedd616174457c80a37792ac47f69d,,68-0492065,,derivative,"Public Form 990 rendering, organization profile, or filing-derived scale record",expanded_reference_set.csv and prior frozen peer profile,Selection fields frozen without using compensation; full source-native profile page not archived.
SRC-PEER-PURE-EARTH,Pure Earth,Peer selection and scale profile,https://www.causeiq.com/organizations/pure-earth%2C134075779/,https://www.causeiq.com/organizations/pure-earth%2C134075779/,2026-08-25T16:07:55-0700,sources/raw/src-peer-pure-earth.txt,text/plain; charset=utf-8,1311,aa7a4db7e119e0c14604e4bb86f5080edf44d1a70031e7f3c59d773357b10a97,,13-4075779,,derivative,"Public Form 990 rendering, organization profile, or filing-derived scale record",expanded_reference_set.csv and prior frozen peer profile,Selection fields frozen without using compensation; full source-native profile page not archived.
SRC-PEER-QUINCY-INSTITUTE-FOR-RESPONSIBLE-STATECRAFT,Quincy Institute for Responsible Statecraft,Peer selection and scale profile,https://projects.propublica.org/nonprofits/organizations/842285143,https://projects.propublica.org/nonprofits/organizations/842285143,2026-08-25T16:07:55-0700,sources/raw/src-peer-quincy-institute-for-responsible-statecraft.txt,text/plain; charset=utf-8,1097,c5bdb72d0891a9b04684a432663b27f2b681492a60665a77fb3c46ff5d75a8e5,2024.0,84-2285143,,derivative,"Public Form 990 rendering, organization profile, or filing-derived scale record",expanded_reference_set.csv and prior frozen peer profile,Selection fields frozen without using compensation; full source-native profile page not archived.
SRC-PEER-REDWOOD-RESEARCH,Redwood Research,Peer selection and scale profile,https://www.causeiq.com/organizations/redwood-research-group%2C871702255/,https://www.causeiq.com/organizations/redwood-research-group%2C871702255/,2026-08-25T16:07:55-0700,sources/raw/src-peer-redwood-research.txt,text/plain; charset=utf-8,1498,0c75a662083145beb01f4657f4919faddee264bdf716817b6350678b6ea3d7d4,2024.0,87-1702255,,derivative,"Public Form 990 rendering, organization profile, or filing-derived scale record",expanded_reference_set.csv and prior frozen peer profile,Selection fields frozen without using compensation; full source-native profile page not archived.
SRC-PEER-RESEARCH-AMERICA,Research!America,Peer selection and scale profile,https://projects.propublica.org/nonprofits/organizations/521609875,https://projects.propublica.org/nonprofits/organizations/521609875,2026-08-25T16:07:55-0700,sources/raw/src-peer-research-america.txt,text/plain; charset=utf-8,1487,1f45d7e775245e31a365bab9cc21c88068af6d397c0ce190892158ea34405642,2025.0,52-1609875,,derivative,"Public Form 990 rendering, organization profile, or filing-derived scale record",expanded_reference_set.csv and prior frozen peer profile,Selection fields frozen without using compensation; full source-native profile page not archived.
SRC-PEER-RESOLVE-TO-SAVE-LIVES,Resolve to Save Lives,Peer selection and scale profile,https://www.causeiq.com/organizations/resolve-to-save-lives%2C862254152/,https://www.causeiq.com/organizations/resolve-to-save-lives%2C862254152/,2026-08-25T16:07:55-0700,sources/raw/src-peer-resolve-to-save-lives.txt,text/plain; charset=utf-8,1304,1397a7af656744a57897635c7e296ab43d3c89cccae3661ca54600d4a4184f72,,86-2254152,,derivative,"Public Form 990 rendering, organization profile, or filing-derived scale record",expanded_reference_set.csv and prior frozen peer profile,Selection fields frozen without using compensation; full source-native profile page not archived.
SRC-PEER-RESULTS-FOR-AMERICA,Results for America,Peer selection and scale profile,https://projects.propublica.org/nonprofits/organizations/812709681,https://projects.propublica.org/nonprofits/organizations/812709681,2026-08-25T16:07:55-0700,sources/raw/src-peer-results-for-america.txt,text/plain; charset=utf-8,1067,1e4f1bf66461725dd6d115d78456d726f84c265c04df86f248173edec377a5fc,2024.0,81-2709681,,derivative,"Public Form 990 rendering, organization profile, or filing-derived scale record",expanded_reference_set.csv and prior frozen peer profile,Selection fields frozen without using compensation; full source-native profile page not archived.
SRC-PEER-RESULTS-FOR-DEVELOPMENT,Results for Development,Peer selection and scale profile,https://www.causeiq.com/organizations/results-for-development%2C208530747/,https://www.causeiq.com/organizations/results-for-development%2C208530747/,2026-08-25T16:07:55-0700,sources/raw/src-peer-results-for-development.txt,text/plain; charset=utf-8,1484,be15427bb88676bdee5acb85c80dce63f2d9545da63c8b3f8320d537f7a7ec56,2024.0,20-8530747,,derivative,"Public Form 990 rendering, organization profile, or filing-derived scale record",expanded_reference_set.csv and prior frozen peer profile,Selection fields frozen without using compensation; full source-native profile page not archived.
SRC-PEER-ROOSEVELT-INSTITUTE,Roosevelt Institute,Peer selection and scale profile,https://projects.propublica.org/nonprofits/organizations/237213592,https://projects.propublica.org/nonprofits/organizations/237213592,2026-08-25T16:07:55-0700,sources/raw/src-peer-roosevelt-institute.txt,text/plain; charset=utf-8,1074,8d2cbbb05f1ec9dca67d1eff5280025b185dc3f777b0a43f25cff21771cf016c,2024.0,23-7213592,,derivative,"Public Form 990 rendering, organization profile, or filing-derived scale record",expanded_reference_set.csv and prior frozen peer profile,Selection fields frozen without using compensation; full source-native profile page not archived.
SRC-PEER-SAN-FRANCISCO-ESTUARY-INSTITUTE,San Francisco Estuary Institute,Peer selection and scale profile,https://www.causeiq.com/organizations/san-francisco-estuary-institute%2C942951373/,https://www.causeiq.com/organizations/san-francisco-estuary-institute%2C942951373/,2026-08-25T16:07:55-0700,sources/raw/src-peer-san-francisco-estuary-institute.txt,text/plain; charset=utf-8,1489,c10ab3767f34ded34c1fb4f669d85ea7ea448e5731146fc30bc2509cc0a12b0e,2024.0,94-2951373,,derivative,"Public Form 990 rendering, organization profile, or filing-derived scale record",expanded_reference_set.csv and prior frozen peer profile,Selection fields frozen without using compensation; full source-native profile page not archived.
SRC-PEER-SENTIENCE-INSTITUTE,Sentience Institute,Peer selection and scale profile,https://www.causeiq.com/organizations/sentience-institute%2C822537926/,https://www.causeiq.com/organizations/sentience-institute%2C822537926/,2026-08-25T16:07:55-0700,sources/raw/src-peer-sentience-institute.txt,text/plain; charset=utf-8,1358,d8491c1679f0106ed6680381c2c80367579d1c7973124066c5edd4fa4b477a1f,,82-2537926,,derivative,"Public Form 990 rendering, organization profile, or filing-derived scale record",expanded_reference_set.csv and prior frozen peer profile,Selection fields frozen without using compensation; full source-native profile page not archived.
SRC-PEER-SENTIENT-MEDIA,Sentient Media,Peer selection and scale profile,https://projects.propublica.org/nonprofits/organizations/830804345,https://projects.propublica.org/nonprofits/organizations/830804345,2026-08-25T16:07:55-0700,sources/raw/src-peer-sentient-media.txt,text/plain; charset=utf-8,1053,d74dbbc7b97185c7dbaa58982e215f02fa7d859841990497dba7330f71e802a2,2024.0,83-0804345,,derivative,"Public Form 990 rendering, organization profile, or filing-derived scale record",expanded_reference_set.csv and prior frozen peer profile,Selection fields frozen without using compensation; full source-native profile page not archived.
SRC-PEER-SIGHTLINE-INSTITUTE,Sightline Institute,Peer selection and scale profile,https://projects.propublica.org/nonprofits/organizations/521833599,https://projects.propublica.org/nonprofits/organizations/521833599,2026-08-25T16:07:55-0700,sources/raw/src-peer-sightline-institute.txt,text/plain; charset=utf-8,1051,20ce5941c1242a05d549571df5ad19fe1274b50bfe67f2d90ad52d0653b0955f,2024.0,52-1833599,,derivative,"Public Form 990 rendering, organization profile, or filing-derived scale record",expanded_reference_set.csv and prior frozen peer profile,Selection fields frozen without using compensation; full source-native profile page not archived.
SRC-PEER-SOCIAL-SCIENCE-RESEARCH-COUNCIL,Social Science Research Council,Peer selection and scale profile,https://projects.propublica.org/nonprofits/organizations/131325070,https://projects.propublica.org/nonprofits/organizations/131325070,2026-08-25T16:07:55-0700,sources/raw/src-peer-social-science-research-council.txt,text/plain; charset=utf-8,1529,cf27ab56871102445570d3d40943e6ea02a72c993779995a6e7f48432340f4d2,2024.0,13-1325070,,derivative,"Public Form 990 rendering, organization profile, or filing-derived scale record",expanded_reference_set.csv and prior frozen peer profile,Selection fields frozen without using compensation; full source-native profile page not archived.
SRC-PEER-SOFTWARE-FREEDOM-CONSERVANCY,Software Freedom Conservancy,Peer selection and scale profile,https://projects.propublica.org/nonprofits/organizations/412203632,https://projects.propublica.org/nonprofits/organizations/412203632,2026-08-25T16:07:55-0700,sources/raw/src-peer-software-freedom-conservancy.txt,text/plain; charset=utf-8,1099,f3c28e4c81713e3cba118e83a2631cc1306b3032bd75b5292b725977ec111880,2024.0,41-2203632,,derivative,"Public Form 990 rendering, organization profile, or filing-derived scale record",expanded_reference_set.csv and prior frozen peer profile,Selection fields frozen without using compensation; full source-native profile page not archived.
SRC-PEER-STIMSON-CENTER,Stimson Center,Peer selection and scale profile,https://www.causeiq.com/organizations/stimson-center%2C521640938/,https://www.causeiq.com/organizations/stimson-center%2C521640938/,2026-08-25T16:07:55-0700,sources/raw/src-peer-stimson-center.txt,text/plain; charset=utf-8,1490,4c66612ee50f1c5d370d225ea2efd7a16c6eeefbab947a4fcace1dd865363889,2024.0,52-1640938,,derivative,"Public Form 990 rendering, organization profile, or filing-derived scale record",expanded_reference_set.csv and prior frozen peer profile,Selection fields frozen without using compensation; full source-native profile page not archived.
SRC-PEER-STRONGMINDS,StrongMinds,Peer selection and scale profile,https://www.causeiq.com/organizations/strongminds%2C462090059/,https://www.causeiq.com/organizations/strongminds%2C462090059/,2026-08-25T16:07:55-0700,sources/raw/src-peer-strongminds.txt,text/plain; charset=utf-8,1481,fd4b6de380c492e4ade4353683a38755deb04b7d4b53ad50967b68f8933d4cf8,2024.0,46-2090059,,derivative,"Public Form 990 rendering, organization profile, or filing-derived scale record",expanded_reference_set.csv and prior frozen peer profile,Selection fields frozen without using compensation; full source-native profile page not archived.
SRC-PEER-TAX-FOUNDATION,Tax Foundation,Peer selection and scale profile,https://projects.propublica.org/nonprofits/organizations/521703065,https://projects.propublica.org/nonprofits/organizations/521703065,2026-08-25T16:07:55-0700,sources/raw/src-peer-tax-foundation.txt,text/plain; charset=utf-8,1086,1f34f1f3bb055bbe6f1371dc0d600ca49b40701393e19dd0829724fdf1db65e5,2025.0,52-1703065,,derivative,"Public Form 990 rendering, organization profile, or filing-derived scale record",expanded_reference_set.csv and prior frozen peer profile,Selection fields frozen without using compensation; full source-native profile page not archived.
SRC-PEER-TECHCONGRESS,TechCongress,Peer selection and scale profile,https://projects.propublica.org/nonprofits/organizations/811839685,https://projects.propublica.org/nonprofits/organizations/811839685,2026-08-25T16:07:55-0700,sources/raw/src-peer-techcongress.txt,text/plain; charset=utf-8,1056,98b1f0cad2c9ac08c5c18885b8070012dc804dbb62ac9d0d1181d5160635619d,2025.0,81-1839685,,derivative,"Public Form 990 rendering, organization profile, or filing-derived scale record",expanded_reference_set.csv and prior frozen peer profile,Selection fields frozen without using compensation; full source-native profile page not archived.
SRC-PEER-TECHNICAL-ASSISTANCE-COLLABORATIVE,Technical Assistance Collaborative,Peer selection and scale profile,https://www.causeiq.com/organizations/technical-assistance-collaborative%2C223181028/,https://www.causeiq.com/organizations/technical-assistance-collaborative%2C223181028/,2026-08-25T16:07:55-0700,sources/raw/src-peer-technical-assistance-collaborative.txt,text/plain; charset=utf-8,1537,24154a593f8a1e4b49723a921f6b3451d8a46ac34c48ce69a38aebe2e64e1a22,2023.0,22-3181028,,derivative,"Public Form 990 rendering, organization profile, or filing-derived scale record",expanded_reference_set.csv and prior frozen peer profile,Selection fields frozen without using compensation; full source-native profile page not archived.
SRC-PEER-THE-HUMANE-LEAGUE,The Humane League,Peer selection and scale profile,https://www.causeiq.com/organizations/the-humane-league%2C043817491/,https://www.causeiq.com/organizations/the-humane-league%2C043817491/,2026-08-25T16:07:55-0700,sources/raw/src-peer-the-humane-league.txt,text/plain; charset=utf-8,1478,3085bade46605e812cf7e6eb870018435d145349453c083c4b41638e16914e17,2024.0,04-3817491,,derivative,"Public Form 990 rendering, organization profile, or filing-derived scale record",expanded_reference_set.csv and prior frozen peer profile,Selection fields frozen without using compensation; full source-native profile page not archived.
SRC-PEER-THE-SENTENCING-PROJECT,The Sentencing Project,Peer selection and scale profile,https://projects.propublica.org/nonprofits/organizations/521472546,https://projects.propublica.org/nonprofits/organizations/521472546,2026-08-25T16:07:55-0700,sources/raw/src-peer-the-sentencing-project.txt,text/plain; charset=utf-8,1080,eccd93f13263608ac9760be7641421bc80cf82a68491b192e075eae41675a77c,2024.0,52-1472546,,derivative,"Public Form 990 rendering, organization profile, or filing-derived scale record",expanded_reference_set.csv and prior frozen peer profile,Selection fields frozen without using compensation; full source-native profile page not archived.
SRC-PEER-THIRD-WAY-INSTITUTE,Third Way Institute,Peer selection and scale profile,https://projects.propublica.org/nonprofits/organizations/260535276,https://projects.propublica.org/nonprofits/organizations/260535276,2026-08-25T16:07:55-0700,sources/raw/src-peer-third-way-institute.txt,text/plain; charset=utf-8,1070,b6d8c877c7d96ef50b4f7d0e673687dc9c0620adec373cb7bb2abf03a90cf537,2024.0,26-0535276,,derivative,"Public Form 990 rendering, organization profile, or filing-derived scale record",expanded_reference_set.csv and prior frozen peer profile,Selection fields frozen without using compensation; full source-native profile page not archived.
SRC-PEER-VEGAN-OUTREACH,Vegan Outreach,Peer selection and scale profile,https://www.causeiq.com/organizations/vegan-outreach%2C860736818/,https://www.causeiq.com/organizations/vegan-outreach%2C860736818/,2026-08-25T16:07:55-0700,sources/raw/src-peer-vegan-outreach.txt,text/plain; charset=utf-8,1285,0e2940d081dfdb073cc48a7893f9b8995d0d973e70baf5ce4bbc67b20243784f,,86-0736818,,derivative,"Public Form 990 rendering, organization profile, or filing-derived scale record",expanded_reference_set.csv and prior frozen peer profile,Selection fields frozen without using compensation; full source-native profile page not archived.
SRC-PEER-VERA-INSTITUTE-OF-JUSTICE,Vera Institute of Justice,Peer selection and scale profile,https://projects.propublica.org/nonprofits/organizations/131941627,https://projects.propublica.org/nonprofits/organizations/131941627,2026-08-25T16:07:55-0700,sources/raw/src-peer-vera-institute-of-justice.txt,text/plain; charset=utf-8,1075,7cdc3450c4aadf30bf7d95841f94034f545a40b2c803a031e7921fe286b2dbad,2024.0,13-1941627,,derivative,"Public Form 990 rendering, organization profile, or filing-derived scale record",expanded_reference_set.csv and prior frozen peer profile,Selection fields frozen without using compensation; full source-native profile page not archived.
SRC-PEER-VILLAGE-ENTERPRISE,Village Enterprise,Peer selection and scale profile,https://www.causeiq.com/organizations/village-enterprise%2C222852248/,https://www.causeiq.com/organizations/village-enterprise%2C222852248/,2026-08-25T16:07:55-0700,sources/raw/src-peer-village-enterprise.txt,text/plain; charset=utf-8,1478,34a9b17172c74d91ee88a20c0d02544fbf2bf50a1ec657b3cb26b4241afefb0c,2024.0,22-2852248,,derivative,"Public Form 990 rendering, organization profile, or filing-derived scale record",expanded_reference_set.csv and prior frozen peer profile,Selection fields frozen without using compensation; full source-native profile page not archived.
SRC-PEER-VILLAGEREACH,VillageReach,Peer selection and scale profile,https://www.causeiq.com/organizations/villagereach%2C912083484/,https://www.causeiq.com/organizations/villagereach%2C912083484/,2026-08-25T16:07:55-0700,sources/raw/src-peer-villagereach.txt,text/plain; charset=utf-8,1477,6ed475462a0e35f44cc8d1b8574483c71232d4aa69d0ba5245af5d18709b539c,2023.0,91-2083484,,derivative,"Public Form 990 rendering, organization profile, or filing-derived scale record",expanded_reference_set.csv and prior frozen peer profile,Selection fields frozen without using compensation; full source-native profile page not archived.
SRC-PEER-WILD-ANIMAL-INITIATIVE,Wild Animal Initiative,Peer selection and scale profile,https://www.causeiq.com/organizations/utility-farm%2C822281466/,https://www.causeiq.com/organizations/utility-farm%2C822281466/,2026-08-25T16:07:55-0700,sources/raw/src-peer-wild-animal-initiative.txt,text/plain; charset=utf-8,1445,9990b62c971f5e9e8e9f5da0d958f89581c953b0682ede013534a10dd01b664c,2024.0,82-2281466,,derivative,"Public Form 990 rendering, organization profile, or filing-derived scale record",expanded_reference_set.csv and prior frozen peer profile,Selection fields frozen without using compensation; full source-native profile page not archived.
SRC-PEER-WORLD-JUSTICE-PROJECT,World Justice Project,Peer selection and scale profile,https://www.causeiq.com/organizations/world-justice-project%2C270359097/,https://www.causeiq.com/organizations/world-justice-project%2C270359097/,2026-08-25T16:07:55-0700,sources/raw/src-peer-world-justice-project.txt,text/plain; charset=utf-8,1518,a5560c8c3ba0060c972c76825cbbb2052e2d4e59aa08d2fde035e77f66280c3a,2024.0,27-0359097,,derivative,"Public Form 990 rendering, organization profile, or filing-derived scale record",expanded_reference_set.csv and prior frozen peer profile,Selection fields frozen without using compensation; full source-native profile page not archived.
SRC-PEER-IDEAS42,ideas42,Peer selection and scale profile,https://www.causeiq.com/organizations/ideas42%2C271678009/,https://www.causeiq.com/organizations/ideas42%2C271678009/,2026-08-25T16:07:55-0700,sources/raw/src-peer-ideas42.txt,text/plain; charset=utf-8,1472,f760cfd6d94c689c483c520c575d4dcd747edccdbf82525fedff277b184d7642,2023.0,27-1678009,,derivative,"Public Form 990 rendering, organization profile, or filing-derived scale record",expanded_reference_set.csv and prior frozen peer profile,Selection fields frozen without using compensation; full source-native profile page not archived.
SRC-RP-2025-RESULTS,Rethink Priorities,RP 2025 results and 2026 plans,https://rethinkpriorities.org/2025-results/,https://rethinkpriorities.org/2025-results/,2026-08-17T18:45:00-07:00,sources/raw/src-rp-2025-results.txt,text/plain; charset=utf-8,907,43617d8906ba421a8fbc92638410a47c2d2d3d2c0bc3a354f3abf19a872f1e0b,,,,derivative,original,see rp_public_profile.csv,Derivative snapshot only; source-native byte retrieval failed. Facts cross-checked against browser-rendered source and arithmetic where applicable.
SRC-RP-SPECIAL-PROJECTS,Rethink Priorities,RP Special Projects page,https://rethinkpriorities.org/our-services/special-projects/,https://rethinkpriorities.org/our-services/special-projects/,2026-08-17T18:45:00-07:00,sources/raw/src-rp-special-projects.txt,text/plain; charset=utf-8,948,7d9430f2ef68b349a99fa0d2e8dce173405255e02dde3a0abe9a75576dffcba9,,,,derivative,original,see rp_public_profile.csv,Derivative snapshot only; source-native byte retrieval failed. Facts cross-checked against browser-rendered source and arithmetic where applicable.
SRC-RP-FUNDING-NEEDS,Rethink Priorities,RP funding-needs page,https://rethinkpriorities.org/rethink-priorities-funding-needs/,https://rethinkpriorities.org/rethink-priorities-funding-needs/,2026-08-17T18:45:00-07:00,sources/raw/src-rp-funding-needs.txt,text/plain; charset=utf-8,922,c9011e58abcd1e76e90a0dc611c12628251eefd059da9329348592f8f8e531f7,,,,derivative,original,see rp_public_profile.csv,Derivative snapshot only; source-native byte retrieval failed. Facts cross-checked against browser-rendered source and arithmetic where applicable.
SRC-RP-990-SCALE,Rethink Priorities,RP public Form 990 scale rendering,https://projects.propublica.org/nonprofits/organizations/843896318,https://projects.propublica.org/nonprofits/organizations/843896318,2026-08-17T18:45:00-07:00,sources/raw/src-rp-990-scale.txt,text/plain; charset=utf-8,1012,79fe1c72028bbb3b8935e452e70516871c766fae07a57bed0f550a983f7e07d6,,,,derivative,derivative,see rp_public_profile.csv,Derivative snapshot only; source-native byte retrieval failed. Facts cross-checked against browser-rendered source and arithmetic where applicable.
SRC-RP-ABOUT,Rethink Priorities,RP public role and governance pages,https://rethinkpriorities.org/about-us/,https://rethinkpriorities.org/about-us/,2026-08-17T18:45:00-07:00,sources/raw/src-rp-about.txt,text/plain; charset=utf-8,866,d7ccb4b74b931065fbed3accae298eb9195bf49fc56ba107b025d50262f5e151,,,,derivative,original,see rp_public_profile.csv,Derivative snapshot only; source-native byte retrieval failed. Facts cross-checked against browser-rendered source and arithmetic where applicable.
SRC-RP-REGRANT,Rethink Priorities,RP regranting impact page,https://rethinkpriorities.org/impact-area/uniting-for-impact-improving-farmed-animal-welfare-across-the-eu/,https://rethinkpriorities.org/impact-area/uniting-for-impact-improving-farmed-animal-welfare-across-the-eu/,2026-08-17T18:45:00-07:00,sources/raw/src-rp-regrant.txt,text/plain; charset=utf-8,974,ae107bc82be3b332a30f2cf1178f4ce732bf69f46ba2afe7bcab69494b24702c,,,,derivative,original,see rp_public_profile.csv,Derivative snapshot only; source-native byte retrieval failed. Facts cross-checked against browser-rendered source and arithmetic where applicable.
SRC-990-FAUNALYTICS,Faunalytics,Scale and exclusion evidence,https://projects.propublica.org/nonprofits/organizations/10686889,https://projects.propublica.org/nonprofits/organizations/10686889,2026-08-17T18:45:00-07:00,sources/raw/src-990-faunalytics.txt,text/plain; charset=utf-8,1579,4df5f242b584cd78f1081a315cb6b6e2398397c836fda5be82d8a1e9401ecf6b, to ,01-0686889,not established,browser-captured supporting source,ProPublica Nonprofit Explorer organization and filing index,post-audit scale resolution,Documents an operating scale below the benchmark's primary envelope; no compensation observation from this record entered the analysis.
SRC-IRS-BULK,Internal Revenue Service,TEOS bulk filing index,https://www.irs.gov/charities-non-profits/form-990-series-downloads,https://www.irs.gov/charities-non-profits/form-990-series-downloads,2026-08-17T18:45:00-07:00,sources/raw/src-irs-bulk.txt,text/plain; charset=utf-8,993,aee4496943beb43a2f631eed32693d7473f18e2804caef1339aaebd9a741d5fa,,,,derivative,original,turn670263view0,Derivative snapshot only; source-native byte retrieval failed. Facts cross-checked against browser-rendered source and arithmetic where applicable.
SRC-PROPUBLICA-METHOD,ProPublica Nonprofit Explorer,data provenance,https://projects.propublica.org/nonprofits/,https://projects.propublica.org/nonprofits/,2026-08-17T18:45:00-07:00,sources/raw/src-propublica-method.txt,text/plain; charset=utf-8,1092,6636d61df64328184659cd4cacd0d368ae9b86a9f825b21044b77aac96911d93,,,,derivative,derivative,turn590537view0 L13-L20; turn498315search0 About This Data,Derivative snapshot only; source-native byte retrieval failed. Facts cross-checked against browser-rendered source and arithmetic where applicable.
SRC-BLS-CPI-HIST,U.S. Bureau of Labor Statistics,historical CPI series,https://www.bls.gov/cpi/data.htm,https://www.bls.gov/cpi/data.htm,2026-08-17T18:45:00-07:00,sources/raw/src-bls-cpi-hist.txt,text/plain; charset=utf-8,982,54da4a33faf39d9489f113040d6af54cb2e7d43d3673639402082d3d514665a5,,,,derivative,original,BLS series CUUR0000SA0; values transcribed to data/cpi_u.csv,Derivative snapshot only; source-native byte retrieval failed. Facts cross-checked against browser-rendered source and arithmetic where applicable.
SRC-BLS-CPI-SCHEDULE,U.S. Bureau of Labor Statistics,release schedule,https://www.bls.gov/schedule/news_release/cpi.htm,https://www.bls.gov/schedule/news_release/cpi.htm,2026-08-17T18:45:00-07:00,sources/raw/src-bls-cpi-schedule.txt,text/plain; charset=utf-8,884,bd4b05a1363938eb0a3073be4df8d103e5a9c0be1cd13fa5e76d99b410a411ea,,,,derivative,original,turn208506search0,Derivative snapshot only; source-native byte retrieval failed. Facts cross-checked against browser-rendered source and arithmetic where applicable.
