source_id,organization,evidence_stream,required_for_source_complete_release,canonical_url,fallback_url_1,fallback_url_2,preferred_provenance,expected_local_path,expected_mime_family,minimum_bytes,ein,irs_object_id,tax_period_begin,tax_period_end,analysis_use,validation_rule,current_status,current_local_path,current_sha256,current_byte_length,last_attempt_timestamp,last_attempt_result
SRC-AD-CHAPA-ROR-EXCL,Reach Out and Read (regional executive role),documented_search_record,yes,,,,frozen browser-search discovery record; no recoverable source URL,sources/raw/src-ad-reach-out-and-read-excluded.txt,local,1,,,,,excluded discovery/search log,existing local discovery record; byte length and SHA-256 verified; never treated as a source-native quantitative advertisement,present_verified_local,sources/raw/src-ad-reach-out-and-read-excluded.txt,2edb9bee70c0b3a0aeee65db26ff37b87f52d5a4bb826b387dd587cd15f925a0,1227,not_applicable,no recoverable URL; frozen excluded-search record retained
SRC-990-EXT3-ALLIANCE-FOR-HEALTH-POLICY,Alliance for Health Policy,form990,yes,https://apps.irs.gov/pub/epostcard/990/xml/2025/202531619349300118_public.xml,https://projects.propublica.org/nonprofits/organizations/521746328,https://projects.propublica.org/nonprofits/download-xml?object_id=202531619349300118,official IRS e-file XML,sources/native/form990/202531619349300118_public.xml,xml,10000,52-1746328,202531619349300118,2024-01-01,2024-12-31,excluded_partial_year,well-formed XML; EIN and tax-period end must match; extracted compensation and scale fields are rechecked,validation_failed,sources/native/form990/202531619349300118_public.xml,1178ca3ef06a7e7cf441994e3e08420198f03b2b20e526bd6601ed4708bbfe95,46392,2026-08-27T18:32:35+00:00,extracted 202531619349300118_public.xml from https://apps.irs.gov/pub/epostcard/990/xml/2025/2025_TEOS_XML_06A.zip
SRC-990-EXT-AMERICAN-IMMIGRATION-COUNCIL,American Immigration Council,form990,yes,https://apps.irs.gov/pub/epostcard/990/xml/2025/202542979349301509_public.xml,https://projects.propublica.org/nonprofits/organizations/521549711,https://projects.propublica.org/nonprofits/download-xml?object_id=202542979349301509,official IRS e-file XML,sources/native/form990/202542979349301509_public.xml,xml,10000,52-1549711,202542979349301509,2024-01-01,2024-12-31,primary,well-formed XML; EIN and tax-period end must match; extracted compensation and scale fields are rechecked,validation_failed,sources/native/form990/202542979349301509_public.xml,a6ebfcdd5d2b9a12bfbe5b6e3da5de9aafac613752dd0d9f5f34868ebc6c966e,93468,2026-08-27T18:36:05+00:00,extracted 202542979349301509_public.xml from https://apps.irs.gov/pub/epostcard/990/xml/2025/2025_TEOS_XML_11B.zip
SRC-990-EXT3-AMERICAN-SECURITY-PROJECT,American Security Project,form990,yes,https://apps.irs.gov/pub/epostcard/990/xml/2025/202542279349301744_public.xml,https://projects.propublica.org/nonprofits/organizations/204079553,https://projects.propublica.org/nonprofits/download-xml?object_id=202542279349301744,official IRS e-file XML,sources/native/form990/202542279349301744_public.xml,xml,10000,20-4079553,202542279349301744,2024-01-01,2024-12-31,primary_with_structure_flag,well-formed XML; EIN and tax-period end must match; extracted compensation and scale fields are rechecked,validation_failed,sources/native/form990/202542279349301744_public.xml,0dfe90e9202f05e8c6679f8b6725de58a76d123304d273c96a17b4ceacd76ebb,49390,2026-08-27T18:33:50+00:00,extracted 202542279349301744_public.xml from https://apps.irs.gov/pub/epostcard/990/xml/2025/2025_TEOS_XML_08A.zip
SRC-990-EXT-ANIMAL-EQUALITY,Animal Equality,form990,yes,https://apps.irs.gov/pub/epostcard/990/xml/2025/202533009349301263_public.xml,https://projects.propublica.org/nonprofits/organizations/472420444,https://projects.propublica.org/nonprofits/download-xml?object_id=202533009349301263,official IRS e-file XML,sources/native/form990/202533009349301263_public.xml,xml,10000,47-2420444,202533009349301263,2024-01-01,2024-12-31,structural_sensitivity,well-formed XML; EIN and tax-period end must match; extracted compensation and scale fields are rechecked,present_verified_source_native,sources/native/form990/202533009349301263_public.xml,5b5731027b05cf0734c7ed2f1cf558883128c0fca9400dd5c2639d197a0506ae,61598,2026-08-27T18:33:59+00:00,extracted 202533009349301263_public.xml from https://apps.irs.gov/pub/epostcard/990/xml/2025/2025_TEOS_XML_11C.zip
SRC-990-EXT-ANIMAL-LEGAL-DEFENSE-FUND,Animal Legal Defense Fund,form990,yes,https://apps.irs.gov/pub/epostcard/990/xml/2026/202631249349301878_public.xml,https://projects.propublica.org/nonprofits/organizations/942681680,https://projects.propublica.org/nonprofits/download-xml?object_id=202631249349301878,official IRS e-file XML,sources/native/form990/202631249349301878_public.xml,xml,10000,94-2681680,202631249349301878,2024-07-01,2025-06-30,primary_with_structure_flag,well-formed XML; EIN and tax-period end must match; extracted compensation and scale fields are rechecked,validation_failed,sources/native/form990/202631249349301878_public.xml,1d3ee44f47b328b4e6cb86c3b092867195a3fbe950d8b69a67e5c1bd2d8caf05,94463,2026-08-27T18:37:49+00:00,extracted 202631249349301878_public.xml from https://apps.irs.gov/pub/epostcard/990/xml/2026/2026_TEOS_XML_05B.zip
SRC-990-EXT-ANIMAL-WELFARE-INSTITUTE,Animal Welfare Institute,form990,yes,https://apps.irs.gov/pub/epostcard/990/xml/2025/202543189349305814_public.xml,https://projects.propublica.org/nonprofits/organizations/135655952,https://projects.propublica.org/nonprofits/download-xml?object_id=202543189349305814,official IRS e-file XML,sources/native/form990/202543189349305814_public.xml,xml,10000,13-5655952,202543189349305814,2024-07-01,2025-06-30,primary,well-formed XML; EIN and tax-period end must match; extracted compensation and scale fields are rechecked,validation_failed,sources/native/form990/202543189349305814_public.xml,3e4b6f83680e006d2ff01d3ab9f62d48398fed1742a6afa9d45e9834e0b7c48b,89344,2026-08-27T18:36:14+00:00,extracted 202543189349305814_public.xml from https://apps.irs.gov/pub/epostcard/990/xml/2025/2025_TEOS_XML_11B.zip
SRC-990-EXT-ARMS-CONTROL-ASSOCIATION,Arms Control Association,form990,yes,https://apps.irs.gov/pub/epostcard/990/xml/2026/202621349349307892_public.xml,https://projects.propublica.org/nonprofits/organizations/237124588,https://projects.propublica.org/nonprofits/download-xml?object_id=202621349349307892,official IRS e-file XML,sources/native/form990/202621349349307892_public.xml,xml,10000,23-7124588,202621349349307892,2024-07-01,2025-06-30,primary_with_structure_flag,well-formed XML; EIN and tax-period end must match; extracted compensation and scale fields are rechecked,validation_failed,sources/native/form990/202621349349307892_public.xml,b59c83e976c96fa6f1116fa74743df85707991fafaa1524354c6a70858e40cad,42951,2026-08-27T18:37:49+00:00,extracted 202621349349307892_public.xml from https://apps.irs.gov/pub/epostcard/990/xml/2026/2026_TEOS_XML_05B.zip
SRC-990-EXT-BETTER-FOOD-FOUNDATION,Better Food Foundation,form990,yes,https://apps.irs.gov/pub/epostcard/990/xml/2025/202533169349305288_public.xml,https://projects.propublica.org/nonprofits/organizations/814537521,https://projects.propublica.org/nonprofits/download-xml?object_id=202533169349305288,official IRS e-file XML,sources/native/form990/202533169349305288_public.xml,xml,10000,81-4537521,202533169349305288,2024-01-01,2024-12-31,primary_with_structure_flag,well-formed XML; EIN and tax-period end must match; extracted compensation and scale fields are rechecked,present_verified_source_native,sources/native/form990/202533169349305288_public.xml,16f3789da5cc3e54e73f39e34d5b458163171d3cff5f9abb21a06db61893afd7,37471,2026-08-27T18:36:14+00:00,extracted 202533169349305288_public.xml from https://apps.irs.gov/pub/epostcard/990/xml/2025/2025_TEOS_XML_11B.zip
SRC-990-EXT-BIPARTISAN-POLICY-CENTER,Bipartisan Policy Center,form990,yes,https://apps.irs.gov/pub/epostcard/990/xml/2025/202513109349302561_public.xml,https://projects.propublica.org/nonprofits/organizations/731628382,https://projects.propublica.org/nonprofits/download-xml?object_id=202513109349302561,official IRS e-file XML,sources/native/form990/202513109349302561_public.xml,xml,10000,73-1628382,202513109349302561,2024-01-01,2024-12-31,primary_with_structure_flag,well-formed XML; EIN and tax-period end must match; extracted compensation and scale fields are rechecked,validation_failed,sources/native/form990/202513109349302561_public.xml,fc506022f88419fecc204fc8e6ef965ddee026729dcbab5cf980d048a933229a,97997,2026-08-27T18:34:01+00:00,extracted 202513109349302561_public.xml from https://apps.irs.gov/pub/epostcard/990/xml/2025/2025_TEOS_XML_11D.zip
SRC-990-EXT-BREAKTHROUGH-INSTITUTE,Breakthrough Institute,form990,yes,https://apps.irs.gov/pub/epostcard/990/xml/2026/202631469349301333_public.xml,https://projects.propublica.org/nonprofits/organizations/814526660,https://projects.propublica.org/nonprofits/download-xml?object_id=202631469349301333,official IRS e-file XML,sources/native/form990/202631469349301333_public.xml,xml,10000,81-4526660,202631469349301333,2025-01-01,2025-12-31,primary,well-formed XML; EIN and tax-period end must match; extracted compensation and scale fields are rechecked,validation_failed,sources/native/form990/202631469349301333_public.xml,b04d7b13c2ea29166f37d846b8bd8b84cc08955ffea3a66a2d14401a32608e3f,56316,2026-08-27T18:34:12+00:00,extracted 202631469349301333_public.xml from https://apps.irs.gov/pub/epostcard/990/xml/2026/2026_TEOS_XML_06A.zip
SRC-990-EXT-BRENNAN-CENTER-FOR-JUSTICE,Brennan Center for Justice,form990,yes,https://apps.irs.gov/pub/epostcard/990/xml/2026/202621289349303897_public.xml,https://projects.propublica.org/nonprofits/organizations/133839293,https://projects.propublica.org/nonprofits/download-xml?object_id=202621289349303897,official IRS e-file XML,sources/native/form990/202621289349303897_public.xml,xml,10000,13-3839293,202621289349303897,2024-07-01,2025-06-30,structural_sensitivity,well-formed XML; EIN and tax-period end must match; extracted compensation and scale fields are rechecked,validation_failed,sources/native/form990/202621289349303897_public.xml,2be14762c33a13ea9f951534ad8fe8652c097fbd8520fc7e740cf6f4834ba0f0,85538,2026-08-27T18:37:01+00:00,RuntimeError: Expected one member named 202631249349301878_public.xml; found 0
SRC-990-EXT-BULLETIN-OF-THE-ATOMIC-SCIENTISTS,Bulletin of the Atomic Scientists,form990,yes,https://apps.irs.gov/pub/epostcard/990/xml/2026/202610149349301801_public.xml,https://projects.propublica.org/nonprofits/organizations/362136497,https://projects.propublica.org/nonprofits/download-xml?object_id=202610149349301801,official IRS e-file XML,sources/native/form990/202610149349301801_public.xml,xml,10000,36-2136497,202610149349301801,2024-07-01,2025-06-30,primary_with_structure_flag,well-formed XML; EIN and tax-period end must match; extracted compensation and scale fields are rechecked,validation_failed,sources/native/form990/202610149349301801_public.xml,68ef8a5e62fabf74effe8963301181227ed8152f3ede45280847635882c82989,45489,2026-08-27T18:34:06+00:00,extracted 202610149349301801_public.xml from https://apps.irs.gov/pub/epostcard/990/xml/2026/2026_TEOS_XML_01A.zip
SRC-990-EXT3-CARBON-MAPPER,Carbon Mapper,form990,yes,https://apps.irs.gov/pub/epostcard/990/xml/2026/202630139349300833_public.xml,https://projects.propublica.org/nonprofits/organizations/853149996,https://projects.propublica.org/nonprofits/download-xml?object_id=202630139349300833,official IRS e-file XML,sources/native/form990/202630139349300833_public.xml,xml,10000,85-3149996,202630139349300833,2024-09-01,2025-08-31,primary_with_structure_flag,well-formed XML; EIN and tax-period end must match; extracted compensation and scale fields are rechecked,validation_failed,sources/native/form990/202630139349300833_public.xml,117c39d079b845f7cd1c1e956ebba15510cd2886b911c32854ef9a120630f8bb,54387,2026-08-27T18:34:06+00:00,extracted 202630139349300833_public.xml from https://apps.irs.gov/pub/epostcard/990/xml/2026/2026_TEOS_XML_01A.zip
SRC-990-EXT-CENTER-FOR-AI-SAFETY,Center for AI Safety,form990,yes,https://apps.irs.gov/pub/epostcard/990/xml/2025/202503219349323615_public.xml,https://projects.propublica.org/nonprofits/organizations/881751310,https://projects.propublica.org/nonprofits/download-xml?object_id=202503219349323615,official IRS e-file XML,sources/native/form990/202503219349323615_public.xml,xml,10000,88-1751310,202503219349323615,2024-01-01,2024-12-31,primary,well-formed XML; EIN and tax-period end must match; extracted compensation and scale fields are rechecked,validation_failed,sources/native/form990/202503219349323615_public.xml,ade9e023932ea03e5382186c1ef395ce8af76387d4a43466172c7593e374e02a,51241,2026-08-27T18:33:55+00:00,extracted 202503219349323615_public.xml from https://apps.irs.gov/pub/epostcard/990/xml/2025/2025_TEOS_XML_11A.zip
SRC-990-EXT-CENTER-FOR-AI-AND-DIGITAL-POLICY,Center for AI and Digital Policy,form990,yes,https://apps.irs.gov/pub/epostcard/990/xml/2026/202631359349302858_public.xml,https://projects.propublica.org/nonprofits/organizations/863350258,https://projects.propublica.org/nonprofits/download-xml?object_id=202631359349302858,official IRS e-file XML,sources/native/form990/202631359349302858_public.xml,xml,10000,86-3350258,202631359349302858,2025-01-01,2025-12-31,structural_sensitivity,well-formed XML; EIN and tax-period end must match; extracted compensation and scale fields are rechecked,present_verified_source_native,sources/native/form990/202631359349302858_public.xml,2fa9f76643570e03c06ba6d13e42bdc80c5a37b403928c02c7c65aaa40930da2,33760,2026-08-27T18:37:50+00:00,extracted 202631359349302858_public.xml from https://apps.irs.gov/pub/epostcard/990/xml/2026/2026_TEOS_XML_05B.zip
SRC-990-EXT3-CENTER-FOR-ARMS-CONTROL-AND-NON-PROLIFERATION,Center for Arms Control and Non-Proliferation,form990,yes,https://apps.irs.gov/pub/epostcard/990/xml/2025/202523179349304722_public.xml,https://projects.propublica.org/nonprofits/organizations/42693322,https://projects.propublica.org/nonprofits/download-xml?object_id=202523179349304722,official IRS e-file XML,sources/native/form990/202523179349304722_public.xml,xml,10000,04-2693322,202523179349304722,2024-01-01,2024-12-31,primary,well-formed XML; EIN and tax-period end must match; extracted compensation and scale fields are rechecked,validation_failed,sources/native/form990/202523179349304722_public.xml,1611e90ccf79968a3e878546c1aa7e8825b07c49dfbf0e0c2a21ab37fdfba41a,42359,2026-08-27T18:33:59+00:00,extracted 202523179349304722_public.xml from https://apps.irs.gov/pub/epostcard/990/xml/2025/2025_TEOS_XML_11C.zip
SRC-990-EXT-CENTER-FOR-CLIMATE-AND-ENERGY-SOLUTIONS,Center for Climate and Energy Solutions,form990,yes,https://apps.irs.gov/pub/epostcard/990/xml/2026/202631619349300808_public.xml,https://projects.propublica.org/nonprofits/organizations/541892252,https://projects.propublica.org/nonprofits/download-xml?object_id=202631619349300808,official IRS e-file XML,sources/native/form990/202631619349300808_public.xml,xml,10000,54-1892252,202631619349300808,2024-04-01,2025-03-31,primary_with_structure_flag,well-formed XML; EIN and tax-period end must match; extracted compensation and scale fields are rechecked,validation_failed,sources/native/form990/202631619349300808_public.xml,30691fa1f764fa394486ad560dd64e0abec401b4382fb5b20666a125627fe832,80668,2026-08-27T18:34:12+00:00,extracted 202631619349300808_public.xml from https://apps.irs.gov/pub/epostcard/990/xml/2026/2026_TEOS_XML_06A.zip
SRC-990-EXT-CENTER-FOR-DEMOCRACY-TECHNOLOGY,Center for Democracy & Technology,form990,yes,https://apps.irs.gov/pub/epostcard/990/xml/2025/202533219349301933_public.xml,https://projects.propublica.org/nonprofits/organizations/521905358,https://projects.propublica.org/nonprofits/download-xml?object_id=202533219349301933,official IRS e-file XML,sources/native/form990/202533219349301933_public.xml,xml,10000,52-1905358,202533219349301933,2024-01-01,2024-12-31,primary,well-formed XML; EIN and tax-period end must match; extracted compensation and scale fields are rechecked,validation_failed,sources/native/form990/202533219349301933_public.xml,d6e924a0f13486174e1b5baa6f0a5aaff53a98b681155a2eb41f852f651f7089,71382,2026-08-27T18:36:14+00:00,extracted 202533219349301933_public.xml from https://apps.irs.gov/pub/epostcard/990/xml/2025/2025_TEOS_XML_11B.zip
SRC-990-EXT-CENTER-FOR-ECONOMIC-AND-POLICY-RESEARCH,Center for Economic and Policy Research,form990,yes,https://apps.irs.gov/pub/epostcard/990/xml/2025/202543169349304999_public.xml,https://projects.propublica.org/nonprofits/organizations/522204029,https://projects.propublica.org/nonprofits/download-xml?object_id=202543169349304999,official IRS e-file XML,sources/native/form990/202543169349304999_public.xml,xml,10000,52-2204029,202543169349304999,2024-01-01,2024-12-31,structural_sensitivity,well-formed XML; EIN and tax-period end must match; extracted compensation and scale fields are rechecked,validation_failed,sources/native/form990/202543169349304999_public.xml,c7076c3f755b19b1cec09682ae1c8704aaaf37771c6ecdcce13e1d7180190484,50434,2026-08-27T18:36:14+00:00,extracted 202543169349304999_public.xml from https://apps.irs.gov/pub/epostcard/990/xml/2025/2025_TEOS_XML_11B.zip
SRC-990-EXT-CENTER-FOR-EFFECTIVE-PHILANTHROPY,Center for Effective Philanthropy,form990,yes,https://apps.irs.gov/pub/epostcard/990/xml/2026/202602039349300145_public.xml,https://projects.propublica.org/nonprofits/organizations/43523528,https://projects.propublica.org/nonprofits/download-xml?object_id=202602039349300145,official IRS e-file XML,sources/native/form990/202602039349300145_public.xml,xml,10000,04-3523528,202602039349300145,2025-01-01,2025-12-31,primary,well-formed XML; EIN and tax-period end must match; extracted compensation and scale fields are rechecked,validation_failed,sources/native/form990/202602039349300145_public.xml,54e81595c60a00a1ce5adae220f624df6cb0179d324625bcba13378b3c176df3,77677,2026-08-27T18:34:13+00:00,extracted 202602039349300145_public.xml from https://apps.irs.gov/pub/epostcard/990/xml/2026/2026_TEOS_XML_07A.zip
SRC-990-EXT3-CENTER-FOR-HEALTH-CARE-STRATEGIES,Center for Health Care Strategies,form990,yes,https://apps.irs.gov/pub/epostcard/990/xml/2026/202631279349304653_public.xml,https://projects.propublica.org/nonprofits/organizations/223375015,https://projects.propublica.org/nonprofits/download-xml?object_id=202631279349304653,official IRS e-file XML,sources/native/form990/202631279349304653_public.xml,xml,10000,22-3375015,202631279349304653,2024-07-01,2025-06-30,primary,well-formed XML; EIN and tax-period end must match; extracted compensation and scale fields are rechecked,validation_failed,sources/native/form990/202631279349304653_public.xml,6ae0855cd1129e2d321a6fa4301df029eb075b0d3793f87ae13ec9d6f82a9050,67455,2026-08-27T18:37:50+00:00,extracted 202631279349304653_public.xml from https://apps.irs.gov/pub/epostcard/990/xml/2026/2026_TEOS_XML_05B.zip
SRC-990-EXT3-CENTER-FOR-INTERNATIONAL-POLICY,Center for International Policy,form990,yes,https://apps.irs.gov/pub/epostcard/990/xml/2025/202513189349309501_public.xml,https://projects.propublica.org/nonprofits/organizations/521446207,https://projects.propublica.org/nonprofits/download-xml?object_id=202513189349309501,official IRS e-file XML,sources/native/form990/202513189349309501_public.xml,xml,10000,52-1446207,202513189349309501,2024-01-01,2024-12-31,primary,well-formed XML; EIN and tax-period end must match; extracted compensation and scale fields are rechecked,validation_failed,sources/native/form990/202513189349309501_public.xml,c71150e358259f60de37ba539e1989680216e97bada1d70bb2ae6d8cc7e8d722,38823,2026-08-27T18:34:02+00:00,extracted 202513189349309501_public.xml from https://apps.irs.gov/pub/epostcard/990/xml/2025/2025_TEOS_XML_11D.zip
SRC-990-EXT-CENTER-FOR-LAW-AND-SOCIAL-POLICY,Center for Law and Social Policy,form990,yes,https://apps.irs.gov/pub/epostcard/990/xml/2025/202513189349314621_public.xml,https://projects.propublica.org/nonprofits/organizations/237000150,https://projects.propublica.org/nonprofits/download-xml?object_id=202513189349314621,official IRS e-file XML,sources/native/form990/202513189349314621_public.xml,xml,10000,23-7000150,202513189349314621,2024-01-01,2024-12-31,excluded_transition,well-formed XML; EIN and tax-period end must match; extracted compensation and scale fields are rechecked,validation_failed,sources/native/form990/202513189349314621_public.xml,aeb7ca84cccc717773351092e4d886f5d13fd0e549db24327b86b22706214aca,77299,2026-08-27T18:34:02+00:00,extracted 202513189349314621_public.xml from https://apps.irs.gov/pub/epostcard/990/xml/2025/2025_TEOS_XML_11D.zip
SRC-990-EXT-CENTER-FOR-OPEN-SCIENCE,Center for Open Science,form990,yes,https://apps.irs.gov/pub/epostcard/990/xml/2025/202513219349318466_public.xml,https://projects.propublica.org/nonprofits/organizations/461496217,https://projects.propublica.org/nonprofits/download-xml?object_id=202513219349318466,official IRS e-file XML,sources/native/form990/202513219349318466_public.xml,xml,10000,46-1496217,202513219349318466,2024-01-01,2024-12-31,primary,well-formed XML; EIN and tax-period end must match; extracted compensation and scale fields are rechecked,validation_failed,sources/native/form990/202513219349318466_public.xml,f91ece7c6381e8f47136d851516f8a2fade57a082144a73b11314cfc3e184637,60178,2026-08-27T18:34:02+00:00,extracted 202513219349318466_public.xml from https://apps.irs.gov/pub/epostcard/990/xml/2025/2025_TEOS_XML_11D.zip
SRC-990-EXT-CENTER-FOR-PUBLIC-INTEGRITY,Center for Public Integrity,form990,yes,https://apps.irs.gov/pub/epostcard/990/xml/2024/202412399349300756_public.xml,https://projects.propublica.org/nonprofits/organizations/541512177,https://projects.propublica.org/nonprofits/download-xml?object_id=202412399349300756,official IRS e-file XML,sources/native/form990/202412399349300756_public.xml,xml,10000,54-1512177,202412399349300756,2023-01-01,2023-12-31,primary_older_clean,well-formed XML; EIN and tax-period end must match; extracted compensation and scale fields are rechecked,validation_failed,sources/native/form990/202412399349300756_public.xml,f1b7fbda12ed301f3ab17b982741b59bfced1058946ea693f8f38f830848b0bb,52697,2026-08-27T18:33:41+00:00,extracted 2024_TEOS_XML_09A/202412399349300756_public.xml from https://apps.irs.gov/pub/epostcard/990/xml/2024/2024_TEOS_XML_09A.zip
SRC-990-EXT-CENTER-FOR-RESPONSIBLE-LENDING,Center for Responsible Lending,form990,yes,https://apps.irs.gov/pub/epostcard/990/xml/2026/202621149349301437_public.xml,https://projects.propublica.org/nonprofits/organizations/743043913,https://projects.propublica.org/nonprofits/download-xml?object_id=202621149349301437,official IRS e-file XML,sources/native/form990/202621149349301437_public.xml,xml,10000,74-3043913,202621149349301437,2024-01-01,2024-12-31,excluded_measurement,well-formed XML; EIN and tax-period end must match; extracted compensation and scale fields are rechecked,present_verified_source_native,sources/native/form990/202621149349301437_public.xml,c6d52677d4ff3547cd9c1cd90902179b783fce48c985e13dd2eb1c9ca2a17849,67552,2026-08-27T18:37:01+00:00,RuntimeError: Expected one member named 202631249349301878_public.xml; found 0
SRC-990-EXT-CENTER-FOR-A-HUMANE-ECONOMY,Center for a Humane Economy,form990,yes,https://apps.irs.gov/pub/epostcard/990/xml/2025/202502459349301350_public.xml,https://projects.propublica.org/nonprofits/organizations/832620507,https://projects.propublica.org/nonprofits/download-xml?object_id=202502459349301350,official IRS e-file XML,sources/native/form990/202502459349301350_public.xml,xml,10000,83-2620507,202502459349301350,2023-11-01,2024-10-31,excluded_measurement,well-formed XML; EIN and tax-period end must match; extracted compensation and scale fields are rechecked,present_verified_source_native,sources/native/form990/202502459349301350_public.xml,e9a0c42f8ecc099678d215fe1ad9b0b0f12943b7b7fa98447e60c93e05d173f4,58025,2026-08-27T18:33:52+00:00,extracted 202502459349301350_public.xml from https://apps.irs.gov/pub/epostcard/990/xml/2025/2025_TEOS_XML_09A.zip
SRC-990-EXT-CENTER-FOR-A-NEW-AMERICAN-SECURITY,Center for a New American Security,form990,yes,https://apps.irs.gov/pub/epostcard/990/xml/2025/202542329349300819_public.xml,https://projects.propublica.org/nonprofits/organizations/208084828,https://projects.propublica.org/nonprofits/download-xml?object_id=202542329349300819,official IRS e-file XML,sources/native/form990/202542329349300819_public.xml,xml,10000,20-8084828,202542329349300819,2023-10-01,2024-09-30,primary,well-formed XML; EIN and tax-period end must match; extracted compensation and scale fields are rechecked,validation_failed,sources/native/form990/202542329349300819_public.xml,d161a7390f029f925721829aab78bac0de18678f178c47b886c1aaa6394b9f8e,59742,2026-08-27T18:33:51+00:00,extracted 202542329349300819_public.xml from https://apps.irs.gov/pub/epostcard/990/xml/2025/2025_TEOS_XML_08A.zip
SRC-990-EXT-CHARITY-NAVIGATOR,Charity Navigator,form990,yes,https://apps.irs.gov/pub/epostcard/990/xml/2026/202640789349301509_public.xml,https://projects.propublica.org/nonprofits/organizations/134148824,https://projects.propublica.org/nonprofits/download-xml?object_id=202640789349301509,official IRS e-file XML,sources/native/form990/202640789349301509_public.xml,xml,10000,13-4148824,202640789349301509,2024-07-01,2025-06-30,primary,well-formed XML; EIN and tax-period end must match; extracted compensation and scale fields are rechecked,validation_failed,sources/native/form990/202640789349301509_public.xml,8d37772f29bf2c56f3bec4df971a9d7676a87634357600620527969c0544972f,63243,2026-08-27T18:34:09+00:00,extracted 202640789349301509_public.xml from https://apps.irs.gov/pub/epostcard/990/xml/2026/2026_TEOS_XML_03A.zip
SRC-990-EXT-CHICAGO-COUNCIL-ON-GLOBAL-AFFAIRS,Chicago Council on Global Affairs,form990,yes,https://apps.irs.gov/pub/epostcard/990/xml/2025/202543179349309229_public.xml,https://projects.propublica.org/nonprofits/organizations/362181969,https://projects.propublica.org/nonprofits/download-xml?object_id=202543179349309229,official IRS e-file XML,sources/native/form990/202543179349309229_public.xml,xml,10000,36-2181969,202543179349309229,2024-01-01,2024-12-31,primary,well-formed XML; EIN and tax-period end must match; extracted compensation and scale fields are rechecked,validation_failed,sources/native/form990/202543179349309229_public.xml,238ec567e23543586fa3faff47ee8681e000fcba5a71df96e033cdb175adca8f,91414,2026-08-27T18:36:14+00:00,extracted 202543179349309229_public.xml from https://apps.irs.gov/pub/epostcard/990/xml/2025/2025_TEOS_XML_11B.zip
SRC-990-EXT-CLEAN-AIR-TASK-FORCE,Clean Air Task Force,form990,yes,https://apps.irs.gov/pub/epostcard/990/xml/2025/202522829349300322_public.xml,https://projects.propublica.org/nonprofits/organizations/043512550,https://projects.propublica.org/nonprofits/download-xml?object_id=202522829349300322,official IRS e-file XML,sources/native/form990/202522829349300322_public.xml,xml,10000,04-3512550,202522829349300322,2024-01-01,2024-12-31,primary_with_structure_flag,well-formed XML; EIN and tax-period end must match; extracted compensation and scale fields are rechecked,validation_failed,sources/native/form990/202522829349300322_public.xml,db3eb1f337304cabbaca135cad8cd32d586cc9c75ade99c55aa51d9006fbe59e,79297,2026-08-27T18:34:03+00:00,extracted 202522829349300322_public.xml from https://apps.irs.gov/pub/epostcard/990/xml/2025/2025_TEOS_XML_11D.zip
SRC-990-EXT-CLIMATE-CENTRAL,Climate Central,form990,yes,https://apps.irs.gov/pub/epostcard/990/xml/2026/202631769349300823_public.xml,https://projects.propublica.org/nonprofits/organizations/261797336,https://projects.propublica.org/nonprofits/download-xml?object_id=202631769349300823,official IRS e-file XML,sources/native/form990/202631769349300823_public.xml,xml,10000,26-1797336,202631769349300823,2025-01-01,2025-12-31,primary,well-formed XML; EIN and tax-period end must match; extracted compensation and scale fields are rechecked,validation_failed,sources/native/form990/202631769349300823_public.xml,6f51348b1f8f5eec6c29fbc73584199bf8dfd1c81399fa92fb77fe304a28ed7b,62435,2026-08-27T18:34:12+00:00,extracted 202631769349300823_public.xml from https://apps.irs.gov/pub/epostcard/990/xml/2026/2026_TEOS_XML_06A.zip
SRC-990-EXT-CODE-FOR-SCIENCE-SOCIETY,Code for Science & Society,form990,yes,https://apps.irs.gov/pub/epostcard/990/xml/2026/202601359349304090_public.xml,https://projects.propublica.org/nonprofits/organizations/813791683,https://projects.propublica.org/nonprofits/download-xml?object_id=202601359349304090,official IRS e-file XML,sources/native/form990/202601359349304090_public.xml,xml,10000,81-3791683,202601359349304090,2024-07-01,2025-06-30,primary_with_structure_flag,well-formed XML; EIN and tax-period end must match; extracted compensation and scale fields are rechecked,validation_failed,sources/native/form990/202601359349304090_public.xml,21773f40c511aca219c3b5f4ba9bb8988a322c8ba4296b1a8b94c742f49983b9,56947,2026-08-27T18:37:01+00:00,RuntimeError: Expected one member named 202631249349301878_public.xml; found 0
SRC-990-EXT-COMMITTEE-FOR-A-RESPONSIBLE-FEDERAL-BUDGET,Committee for a Responsible Federal Budget,form990,yes,https://apps.irs.gov/pub/epostcard/990/xml/2026/202611949349301721_public.xml,https://projects.propublica.org/nonprofits/organizations/521231278,https://projects.propublica.org/nonprofits/download-xml?object_id=202611949349301721,official IRS e-file XML,sources/native/form990/202611949349301721_public.xml,xml,10000,52-1231278,202611949349301721,2025-01-01,2025-12-31,primary,well-formed XML; EIN and tax-period end must match; extracted compensation and scale fields are rechecked,validation_failed,sources/native/form990/202611949349301721_public.xml,e84487671552644507223b2265aa9c0cb31146d411cfe51e7d946775e5f79320,72778,2026-08-27T18:34:14+00:00,extracted 202611949349301721_public.xml from https://apps.irs.gov/pub/epostcard/990/xml/2026/2026_TEOS_XML_07A.zip
SRC-990-EXT-COMPASSION-IN-WORLD-FARMING-USA,Compassion in World Farming USA,form990,yes,https://apps.irs.gov/pub/epostcard/990/xml/2024/202402689349300735_public.xml,https://projects.propublica.org/nonprofits/organizations/461822635,https://projects.propublica.org/nonprofits/download-xml?object_id=202402689349300735,official IRS e-file XML,sources/native/form990/202402689349300735_public.xml,xml,10000,46-1822635,202402689349300735,2023-04-01,2024-03-31,structural_sensitivity,well-formed XML; EIN and tax-period end must match; extracted compensation and scale fields are rechecked,validation_failed,sources/native/form990/202402689349300735_public.xml,f9308d6f07902247be4d269565b13eb574c9298d043fd33a54da2cea7dbccb4f,47036,2026-08-27T18:33:42+00:00,extracted 2024_TEOS_XML_09A/202402689349300735_public.xml from https://apps.irs.gov/pub/epostcard/990/xml/2024/2024_TEOS_XML_09A.zip
SRC-990-EXT-COUNCIL-ON-STRATEGIC-RISKS,Council on Strategic Risks,form990,yes,https://apps.irs.gov/pub/epostcard/990/xml/2026/202601119349300825_public.xml,https://projects.propublica.org/nonprofits/organizations/823106472,https://projects.propublica.org/nonprofits/download-xml?object_id=202601119349300825,official IRS e-file XML,sources/native/form990/202601119349300825_public.xml,xml,10000,82-3106472,202601119349300825,2025-01-01,2025-12-31,primary,well-formed XML; EIN and tax-period end must match; extracted compensation and scale fields are rechecked,validation_failed,sources/native/form990/202601119349300825_public.xml,09413e7a61afba3a965912fd5b5d798422c5e7424b4ad80ab4e1492408eaf9ad,57683,2026-08-27T18:34:09+00:00,extracted 202601119349300825_public.xml from https://apps.irs.gov/pub/epostcard/990/xml/2026/2026_TEOS_XML_04A.zip
SRC-990-EXT-CREATIVE-COMMONS,Creative Commons,form990,yes,https://apps.irs.gov/pub/epostcard/990/xml/2025/202543179349306294_public.xml,https://projects.propublica.org/nonprofits/organizations/043585301,https://projects.propublica.org/nonprofits/download-xml?object_id=202543179349306294,official IRS e-file XML,sources/native/form990/202543179349306294_public.xml,xml,10000,04-3585301,202543179349306294,2024-01-01,2024-12-31,primary,well-formed XML; EIN and tax-period end must match; extracted compensation and scale fields are rechecked,validation_failed,sources/native/form990/202543179349306294_public.xml,d4a555f0c7840bd3b44745af7ddb2933de7caa246d5cdf0979dc6e07252763d3,68985,2026-08-27T18:36:15+00:00,extracted 202543179349306294_public.xml from https://apps.irs.gov/pub/epostcard/990/xml/2025/2025_TEOS_XML_11B.zip
SRC-990-EXT-DATA-QUALITY-CAMPAIGN,Data Quality Campaign,form990,yes,https://apps.irs.gov/pub/epostcard/990/xml/2026/202621339349304737_public.xml,https://projects.propublica.org/nonprofits/organizations/274566795,https://projects.propublica.org/nonprofits/download-xml?object_id=202621339349304737,official IRS e-file XML,sources/native/form990/202621339349304737_public.xml,xml,10000,27-4566795,202621339349304737,2024-07-01,2025-06-30,primary,well-formed XML; EIN and tax-period end must match; extracted compensation and scale fields are rechecked,validation_failed,sources/native/form990/202621339349304737_public.xml,fae54a778c522f3631ab763e1b9a374cea2b6ab6ef02158195063cfad5d908d0,57114,2026-08-27T18:37:51+00:00,extracted 202621339349304737_public.xml from https://apps.irs.gov/pub/epostcard/990/xml/2026/2026_TEOS_XML_05B.zip
SRC-990-EXT-DATAKIND,DataKind,form990,yes,https://apps.irs.gov/pub/epostcard/990/xml/2026/202640939349300014_public.xml,https://projects.propublica.org/nonprofits/organizations/464082076,https://projects.propublica.org/nonprofits/download-xml?object_id=202640939349300014,official IRS e-file XML,sources/native/form990/202640939349300014_public.xml,xml,10000,46-4082076,202640939349300014,2024-10-01,2025-09-30,primary,well-formed XML; EIN and tax-period end must match; extracted compensation and scale fields are rechecked,validation_failed,sources/native/form990/202640939349300014_public.xml,8cc101d39c408e422aea8bf44cf467cdd9b1a5be0c2252d9e3f114ddbb3ba657,52767,2026-08-27T18:34:10+00:00,extracted 202640939349300014_public.xml from https://apps.irs.gov/pub/epostcard/990/xml/2026/2026_TEOS_XML_04A.zip
SRC-990-EXT-DEMOS,Demos,form990,yes,https://apps.irs.gov/pub/epostcard/990/xml/2025/202503159349306085_public.xml,https://projects.propublica.org/nonprofits/organizations/134105066,https://projects.propublica.org/nonprofits/download-xml?object_id=202503159349306085,official IRS e-file XML,sources/native/form990/202503159349306085_public.xml,xml,10000,13-4105066,202503159349306085,2024-07-01,2025-06-30,primary,well-formed XML; EIN and tax-period end must match; extracted compensation and scale fields are rechecked,validation_failed,sources/native/form990/202503159349306085_public.xml,09dfda0e1f7569f472959b2914960db7a2b585aa2637538272afea6d65b6f362,64506,2026-08-27T18:33:56+00:00,extracted 202503159349306085_public.xml from https://apps.irs.gov/pub/epostcard/990/xml/2025/2025_TEOS_XML_11A.zip
SRC-990-EXT-ECONOMIC-INNOVATION-GROUP,Economic Innovation Group,form990,yes,https://apps.irs.gov/pub/epostcard/990/xml/2025/202513219349307891_public.xml,https://projects.propublica.org/nonprofits/organizations/462450336,https://projects.propublica.org/nonprofits/download-xml?object_id=202513219349307891,official IRS e-file XML,sources/native/form990/202513219349307891_public.xml,xml,10000,46-2450336,202513219349307891,2024-01-01,2024-12-31,primary_with_structure_flag,well-formed XML; EIN and tax-period end must match; extracted compensation and scale fields are rechecked,validation_failed,sources/native/form990/202513219349307891_public.xml,7fd2cb46afc0a8d4c0413ba34d2bc29e6b3d3c4f27e9ba8335893534d26631d9,57899,2026-08-27T18:34:03+00:00,extracted 202513219349307891_public.xml from https://apps.irs.gov/pub/epostcard/990/xml/2025/2025_TEOS_XML_11D.zip
SRC-990-EXT-ECONOMIC-POLICY-INSTITUTE,Economic Policy Institute,form990,yes,https://apps.irs.gov/pub/epostcard/990/xml/2025/202542469349301614_public.xml,https://projects.propublica.org/nonprofits/organizations/521368964,https://projects.propublica.org/nonprofits/download-xml?object_id=202542469349301614,official IRS e-file XML,sources/native/form990/202542469349301614_public.xml,xml,10000,52-1368964,202542469349301614,2024-01-01,2024-12-31,primary,well-formed XML; EIN and tax-period end must match; extracted compensation and scale fields are rechecked,validation_failed,sources/native/form990/202542469349301614_public.xml,d50ebae55f3841148cea4ff56af43dcd4396b705a5849b020b25883da177daba,106705,2026-08-27T18:33:53+00:00,extracted 202542469349301614_public.xml from https://apps.irs.gov/pub/epostcard/990/xml/2025/2025_TEOS_XML_09A.zip
SRC-990-EXT-ELECTRONIC-FRONTIER-FOUNDATION,Electronic Frontier Foundation,form990,yes,https://apps.irs.gov/pub/epostcard/990/xml/2026/202610989349301676_public.xml,https://projects.propublica.org/nonprofits/organizations/43091431,https://projects.propublica.org/nonprofits/download-xml?object_id=202610989349301676,official IRS e-file XML,sources/native/form990/202610989349301676_public.xml,xml,10000,04-3091431,202610989349301676,2024-07-01,2025-06-30,primary_with_structure_flag,well-formed XML; EIN and tax-period end must match; extracted compensation and scale fields are rechecked,validation_failed,sources/native/form990/202610989349301676_public.xml,42427ec5c4f075f6287baa2e6bb0c85fd74eec9310bf64e8ca885f50d0fe421d,82447,2026-08-27T18:34:10+00:00,extracted 202610989349301676_public.xml from https://apps.irs.gov/pub/epostcard/990/xml/2026/2026_TEOS_XML_04A.zip
SRC-990-EXT-ENERGY-FOR-GROWTH-HUB,Energy for Growth Hub,form990,yes,https://apps.irs.gov/pub/epostcard/990/xml/2025/202513219349322806_public.xml,https://projects.propublica.org/nonprofits/organizations/831609680,https://projects.propublica.org/nonprofits/download-xml?object_id=202513219349322806,official IRS e-file XML,sources/native/form990/202513219349322806_public.xml,xml,10000,83-1609680,202513219349322806,2024-01-01,2024-12-31,primary,well-formed XML; EIN and tax-period end must match; extracted compensation and scale fields are rechecked,validation_failed,sources/native/form990/202513219349322806_public.xml,9f0c90d6b503ff1fc27be2e8e5bd699c88c6301a169577c51a079973bfeea4cb,43590,2026-08-27T18:34:03+00:00,extracted 202513219349322806_public.xml from https://apps.irs.gov/pub/epostcard/990/xml/2025/2025_TEOS_XML_11D.zip
SRC-990-EXT-ENVIRONMENTAL-LAW-INSTITUTE,Environmental Law Institute,form990,yes,https://apps.irs.gov/pub/epostcard/990/xml/2025/202522619349300012_public.xml,https://projects.propublica.org/nonprofits/organizations/520901863,https://projects.propublica.org/nonprofits/download-xml?object_id=202522619349300012,official IRS e-file XML,sources/native/form990/202522619349300012_public.xml,xml,10000,52-0901863,202522619349300012,2024-01-01,2024-12-31,primary,well-formed XML; EIN and tax-period end must match; extracted compensation and scale fields are rechecked,validation_failed,sources/native/form990/202522619349300012_public.xml,9c5458ec5e4ab781cabad161284844ca90b7fa817fcad2c74115350b9ccc7046,81757,2026-08-27T18:33:53+00:00,extracted 202522619349300012_public.xml from https://apps.irs.gov/pub/epostcard/990/xml/2025/2025_TEOS_XML_09A.zip
SRC-990-EXT-EVIDENCE-ACTION,Evidence Action,form990,yes,https://apps.irs.gov/pub/epostcard/990/xml/2025/202512829349302256_public.xml,https://projects.propublica.org/nonprofits/organizations/900874591,https://projects.propublica.org/nonprofits/download-xml?object_id=202512829349302256,official IRS e-file XML,sources/native/form990/202512829349302256_public.xml,xml,10000,90-0874591,202512829349302256,2024-01-01,2024-12-31,primary_with_structure_flag,well-formed XML; EIN and tax-period end must match; extracted compensation and scale fields are rechecked,validation_failed,sources/native/form990/202512829349302256_public.xml,79ab1ca712108c3b2dadfcb058f3c6320c623798d3d816f22e32c03c41a4c37c,83930,2026-08-27T18:33:56+00:00,extracted 202512829349302256_public.xml from https://apps.irs.gov/pub/epostcard/990/xml/2025/2025_TEOS_XML_11A.zip
SRC-990-EXT-EXPONENT-PHILANTHROPY,Exponent Philanthropy,form990,yes,https://apps.irs.gov/pub/epostcard/990/xml/2026/202621699349300132_public.xml,https://projects.propublica.org/nonprofits/organizations/650617866,https://projects.propublica.org/nonprofits/download-xml?object_id=202621699349300132,official IRS e-file XML,sources/native/form990/202621699349300132_public.xml,xml,10000,65-0617866,202621699349300132,2025-01-01,2025-12-31,primary,well-formed XML; EIN and tax-period end must match; extracted compensation and scale fields are rechecked,validation_failed,sources/native/form990/202621699349300132_public.xml,347b1a7e214230952f7728c4ffdac4b3dbd4d5be3d4f61b3e29096518a8b2b84,59131,2026-08-27T18:34:13+00:00,extracted 202621699349300132_public.xml from https://apps.irs.gov/pub/epostcard/990/xml/2026/2026_TEOS_XML_06A.zip
SRC-990-EXT-FAR-AI,FAR AI,form990,yes,https://apps.irs.gov/pub/epostcard/990/xml/2025/202543189349316054_public.xml,https://projects.propublica.org/nonprofits/organizations/920692207,https://projects.propublica.org/nonprofits/download-xml?object_id=202543189349316054,official IRS e-file XML,sources/native/form990/202543189349316054_public.xml,xml,10000,92-0692207,202543189349316054,2024-01-01,2024-12-31,primary,well-formed XML; EIN and tax-period end must match; extracted compensation and scale fields are rechecked,validation_failed,sources/native/form990/202543189349316054_public.xml,6b96c0184fe66613e9dc726d14ad2be41a36f0af907977d9945d8193286a2bec,39302,2026-08-27T18:36:15+00:00,extracted 202543189349316054_public.xml from https://apps.irs.gov/pub/epostcard/990/xml/2025/2025_TEOS_XML_11B.zip
SRC-990-EXT-FARM-SANCTUARY,Farm Sanctuary,form990,yes,https://apps.irs.gov/pub/epostcard/990/xml/2024/202422699349301652_public.xml,https://projects.propublica.org/nonprofits/organizations/510292919,https://projects.propublica.org/nonprofits/download-xml?object_id=202422699349301652,official IRS e-file XML,sources/native/form990/202422699349301652_public.xml,xml,10000,51-0292919,202422699349301652,2023-01-01,2023-12-31,primary_with_structure_flag,well-formed XML; EIN and tax-period end must match; extracted compensation and scale fields are rechecked,validation_failed,sources/native/form990/202422699349301652_public.xml,4a40f965198c64422eb4f8457023583b597c8b86e69c56d57fe9fae01931b063,67847,2026-08-27T18:33:42+00:00,extracted 2024_TEOS_XML_09A/202422699349301652_public.xml from https://apps.irs.gov/pub/epostcard/990/xml/2024/2024_TEOS_XML_09A.zip
SRC-990-EXT-FEDERATION-OF-AMERICAN-SCIENTISTS,Federation of American Scientists,form990,yes,https://apps.irs.gov/pub/epostcard/990/xml/2026/202620939349300837_public.xml,https://projects.propublica.org/nonprofits/organizations/237185827,https://projects.propublica.org/nonprofits/download-xml?object_id=202620939349300837,official IRS e-file XML,sources/native/form990/202620939349300837_public.xml,xml,10000,23-7185827,202620939349300837,2024-07-01,2025-06-30,primary_with_structure_flag,well-formed XML; EIN and tax-period end must match; extracted compensation and scale fields are rechecked,validation_failed,sources/native/form990/202620939349300837_public.xml,4743c486480498e8c92daa02f2f7596d0774d291ed3bf525b6f3104250a79c8c,75216,2026-08-27T18:34:10+00:00,extracted 202620939349300837_public.xml from https://apps.irs.gov/pub/epostcard/990/xml/2026/2026_TEOS_XML_04A.zip
SRC-990-EXT-FOOD-ANIMAL-CONCERNS-TRUST,Food Animal Concerns Trust,form990,yes,https://apps.irs.gov/pub/epostcard/990/xml/2026/202620149349300022_public.xml,https://projects.propublica.org/nonprofits/organizations/363172605,https://projects.propublica.org/nonprofits/download-xml?object_id=202620149349300022,official IRS e-file XML,sources/native/form990/202620149349300022_public.xml,xml,10000,36-3172605,202620149349300022,2024-07-01,2025-06-30,primary_with_structure_flag,well-formed XML; EIN and tax-period end must match; extracted compensation and scale fields are rechecked,present_verified_source_native,sources/native/form990/202620149349300022_public.xml,cb9d2eae29732cd2e50b20e8614f86b40b7e7789cb60845975223b9332431d78,35942,2026-08-27T18:34:07+00:00,extracted 202620149349300022_public.xml from https://apps.irs.gov/pub/epostcard/990/xml/2026/2026_TEOS_XML_01A.zip
SRC-990-EXT-FRAMEWORKS-INSTITUTE,FrameWorks Institute,form990,yes,https://apps.irs.gov/pub/epostcard/990/xml/2026/202641389349300439_public.xml,https://projects.propublica.org/nonprofits/organizations/710891642,https://projects.propublica.org/nonprofits/download-xml?object_id=202641389349300439,official IRS e-file XML,sources/native/form990/202641389349300439_public.xml,xml,10000,71-0891642,202641389349300439,2024-07-01,2025-06-30,primary,well-formed XML; EIN and tax-period end must match; extracted compensation and scale fields are rechecked,validation_failed,sources/native/form990/202641389349300439_public.xml,7e07eae5121328a594dfcf22082cc7aecc9dcbbdeb1265a9595912ecc84743fe,72130,2026-08-27T18:37:51+00:00,extracted 202641389349300439_public.xml from https://apps.irs.gov/pub/epostcard/990/xml/2026/2026_TEOS_XML_05B.zip
SRC-990-EXT-FRESH-ENERGY,Fresh Energy,form990,yes,https://apps.irs.gov/pub/epostcard/990/xml/2025/202513169349301031_public.xml,https://projects.propublica.org/nonprofits/organizations/411735501,https://projects.propublica.org/nonprofits/download-xml?object_id=202513169349301031,official IRS e-file XML,sources/native/form990/202513169349301031_public.xml,xml,10000,41-1735501,202513169349301031,2024-02-01,2025-01-31,primary,well-formed XML; EIN and tax-period end must match; extracted compensation and scale fields are rechecked,validation_failed,sources/native/form990/202513169349301031_public.xml,0163e43d909d4979a963da7a53660a4a99dbfa16da62c03b41e408c7077a4ecb,76460,2026-08-27T18:34:03+00:00,extracted 202513169349301031_public.xml from https://apps.irs.gov/pub/epostcard/990/xml/2025/2025_TEOS_XML_11D.zip
SRC-990-EXT-FUTURE-OF-PRIVACY-FORUM,Future of Privacy Forum,form990,yes,https://apps.irs.gov/pub/epostcard/990/xml/2025/202543219349319589_public.xml,https://projects.propublica.org/nonprofits/organizations/453763097,https://projects.propublica.org/nonprofits/download-xml?object_id=202543219349319589,official IRS e-file XML,sources/native/form990/202543219349319589_public.xml,xml,10000,45-3763097,202543219349319589,2024-01-01,2024-12-31,primary,well-formed XML; EIN and tax-period end must match; extracted compensation and scale fields are rechecked,validation_failed,sources/native/form990/202543219349319589_public.xml,9feb69ee368e1281efd75ba91fdc22a1295bcb672d9f69419decc7c4338009e6,61428,2026-08-27T18:36:15+00:00,extracted 202543219349319589_public.xml from https://apps.irs.gov/pub/epostcard/990/xml/2025/2025_TEOS_XML_11B.zip
SRC-990-EXT-GIVINGTUESDAY,GivingTuesday,form990,yes,https://apps.irs.gov/pub/epostcard/990/xml/2026/202601219349300720_public.xml,https://projects.propublica.org/nonprofits/organizations/842929872,https://projects.propublica.org/nonprofits/download-xml?object_id=202601219349300720,official IRS e-file XML,sources/native/form990/202601219349300720_public.xml,xml,10000,84-2929872,202601219349300720,2024-07-01,2025-06-30,primary,well-formed XML; EIN and tax-period end must match; extracted compensation and scale fields are rechecked,validation_failed,sources/native/form990/202601219349300720_public.xml,00eb43a48543654a6a19a40c9b388eabb2e10c1bf3f8f4df103b16be83873173,75648,2026-08-27T18:37:01+00:00,RuntimeError: Expected one member named 202631249349301878_public.xml; found 0
SRC-990-EXT-GLOBAL-HEALTH-CORPS,Global Health Corps,form990,yes,https://apps.irs.gov/pub/epostcard/990/xml/2026/202600139349300115_public.xml,https://projects.propublica.org/nonprofits/organizations/800512336,https://projects.propublica.org/nonprofits/download-xml?object_id=202600139349300115,official IRS e-file XML,sources/native/form990/202600139349300115_public.xml,xml,10000,80-0512336,202600139349300115,2024-08-01,2025-07-31,primary_with_structure_flag,well-formed XML; EIN and tax-period end must match; extracted compensation and scale fields are rechecked,validation_failed,sources/native/form990/202600139349300115_public.xml,f3e7f8f57d55f15a42fd38e5eadda1104a3d9be34ee227523c7c59a6a96a6ade,45989,2026-08-27T18:34:07+00:00,extracted 202600139349300115_public.xml from https://apps.irs.gov/pub/epostcard/990/xml/2026/2026_TEOS_XML_01A.zip
SRC-990-EXT-GOOD-FOOD-INSTITUTE,Good Food Institute,form990,yes,https://apps.irs.gov/pub/epostcard/990/xml/2025/202543189349301719_public.xml,https://projects.propublica.org/nonprofits/organizations/810840578,https://projects.propublica.org/nonprofits/download-xml?object_id=202543189349301719,official IRS e-file XML,sources/native/form990/202543189349301719_public.xml,xml,10000,81-0840578,202543189349301719,2024-01-01,2024-12-31,primary_with_structure_flag,well-formed XML; EIN and tax-period end must match; extracted compensation and scale fields are rechecked,validation_failed,sources/native/form990/202543189349301719_public.xml,28a786407ddd2290dc18a411aff6d3f97532aff7e16c9df77df90bb0b64de6a8,105793,2026-08-27T18:36:15+00:00,extracted 202543189349301719_public.xml from https://apps.irs.gov/pub/epostcard/990/xml/2025/2025_TEOS_XML_11B.zip
SRC-990-EXT-GRANTMAKERS-FOR-EDUCATION,Grantmakers for Education,form990,yes,https://apps.irs.gov/pub/epostcard/990/xml/2025/202543079349303299_public.xml,https://projects.propublica.org/nonprofits/organizations/330919329,https://projects.propublica.org/nonprofits/download-xml?object_id=202543079349303299,official IRS e-file XML,sources/native/form990/202543079349303299_public.xml,xml,10000,33-0919329,202543079349303299,2024-01-01,2024-12-31,primary,well-formed XML; EIN and tax-period end must match; extracted compensation and scale fields are rechecked,validation_failed,sources/native/form990/202543079349303299_public.xml,7dda32637934911e551f3128e03906772d8963f20cf5998e09e47a265f79f4f6,51166,2026-08-27T18:36:15+00:00,extracted 202543079349303299_public.xml from https://apps.irs.gov/pub/epostcard/990/xml/2025/2025_TEOS_XML_11B.zip
SRC-990-EXT-GRANTMAKERS-FOR-EFFECTIVE-ORGANIZATIONS,Grantmakers for Effective Organizations,form990,yes,https://apps.irs.gov/pub/epostcard/990/xml/2025/202503109349303655_public.xml,https://projects.propublica.org/nonprofits/organizations/10669150,https://projects.propublica.org/nonprofits/download-xml?object_id=202503109349303655,official IRS e-file XML,sources/native/form990/202503109349303655_public.xml,xml,10000,01-0669150,202503109349303655,2024-01-01,2024-12-31,primary,well-formed XML; EIN and tax-period end must match; extracted compensation and scale fields are rechecked,validation_failed,sources/native/form990/202503109349303655_public.xml,f781f7fc3432911e7ea78cb22137975daeb28cd97ff6fd7a0ddcc8b451ef0c93,66905,2026-08-27T18:33:56+00:00,extracted 202503109349303655_public.xml from https://apps.irs.gov/pub/epostcard/990/xml/2025/2025_TEOS_XML_11A.zip
SRC-990-EXT-GUTTMACHER-INSTITUTE,Guttmacher Institute,form990,yes,https://apps.irs.gov/pub/epostcard/990/xml/2023/202341989349301459_public.xml,https://projects.propublica.org/nonprofits/organizations/132890727,https://projects.propublica.org/nonprofits/download-xml?object_id=202341989349301459,official IRS e-file XML,sources/native/form990/202341989349301459_public.xml,xml,10000,13-2890727,202341989349301459,2022-01-01,2022-12-31,primary_older_clean,well-formed XML; EIN and tax-period end must match; extracted compensation and scale fields are rechecked,validation_failed,sources/native/form990/202341989349301459_public.xml,f092efd744a14d544c5faa1356561f00f00fcb0ff18b0d686622f5a401d0ecbc,98904,2026-08-27T18:33:40+00:00,extracted 2023_TEOS_XML_07A/202341989349301459_public.xml from https://apps.irs.gov/pub/epostcard/990/xml/2023/2023_TEOS_XML_07A.zip
SRC-990-EXT-INDEPENDENT-SECTOR,Independent Sector,form990,yes,https://apps.irs.gov/pub/epostcard/990/xml/2025/202502349349301110_public.xml,https://projects.propublica.org/nonprofits/organizations/521081024,https://projects.propublica.org/nonprofits/download-xml?object_id=202502349349301110,official IRS e-file XML,sources/native/form990/202502349349301110_public.xml,xml,10000,52-1081024,202502349349301110,2024-01-01,2024-12-31,primary,well-formed XML; EIN and tax-period end must match; extracted compensation and scale fields are rechecked,validation_failed,sources/native/form990/202502349349301110_public.xml,0a39f094059c8c897208c2338ed58d9f5f16a5fba497389c6134fed762347e5b,91944,2026-08-27T18:33:53+00:00,extracted 202502349349301110_public.xml from https://apps.irs.gov/pub/epostcard/990/xml/2025/2025_TEOS_XML_09A.zip
SRC-990-EXT-INFORMATION-TECHNOLOGY-AND-INNOVATION-FOUNDATION,Information Technology and Innovation Foundation,form990,yes,https://apps.irs.gov/pub/epostcard/990/xml/2026/202630159349300603_public.xml,https://projects.propublica.org/nonprofits/organizations/204403497,https://projects.propublica.org/nonprofits/download-xml?object_id=202630159349300603,official IRS e-file XML,sources/native/form990/202630159349300603_public.xml,xml,10000,20-4403497,202630159349300603,2024-03-01,2025-02-28,primary,well-formed XML; EIN and tax-period end must match; extracted compensation and scale fields are rechecked,validation_failed,sources/native/form990/202630159349300603_public.xml,d3a214e980d86b3c1631b6664f2cedf88bc2592d2acaa496fe28a2bb7304f310,68002,2026-08-27T18:34:07+00:00,extracted 202630159349300603_public.xml from https://apps.irs.gov/pub/epostcard/990/xml/2026/2026_TEOS_XML_01A.zip
SRC-990-EXT-INNOVATIONS-FOR-POVERTY-ACTION,Innovations for Poverty Action,form990,yes,https://apps.irs.gov/pub/epostcard/990/xml/2025/202513169349300641_public.xml,https://projects.propublica.org/nonprofits/organizations/061660068,https://projects.propublica.org/nonprofits/download-xml?object_id=202513169349300641,official IRS e-file XML,sources/native/form990/202513169349300641_public.xml,xml,10000,06-1660068,202513169349300641,2024-01-01,2024-12-31,primary_with_structure_flag,well-formed XML; EIN and tax-period end must match; extracted compensation and scale fields are rechecked,validation_failed,sources/native/form990/202513169349300641_public.xml,751985675ca0cea9fca39bebd4f9626c000a22b4889b88ee834c0d1869f02a6a,103438,2026-08-27T18:34:03+00:00,extracted 202513169349300641_public.xml from https://apps.irs.gov/pub/epostcard/990/xml/2025/2025_TEOS_XML_11D.zip
SRC-990-EXT-INSTITUTE-FOR-ENERGY-ECONOMICS-AND-FINANCIAL-ANALYSIS,Institute for Energy Economics and Financial Analysis,form990,yes,https://apps.irs.gov/pub/epostcard/990/xml/2025/202541979349300319_public.xml,https://projects.propublica.org/nonprofits/organizations/454244605,https://projects.propublica.org/nonprofits/download-xml?object_id=202541979349300319,official IRS e-file XML,sources/native/form990/202541979349300319_public.xml,xml,10000,45-4244605,202541979349300319,2024-01-01,2024-12-31,primary,well-formed XML; EIN and tax-period end must match; extracted compensation and scale fields are rechecked,validation_failed,sources/native/form990/202541979349300319_public.xml,f5521e059cbd5a4a97bbddb97831335a3a36eedadb6d1dee695134cf246e9d84,62478,2026-08-27T18:33:49+00:00,extracted 202541979349300319_public.xml from https://apps.irs.gov/pub/epostcard/990/xml/2025/2025_TEOS_XML_07A.zip
SRC-990-EXT-INSTITUTE-FOR-MARKET-TRANSFORMATION,Institute for Market Transformation,form990,yes,https://apps.irs.gov/pub/epostcard/990/xml/2025/202512829349300921_public.xml,https://projects.propublica.org/nonprofits/organizations/943241464,https://projects.propublica.org/nonprofits/download-xml?object_id=202512829349300921,official IRS e-file XML,sources/native/form990/202512829349300921_public.xml,xml,10000,94-3241464,202512829349300921,2024-01-01,2024-12-31,structural_sensitivity,well-formed XML; EIN and tax-period end must match; extracted compensation and scale fields are rechecked,validation_failed,sources/native/form990/202512829349300921_public.xml,8fd905966f0c02fb45a755a591099191b7d8585e315fcd42457091f7c5cf6278,63799,2026-08-27T18:33:56+00:00,extracted 202512829349300921_public.xml from https://apps.irs.gov/pub/epostcard/990/xml/2025/2025_TEOS_XML_11A.zip
SRC-990-EXT-INSTITUTE-FOR-NONPROFIT-NEWS,Institute for Nonprofit News,form990,yes,https://apps.irs.gov/pub/epostcard/990/xml/2026/202630269349301213_public.xml,https://projects.propublica.org/nonprofits/organizations/272614911,https://projects.propublica.org/nonprofits/download-xml?object_id=202630269349301213,official IRS e-file XML,sources/native/form990/202630269349301213_public.xml,xml,10000,27-2614911,202630269349301213,2024-01-01,2024-12-31,primary,well-formed XML; EIN and tax-period end must match; extracted compensation and scale fields are rechecked,validation_failed,sources/native/form990/202630269349301213_public.xml,280e5caf262a3d6ffe8dabf93fc20c7b023e112538cb9716c10515412dce1c95,281669,2026-08-27T18:34:08+00:00,extracted 202630269349301213_public.xml from https://apps.irs.gov/pub/epostcard/990/xml/2026/2026_TEOS_XML_02A.zip
SRC-990-EXT-INSTITUTE-FOR-POLICY-STUDIES,Institute for Policy Studies,form990,yes,https://apps.irs.gov/pub/epostcard/990/xml/2025/202513219349302816_public.xml,https://projects.propublica.org/nonprofits/organizations/520788947,https://projects.propublica.org/nonprofits/download-xml?object_id=202513219349302816,official IRS e-file XML,sources/native/form990/202513219349302816_public.xml,xml,10000,52-0788947,202513219349302816,2024-01-01,2024-12-31,primary,well-formed XML; EIN and tax-period end must match; extracted compensation and scale fields are rechecked,validation_failed,sources/native/form990/202513219349302816_public.xml,1d6b40acc301848295ae6eceb4909850e9efd1108e4b003458a1b979e7e723da,58814,2026-08-27T18:34:04+00:00,extracted 202513219349302816_public.xml from https://apps.irs.gov/pub/epostcard/990/xml/2025/2025_TEOS_XML_11D.zip
SRC-990-EXT-INSTITUTE-FOR-SECURITY-AND-TECHNOLOGY,Institute for Security and Technology,form990,yes,https://apps.irs.gov/pub/epostcard/990/xml/2025/202523219349310552_public.xml,https://projects.propublica.org/nonprofits/organizations/475677755,https://projects.propublica.org/nonprofits/download-xml?object_id=202523219349310552,official IRS e-file XML,sources/native/form990/202523219349310552_public.xml,xml,10000,47-5677755,202523219349310552,2024-01-01,2024-12-31,primary,well-formed XML; EIN and tax-period end must match; extracted compensation and scale fields are rechecked,validation_failed,sources/native/form990/202523219349310552_public.xml,7e81876803b60e49c38a59ee31468aec0d17c7154251d8f0335b0d285c1ac9a4,48341,2026-08-27T18:33:59+00:00,extracted 202523219349310552_public.xml from https://apps.irs.gov/pub/epostcard/990/xml/2025/2025_TEOS_XML_11C.zip
SRC-990-EXT-INSTITUTE-FOR-WOMEN-S-POLICY-RESEARCH,Institute for Women’s Policy Research,form990,yes,https://apps.irs.gov/pub/epostcard/990/xml/2026/202621349349301217_public.xml,https://projects.propublica.org/nonprofits/organizations/521549572,https://projects.propublica.org/nonprofits/download-xml?object_id=202621349349301217,official IRS e-file XML,sources/native/form990/202621349349301217_public.xml,xml,10000,52-1549572,202621349349301217,2024-07-01,2025-06-30,excluded_partial_year,well-formed XML; EIN and tax-period end must match; extracted compensation and scale fields are rechecked,validation_failed,sources/native/form990/202621349349301217_public.xml,c6aee74980340d22781f7381e561425d4e098af828d8755321fc1e7e9bb71647,67709,2026-08-27T18:37:52+00:00,extracted 202621349349301217_public.xml from https://apps.irs.gov/pub/epostcard/990/xml/2026/2026_TEOS_XML_05B.zip
SRC-990-EXT-INSTITUTE-FOR-THE-STUDY-OF-WAR,Institute for the Study of War,form990,yes,https://apps.irs.gov/pub/epostcard/990/xml/2025/202502909349301720_public.xml,https://projects.propublica.org/nonprofits/organizations/260273675,https://projects.propublica.org/nonprofits/download-xml?object_id=202502909349301720,official IRS e-file XML,sources/native/form990/202502909349301720_public.xml,xml,10000,26-0273675,202502909349301720,2024-01-01,2024-12-31,primary,well-formed XML; EIN and tax-period end must match; extracted compensation and scale fields are rechecked,validation_failed,sources/native/form990/202502909349301720_public.xml,90c336dd746044fba2a147e296862d6c7439e964cfd418f61cc87fe3bccf1b2e,59666,2026-08-27T18:33:56+00:00,extracted 202502909349301720_public.xml from https://apps.irs.gov/pub/epostcard/990/xml/2025/2025_TEOS_XML_11A.zip
SRC-990-EXT-INSTITUTE-ON-TAXATION-AND-ECONOMIC-POLICY,Institute on Taxation and Economic Policy,form990,yes,https://apps.irs.gov/pub/epostcard/990/xml/2026/202611559349300546_public.xml,https://projects.propublica.org/nonprofits/organizations/042688165,https://projects.propublica.org/nonprofits/download-xml?object_id=202611559349300546,official IRS e-file XML,sources/native/form990/202611559349300546_public.xml,xml,10000,04-2688165,202611559349300546,2025-01-01,2025-12-31,primary,well-formed XML; EIN and tax-period end must match; extracted compensation and scale fields are rechecked,validation_failed,sources/native/form990/202611559349300546_public.xml,aed217973bdb805d03919183e93dfff207fec666938843a5ee26dd3b144f2f40,55377,2026-08-27T18:34:13+00:00,extracted 202611559349300546_public.xml from https://apps.irs.gov/pub/epostcard/990/xml/2026/2026_TEOS_XML_06A.zip
SRC-990-EXT-INTERNET-SECURITY-RESEARCH-GROUP,Internet Security Research Group,form990,yes,https://apps.irs.gov/pub/epostcard/990/xml/2025/202501889349300640_public.xml,https://projects.propublica.org/nonprofits/organizations/463344200,https://projects.propublica.org/nonprofits/download-xml?object_id=202501889349300640,official IRS e-file XML,sources/native/form990/202501889349300640_public.xml,xml,10000,46-3344200,202501889349300640,2024-01-01,2024-12-31,primary,well-formed XML; EIN and tax-period end must match; extracted compensation and scale fields are rechecked,validation_failed,sources/native/form990/202501889349300640_public.xml,292632f67f1415387f8bd137ec3f0d7a4f524ef9003b44ffd9cd9115001c81fb,51029,2026-08-27T18:33:49+00:00,extracted 202501889349300640_public.xml from https://apps.irs.gov/pub/epostcard/990/xml/2025/2025_TEOS_XML_07A.zip
SRC-990-EXT-JAIN-FAMILY-INSTITUTE,Jain Family Institute,form990,yes,https://apps.irs.gov/pub/epostcard/990/xml/2025/202523219349327407_public.xml,https://projects.propublica.org/nonprofits/organizations/474407203,https://projects.propublica.org/nonprofits/download-xml?object_id=202523219349327407,official IRS e-file XML,sources/native/form990/202523219349327407_public.xml,xml,10000,47-4407203,202523219349327407,2024-01-01,2024-12-31,primary,well-formed XML; EIN and tax-period end must match; extracted compensation and scale fields are rechecked,validation_failed,sources/native/form990/202523219349327407_public.xml,e90b3aec20a8efcb2f27ec467190bdcdebb2e7753aa2796487a066f4b9b37f5b,63136,2026-08-27T18:33:59+00:00,extracted 202523219349327407_public.xml from https://apps.irs.gov/pub/epostcard/990/xml/2025/2025_TEOS_XML_11C.zip
SRC-990-EXT-LAST-MILE-HEALTH,Last Mile Health,form990,yes,https://apps.irs.gov/pub/epostcard/990/xml/2026/202631359349305343_public.xml,https://projects.propublica.org/nonprofits/organizations/261401736,https://projects.propublica.org/nonprofits/download-xml?object_id=202631359349305343,official IRS e-file XML,sources/native/form990/202631359349305343_public.xml,xml,10000,26-1401736,202631359349305343,2024-07-01,2025-06-30,primary_with_structure_flag,well-formed XML; EIN and tax-period end must match; extracted compensation and scale fields are rechecked,validation_failed,sources/native/form990/202631359349305343_public.xml,57337daa06e3ef963099ccacaee706fef5912fe63364f8ea4e25b74a67f03392,67735,2026-08-27T18:37:52+00:00,extracted 202631359349305343_public.xml from https://apps.irs.gov/pub/epostcard/990/xml/2026/2026_TEOS_XML_05B.zip
SRC-990-EXT3-LAWFARE-INSTITUTE,Lawfare Institute,form990,yes,https://apps.irs.gov/pub/epostcard/990/xml/2025/202523219349307027_public.xml,https://projects.propublica.org/nonprofits/organizations/462967640,https://projects.propublica.org/nonprofits/download-xml?object_id=202523219349307027,official IRS e-file XML,sources/native/form990/202523219349307027_public.xml,xml,10000,46-2967640,202523219349307027,2024-01-01,2024-12-31,excluded_measurement,well-formed XML; EIN and tax-period end must match; extracted compensation and scale fields are rechecked,present_verified_source_native,sources/native/form990/202523219349307027_public.xml,d84db0ff49049cbc8923eaa0cfb55f8427dca2e1678d5b3c88e35358fcda1e31,38226,2026-08-27T18:33:59+00:00,extracted 202523219349307027_public.xml from https://apps.irs.gov/pub/epostcard/990/xml/2025/2025_TEOS_XML_11C.zip
SRC-990-EXT3-LEARNING-POLICY-INSTITUTE,Learning Policy Institute,form990,yes,https://apps.irs.gov/pub/epostcard/990/xml/2025/202503179349312065_public.xml,https://projects.propublica.org/nonprofits/organizations/472772048,https://projects.propublica.org/nonprofits/download-xml?object_id=202503179349312065,official IRS e-file XML,sources/native/form990/202503179349312065_public.xml,xml,10000,47-2772048,202503179349312065,2024-01-01,2024-12-31,primary_with_structure_flag,well-formed XML; EIN and tax-period end must match; extracted compensation and scale fields are rechecked,validation_failed,sources/native/form990/202503179349312065_public.xml,e180c43081750a372cccf5490232f0260f498083ec7235a8df8cf8ef9ac40d06,59496,2026-08-27T18:33:57+00:00,extracted 202503179349312065_public.xml from https://apps.irs.gov/pub/epostcard/990/xml/2025/2025_TEOS_XML_11A.zip
SRC-990-EXT-LIVING-GOODS,Living Goods,form990,yes,https://apps.irs.gov/pub/epostcard/990/xml/2024/202433199349307518_public.xml,https://projects.propublica.org/nonprofits/organizations/205010527,https://projects.propublica.org/nonprofits/download-xml?object_id=202433199349307518,official IRS e-file XML,sources/native/form990/202433199349307518_public.xml,xml,10000,20-5010527,202433199349307518,2023-01-01,2023-12-31,primary_with_structure_flag,well-formed XML; EIN and tax-period end must match; extracted compensation and scale fields are rechecked,validation_failed,sources/native/form990/202433199349307518_public.xml,15bd0cfbb03575b0f49dd48503360913c7889fd5188b7d0ee8895d727070fee9,65398,2026-08-27T18:33:44+00:00,extracted 2024_TEOS_XML_11A/202433199349307518_public.xml from https://apps.irs.gov/pub/epostcard/990/xml/2024/2024_TEOS_XML_11A.zip
SRC-990-EXT-MERCY-FOR-ANIMALS,Mercy For Animals,form990,yes,https://apps.irs.gov/pub/epostcard/990/xml/2025/202502259349301135_public.xml,https://projects.propublica.org/nonprofits/organizations/542076145,https://projects.propublica.org/nonprofits/download-xml?object_id=202502259349301135,official IRS e-file XML,sources/native/form990/202502259349301135_public.xml,xml,10000,54-2076145,202502259349301135,2024-01-01,2024-12-31,primary_with_structure_flag,well-formed XML; EIN and tax-period end must match; extracted compensation and scale fields are rechecked,validation_failed,sources/native/form990/202502259349301135_public.xml,22bc2673ca9fd269b3b8ec2bbef7f2df2ec87470393a85b4f909d4ecb3d9709d,78280,2026-08-27T18:33:51+00:00,extracted 202502259349301135_public.xml from https://apps.irs.gov/pub/epostcard/990/xml/2025/2025_TEOS_XML_08A.zip
SRC-990-EXT-MIGRATION-POLICY-INSTITUTE,Migration Policy Institute,form990,yes,https://apps.irs.gov/pub/epostcard/990/xml/2026/202601359349310000_public.xml,https://projects.propublica.org/nonprofits/organizations/522279789,https://projects.propublica.org/nonprofits/download-xml?object_id=202601359349310000,official IRS e-file XML,sources/native/form990/202601359349310000_public.xml,xml,10000,52-2279789,202601359349310000,2024-07-01,2025-06-30,primary,well-formed XML; EIN and tax-period end must match; extracted compensation and scale fields are rechecked,validation_failed,sources/native/form990/202601359349310000_public.xml,079f6a7d0d79fdfa90761e951f068abafbb472fe524b4f62cfbe6315697e7551,69427,2026-08-27T18:37:01+00:00,RuntimeError: Expected one member named 202631249349301878_public.xml; found 0
SRC-990-EXT-MUCKROCK-FOUNDATION,MuckRock Foundation,form990,yes,https://apps.irs.gov/pub/epostcard/990/xml/2024/202403119349300920_public.xml,https://projects.propublica.org/nonprofits/organizations/811485228,https://projects.propublica.org/nonprofits/download-xml?object_id=202403119349300920,official IRS e-file XML,sources/native/form990/202403119349300920_public.xml,xml,10000,81-1485228,202403119349300920,2023-01-01,2023-12-31,primary_older_clean,well-formed XML; EIN and tax-period end must match; extracted compensation and scale fields are rechecked,present_verified_source_native,sources/native/form990/202403119349300920_public.xml,291ffa1d5d63f07bcfe6edcb8a0ca1b74f05f136fcab9740b975d3fcd7dc8ed7,43979,2026-08-27T18:33:44+00:00,extracted 2024_TEOS_XML_11A/202403119349300920_public.xml from https://apps.irs.gov/pub/epostcard/990/xml/2024/2024_TEOS_XML_11A.zip
SRC-990-EXT3-NATIONAL-ACADEMY-FOR-STATE-HEALTH-POLICY,National Academy for State Health Policy,form990,yes,https://apps.irs.gov/pub/epostcard/990/xml/2025/202503179349302775_public.xml,https://projects.propublica.org/nonprofits/organizations/521576801,https://projects.propublica.org/nonprofits/download-xml?object_id=202503179349302775,official IRS e-file XML,sources/native/form990/202503179349302775_public.xml,xml,10000,52-1576801,202503179349302775,2024-01-01,2024-12-31,primary,well-formed XML; EIN and tax-period end must match; extracted compensation and scale fields are rechecked,validation_failed,sources/native/form990/202503179349302775_public.xml,7418439f348b663ccddf54eb69e05609fff41747222f480ee7701f7a65331674,55729,2026-08-27T18:33:57+00:00,extracted 202503179349302775_public.xml from https://apps.irs.gov/pub/epostcard/990/xml/2025/2025_TEOS_XML_11A.zip
SRC-990-EXT-NATIONAL-COMMITTEE-FOR-RESPONSIVE-PHILANTHROPY,National Committee for Responsive Philanthropy,form990,yes,https://apps.irs.gov/pub/epostcard/990/xml/2026/202610449349300906_public.xml,https://projects.propublica.org/nonprofits/organizations/521072749,https://projects.propublica.org/nonprofits/download-xml?object_id=202610449349300906,official IRS e-file XML,sources/native/form990/202610449349300906_public.xml,xml,10000,52-1072749,202610449349300906,2024-10-01,2025-09-30,primary,well-formed XML; EIN and tax-period end must match; extracted compensation and scale fields are rechecked,validation_failed,sources/native/form990/202610449349300906_public.xml,d9a85ae0c1420afb0d164a2c0ae55c55e366d0fd06bc4190e0b187e9e059cb0f,56887,2026-08-27T18:34:08+00:00,extracted 202610449349300906_public.xml from https://apps.irs.gov/pub/epostcard/990/xml/2026/2026_TEOS_XML_02A.zip
SRC-990-EXT-NATIONAL-EMPLOYMENT-LAW-PROJECT,National Employment Law Project,form990,yes,https://apps.irs.gov/pub/epostcard/990/xml/2025/202523089349302957_public.xml,https://projects.propublica.org/nonprofits/organizations/132758558,https://projects.propublica.org/nonprofits/download-xml?object_id=202523089349302957,official IRS e-file XML,sources/native/form990/202523089349302957_public.xml,xml,10000,13-2758558,202523089349302957,2024-01-01,2024-12-31,primary,well-formed XML; EIN and tax-period end must match; extracted compensation and scale fields are rechecked,validation_failed,sources/native/form990/202523089349302957_public.xml,833c234e9bf0544e560ab6ff8210743a51f095f054bd3f9583e5cb7c212b84ac,71495,2026-08-27T18:34:04+00:00,extracted 202523089349302957_public.xml from https://apps.irs.gov/pub/epostcard/990/xml/2025/2025_TEOS_XML_11D.zip
SRC-990-EXT-NEW-AMERICA,New America,form990,yes,https://apps.irs.gov/pub/epostcard/990/xml/2025/202513109349304131_public.xml,https://projects.propublica.org/nonprofits/organizations/522096845,https://projects.propublica.org/nonprofits/download-xml?object_id=202513109349304131,official IRS e-file XML,sources/native/form990/202513109349304131_public.xml,xml,10000,52-2096845,202513109349304131,2024-01-01,2024-12-31,primary_with_structure_flag,well-formed XML; EIN and tax-period end must match; extracted compensation and scale fields are rechecked,validation_failed,sources/native/form990/202513109349304131_public.xml,c55a4ebe3104cfaa095aa8d22afe749110903e2b1801c057aa8632c144241c05,129953,2026-08-27T18:34:04+00:00,extracted 202513109349304131_public.xml from https://apps.irs.gov/pub/epostcard/990/xml/2025/2025_TEOS_XML_11D.zip
SRC-990-EXT-NEW-ROOTS-INSTITUTE,New Roots Institute,form990,yes,https://apps.irs.gov/pub/epostcard/990/xml/2025/202523519349301637_public.xml,https://projects.propublica.org/nonprofits/organizations/824594246,https://projects.propublica.org/nonprofits/download-xml?object_id=202523519349301637,official IRS e-file XML,sources/native/form990/202523519349301637_public.xml,xml,10000,82-4594246,202523519349301637,2024-07-01,2025-06-30,primary,well-formed XML; EIN and tax-period end must match; extracted compensation and scale fields are rechecked,present_verified_source_native,sources/native/form990/202523519349301637_public.xml,0b340b9c3575ba61b8a6aaad57624b24da31cc68d51598fce6a548b7cfee9cf3,45777,2026-08-27T18:34:06+00:00,extracted 202523519349301637_public.xml from https://apps.irs.gov/pub/epostcard/990/xml/2025/2025_TEOS_XML_12A.zip
SRC-990-EXT-NISKANEN-CENTER,Niskanen Center,form990,yes,https://apps.irs.gov/pub/epostcard/990/xml/2025/202523179349301947_public.xml,https://projects.propublica.org/nonprofits/organizations/455308952,https://projects.propublica.org/nonprofits/download-xml?object_id=202523179349301947,official IRS e-file XML,sources/native/form990/202523179349301947_public.xml,xml,10000,45-5308952,202523179349301947,2024-01-01,2024-12-31,primary,well-formed XML; EIN and tax-period end must match; extracted compensation and scale fields are rechecked,validation_failed,sources/native/form990/202523179349301947_public.xml,d947331365e24d53aa92a48433d6f6f090195239f9d141772e7fdfd824da80c1,65583,2026-08-27T18:34:00+00:00,extracted 202523179349301947_public.xml from https://apps.irs.gov/pub/epostcard/990/xml/2025/2025_TEOS_XML_11C.zip
SRC-990-EXT3-NUCLEAR-INNOVATION-ALLIANCE,Nuclear Innovation Alliance,form990,yes,https://apps.irs.gov/pub/epostcard/990/xml/2026/202621339349301817_public.xml,https://projects.propublica.org/nonprofits/organizations/371859117,https://projects.propublica.org/nonprofits/download-xml?object_id=202621339349301817,official IRS e-file XML,sources/native/form990/202621339349301817_public.xml,xml,10000,37-1859117,202621339349301817,2025-01-01,2025-12-31,primary,well-formed XML; EIN and tax-period end must match; extracted compensation and scale fields are rechecked,validation_failed,sources/native/form990/202621339349301817_public.xml,5990d380b548157833927ec47b5c87a4a785422b08fab771b781335c5538d466,37716,2026-08-27T18:37:52+00:00,extracted 202621339349301817_public.xml from https://apps.irs.gov/pub/epostcard/990/xml/2026/2026_TEOS_XML_05B.zip
SRC-990-EXT-NUCLEAR-THREAT-INITIATIVE,Nuclear Threat Initiative,form990,yes,https://apps.irs.gov/pub/epostcard/990/xml/2025/202522119349301667_public.xml,https://projects.propublica.org/nonprofits/organizations/522289435,https://projects.propublica.org/nonprofits/download-xml?object_id=202522119349301667,official IRS e-file XML,sources/native/form990/202522119349301667_public.xml,xml,10000,52-2289435,202522119349301667,2024-01-01,2024-12-31,primary_with_structure_flag,well-formed XML; EIN and tax-period end must match; extracted compensation and scale fields are rechecked,validation_failed,sources/native/form990/202522119349301667_public.xml,6e51864590f824e0373f0b304bfa45ffad908702dd9954f7daa799fc872e8f3d,129609,2026-08-27T18:33:51+00:00,extracted 202522119349301667_public.xml from https://apps.irs.gov/pub/epostcard/990/xml/2025/2025_TEOS_XML_08A.zip
SRC-990-EXT-NUMFOCUS,NumFOCUS,form990,yes,https://apps.irs.gov/pub/epostcard/990/xml/2025/202512979349301136_public.xml,https://projects.propublica.org/nonprofits/organizations/454547709,https://projects.propublica.org/nonprofits/download-xml?object_id=202512979349301136,official IRS e-file XML,sources/native/form990/202512979349301136_public.xml,xml,10000,45-4547709,202512979349301136,2024-01-01,2024-12-31,primary_with_structure_flag,well-formed XML; EIN and tax-period end must match; extracted compensation and scale fields are rechecked,validation_failed,sources/native/form990/202512979349301136_public.xml,f96ac179226d376532c3a0df6c0c9f8ff428c457d0687fef7ab7dcd5fb92f641,43063,2026-08-27T18:34:05+00:00,extracted 202512979349301136_public.xml from https://apps.irs.gov/pub/epostcard/990/xml/2025/2025_TEOS_XML_11D.zip
SRC-990-EXT-ORCID,ORCID,form990,yes,https://apps.irs.gov/pub/epostcard/990/xml/2025/202501769349301020_public.xml,https://projects.propublica.org/nonprofits/organizations/275142743,https://projects.propublica.org/nonprofits/download-xml?object_id=202501769349301020,official IRS e-file XML,sources/native/form990/202501769349301020_public.xml,xml,10000,27-5142743,202501769349301020,2024-01-01,2024-12-31,primary,well-formed XML; EIN and tax-period end must match; extracted compensation and scale fields are rechecked,validation_failed,sources/native/form990/202501769349301020_public.xml,b691925331681cd3a811bcbcaae2ebba079daf182e6fbeaf22cfff7eb4467bd7,72143,2026-08-27T18:33:48+00:00,extracted 202501769349301020_public.xml from https://apps.irs.gov/pub/epostcard/990/xml/2025/2025_TEOS_XML_06A.zip
SRC-990-EXT-OPEN-MARKETS-INSTITUTE,Open Markets Institute,form990,yes,https://apps.irs.gov/pub/epostcard/990/xml/2025/202533209349300548_public.xml,https://projects.propublica.org/nonprofits/organizations/822529375,https://projects.propublica.org/nonprofits/download-xml?object_id=202533209349300548,official IRS e-file XML,sources/native/form990/202533209349300548_public.xml,xml,10000,82-2529375,202533209349300548,2024-01-01,2024-12-31,primary,well-formed XML; EIN and tax-period end must match; extracted compensation and scale fields are rechecked,validation_failed,sources/native/form990/202533209349300548_public.xml,5bbcaa90a2220cc15713dbb4292b4878851f3340ccff165050758776582c1c8b,47617,2026-08-27T18:36:15+00:00,extracted 202533209349300548_public.xml from https://apps.irs.gov/pub/epostcard/990/xml/2025/2025_TEOS_XML_11B.zip
SRC-990-EXT-OPEN-SOURCE-INITIATIVE,Open Source Initiative,form990,yes,https://apps.irs.gov/pub/epostcard/990/xml/2025/202533079349301473_public.xml,https://projects.propublica.org/nonprofits/organizations/912037395,https://projects.propublica.org/nonprofits/download-xml?object_id=202533079349301473,official IRS e-file XML,sources/native/form990/202533079349301473_public.xml,xml,10000,91-2037395,202533079349301473,2024-01-01,2024-12-31,primary_with_structure_flag,well-formed XML; EIN and tax-period end must match; extracted compensation and scale fields are rechecked,validation_failed,sources/native/form990/202533079349301473_public.xml,95ac7e266296dede41e6896973457c99f364d916cb208e6b55ee17f173cb2d3a,57733,2026-08-27T18:34:00+00:00,extracted 202533079349301473_public.xml from https://apps.irs.gov/pub/epostcard/990/xml/2025/2025_TEOS_XML_11C.zip
SRC-990-EXT-OPEN-TECHNOLOGY-FUND,Open Technology Fund,form990,yes,https://apps.irs.gov/pub/epostcard/990/xml/2025/202502249349302770_public.xml,https://projects.propublica.org/nonprofits/organizations/843126447,https://projects.propublica.org/nonprofits/download-xml?object_id=202502249349302770,official IRS e-file XML,sources/native/form990/202502249349302770_public.xml,xml,10000,84-3126447,202502249349302770,2023-10-01,2024-09-30,structural_sensitivity,well-formed XML; EIN and tax-period end must match; extracted compensation and scale fields are rechecked,validation_failed,sources/native/form990/202502249349302770_public.xml,9bba7b1d820f799380c8d07960755af9a1f78f89e868724b569e874d85a46f98,58606,2026-08-27T18:33:51+00:00,extracted 202502249349302770_public.xml from https://apps.irs.gov/pub/epostcard/990/xml/2025/2025_TEOS_XML_08A.zip
SRC-990-EXT-OPENSECRETS,OpenSecrets,form990,yes,https://apps.irs.gov/pub/epostcard/990/xml/2026/202631979349301803_public.xml,https://projects.propublica.org/nonprofits/organizations/521275227,https://projects.propublica.org/nonprofits/download-xml?object_id=202631979349301803,official IRS e-file XML,sources/native/form990/202631979349301803_public.xml,xml,10000,52-1275227,202631979349301803,2025-01-01,2025-12-31,primary,well-formed XML; EIN and tax-period end must match; extracted compensation and scale fields are rechecked,validation_failed,sources/native/form990/202631979349301803_public.xml,bef198c1f3f6724fc71d03d47b2b7ff5e16705bc73473596f683085bcd0eda6f,47251,2026-08-27T18:34:14+00:00,extracted 202631979349301803_public.xml from https://apps.irs.gov/pub/epostcard/990/xml/2026/2026_TEOS_XML_07A.zip
SRC-990-EXT-PEAK-GRANTMAKING,PEAK Grantmaking,form990,yes,https://apps.irs.gov/pub/epostcard/990/xml/2025/202511219349301641_public.xml,https://projects.propublica.org/nonprofits/organizations/743158155,https://projects.propublica.org/nonprofits/download-xml?object_id=202511219349301641,official IRS e-file XML,sources/native/form990/202511219349301641_public.xml,xml,10000,74-3158155,202511219349301641,2024-01-01,2024-12-31,primary,well-formed XML; EIN and tax-period end must match; extracted compensation and scale fields are rechecked,validation_failed,sources/native/form990/202511219349301641_public.xml,a164cb1dbd7b7c54dc85b35fc0bdc30433ebce9c308597452c50c5f85144f771,66925,2026-08-27T18:36:13+00:00,extracted 202511219349301641_public.xml from https://apps.irs.gov/pub/epostcard/990/xml/2025/2025_TEOS_XML_05A.zip
SRC-990-EXT-PARTNERSHIP-ON-AI,Partnership on AI,form990,yes,https://apps.irs.gov/pub/epostcard/990/xml/2025/202543219349322709_public.xml,https://projects.propublica.org/nonprofits/organizations/320518917,https://projects.propublica.org/nonprofits/download-xml?object_id=202543219349322709,official IRS e-file XML,sources/native/form990/202543219349322709_public.xml,xml,10000,32-0518917,202543219349322709,2024-01-01,2024-12-31,primary,well-formed XML; EIN and tax-period end must match; extracted compensation and scale fields are rechecked,validation_failed,sources/native/form990/202543219349322709_public.xml,7c77fa2c1b795eebaa41cfdfe283c40d536a7111a63833f5c9038270335bdcb6,69852,2026-08-27T18:36:16+00:00,extracted 202543219349322709_public.xml from https://apps.irs.gov/pub/epostcard/990/xml/2025/2025_TEOS_XML_11B.zip
SRC-990-EXT-PETERSON-INSTITUTE-FOR-INTERNATIONAL-ECONOMICS,Peterson Institute for International Economics,form990,yes,https://apps.irs.gov/pub/epostcard/990/xml/2026/202611189349300636_public.xml,https://projects.propublica.org/nonprofits/organizations/521226967,https://projects.propublica.org/nonprofits/download-xml?object_id=202611189349300636,official IRS e-file XML,sources/native/form990/202611189349300636_public.xml,xml,10000,52-1226967,202611189349300636,2024-07-01,2025-06-30,primary,well-formed XML; EIN and tax-period end must match; extracted compensation and scale fields are rechecked,validation_failed,sources/native/form990/202611189349300636_public.xml,1205da2294db196d86d84e71efe907033931fa2233fa778135a98ca9c0b42c75,90658,2026-08-27T18:37:01+00:00,RuntimeError: Expected one member named 202631249349301878_public.xml; found 0
SRC-990-EXT-PHYSICIANS-COMMITTEE-FOR-RESPONSIBLE-MEDICINE,Physicians Committee for Responsible Medicine,form990,yes,https://apps.irs.gov/pub/epostcard/990/xml/2026/202630169349300803_public.xml,https://projects.propublica.org/nonprofits/organizations/521394893,https://projects.propublica.org/nonprofits/download-xml?object_id=202630169349300803,official IRS e-file XML,sources/native/form990/202630169349300803_public.xml,xml,10000,52-1394893,202630169349300803,2024-08-01,2025-07-31,excluded_measurement,well-formed XML; EIN and tax-period end must match; extracted compensation and scale fields are rechecked,present_verified_source_native,sources/native/form990/202630169349300803_public.xml,3033e83233895a57501dac0a9b62c86eaf3f0dbe2208fbf2a41e97eae0f79ca4,94225,2026-08-27T18:34:07+00:00,extracted 202630169349300803_public.xml from https://apps.irs.gov/pub/epostcard/990/xml/2026/2026_TEOS_XML_01A.zip
SRC-990-EXT-PHYSICIANS-FOR-SOCIAL-RESPONSIBILITY,Physicians for Social Responsibility,form990,yes,https://apps.irs.gov/pub/epostcard/990/xml/2025/202512749349301461_public.xml,https://projects.propublica.org/nonprofits/organizations/237059731,https://projects.propublica.org/nonprofits/download-xml?object_id=202512749349301461,official IRS e-file XML,sources/native/form990/202512749349301461_public.xml,xml,10000,23-7059731,202512749349301461,2024-01-01,2024-12-31,primary_with_structure_flag,well-formed XML; EIN and tax-period end must match; extracted compensation and scale fields are rechecked,validation_failed,sources/native/form990/202512749349301461_public.xml,303e50be9360a60f98d6cd536db71db98c837668a2de4b3c6c4f93ca1bce71aa,59656,2026-08-27T18:33:54+00:00,extracted 202512749349301461_public.xml from https://apps.irs.gov/pub/epostcard/990/xml/2025/2025_TEOS_XML_10A.zip
SRC-990-EXT-PLOUGHSHARES-FUND,Ploughshares Fund,form990,yes,https://apps.irs.gov/pub/epostcard/990/xml/2026/202620979349300102_public.xml,https://projects.propublica.org/nonprofits/organizations/942764520,https://projects.propublica.org/nonprofits/download-xml?object_id=202620979349300102,official IRS e-file XML,sources/native/form990/202620979349300102_public.xml,xml,10000,94-2764520,202620979349300102,2024-07-01,2025-06-30,structural_sensitivity,well-formed XML; EIN and tax-period end must match; extracted compensation and scale fields are rechecked,validation_failed,sources/native/form990/202620979349300102_public.xml,a90ddc138c901bd5d4e39696bfb25c26ab9b7848bea247c0bbfeef0a0361918b,107067,2026-08-27T18:34:10+00:00,extracted 202620979349300102_public.xml from https://apps.irs.gov/pub/epostcard/990/xml/2026/2026_TEOS_XML_04A.zip
SRC-990-EXT-POPULATION-REFERENCE-BUREAU,Population Reference Bureau,form990,yes,https://apps.irs.gov/pub/epostcard/990/xml/2025/202501789349301305_public.xml,https://projects.propublica.org/nonprofits/organizations/530214030,https://projects.propublica.org/nonprofits/download-xml?object_id=202501789349301305,official IRS e-file XML,sources/native/form990/202501789349301305_public.xml,xml,10000,53-0214030,202501789349301305,2023-10-01,2024-09-30,primary_older_clean,well-formed XML; EIN and tax-period end must match; extracted compensation and scale fields are rechecked,validation_failed,sources/native/form990/202501789349301305_public.xml,f9d79a98a26cdf6d4829f2d761f3d5e0bb17065a00bc6173b8f1c8c8873764e1,78349,2026-08-27T18:33:48+00:00,extracted 202501789349301305_public.xml from https://apps.irs.gov/pub/epostcard/990/xml/2025/2025_TEOS_XML_06A.zip
SRC-990-EXT-PRECISION-DEVELOPMENT,Precision Development,form990,yes,https://apps.irs.gov/pub/epostcard/990/xml/2024/202433199349302193_public.xml,https://projects.propublica.org/nonprofits/organizations/810779400,https://projects.propublica.org/nonprofits/download-xml?object_id=202433199349302193,official IRS e-file XML,sources/native/form990/202433199349302193_public.xml,xml,10000,81-0779400,202433199349302193,2023-01-01,2023-12-31,primary_older_clean,well-formed XML; EIN and tax-period end must match; extracted compensation and scale fields are rechecked,validation_failed,sources/native/form990/202433199349302193_public.xml,2f5337b4c585543cede07020b0efaa82e0aa4d20a9ad640df012c12aed08b792,43070,2026-08-27T18:33:45+00:00,extracted 2024_TEOS_XML_11A/202433199349302193_public.xml from https://apps.irs.gov/pub/epostcard/990/xml/2024/2024_TEOS_XML_11A.zip
SRC-990-EXT-PROJECT-DRAWDOWN,Project Drawdown,form990,yes,https://apps.irs.gov/pub/epostcard/990/xml/2025/202512529349301621_public.xml,https://projects.propublica.org/nonprofits/organizations/383705448,https://projects.propublica.org/nonprofits/download-xml?object_id=202512529349301621,official IRS e-file XML,sources/native/form990/202512529349301621_public.xml,xml,10000,38-3705448,202512529349301621,2024-01-01,2024-12-31,primary,well-formed XML; EIN and tax-period end must match; extracted compensation and scale fields are rechecked,validation_failed,sources/native/form990/202512529349301621_public.xml,794062f41e8de2550048acb39e7afc812f5f45964ba069de197e27871a176d58,49850,2026-08-27T18:33:53+00:00,extracted 202512529349301621_public.xml from https://apps.irs.gov/pub/epostcard/990/xml/2025/2025_TEOS_XML_09A.zip
SRC-990-EXT-PROJECT-HEALTHY-CHILDREN,Project Healthy Children,form990,yes,https://apps.irs.gov/pub/epostcard/990/xml/2024/202422259349302007_public.xml,https://projects.propublica.org/nonprofits/organizations/830396815,https://projects.propublica.org/nonprofits/download-xml?object_id=202422259349302007,official IRS e-file XML,sources/native/form990/202422259349302007_public.xml,xml,10000,83-0396815,202422259349302007,2022-10-01,2023-09-30,primary_older_clean,well-formed XML; EIN and tax-period end must match; extracted compensation and scale fields are rechecked,validation_failed,sources/native/form990/202422259349302007_public.xml,65201cc4f87c79e5db2eb2af58e422d55c12cd72c02eb76fd1619ba0807b2f70,43043,2026-08-27T18:33:41+00:00,extracted 2024_TEOS_XML_08A/202422259349302007_public.xml from https://apps.irs.gov/pub/epostcard/990/xml/2024/2024_TEOS_XML_08A.zip
SRC-990-EXT-PUBLIC-AGENDA,Public Agenda,form990,yes,https://apps.irs.gov/pub/epostcard/990/xml/2026/202631029349300503_public.xml,https://projects.propublica.org/nonprofits/organizations/132847587,https://projects.propublica.org/nonprofits/download-xml?object_id=202631029349300503,official IRS e-file XML,sources/native/form990/202631029349300503_public.xml,xml,10000,13-2847587,202631029349300503,2024-07-01,2025-06-30,primary,well-formed XML; EIN and tax-period end must match; extracted compensation and scale fields are rechecked,validation_failed,sources/native/form990/202631029349300503_public.xml,35b423fee58901668774576b88259ec69de55eb70d8964d5376b4ebbe7fbd698,48019,2026-08-27T18:34:10+00:00,extracted 202631029349300503_public.xml from https://apps.irs.gov/pub/epostcard/990/xml/2026/2026_TEOS_XML_04A.zip
SRC-990-EXT-PUBLIC-KNOWLEDGE,Public Knowledge,form990,yes,https://apps.irs.gov/pub/epostcard/990/xml/2025/202533149349301903_public.xml,https://projects.propublica.org/nonprofits/organizations/522336690,https://projects.propublica.org/nonprofits/download-xml?object_id=202533149349301903,official IRS e-file XML,sources/native/form990/202533149349301903_public.xml,xml,10000,52-2336690,202533149349301903,2024-01-01,2024-12-31,primary,well-formed XML; EIN and tax-period end must match; extracted compensation and scale fields are rechecked,validation_failed,sources/native/form990/202533149349301903_public.xml,5f215e06b07e5b588f6698b4bee7e943b7eec8b6c75fcf9f56a83686e0e046b4,53843,2026-08-27T18:36:16+00:00,extracted 202533149349301903_public.xml from https://apps.irs.gov/pub/epostcard/990/xml/2025/2025_TEOS_XML_11B.zip
SRC-990-EXT-PUBLIC-RELIGION-RESEARCH-INSTITUTE,Public Religion Research Institute,form990,yes,https://apps.irs.gov/pub/epostcard/990/xml/2025/202533189349309763_public.xml,https://projects.propublica.org/nonprofits/organizations/270586980,https://projects.propublica.org/nonprofits/download-xml?object_id=202533189349309763,official IRS e-file XML,sources/native/form990/202533189349309763_public.xml,xml,10000,27-0586980,202533189349309763,2024-01-01,2024-12-31,structural_sensitivity,well-formed XML; EIN and tax-period end must match; extracted compensation and scale fields are rechecked,validation_failed,sources/native/form990/202533189349309763_public.xml,5e6b8902ffadbe98438913629a1d1a52dba493badf53608b30a658fb1cf2a665,49604,2026-08-27T18:36:16+00:00,extracted 202533189349309763_public.xml from https://apps.irs.gov/pub/epostcard/990/xml/2025/2025_TEOS_XML_11B.zip
SRC-990-EXT-PURE-EARTH,Pure Earth,form990,yes,https://apps.irs.gov/pub/epostcard/990/xml/2025/202532809349302073_public.xml,https://projects.propublica.org/nonprofits/organizations/134075779,https://projects.propublica.org/nonprofits/download-xml?object_id=202532809349302073,official IRS e-file XML,sources/native/form990/202532809349302073_public.xml,xml,10000,13-4075779,202532809349302073,2024-01-01,2024-12-31,excluded_transition,well-formed XML; EIN and tax-period end must match; extracted compensation and scale fields are rechecked,present_verified_source_native,sources/native/form990/202532809349302073_public.xml,3f1f278275fc8c2b042e1705769265cccdc36b428cfee9e6a40e3ef940b182c1,78816,2026-08-27T18:34:00+00:00,extracted 202532809349302073_public.xml from https://apps.irs.gov/pub/epostcard/990/xml/2025/2025_TEOS_XML_11C.zip
SRC-990-EXT-QUINCY-INSTITUTE-FOR-RESPONSIBLE-STATECRAFT,Quincy Institute for Responsible Statecraft,form990,yes,https://apps.irs.gov/pub/epostcard/990/xml/2025/202523169349300137_public.xml,https://projects.propublica.org/nonprofits/organizations/842285143,https://projects.propublica.org/nonprofits/download-xml?object_id=202523169349300137,official IRS e-file XML,sources/native/form990/202523169349300137_public.xml,xml,10000,84-2285143,202523169349300137,2024-01-01,2024-12-31,primary,well-formed XML; EIN and tax-period end must match; extracted compensation and scale fields are rechecked,validation_failed,sources/native/form990/202523169349300137_public.xml,aa714b9c9d44f1f5a925eb3ba23fa8a238d8afe32a9f9eb3cade4ba3f6aff3ba,56795,2026-08-27T18:34:00+00:00,extracted 202523169349300137_public.xml from https://apps.irs.gov/pub/epostcard/990/xml/2025/2025_TEOS_XML_11C.zip
SRC-990-EXT-R-STREET-INSTITUTE,R Street Institute,form990,yes,https://apps.irs.gov/pub/epostcard/990/xml/2025/202503119349301245_public.xml,https://projects.propublica.org/nonprofits/organizations/263477125,https://projects.propublica.org/nonprofits/download-xml?object_id=202503119349301245,official IRS e-file XML,sources/native/form990/202503119349301245_public.xml,xml,10000,26-3477125,202503119349301245,2024-01-01,2024-12-31,structural_sensitivity,well-formed XML; EIN and tax-period end must match; extracted compensation and scale fields are rechecked,validation_failed,sources/native/form990/202503119349301245_public.xml,920493b9aa4cfe4095d8ff47e8dda045080d66d678b6e5c621556a35e472b6ff,63146,2026-08-27T18:33:57+00:00,extracted 202503119349301245_public.xml from https://apps.irs.gov/pub/epostcard/990/xml/2025/2025_TEOS_XML_11A.zip
SRC-990-EXT-REDWOOD-RESEARCH,Redwood Research,form990,yes,https://apps.irs.gov/pub/epostcard/990/xml/2025/202503199349302920_public.xml,https://projects.propublica.org/nonprofits/organizations/871702255,https://projects.propublica.org/nonprofits/download-xml?object_id=202503199349302920,official IRS e-file XML,sources/native/form990/202503199349302920_public.xml,xml,10000,87-1702255,202503199349302920,2024-01-01,2024-12-31,primary,well-formed XML; EIN and tax-period end must match; extracted compensation and scale fields are rechecked,validation_failed,sources/native/form990/202503199349302920_public.xml,ab71b7113874c9da8fd610db1ab63414e6029c0ca4b3ec3560aefc2d36fb70d4,38346,2026-08-27T18:33:57+00:00,extracted 202503199349302920_public.xml from https://apps.irs.gov/pub/epostcard/990/xml/2025/2025_TEOS_XML_11A.zip
SRC-990-EXT-RESEARCH-AMERICA,Research!America,form990,yes,https://apps.irs.gov/pub/epostcard/990/xml/2026/202601319349302140_public.xml,https://projects.propublica.org/nonprofits/organizations/521609875,https://projects.propublica.org/nonprofits/download-xml?object_id=202601319349302140,official IRS e-file XML,sources/native/form990/202601319349302140_public.xml,xml,10000,52-1609875,202601319349302140,2025-01-01,2025-12-31,primary,well-formed XML; EIN and tax-period end must match; extracted compensation and scale fields are rechecked,validation_failed,sources/native/form990/202601319349302140_public.xml,135c4353237b6d34538b4f875445384b014f16be3b77ab210161fa368bc0e9b8,87791,2026-08-27T18:37:01+00:00,RuntimeError: Expected one member named 202631249349301878_public.xml; found 0
SRC-990-EXT-RESULTS-FOR-AMERICA,Results for America,form990,yes,https://apps.irs.gov/pub/epostcard/990/xml/2025/202513179349309376_public.xml,https://projects.propublica.org/nonprofits/organizations/812709681,https://projects.propublica.org/nonprofits/download-xml?object_id=202513179349309376,official IRS e-file XML,sources/native/form990/202513179349309376_public.xml,xml,10000,81-2709681,202513179349309376,2024-01-01,2024-12-31,primary,well-formed XML; EIN and tax-period end must match; extracted compensation and scale fields are rechecked,validation_failed,sources/native/form990/202513179349309376_public.xml,8c6c50d522619bc890493d8c0c1c4a0896775ebde7a58ccbad27d2604044b46d,65311,2026-08-27T18:34:05+00:00,extracted 202513179349309376_public.xml from https://apps.irs.gov/pub/epostcard/990/xml/2025/2025_TEOS_XML_11D.zip
SRC-990-EXT-RESULTS-FOR-DEVELOPMENT,Results for Development,form990,yes,https://apps.irs.gov/pub/epostcard/990/xml/2025/202512739349302306_public.xml,https://projects.propublica.org/nonprofits/organizations/208530747,https://projects.propublica.org/nonprofits/download-xml?object_id=202512739349302306,official IRS e-file XML,sources/native/form990/202512739349302306_public.xml,xml,10000,20-8530747,202512739349302306,2024-01-01,2024-12-31,primary_with_structure_flag,well-formed XML; EIN and tax-period end must match; extracted compensation and scale fields are rechecked,validation_failed,sources/native/form990/202512739349302306_public.xml,bd52235d3f7803600f2b4d127ccba30b421d66b9804315ea5bba1d33f1da0bb0,96564,2026-08-27T18:33:54+00:00,extracted 202512739349302306_public.xml from https://apps.irs.gov/pub/epostcard/990/xml/2025/2025_TEOS_XML_10A.zip
SRC-990-RP-REFERENCE,Rethink Priorities,form990,yes,https://apps.irs.gov/pub/epostcard/990/xml/2025/2025_TEOS_XML_11A.zip,https://projects.propublica.org/nonprofits/organizations/843896318,https://projects.propublica.org/nonprofits/download-xml?object_id=202502879349301540,official IRS e-file XML from the TEOS bulk archive,sources/native/form990/202502879349301540_public.xml,xml,10000,84-3896318,202502879349301540,2024-01-01,2024-12-31,non-analytical RP comparison row,"well-formed XML; EIN, tax period, CEO compensation, expenses, revenue, and employee count are rechecked by the app-data build",present_verified_source_native,sources/native/form990/202502879349301540_public.xml,adc9db204f475d72c03baa93a953e1d26b86001ee17ecfdeab2dc914ae91d91a,78873,2026-08-28T19:48:26+00:00,downloaded from official IRS TEOS bulk archive
SRC-990-EXT-ROOSEVELT-INSTITUTE,Roosevelt Institute,form990,yes,https://apps.irs.gov/pub/epostcard/990/xml/2025/202532729349301978_public.xml,https://projects.propublica.org/nonprofits/organizations/237213592,https://projects.propublica.org/nonprofits/download-xml?object_id=202532729349301978,official IRS e-file XML,sources/native/form990/202532729349301978_public.xml,xml,10000,23-7213592,202532729349301978,2024-01-01,2024-12-31,primary,well-formed XML; EIN and tax-period end must match; extracted compensation and scale fields are rechecked,validation_failed,sources/native/form990/202532729349301978_public.xml,fd2289c92a90881e03847f8c55d1f0bcdc5618dd977ebd08c43f9f32ea2da35a,77582,2026-08-27T18:33:54+00:00,extracted 202532729349301978_public.xml from https://apps.irs.gov/pub/epostcard/990/xml/2025/2025_TEOS_XML_10A.zip
SRC-990-EXT-SAN-FRANCISCO-ESTUARY-INSTITUTE,San Francisco Estuary Institute,form990,yes,https://apps.irs.gov/pub/epostcard/990/xml/2026/202631319349304238_public.xml,https://projects.propublica.org/nonprofits/organizations/942951373,https://projects.propublica.org/nonprofits/download-xml?object_id=202631319349304238,official IRS e-file XML,sources/native/form990/202631319349304238_public.xml,xml,10000,94-2951373,202631319349304238,2024-07-01,2025-06-30,primary,well-formed XML; EIN and tax-period end must match; extracted compensation and scale fields are rechecked,validation_failed,sources/native/form990/202631319349304238_public.xml,aaf3dacc55d738578843e74e372542835bc301bfef91f9e5617637699f9f2cbb,62014,2026-08-27T18:37:53+00:00,extracted 202631319349304238_public.xml from https://apps.irs.gov/pub/epostcard/990/xml/2026/2026_TEOS_XML_05B.zip
SRC-990-EXT-SENTIENT-MEDIA,Sentient Media,form990,yes,https://apps.irs.gov/pub/epostcard/990/xml/2025/202512829349301726_public.xml,https://projects.propublica.org/nonprofits/organizations/830804345,https://projects.propublica.org/nonprofits/download-xml?object_id=202512829349301726,official IRS e-file XML,sources/native/form990/202512829349301726_public.xml,xml,10000,83-0804345,202512829349301726,2024-01-01,2024-12-31,primary_with_structure_flag,well-formed XML; EIN and tax-period end must match; extracted compensation and scale fields are rechecked,present_verified_source_native,sources/native/form990/202512829349301726_public.xml,71fcda3c1288b146e969fa7f37e5aaebeabd2b5a4b5e0dc5b02e8493edf53fef,28098,2026-08-27T18:33:57+00:00,extracted 202512829349301726_public.xml from https://apps.irs.gov/pub/epostcard/990/xml/2025/2025_TEOS_XML_11A.zip
SRC-990-EXT-SIGHTLINE-INSTITUTE,Sightline Institute,form990,yes,https://apps.irs.gov/pub/epostcard/990/xml/2025/202522249349300332_public.xml,https://projects.propublica.org/nonprofits/organizations/521833599,https://projects.propublica.org/nonprofits/download-xml?object_id=202522249349300332,official IRS e-file XML,sources/native/form990/202522249349300332_public.xml,xml,10000,52-1833599,202522249349300332,2024-01-01,2024-12-31,primary,well-formed XML; EIN and tax-period end must match; extracted compensation and scale fields are rechecked,validation_failed,sources/native/form990/202522249349300332_public.xml,85ad4d561e4cb9ce63344fd55e5c71c0279f28dc3da60e96387606fcbff451a6,53866,2026-08-27T18:33:51+00:00,extracted 202522249349300332_public.xml from https://apps.irs.gov/pub/epostcard/990/xml/2025/2025_TEOS_XML_08A.zip
SRC-990-EXT-SOCIAL-SCIENCE-RESEARCH-COUNCIL,Social Science Research Council,form990,yes,https://apps.irs.gov/pub/epostcard/990/xml/2026/202641339349307834_public.xml,https://projects.propublica.org/nonprofits/organizations/131325070,https://projects.propublica.org/nonprofits/download-xml?object_id=202641339349307834,official IRS e-file XML,sources/native/form990/202641339349307834_public.xml,xml,10000,13-1325070,202641339349307834,2024-07-01,2025-06-30,primary,well-formed XML; EIN and tax-period end must match; extracted compensation and scale fields are rechecked,validation_failed,sources/native/form990/202641339349307834_public.xml,2745fb979631bfb269a526f372971d7d076ec106d0bde1481120354d6de3294c,74687,2026-08-27T18:37:53+00:00,extracted 202641339349307834_public.xml from https://apps.irs.gov/pub/epostcard/990/xml/2026/2026_TEOS_XML_05B.zip
SRC-990-EXT-SOFTWARE-FREEDOM-CONSERVANCY,Software Freedom Conservancy,form990,yes,https://apps.irs.gov/pub/epostcard/990/xml/2026/202640169349300604_public.xml,https://projects.propublica.org/nonprofits/organizations/412203632,https://projects.propublica.org/nonprofits/download-xml?object_id=202640169349300604,official IRS e-file XML,sources/native/form990/202640169349300604_public.xml,xml,10000,41-2203632,202640169349300604,2024-03-01,2025-02-28,primary_with_structure_flag,well-formed XML; EIN and tax-period end must match; extracted compensation and scale fields are rechecked,validation_failed,sources/native/form990/202640169349300604_public.xml,125392ce3a1bd19211035c6f56c37ef9955690439a66d6c1a5088ba751b81b85,60893,2026-08-27T18:34:07+00:00,extracted 202640169349300604_public.xml from https://apps.irs.gov/pub/epostcard/990/xml/2026/2026_TEOS_XML_01A.zip
SRC-990-EXT-STIMSON-CENTER,Stimson Center,form990,yes,https://apps.irs.gov/pub/epostcard/990/xml/2025/202533169349304988_public.xml,https://projects.propublica.org/nonprofits/organizations/521640938,https://projects.propublica.org/nonprofits/download-xml?object_id=202533169349304988,official IRS e-file XML,sources/native/form990/202533169349304988_public.xml,xml,10000,52-1640938,202533169349304988,2024-01-01,2024-12-31,primary,well-formed XML; EIN and tax-period end must match; extracted compensation and scale fields are rechecked,validation_failed,sources/native/form990/202533169349304988_public.xml,cdb8095e89f2e7296c9dd9aff30f12f504cff96a1a0bf1c061f25f638006e53c,71792,2026-08-27T18:36:16+00:00,extracted 202533169349304988_public.xml from https://apps.irs.gov/pub/epostcard/990/xml/2025/2025_TEOS_XML_11B.zip
SRC-990-EXT-STRONGMINDS,StrongMinds,form990,yes,https://apps.irs.gov/pub/epostcard/990/xml/2025/202511719349300036_public.xml,https://projects.propublica.org/nonprofits/organizations/462090059,https://projects.propublica.org/nonprofits/download-xml?object_id=202511719349300036,official IRS e-file XML,sources/native/form990/202511719349300036_public.xml,xml,10000,46-2090059,202511719349300036,2024-01-01,2024-12-31,primary_with_structure_flag,well-formed XML; EIN and tax-period end must match; extracted compensation and scale fields are rechecked,validation_failed,sources/native/form990/202511719349300036_public.xml,13adc2f781f0f3d3d57baf4bea3b5248a332e1bf8dbb4e4173479ffa1a847d0a,43874,2026-08-27T18:33:48+00:00,extracted 202511719349300036_public.xml from https://apps.irs.gov/pub/epostcard/990/xml/2025/2025_TEOS_XML_06A.zip
SRC-990-EXT-TAX-FOUNDATION,Tax Foundation,form990,yes,https://apps.irs.gov/pub/epostcard/990/xml/2026/202631959349301758_public.xml,https://projects.propublica.org/nonprofits/organizations/521703065,https://projects.propublica.org/nonprofits/download-xml?object_id=202631959349301758,official IRS e-file XML,sources/native/form990/202631959349301758_public.xml,xml,10000,52-1703065,202631959349301758,2025-01-01,2025-12-31,primary,well-formed XML; EIN and tax-period end must match; extracted compensation and scale fields are rechecked,validation_failed,sources/native/form990/202631959349301758_public.xml,8d10400f52532f44687434df0ec7647a6c544c4a712246aeb8a4e9f43250b55e,78465,2026-08-27T18:34:14+00:00,extracted 202631959349301758_public.xml from https://apps.irs.gov/pub/epostcard/990/xml/2026/2026_TEOS_XML_07A.zip
SRC-990-EXT-TECHCONGRESS,TechCongress,form990,yes,https://apps.irs.gov/pub/epostcard/990/xml/2026/202621959349301032_public.xml,https://projects.propublica.org/nonprofits/organizations/811839685,https://projects.propublica.org/nonprofits/download-xml?object_id=202621959349301032,official IRS e-file XML,sources/native/form990/202621959349301032_public.xml,xml,10000,81-1839685,202621959349301032,2025-01-01,2025-12-31,primary,well-formed XML; EIN and tax-period end must match; extracted compensation and scale fields are rechecked,validation_failed,sources/native/form990/202621959349301032_public.xml,d099788d15d21650dd2e09b3516098d5260218196839a24863dc3b1446631438,34531,2026-08-27T18:34:14+00:00,extracted 202621959349301032_public.xml from https://apps.irs.gov/pub/epostcard/990/xml/2026/2026_TEOS_XML_07A.zip
SRC-990-EXT-TECHNICAL-ASSISTANCE-COLLABORATIVE,Technical Assistance Collaborative,form990,yes,https://apps.irs.gov/pub/epostcard/990/xml/2025/202500629349300740_public.xml,https://projects.propublica.org/nonprofits/organizations/223181028,https://projects.propublica.org/nonprofits/download-xml?object_id=202500629349300740,official IRS e-file XML,sources/native/form990/202500629349300740_public.xml,xml,10000,22-3181028,202500629349300740,2023-07-01,2024-06-30,primary_older_clean,well-formed XML; EIN and tax-period end must match; extracted compensation and scale fields are rechecked,validation_failed,sources/native/form990/202500629349300740_public.xml,6a7c347dbea903ecfbd579f8360e44fbf66e89d1123cdc51ae2ea863fc942f8a,73913,2026-08-27T18:33:46+00:00,extracted 202500629349300740_public.xml from https://apps.irs.gov/pub/epostcard/990/xml/2025/2025_TEOS_XML_03A.zip
SRC-990-EXT-THE-HUMANE-LEAGUE,The Humane League,form990,yes,https://apps.irs.gov/pub/epostcard/990/xml/2025/202512489349301801_public.xml,https://projects.propublica.org/nonprofits/organizations/043817491,https://projects.propublica.org/nonprofits/download-xml?object_id=202512489349301801,official IRS e-file XML,sources/native/form990/202512489349301801_public.xml,xml,10000,04-3817491,202512489349301801,2024-01-01,2024-12-31,primary_with_structure_flag,well-formed XML; EIN and tax-period end must match; extracted compensation and scale fields are rechecked,validation_failed,sources/native/form990/202512489349301801_public.xml,34c80362d17e214c8a340715724179ac6708ed52252d4517c7ac03b7d05708c7,85958,2026-08-27T18:33:53+00:00,extracted 202512489349301801_public.xml from https://apps.irs.gov/pub/epostcard/990/xml/2025/2025_TEOS_XML_09A.zip
SRC-990-EXT-THE-SENTENCING-PROJECT,The Sentencing Project,form990,yes,https://apps.irs.gov/pub/epostcard/990/xml/2025/202522829349301367_public.xml,https://projects.propublica.org/nonprofits/organizations/521472546,https://projects.propublica.org/nonprofits/download-xml?object_id=202522829349301367,official IRS e-file XML,sources/native/form990/202522829349301367_public.xml,xml,10000,52-1472546,202522829349301367,2024-01-01,2024-12-31,primary,well-formed XML; EIN and tax-period end must match; extracted compensation and scale fields are rechecked,validation_failed,sources/native/form990/202522829349301367_public.xml,b8f9c695d551a3d4b6d23f92ed0f34f8d6888b3e0c680e152c837deeab6b9818,77763,2026-08-27T18:34:05+00:00,extracted 202522829349301367_public.xml from https://apps.irs.gov/pub/epostcard/990/xml/2025/2025_TEOS_XML_11D.zip
SRC-990-EXT-THIRD-WAY-INSTITUTE,Third Way Institute,form990,yes,https://apps.irs.gov/pub/epostcard/990/xml/2025/202543159349301669_public.xml,https://projects.propublica.org/nonprofits/organizations/260535276,https://projects.propublica.org/nonprofits/download-xml?object_id=202543159349301669,official IRS e-file XML,sources/native/form990/202543159349301669_public.xml,xml,10000,26-0535276,202543159349301669,2024-01-01,2024-12-31,primary_with_structure_flag,well-formed XML; EIN and tax-period end must match; extracted compensation and scale fields are rechecked,validation_failed,sources/native/form990/202543159349301669_public.xml,be99f3d085fb31416e61ad0ced379bccc12dc8b2827409f2360d1cd33b5d0126,49988,2026-08-27T18:36:16+00:00,extracted 202543159349301669_public.xml from https://apps.irs.gov/pub/epostcard/990/xml/2025/2025_TEOS_XML_11B.zip
SRC-990-EXT-VERA-INSTITUTE-OF-JUSTICE,Vera Institute of Justice,form990,yes,https://apps.irs.gov/pub/epostcard/990/xml/2026/202631359349314463_public.xml,https://projects.propublica.org/nonprofits/organizations/131941627,https://projects.propublica.org/nonprofits/download-xml?object_id=202631359349314463,official IRS e-file XML,sources/native/form990/202631359349314463_public.xml,xml,10000,13-1941627,202631359349314463,2024-07-01,2025-06-30,primary_with_structure_flag,well-formed XML; EIN and tax-period end must match; extracted compensation and scale fields are rechecked,validation_failed,sources/native/form990/202631359349314463_public.xml,6851d09e78d781d6c4024aeb93c747c20767dbf8bb8819d4af6a9822713184b7,116769,2026-08-27T18:37:54+00:00,extracted 202631359349314463_public.xml from https://apps.irs.gov/pub/epostcard/990/xml/2026/2026_TEOS_XML_05B.zip
SRC-990-EXT-VILLAGE-ENTERPRISE,Village Enterprise,form990,yes,https://apps.irs.gov/pub/epostcard/990/xml/2026/202631359349301128_public.xml,https://projects.propublica.org/nonprofits/organizations/222852248,https://projects.propublica.org/nonprofits/download-xml?object_id=202631359349301128,official IRS e-file XML,sources/native/form990/202631359349301128_public.xml,xml,10000,22-2852248,202631359349301128,2024-07-01,2025-06-30,primary_with_structure_flag,well-formed XML; EIN and tax-period end must match; extracted compensation and scale fields are rechecked,validation_failed,sources/native/form990/202631359349301128_public.xml,5678619360723d5b69f33fed575659c4da05476e14be3a0ca00423b255a2c340,68971,2026-08-27T18:37:54+00:00,extracted 202631359349301128_public.xml from https://apps.irs.gov/pub/epostcard/990/xml/2026/2026_TEOS_XML_05B.zip
SRC-990-EXT-VILLAGEREACH,VillageReach,form990,yes,https://apps.irs.gov/pub/epostcard/990/xml/2025/202512199349301336_public.xml,https://projects.propublica.org/nonprofits/organizations/912083484,https://projects.propublica.org/nonprofits/download-xml?object_id=202512199349301336,official IRS e-file XML,sources/native/form990/202512199349301336_public.xml,xml,10000,91-2083484,202512199349301336,2023-10-01,2024-09-30,primary_with_structure_flag,well-formed XML; EIN and tax-period end must match; extracted compensation and scale fields are rechecked,validation_failed,sources/native/form990/202512199349301336_public.xml,c5dab710dd25e83cbeda534650ca94764b0ff9873841c33b606205762e8c3ec3,88839,2026-08-27T18:33:52+00:00,extracted 202512199349301336_public.xml from https://apps.irs.gov/pub/epostcard/990/xml/2025/2025_TEOS_XML_08A.zip
SRC-990-EXT3-WATTTIME,WattTime,form990,yes,https://apps.irs.gov/pub/epostcard/990/xml/2026/202620979349301707_public.xml,https://projects.propublica.org/nonprofits/organizations/471444637,https://projects.propublica.org/nonprofits/download-xml?object_id=202620979349301707,official IRS e-file XML,sources/native/form990/202620979349301707_public.xml,xml,10000,47-1444637,202620979349301707,2024-07-01,2025-06-30,excluded_measurement,well-formed XML; EIN and tax-period end must match; extracted compensation and scale fields are rechecked,present_verified_source_native,sources/native/form990/202620979349301707_public.xml,a81b139be39f9f6df3452ac49e0559a9bcda85e3e193da439af7b889278e5fbc,56824,2026-08-27T18:34:10+00:00,extracted 202620979349301707_public.xml from https://apps.irs.gov/pub/epostcard/990/xml/2026/2026_TEOS_XML_04A.zip
SRC-990-EXT-WILD-ANIMAL-INITIATIVE,Wild Animal Initiative,form990,yes,https://apps.irs.gov/pub/epostcard/990/xml/2025/202532319349300913_public.xml,https://projects.propublica.org/nonprofits/organizations/822281466,https://projects.propublica.org/nonprofits/download-xml?object_id=202532319349300913,official IRS e-file XML,sources/native/form990/202532319349300913_public.xml,xml,10000,82-2281466,202532319349300913,2024-01-01,2024-12-31,primary,well-formed XML; EIN and tax-period end must match; extracted compensation and scale fields are rechecked,present_verified_source_native,sources/native/form990/202532319349300913_public.xml,900c1a5962d784af961c6756674bfc6a391f157b1cde9ece5be433a325fac6b1,38877,2026-08-27T18:33:52+00:00,extracted 202532319349300913_public.xml from https://apps.irs.gov/pub/epostcard/990/xml/2025/2025_TEOS_XML_08A.zip
SRC-990-EXT-WORLD-JUSTICE-PROJECT,World Justice Project,form990,yes,https://apps.irs.gov/pub/epostcard/990/xml/2025/202543089349302129_public.xml,https://projects.propublica.org/nonprofits/organizations/270359097,https://projects.propublica.org/nonprofits/download-xml?object_id=202543089349302129,official IRS e-file XML,sources/native/form990/202543089349302129_public.xml,xml,10000,27-0359097,202543089349302129,2024-01-01,2024-12-31,primary,well-formed XML; EIN and tax-period end must match; extracted compensation and scale fields are rechecked,validation_failed,sources/native/form990/202543089349302129_public.xml,bd8983dc77b95d2f1821aa7fa666912a0a8a4f6c66183bfdcae3290b05985011,72470,2026-08-27T18:36:16+00:00,extracted 202543089349302129_public.xml from https://apps.irs.gov/pub/epostcard/990/xml/2025/2025_TEOS_XML_11B.zip
SRC-990-EXT-IDEAS42,ideas42,form990,yes,https://apps.irs.gov/pub/epostcard/990/xml/2024/202423199349314832_public.xml,https://projects.propublica.org/nonprofits/organizations/271678009,https://projects.propublica.org/nonprofits/download-xml?object_id=202423199349314832,official IRS e-file XML,sources/native/form990/202423199349314832_public.xml,xml,10000,27-1678009,202423199349314832,2023-01-01,2023-12-31,primary_older_clean,well-formed XML; EIN and tax-period end must match; extracted compensation and scale fields are rechecked,validation_failed,sources/native/form990/202423199349314832_public.xml,47bf9d5f2ef4f661c599fb3dfc5d2e241cb1f8fa1b137f575ba6e786ff02c011,99328,2026-08-27T18:33:45+00:00,extracted 2024_TEOS_XML_11A/202423199349314832_public.xml from https://apps.irs.gov/pub/epostcard/990/xml/2024/2024_TEOS_XML_11A.zip
SRC-CANDIDATES-EXT2,Rethink Priorities benchmark,frozen_local_input,yes,,,,frozen analysis input,frozen/extension2_new_candidates_precomp.csv,local,1,,,,,Frozen second-wave new-candidate list,existing local file; byte length and SHA-256 verified,present_verified_local,frozen/extension2_new_candidates_precomp.csv,9ed0ee56e13d29ea571124a8373d39e1d5d2b877d599e410f5c27d3b9ede68a8,31510,not_applicable,local frozen input already present
SRC-CANDIDATES-EXT3,Rethink Priorities benchmark,frozen_local_input,yes,,,,frozen analysis input,frozen/extension3_new_candidates_precomp.csv,local,1,,,,,Frozen third-wave new-candidate list,existing local file; byte length and SHA-256 verified,present_verified_local,frozen/extension3_new_candidates_precomp.csv,b0c04fb1cec71b2496da1d8ade07d74ebf14abc43f11dc7ede81581f3b3316cc,44776,not_applicable,local frozen input already present
SRC-LEGACY-BRIDGE,Rethink Priorities benchmark,frozen_local_input,yes,,,,frozen analysis input,frozen/legacy_original_peer_bridge_precomp.csv,local,1,,,,,Original frozen peer bridge,existing local file; byte length and SHA-256 verified,present_verified_local,frozen/legacy_original_peer_bridge_precomp.csv,ec5924cc4586012f2d1d1f902284954958d31a03bf4578807be399729a255c12,5676,not_applicable,local frozen input already present
SRC-PROTOCOL-EXT2,Rethink Priorities benchmark,frozen_local_input,yes,,,,frozen analysis input,frozen/extension2_protocol_amendment.md,local,1,,,,,Frozen method,existing local file; byte length and SHA-256 verified,present_verified_local,frozen/extension2_protocol_amendment.md,bcfa477a761a54ee0ea99c4a8d969ab440f50a247b54f3b144bf4d7226bb81b2,5062,not_applicable,local frozen input already present
SRC-PROTOCOL-EXT3,Rethink Priorities benchmark,frozen_local_input,yes,,,,frozen analysis input,frozen/extension3_protocol_amendment.md,local,1,,,,,Frozen third-wave method,existing local file; byte length and SHA-256 verified,present_verified_local,frozen/extension3_protocol_amendment.md,c048466b556ea38232fcfbd8ed92745fa9a198706eb2a9a7115041c1b9dea27b,2697,not_applicable,local frozen input already present
SRC-UNIVERSE-EXT2,Rethink Priorities benchmark,frozen_local_input,yes,,,,frozen analysis input,frozen/combined_peer_universe_precomp.csv,local,1,,,,,Frozen second-wave candidate universe,existing local file; byte length and SHA-256 verified,present_verified_local,frozen/combined_peer_universe_precomp.csv,5ab36e39683e2b11f96faabaa39a8994081e13e82425263e45a28bd3f37daeba,179799,not_applicable,local frozen input already present
SRC-UNIVERSE-EXT3,Rethink Priorities benchmark,frozen_local_input,yes,,,,frozen analysis input,frozen/combined_peer_universe_3wave_precomp.csv,local,1,,,,,Frozen three-wave candidate universe,existing local file; byte length and SHA-256 verified,present_verified_local,frozen/combined_peer_universe_3wave_precomp.csv,d84b6c772f8017bd4ddb8a4327012aabe40b6cd25198552558b4018f6c32e4c3,138373,not_applicable,local frozen input already present
SRC-AD-ALLCHICAGO,All Chicago Making Homelessness History,job_ad,yes,https://allchicago.org/,,,discovery result,sources/native/job_ads/src-ad-allchicago.html,pdf_or_html_or_text,500,,,,,no,"source-native artifact; title, organization, salary text, location, and posting date checked where reported",present_verified_source_native,sources/native/job_ads/src-ad-allchicago.html,beb392d2e7f3857896e36a4dd70c06b0029472681cf75d8f7b33c801b6e85aa8,212450,2026-08-27T18:38:02+00:00,downloaded from https://allchicago.org/
SRC-AD-ANDYHILL-2026,Andy Hill Cancer Research Endowment (CARE) Fund,job_ad,yes,https://careers.councilofnonprofits.org/jobs/executive-director-in-bothell-washington-us/,,https://www.wacarefund.org/wp-content/uploads/2026/05/CARE-Fund-Leadership-Profile-FINAL-2026-05.pdf,source-native nonprofit job board cached rendering,sources/native/job_ads/src-ad-andyhill-2026.html,pdf_or_html_or_text,500,,,,,yes,"source-native artifact; title, organization, salary text, location, and posting date checked where reported",present_verified_source_native,sources/native/job_ads/src-ad-andyhill-2026.pdf,ab4a4843adbc21ef60749822ac26e4e2dceac683d118f48f0426b59dba2ee97b,1311559,2026-08-27T18:54:13+00:00,downloaded from https://www.wacarefund.org/wp-content/uploads/2026/05/CARE-Fund-Leadership-Profile-FINAL-2026-05.pdf
SRC-AD-APPLESEED-2026,Appleseed Foundation,job_ad,yes,https://remoteimpact.org/jobs/executive-director-appleseed-foundation/,,,complete third-party copy,sources/native/job_ads/src-ad-appleseed-2026.html,pdf_or_html_or_text,500,,,,,yes,"source-native artifact; title, organization, salary text, location, and posting date checked where reported",present_verified_source_native,sources/native/job_ads/src-ad-appleseed-2026.html,255ab028e61878ea73157e237957a908b052d36954b2f1ae8b2968bc68d32407,87476,2026-08-27T18:38:05+00:00,downloaded from https://remoteimpact.org/jobs/executive-director-appleseed-foundation/
SRC-AD-CSCCE,Center for Scientific Collaboration and Community Engagement,job_ad,yes,https://www.cscce.org/,,,discovery result,sources/native/job_ads/src-ad-cscce.html,pdf_or_html_or_text,500,,,,,no,"source-native artifact; title, organization, salary text, location, and posting date checked where reported",present_verified_source_native,sources/native/job_ads/src-ad-cscce.html,1e41eb60e51d29ac684814a2dca01bdaed2e4548f7851ec59af9d1fc7a69c7ce,110208,2026-08-27T18:38:06+00:00,downloaded from https://www.cscce.org/
SRC-AD-CHAPA-AMBIG,Citizens Housing and Planning Association,job_ad,yes,https://commonwealthbeacon.org/job/citizens-housing-and-planning-association-boston-full-time-chief-executive-officer/,,,complete third-party copy,sources/native/job_ads/src-ad-chapa-ambig.html,pdf_or_html_or_text,500,,,,,sensitivity_only,"source-native artifact; title, organization, salary text, location, and posting date checked where reported",present_verified_source_native,sources/native/job_ads/src-ad-chapa-ambig.html,4d4422b2f9b78d08c4746fa74f12ed820b0142acfc5e43d6211823bc01bc6937,328513,2026-08-27T18:38:07+00:00,downloaded from https://commonwealthbeacon.org/job/citizens-housing-and-planning-association-boston-full-time-chief-executive-officer/
SRC-AD-CETI,Clean Energy Transition Institute,job_ad,yes,https://www.cleanenergytransition.org/,,,discovery result,sources/native/job_ads/src-ad-ceti.html,pdf_or_html_or_text,500,,,,,no,"source-native artifact; title, organization, salary text, location, and posting date checked where reported",validation_failed,sources/native/job_ads/src-ad-ceti.html,fc6ff1a50daf2e6077fc8d9e9862fa820fa13d0a2641710b5350d03aab2ef517,49256,2026-08-27T18:55:01+00:00,downloaded from https://www.cleanenergytransition.org/
SRC-AD-CFL-2026,Community Foundation of Louisville,job_ad,yes,https://pac.org/job/chief-executive-officer-4,,,recruiter complete copy,sources/native/job_ads/src-ad-cfl-2026.html,pdf_or_html_or_text,500,,,,,no,"source-native artifact; title, organization, salary text, location, and posting date checked where reported",present_verified_source_native,sources/native/job_ads/src-ad-cfl-2026.html,07db5a9bf5f323cdaa891a018bcc714780331bf615e46641afa93d708853a7f9,154037,2026-08-27T18:38:10+00:00,downloaded from https://pac.org/job/chief-executive-officer-4
SRC-AD-DRW,Disability Rights Washington,job_ad,yes,https://www.disabilityrightswa.org/,,,discovery result,sources/native/job_ads/src-ad-drw.html,pdf_or_html_or_text,500,,,,,no,"source-native artifact; title, organization, salary text, location, and posting date checked where reported",present_verified_source_native,sources/native/job_ads/src-ad-drw.html,183e10e8b4aa6925813df1c9e1194da5fc032f5400cf02569a9abc3803b89a35,82311,2026-08-27T18:38:10+00:00,downloaded from https://disabilityrightswa.org/
SRC-AD-DREAM-2026,Dream.Org,job_ad,yes,https://www.nonprofitoperations.com/job-submissions/chief-executive-officer-/dream.org-,,https://talents.studysmarter.de/companies/dream-org/chief-executive-officer-37153128/,recruiter/job-board complete copy,sources/native/job_ads/src-ad-dream-2026.html,pdf_or_html_or_text,500,,,,,yes,"source-native artifact; title, organization, salary text, location, and posting date checked where reported",present_verified_source_native,sources/native/job_ads/src-ad-dream-2026.html,f4ec7688470e2cba781f5ab60a02bd7a399d5e6539ed548f5719b8805061d6f1,72176,2026-08-27T18:47:25+00:00,downloaded from https://talents.studysmarter.de/companies/dream-org/chief-executive-officer-37153128/
SRC-AD-ELP-2026,Environmental Leadership Program,job_ad,yes,https://elpnet.org/executive-director-position,,https://drive.usercontent.google.com/download?id=1IK4Fas2N-EeuQiXOL_zLcXWynMCvwO1w&export=download&confirm=t,discovery result,sources/native/job_ads/src-ad-elp-2026.html,pdf_or_html_or_text,500,,,,,yes,"source-native artifact; title, organization, salary text, location, and posting date checked where reported",present_verified_source_native,sources/native/job_ads/src-ad-elp-2026.pdf,9af98447d43173cc04d981a81e034718abf9d63ece16a1a9795697394b118788,190097,2026-08-27T18:47:27+00:00,downloaded from https://drive.usercontent.google.com/download?id=1IK4Fas2N-EeuQiXOL_zLcXWynMCvwO1w&export=download&confirm=t
SRC-AD-FFIS-2026,Federal Funds Information for States,job_ad,yes,https://recruiting.paylocity.com/recruiting/jobs/Details/4336561/Federal-Funds-Information-for-States-Inc/Executive-Director-and-Executive-Editor,https://ffis.org/jobs/,,employer plus source-native ATS copy,sources/native/job_ads/src-ad-ffis-2026.html,pdf_or_html_or_text,500,,,,,yes,"source-native artifact; title, organization, salary text, location, and posting date checked where reported",present_verified_source_native,sources/native/job_ads/src-ad-ffis-2026.html,275a385f7f0cbfd8f931f58a3ee7417081d6089caf0d022f235f69112c96e956,156141,2026-08-27T18:47:27+00:00,downloaded from https://ffis.org/jobs/
SRC-AD-GBWN-2026,Great Basin Water Network,job_ad,yes,https://careers.councilofnonprofits.org/jobs/executive-director-in-reno-nevada-us/,,,source-native nonprofit job board,sources/native/job_ads/src-ad-gbwn-2026.html,pdf_or_html_or_text,500,,,,,yes,"source-native artifact; title, organization, salary text, location, and posting date checked where reported",present_verified_source_native,sources/native/job_ads/src-ad-gbwn-2026.html,302cfa6fd71ffff3b039b5d7be89a2f458bcb88b79b659cfbae3be047571c4df,53321,2026-08-27T18:38:14+00:00,downloaded from https://careers.councilofnonprofits.org/jobs/executive-director-in-reno-nevada-us/
SRC-AD-HAGLEY-2026,Hagley Museum and Library,job_ad,yes,https://www.nonprofitoperations.com/job-submissions/chief-executive-officer-/hagley-museum-and-library-,https://web.archive.org/web/20260308001638id_/https://www.nonprofitoperations.com/job-submissions/chief-executive-officer-/hagley-museum-and-library-,,recruiter/job-board complete copy,sources/native/job_ads/src-ad-hagley-2026.html,pdf_or_html_or_text,500,,,,,yes,"source-native artifact; title, organization, salary text, location, and posting date checked where reported",present_verified_source_native,sources/native/job_ads/src-ad-hagley-2026.html,8f825765705efbba4294ab2d91c494ca66ebe7d7a2053522730ba4ce5445753a,756241,2026-08-27T18:55:02+00:00,downloaded from https://web.archive.org/web/20260308001638id_/https://www.nonprofitoperations.com/job-submissions/chief-executive-officer-/hagley-museum-and-library-
SRC-AD-HCAP-2026,Healthcare Career Advancement Program,job_ad,yes,https://dailyremote.com/remote-job/h-cap-executive-director-4517350,https://careers.arena.run/companies/seiu-2/jobs/66223842-executive-director-h-cap,https://www.tealhq.com/job/h-cap-executive-director_7ea1ab21a65363adca4509721ee5f73ccfd82,complete lawful job-board mirror,sources/native/job_ads/src-ad-hcap-2026.html,pdf_or_html_or_text,500,,,,,yes,"source-native artifact; title, organization, salary text, location, and posting date checked where reported",present_verified_source_native,"sources/native/manual_browser/src-ad-hcap-2026/Executive Director, H-CAP @ SEIU _ Arena Job Board.html",d483e43eb536c6d432bd5a25cd68777c50126c5cb220ace432bbfa9ef4bf0a4c,193352,2026-08-27T20:12:37+00:00,manual browser capture ingested and identity-checked
SRC-AD-INJUSTICEWATCH,Injustice Watch,job_ad,yes,https://www.injusticewatch.org/,,,discovery result,sources/native/job_ads/src-ad-injusticewatch.html,pdf_or_html_or_text,500,,,,,no,"source-native artifact; title, organization, salary text, location, and posting date checked where reported",present_verified_source_native,sources/native/job_ads/src-ad-injusticewatch.html,f03cf36957cba5cb22143155b9b002bca7ae471c8ccbd65cc0d93cb3888185fa,279633,2026-08-27T18:38:18+00:00,downloaded from https://www.injusticewatch.org/
SRC-AD-JOYCEIVY-2026,Joyce Ivy Foundation,job_ad,yes,https://careers.councilofnonprofits.org/jobs/executive-director-joyce-ivy-foundation-remote-in-anywhere/,,,source-native job board,sources/native/job_ads/src-ad-joyceivy-2026.html,pdf_or_html_or_text,500,,,,,sensitivity_only,"source-native artifact; title, organization, salary text, location, and posting date checked where reported",present_verified_source_native,sources/native/job_ads/src-ad-joyceivy-2026.html,9cbb96dfd0176993b04fae59a86b2d5fa47c2b6b658431636dac6029e40c8909,56233,2026-08-27T18:38:18+00:00,downloaded from https://careers.councilofnonprofits.org/jobs/executive-director-joyce-ivy-foundation-remote-in-anywhere/
SRC-AD-MOST-2025,MOST Policy Initiative,job_ad,yes,https://onthinktanks.org/job/executive-director-15/,,,discovery result,sources/native/job_ads/src-ad-most-2025.html,pdf_or_html_or_text,500,,,,,no,"source-native artifact; title, organization, salary text, location, and posting date checked where reported",present_verified_source_native,sources/native/job_ads/src-ad-most-2025.html,4bc8bcf65371ec3eee0c07db653a4b4f8930a04f071a716336b8fc6a6b691822,61273,2026-08-27T18:38:19+00:00,downloaded from https://onthinktanks.org/job/executive-director-15/
SRC-AD-MSI,Marine Science Institute,job_ad,yes,https://potrerogroup.com/sites/default/files/pdfs/Marine%20Science%20Institute%20Executive%20Director%20Profile_0.pdf,https://aeoe.org/Find-a-Job/13574048,https://jobs.schmidtmarine.org/companies/marine-science-institute/jobs/63289854-executive-director,recruiter profile and complete lawful mirrors,sources/native/job_ads/src-ad-msi.pdf,pdf_or_html_or_text,500,,,,,no,"source-native artifact; title, organization, salary text, location, and posting date checked where reported",present_verified_source_native,"sources/native/manual_browser/src-ad-msi/AEOE - Executive Director - Marine Science Institute (Redwood City, CA).html",3ac80d0ba6b8f4e4de50046eea41655ddf5f6c2410c064eedeb16262d995d47b,80526,2026-08-27T20:12:37+00:00,manual browser capture ingested and identity-checked
SRC-AD-NPF,National Press Foundation,job_ad,yes,https://nationalpress.org/,,,discovery result,sources/native/job_ads/src-ad-npf.html,pdf_or_html_or_text,500,,,,,no,"source-native artifact; title, organization, salary text, location, and posting date checked where reported",present_verified_source_native,sources/native/job_ads/src-ad-npf.html,3da9bdc14f646d9635b58c530a4fbe2badd96421a8175091374627f35476a0ce,135173,2026-08-27T18:38:22+00:00,downloaded from https://nationalpress.org/
SRC-AD-NJLCV-2026,New Jersey League of Conservation Voters,job_ad,yes,https://careers.councilofnonprofits.org/jobs/executive-director-and-chief-executive-officer-in-trenton-new-jersey-us/,,https://bebee.com/us/jobs/ceo-executive-director-strategic-environmental-leader-new-jersey-league-of-conservation-voters-trent--jooble--449840193715559840,source-native nonprofit job board cached rendering,sources/native/job_ads/src-ad-njlcv-2026.html,pdf_or_html_or_text,500,,,,,yes,"source-native artifact; title, organization, salary text, location, and posting date checked where reported",present_verified_source_native,sources/native/job_ads/src-ad-njlcv-2026.html,d72ffe33336f68660f9a71d0d0523a7aacf21cc00d12e5206f2f8af414e7d0df,496919,2026-08-27T18:47:30+00:00,downloaded from https://bebee.com/us/jobs/ceo-executive-director-strategic-environmental-leader-new-jersey-league-of-conservation-voters-trent--jooble--449840193715559840
SRC-AD-OVERZERO-2025,Over Zero,job_ad,yes,https://impactopportunity.org/job/7756/executive-director/,,https://network-jobs.democracyfund.org/companies/over-zero/jobs/49760898-executive-director,complete mirror of recruiter posting,sources/native/job_ads/src-ad-overzero-2025.html,pdf_or_html_or_text,500,,,,,sensitivity_only,"source-native artifact; title, organization, salary text, location, and posting date checked where reported",present_verified_source_native,sources/native/job_ads/src-ad-overzero-2025.html,8cfee78a369f00db81c98c8bca7e5ddeb1419f37eb6a279b7e19ad308d85f911,112724,2026-08-27T18:47:32+00:00,downloaded from https://network-jobs.democracyfund.org/companies/over-zero/jobs/49760898-executive-director
SRC-AD-PEAK-2026,PEAK Grantmaking,job_ad,yes,https://nonprofithr.applytojob.com/apply/RQG6pztBvo/President-Chief-Executive-Officer-CEO-PEAK-Grantmaking,,https://www.nonprofithr.com/executive-search-chief-executive-officer-peak-grantmaking/,retained recruiter,sources/native/job_ads/src-ad-peak-2026.html,pdf_or_html_or_text,500,,,,,yes,"source-native artifact; title, organization, salary text, location, and posting date checked where reported",present_verified_source_native,sources/native/job_ads/src-ad-peak-2026.html,7488d441734d3da26f9977bc11da9be85d1e3e6a140b6c32260abe826ed4f2c2,250822,2026-08-27T18:47:33+00:00,downloaded from https://www.nonprofithr.com/executive-search-chief-executive-officer-peak-grantmaking/
SRC-AD-PVARF,Portland VA Research Foundation,job_ad,yes,https://www.pvarf.org/,,,discovery result,sources/native/job_ads/src-ad-pvarf.html,pdf_or_html_or_text,500,,,,,no,"source-native artifact; title, organization, salary text, location, and posting date checked where reported",present_verified_source_native,sources/native/job_ads/src-ad-pvarf.html,836af8f55e298726018da907c1e6606ad31e25335ea9b36449701b627193f735,117308,2026-08-27T18:38:28+00:00,downloaded from https://www.pvarf.org/
SRC-AD-SFEI-2026,San Francisco Estuary Institute,job_ad,yes,https://www.sfei.org/news/sfei-seeks-our-next-executive-director,https://potrerogroup.com/sfei,,employer and retained recruiter,sources/native/job_ads/src-ad-sfei-2026.html,pdf_or_html_or_text,500,,,,,yes,"source-native artifact; title, organization, salary text, location, and posting date checked where reported",present_verified_source_native,sources/native/job_ads/src-ad-sfei-2026.html,ae9b1d727a52aa7e44dd7fc237166a27b517c25c7b546167c0da032c0da0bdc6,61404,2026-08-27T18:38:28+00:00,downloaded from https://www.sfei.org/news/sfei-seeks-our-next-executive-director
SRC-AD-SEATTLEBG,Seattle Botanic Gardens,job_ad,yes,https://botanicgardens.uw.edu/,,,discovery result,sources/native/job_ads/src-ad-seattlebg.html,pdf_or_html_or_text,500,,,,,no,"source-native artifact; title, organization, salary text, location, and posting date checked where reported",present_verified_source_native,sources/native/job_ads/src-ad-seattlebg.html,fa604b0259a52e8f3ccfd1c2f44df064acd267305078f5a11f22b8de5834abec,205058,2026-08-27T18:38:29+00:00,downloaded from https://botanicgardens.uw.edu/
SRC-AD-SNAP,Snap Foundation,job_ad,yes,https://www.snapfoundation.org/,,,discovery result,sources/native/job_ads/src-ad-snap.html,pdf_or_html_or_text,500,,,,,no,"source-native artifact; title, organization, salary text, location, and posting date checked where reported",validation_failed,sources/native/job_ads/src-ad-snap.html,90547acfbae35b6a663798d189a1c8e572a90d62362af2c2e66619ab3c165dfb,27623,2026-08-27T18:54:15+00:00,downloaded from https://www.snapfoundation.org/
SRC-AD-TAC-2026,Technical Assistance Collaborative,job_ad,yes,https://www.nonprofitoperations.com/job-submissions/chief-executive-officer-/technical-assistance-collaborative,,https://eostransitions.applicantpool.com/jobs/1306611,recruiter/job portal,sources/native/job_ads/src-ad-tac-2026.html,pdf_or_html_or_text,500,,,,,yes,"source-native artifact; title, organization, salary text, location, and posting date checked where reported",present_verified_source_native,sources/native/job_ads/src-ad-tac-2026.html,4efb85d27ec2674cfd9ac1c7e000b78256d89096379fd33b862a439a8780f647,56364,2026-08-27T18:54:15+00:00,downloaded from https://eostransitions.applicantpool.com/jobs/1306611
SRC-AD-5GYRES-2026,The 5 Gyres Institute,job_ad,yes,https://www.climatechangecareers.com/job/the-5-gyres-institute/remote/executive-director/,,,complete third-party copy,sources/native/job_ads/src-ad-5gyres-2026.html,pdf_or_html_or_text,500,,,,,yes,"source-native artifact; title, organization, salary text, location, and posting date checked where reported",present_verified_source_native,sources/native/job_ads/src-ad-5gyres-2026.html,cc99cb4fddd39fe8ebcd1d8e9c950fb6ace281372da9453b9cb5d231675ef8b4,385586,2026-08-27T18:38:32+00:00,downloaded from https://www.climatechangecareers.com/job/the-5-gyres-institute/remote/executive-director/
SRC-AD-CLIMATE-2026,The Climate Center,job_ad,yes,https://www.abfe.org/jobs/chief-executive-officer-climate-center,,https://web.archive.org/web/20260408081339id_/https://the360group.us/TCC_CEO_PD.pdf,source-native job-board copy linking retained recruiter PDF,sources/native/job_ads/src-ad-climate-2026.html,pdf_or_html_or_text,500,,,,,yes,"source-native artifact; title, organization, salary text, location, and posting date checked where reported",present_verified_source_native,sources/native/job_ads/src-ad-climate-2026.pdf,d00d859832e37e241be38f5d54d90559a4fc3fdc13b8629fa1d0d0d250486e22,267144,2026-08-27T18:50:02+00:00,downloaded from https://web.archive.org/web/20260408081339id_/https://the360group.us/TCC_CEO_PD.pdf
SRC-AD-CHF-2026,The Colorado Health Foundation,job_ad,yes,https://www.nonprofitoperations.com/job-submissions/chief-executive-officer-/the-colorado-health-foundation-,,,recruiter/job-board complete copy,sources/native/job_ads/src-ad-chf-2026.html,pdf_or_html_or_text,500,,,,,no,"source-native artifact; title, organization, salary text, location, and posting date checked where reported",present_verified_source_native,"sources/native/manual_browser/src-ad-chf-2026/Chief Executive Officer , The Colorado Health Foundation.html",d9b8bd5f212fd332f28866b469e2d0a84b40bc357306b45dcd1ac88dff08e166,782552,2026-08-27T20:12:37+00:00,manual browser capture ingested and identity-checked
SRC-AD-LEADERSTRUST-2026,The LeadersTrust,job_ad,yes,https://theleaderstrust.org/now-hiring-executive-director/,,,employer,sources/native/job_ads/src-ad-leaderstrust-2026.html,pdf_or_html_or_text,500,,,,,yes,"source-native artifact; title, organization, salary text, location, and posting date checked where reported",present_verified_source_native,sources/native/job_ads/src-ad-leaderstrust-2026.html,9f37b4b90ef7e57b0841a6d33e176a1ef2db6f59c6f2a1cf78932a06d79f4ace,222063,2026-08-27T18:38:35+00:00,downloaded from https://theleaderstrust.org/now-hiring-executive-director/
SRC-AD-WILLIAMS,Williams Institute at UCLA,job_ad,yes,https://williamsinstitute.law.ucla.edu/,,,discovery result,sources/native/job_ads/src-ad-williams.html,pdf_or_html_or_text,500,,,,,no,"source-native artifact; title, organization, salary text, location, and posting date checked where reported",present_verified_source_native,sources/native/job_ads/src-ad-williams.html,9d52dc88bfe7edd77d7f157b6232c375400b4fc9c91f42083b27bffc08f8e4fd,113052,2026-08-27T18:47:35+00:00,downloaded from https://williamsinstitute.law.ucla.edu/
SRC-PEER-AI-OBJECTIVES-INSTITUTE,AI Objectives Institute,supporting_web_source,yes,https://www.causeiq.com/organizations/ai-objectives-institute%2C873870371/,,,"Public Form 990 rendering, organization profile, or filing-derived scale record",sources/native/supporting/src-peer-ai-objectives-institute.html,pdf_or_html_or_text,500,87-3870371,,,,Peer selection and scale profile,"source-native artifact; MIME, byte length, checksum, URL, and retrieval metadata verified",present_verified_source_native,sources/native/supporting/src-peer-ai-objectives-institute.html,5cf8a37eaa3980b92ce1de725bfd3cbfabc41f42583d6becd2341ae6e3b49533,164076,2026-08-27T18:38:41+00:00,downloaded from https://www.causeiq.com/organizations/ai-objectives-institute%2C873870371/
SRC-PEER-ALLIANCE-TO-FEED-THE-EARTH-IN-DISASTERS,Alliance to Feed the Earth in Disasters,supporting_web_source,yes,https://www.causeiq.com/organizations/allfed-institute%2C831717756/,,,"Public Form 990 rendering, organization profile, or filing-derived scale record",sources/native/supporting/src-peer-alliance-to-feed-the-earth-in-disasters.html,pdf_or_html_or_text,500,83-1717756,,,,Peer selection and scale profile,"source-native artifact; MIME, byte length, checksum, URL, and retrieval metadata verified",present_verified_source_native,sources/native/supporting/src-peer-alliance-to-feed-the-earth-in-disasters.html,be39f2fb80ef358f6e7c43aa045207d9bab9a7c66d8d2722c3a93a0ada9d9276,162005,2026-08-27T18:38:41+00:00,downloaded from https://www.causeiq.com/organizations/allfed-institute%2C831717756/
SRC-PEER-AMERICAN-IMMIGRATION-COUNCIL,American Immigration Council,supporting_web_source,yes,https://projects.propublica.org/nonprofits/organizations/521549711,,,"Public Form 990 rendering, organization profile, or filing-derived scale record",sources/native/supporting/src-peer-american-immigration-council.html,pdf_or_html_or_text,500,52-1549711,,,2024.0,Peer selection and scale profile,"source-native artifact; MIME, byte length, checksum, URL, and retrieval metadata verified",present_verified_source_native,sources/native/supporting/src-peer-american-immigration-council.html,a58c943e86a3932758a59da13dfe223d86edde8a65ecea7833876e734d81a40b,321607,2026-08-27T18:38:42+00:00,downloaded from https://projects.propublica.org/nonprofits/organizations/521549711
SRC-PEER-AMERICAN-SECURITY-PROJECT,American Security Project,supporting_web_source,yes,https://projects.propublica.org/nonprofits/organizations/204079553,,,"Public Form 990 rendering, organization profile, or filing-derived scale record",sources/native/supporting/src-peer-american-security-project.html,pdf_or_html_or_text,500,20-4079553,,,2024.0,Peer selection and scale profile,"source-native artifact; MIME, byte length, checksum, URL, and retrieval metadata verified",present_verified_source_native,sources/native/supporting/src-peer-american-security-project.html,3bdf33c56a149f4b2d0b2759b43cf454eee26e759cd58abb6f4bff9ad0cf9ce9,315556,2026-08-27T18:38:44+00:00,downloaded from https://projects.propublica.org/nonprofits/organizations/204079553
SRC-990-ACE-2024,Animal Charity Evaluators,supporting_web_source,yes,https://projects.propublica.org/nonprofits/organizations/364684978,,,official filing via IRS; browser rendering via ProPublica where available,sources/native/supporting/src-990-ace-2024.html,pdf_or_html_or_text,500,36-4684978,not captured,,2024-04-01 to 2025-03-31,Form 990 filing-derived snapshot,"source-native artifact; MIME, byte length, checksum, URL, and retrieval metadata verified",present_verified_source_native,sources/native/supporting/src-990-ace-2024.html,fc16037a00012375fae9c07d49c8b614a2ab0d89ab425a011dffdccd34e9f484,180775,2026-08-27T18:38:44+00:00,downloaded from https://projects.propublica.org/nonprofits/organizations/364684978
SRC-PEER-ANIMAL-EQUALITY,Animal Equality,supporting_web_source,yes,https://www.causeiq.com/organizations/animal-equality%2C472420444/,,,"Public Form 990 rendering, organization profile, or filing-derived scale record",sources/native/supporting/src-peer-animal-equality.html,pdf_or_html_or_text,500,47-2420444,,,,Peer selection and scale profile,"source-native artifact; MIME, byte length, checksum, URL, and retrieval metadata verified",present_verified_source_native,sources/native/supporting/src-peer-animal-equality.html,219e2859d6cb49d82fe2064ac7e8d78aa31f44194257f76853d5483a0be25507,166998,2026-08-27T18:38:44+00:00,downloaded from https://www.causeiq.com/organizations/animal-equality%2C472420444/
SRC-PEER-ANIMAL-LEGAL-DEFENSE-FUND,Animal Legal Defense Fund,supporting_web_source,yes,https://www.causeiq.com/organizations/animal-legal-defense-fund%2C942681680/,,,"Public Form 990 rendering, organization profile, or filing-derived scale record",sources/native/supporting/src-peer-animal-legal-defense-fund.html,pdf_or_html_or_text,500,94-2681680,,,2024.0,Peer selection and scale profile,"source-native artifact; MIME, byte length, checksum, URL, and retrieval metadata verified",present_verified_source_native,sources/native/supporting/src-peer-animal-legal-defense-fund.html,4e352128bc2be4d58e6348791543c1c46e06377e9839598fdb5a908e6b8b15e9,170760,2026-08-27T18:38:44+00:00,downloaded from https://www.causeiq.com/organizations/animal-legal-defense-fund%2C942681680/
SRC-PEER-ANIMAL-WELFARE-INSTITUTE,Animal Welfare Institute,supporting_web_source,yes,https://www.causeiq.com/organizations/animal-welfare-institute%2C135655952/,,,"Public Form 990 rendering, organization profile, or filing-derived scale record",sources/native/supporting/src-peer-animal-welfare-institute.html,pdf_or_html_or_text,500,13-5655952,,,2024.0,Peer selection and scale profile,"source-native artifact; MIME, byte length, checksum, URL, and retrieval metadata verified",present_verified_source_native,sources/native/supporting/src-peer-animal-welfare-institute.html,1cadd537634752d50c13a091c395bfff71485cf8f106ecb6a1bbaefd7a5d76fb,166924,2026-08-27T18:38:45+00:00,downloaded from https://www.causeiq.com/organizations/animal-welfare-institute%2C135655952/
SRC-PEER-AQUATIC-LIFE-INSTITUTE,Aquatic Life Institute,supporting_web_source,yes,https://www.causeiq.com/organizations/aquatic-life-institute%2C873020380/,,,"Public Form 990 rendering, organization profile, or filing-derived scale record",sources/native/supporting/src-peer-aquatic-life-institute.html,pdf_or_html_or_text,500,87-3020380,,,,Peer selection and scale profile,"source-native artifact; MIME, byte length, checksum, URL, and retrieval metadata verified",present_verified_source_native,sources/native/supporting/src-peer-aquatic-life-institute.html,a5ad4fa1509c4d36971cf6e7b1d7bfe5417b73627928e0a714f15eee9bd016c4,161405,2026-08-27T18:38:45+00:00,downloaded from https://www.causeiq.com/organizations/aquatic-life-institute%2C873020380/
SRC-PEER-ARMS-CONTROL-ASSOCIATION,Arms Control Association,supporting_web_source,yes,https://projects.propublica.org/nonprofits/organizations/237124588,,,"Public Form 990 rendering, organization profile, or filing-derived scale record",sources/native/supporting/src-peer-arms-control-association.html,pdf_or_html_or_text,500,23-7124588,,,2024.0,Peer selection and scale profile,"source-native artifact; MIME, byte length, checksum, URL, and retrieval metadata verified",present_verified_source_native,sources/native/supporting/src-peer-arms-control-association.html,0d7df176ccad2ec4c15729650cf92b77187476e8b94f5cfd5c38ab98029b2a75,214403,2026-08-27T18:38:45+00:00,downloaded from https://projects.propublica.org/nonprofits/organizations/237124588
SRC-PEER-BETTER-FOOD-FOUNDATION,Better Food Foundation,supporting_web_source,yes,https://projects.propublica.org/nonprofits/organizations/814537521,,,"Public Form 990 rendering, organization profile, or filing-derived scale record",sources/native/supporting/src-peer-better-food-foundation.html,pdf_or_html_or_text,500,81-4537521,,,2024.0,Peer selection and scale profile,"source-native artifact; MIME, byte length, checksum, URL, and retrieval metadata verified",present_verified_source_native,sources/native/supporting/src-peer-better-food-foundation.html,28743013c4b1bef43832e7ff4cd468ef834c77e089782b4721fd061a3d004edd,115074,2026-08-27T18:38:46+00:00,downloaded from https://projects.propublica.org/nonprofits/organizations/814537521
SRC-PEER-BIPARTISAN-POLICY-CENTER,Bipartisan Policy Center,supporting_web_source,yes,https://projects.propublica.org/nonprofits/organizations/731628382,,,"Public Form 990 rendering, organization profile, or filing-derived scale record",sources/native/supporting/src-peer-bipartisan-policy-center.html,pdf_or_html_or_text,500,73-1628382,,,2024.0,Peer selection and scale profile,"source-native artifact; MIME, byte length, checksum, URL, and retrieval metadata verified",present_verified_source_native,sources/native/supporting/src-peer-bipartisan-policy-center.html,e1cac5fcc0ffd80b745c321a176a4f5ca0b3fd8f601fdb9b13273b0e3971531a,332875,2026-08-27T18:38:46+00:00,downloaded from https://projects.propublica.org/nonprofits/organizations/731628382
SRC-PEER-BREAKTHROUGH-INSTITUTE,Breakthrough Institute,supporting_web_source,yes,https://projects.propublica.org/nonprofits/organizations/814526660,,,"Public Form 990 rendering, organization profile, or filing-derived scale record",sources/native/supporting/src-peer-breakthrough-institute.html,pdf_or_html_or_text,500,81-4526660,,,2025.0,Peer selection and scale profile,"source-native artifact; MIME, byte length, checksum, URL, and retrieval metadata verified",present_verified_source_native,sources/native/supporting/src-peer-breakthrough-institute.html,6b993d2278c1729c3fbb82d1914494acd877c80f794f867278dd8ef6bbbb8c13,176671,2026-08-27T18:38:46+00:00,downloaded from https://projects.propublica.org/nonprofits/organizations/814526660
SRC-PEER-BULLETIN-OF-THE-ATOMIC-SCIENTISTS,Bulletin of the Atomic Scientists,supporting_web_source,yes,https://www.causeiq.com/organizations/bulletin-of-the-atomic-scientists%2C362136497/,,,"Public Form 990 rendering, organization profile, or filing-derived scale record",sources/native/supporting/src-peer-bulletin-of-the-atomic-scientists.html,pdf_or_html_or_text,500,36-2136497,,,2024.0,Peer selection and scale profile,"source-native artifact; MIME, byte length, checksum, URL, and retrieval metadata verified",present_verified_source_native,sources/native/supporting/src-peer-bulletin-of-the-atomic-scientists.html,52b08dcfd1215d27a0c51b98771a8b092bbf5d1fe8a24d43fdbb446463128257,163236,2026-08-27T18:38:46+00:00,downloaded from https://www.causeiq.com/organizations/bulletin-of-the-atomic-scientists%2C362136497/
SRC-PEER-CANDID,Candid,supporting_web_source,yes,https://projects.propublica.org/nonprofits/organizations/131837418,,,"Public Form 990 rendering, organization profile, or filing-derived scale record",sources/native/supporting/src-peer-candid.html,pdf_or_html_or_text,500,13-1837418,,,,Peer selection and scale profile,"source-native artifact; MIME, byte length, checksum, URL, and retrieval metadata verified",present_verified_source_native,sources/native/supporting/src-peer-candid.html,f866239dd6586de314d27c602b12e7d23f5a6ebf358de6a67ab4e7f8fa473c6f,336692,2026-08-27T18:38:47+00:00,downloaded from https://projects.propublica.org/nonprofits/organizations/131837418
SRC-PEER-CARBON-MAPPER,Carbon Mapper,supporting_web_source,yes,https://projects.propublica.org/nonprofits/organizations/853149996,,,"Public Form 990 rendering, organization profile, or filing-derived scale record",sources/native/supporting/src-peer-carbon-mapper.html,pdf_or_html_or_text,500,85-3149996,,,2024.0,Peer selection and scale profile,"source-native artifact; MIME, byte length, checksum, URL, and retrieval metadata verified",present_verified_source_native,sources/native/supporting/src-peer-carbon-mapper.html,96883a1c9145575041759a0a06ac6c641182f09c1fed6b1dd2f607248645cd81,104414,2026-08-27T18:38:47+00:00,downloaded from https://projects.propublica.org/nonprofits/organizations/853149996
SRC-PEER-CENTER-FOR-AI-POLICY,Center for AI Policy,supporting_web_source,yes,https://www.causeiq.com/organizations/center-for-ai-policy%2C932050941/,,,"Public Form 990 rendering, organization profile, or filing-derived scale record",sources/native/supporting/src-peer-center-for-ai-policy.html,pdf_or_html_or_text,500,93-2050941,,,,Peer selection and scale profile,"source-native artifact; MIME, byte length, checksum, URL, and retrieval metadata verified",present_verified_source_native,sources/native/supporting/src-peer-center-for-ai-policy.html,f6add8f03076f1519206275419c51f8ecb947360823ad8c600dd63345db61e81,146926,2026-08-27T18:38:47+00:00,downloaded from https://www.causeiq.com/organizations/center-for-ai-policy%2C932050941/
SRC-PEER-CENTER-FOR-AI-SAFETY,Center for AI Safety,supporting_web_source,yes,https://www.causeiq.com/organizations/center-for-artificial-intelligence-safety%2C881751310/,,,"Public Form 990 rendering, organization profile, or filing-derived scale record",sources/native/supporting/src-peer-center-for-ai-safety.html,pdf_or_html_or_text,500,88-1751310,,,2024.0,Peer selection and scale profile,"source-native artifact; MIME, byte length, checksum, URL, and retrieval metadata verified",present_verified_source_native,sources/native/supporting/src-peer-center-for-ai-safety.html,5a1678cabcd04904ca493b208e975724c8e563b9c41d8c2013fb6a2020a1654b,166780,2026-08-27T18:38:47+00:00,downloaded from https://www.causeiq.com/organizations/center-for-artificial-intelligence-safety%2C881751310/
SRC-PEER-CENTER-FOR-ARMS-CONTROL-AND-NON-PROLIFERATION,Center for Arms Control and Non-Proliferation,supporting_web_source,yes,https://projects.propublica.org/nonprofits/organizations/42693322,,,"Public Form 990 rendering, organization profile, or filing-derived scale record",sources/native/supporting/src-peer-center-for-arms-control-and-non-proliferation.html,pdf_or_html_or_text,500,04-2693322,,,2024.0,Peer selection and scale profile,"source-native artifact; MIME, byte length, checksum, URL, and retrieval metadata verified",present_verified_source_native,sources/native/supporting/src-peer-center-for-arms-control-and-non-proliferation.html,c8e8568b009e4d97afcad935d9cada00c3b8df8ded2f744c3b10b57f259ccbde,230743,2026-08-27T18:38:48+00:00,downloaded from https://projects.propublica.org/nonprofits/organizations/42693322
SRC-PEER-CENTER-FOR-CLIMATE-AND-ENERGY-SOLUTIONS,Center for Climate and Energy Solutions,supporting_web_source,yes,https://projects.propublica.org/nonprofits/organizations/541892252,,,"Public Form 990 rendering, organization profile, or filing-derived scale record",sources/native/supporting/src-peer-center-for-climate-and-energy-solutions.html,pdf_or_html_or_text,500,54-1892252,,,2024.0,Peer selection and scale profile,"source-native artifact; MIME, byte length, checksum, URL, and retrieval metadata verified",present_verified_source_native,sources/native/supporting/src-peer-center-for-climate-and-energy-solutions.html,4bc45bfb6301fb145e3aa001b3fec8a9c058013ec8f4e9f6b501b439fc794b5a,280976,2026-08-27T18:38:49+00:00,downloaded from https://projects.propublica.org/nonprofits/organizations/541892252
SRC-990-CDT-2024,Center for Democracy & Technology,supporting_web_source,yes,https://apps.irs.gov/pub/epostcard/990/xml/2025/202533219349301933_public.xml,https://projects.propublica.org/nonprofits/organizations/521905358,,official filing via IRS; browser rendering via ProPublica where available,sources/native/supporting/src-990-cdt-2024.xml,pdf_or_html_or_text,500,52-1905358,202533219349301933,,2024-01-01 to 2024-12-31,Form 990 filing-derived snapshot,"source-native artifact; MIME, byte length, checksum, URL, and retrieval metadata verified",present_verified_source_native,sources/native/supporting/src-990-cdt-2024.html,1ca9c47e0eae8f95edee1a74a7c82f43cb18b00a305a758f98da4a27038860e3,273404,2026-08-27T18:38:50+00:00,downloaded from https://projects.propublica.org/nonprofits/organizations/521905358
SRC-PEER-CENTER-FOR-DEMOCRACY-TECHNOLOGY,Center for Democracy & Technology,supporting_web_source,yes,https://www.causeiq.com/organizations/center-for-democracy-and-technology%2C521905358/,,,"Public Form 990 rendering, organization profile, or filing-derived scale record",sources/native/supporting/src-peer-center-for-democracy-technology.html,pdf_or_html_or_text,500,52-1905358,,,2024.0,Peer selection and scale profile,"source-native artifact; MIME, byte length, checksum, URL, and retrieval metadata verified",present_verified_source_native,sources/native/supporting/src-peer-center-for-democracy-technology.html,ec740882c79e11dbb7cd7c9c4f344aebe8a343e85b0861e2a094cf58275936ce,169255,2026-08-27T18:38:50+00:00,downloaded from https://www.causeiq.com/organizations/center-for-democracy-and-technology%2C521905358/
SRC-PEER-CENTER-FOR-EFFECTIVE-PHILANTHROPY,Center for Effective Philanthropy,supporting_web_source,yes,https://projects.propublica.org/nonprofits/organizations/43523528,,,"Public Form 990 rendering, organization profile, or filing-derived scale record",sources/native/supporting/src-peer-center-for-effective-philanthropy.html,pdf_or_html_or_text,500,04-3523528,,,2025.0,Peer selection and scale profile,"source-native artifact; MIME, byte length, checksum, URL, and retrieval metadata verified",present_verified_source_native,sources/native/supporting/src-peer-center-for-effective-philanthropy.html,2ad0a54de2f0e8763095fb06ba291e99667cf4415513611f0e71bd0a86631d67,327715,2026-08-27T18:38:51+00:00,downloaded from https://projects.propublica.org/nonprofits/organizations/43523528
SRC-990-CGD-2024,Center for Global Development,supporting_web_source,yes,https://projects.propublica.org/nonprofits/organizations/522351337,,,official filing via IRS; browser rendering via ProPublica where available,sources/native/supporting/src-990-cgd-2024.html,pdf_or_html_or_text,500,52-2351337,not captured,,2024-01-01 to 2024-12-31,Form 990 filing-derived snapshot,"source-native artifact; MIME, byte length, checksum, URL, and retrieval metadata verified",present_verified_source_native,sources/native/supporting/src-990-cgd-2024.html,e84c5f140f6a71df1dfeb35908ab1feb499db02dcb09436c4effeeaa9fbd4107,293598,2026-08-27T18:38:52+00:00,downloaded from https://projects.propublica.org/nonprofits/organizations/522351337
SRC-PEER-CENTER-FOR-HEALTH-CARE-STRATEGIES,Center for Health Care Strategies,supporting_web_source,yes,https://projects.propublica.org/nonprofits/organizations/223375015,,,"Public Form 990 rendering, organization profile, or filing-derived scale record",sources/native/supporting/src-peer-center-for-health-care-strategies.html,pdf_or_html_or_text,500,22-3375015,,,2024.0,Peer selection and scale profile,"source-native artifact; MIME, byte length, checksum, URL, and retrieval metadata verified",present_verified_source_native,sources/native/supporting/src-peer-center-for-health-care-strategies.html,db058e07a9e027f1ab7882a3a07f5d2fa7a6fb200047232f419c306eda10d20f,271751,2026-08-27T18:38:53+00:00,downloaded from https://projects.propublica.org/nonprofits/organizations/223375015
SRC-PEER-CENTER-FOR-HUMANE-TECHNOLOGY,Center for Humane Technology,supporting_web_source,yes,https://www.causeiq.com/organizations/center-for-humane-technology%2C823492182/,,,"Public Form 990 rendering, organization profile, or filing-derived scale record",sources/native/supporting/src-peer-center-for-humane-technology.html,pdf_or_html_or_text,500,82-3492182,,,,Peer selection and scale profile,"source-native artifact; MIME, byte length, checksum, URL, and retrieval metadata verified",present_verified_source_native,sources/native/supporting/src-peer-center-for-humane-technology.html,d8421dfd09c0fbed3e214cf4d401b097b1618eff998d3eba199d841490b87f5f,165761,2026-08-27T18:38:54+00:00,downloaded from https://www.causeiq.com/organizations/center-for-humane-technology%2C823492182/
SRC-PEER-CENTER-FOR-INTERNATIONAL-POLICY,Center for International Policy,supporting_web_source,yes,https://projects.propublica.org/nonprofits/organizations/521446207,,,"Public Form 990 rendering, organization profile, or filing-derived scale record",sources/native/supporting/src-peer-center-for-international-policy.html,pdf_or_html_or_text,500,52-1446207,,,2024.0,Peer selection and scale profile,"source-native artifact; MIME, byte length, checksum, URL, and retrieval metadata verified",present_verified_source_native,sources/native/supporting/src-peer-center-for-international-policy.html,9affffc782c7783e483284c08b336ecdd43d4f6029160943ca0167550de821fd,274317,2026-08-27T18:38:54+00:00,downloaded from https://projects.propublica.org/nonprofits/organizations/521446207
SRC-PEER-CENTER-FOR-LAW-AND-SOCIAL-POLICY,Center for Law and Social Policy,supporting_web_source,yes,https://www.causeiq.com/organizations/center-for-law-and-social-policy%2C237000150/,,,"Public Form 990 rendering, organization profile, or filing-derived scale record",sources/native/supporting/src-peer-center-for-law-and-social-policy.html,pdf_or_html_or_text,500,23-7000150,,,,Peer selection and scale profile,"source-native artifact; MIME, byte length, checksum, URL, and retrieval metadata verified",present_verified_source_native,sources/native/supporting/src-peer-center-for-law-and-social-policy.html,1153367724c2b7bc9bddc003aecc4df6b18eb0a1ca8d56ed8cd5b77534ccd682,168531,2026-08-27T18:38:54+00:00,downloaded from https://www.causeiq.com/organizations/center-for-law-and-social-policy%2C237000150/
SRC-990-COS-2024,Center for Open Science,supporting_web_source,yes,https://apps.irs.gov/pub/epostcard/990/xml/2025/202513219349318466_public.xml,https://projects.propublica.org/nonprofits/organizations/461496217,,official filing via IRS; browser rendering via ProPublica where available,sources/native/supporting/src-990-cos-2024.xml,pdf_or_html_or_text,500,46-1496217,202513219349318466,,2024-01-01 to 2024-12-31,Form 990 filing-derived snapshot,"source-native artifact; MIME, byte length, checksum, URL, and retrieval metadata verified",present_verified_source_native,sources/native/supporting/src-990-cos-2024.html,1bfd2341babdb0c9999f366e159f8b7684d1cd32b3862227c411957007b1f822,221326,2026-08-27T18:38:56+00:00,downloaded from https://projects.propublica.org/nonprofits/organizations/461496217
SRC-PEER-CENTER-FOR-OPEN-SCIENCE,Center for Open Science,supporting_web_source,yes,https://projects.propublica.org/nonprofits/organizations/461496217,,,"Public Form 990 rendering, organization profile, or filing-derived scale record",sources/native/supporting/src-peer-center-for-open-science.html,pdf_or_html_or_text,500,46-1496217,,,2024.0,Peer selection and scale profile,"source-native artifact; MIME, byte length, checksum, URL, and retrieval metadata verified",present_verified_source_native,sources/native/supporting/src-peer-center-for-open-science.html,1bfd2341babdb0c9999f366e159f8b7684d1cd32b3862227c411957007b1f822,221326,2026-08-27T18:38:56+00:00,downloaded from https://projects.propublica.org/nonprofits/organizations/461496217
SRC-PEER-CENTER-FOR-PUBLIC-INTEGRITY,Center for Public Integrity,supporting_web_source,yes,https://projects.propublica.org/nonprofits/organizations/541512177,,,"Public Form 990 rendering, organization profile, or filing-derived scale record",sources/native/supporting/src-peer-center-for-public-integrity.html,pdf_or_html_or_text,500,54-1512177,,,2023.0,Peer selection and scale profile,"source-native artifact; MIME, byte length, checksum, URL, and retrieval metadata verified",present_verified_source_native,sources/native/supporting/src-peer-center-for-public-integrity.html,202c9e4fcc39c1bbc40ec2c5b3f312976083f028c356ecd64eb8760b455aef0a,301176,2026-08-27T18:38:56+00:00,downloaded from https://projects.propublica.org/nonprofits/organizations/541512177
SRC-PEER-CENTER-FOR-A-NEW-AMERICAN-SECURITY,Center for a New American Security,supporting_web_source,yes,https://projects.propublica.org/nonprofits/organizations/208084828,,,"Public Form 990 rendering, organization profile, or filing-derived scale record",sources/native/supporting/src-peer-center-for-a-new-american-security.html,pdf_or_html_or_text,500,20-8084828,,,2023.0,Peer selection and scale profile,"source-native artifact; MIME, byte length, checksum, URL, and retrieval metadata verified",present_verified_source_native,sources/native/supporting/src-peer-center-for-a-new-american-security.html,7c1794f60204ef2bc8241f4ff273905a4b4e1728057649fb05646ec982471274,287185,2026-08-27T18:38:58+00:00,downloaded from https://projects.propublica.org/nonprofits/organizations/208084828
SRC-990-CEA,Centre for Effective Altruism / Effective Ventures Foundation USA,supporting_web_source,yes,https://projects.propublica.org/nonprofits/organizations/471988398,,,ProPublica Nonprofit Explorer organization and filing index,sources/native/supporting/src-990-cea.html,pdf_or_html_or_text,500,47-1988398,not established,,to,Entity-resolution and exclusion evidence,"source-native artifact; MIME, byte length, checksum, URL, and retrieval metadata verified",present_verified_source_native,sources/native/manual_browser/src-990-cea/Effective Ventures Foundation Usa - Nonprofit Explorer - ProPublica.html,7b4dcae3d6616aaca1ccc9ebd9f3c241ec07caff23465af42f7b745a247cfb2e,266684,2026-08-27T20:12:37+00:00,manual browser capture ingested and identity-checked
SRC-990-CN-2024,Charity Navigator,supporting_web_source,yes,https://apps.irs.gov/pub/epostcard/990/xml/2026/202640789349301509_public.xml,https://projects.propublica.org/nonprofits/organizations/134148824,,official filing via IRS; browser rendering via ProPublica where available,sources/native/supporting/src-990-cn-2024.xml,pdf_or_html_or_text,500,13-4148824,202640789349301509,,2024-07-01 to 2025-06-30,Form 990 filing-derived snapshot,"source-native artifact; MIME, byte length, checksum, URL, and retrieval metadata verified",present_verified_source_native,sources/native/supporting/src-990-cn-2024.html,22541d887150f9c41c22fdaf1d787c64c471bf80bcccbdc1982774932a63cf27,297833,2026-08-27T18:38:59+00:00,downloaded from https://projects.propublica.org/nonprofits/organizations/134148824
SRC-PEER-CHARITY-NAVIGATOR,Charity Navigator,supporting_web_source,yes,https://projects.propublica.org/nonprofits/organizations/134148824,,,"Public Form 990 rendering, organization profile, or filing-derived scale record",sources/native/supporting/src-peer-charity-navigator.html,pdf_or_html_or_text,500,13-4148824,,,2024.0,Peer selection and scale profile,"source-native artifact; MIME, byte length, checksum, URL, and retrieval metadata verified",present_verified_source_native,sources/native/supporting/src-peer-charity-navigator.html,22541d887150f9c41c22fdaf1d787c64c471bf80bcccbdc1982774932a63cf27,297833,2026-08-27T18:38:59+00:00,downloaded from https://projects.propublica.org/nonprofits/organizations/134148824
SRC-PEER-CHARTER-CITIES-INSTITUTE,Charter Cities Institute,supporting_web_source,yes,https://www.causeiq.com/organizations/charter-cities-institute%2C823264419/,,,"Public Form 990 rendering, organization profile, or filing-derived scale record",sources/native/supporting/src-peer-charter-cities-institute.html,pdf_or_html_or_text,500,82-3264419,,,,Peer selection and scale profile,"source-native artifact; MIME, byte length, checksum, URL, and retrieval metadata verified",present_verified_source_native,sources/native/supporting/src-peer-charter-cities-institute.html,16682fbe82593bedae7273f2eef89af62da38a5d668a6a5eb79f2b7a5337e5b2,165749,2026-08-27T18:38:59+00:00,"downloaded from https://www.causeiq.com/organizations/institute-for-innovative-governance-center-for-inn,823264419/"
SRC-PEER-CHICAGO-COUNCIL-ON-GLOBAL-AFFAIRS,Chicago Council on Global Affairs,supporting_web_source,yes,https://projects.propublica.org/nonprofits/organizations/362181969,,,"Public Form 990 rendering, organization profile, or filing-derived scale record",sources/native/supporting/src-peer-chicago-council-on-global-affairs.html,pdf_or_html_or_text,500,36-2181969,,,2024.0,Peer selection and scale profile,"source-native artifact; MIME, byte length, checksum, URL, and retrieval metadata verified",present_verified_source_native,sources/native/supporting/src-peer-chicago-council-on-global-affairs.html,48add15078cae509e736673c81a008215c77aa213643db4b92bd54e873cc8d00,253143,2026-08-27T18:38:59+00:00,downloaded from https://projects.propublica.org/nonprofits/organizations/362181969
SRC-PEER-CLEAN-AIR-TASK-FORCE,Clean Air Task Force,supporting_web_source,yes,https://projects.propublica.org/nonprofits/organizations/043512550,,,"Public Form 990 rendering, organization profile, or filing-derived scale record",sources/native/supporting/src-peer-clean-air-task-force.html,pdf_or_html_or_text,500,04-3512550,,,2024.0,Peer selection and scale profile,"source-native artifact; MIME, byte length, checksum, URL, and retrieval metadata verified",present_verified_source_native,sources/native/supporting/src-peer-clean-air-task-force.html,a533081093646d7b8ee29774a391505590512f7a2c145aeea99e3990f816701a,306627,2026-08-27T18:39:02+00:00,downloaded from https://projects.propublica.org/nonprofits/organizations/43512550
SRC-PEER-CLIMATE-CENTRAL,Climate Central,supporting_web_source,yes,https://projects.propublica.org/nonprofits/organizations/261797336,,,"Public Form 990 rendering, organization profile, or filing-derived scale record",sources/native/supporting/src-peer-climate-central.html,pdf_or_html_or_text,500,26-1797336,,,2025.0,Peer selection and scale profile,"source-native artifact; MIME, byte length, checksum, URL, and retrieval metadata verified",present_verified_source_native,sources/native/supporting/src-peer-climate-central.html,cb552ffd268bf0593ee388d4b20803749fb33cea46896f0a4a64c4fb199d40ad,304339,2026-08-27T18:39:02+00:00,downloaded from https://projects.propublica.org/nonprofits/organizations/261797336
SRC-PEER-CODE-FOR-SCIENCE-SOCIETY,Code for Science & Society,supporting_web_source,yes,https://www.causeiq.com/organizations/code-for-science-and-society%2C813791683/,,,"Public Form 990 rendering, organization profile, or filing-derived scale record",sources/native/supporting/src-peer-code-for-science-society.html,pdf_or_html_or_text,500,81-3791683,,,2024.0,Peer selection and scale profile,"source-native artifact; MIME, byte length, checksum, URL, and retrieval metadata verified",present_verified_source_native,sources/native/supporting/src-peer-code-for-science-society.html,cfaa2e928eca385ee9bc819a9afd3f30f4850217eab711e144b723f46aaebf4f,166349,2026-08-27T18:39:02+00:00,downloaded from https://www.causeiq.com/organizations/code-for-science-and-society%2C813791683/
SRC-PEER-COMMITTEE-FOR-A-RESPONSIBLE-FEDERAL-BUDGET,Committee for a Responsible Federal Budget,supporting_web_source,yes,https://projects.propublica.org/nonprofits/organizations/521231278,,,"Public Form 990 rendering, organization profile, or filing-derived scale record",sources/native/supporting/src-peer-committee-for-a-responsible-federal-budget.html,pdf_or_html_or_text,500,52-1231278,,,2025.0,Peer selection and scale profile,"source-native artifact; MIME, byte length, checksum, URL, and retrieval metadata verified",present_verified_source_native,sources/native/supporting/src-peer-committee-for-a-responsible-federal-budget.html,dddde08c955cd3048f738bc8f0cf612cfc4731403ac5e066108980975b218508,309867,2026-08-27T18:39:03+00:00,downloaded from https://projects.propublica.org/nonprofits/organizations/521231278
SRC-PEER-COMPASSION-IN-WORLD-FARMING-USA,Compassion in World Farming USA,supporting_web_source,yes,https://www.causeiq.com/organizations/compassion-in-world-farming%2C461822635/,,,"Public Form 990 rendering, organization profile, or filing-derived scale record",sources/native/supporting/src-peer-compassion-in-world-farming-usa.html,pdf_or_html_or_text,500,46-1822635,,,,Peer selection and scale profile,"source-native artifact; MIME, byte length, checksum, URL, and retrieval metadata verified",present_verified_source_native,sources/native/supporting/src-peer-compassion-in-world-farming-usa.html,73717ec16f49290444281b03fa0456bcd2db4597300ca03188c8e00eaf158e31,163217,2026-08-27T18:39:03+00:00,downloaded from https://www.causeiq.com/organizations/compassion-in-world-farming%2C461822635/
SRC-PEER-COUNCIL-ON-STRATEGIC-RISKS,Council on Strategic Risks,supporting_web_source,yes,https://www.causeiq.com/organizations/the-council-on-strategic-risks%2C823106472/,,,"Public Form 990 rendering, organization profile, or filing-derived scale record",sources/native/supporting/src-peer-council-on-strategic-risks.html,pdf_or_html_or_text,500,82-3106472,,,2025.0,Peer selection and scale profile,"source-native artifact; MIME, byte length, checksum, URL, and retrieval metadata verified",present_verified_source_native,sources/native/supporting/src-peer-council-on-strategic-risks.html,af43378713423b4f8ac4315c731dc5e61ad28e521bfa940e326ede6bccc18916,164260,2026-08-27T18:39:03+00:00,downloaded from https://www.causeiq.com/organizations/the-council-on-strategic-risks%2C823106472/
SRC-PEER-CREATIVE-COMMONS,Creative Commons,supporting_web_source,yes,https://projects.propublica.org/nonprofits/organizations/043585301,,,"Public Form 990 rendering, organization profile, or filing-derived scale record",sources/native/supporting/src-peer-creative-commons.html,pdf_or_html_or_text,500,04-3585301,,,2024.0,Peer selection and scale profile,"source-native artifact; MIME, byte length, checksum, URL, and retrieval metadata verified",present_verified_source_native,sources/native/supporting/src-peer-creative-commons.html,ab01cdbf7d39e8b45107df2a60926bc9df2fe773fb78f36215f3875d89377ad7,290544,2026-08-27T18:39:04+00:00,downloaded from https://projects.propublica.org/nonprofits/organizations/43585301
SRC-PEER-DATA-QUALITY-CAMPAIGN,Data Quality Campaign,supporting_web_source,yes,https://projects.propublica.org/nonprofits/organizations/274566795,,,"Public Form 990 rendering, organization profile, or filing-derived scale record",sources/native/supporting/src-peer-data-quality-campaign.html,pdf_or_html_or_text,500,27-4566795,,,2024.0,Peer selection and scale profile,"source-native artifact; MIME, byte length, checksum, URL, and retrieval metadata verified",present_verified_source_native,sources/native/supporting/src-peer-data-quality-campaign.html,3368b9aeb0a9db1d4e306685bdadc4009cd2442948228bdad71052955764f07d,258795,2026-08-27T18:39:05+00:00,downloaded from https://projects.propublica.org/nonprofits/organizations/274566795
SRC-PEER-DATAKIND,DataKind,supporting_web_source,yes,https://projects.propublica.org/nonprofits/organizations/464082076,,,"Public Form 990 rendering, organization profile, or filing-derived scale record",sources/native/supporting/src-peer-datakind.html,pdf_or_html_or_text,500,46-4082076,,,2024.0,Peer selection and scale profile,"source-native artifact; MIME, byte length, checksum, URL, and retrieval metadata verified",present_verified_source_native,sources/native/supporting/src-peer-datakind.html,acfe30b5273a106bb6249f2a24d59127f99333741ca7f8a6f971a29304f02130,189144,2026-08-27T18:39:05+00:00,downloaded from https://projects.propublica.org/nonprofits/organizations/464082076
SRC-PEER-DEMOS,Demos,supporting_web_source,yes,https://projects.propublica.org/nonprofits/organizations/134105066,,,"Public Form 990 rendering, organization profile, or filing-derived scale record",sources/native/supporting/src-peer-demos.html,pdf_or_html_or_text,500,13-4105066,,,2024.0,Peer selection and scale profile,"source-native artifact; MIME, byte length, checksum, URL, and retrieval metadata verified",present_verified_source_native,sources/native/supporting/src-peer-demos.html,8c5967116642ae1d60fbd1ced31cc8b7b5a732b11617d66acf8fe7bc2291b80d,324167,2026-08-27T18:39:05+00:00,downloaded from https://projects.propublica.org/nonprofits/organizations/134105066
SRC-PEER-ECONOMIC-INNOVATION-GROUP,Economic Innovation Group,supporting_web_source,yes,https://projects.propublica.org/nonprofits/organizations/462450336,,,"Public Form 990 rendering, organization profile, or filing-derived scale record",sources/native/supporting/src-peer-economic-innovation-group.html,pdf_or_html_or_text,500,46-2450336,,,2024.0,Peer selection and scale profile,"source-native artifact; MIME, byte length, checksum, URL, and retrieval metadata verified",present_verified_source_native,sources/native/supporting/src-peer-economic-innovation-group.html,a339779b6c24f905a6fe680a74cfde30097cd5ca0c793682cdc0535ba230362a,193183,2026-08-27T18:39:06+00:00,downloaded from https://projects.propublica.org/nonprofits/organizations/462450336
SRC-PEER-ECONOMIC-POLICY-INSTITUTE,Economic Policy Institute,supporting_web_source,yes,https://projects.propublica.org/nonprofits/organizations/521368964,,,"Public Form 990 rendering, organization profile, or filing-derived scale record",sources/native/supporting/src-peer-economic-policy-institute.html,pdf_or_html_or_text,500,52-1368964,,,2024.0,Peer selection and scale profile,"source-native artifact; MIME, byte length, checksum, URL, and retrieval metadata verified",present_verified_source_native,sources/native/supporting/src-peer-economic-policy-institute.html,a8541139e803a9b3278bffd98751a010966df862965bf1c63d7d335786ce6816,322959,2026-08-27T18:39:06+00:00,downloaded from https://projects.propublica.org/nonprofits/organizations/521368964
SRC-PEER-EFFECTIVE-INSTITUTIONS-PROJECT,Effective Institutions Project,supporting_web_source,yes,https://www.causeiq.com/organizations/effective-institutions-project%2C932725003/,,,"Public Form 990 rendering, organization profile, or filing-derived scale record",sources/native/supporting/src-peer-effective-institutions-project.html,pdf_or_html_or_text,500,93-2725003,,,,Peer selection and scale profile,"source-native artifact; MIME, byte length, checksum, URL, and retrieval metadata verified",present_verified_source_native,sources/native/supporting/src-peer-effective-institutions-project.html,65c38046f65bc05a8d7768307be33fad894270b35d1dbac36ae10fc123465d07,162602,2026-08-27T18:39:06+00:00,downloaded from https://www.causeiq.com/organizations/effective-institutions-project%2C932725003/
SRC-PEER-ELECTRONIC-FRONTIER-FOUNDATION,Electronic Frontier Foundation,supporting_web_source,yes,https://www.causeiq.com/organizations/electronic-frontier-foundation%2C043091431/,,,"Public Form 990 rendering, organization profile, or filing-derived scale record",sources/native/supporting/src-peer-electronic-frontier-foundation.html,pdf_or_html_or_text,500,04-3091431,,,2024.0,Peer selection and scale profile,"source-native artifact; MIME, byte length, checksum, URL, and retrieval metadata verified",present_verified_source_native,sources/native/supporting/src-peer-electronic-frontier-foundation.html,462479de76f323355840fdeb8876330ede014669914062a7a7062ab7ad67c519,166151,2026-08-27T18:39:07+00:00,downloaded from https://www.causeiq.com/organizations/electronic-frontier-foundation%2C043091431/
SRC-PEER-ENERGY-FOR-GROWTH-HUB,Energy for Growth Hub,supporting_web_source,yes,https://projects.propublica.org/nonprofits/organizations/831609680,,,"Public Form 990 rendering, organization profile, or filing-derived scale record",sources/native/supporting/src-peer-energy-for-growth-hub.html,pdf_or_html_or_text,500,83-1609680,,,2024.0,Peer selection and scale profile,"source-native artifact; MIME, byte length, checksum, URL, and retrieval metadata verified",present_verified_source_native,sources/native/supporting/src-peer-energy-for-growth-hub.html,44263bf9e8f7c587a6ff46bbe902528579ce8b5296f2f57df4f948d230f5d40f,122152,2026-08-27T18:39:07+00:00,downloaded from https://projects.propublica.org/nonprofits/organizations/831609680
SRC-PEER-ENVIRONMENTAL-LAW-INSTITUTE,Environmental Law Institute,supporting_web_source,yes,https://projects.propublica.org/nonprofits/organizations/520901863,,,"Public Form 990 rendering, organization profile, or filing-derived scale record",sources/native/supporting/src-peer-environmental-law-institute.html,pdf_or_html_or_text,500,52-0901863,,,2024.0,Peer selection and scale profile,"source-native artifact; MIME, byte length, checksum, URL, and retrieval metadata verified",present_verified_source_native,sources/native/supporting/src-peer-environmental-law-institute.html,11859ecb1975abc3039590081e1986c6b26edc6e3d6baffc945f5185117b1098,338439,2026-08-27T18:39:08+00:00,downloaded from https://projects.propublica.org/nonprofits/organizations/520901863
SRC-PEER-EVIDENCE-ACTION,Evidence Action,supporting_web_source,yes,https://www.causeiq.com/organizations/evidence-action%2C900874591/,,,"Public Form 990 rendering, organization profile, or filing-derived scale record",sources/native/supporting/src-peer-evidence-action.html,pdf_or_html_or_text,500,90-0874591,,,2024.0,Peer selection and scale profile,"source-native artifact; MIME, byte length, checksum, URL, and retrieval metadata verified",present_verified_source_native,sources/native/supporting/src-peer-evidence-action.html,bbdf53dfed3f2973947f583af0b0c4589e3dc4b0ef24cfc1ebeea69f9cde68d0,167792,2026-08-27T18:39:08+00:00,downloaded from https://www.causeiq.com/organizations/evidence-action%2C900874591/
SRC-PEER-EXPONENT-PHILANTHROPY,Exponent Philanthropy,supporting_web_source,yes,https://projects.propublica.org/nonprofits/organizations/650617866,,,"Public Form 990 rendering, organization profile, or filing-derived scale record",sources/native/supporting/src-peer-exponent-philanthropy.html,pdf_or_html_or_text,500,65-0617866,,,2025.0,Peer selection and scale profile,"source-native artifact; MIME, byte length, checksum, URL, and retrieval metadata verified",present_verified_source_native,sources/native/supporting/src-peer-exponent-philanthropy.html,414e3a58b2c1b853e93618df3fc0181cac79ce9e95900baa8dd1a020ff94b173,313528,2026-08-27T18:39:09+00:00,downloaded from https://projects.propublica.org/nonprofits/organizations/650617866
SRC-PEER-FAR-AI,FAR AI,supporting_web_source,yes,https://www.causeiq.com/organizations/far-ai%2C920692207/,,,"Public Form 990 rendering, organization profile, or filing-derived scale record",sources/native/supporting/src-peer-far-ai.html,pdf_or_html_or_text,500,92-0692207,,,2024.0,Peer selection and scale profile,"source-native artifact; MIME, byte length, checksum, URL, and retrieval metadata verified",present_verified_source_native,sources/native/supporting/src-peer-far-ai.html,99569095bcf9447ac353e59cfbbe0582a4bc6813fd422d2c1ab694b9349e71e2,163979,2026-08-27T18:39:09+00:00,downloaded from https://www.causeiq.com/organizations/far-ai%2C920692207/
SRC-PEER-FARM-FORWARD,Farm Forward,supporting_web_source,yes,https://www.causeiq.com/organizations/farm-forward%2C261643614/,,,"Public Form 990 rendering, organization profile, or filing-derived scale record",sources/native/supporting/src-peer-farm-forward.html,pdf_or_html_or_text,500,26-1643614,,,,Peer selection and scale profile,"source-native artifact; MIME, byte length, checksum, URL, and retrieval metadata verified",present_verified_source_native,sources/native/supporting/src-peer-farm-forward.html,e75b1e08f59a7673608a0f917e3dca1e51119b4007a905e09f5cafc60dc3378e,165598,2026-08-27T18:39:09+00:00,downloaded from https://www.causeiq.com/organizations/farm-forward%2C261643614/
SRC-PEER-FARM-SANCTUARY,Farm Sanctuary,supporting_web_source,yes,https://www.causeiq.com/organizations/farm-sanctuary%2C510292919/,,,"Public Form 990 rendering, organization profile, or filing-derived scale record",sources/native/supporting/src-peer-farm-sanctuary.html,pdf_or_html_or_text,500,51-0292919,,,2023.0,Peer selection and scale profile,"source-native artifact; MIME, byte length, checksum, URL, and retrieval metadata verified",present_verified_source_native,sources/native/supporting/src-peer-farm-sanctuary.html,fa83737ef50d3eb463597980214d7a3b12b53020c5db39e8a0bd6ceeae8f7574,167095,2026-08-27T18:39:09+00:00,downloaded from https://www.causeiq.com/organizations/farm-sanctuary%2C510292919/
SRC-990-FAUNALYTICS,Faunalytics,supporting_web_source,yes,https://projects.propublica.org/nonprofits/organizations/10686889,,,ProPublica Nonprofit Explorer organization and filing index,sources/native/supporting/src-990-faunalytics.html,pdf_or_html_or_text,500,01-0686889,not established,,to,Scale and exclusion evidence,"source-native artifact; MIME, byte length, checksum, URL, and retrieval metadata verified",present_verified_source_native,sources/native/manual_browser/src-990-faunalytics/Faunalytics - Nonprofit Explorer - ProPublica.html,d38687e68d0c042a0bb61a82659509d4324f321dbf273b961321bc7d80ccb5fc,210679,2026-08-27T20:12:37+00:00,manual browser capture ingested and identity-checked
SRC-PEER-FAUNALYTICS,Faunalytics,supporting_web_source,yes,https://www.causeiq.com/organizations/faunalytics%2C010686889/,,,"Public Form 990 rendering, organization profile, or filing-derived scale record",sources/native/supporting/src-peer-faunalytics.html,pdf_or_html_or_text,500,01-0686889,,,,Peer selection and scale profile,"source-native artifact; MIME, byte length, checksum, URL, and retrieval metadata verified",present_verified_source_native,"sources/native/manual_browser/src-peer-faunalytics/Faunalytics _ San Diego, CA _ Cause IQ.html",9bd4048264c44f88919f9def87eb7a7bf7f8d8a889ccf505308d276467e72a4b,181478,2026-08-27T19:21:08+00:00,manual browser capture ingested and identity-checked
SRC-PEER-FEDERATION-OF-AMERICAN-SCIENTISTS,Federation of American Scientists,supporting_web_source,yes,https://www.causeiq.com/organizations/federation-of-american-scientists%2C237185827/,,,"Public Form 990 rendering, organization profile, or filing-derived scale record",sources/native/supporting/src-peer-federation-of-american-scientists.html,pdf_or_html_or_text,500,23-7185827,,,2024.0,Peer selection and scale profile,"source-native artifact; MIME, byte length, checksum, URL, and retrieval metadata verified",present_verified_source_native,"sources/native/manual_browser/src-peer-federation-of-american-scientists/Federation of American Scientists (FAS) _ Washington, DC _ Cause IQ.html",bb561a26fc79b7398a35882ed8a5684977417820d3460f686f90ff9985c79b04,185460,2026-08-27T19:21:08+00:00,manual browser capture ingested and identity-checked
SRC-PEER-FOOD-ANIMAL-CONCERNS-TRUST,Food Animal Concerns Trust,supporting_web_source,yes,https://projects.propublica.org/nonprofits/organizations/363172605,,,"Public Form 990 rendering, organization profile, or filing-derived scale record",sources/native/supporting/src-peer-food-animal-concerns-trust.html,pdf_or_html_or_text,500,36-3172605,,,2024.0,Peer selection and scale profile,"source-native artifact; MIME, byte length, checksum, URL, and retrieval metadata verified",present_verified_source_native,sources/native/supporting/src-peer-food-animal-concerns-trust.html,3e7a698f2eb8a6c2d89bbb79c98cf6383d2cac3efe815c831221138de52cf870,215049,2026-08-27T18:39:10+00:00,downloaded from https://projects.propublica.org/nonprofits/organizations/363172605
SRC-PEER-FRAMEWORKS-INSTITUTE,FrameWorks Institute,supporting_web_source,yes,https://projects.propublica.org/nonprofits/organizations/710891642,,,"Public Form 990 rendering, organization profile, or filing-derived scale record",sources/native/supporting/src-peer-frameworks-institute.html,pdf_or_html_or_text,500,71-0891642,,,2024.0,Peer selection and scale profile,"source-native artifact; MIME, byte length, checksum, URL, and retrieval metadata verified",present_verified_source_native,sources/native/supporting/src-peer-frameworks-institute.html,ecfbdb07fc8b9e39c0d052d7e04ce30a3324675b52acb0bd824740889176e0ce,278862,2026-08-27T18:39:12+00:00,downloaded from https://projects.propublica.org/nonprofits/organizations/710891642
SRC-PEER-FRESH-ENERGY,Fresh Energy,supporting_web_source,yes,https://projects.propublica.org/nonprofits/organizations/411735501,,,"Public Form 990 rendering, organization profile, or filing-derived scale record",sources/native/supporting/src-peer-fresh-energy.html,pdf_or_html_or_text,500,41-1735501,,,2024.0,Peer selection and scale profile,"source-native artifact; MIME, byte length, checksum, URL, and retrieval metadata verified",present_verified_source_native,sources/native/supporting/src-peer-fresh-energy.html,cb50fee16c6d5d6a74aae5b38eb73f525c0d99b9e8b8f4d6d2d5e9dfd2f75d09,287824,2026-08-27T18:39:12+00:00,downloaded from https://projects.propublica.org/nonprofits/organizations/411735501
SRC-990-FLI-2024,Future of Life Institute,supporting_web_source,yes,https://projects.propublica.org/nonprofits/organizations/471052538,,,official filing via IRS; browser rendering via ProPublica where available,sources/native/supporting/src-990-fli-2024.html,pdf_or_html_or_text,500,47-1052538,not captured,,2024-01-01 to 2024-12-31,Form 990 filing-derived snapshot,"source-native artifact; MIME, byte length, checksum, URL, and retrieval metadata verified",present_verified_source_native,sources/native/supporting/src-990-fli-2024.html,02a6ab8d4602362334d61fc3f2fb6e5dccbe4a788af0b385df10bd26175e9a53,160432,2026-08-27T18:39:13+00:00,downloaded from https://projects.propublica.org/nonprofits/organizations/471052538
SRC-990-FPF-2024,Future of Privacy Forum,supporting_web_source,yes,https://apps.irs.gov/pub/epostcard/990/xml/2025/202543219349319589_public.xml,https://projects.propublica.org/nonprofits/organizations/453763097,,official filing via IRS; browser rendering via ProPublica where available,sources/native/supporting/src-990-fpf-2024.xml,pdf_or_html_or_text,500,45-3763097,202543219349319589,,2024-01-01 to 2024-12-31,Form 990 filing-derived snapshot,"source-native artifact; MIME, byte length, checksum, URL, and retrieval metadata verified",present_verified_source_native,sources/native/supporting/src-990-fpf-2024.html,a0f58a27dc72531e18a17dbddae53ab78cfd8b3e7d4b2d4fef726c1284c3c007,216722,2026-08-27T18:39:15+00:00,downloaded from https://projects.propublica.org/nonprofits/organizations/453763097
SRC-PEER-FUTURE-OF-PRIVACY-FORUM,Future of Privacy Forum,supporting_web_source,yes,https://www.causeiq.com/organizations/fpf-education-and-innovation-foundation%2C453763097/,,,"Public Form 990 rendering, organization profile, or filing-derived scale record",sources/native/supporting/src-peer-future-of-privacy-forum.html,pdf_or_html_or_text,500,45-3763097,,,2024.0,Peer selection and scale profile,"source-native artifact; MIME, byte length, checksum, URL, and retrieval metadata verified",present_verified_source_native,sources/native/supporting/src-peer-future-of-privacy-forum.html,48c32c35c6e599d2abf1eaba45d3e43cae1840332d2f6cd0b64736a1caa4a45f,164963,2026-08-27T18:39:15+00:00,downloaded from https://www.causeiq.com/organizations/fpf-education-and-innovation-foundation%2C453763097/
SRC-PEER-GENERATION-PLEDGE,Generation Pledge,supporting_web_source,yes,https://www.causeiq.com/organizations/generation-pledge%2C842787951/,,,"Public Form 990 rendering, organization profile, or filing-derived scale record",sources/native/supporting/src-peer-generation-pledge.html,pdf_or_html_or_text,500,84-2787951,,,,Peer selection and scale profile,"source-native artifact; MIME, byte length, checksum, URL, and retrieval metadata verified",present_verified_source_native,"sources/native/manual_browser/src-peer-generation-pledge/Generation Pledge _ Vauxhall, NJ _ Cause IQ.html",2e1e86442ef28164dce04639994647d665c5854e4ce17444160d0c664a9a4b70,176708,2026-08-27T19:21:08+00:00,manual browser capture ingested and identity-checked
SRC-990-GIVEWELL,GiveWell / The Clear Fund,supporting_web_source,yes,https://projects.propublica.org/nonprofits/organizations/208625442,,,ProPublica Nonprofit Explorer organization and filing index,sources/native/supporting/src-990-givewell.html,pdf_or_html_or_text,500,20-8625442,not established,,to,Entity-resolution and exclusion evidence,"source-native artifact; MIME, byte length, checksum, URL, and retrieval metadata verified",present_verified_source_native,sources/native/manual_browser/src-990-givewell/The Clear Fund - Nonprofit Explorer - ProPublica.html,4dd1b82bd503db12962dba37a4c0ed4f2971328a283b5d3331e5ee2b14a4bf75,307435,2026-08-27T20:12:37+00:00,manual browser capture ingested and identity-checked
SRC-PEER-GIVINGTUESDAY,GivingTuesday,supporting_web_source,yes,https://projects.propublica.org/nonprofits/organizations/842929872,,,"Public Form 990 rendering, organization profile, or filing-derived scale record",sources/native/supporting/src-peer-givingtuesday.html,pdf_or_html_or_text,500,84-2929872,,,2024.0,Peer selection and scale profile,"source-native artifact; MIME, byte length, checksum, URL, and retrieval metadata verified",present_verified_source_native,sources/native/supporting/src-peer-givingtuesday.html,2679ca0cc133a38b2ad4e5f79cff5f46c6201ae898d75d847854d6b8e7babde0,135836,2026-08-27T18:39:16+00:00,downloaded from https://projects.propublica.org/nonprofits/organizations/842929872
SRC-PEER-GLOBAL-HEALTH-CORPS,Global Health Corps,supporting_web_source,yes,https://projects.propublica.org/nonprofits/organizations/800512336,,,"Public Form 990 rendering, organization profile, or filing-derived scale record",sources/native/supporting/src-peer-global-health-corps.html,pdf_or_html_or_text,500,80-0512336,,,2024.0,Peer selection and scale profile,"source-native artifact; MIME, byte length, checksum, URL, and retrieval metadata verified",present_verified_source_native,sources/native/supporting/src-peer-global-health-corps.html,2b77144552e6eb3412f0d099bdc779bb3d324039e20c28d43bcad06b3eabde4f,249965,2026-08-27T18:39:17+00:00,downloaded from https://projects.propublica.org/nonprofits/organizations/800512336
SRC-PEER-GOOD-FOOD-INSTITUTE,Good Food Institute,supporting_web_source,yes,https://www.causeiq.com/organizations/the-good-food-institute%2C810840578/,,,"Public Form 990 rendering, organization profile, or filing-derived scale record",sources/native/supporting/src-peer-good-food-institute.html,pdf_or_html_or_text,500,81-0840578,,,2024.0,Peer selection and scale profile,"source-native artifact; MIME, byte length, checksum, URL, and retrieval metadata verified",present_verified_source_native,"sources/native/manual_browser/src-peer-good-food-institute/The Good Food Institute _ Arlington, VA _ Cause IQ.html",03b864a7561b8afeff65b6bd68d9fa42d42b8ef6fd3ca409787cf7b9d4421f4f,187016,2026-08-27T19:21:08+00:00,manual browser capture ingested and identity-checked
SRC-PEER-GRANTMAKERS-FOR-EDUCATION,Grantmakers for Education,supporting_web_source,yes,https://projects.propublica.org/nonprofits/organizations/330919329,,,"Public Form 990 rendering, organization profile, or filing-derived scale record",sources/native/supporting/src-peer-grantmakers-for-education.html,pdf_or_html_or_text,500,33-0919329,,,2024.0,Peer selection and scale profile,"source-native artifact; MIME, byte length, checksum, URL, and retrieval metadata verified",present_verified_source_native,sources/native/supporting/src-peer-grantmakers-for-education.html,320dcbc0524e706362cbb60d3f1796bccafcb07f5e52a511c1d1b0d2e9c4aeba,254303,2026-08-27T18:39:17+00:00,downloaded from https://projects.propublica.org/nonprofits/organizations/330919329
SRC-PEER-GRANTMAKERS-FOR-EFFECTIVE-ORGANIZATIONS,Grantmakers for Effective Organizations,supporting_web_source,yes,https://projects.propublica.org/nonprofits/organizations/10669150,,,"Public Form 990 rendering, organization profile, or filing-derived scale record",sources/native/supporting/src-peer-grantmakers-for-effective-organizations.html,pdf_or_html_or_text,500,01-0669150,,,2024.0,Peer selection and scale profile,"source-native artifact; MIME, byte length, checksum, URL, and retrieval metadata verified",present_verified_source_native,sources/native/supporting/src-peer-grantmakers-for-effective-organizations.html,bf93716d5d2949e97c2ba44238ec4eb4db8c43f2ec31933b29125219edd89e11,270864,2026-08-27T18:39:18+00:00,downloaded from https://projects.propublica.org/nonprofits/organizations/10669150
SRC-PEER-GUTTMACHER-INSTITUTE,Guttmacher Institute,supporting_web_source,yes,https://www.causeiq.com/organizations/guttmacher-institute%2C132890727/,,,"Public Form 990 rendering, organization profile, or filing-derived scale record",sources/native/supporting/src-peer-guttmacher-institute.html,pdf_or_html_or_text,500,13-2890727,,,2022.0,Peer selection and scale profile,"source-native artifact; MIME, byte length, checksum, URL, and retrieval metadata verified",present_verified_source_native,sources/native/supporting/src-peer-guttmacher-institute.html,39f485d4412a4217314b89c254e3a1774bc55f662dd889d98ad7a685f518fe6a,164932,2026-08-27T18:39:18+00:00,downloaded from https://www.causeiq.com/organizations/guttmacher-institute%2C132890727/
SRC-PEER-HIGH-IMPACT-ATHLETES,High Impact Athletes,supporting_web_source,yes,https://www.causeiq.com/organizations/high-impact-athletes%2C873955308/,,,"Public Form 990 rendering, organization profile, or filing-derived scale record",sources/native/supporting/src-peer-high-impact-athletes.html,pdf_or_html_or_text,500,87-3955308,,,,Peer selection and scale profile,"source-native artifact; MIME, byte length, checksum, URL, and retrieval metadata verified",present_verified_source_native,"sources/native/manual_browser/src-peer-high-impact-athletes/High Impact Athletes _ Lewes, DE _ Cause IQ.html",c98816fc61465d9114acbd71a140fa0e7e599f1914a97b4a60c3813b84f6333a,175167,2026-08-27T19:21:08+00:00,manual browser capture ingested and identity-checked
SRC-PEER-IDINSIGHT,IDinsight,supporting_web_source,yes,https://www.causeiq.com/organizations/idinsight-usa%2C274933181/,,,"Public Form 990 rendering, organization profile, or filing-derived scale record",sources/native/supporting/src-peer-idinsight.html,pdf_or_html_or_text,500,27-4933181,,,,Peer selection and scale profile,"source-native artifact; MIME, byte length, checksum, URL, and retrieval metadata verified",present_verified_source_native,"sources/native/manual_browser/src-peer-idinsight/IDinsight USA _ San Francisco, CA _ Cause IQ.html",d2b66129ee99c89d9e1ebaed6d122f2d24a073b74b0f2b0c6c3647fd3fa1fc21,180006,2026-08-27T19:21:08+00:00,manual browser capture ingested and identity-checked
SRC-PEER-INDEPENDENT-SECTOR,Independent Sector,supporting_web_source,yes,https://projects.propublica.org/nonprofits/organizations/521081024,,,"Public Form 990 rendering, organization profile, or filing-derived scale record",sources/native/supporting/src-peer-independent-sector.html,pdf_or_html_or_text,500,52-1081024,,,2024.0,Peer selection and scale profile,"source-native artifact; MIME, byte length, checksum, URL, and retrieval metadata verified",present_verified_source_native,sources/native/supporting/src-peer-independent-sector.html,38604b6a88e5c962a2fadeaa0891251a3c78e57d7c64fa8abe22966cf19addec,335474,2026-08-27T18:39:18+00:00,downloaded from https://projects.propublica.org/nonprofits/organizations/521081024
SRC-PEER-INFORMATION-TECHNOLOGY-AND-INNOVATION-FOUNDATION,Information Technology and Innovation Foundation,supporting_web_source,yes,https://projects.propublica.org/nonprofits/organizations/204403497,,,"Public Form 990 rendering, organization profile, or filing-derived scale record",sources/native/supporting/src-peer-information-technology-and-innovation-foundation.html,pdf_or_html_or_text,500,20-4403497,,,2024.0,Peer selection and scale profile,"source-native artifact; MIME, byte length, checksum, URL, and retrieval metadata verified",present_verified_source_native,sources/native/supporting/src-peer-information-technology-and-innovation-foundation.html,8765b2b82d8a9b5b4f1c53f82941956c85d138241354b340b2222f648281112a,314491,2026-08-27T18:39:18+00:00,downloaded from https://projects.propublica.org/nonprofits/organizations/204403497
SRC-PEER-INNOVATIONS-FOR-POVERTY-ACTION,Innovations for Poverty Action,supporting_web_source,yes,https://www.causeiq.com/organizations/innovations-for-poverty-action%2C061660068/,,,"Public Form 990 rendering, organization profile, or filing-derived scale record",sources/native/supporting/src-peer-innovations-for-poverty-action.html,pdf_or_html_or_text,500,06-1660068,,,2024.0,Peer selection and scale profile,"source-native artifact; MIME, byte length, checksum, URL, and retrieval metadata verified",present_verified_source_native,"sources/native/manual_browser/src-peer-innovations-for-poverty-action/Innovations for Poverty Action A Nonprofit Corporation (IPA) _ Washington, DC _ Cause IQ.html",99b1e4d2aabf9f101f7b615287f5c91d7d3b3d4319cbcf063d59a80d076a7824,187453,2026-08-27T19:21:08+00:00,manual browser capture ingested and identity-checked
SRC-PEER-INSTITUTE-FOR-ENERGY-ECONOMICS-AND-FINANCIAL-ANALYSIS,Institute for Energy Economics and Financial Analysis,supporting_web_source,yes,https://projects.propublica.org/nonprofits/organizations/454244605,,,"Public Form 990 rendering, organization profile, or filing-derived scale record",sources/native/supporting/src-peer-institute-for-energy-economics-and-financial-analysis.html,pdf_or_html_or_text,500,45-4244605,,,2024.0,Peer selection and scale profile,"source-native artifact; MIME, byte length, checksum, URL, and retrieval metadata verified",present_verified_source_native,sources/native/supporting/src-peer-institute-for-energy-economics-and-financial-analysis.html,3e5610279c4273b41d176d5de0934cee7b3ef0ee9857dccff51bf2aa3bf6d7ff,198261,2026-08-27T18:39:19+00:00,downloaded from https://projects.propublica.org/nonprofits/organizations/454244605
SRC-PEER-INSTITUTE-FOR-NONPROFIT-NEWS,Institute for Nonprofit News,supporting_web_source,yes,https://projects.propublica.org/nonprofits/organizations/272614911,,,"Public Form 990 rendering, organization profile, or filing-derived scale record",sources/native/supporting/src-peer-institute-for-nonprofit-news.html,pdf_or_html_or_text,500,27-2614911,,,2024.0,Peer selection and scale profile,"source-native artifact; MIME, byte length, checksum, URL, and retrieval metadata verified",present_verified_source_native,sources/native/supporting/src-peer-institute-for-nonprofit-news.html,adf355f18696bd29e44cadc015c54965c8e02185249f54f9212ba5a290970790,257990,2026-08-27T18:39:19+00:00,downloaded from https://projects.propublica.org/nonprofits/organizations/272614911
SRC-PEER-INSTITUTE-FOR-POLICY-STUDIES,Institute for Policy Studies,supporting_web_source,yes,https://projects.propublica.org/nonprofits/organizations/520788947,,,"Public Form 990 rendering, organization profile, or filing-derived scale record",sources/native/supporting/src-peer-institute-for-policy-studies.html,pdf_or_html_or_text,500,52-0788947,,,2024.0,Peer selection and scale profile,"source-native artifact; MIME, byte length, checksum, URL, and retrieval metadata verified",present_verified_source_native,sources/native/supporting/src-peer-institute-for-policy-studies.html,829b1c77d1adb3f11ace0eabeab88e2ac30992ee009c09aa2b0a1139a9eec2fb,271464,2026-08-27T18:39:20+00:00,downloaded from https://projects.propublica.org/nonprofits/organizations/520788947
SRC-990-IFP-2024,Institute for Progress,supporting_web_source,yes,https://projects.propublica.org/nonprofits/organizations/872449729,,,official filing via IRS; browser rendering via ProPublica where available,sources/native/supporting/src-990-ifp-2024.html,pdf_or_html_or_text,500,87-2449729,not captured,,2024-01-01 to 2024-12-31,Form 990 filing-derived snapshot,"source-native artifact; MIME, byte length, checksum, URL, and retrieval metadata verified",present_verified_source_native,sources/native/supporting/src-990-ifp-2024.html,96c0f7ac3c47ceac278c7396e126604a409f39af612adde5c18338a4461bd12c,80028,2026-08-27T18:39:20+00:00,downloaded from https://projects.propublica.org/nonprofits/organizations/872449729
SRC-PEER-INSTITUTE-FOR-SECURITY-AND-TECHNOLOGY,Institute for Security and Technology,supporting_web_source,yes,https://projects.propublica.org/nonprofits/organizations/475677755,,,"Public Form 990 rendering, organization profile, or filing-derived scale record",sources/native/supporting/src-peer-institute-for-security-and-technology.html,pdf_or_html_or_text,500,47-5677755,,,2024.0,Peer selection and scale profile,"source-native artifact; MIME, byte length, checksum, URL, and retrieval metadata verified",present_verified_source_native,sources/native/supporting/src-peer-institute-for-security-and-technology.html,f5c223ed044a975558524af5d26e0ef0b12fd7448c1faba57cd242e2e0009e02,130289,2026-08-27T18:39:20+00:00,downloaded from https://projects.propublica.org/nonprofits/organizations/475677755
SRC-PEER-INSTITUTE-FOR-WOMEN-S-POLICY-RESEARCH,Institute for Women’s Policy Research,supporting_web_source,yes,https://www.causeiq.com/organizations/institute-for-womens-policy-research%2C521549572/,,,"Public Form 990 rendering, organization profile, or filing-derived scale record",sources/native/supporting/src-peer-institute-for-women-s-policy-research.html,pdf_or_html_or_text,500,52-1549572,,,,Peer selection and scale profile,"source-native artifact; MIME, byte length, checksum, URL, and retrieval metadata verified",present_verified_source_native,"sources/native/manual_browser/src-peer-institute-for-women-s-policy-research/Institute for Womens Policy Research (IWPR) _ Washington, DC _ Cause IQ.html",723dae1f3515dca89659336ca0b2a09f76637345d7d57639384b769817ff3301,185792,2026-08-27T19:21:08+00:00,manual browser capture ingested and identity-checked
SRC-PEER-INSTITUTE-FOR-THE-STUDY-OF-WAR,Institute for the Study of War,supporting_web_source,yes,https://projects.propublica.org/nonprofits/organizations/260273675,,,"Public Form 990 rendering, organization profile, or filing-derived scale record",sources/native/supporting/src-peer-institute-for-the-study-of-war.html,pdf_or_html_or_text,500,26-0273675,,,2024.0,Peer selection and scale profile,"source-native artifact; MIME, byte length, checksum, URL, and retrieval metadata verified",present_verified_source_native,sources/native/supporting/src-peer-institute-for-the-study-of-war.html,3b1962a932748c2c974002c65148b8522b95fa6e48904474c0bd828359c5fece,238230,2026-08-27T18:39:21+00:00,downloaded from https://projects.propublica.org/nonprofits/organizations/260273675
SRC-PEER-INSTITUTE-ON-TAXATION-AND-ECONOMIC-POLICY,Institute on Taxation and Economic Policy,supporting_web_source,yes,https://projects.propublica.org/nonprofits/organizations/042688165,,,"Public Form 990 rendering, organization profile, or filing-derived scale record",sources/native/supporting/src-peer-institute-on-taxation-and-economic-policy.html,pdf_or_html_or_text,500,04-2688165,,,2025.0,Peer selection and scale profile,"source-native artifact; MIME, byte length, checksum, URL, and retrieval metadata verified",present_verified_source_native,sources/native/supporting/src-peer-institute-on-taxation-and-economic-policy.html,a66fcbb9525863afd688de56f9d114ad613463a6246b25ad9880e7ab6bc083d0,283704,2026-08-27T18:39:22+00:00,downloaded from https://projects.propublica.org/nonprofits/organizations/42688165
SRC-IRS-990-INSTR,Internal Revenue Service,supporting_web_source,yes,https://www.irs.gov/instructions/i990,,,original,sources/native/supporting/src-irs-990-instr.html,pdf_or_html_or_text,500,,,,,Form 990 instructions,"source-native artifact; MIME, byte length, checksum, URL, and retrieval metadata verified",present_verified_source_native,sources/native/supporting/src-irs-990-instr.html,9bb0d290cdf7a46bcda51ff379c5cd6eb6ba8497273b901853668ccc4ec56b4b,1308640,2026-08-27T18:39:22+00:00,downloaded from https://www.irs.gov/instructions/i990
SRC-IRS-BULK,Internal Revenue Service,supporting_web_source,yes,https://www.irs.gov/charities-non-profits/form-990-series-downloads,,,original,sources/native/supporting/src-irs-bulk.html,pdf_or_html_or_text,500,,,,,TEOS bulk filing index,"source-native artifact; MIME, byte length, checksum, URL, and retrieval metadata verified",present_verified_source_native,sources/native/supporting/src-irs-bulk.html,e8850d47da77fd5eb4e4d65645d86ef03ac57dad209b1014d6d4bfe9b31f28d9,120278,2026-08-27T18:39:22+00:00,downloaded from https://www.irs.gov/charities-non-profits/form-990-series-downloads
SRC-PEER-INTERNET-SECURITY-RESEARCH-GROUP,Internet Security Research Group,supporting_web_source,yes,https://projects.propublica.org/nonprofits/organizations/463344200,,,"Public Form 990 rendering, organization profile, or filing-derived scale record",sources/native/supporting/src-peer-internet-security-research-group.html,pdf_or_html_or_text,500,46-3344200,,,2024.0,Peer selection and scale profile,"source-native artifact; MIME, byte length, checksum, URL, and retrieval metadata verified",present_verified_source_native,sources/native/supporting/src-peer-internet-security-research-group.html,c15dbc238402dd448d983f37a7baef44d5789e76dd27f2510a509c2a31720cee,182660,2026-08-27T18:39:23+00:00,downloaded from https://projects.propublica.org/nonprofits/organizations/463344200
SRC-PEER-JAIN-FAMILY-INSTITUTE,Jain Family Institute,supporting_web_source,yes,https://projects.propublica.org/nonprofits/organizations/474407203,,,"Public Form 990 rendering, organization profile, or filing-derived scale record",sources/native/supporting/src-peer-jain-family-institute.html,pdf_or_html_or_text,500,47-4407203,,,2024.0,Peer selection and scale profile,"source-native artifact; MIME, byte length, checksum, URL, and retrieval metadata verified",present_verified_source_native,sources/native/supporting/src-peer-jain-family-institute.html,6605b4ecb6449696c38be1fc1960c966de91c77bc2bb4d0ab5ad51b2789376ad,153462,2026-08-27T18:39:23+00:00,downloaded from https://projects.propublica.org/nonprofits/organizations/474407203
SRC-PEER-LAST-MILE-HEALTH,Last Mile Health,supporting_web_source,yes,https://www.causeiq.com/organizations/last-mile-health%2C261401736/,,,"Public Form 990 rendering, organization profile, or filing-derived scale record",sources/native/supporting/src-peer-last-mile-health.html,pdf_or_html_or_text,500,26-1401736,,,2024.0,Peer selection and scale profile,"source-native artifact; MIME, byte length, checksum, URL, and retrieval metadata verified",present_verified_source_native,sources/native/supporting/src-peer-last-mile-health.html,8018eccac39bb6132e9dd9b159caf1cc379475b3bf85302631dc08583dafc9ab,163098,2026-08-27T18:39:23+00:00,downloaded from https://www.causeiq.com/organizations/last-mile-health%2C261401736/
SRC-PEER-LEARNING-POLICY-INSTITUTE,Learning Policy Institute,supporting_web_source,yes,https://projects.propublica.org/nonprofits/organizations/472772048,,,"Public Form 990 rendering, organization profile, or filing-derived scale record",sources/native/supporting/src-peer-learning-policy-institute.html,pdf_or_html_or_text,500,47-2772048,,,2024.0,Peer selection and scale profile,"source-native artifact; MIME, byte length, checksum, URL, and retrieval metadata verified",present_verified_source_native,sources/native/supporting/src-peer-learning-policy-institute.html,419198cb4651d89e912862d686197139d189e7332b689190beb7519eda3e585e,199080,2026-08-27T18:39:24+00:00,downloaded from https://projects.propublica.org/nonprofits/organizations/472772048
SRC-PEER-LEGAL-PRIORITIES-PROJECT,Legal Priorities Project,supporting_web_source,yes,https://www.causeiq.com/organizations/legal-priorities%2C851024198/,,,"Public Form 990 rendering, organization profile, or filing-derived scale record",sources/native/supporting/src-peer-legal-priorities-project.html,pdf_or_html_or_text,500,85-1024198,,,,Peer selection and scale profile,"source-native artifact; MIME, byte length, checksum, URL, and retrieval metadata verified",present_verified_source_native,"sources/native/manual_browser/src-peer-legal-priorities-project/Institute for Law and Ai _ Boston, MA _ Cause IQ.html",9aa9ac7528cd8eae32cdd360d5cad5d07f6579c905d5d0ef75a29facd67d8b8e,178516,2026-08-27T19:21:08+00:00,manual browser capture ingested and identity-checked
SRC-PEER-LIVING-GOODS,Living Goods,supporting_web_source,yes,https://www.causeiq.com/organizations/living-goods%2C205010527/,,,"Public Form 990 rendering, organization profile, or filing-derived scale record",sources/native/supporting/src-peer-living-goods.html,pdf_or_html_or_text,500,20-5010527,,,2023.0,Peer selection and scale profile,"source-native artifact; MIME, byte length, checksum, URL, and retrieval metadata verified",present_verified_source_native,"sources/native/manual_browser/src-peer-living-goods/Living Goods _ Washington, DC _ Cause IQ.html",31dcfc9ce7e28e98020a7a4294becb54347b55f5a50cfe684a32cf5b35c2bab7,180857,2026-08-27T19:21:08+00:00,manual browser capture ingested and identity-checked
SRC-PEER-METR,METR,supporting_web_source,yes,https://www.causeiq.com/organizations/model-evaluation-and-threat-research%2C991219864/,,,"Public Form 990 rendering, organization profile, or filing-derived scale record",sources/native/supporting/src-peer-metr.html,pdf_or_html_or_text,500,99-1219864,,,,Peer selection and scale profile,"source-native artifact; MIME, byte length, checksum, URL, and retrieval metadata verified",present_verified_source_native,"sources/native/manual_browser/src-peer-metr/Model Evaluation and Threat Research _ Covina, CA _ Cause IQ.html",ecae5f94d099e5a770918e329082a589e35221441dee8cb2d0871dffc3c878f4,159806,2026-08-27T19:21:08+00:00,manual browser capture ingested and identity-checked
SRC-990-MIRI,Machine Intelligence Research Institute,supporting_web_source,yes,https://projects.propublica.org/nonprofits/organizations/582565917,,,ProPublica Nonprofit Explorer organization and filing index,sources/native/supporting/src-990-miri.html,pdf_or_html_or_text,500,58-2565917,not established,,to,Current-role and exclusion evidence,"source-native artifact; MIME, byte length, checksum, URL, and retrieval metadata verified",present_verified_source_native,sources/native/manual_browser/src-990-miri/Machine Intelligence Research Institute Inc - Nonprofit Explorer - ProPublica.html,76e0aa0185fff337aa9c1369ea251fa695b1d247400e16e81f1e8235c687c72c,283878,2026-08-27T20:12:37+00:00,manual browser capture ingested and identity-checked
SRC-PEER-MERCY-FOR-ANIMALS,Mercy For Animals,supporting_web_source,yes,https://www.causeiq.com/organizations/mercy-for-animals%2C542076145/,,,"Public Form 990 rendering, organization profile, or filing-derived scale record",sources/native/supporting/src-peer-mercy-for-animals.html,pdf_or_html_or_text,500,54-2076145,,,2024.0,Peer selection and scale profile,"source-native artifact; MIME, byte length, checksum, URL, and retrieval metadata verified",present_verified_source_native,"sources/native/manual_browser/src-peer-mercy-for-animals/Mercy for Animals _ Los Angeles, CA _ Cause IQ.html",c2e928b05f4a2414b8283f5ea196736fe5f4cc34c45317fbc454f441bcb047d4,184963,2026-08-27T19:21:08+00:00,manual browser capture ingested and identity-checked
SRC-PEER-MIGRATION-POLICY-INSTITUTE,Migration Policy Institute,supporting_web_source,yes,https://www.causeiq.com/organizations/migration-policy-institute%2C522279789/,,,"Public Form 990 rendering, organization profile, or filing-derived scale record",sources/native/supporting/src-peer-migration-policy-institute.html,pdf_or_html_or_text,500,52-2279789,,,2024.0,Peer selection and scale profile,"source-native artifact; MIME, byte length, checksum, URL, and retrieval metadata verified",present_verified_source_native,"sources/native/manual_browser/src-peer-migration-policy-institute/Migration Policy Institute _ Washington, DC _ Cause IQ.html",8aa7ec147a9dac1004fd3020e579cba7334cf38356fe301bc53c2f5dd787f0d4,184773,2026-08-27T19:21:08+00:00,manual browser capture ingested and identity-checked
SRC-PEER-MUCKROCK-FOUNDATION,MuckRock Foundation,supporting_web_source,yes,https://projects.propublica.org/nonprofits/organizations/811485228,,,"Public Form 990 rendering, organization profile, or filing-derived scale record",sources/native/supporting/src-peer-muckrock-foundation.html,pdf_or_html_or_text,500,81-1485228,,,2023.0,Peer selection and scale profile,"source-native artifact; MIME, byte length, checksum, URL, and retrieval metadata verified",present_verified_source_native,sources/native/supporting/src-peer-muckrock-foundation.html,c0f75d767ce6a38974b40c89b18c5f334e19b354f1b3f5097b3b32f7d068b54d,147164,2026-08-27T18:39:25+00:00,downloaded from https://projects.propublica.org/nonprofits/organizations/811485228
SRC-PEER-NATIONAL-ACADEMY-FOR-STATE-HEALTH-POLICY,National Academy for State Health Policy,supporting_web_source,yes,https://projects.propublica.org/nonprofits/organizations/521576801,,,"Public Form 990 rendering, organization profile, or filing-derived scale record",sources/native/supporting/src-peer-national-academy-for-state-health-policy.html,pdf_or_html_or_text,500,52-1576801,,,2024.0,Peer selection and scale profile,"source-native artifact; MIME, byte length, checksum, URL, and retrieval metadata verified",present_verified_source_native,sources/native/supporting/src-peer-national-academy-for-state-health-policy.html,585927c1c09708c03e4081b28b5442611a6dfadaf683b606e164702cbaa7f1bb,295121,2026-08-27T18:39:25+00:00,downloaded from https://projects.propublica.org/nonprofits/organizations/521576801
SRC-PEER-NATIONAL-COMMITTEE-FOR-RESPONSIVE-PHILANTHROPY,National Committee for Responsive Philanthropy,supporting_web_source,yes,https://projects.propublica.org/nonprofits/organizations/521072749,,,"Public Form 990 rendering, organization profile, or filing-derived scale record",sources/native/supporting/src-peer-national-committee-for-responsive-philanthropy.html,pdf_or_html_or_text,500,52-1072749,,,2024.0,Peer selection and scale profile,"source-native artifact; MIME, byte length, checksum, URL, and retrieval metadata verified",present_verified_source_native,sources/native/supporting/src-peer-national-committee-for-responsive-philanthropy.html,6e666a815b6e0bddeccfdab40f8197e74d760244eece05b933544777eef2c3d5,298091,2026-08-27T18:39:26+00:00,downloaded from https://projects.propublica.org/nonprofits/organizations/521072749
SRC-PEER-NATIONAL-EMPLOYMENT-LAW-PROJECT,National Employment Law Project,supporting_web_source,yes,https://projects.propublica.org/nonprofits/organizations/132758558,,,"Public Form 990 rendering, organization profile, or filing-derived scale record",sources/native/supporting/src-peer-national-employment-law-project.html,pdf_or_html_or_text,500,13-2758558,,,2024.0,Peer selection and scale profile,"source-native artifact; MIME, byte length, checksum, URL, and retrieval metadata verified",present_verified_source_native,sources/native/supporting/src-peer-national-employment-law-project.html,db562d808e1a3563694f58ea0578cb6864ceee825967f4d58df88e2a242a86f8,291108,2026-08-27T18:39:27+00:00,downloaded from https://projects.propublica.org/nonprofits/organizations/132758558
SRC-PEER-NEW-AMERICA,New America,supporting_web_source,yes,https://projects.propublica.org/nonprofits/organizations/522096845,,,"Public Form 990 rendering, organization profile, or filing-derived scale record",sources/native/supporting/src-peer-new-america.html,pdf_or_html_or_text,500,52-2096845,,,2024.0,Peer selection and scale profile,"source-native artifact; MIME, byte length, checksum, URL, and retrieval metadata verified",present_verified_source_native,sources/native/supporting/src-peer-new-america.html,dd37890824d61f711e739db9607288a84eb6a555e95099aa6d0a621cead569f7,337060,2026-08-27T18:39:27+00:00,downloaded from https://projects.propublica.org/nonprofits/organizations/522096845
SRC-PEER-NEW-HARVEST,New Harvest,supporting_web_source,yes,https://www.causeiq.com/organizations/new-harvest%2C201425438/,,,"Public Form 990 rendering, organization profile, or filing-derived scale record",sources/native/supporting/src-peer-new-harvest.html,pdf_or_html_or_text,500,20-1425438,,,,Peer selection and scale profile,"source-native artifact; MIME, byte length, checksum, URL, and retrieval metadata verified",present_verified_source_native,sources/native/supporting/src-peer-new-harvest.html,1b30f560a5828380aa8f0e5363150003faee798b78ad39a7b796b7629772e555,162872,2026-08-27T18:39:27+00:00,downloaded from https://www.causeiq.com/organizations/new-harvest%2C201425438/
SRC-PEER-NEW-ROOTS-INSTITUTE,New Roots Institute,supporting_web_source,yes,https://www.causeiq.com/organizations/factory-farming-awareness-coalition%2C824594246/,,,"Public Form 990 rendering, organization profile, or filing-derived scale record",sources/native/supporting/src-peer-new-roots-institute.html,pdf_or_html_or_text,500,82-4594246,,,2024.0,Peer selection and scale profile,"source-native artifact; MIME, byte length, checksum, URL, and retrieval metadata verified",present_verified_source_native,"sources/native/manual_browser/src-peer-new-roots-institute/New Roots Institute _ Los Angeles, CA _ Cause IQ.html",e072bed553ff0dcd70c07ccdb8ec0d9edfec231aa7d29d453805f9a49f3f24dc,181533,2026-08-27T19:21:08+00:00,manual browser capture ingested and identity-checked
SRC-990-NISK-2024,Niskanen Center,supporting_web_source,yes,https://apps.irs.gov/pub/epostcard/990/xml/2025/202523179349301947_public.xml,https://projects.propublica.org/nonprofits/organizations/455308952,,official filing via IRS; browser rendering via ProPublica where available,sources/native/supporting/src-990-nisk-2024.xml,pdf_or_html_or_text,500,45-5308952,202523179349301947,,2024-01-01 to 2024-12-31,Form 990 filing-derived snapshot,"source-native artifact; MIME, byte length, checksum, URL, and retrieval metadata verified",present_verified_source_native,sources/native/supporting/src-990-nisk-2024.html,1e71ff42063475cb47b598fc7726eea4710b482afae76224cc440388e7badc25,210255,2026-08-27T18:39:28+00:00,downloaded from https://projects.propublica.org/nonprofits/organizations/455308952
SRC-PEER-NISKANEN-CENTER,Niskanen Center,supporting_web_source,yes,https://projects.propublica.org/nonprofits/organizations/455308952,,,"Public Form 990 rendering, organization profile, or filing-derived scale record",sources/native/supporting/src-peer-niskanen-center.html,pdf_or_html_or_text,500,45-5308952,,,2024.0,Peer selection and scale profile,"source-native artifact; MIME, byte length, checksum, URL, and retrieval metadata verified",present_verified_source_native,sources/native/supporting/src-peer-niskanen-center.html,1e71ff42063475cb47b598fc7726eea4710b482afae76224cc440388e7badc25,210255,2026-08-27T18:39:28+00:00,downloaded from https://projects.propublica.org/nonprofits/organizations/455308952
SRC-PEER-NONHUMAN-RIGHTS-PROJECT,Nonhuman Rights Project,supporting_web_source,yes,https://www.causeiq.com/organizations/nonhuman-rights-project%2C043289466/,,,"Public Form 990 rendering, organization profile, or filing-derived scale record",sources/native/supporting/src-peer-nonhuman-rights-project.html,pdf_or_html_or_text,500,04-3289466,,,,Peer selection and scale profile,"source-native artifact; MIME, byte length, checksum, URL, and retrieval metadata verified",present_verified_source_native,"sources/native/manual_browser/src-peer-nonhuman-rights-project/Nonhuman Rights Project _ Washington, DC _ Cause IQ.html",7731549bfa1b07402e4dc8a1eb95b9756bd4380b363b73f405c3b7e3c9f22e91,179410,2026-08-27T19:21:08+00:00,manual browser capture ingested and identity-checked
SRC-PEER-NUCLEAR-INNOVATION-ALLIANCE,Nuclear Innovation Alliance,supporting_web_source,yes,https://projects.propublica.org/nonprofits/organizations/371859117,,,"Public Form 990 rendering, organization profile, or filing-derived scale record",sources/native/supporting/src-peer-nuclear-innovation-alliance.html,pdf_or_html_or_text,500,37-1859117,,,2025.0,Peer selection and scale profile,"source-native artifact; MIME, byte length, checksum, URL, and retrieval metadata verified",present_verified_source_native,sources/native/supporting/src-peer-nuclear-innovation-alliance.html,fb75d3bb7c030a47cfbc1e6d6683ed8889bc7b2161112797abd8731bc453ddf7,135735,2026-08-27T18:39:28+00:00,downloaded from https://projects.propublica.org/nonprofits/organizations/371859117
SRC-PEER-NUCLEAR-THREAT-INITIATIVE,Nuclear Threat Initiative,supporting_web_source,yes,https://www.causeiq.com/organizations/nuclear-threat-initiative%2C522289435/,,,"Public Form 990 rendering, organization profile, or filing-derived scale record",sources/native/supporting/src-peer-nuclear-threat-initiative.html,pdf_or_html_or_text,500,52-2289435,,,2024.0,Peer selection and scale profile,"source-native artifact; MIME, byte length, checksum, URL, and retrieval metadata verified",present_verified_source_native,"sources/native/manual_browser/src-peer-nuclear-threat-initiative/Nuclear Threat Initiative _ Washington, DC _ Cause IQ.html",401347b81d8b785e893e23a7dd4cd43e41632bf58f802169f44de4c13508b2dc,194929,2026-08-27T19:21:08+00:00,manual browser capture ingested and identity-checked
SRC-PEER-NUMFOCUS,NumFOCUS,supporting_web_source,yes,https://projects.propublica.org/nonprofits/organizations/454547709,,,"Public Form 990 rendering, organization profile, or filing-derived scale record",sources/native/supporting/src-peer-numfocus.html,pdf_or_html_or_text,500,45-4547709,,,2024.0,Peer selection and scale profile,"source-native artifact; MIME, byte length, checksum, URL, and retrieval metadata verified",present_verified_source_native,sources/native/supporting/src-peer-numfocus.html,dd9118e9449931c085163585abc261b4e920deea63b6a7e0c17c1a5f0feb708b,196479,2026-08-27T18:39:29+00:00,downloaded from https://projects.propublica.org/nonprofits/organizations/454547709
SRC-PEER-ORCID,ORCID,supporting_web_source,yes,https://projects.propublica.org/nonprofits/organizations/275142743,,,"Public Form 990 rendering, organization profile, or filing-derived scale record",sources/native/supporting/src-peer-orcid.html,pdf_or_html_or_text,500,27-5142743,,,2024.0,Peer selection and scale profile,"source-native artifact; MIME, byte length, checksum, URL, and retrieval metadata verified",present_verified_source_native,sources/native/supporting/src-peer-orcid.html,4603c121aeff6eb7ced639547e499a7167b16c4e836d5cead31f0d2a08a855fa,301466,2026-08-27T18:39:29+00:00,downloaded from https://projects.propublica.org/nonprofits/organizations/275142743
SRC-PEER-ONE-FOR-THE-WORLD,One for the World,supporting_web_source,yes,https://www.causeiq.com/organizations/one-for-the-world%2C842124550/,,,"Public Form 990 rendering, organization profile, or filing-derived scale record",sources/native/supporting/src-peer-one-for-the-world.html,pdf_or_html_or_text,500,84-2124550,,,,Peer selection and scale profile,"source-native artifact; MIME, byte length, checksum, URL, and retrieval metadata verified",present_verified_source_native,"sources/native/manual_browser/src-peer-one-for-the-world/One For The World _ New York, NY _ Cause IQ.html",b605405acaea1f234efb3d5aaa1c2ae0d5509d20b09c846f0507bf0856bc9433,181516,2026-08-27T19:21:08+00:00,manual browser capture ingested and identity-checked
SRC-PEER-OPEN-MARKETS-INSTITUTE,Open Markets Institute,supporting_web_source,yes,https://projects.propublica.org/nonprofits/organizations/822529375,,,"Public Form 990 rendering, organization profile, or filing-derived scale record",sources/native/supporting/src-peer-open-markets-institute.html,pdf_or_html_or_text,500,82-2529375,,,2024.0,Peer selection and scale profile,"source-native artifact; MIME, byte length, checksum, URL, and retrieval metadata verified",present_verified_source_native,sources/native/supporting/src-peer-open-markets-institute.html,94dddca656663da23711770ec395b4da326d38406f470dbaa423ac8b56e29bd9,139374,2026-08-27T18:39:30+00:00,downloaded from https://projects.propublica.org/nonprofits/organizations/822529375
SRC-PEER-OPEN-SOURCE-INITIATIVE,Open Source Initiative,supporting_web_source,yes,https://projects.propublica.org/nonprofits/organizations/912037395,,,"Public Form 990 rendering, organization profile, or filing-derived scale record",sources/native/supporting/src-peer-open-source-initiative.html,pdf_or_html_or_text,500,91-2037395,,,2024.0,Peer selection and scale profile,"source-native artifact; MIME, byte length, checksum, URL, and retrieval metadata verified",present_verified_source_native,sources/native/supporting/src-peer-open-source-initiative.html,39a41d45c283fb5fe43b87fd2fc56f00f9baa496493d1ff69297d972c649b8b4,193742,2026-08-27T18:39:30+00:00,downloaded from https://projects.propublica.org/nonprofits/organizations/912037395
SRC-PEER-OPENSECRETS,OpenSecrets,supporting_web_source,yes,https://projects.propublica.org/nonprofits/organizations/521275227,,,"Public Form 990 rendering, organization profile, or filing-derived scale record",sources/native/supporting/src-peer-opensecrets.html,pdf_or_html_or_text,500,52-1275227,,,2025.0,Peer selection and scale profile,"source-native artifact; MIME, byte length, checksum, URL, and retrieval metadata verified",present_verified_source_native,sources/native/supporting/src-peer-opensecrets.html,af1af8d4dbf95551afec945cd2fb89a58771f5dabff040f0eb7daffcbcb59f20,286695,2026-08-27T18:39:30+00:00,downloaded from https://projects.propublica.org/nonprofits/organizations/521275227
SRC-PEER-PEAK-GRANTMAKING,PEAK Grantmaking,supporting_web_source,yes,https://projects.propublica.org/nonprofits/organizations/743158155,,,"Public Form 990 rendering, organization profile, or filing-derived scale record",sources/native/supporting/src-peer-peak-grantmaking.html,pdf_or_html_or_text,500,74-3158155,,,2024.0,Peer selection and scale profile,"source-native artifact; MIME, byte length, checksum, URL, and retrieval metadata verified",present_verified_source_native,sources/native/supporting/src-peer-peak-grantmaking.html,249f6fa7a1f35f5b845e9bc9f2225150becf60b59dd1b9c6b8e965a133993bcf,287367,2026-08-27T18:39:31+00:00,downloaded from https://projects.propublica.org/nonprofits/organizations/743158155
SRC-990-PAI-2024,Partnership on AI,supporting_web_source,yes,https://apps.irs.gov/pub/epostcard/990/xml/2025/202543219349322709_public.xml,https://projects.propublica.org/nonprofits/organizations/320518917,,official filing via IRS; browser rendering via ProPublica where available,sources/native/supporting/src-990-pai-2024.xml,pdf_or_html_or_text,500,32-0518917,202543219349322709,,2024-01-01 to 2024-12-31,Form 990 filing-derived snapshot,"source-native artifact; MIME, byte length, checksum, URL, and retrieval metadata verified",present_verified_source_native,sources/native/supporting/src-990-pai-2024.html,c60a3a19d0ccf3b026d6a9d1db527e6438ca4834aa3b469c98a272a2935d468e,179205,2026-08-27T18:39:31+00:00,downloaded from https://projects.propublica.org/nonprofits/organizations/320518917
SRC-PEER-PARTNERSHIP-ON-AI,Partnership on AI,supporting_web_source,yes,https://www.causeiq.com/organizations/partnership-on-ai-to-benefit-people-and-society%2C320518917/,,,"Public Form 990 rendering, organization profile, or filing-derived scale record",sources/native/supporting/src-peer-partnership-on-ai.html,pdf_or_html_or_text,500,32-0518917,,,2024.0,Peer selection and scale profile,"source-native artifact; MIME, byte length, checksum, URL, and retrieval metadata verified",present_verified_source_native,sources/native/supporting/src-peer-partnership-on-ai.html,f1c51427aff9029a867af96e708de26a20f8b99e33ee4a09bfac9baafdf54345,164912,2026-08-27T18:39:31+00:00,downloaded from https://www.causeiq.com/organizations/partnership-on-ai-to-benefit-people-and-society%2C320518917/
SRC-PEER-PETERSON-INSTITUTE-FOR-INTERNATIONAL-ECONOMICS,Peterson Institute for International Economics,supporting_web_source,yes,https://www.causeiq.com/organizations/peterson-institute-for-international-economics%2C521226967/,,,"Public Form 990 rendering, organization profile, or filing-derived scale record",sources/native/supporting/src-peer-peterson-institute-for-international-economics.html,pdf_or_html_or_text,500,52-1226967,,,2024.0,Peer selection and scale profile,"source-native artifact; MIME, byte length, checksum, URL, and retrieval metadata verified",present_verified_source_native,"sources/native/manual_browser/src-peer-peterson-institute-for-international-economics/Peter G Peterson Institute for International Economics (PIIE) _ Washington, DC _ Cause IQ.html",4f0be6e627aac7ae289f48a7c89341344d380aef159256546826087fd15e60a0,184853,2026-08-27T19:21:08+00:00,manual browser capture ingested and identity-checked
SRC-PEER-PHYSICIANS-COMMITTEE-FOR-RESPONSIBLE-MEDICINE,Physicians Committee for Responsible Medicine,supporting_web_source,yes,https://www.causeiq.com/organizations/physicians-committee-for-responsible-medicine%2C521394893/,,,"Public Form 990 rendering, organization profile, or filing-derived scale record",sources/native/supporting/src-peer-physicians-committee-for-responsible-medicine.html,pdf_or_html_or_text,500,52-1394893,,,,Peer selection and scale profile,"source-native artifact; MIME, byte length, checksum, URL, and retrieval metadata verified",present_verified_source_native,"sources/native/manual_browser/src-peer-physicians-committee-for-responsible-medicine/Physicians Committee for Responsible Medicine (PCRM) _ Washington, DC _ Cause IQ.html",3aab70c2b58b8b27b25f1d79918845fec93d8a739e2eae2eb46c5e001b2aebf4,194582,2026-08-27T19:21:08+00:00,manual browser capture ingested and identity-checked
SRC-PEER-PHYSICIANS-FOR-SOCIAL-RESPONSIBILITY,Physicians for Social Responsibility,supporting_web_source,yes,https://projects.propublica.org/nonprofits/organizations/237059731,,,"Public Form 990 rendering, organization profile, or filing-derived scale record",sources/native/supporting/src-peer-physicians-for-social-responsibility.html,pdf_or_html_or_text,500,23-7059731,,,2024.0,Peer selection and scale profile,"source-native artifact; MIME, byte length, checksum, URL, and retrieval metadata verified",present_verified_source_native,sources/native/supporting/src-peer-physicians-for-social-responsibility.html,a148be71ca7f87632e7fa7bc207ec439c08d33888821f6a0ff5367f9004882c7,317561,2026-08-27T18:39:32+00:00,downloaded from https://projects.propublica.org/nonprofits/organizations/237059731
SRC-PEER-POPULATION-REFERENCE-BUREAU,Population Reference Bureau,supporting_web_source,yes,https://www.causeiq.com/organizations/population-reference-bureau%2C530214030/,,,"Public Form 990 rendering, organization profile, or filing-derived scale record",sources/native/supporting/src-peer-population-reference-bureau.html,pdf_or_html_or_text,500,53-0214030,,,2023.0,Peer selection and scale profile,"source-native artifact; MIME, byte length, checksum, URL, and retrieval metadata verified",present_verified_source_native,"sources/native/manual_browser/src-peer-population-reference-bureau/Population Reference Bureau (PRB) _ Washington, DC _ Cause IQ.html",05577f10b7e75d64687d94f94146ffe62596ce4ee723f12d49ea28c5f9ef6373,186775,2026-08-27T19:21:08+00:00,manual browser capture ingested and identity-checked
SRC-PEER-PRECISION-DEVELOPMENT,Precision Development,supporting_web_source,yes,https://www.causeiq.com/organizations/precision-agriculture-for-development%2C810779400/,,,"Public Form 990 rendering, organization profile, or filing-derived scale record",sources/native/supporting/src-peer-precision-development.html,pdf_or_html_or_text,500,81-0779400,,,2023.0,Peer selection and scale profile,"source-native artifact; MIME, byte length, checksum, URL, and retrieval metadata verified",present_verified_source_native,"sources/native/manual_browser/src-peer-precision-development/Precision Development _ Newton, MA _ Cause IQ.html",4a37fa3dd19b5d611e2cf840c91d6e2ea28541bc5743f86fcfe94498fbb33dff,180590,2026-08-27T19:21:08+00:00,manual browser capture ingested and identity-checked
SRC-PROPUBLICA-METHOD,ProPublica Nonprofit Explorer,supporting_web_source,yes,https://projects.propublica.org/nonprofits/,,,derivative,sources/native/supporting/src-propublica-method.html,pdf_or_html_or_text,500,,,,,data provenance,"source-native artifact; MIME, byte length, checksum, URL, and retrieval metadata verified",present_verified_source_native,sources/native/supporting/src-propublica-method.html,963e4b5b86c2675c0af591982b715634c4f758ebd0359222d0f22beca87fe33c,68912,2026-08-27T18:39:32+00:00,downloaded from https://projects.propublica.org/nonprofits/
SRC-PEER-PROJECT-DRAWDOWN,Project Drawdown,supporting_web_source,yes,https://projects.propublica.org/nonprofits/organizations/383705448,,,"Public Form 990 rendering, organization profile, or filing-derived scale record",sources/native/supporting/src-peer-project-drawdown.html,pdf_or_html_or_text,500,38-3705448,,,2024.0,Peer selection and scale profile,"source-native artifact; MIME, byte length, checksum, URL, and retrieval metadata verified",present_verified_source_native,sources/native/supporting/src-peer-project-drawdown.html,4b69292360bf660545be667e514d2e19936e665239c4a6c86c41d7fc264d83b8,220712,2026-08-27T18:39:33+00:00,downloaded from https://projects.propublica.org/nonprofits/organizations/383705448
SRC-PEER-PROJECT-HEALTHY-CHILDREN,Project Healthy Children,supporting_web_source,yes,https://projects.propublica.org/nonprofits/organizations/830396815,,,"Public Form 990 rendering, organization profile, or filing-derived scale record",sources/native/supporting/src-peer-project-healthy-children.html,pdf_or_html_or_text,500,83-0396815,,,2022.0,Peer selection and scale profile,"source-native artifact; MIME, byte length, checksum, URL, and retrieval metadata verified",present_verified_source_native,sources/native/supporting/src-peer-project-healthy-children.html,a3e465f98362126ea4843dd38c33585ecea90f2eaed92be3b95de70a1b76faec,181669,2026-08-27T18:39:34+00:00,downloaded from https://projects.propublica.org/nonprofits/organizations/830396815
SRC-PEER-PUBLIC-AGENDA,Public Agenda,supporting_web_source,yes,https://projects.propublica.org/nonprofits/organizations/132847587,,,"Public Form 990 rendering, organization profile, or filing-derived scale record",sources/native/supporting/src-peer-public-agenda.html,pdf_or_html_or_text,500,13-2847587,,,2024.0,Peer selection and scale profile,"source-native artifact; MIME, byte length, checksum, URL, and retrieval metadata verified",present_verified_source_native,sources/native/supporting/src-peer-public-agenda.html,0b016653ffa9b7e7d5a5884c6aa16025fdbf06267386c3db6f953ee85c73ebf5,269298,2026-08-27T18:39:35+00:00,downloaded from https://projects.propublica.org/nonprofits/organizations/132847587
SRC-PEER-PUBLIC-KNOWLEDGE,Public Knowledge,supporting_web_source,yes,https://www.causeiq.com/organizations/public-knowledge%2C522336690/,,,"Public Form 990 rendering, organization profile, or filing-derived scale record",sources/native/supporting/src-peer-public-knowledge.html,pdf_or_html_or_text,500,52-2336690,,,2024.0,Peer selection and scale profile,"source-native artifact; MIME, byte length, checksum, URL, and retrieval metadata verified",present_verified_source_native,sources/native/supporting/src-peer-public-knowledge.html,7b4e6b78867f82b36dd8a9e179187977d2f9a26d07548cceabdc9a999d79c46b,166452,2026-08-27T18:39:35+00:00,downloaded from https://www.causeiq.com/organizations/public-knowledge%2C522336690/
SRC-PEER-PUBLIC-LIBRARY-OF-SCIENCE,Public Library of Science,supporting_web_source,yes,https://www.causeiq.com/organizations/public-library-of-science%2C680492065/,,,"Public Form 990 rendering, organization profile, or filing-derived scale record",sources/native/supporting/src-peer-public-library-of-science.html,pdf_or_html_or_text,500,68-0492065,,,,Peer selection and scale profile,"source-native artifact; MIME, byte length, checksum, URL, and retrieval metadata verified",present_verified_source_native,"sources/native/manual_browser/src-peer-public-library-of-science/Public Library of Science (PLOS) _ Alhambra, CA _ Cause IQ.html",9682cf6fc147bd2cc7be22c4cefaa5bd477440b7ab7566ca671bf7b46573217f,188353,2026-08-27T19:21:08+00:00,manual browser capture ingested and identity-checked
SRC-PEER-PURE-EARTH,Pure Earth,supporting_web_source,yes,https://www.causeiq.com/organizations/pure-earth%2C134075779/,,,"Public Form 990 rendering, organization profile, or filing-derived scale record",sources/native/supporting/src-peer-pure-earth.html,pdf_or_html_or_text,500,13-4075779,,,,Peer selection and scale profile,"source-native artifact; MIME, byte length, checksum, URL, and retrieval metadata verified",present_verified_source_native,"sources/native/manual_browser/src-peer-pure-earth/Pure Earth _ New York, NY _ Cause IQ.html",195e4f0df452e19452a775048a34626caa21788c776a69659b8ea0961199c1a6,183398,2026-08-27T19:21:08+00:00,manual browser capture ingested and identity-checked
SRC-PEER-QUINCY-INSTITUTE-FOR-RESPONSIBLE-STATECRAFT,Quincy Institute for Responsible Statecraft,supporting_web_source,yes,https://projects.propublica.org/nonprofits/organizations/842285143,,,"Public Form 990 rendering, organization profile, or filing-derived scale record",sources/native/supporting/src-peer-quincy-institute-for-responsible-statecraft.html,pdf_or_html_or_text,500,84-2285143,,,2024.0,Peer selection and scale profile,"source-native artifact; MIME, byte length, checksum, URL, and retrieval metadata verified",present_verified_source_native,sources/native/supporting/src-peer-quincy-institute-for-responsible-statecraft.html,3fa699e19ec1db890d25f39ba693cf472cfdbfa066495dc33b942ce9116385fa,120540,2026-08-27T18:39:35+00:00,downloaded from https://projects.propublica.org/nonprofits/organizations/842285143
SRC-990-RSTREET-2024,R Street Institute,supporting_web_source,yes,https://apps.irs.gov/pub/epostcard/990/xml/2025/202503119349301245_public.xml,https://projects.propublica.org/nonprofits/organizations/263477125,,official filing via IRS; browser rendering via ProPublica where available,sources/native/supporting/src-990-rstreet-2024.xml,pdf_or_html_or_text,500,26-3477125,202503119349301245,,2024-01-01 to 2024-12-31,Form 990 filing-derived snapshot,"source-native artifact; MIME, byte length, checksum, URL, and retrieval metadata verified",present_verified_source_native,sources/native/supporting/src-990-rstreet-2024.html,a36be77770099d2a2b2d9eb329298e7a95a0d57fd5b5f8113e12ddc13ec54879,234035,2026-08-27T18:39:37+00:00,downloaded from https://projects.propublica.org/nonprofits/organizations/263477125
SRC-PEER-REDWOOD-RESEARCH,Redwood Research,supporting_web_source,yes,https://www.causeiq.com/organizations/redwood-research-group%2C871702255/,,,"Public Form 990 rendering, organization profile, or filing-derived scale record",sources/native/supporting/src-peer-redwood-research.html,pdf_or_html_or_text,500,87-1702255,,,2024.0,Peer selection and scale profile,"source-native artifact; MIME, byte length, checksum, URL, and retrieval metadata verified",present_verified_source_native,"sources/native/manual_browser/src-peer-redwood-research/Redwood Research Group _ Berkeley, CA _ Cause IQ.html",d70730ae15ed43204b9a9ec6761f973bd8a70bf9aea90233cacd9f725e52330e,178622,2026-08-27T19:21:08+00:00,manual browser capture ingested and identity-checked
SRC-PEER-RESEARCH-AMERICA,Research!America,supporting_web_source,yes,https://projects.propublica.org/nonprofits/organizations/521609875,,,"Public Form 990 rendering, organization profile, or filing-derived scale record",sources/native/supporting/src-peer-research-america.html,pdf_or_html_or_text,500,52-1609875,,,2025.0,Peer selection and scale profile,"source-native artifact; MIME, byte length, checksum, URL, and retrieval metadata verified",present_verified_source_native,sources/native/supporting/src-peer-research-america.html,0a80ff3d73c9190e6adf36de793a4f9861772604bb090cef9cd2299558e4029b,344673,2026-08-27T18:39:38+00:00,downloaded from https://projects.propublica.org/nonprofits/organizations/521609875
SRC-PEER-RESOLVE-TO-SAVE-LIVES,Resolve to Save Lives,supporting_web_source,yes,https://www.causeiq.com/organizations/resolve-to-save-lives%2C862254152/,,,"Public Form 990 rendering, organization profile, or filing-derived scale record",sources/native/supporting/src-peer-resolve-to-save-lives.html,pdf_or_html_or_text,500,86-2254152,,,,Peer selection and scale profile,"source-native artifact; MIME, byte length, checksum, URL, and retrieval metadata verified",present_verified_source_native,"sources/native/manual_browser/src-peer-resolve-to-save-lives/Resolve To Save Lives _ Alexandria, VA _ Cause IQ.html",0b6c07ab58c9639f02bc10632e2fbbd1745d54687dd3258a6e23973370b3ec20,182457,2026-08-27T19:21:08+00:00,manual browser capture ingested and identity-checked
SRC-990-RFF-2024,Resources for the Future,supporting_web_source,yes,https://apps.irs.gov/pub/epostcard/990/xml/2025/202511929349300821_public.xml,https://projects.propublica.org/nonprofits/organizations/530220900,,official filing via IRS; browser rendering via ProPublica where available,sources/native/supporting/src-990-rff-2024.xml,pdf_or_html_or_text,500,53-0220900,202511929349300821,,2023-10-01 to 2024-09-30,Form 990 filing-derived snapshot,"source-native artifact; MIME, byte length, checksum, URL, and retrieval metadata verified",present_verified_source_native,sources/native/supporting/src-990-rff-2024.html,691509bc6ed5806cb071a00b9a1b4683f03bfcd0c135068ffc6c1c75b836066c,340667,2026-08-27T18:39:39+00:00,downloaded from https://projects.propublica.org/nonprofits/organizations/530220900
SRC-990-RFA-2024,Results for America,supporting_web_source,yes,https://apps.irs.gov/pub/epostcard/990/xml/2025/202513179349309376_public.xml,https://projects.propublica.org/nonprofits/organizations/812709681,,official filing via IRS; browser rendering via ProPublica where available,sources/native/supporting/src-990-rfa-2024.xml,pdf_or_html_or_text,500,81-2709681,202513179349309376,,2024-01-01 to 2024-12-31,Form 990 filing-derived snapshot,"source-native artifact; MIME, byte length, checksum, URL, and retrieval metadata verified",present_verified_source_native,sources/native/supporting/src-990-rfa-2024.html,2691f3e3b0e0a5a9cbb2f20b05c4f7da97e5f7cecc8d6e75270bf58fcf69f4ab,174915,2026-08-27T18:39:41+00:00,downloaded from https://projects.propublica.org/nonprofits/organizations/812709681
SRC-PEER-RESULTS-FOR-AMERICA,Results for America,supporting_web_source,yes,https://projects.propublica.org/nonprofits/organizations/812709681,,,"Public Form 990 rendering, organization profile, or filing-derived scale record",sources/native/supporting/src-peer-results-for-america.html,pdf_or_html_or_text,500,81-2709681,,,2024.0,Peer selection and scale profile,"source-native artifact; MIME, byte length, checksum, URL, and retrieval metadata verified",present_verified_source_native,sources/native/supporting/src-peer-results-for-america.html,2691f3e3b0e0a5a9cbb2f20b05c4f7da97e5f7cecc8d6e75270bf58fcf69f4ab,174915,2026-08-27T18:39:41+00:00,downloaded from https://projects.propublica.org/nonprofits/organizations/812709681
SRC-PEER-RESULTS-FOR-DEVELOPMENT,Results for Development,supporting_web_source,yes,https://www.causeiq.com/organizations/results-for-development%2C208530747/,,,"Public Form 990 rendering, organization profile, or filing-derived scale record",sources/native/supporting/src-peer-results-for-development.html,pdf_or_html_or_text,500,20-8530747,,,2024.0,Peer selection and scale profile,"source-native artifact; MIME, byte length, checksum, URL, and retrieval metadata verified",present_verified_source_native,sources/native/supporting/src-peer-results-for-development.html,17f4238b7d686914e05ebdc6ced4f0ad00cef99bc25453c87ba89dba617825bb,167168,2026-08-27T18:39:42+00:00,downloaded from https://www.causeiq.com/organizations/results-for-development%2C208530747/
SRC-RP-2025-RESULTS,Rethink Priorities,supporting_web_source,yes,https://rethinkpriorities.org/2025-results/,,,original,sources/native/supporting/src-rp-2025-results.html,pdf_or_html_or_text,500,,,,,RP 2025 results and 2026 plans,"source-native artifact; MIME, byte length, checksum, URL, and retrieval metadata verified",present_verified_source_native,sources/native/supporting/src-rp-2025-results.html,3bed0e3a950d3999c55a6eb7c780cd278d907ff08a9db2f7f6642284d7955879,122851,2026-08-27T18:39:42+00:00,downloaded from https://rethinkpriorities.org/2025-results/
SRC-RP-990-SCALE,Rethink Priorities,supporting_web_source,yes,https://projects.propublica.org/nonprofits/organizations/843896318,,,derivative,sources/native/supporting/src-rp-990-scale.html,pdf_or_html_or_text,500,,,,,RP public Form 990 scale rendering,"source-native artifact; MIME, byte length, checksum, URL, and retrieval metadata verified",present_verified_source_native,sources/native/supporting/src-rp-990-scale.html,a7990071270900a380e876c856cb8a7e14c9b216dd02e42f111ede76590176f2,112425,2026-08-27T18:39:42+00:00,downloaded from https://projects.propublica.org/nonprofits/organizations/843896318
SRC-RP-ABOUT,Rethink Priorities,supporting_web_source,yes,https://rethinkpriorities.org/about-us/,,,original,sources/native/supporting/src-rp-about.html,pdf_or_html_or_text,500,,,,,RP public role and governance pages,"source-native artifact; MIME, byte length, checksum, URL, and retrieval metadata verified",present_verified_source_native,sources/native/supporting/src-rp-about.html,1912575d744b5aea203a5555087187e81bc8d45f40b7b238b08f7e4dc880e5ea,164211,2026-08-27T18:39:42+00:00,downloaded from https://rethinkpriorities.org/about-us/
SRC-RP-FUNDING-NEEDS,Rethink Priorities,supporting_web_source,yes,https://rethinkpriorities.org/rethink-priorities-funding-needs/,,,original,sources/native/supporting/src-rp-funding-needs.html,pdf_or_html_or_text,500,,,,,RP funding-needs page,"source-native artifact; MIME, byte length, checksum, URL, and retrieval metadata verified",present_verified_source_native,sources/native/supporting/src-rp-funding-needs.html,3d5df9de7b20e2d07e8e83b70f59365aa9d226c2cd5b24b43ec0c6dc157746bb,154062,2026-08-27T18:39:42+00:00,downloaded from https://rethinkpriorities.org/rethink-priorities-funding-needs/
SRC-RP-REGRANT,Rethink Priorities,supporting_web_source,yes,https://rethinkpriorities.org/impact-area/uniting-for-impact-improving-farmed-animal-welfare-across-the-eu/,,,original,sources/native/supporting/src-rp-regrant.html,pdf_or_html_or_text,500,,,,,RP regranting impact page,"source-native artifact; MIME, byte length, checksum, URL, and retrieval metadata verified",present_verified_source_native,sources/native/supporting/src-rp-regrant.html,668eda7e1aab99c607be1ca3b1b623ca0bffc0d5b125d17e04e1fa62c4c59343,117017,2026-08-27T18:39:43+00:00,downloaded from https://rethinkpriorities.org/impact-area/uniting-for-impact-improving-farmed-animal-welfare-across-the-eu/
SRC-RP-SPECIAL-PROJECTS,Rethink Priorities,supporting_web_source,yes,https://rethinkpriorities.org/our-services/special-projects/,,,original,sources/native/supporting/src-rp-special-projects.html,pdf_or_html_or_text,500,,,,,RP Special Projects page,"source-native artifact; MIME, byte length, checksum, URL, and retrieval metadata verified",present_verified_source_native,sources/native/supporting/src-rp-special-projects.html,e4f7e306a0f08e4c459fa56ee904a06d6c02757de04ca026df2dc657c9b14d05,131041,2026-08-27T18:39:44+00:00,downloaded from https://rethinkpriorities.org/our-services/special-projects/
SRC-PEER-ROOSEVELT-INSTITUTE,Roosevelt Institute,supporting_web_source,yes,https://projects.propublica.org/nonprofits/organizations/237213592,,,"Public Form 990 rendering, organization profile, or filing-derived scale record",sources/native/supporting/src-peer-roosevelt-institute.html,pdf_or_html_or_text,500,23-7213592,,,2024.0,Peer selection and scale profile,"source-native artifact; MIME, byte length, checksum, URL, and retrieval metadata verified",present_verified_source_native,sources/native/supporting/src-peer-roosevelt-institute.html,da1a5222f387178ac3a94a56d2e05074b53f46b8686fcac1065804a5bb35d860,264698,2026-08-27T18:39:44+00:00,downloaded from https://projects.propublica.org/nonprofits/organizations/237213592
SRC-PEER-SAN-FRANCISCO-ESTUARY-INSTITUTE,San Francisco Estuary Institute,supporting_web_source,yes,https://www.causeiq.com/organizations/san-francisco-estuary-institute%2C942951373/,,,"Public Form 990 rendering, organization profile, or filing-derived scale record",sources/native/supporting/src-peer-san-francisco-estuary-institute.html,pdf_or_html_or_text,500,94-2951373,,,2024.0,Peer selection and scale profile,"source-native artifact; MIME, byte length, checksum, URL, and retrieval metadata verified",present_verified_source_native,sources/native/supporting/src-peer-san-francisco-estuary-institute.html,ad40ba18c914099865e46c1412f1736ee30be9902e4a03e574737f0536baf34b,166660,2026-08-27T18:39:44+00:00,downloaded from https://www.causeiq.com/organizations/san-francisco-estuary-institute%2C942951373/
SRC-PEER-SENTIENCE-INSTITUTE,Sentience Institute,supporting_web_source,yes,https://www.causeiq.com/organizations/sentience-institute%2C822537926/,,,"Public Form 990 rendering, organization profile, or filing-derived scale record",sources/native/supporting/src-peer-sentience-institute.html,pdf_or_html_or_text,500,82-2537926,,,,Peer selection and scale profile,"source-native artifact; MIME, byte length, checksum, URL, and retrieval metadata verified",present_verified_source_native,"sources/native/manual_browser/src-peer-sentience-institute/Sentience Institute _ New York, NY _ Cause IQ.html",638470d82145743ef1baf8d986f9e7e77242c9da41a0764a0d68d1675af66223,155794,2026-08-27T19:21:08+00:00,manual browser capture ingested and identity-checked
SRC-PEER-SENTIENT-MEDIA,Sentient Media,supporting_web_source,yes,https://projects.propublica.org/nonprofits/organizations/830804345,,,"Public Form 990 rendering, organization profile, or filing-derived scale record",sources/native/supporting/src-peer-sentient-media.html,pdf_or_html_or_text,500,83-0804345,,,2024.0,Peer selection and scale profile,"source-native artifact; MIME, byte length, checksum, URL, and retrieval metadata verified",present_verified_source_native,sources/native/supporting/src-peer-sentient-media.html,da0d3e8df428529c0c45bbfeecf7e98d191ffa0a502edd887b7aa4a2a3bc3c08,91887,2026-08-27T18:39:46+00:00,downloaded from https://projects.propublica.org/nonprofits/organizations/830804345
SRC-PEER-SIGHTLINE-INSTITUTE,Sightline Institute,supporting_web_source,yes,https://projects.propublica.org/nonprofits/organizations/521833599,,,"Public Form 990 rendering, organization profile, or filing-derived scale record",sources/native/supporting/src-peer-sightline-institute.html,pdf_or_html_or_text,500,52-1833599,,,2024.0,Peer selection and scale profile,"source-native artifact; MIME, byte length, checksum, URL, and retrieval metadata verified",present_verified_source_native,sources/native/supporting/src-peer-sightline-institute.html,8332920a6c68daed33270105dc222b5e4532876c658642122cfd7e7400123bb8,251876,2026-08-27T18:39:47+00:00,downloaded from https://projects.propublica.org/nonprofits/organizations/521833599
SRC-990-SSRC-2024,Social Science Research Council,supporting_web_source,yes,https://apps.irs.gov/pub/epostcard/990/xml/2026/202641339349307834_public.xml,https://projects.propublica.org/nonprofits/organizations/131325070,,official filing via IRS; browser rendering via ProPublica where available,sources/native/supporting/src-990-ssrc-2024.xml,pdf_or_html_or_text,500,13-1325070,202641339349307834,,2024-07-01 to 2025-06-30,Form 990 filing-derived snapshot,"source-native artifact; MIME, byte length, checksum, URL, and retrieval metadata verified",present_verified_source_native,sources/native/supporting/src-990-ssrc-2024.html,5ba281c3ee50d8fda9386c2a81352416241b957ef4727d40df720c620ccb45cb,339369,2026-08-27T18:39:47+00:00,downloaded from https://projects.propublica.org/nonprofits/organizations/131325070
SRC-PEER-SOCIAL-SCIENCE-RESEARCH-COUNCIL,Social Science Research Council,supporting_web_source,yes,https://projects.propublica.org/nonprofits/organizations/131325070,,,"Public Form 990 rendering, organization profile, or filing-derived scale record",sources/native/supporting/src-peer-social-science-research-council.html,pdf_or_html_or_text,500,13-1325070,,,2024.0,Peer selection and scale profile,"source-native artifact; MIME, byte length, checksum, URL, and retrieval metadata verified",present_verified_source_native,sources/native/supporting/src-peer-social-science-research-council.html,5ba281c3ee50d8fda9386c2a81352416241b957ef4727d40df720c620ccb45cb,339369,2026-08-27T18:39:47+00:00,downloaded from https://projects.propublica.org/nonprofits/organizations/131325070
SRC-PEER-SOFTWARE-FREEDOM-CONSERVANCY,Software Freedom Conservancy,supporting_web_source,yes,https://projects.propublica.org/nonprofits/organizations/412203632,,,"Public Form 990 rendering, organization profile, or filing-derived scale record",sources/native/supporting/src-peer-software-freedom-conservancy.html,pdf_or_html_or_text,500,41-2203632,,,2024.0,Peer selection and scale profile,"source-native artifact; MIME, byte length, checksum, URL, and retrieval metadata verified",present_verified_source_native,sources/native/supporting/src-peer-software-freedom-conservancy.html,4ad71d19609a4f25e41b3ad5cf5acff632d3c35aeefd4d7b2e3a656b9c8fc5ce,179559,2026-08-27T18:39:49+00:00,downloaded from https://projects.propublica.org/nonprofits/organizations/412203632
SRC-PEER-STIMSON-CENTER,Stimson Center,supporting_web_source,yes,https://www.causeiq.com/organizations/stimson-center%2C521640938/,,,"Public Form 990 rendering, organization profile, or filing-derived scale record",sources/native/supporting/src-peer-stimson-center.html,pdf_or_html_or_text,500,52-1640938,,,2024.0,Peer selection and scale profile,"source-native artifact; MIME, byte length, checksum, URL, and retrieval metadata verified",present_verified_source_native,sources/native/supporting/src-peer-stimson-center.html,88972aa83c1e2529774f1979951f2bf3ebb8a7c94fb5f870a3d5fcab44e02a30,166949,2026-08-27T18:39:49+00:00,downloaded from https://www.causeiq.com/organizations/stimson-center%2C521640938/
SRC-PEER-STRONGMINDS,StrongMinds,supporting_web_source,yes,https://www.causeiq.com/organizations/strongminds%2C462090059/,,,"Public Form 990 rendering, organization profile, or filing-derived scale record",sources/native/supporting/src-peer-strongminds.html,pdf_or_html_or_text,500,46-2090059,,,2024.0,Peer selection and scale profile,"source-native artifact; MIME, byte length, checksum, URL, and retrieval metadata verified",present_verified_source_native,"sources/native/manual_browser/src-peer-strongminds/StrongMinds _ Maplewood, NJ _ Cause IQ.html",77fbff890f7df151486750ef0c4124ac1c56e5da326ad5548c8a369dde2e7873,179950,2026-08-27T19:21:08+00:00,manual browser capture ingested and identity-checked
SRC-PEER-TAX-FOUNDATION,Tax Foundation,supporting_web_source,yes,https://projects.propublica.org/nonprofits/organizations/521703065,,,"Public Form 990 rendering, organization profile, or filing-derived scale record",sources/native/supporting/src-peer-tax-foundation.html,pdf_or_html_or_text,500,52-1703065,,,2025.0,Peer selection and scale profile,"source-native artifact; MIME, byte length, checksum, URL, and retrieval metadata verified",present_verified_source_native,sources/native/supporting/src-peer-tax-foundation.html,01eefeb2e956ab9baf143b4946ca40aad9e9a85c1bfba8a250247c70f86f7f9e,235061,2026-08-27T18:39:50+00:00,downloaded from https://projects.propublica.org/nonprofits/organizations/521703065
SRC-PEER-TECHCONGRESS,TechCongress,supporting_web_source,yes,https://projects.propublica.org/nonprofits/organizations/811839685,,,"Public Form 990 rendering, organization profile, or filing-derived scale record",sources/native/supporting/src-peer-techcongress.html,pdf_or_html_or_text,500,81-1839685,,,2025.0,Peer selection and scale profile,"source-native artifact; MIME, byte length, checksum, URL, and retrieval metadata verified",present_verified_source_native,sources/native/supporting/src-peer-techcongress.html,bb9c560e05de3d02671d693b4e6db76c3efe96fd584464c41b76ed1f63b90f04,80285,2026-08-27T18:39:50+00:00,downloaded from https://projects.propublica.org/nonprofits/organizations/811839685
SRC-PEER-TECHNICAL-ASSISTANCE-COLLABORATIVE,Technical Assistance Collaborative,supporting_web_source,yes,https://www.causeiq.com/organizations/technical-assistance-collaborative%2C223181028/,,,"Public Form 990 rendering, organization profile, or filing-derived scale record",sources/native/supporting/src-peer-technical-assistance-collaborative.html,pdf_or_html_or_text,500,22-3181028,,,2023.0,Peer selection and scale profile,"source-native artifact; MIME, byte length, checksum, URL, and retrieval metadata verified",present_verified_source_native,"sources/native/manual_browser/src-peer-technical-assistance-collaborative/Technical Assistance Collaborative (TAC) _ Boston, MA _ Cause IQ.html",676dabe513a16d139e895ce44f822de48e6198ad297ab21c20ec4b2be35d4367,181743,2026-08-27T19:21:08+00:00,manual browser capture ingested and identity-checked
SRC-PEER-THE-HUMANE-LEAGUE,The Humane League,supporting_web_source,yes,https://www.causeiq.com/organizations/the-humane-league%2C043817491/,,,"Public Form 990 rendering, organization profile, or filing-derived scale record",sources/native/supporting/src-peer-the-humane-league.html,pdf_or_html_or_text,500,04-3817491,,,2024.0,Peer selection and scale profile,"source-native artifact; MIME, byte length, checksum, URL, and retrieval metadata verified",present_verified_source_native,"sources/native/manual_browser/src-peer-the-humane-league/The Humane League _ Rockville, MD _ Cause IQ.html",1fbd162ada8fa07d66716a46bd6eb29914a9afc70d36a5957013df06e3440d81,186910,2026-08-27T19:21:08+00:00,manual browser capture ingested and identity-checked
SRC-PEER-THE-SENTENCING-PROJECT,The Sentencing Project,supporting_web_source,yes,https://projects.propublica.org/nonprofits/organizations/521472546,,,"Public Form 990 rendering, organization profile, or filing-derived scale record",sources/native/supporting/src-peer-the-sentencing-project.html,pdf_or_html_or_text,500,52-1472546,,,2024.0,Peer selection and scale profile,"source-native artifact; MIME, byte length, checksum, URL, and retrieval metadata verified",present_verified_source_native,sources/native/supporting/src-peer-the-sentencing-project.html,68a308dbf042778d395191b818ca2406fa1bf25adedc8ce4e7846042376b4337,235339,2026-08-27T18:39:52+00:00,downloaded from https://projects.propublica.org/nonprofits/organizations/521472546
SRC-PEER-THIRD-WAY-INSTITUTE,Third Way Institute,supporting_web_source,yes,https://projects.propublica.org/nonprofits/organizations/260535276,,,"Public Form 990 rendering, organization profile, or filing-derived scale record",sources/native/supporting/src-peer-third-way-institute.html,pdf_or_html_or_text,500,26-0535276,,,2024.0,Peer selection and scale profile,"source-native artifact; MIME, byte length, checksum, URL, and retrieval metadata verified",present_verified_source_native,sources/native/supporting/src-peer-third-way-institute.html,89413b87868a89961b2f050c09fbe03736e83186fc66be55f7c3c33fd5cf1239,207794,2026-08-27T18:39:53+00:00,downloaded from https://projects.propublica.org/nonprofits/organizations/260535276
SRC-BLS-CPI-HIST,U.S. Bureau of Labor Statistics,supporting_web_source,yes,https://www.bls.gov/cpi/data.htm,,,original,sources/native/supporting/src-bls-cpi-hist.html,pdf_or_html_or_text,500,,,,,historical CPI series,"source-native artifact; MIME, byte length, checksum, URL, and retrieval metadata verified",present_verified_source_native,sources/native/supporting/src-bls-cpi-hist.html,76012b7db0682e8fc79800e163c3099990bfc1244297e422d09f5c358e9a0d22,72407,2026-08-27T18:39:53+00:00,downloaded from https://www.bls.gov/cpi/data.htm
SRC-BLS-CPI-JUL26,U.S. Bureau of Labor Statistics,supporting_web_source,yes,https://www.bls.gov/news.release/cpi.t01.htm,,,original,sources/native/supporting/src-bls-cpi-jul26.html,pdf_or_html_or_text,500,,,,,CPI table,"source-native artifact; MIME, byte length, checksum, URL, and retrieval metadata verified",present_verified_source_native,sources/native/supporting/src-bls-cpi-jul26.html,eeecf5eb6f4b687a68a5f26451dcd1038fb81eefe6e8fa0a839f8b15724c4573,93035,2026-08-27T18:39:53+00:00,downloaded from https://www.bls.gov/news.release/cpi.t01.htm
SRC-BLS-CPI-SCHEDULE,U.S. Bureau of Labor Statistics,supporting_web_source,yes,https://www.bls.gov/schedule/news_release/cpi.htm,,,original,sources/native/supporting/src-bls-cpi-schedule.html,pdf_or_html_or_text,500,,,,,release schedule,"source-native artifact; MIME, byte length, checksum, URL, and retrieval metadata verified",present_verified_source_native,sources/native/supporting/src-bls-cpi-schedule.html,b789fd09daee3fb33e18e0da008fd3de923f84d21f55e15bd4df36fdda0453fc,55571,2026-08-27T18:39:53+00:00,downloaded from https://www.bls.gov/schedule/news_release/cpi.htm
SRC-PEER-VEGAN-OUTREACH,Vegan Outreach,supporting_web_source,yes,https://www.causeiq.com/organizations/vegan-outreach%2C860736818/,,,"Public Form 990 rendering, organization profile, or filing-derived scale record",sources/native/supporting/src-peer-vegan-outreach.html,pdf_or_html_or_text,500,86-0736818,,,,Peer selection and scale profile,"source-native artifact; MIME, byte length, checksum, URL, and retrieval metadata verified",present_verified_source_native,sources/native/supporting/src-peer-vegan-outreach.html,aaa87c8dc34a4b1c3ea5a5611b9e56054a11e90c5941e15107f9fe0b18931940,163717,2026-08-27T18:39:54+00:00,downloaded from https://www.causeiq.com/organizations/vegan-outreach%2C860736818/
SRC-PEER-VERA-INSTITUTE-OF-JUSTICE,Vera Institute of Justice,supporting_web_source,yes,https://projects.propublica.org/nonprofits/organizations/131941627,,,"Public Form 990 rendering, organization profile, or filing-derived scale record",sources/native/supporting/src-peer-vera-institute-of-justice.html,pdf_or_html_or_text,500,13-1941627,,,2024.0,Peer selection and scale profile,"source-native artifact; MIME, byte length, checksum, URL, and retrieval metadata verified",present_verified_source_native,sources/native/supporting/src-peer-vera-institute-of-justice.html,e67d21f3a28896d7c9f96af1192ca191b10db6a71cab152fdb6dc0ffcb60a9b3,341720,2026-08-27T18:39:54+00:00,downloaded from https://projects.propublica.org/nonprofits/organizations/131941627
SRC-PEER-VILLAGE-ENTERPRISE,Village Enterprise,supporting_web_source,yes,https://www.causeiq.com/organizations/village-enterprise%2C222852248/,,,"Public Form 990 rendering, organization profile, or filing-derived scale record",sources/native/supporting/src-peer-village-enterprise.html,pdf_or_html_or_text,500,22-2852248,,,2024.0,Peer selection and scale profile,"source-native artifact; MIME, byte length, checksum, URL, and retrieval metadata verified",present_verified_source_native,"sources/native/manual_browser/src-peer-village-enterprise/Village Enterprise Fund _ San Carlos, CA _ Cause IQ.html",eda5bdbaf93a579529f69558ea8f6f459eb49db02b7408fcc3ff0e4326cc157a,185432,2026-08-27T19:21:08+00:00,manual browser capture ingested and identity-checked
SRC-PEER-VILLAGEREACH,VillageReach,supporting_web_source,yes,https://www.causeiq.com/organizations/villagereach%2C912083484/,,,"Public Form 990 rendering, organization profile, or filing-derived scale record",sources/native/supporting/src-peer-villagereach.html,pdf_or_html_or_text,500,91-2083484,,,2023.0,Peer selection and scale profile,"source-native artifact; MIME, byte length, checksum, URL, and retrieval metadata verified",present_verified_source_native,"sources/native/manual_browser/src-peer-villagereach/VillageReach _ Seattle, WA _ Cause IQ.html",b964552a6f74e62101e838aaff4722266af2e2cfe93b8b4a48b349c50c79c496,186442,2026-08-27T19:21:08+00:00,manual browser capture ingested and identity-checked
SRC-PEER-WILD-ANIMAL-INITIATIVE,Wild Animal Initiative,supporting_web_source,yes,https://www.causeiq.com/organizations/utility-farm%2C822281466/,,,"Public Form 990 rendering, organization profile, or filing-derived scale record",sources/native/supporting/src-peer-wild-animal-initiative.html,pdf_or_html_or_text,500,82-2281466,,,2024.0,Peer selection and scale profile,"source-native artifact; MIME, byte length, checksum, URL, and retrieval metadata verified",present_verified_source_native,"sources/native/manual_browser/src-peer-wild-animal-initiative/Wild Animal Initiative _ Minneapolis, MN _ Cause IQ.html",449f7604c252df5cd583dfc0a8e8a7e211d268aaa64b821aade64b2de3a045e9,181065,2026-08-27T19:21:08+00:00,manual browser capture ingested and identity-checked
SRC-PEER-WORLD-JUSTICE-PROJECT,World Justice Project,supporting_web_source,yes,https://www.causeiq.com/organizations/world-justice-project%2C270359097/,,,"Public Form 990 rendering, organization profile, or filing-derived scale record",sources/native/supporting/src-peer-world-justice-project.html,pdf_or_html_or_text,500,27-0359097,,,2024.0,Peer selection and scale profile,"source-native artifact; MIME, byte length, checksum, URL, and retrieval metadata verified",present_verified_source_native,"sources/native/manual_browser/src-peer-world-justice-project/World Justice Project (WJP) _ Washington, DC _ Cause IQ.html",4912fc0388fa69ca4f75563e2f28f9840adf164bd351c3ab6230e457f54271a6,184536,2026-08-27T19:21:08+00:00,manual browser capture ingested and identity-checked
SRC-PEER-IDEAS42,ideas42,supporting_web_source,yes,https://www.causeiq.com/organizations/ideas42%2C271678009/,,,"Public Form 990 rendering, organization profile, or filing-derived scale record",sources/native/supporting/src-peer-ideas42.html,pdf_or_html_or_text,500,27-1678009,,,2023.0,Peer selection and scale profile,"source-native artifact; MIME, byte length, checksum, URL, and retrieval metadata verified",present_verified_source_native,"sources/native/manual_browser/src-peer-ideas42/Ideas42 _ Washington, DC _ Cause IQ.html",075b0ca112ee24cb07a4a3b1c0d911e111abf1cef752e8339f1dc7110bda8a11,187775,2026-08-27T19:21:08+00:00,manual browser capture ingested and identity-checked
