stream,id,source_id,organization,default_included,tier,analysis_status,source_path,source_url,canonical_url,pay_blind_selection_flags,expected_executive,expected_title,expected_base,expected_cash,expected_total,expected_revenue,expected_expenses,expected_staff,compensation_year,cpi_factor,verification_mode,validation_status,issue,observed_executive,observed_title,observed_hours,observed_related_hours,observed_combined_hours,observed_base,observed_cash,observed_total,observed_revenue,observed_expenses,observed_staff,compensation_exact,scale_exact,cpi_exact,role_hours_status,source_locator,current_model_training,followup_evidence_status,followup_source_url,followup_pay_blind_recommendation
incumbent,SRC-990-EXT-CENTER-FOR-AI-SAFETY,SRC-990-EXT-CENTER-FOR-AI-SAFETY,Center for AI Safety,True,A,primary,sources/native/form990/202503219349323615_public.xml,https://projects.propublica.org/nonprofits/organizations/881751310,https://apps.irs.gov/pub/epostcard/990/xml/2025/202503219349323615_public.xml,tier=A; analysis=primary; structure=independent nonprofit; location=Location not reported; founder-led; filing_staff=25; filing_expenses=7163607; workplace=In-person / hybrid; fiscal_sponsor=Unknown,Daniel James Hendrycks,Executive Dir.,314534.0,314534.0,321283.0,10235085.0,7163607.0,25.0,2024.0,1.0644880037701905,machine_reparse_local_irs_xml,verified,,Daniel James Hendrycks,Executive Dir.,40.0,0.0,40.0,314534,314534,321283,10235085,7163607,25,True,True,True,40_or_more,IRS XML: Form990PartVIISectionAGrp matched by executive; IRS990ScheduleJ matched by executive,see predictive-model training IDs,,,
incumbent,REF-metr,,METR,False,A,selected; no clean observation,,,,tier=A; analysis=selected; no clean observation; structure=independent nonprofit; location=United States; filing_staff=38; filing_expenses=8234524; workplace=In-person / hybrid; fiscal_sponsor=Unknown,,Not reported,,,,13639155.0,8234524.0,38.0,,1.0,not_a_quantitative_compensation_observation,not_applicable,selected reference organization has no retained CEO salary point,,,,,,,,,,,,n/a,n/a,n/a,not_applicable,,see predictive-model training IDs,,,
incumbent,SRC-990-EXT-PARTNERSHIP-ON-AI,SRC-990-EXT-PARTNERSHIP-ON-AI,Partnership on AI,True,A,primary,sources/native/form990/202543219349322709_public.xml,https://projects.propublica.org/nonprofits/organizations/320518917,https://apps.irs.gov/pub/epostcard/990/xml/2025/202543219349322709_public.xml,tier=A; analysis=primary; structure=independent nonprofit; location=International / multi-country; filing_staff=28; filing_expenses=8372133; workplace=Remote; fiscal_sponsor=Unknown,REBECCA FINLAY,CEO,337293.0,337293.0,368023.0,9023889.0,8372133.0,28.0,2024.0,1.0644880037701905,machine_reparse_local_irs_xml,verified,,REBECCA FINLAY,CEO,40.0,,40.0,337293,337293,368023,9023889,8372133,28,True,True,True,40_or_more,IRS XML: Form990PartVIISectionAGrp matched by executive; IRS990ScheduleJ matched by executive,see predictive-model training IDs,,,
incumbent,SRC-990-EXT-POPULATION-REFERENCE-BUREAU,SRC-990-EXT-POPULATION-REFERENCE-BUREAU,Population Reference Bureau,True,A,primary_older_clean,sources/native/form990/202501789349301305_public.xml,https://projects.propublica.org/nonprofits/organizations/530214030,https://apps.irs.gov/pub/epostcard/990/xml/2025/202501789349301305_public.xml,tier=A; analysis=primary_older_clean; structure=independent nonprofit; location=Location not reported; filing_staff=59; filing_expenses=12190648; workplace=Unknown; fiscal_sponsor=Unknown,Jeffrey Jordan,President & CEO (Until 5/2024),335960.0,357544.0,414706.0,11745158.0,12190648.0,59.0,2023.0,1.095885345744019,machine_reparse_local_irs_xml,verified,,Jeffrey Jordan,President & CEO (Until 5/2024),50.0,,50.0,335960,357544,414706,11745158,12190648,59,True,True,True,40_or_more,IRS XML: Form990PartVIISectionAGrp matched by executive; IRS990ScheduleJ matched by executive,see predictive-model training IDs,,,
incumbent,SRC-990-EXT-FUTURE-OF-PRIVACY-FORUM,SRC-990-EXT-FUTURE-OF-PRIVACY-FORUM,Future of Privacy Forum,True,A,primary,sources/native/form990/202543219349319589_public.xml,https://projects.propublica.org/nonprofits/organizations/453763097,https://apps.irs.gov/pub/epostcard/990/xml/2025/202543219349319589_public.xml,tier=A; analysis=primary; structure=independent nonprofit; location=United States; founder-led; filing_staff=54; filing_expenses=14356624; workplace=In-person / hybrid; fiscal_sponsor=Unknown,JULES POLONETSKY,CHIEF EXECUTIVE OFFICER,691320.0,741942.0,808693.0,9862821.0,14356624.0,54.0,2024.0,1.0644880037701905,machine_reparse_local_irs_xml,verified,,JULES POLONETSKY,CHIEF EXECUTIVE OFFICER,39.0,1.0,40.0,691320,741942,808693,9862821,14356624,54,True,True,True,40_or_more,IRS XML: Form990PartVIISectionAGrp matched by executive; IRS990ScheduleJ matched by executive,see predictive-model training IDs,,,
incumbent,SRC-990-EXT-CENTER-FOR-DEMOCRACY-TECHNOLOGY,SRC-990-EXT-CENTER-FOR-DEMOCRACY-TECHNOLOGY,Center for Democracy & Technology,True,A,primary,sources/native/form990/202533219349301933_public.xml,https://projects.propublica.org/nonprofits/organizations/521905358,https://apps.irs.gov/pub/epostcard/990/xml/2025/202533219349301933_public.xml,tier=A; analysis=primary; structure=independent nonprofit; location=Location not reported; filing_staff=45; filing_expenses=8766703; workplace=In-person / hybrid; fiscal_sponsor=Unknown,ALEXANDRA GIVENS,PRESIDENT & CEO,382500.0,417500.0,463225.0,11272645.0,8766703.0,45.0,2024.0,1.0644880037701905,machine_reparse_local_irs_xml,verified,,ALEXANDRA GIVENS,PRESIDENT & CEO,40.0,,40.0,382500,417500,463225,11272645,8766703,45,True,True,True,40_or_more,IRS XML: Form990PartVIISectionAGrp matched by executive; IRS990ScheduleJ matched by executive,see predictive-model training IDs,,,
incumbent,SRC-990-EXT-DATAKIND,SRC-990-EXT-DATAKIND,DataKind,True,A,primary,sources/native/form990/202640939349300014_public.xml,https://projects.propublica.org/nonprofits/organizations/464082076,https://apps.irs.gov/pub/epostcard/990/xml/2026/202640939349300014_public.xml,tier=A; analysis=primary; structure=independent nonprofit; location=United States; filing_staff=28; filing_expenses=7005078; workplace=Remote; fiscal_sponsor=Unknown,LAUREN WOODMAN,CHIEF EXECUTIVE OFFICER,230000.0,230000.0,241500.0,21931317.0,7005078.0,28.0,2024.0,1.0644880037701905,machine_reparse_local_irs_xml,verified,,LAUREN WOODMAN,CHIEF EXECUTIVE OFFICER,40.0,,40.0,230000,230000,241500,21931317,7005078,28,True,True,True,40_or_more,IRS XML: Form990PartVIISectionAGrp matched by executive; IRS990ScheduleJ matched by executive,see predictive-model training IDs,,,
incumbent,SRC-990-EXT-FRAMEWORKS-INSTITUTE,SRC-990-EXT-FRAMEWORKS-INSTITUTE,FrameWorks Institute,True,A,primary,sources/native/form990/202641389349300439_public.xml,https://projects.propublica.org/nonprofits/organizations/710891642,https://apps.irs.gov/pub/epostcard/990/xml/2026/202641389349300439_public.xml,tier=A; analysis=primary; structure=independent nonprofit; location=United States; filing_staff=32; filing_expenses=10039139; workplace=Remote; fiscal_sponsor=Unknown,NATHANIEL H KENDALL-TAYLOR,CHIEF EXECUTIVE OFFICER,426832.0,426832.0,488161.0,5952829.0,10039139.0,32.0,2024.0,1.0644880037701905,machine_reparse_local_irs_xml,verified,,NATHANIEL H KENDALL-TAYLOR,CHIEF EXECUTIVE OFFICER,40.0,0.0,40.0,426832,426832,488161,5952829,10039139,32,True,True,True,40_or_more,IRS XML: Form990PartVIISectionAGrp matched by executive; IRS990ScheduleJ matched by executive,see predictive-model training IDs,,,
incumbent,SRC-990-EXT-GIVINGTUESDAY,SRC-990-EXT-GIVINGTUESDAY,GivingTuesday,True,A,primary,sources/native/form990/202601219349300720_public.xml,https://projects.propublica.org/nonprofits/organizations/842929872,https://apps.irs.gov/pub/epostcard/990/xml/2026/202601219349300720_public.xml,tier=A; analysis=primary; structure=independent nonprofit; location=International / multi-country; founder-led; filing_staff=15; filing_expenses=8638316; workplace=Remote; fiscal_sponsor=Unknown,ASHA CURRAN,CEO/PRESIDENT,365979.0,420352.0,462873.0,3656742.0,8638316.0,15.0,2024.0,1.0644880037701905,machine_reparse_local_irs_xml,verified,,ASHA CURRAN,CEO/PRESIDENT,40.0,,40.0,365979,420352,462873,3656742,8638316,15,True,True,True,40_or_more,IRS XML: Form990PartVIISectionAGrp matched by executive; IRS990ScheduleJ matched by executive,see predictive-model training IDs,,,
incumbent,SRC-990-EXT-JAIN-FAMILY-INSTITUTE,SRC-990-EXT-JAIN-FAMILY-INSTITUTE,Jain Family Institute,True,A,primary,sources/native/form990/202523219349327407_public.xml,https://projects.propublica.org/nonprofits/organizations/474407203,https://apps.irs.gov/pub/epostcard/990/xml/2025/202523219349327407_public.xml,tier=A; analysis=primary; structure=independent nonprofit; location=Location not reported; filing_staff=34; filing_expenses=5374057; workplace=Unknown; fiscal_sponsor=Unknown,MICHAEL B STYNES,CEO & DIRECTOR,213500.0,213500.0,254393.0,5330418.0,5374057.0,34.0,2024.0,1.0644880037701905,machine_reparse_local_irs_xml,verified,,MICHAEL B STYNES,CEO & DIRECTOR,41.0,,41.0,213500,213500,254393,5330418,5374057,34,True,True,True,40_or_more,IRS XML: Form990PartVIISectionAGrp matched by executive; IRS990ScheduleJ matched by executive,see predictive-model training IDs,,,
incumbent,SRC-990-EXT3-CENTER-FOR-HEALTH-CARE-STRATEGIES,SRC-990-EXT3-CENTER-FOR-HEALTH-CARE-STRATEGIES,Center for Health Care Strategies,True,A,primary,sources/native/form990/202631279349304653_public.xml,https://projects.propublica.org/nonprofits/organizations/223375015,https://apps.irs.gov/pub/epostcard/990/xml/2026/202631279349304653_public.xml,tier=A; analysis=primary; structure=independent nonprofit; location=Location not reported; filing_staff=91; filing_expenses=12363722; workplace=In-person / hybrid; fiscal_sponsor=Unknown,ALLISON HAMBLIN,PRESIDENT & CEO,284874.0,328553.0,395898.0,11574666.0,12363722.0,91.0,2024.0,1.0644880037701905,machine_reparse_local_irs_xml,verified,,ALLISON HAMBLIN,PRESIDENT & CEO,40.0,1.0,41.0,284874,328553,395898,11574666,12363722,91,True,True,True,40_or_more,IRS XML: Form990PartVIISectionAGrp matched by executive; IRS990ScheduleJ matched by executive,see predictive-model training IDs,,,
incumbent,SRC-990-EXT-CLIMATE-CENTRAL,SRC-990-EXT-CLIMATE-CENTRAL,Climate Central,True,A,primary,sources/native/form990/202631769349300823_public.xml,https://projects.propublica.org/nonprofits/organizations/261797336,https://apps.irs.gov/pub/epostcard/990/xml/2026/202631769349300823_public.xml,tier=A; analysis=primary; structure=independent nonprofit; location=United States; filing_staff=57; filing_expenses=11535677; workplace=Remote; fiscal_sponsor=Unknown,DR BENJAMIN STRAUSS,CEO & CHIEF SCIENTIST,309795.0,309795.0,391991.0,22272608.0,11535677.0,57.0,2025.0,1.0371960253833754,machine_reparse_local_irs_xml,verified,,DR BENJAMIN STRAUSS,CEO & CHIEF SCIENTIST,40.0,,40.0,309795,309795,391991,22272608,11535677,57,True,True,True,40_or_more,IRS XML: Form990PartVIISectionAGrp matched by executive; IRS990ScheduleJ matched by executive,see predictive-model training IDs,,,
incumbent,SRC-990-EXT-DEMOS,SRC-990-EXT-DEMOS,Demos,True,A,primary,sources/native/form990/202503159349306085_public.xml,https://projects.propublica.org/nonprofits/organizations/134105066,https://apps.irs.gov/pub/epostcard/990/xml/2025/202503159349306085_public.xml,tier=A; analysis=primary; structure=independent nonprofit; location=United States; filing_staff=45; filing_expenses=8584066; workplace=In-person / hybrid; fiscal_sponsor=Unknown,TAIFA SMITH BUTLER,PRESIDENT,290800.0,290800.0,348492.0,7617808.0,8584066.0,45.0,2024.0,1.0644880037701905,machine_reparse_local_irs_xml,verified,,TAIFA SMITH BUTLER,PRESIDENT,40.0,,40.0,290800,290800,348492,7617808,8584066,45,True,True,True,40_or_more,IRS XML: Form990PartVIISectionAGrp matched by executive; IRS990ScheduleJ matched by executive,see predictive-model training IDs,,,
incumbent,SRC-990-EXT-FAR-AI,SRC-990-EXT-FAR-AI,FAR AI,True,A,primary,sources/native/form990/202543189349316054_public.xml,https://projects.propublica.org/nonprofits/organizations/920692207,https://apps.irs.gov/pub/epostcard/990/xml/2025/202543189349316054_public.xml,tier=A; analysis=primary; structure=independent nonprofit; location=International / multi-country; filing_staff=22; filing_expenses=8602996; workplace=In-person / hybrid; fiscal_sponsor=Unknown,ADAM GLEAVE,PRESIDENT/CEO,229331.0,229331.0,237604.0,24293765.0,8602996.0,22.0,2024.0,1.0644880037701905,machine_reparse_local_irs_xml,verified,,ADAM GLEAVE,PRESIDENT/CEO,40.0,,40.0,229331,229331,237604,24293765,8602996,22,True,True,True,40_or_more,IRS XML: Form990PartVIISectionAGrp matched by executive; IRS990ScheduleJ matched by executive,see predictive-model training IDs,,,
incumbent,SRC-990-EXT-INTERNET-SECURITY-RESEARCH-GROUP,SRC-990-EXT-INTERNET-SECURITY-RESEARCH-GROUP,Internet Security Research Group,True,A,primary,sources/native/form990/202501889349300640_public.xml,https://projects.propublica.org/nonprofits/organizations/463344200,https://apps.irs.gov/pub/epostcard/990/xml/2025/202501889349300640_public.xml,tier=A; analysis=primary; structure=independent nonprofit; location=International / multi-country; founder-led; filing_staff=23; filing_expenses=7925896; workplace=Remote; fiscal_sponsor=Unknown,JOSHUA AAS,EXECUTIVE DIRECTOR,296850.0,352850.0,397706.0,9563960.0,7925896.0,23.0,2024.0,1.0644880037701905,machine_reparse_local_irs_xml,verified,,JOSHUA AAS,EXECUTIVE DIRECTOR,40.0,,40.0,296850,352850,397706,9563960,7925896,23,True,True,True,40_or_more,IRS XML: Form990PartVIISectionAGrp matched by executive; IRS990ScheduleJ matched by executive,see predictive-model training IDs,,,
incumbent,SRC-990-EXT3-NATIONAL-ACADEMY-FOR-STATE-HEALTH-POLICY,SRC-990-EXT3-NATIONAL-ACADEMY-FOR-STATE-HEALTH-POLICY,National Academy for State Health Policy,True,A,primary,sources/native/form990/202503179349302775_public.xml,https://projects.propublica.org/nonprofits/organizations/521576801,https://apps.irs.gov/pub/epostcard/990/xml/2025/202503179349302775_public.xml,tier=A; analysis=primary; structure=independent nonprofit; location=Location not reported; filing_staff=53; filing_expenses=11008991; workplace=Unknown; fiscal_sponsor=Unknown,HEMI TEWARSON,PRESIDENT / EXECUTIVE DIRE,367765.0,404414.0,457620.0,10917630.0,11008991.0,53.0,2024.0,1.0644880037701905,machine_reparse_local_irs_xml,verified,,HEMI TEWARSON,PRESIDENT / EXECUTIVE DIRE,35.0,,35.0,367765,404414,457620,10917630,11008991,53,True,True,True,below_40_review,IRS XML: Form990PartVIISectionAGrp matched by executive; IRS990ScheduleJ matched by executive,see predictive-model training IDs,,,
incumbent,SRC-990-EXT-ORCID,SRC-990-EXT-ORCID,ORCID,True,A,primary,sources/native/form990/202501769349301020_public.xml,https://projects.propublica.org/nonprofits/organizations/275142743,https://apps.irs.gov/pub/epostcard/990/xml/2025/202501769349301020_public.xml,tier=A; analysis=primary; structure=membership nonprofit; location=International / multi-country; filing_staff=9; filing_expenses=5803116; workplace=Remote; fiscal_sponsor=Unknown,CHRISTIAN SHILLUM,EXECUTIVE DIRECTOR,270253.0,292165.0,318911.0,6811163.0,5803116.0,9.0,2024.0,1.0644880037701905,machine_reparse_local_irs_xml,verified,,CHRISTIAN SHILLUM,EXECUTIVE DIRECTOR,40.0,,40.0,270253,292165,318911,6811163,5803116,9,True,True,True,40_or_more,IRS XML: Form990PartVIISectionAGrp matched by executive; IRS990ScheduleJ matched by executive,see predictive-model training IDs,official_operating_scope_followup,https://info.orcid.org/work-with-us/,"ORCID says it is global and 100% remote since founding; its filing says executive compensation is adjusted for location. Membership-funded digital infrastructure and global labor-market exposure support a functional/labor-market sensitivity, not an extraction correction."
incumbent,SRC-990-EXT-PROJECT-DRAWDOWN,SRC-990-EXT-PROJECT-DRAWDOWN,Project Drawdown,True,A,primary,sources/native/form990/202512529349301621_public.xml,https://projects.propublica.org/nonprofits/organizations/383705448,https://apps.irs.gov/pub/epostcard/990/xml/2025/202512529349301621_public.xml,tier=A; analysis=primary; structure=independent nonprofit; location=United States; filing_staff=24; filing_expenses=4479322; workplace=Remote; fiscal_sponsor=Unknown,JONATHAN FOLEY,EXECUTIVE DI,417968.0,417968.0,478360.0,8269185.0,4479322.0,24.0,2024.0,1.0644880037701905,machine_reparse_local_irs_xml,verified,,JONATHAN FOLEY,EXECUTIVE DI,40.0,,40.0,417968,417968,478360,8269185,4479322,24,True,True,True,40_or_more,IRS XML: Form990PartVIISectionAGrp matched by executive; IRS990ScheduleJ matched by executive,see predictive-model training IDs,,,
incumbent,SRC-990-EXT-QUINCY-INSTITUTE-FOR-RESPONSIBLE-STATECRAFT,SRC-990-EXT-QUINCY-INSTITUTE-FOR-RESPONSIBLE-STATECRAFT,Quincy Institute for Responsible Statecraft,True,A,primary,sources/native/form990/202523169349300137_public.xml,https://projects.propublica.org/nonprofits/organizations/842285143,https://apps.irs.gov/pub/epostcard/990/xml/2025/202523169349300137_public.xml,tier=A; analysis=primary; structure=independent nonprofit; location=United States; filing_staff=50; filing_expenses=7389743; workplace=In-person / hybrid; fiscal_sponsor=Unknown,LORA LUMPE,CHIEF EXECUTIVE OFFICER,287373.0,287373.0,340028.0,5498898.0,7389743.0,50.0,2024.0,1.0644880037701905,machine_reparse_local_irs_xml,verified,,LORA LUMPE,CHIEF EXECUTIVE OFFICER,40.0,,40.0,287373,287373,340028,5498898,7389743,50,True,True,True,40_or_more,IRS XML: Form990PartVIISectionAGrp matched by executive; IRS990ScheduleJ matched by executive,see predictive-model training IDs,,,
incumbent,SRC-990-EXT-IDEAS42,SRC-990-EXT-IDEAS42,ideas42,True,A,primary_older_clean,sources/native/form990/202423199349314832_public.xml,https://projects.propublica.org/nonprofits/organizations/271678009,https://apps.irs.gov/pub/epostcard/990/xml/2024/202423199349314832_public.xml,tier=A; analysis=primary_older_clean; structure=independent nonprofit; location=United States; filing_staff=206; filing_expenses=18019969; workplace=Remote; fiscal_sponsor=Unknown,JOSHUA LLOYD WRIGHT,CHIEF EXECUTIVE DIRECTOR,243431.0,243431.0,271730.0,23951203.0,18019969.0,206.0,2023.0,1.095885345744019,machine_reparse_local_irs_xml,verified,,JOSHUA LLOYD WRIGHT,CHIEF EXECUTIVE DIRECTOR,40.0,,40.0,243431,243431,271730,23951203,18019969,206,True,True,True,40_or_more,IRS XML: Form990PartVIISectionAGrp matched by executive; IRS990ScheduleJ matched by executive,see predictive-model training IDs,,,
incumbent,SRC-990-EXT-COUNCIL-ON-STRATEGIC-RISKS,SRC-990-EXT-COUNCIL-ON-STRATEGIC-RISKS,Council on Strategic Risks,True,A,primary,sources/native/form990/202601119349300825_public.xml,https://projects.propublica.org/nonprofits/organizations/823106472,https://apps.irs.gov/pub/epostcard/990/xml/2026/202601119349300825_public.xml,tier=A; analysis=primary; structure=independent nonprofit; location=International / multi-country; filing_staff=23; filing_expenses=5184309; workplace=Remote; fiscal_sponsor=Unknown,CHRISTINE PARTHEMORE,CHIEF EXECUTIVE OFFICER,261000.0,261000.0,277020.0,6445581.0,5184309.0,23.0,2025.0,1.0371960253833754,machine_reparse_local_irs_xml,verified,,CHRISTINE PARTHEMORE,CHIEF EXECUTIVE OFFICER,40.0,,40.0,261000,261000,277020,6445581,5184309,23,True,True,True,40_or_more,IRS XML: Form990PartVIISectionAGrp matched by executive; IRS990ScheduleJ matched by executive,see predictive-model training IDs,,,
incumbent,SRC-990-EXT-ENVIRONMENTAL-LAW-INSTITUTE,SRC-990-EXT-ENVIRONMENTAL-LAW-INSTITUTE,Environmental Law Institute,True,A,primary,sources/native/form990/202522619349300012_public.xml,https://projects.propublica.org/nonprofits/organizations/520901863,https://apps.irs.gov/pub/epostcard/990/xml/2025/202522619349300012_public.xml,tier=A; analysis=primary; structure=independent nonprofit; location=Location not reported; filing_staff=87; filing_expenses=8907598; workplace=In-person / hybrid; fiscal_sponsor=Unknown,H Jordan Diamond,President,298680.0,300743.0,321087.0,7186072.0,8907598.0,87.0,2024.0,1.0644880037701905,machine_reparse_local_irs_xml,verified,,H Jordan Diamond,President,37.5,,37.5,298680,300743,321087,7186072,8907598,87,True,True,True,below_40_review,IRS XML: Form990PartVIISectionAGrp matched by executive; IRS990ScheduleJ matched by executive,see predictive-model training IDs,,,
incumbent,SRC-990-EXT-INFORMATION-TECHNOLOGY-AND-INNOVATION-FOUNDATION,SRC-990-EXT-INFORMATION-TECHNOLOGY-AND-INNOVATION-FOUNDATION,Information Technology and Innovation Foundation,True,A,primary,sources/native/form990/202630159349300603_public.xml,https://projects.propublica.org/nonprofits/organizations/204403497,https://apps.irs.gov/pub/epostcard/990/xml/2026/202630159349300603_public.xml,tier=A; analysis=primary; structure=independent nonprofit; location=Location not reported; filing_staff=47; filing_expenses=6925232; workplace=Unknown; fiscal_sponsor=Unknown,Robert Atkinson,President,546902.0,606902.0,648759.0,5804772.0,6925232.0,47.0,2024.0,1.0644880037701905,machine_reparse_local_irs_xml,verified,,Robert Atkinson,President,40.0,,40.0,546902,606902,648759,5804772,6925232,47,True,True,True,40_or_more,IRS XML: Form990PartVIISectionAGrp matched by executive; IRS990ScheduleJ matched by executive,see predictive-model training IDs,,,
incumbent,SRC-990-EXT-INSTITUTE-FOR-ENERGY-ECONOMICS-AND-FINANCIAL-ANALYSIS,SRC-990-EXT-INSTITUTE-FOR-ENERGY-ECONOMICS-AND-FINANCIAL-ANALYSIS,Institute for Energy Economics and Financial Analysis,True,A,primary,sources/native/form990/202541979349300319_public.xml,https://projects.propublica.org/nonprofits/organizations/454244605,https://apps.irs.gov/pub/epostcard/990/xml/2025/202541979349300319_public.xml,tier=A; analysis=primary; structure=independent nonprofit; location=International / multi-country; filing_staff=31; filing_expenses=13341578; workplace=Remote; fiscal_sponsor=Unknown,ALEXANDRA BUCHANAN,CEO/BOARD SECRETARY,273000.0,273000.0,305082.0,11502239.0,13341578.0,31.0,2024.0,1.0644880037701905,machine_reparse_local_irs_xml,verified,,ALEXANDRA BUCHANAN,CEO/BOARD SECRETARY,40.0,,40.0,273000,273000,305082,11502239,13341578,31,True,True,True,40_or_more,IRS XML: Form990PartVIISectionAGrp matched by executive; IRS990ScheduleJ matched by executive,see predictive-model training IDs,,,
incumbent,REF-center-for-humane-technology,,Center for Humane Technology,False,A,selected; no clean observation,,,,tier=A; analysis=selected; no clean observation; structure=independent nonprofit; location=Location not reported; filing_staff=22; filing_expenses=5807076; workplace=Unknown; fiscal_sponsor=Unknown,,Not reported,,,,5785317.0,5807076.0,22.0,,1.0,not_a_quantitative_compensation_observation,not_applicable,selected reference organization has no retained CEO salary point,,,,,,,,,,,,n/a,n/a,n/a,not_applicable,,see predictive-model training IDs,,,
incumbent,REF-idinsight,,IDinsight,False,A,selected; no clean observation,,,,tier=A; analysis=selected; no clean observation; structure=independent nonprofit; location=International / multi-country; filing_staff=36; filing_expenses=22117626; workplace=In-person / hybrid; fiscal_sponsor=Unknown,,Not reported,,,,17272759.0,22117626.0,36.0,,1.0,not_a_quantitative_compensation_observation,not_applicable,selected reference organization has no retained CEO salary point,,,,,,,,,,,,n/a,n/a,n/a,not_applicable,,see predictive-model training IDs,,,
incumbent,SRC-990-EXT-INSTITUTE-FOR-THE-STUDY-OF-WAR,SRC-990-EXT-INSTITUTE-FOR-THE-STUDY-OF-WAR,Institute for the Study of War,True,A,primary,sources/native/form990/202502909349301720_public.xml,https://projects.propublica.org/nonprofits/organizations/260273675,https://apps.irs.gov/pub/epostcard/990/xml/2025/202502909349301720_public.xml,tier=A; analysis=primary; structure=independent nonprofit; location=United States; founder-led; filing_staff=57; filing_expenses=6699775; workplace=In-person / hybrid; fiscal_sponsor=Unknown,KIMBERLY KAGAN,PRESIDENT,201040.0,221040.0,229440.0,8244937.0,6699775.0,57.0,2024.0,1.0644880037701905,machine_reparse_local_irs_xml,verified,,KIMBERLY KAGAN,PRESIDENT,40.0,,40.0,201040,221040,229440,8244937,6699775,57,True,True,True,40_or_more,IRS XML: Form990PartVIISectionAGrp matched by executive; IRS990ScheduleJ matched by executive,see predictive-model training IDs,,,
incumbent,SRC-990-EXT-NUMFOCUS,SRC-990-EXT-NUMFOCUS,NumFOCUS,True,A,primary_with_structure_flag,sources/native/form990/202512979349301136_public.xml,https://projects.propublica.org/nonprofits/organizations/454547709,https://apps.irs.gov/pub/epostcard/990/xml/2025/202512979349301136_public.xml,tier=A; analysis=primary_with_structure_flag; structure=fiscal sponsor / membership nonprofit; location=Location not reported; filing_staff=25; filing_expenses=11090430; workplace=Unknown; fiscal_sponsor=Yes,Leah Silen,Executive Director,156845.0,156845.0,164786.0,8376226.0,11090430.0,25.0,2024.0,1.0644880037701905,machine_reparse_local_irs_xml,verified,,Leah Silen,Executive Director,40.0,,40.0,156845,156845,164786,8376226,11090430,25,True,True,True,40_or_more,IRS XML: Form990PartVIISectionAGrp matched by executive; IRS990ScheduleJ matched by executive,see predictive-model training IDs,,,
incumbent,SRC-990-EXT-ANIMAL-WELFARE-INSTITUTE,SRC-990-EXT-ANIMAL-WELFARE-INSTITUTE,Animal Welfare Institute,True,A,primary,sources/native/form990/202543189349305814_public.xml,https://projects.propublica.org/nonprofits/organizations/135655952,https://apps.irs.gov/pub/epostcard/990/xml/2025/202543189349305814_public.xml,tier=A; analysis=primary; structure=independent nonprofit; location=United States; filing_staff=35; filing_expenses=7585554; workplace=In-person / hybrid; fiscal_sponsor=Unknown,SUSAN MILLWARD,EXECUTIVE DIRECTOR/CEO,181013.0,181013.0,190448.0,6170763.0,7585554.0,35.0,2024.0,1.0644880037701905,machine_reparse_local_irs_xml,verified,,SUSAN MILLWARD,EXECUTIVE DIRECTOR/CEO,40.0,,40.0,181013,181013,190448,6170763,7585554,35,True,True,True,40_or_more,IRS XML: Form990PartVIISectionAGrp matched by executive; IRS990ScheduleJ matched by executive,see predictive-model training IDs,,,
incumbent,SRC-990-EXT-BREAKTHROUGH-INSTITUTE,SRC-990-EXT-BREAKTHROUGH-INSTITUTE,Breakthrough Institute,True,A,primary,sources/native/form990/202631469349301333_public.xml,https://projects.propublica.org/nonprofits/organizations/814526660,https://apps.irs.gov/pub/epostcard/990/xml/2026/202631469349301333_public.xml,tier=A; analysis=primary; structure=independent nonprofit; location=Location not reported; filing_staff=27; filing_expenses=5783654; workplace=Unknown; fiscal_sponsor=Unknown,Ronald Nordhaus,Executive Dir.,280000.0,320000.0,370737.0,5069912.0,5783654.0,27.0,2025.0,1.0371960253833754,machine_reparse_local_irs_xml,verified,,Ronald Nordhaus,Executive Dir.,40.0,0.0,40.0,280000,320000,370737,5069912,5783654,27,True,True,True,40_or_more,IRS XML: Form990PartVIISectionAGrp matched by executive; IRS990ScheduleJ matched by executive,see predictive-model training IDs,,,
incumbent,SRC-990-EXT-CENTER-FOR-CLIMATE-AND-ENERGY-SOLUTIONS,SRC-990-EXT-CENTER-FOR-CLIMATE-AND-ENERGY-SOLUTIONS,Center for Climate and Energy Solutions,True,A,primary_with_structure_flag,sources/native/form990/202631619349300808_public.xml,https://projects.propublica.org/nonprofits/organizations/541892252,https://apps.irs.gov/pub/epostcard/990/xml/2026/202631619349300808_public.xml,tier=A; analysis=primary_with_structure_flag; structure=independent nonprofit; location=Location not reported; filing_staff=54; filing_expenses=20611639; workplace=Unknown; fiscal_sponsor=Unknown,NATHANIEL KEOHANE,PRESIDENT,407038.0,529164.0,550668.0,18710584.0,20611639.0,54.0,2024.0,1.0644880037701905,machine_reparse_local_irs_xml,verified,,NATHANIEL KEOHANE,PRESIDENT,37.5,,37.5,407038,529164,550668,18710584,20611639,54,True,True,True,below_40_review,IRS XML: Form990PartVIISectionAGrp matched by executive; IRS990ScheduleJ matched by executive,see predictive-model training IDs,,,
incumbent,SRC-990-EXT-NUCLEAR-THREAT-INITIATIVE,SRC-990-EXT-NUCLEAR-THREAT-INITIATIVE,Nuclear Threat Initiative,False,A,sensitivity_hours_review,sources/native/form990/202522119349301667_public.xml,https://projects.propublica.org/nonprofits/organizations/522289435,https://apps.irs.gov/pub/epostcard/990/xml/2025/202522119349301667_public.xml,tier=A; analysis=sensitivity_hours_review; structure=independent nonprofit; location=Location not reported; filing_staff=75; filing_expenses=26073759; workplace=Unknown; fiscal_sponsor=Unknown,Ernest J Moniz,"CEO and Co-Chair, Board of Directors",462562.0,472562.0,526812.0,19649784.0,26073759.0,75.0,2024.0,1.0644880037701905,machine_reparse_local_irs_xml,verified,,Ernest J Moniz,"CEO and Co-Chair, Board of Directors",25.0,0.0,25.0,462562,472562,526812,19649784,26073759,75,True,True,True,full_time_not_supported_under_30_hour_rule,IRS XML: Form990PartVIISectionAGrp matched by executive; IRS990ScheduleJ matched by executive,see predictive-model training IDs,official_role_scope_followup,https://www.nti.org/about/leadership/ernest-moniz/,"Official biographies establish sustained CEO/co-chair scope, but also identify a second CEO role at EFI Foundation. They do not override the filing's 25 hours. Retain source-exact pay and use an hours/dual-leadership sensitivity."
incumbent,SRC-990-EXT-PURE-EARTH,SRC-990-EXT-PURE-EARTH,Pure Earth,False,A,excluded_transition,sources/native/form990/202532809349302073_public.xml,https://projects.propublica.org/nonprofits/organizations/134075779,https://apps.irs.gov/pub/epostcard/990/xml/2025/202532809349302073_public.xml,tier=A; analysis=excluded_transition; structure=independent nonprofit; location=International / multi-country; founder-led; filing_staff=27; filing_expenses=6837260; workplace=In-person / hybrid; fiscal_sponsor=Unknown,Leadership transition,CEO through November / President-CEO,,,,18493014.0,6837260.0,27.0,2024.0,1.0644880037701905,not_a_quantitative_compensation_observation,not_applicable,selected reference organization has no retained CEO salary point,,,,,,,,,,,,n/a,n/a,n/a,not_applicable,,see predictive-model training IDs,,,
incumbent,SRC-990-EXT-TAX-FOUNDATION,SRC-990-EXT-TAX-FOUNDATION,Tax Foundation,True,A,primary,sources/native/form990/202631959349301758_public.xml,https://projects.propublica.org/nonprofits/organizations/521703065,https://apps.irs.gov/pub/epostcard/990/xml/2026/202631959349301758_public.xml,tier=A; analysis=primary; structure=independent nonprofit; location=United States; filing_staff=58; filing_expenses=9094340; workplace=In-person / hybrid; fiscal_sponsor=Unknown,DANIEL BUNN,PRESIDENT & CEO AND BOARD SECRETARY,262681.0,362681.0,408546.0,7746689.0,9094340.0,58.0,2025.0,1.0371960253833754,machine_reparse_local_irs_xml,verified,,DANIEL BUNN,PRESIDENT & CEO AND BOARD SECRETARY,40.0,,40.0,262681,362681,408546,7746689,9094340,58,True,True,True,40_or_more,IRS XML: Form990PartVIISectionAGrp matched by executive; IRS990ScheduleJ matched by executive,see predictive-model training IDs,,,
incumbent,SRC-990-EXT3-CARBON-MAPPER,SRC-990-EXT3-CARBON-MAPPER,Carbon Mapper,True,A,primary_with_structure_flag,sources/native/form990/202630139349300833_public.xml,https://projects.propublica.org/nonprofits/organizations/853149996,https://apps.irs.gov/pub/epostcard/990/xml/2026/202630139349300833_public.xml,tier=A; analysis=primary_with_structure_flag; structure=independent nonprofit; location=Location not reported; founder-led; filing_staff=32; filing_expenses=16084459; workplace=In-person / hybrid; fiscal_sponsor=Unknown,Riley Duren,Director & CEO,255987.0,273487.0,300897.0,42000541.0,16084459.0,32.0,2024.0,1.0644880037701905,machine_reparse_local_irs_xml,verified,,Riley Duren,Director & CEO,40.0,0.0,40.0,255987,273487,300897,42000541,16084459,32,True,True,True,40_or_more,IRS XML: Form990PartVIISectionAGrp matched by executive; IRS990ScheduleJ matched by executive,see predictive-model training IDs,,,
incumbent,SRC-990-EXT-CENTER-FOR-EFFECTIVE-PHILANTHROPY,SRC-990-EXT-CENTER-FOR-EFFECTIVE-PHILANTHROPY,Center for Effective Philanthropy,True,A,primary,sources/native/form990/202602039349300145_public.xml,https://projects.propublica.org/nonprofits/organizations/43523528,https://apps.irs.gov/pub/epostcard/990/xml/2026/202602039349300145_public.xml,tier=A; analysis=primary; structure=independent nonprofit; location=United States; filing_staff=70; filing_expenses=15868358; workplace=In-person / hybrid; fiscal_sponsor=Unknown,PHILLIP BUCHANAN,PRESIDENT,528684.0,636356.0,701020.0,18084378.0,15868358.0,70.0,2025.0,1.0371960253833754,machine_reparse_local_irs_xml,verified,,PHILLIP BUCHANAN,PRESIDENT,45.0,,45.0,528684,636356,701020,18084378,15868358,70,True,True,True,40_or_more,IRS XML: Form990PartVIISectionAGrp matched by executive; IRS990ScheduleJ matched by executive,see predictive-model training IDs,,,
incumbent,SRC-990-EXT-CENTER-FOR-OPEN-SCIENCE,SRC-990-EXT-CENTER-FOR-OPEN-SCIENCE,Center for Open Science,True,A,primary,sources/native/form990/202513219349318466_public.xml,https://projects.propublica.org/nonprofits/organizations/461496217,https://apps.irs.gov/pub/epostcard/990/xml/2025/202513219349318466_public.xml,tier=A; analysis=primary; structure=independent nonprofit; location=United States; founder-led; filing_staff=57; filing_expenses=8787031; workplace=Remote; fiscal_sponsor=Unknown,BRIAN NOSEK,EXECUTIVE DIRECTOR,252500.0,252500.0,262600.0,10217166.0,8787031.0,57.0,2024.0,1.0644880037701905,machine_reparse_local_irs_xml,verified,,BRIAN NOSEK,EXECUTIVE DIRECTOR,40.0,,40.0,252500,252500,262600,10217166,8787031,57,True,True,True,40_or_more,IRS XML: Form990PartVIISectionAGrp matched by executive; IRS990ScheduleJ matched by executive,see predictive-model training IDs,,,
incumbent,SRC-990-EXT-COMMITTEE-FOR-A-RESPONSIBLE-FEDERAL-BUDGET,SRC-990-EXT-COMMITTEE-FOR-A-RESPONSIBLE-FEDERAL-BUDGET,Committee for a Responsible Federal Budget,True,A,primary,sources/native/form990/202611949349301721_public.xml,https://projects.propublica.org/nonprofits/organizations/521231278,https://apps.irs.gov/pub/epostcard/990/xml/2026/202611949349301721_public.xml,tier=A; analysis=primary; structure=independent nonprofit; location=United States; filing_staff=47; filing_expenses=6703049; workplace=In-person / hybrid; fiscal_sponsor=Unknown,MAYA MACGUINEAS,PRESIDENT,556279.0,612079.0,672231.0,10368338.0,6703049.0,47.0,2025.0,1.0371960253833754,machine_reparse_local_irs_xml,verified,,MAYA MACGUINEAS,PRESIDENT,39.8,0.2,40.0,556279,612079,672231,10368338,6703049,47,True,True,True,40_or_more,IRS XML: Form990PartVIISectionAGrp matched by executive; IRS990ScheduleJ matched by executive,see predictive-model training IDs,,,
incumbent,SRC-990-EXT-FRESH-ENERGY,SRC-990-EXT-FRESH-ENERGY,Fresh Energy,True,A,primary,sources/native/form990/202513169349301031_public.xml,https://projects.propublica.org/nonprofits/organizations/411735501,https://apps.irs.gov/pub/epostcard/990/xml/2025/202513169349301031_public.xml,tier=A; analysis=primary; structure=independent nonprofit; location=United States; filing_staff=43; filing_expenses=7006749; workplace=In-person / hybrid; fiscal_sponsor=Unknown,BRENDA CASSELLIUS,EXECUTIVE DIRECTOR (UNTIL JAN 2025),230798.0,238121.0,260216.0,7134049.0,7006749.0,43.0,2024.0,1.0644880037701905,machine_reparse_local_irs_xml,verified,,BRENDA CASSELLIUS,EXECUTIVE DIRECTOR (UNTIL JAN 2025),40.0,,40.0,230798,238121,260216,7134049,7006749,43,True,True,True,40_or_more,IRS XML: Form990PartVIISectionAGrp matched by executive; IRS990ScheduleJ matched by executive,see predictive-model training IDs,,,
incumbent,SRC-990-EXT-INSTITUTE-FOR-NONPROFIT-NEWS,SRC-990-EXT-INSTITUTE-FOR-NONPROFIT-NEWS,Institute for Nonprofit News,True,A,primary,sources/native/form990/202630269349301213_public.xml,https://projects.propublica.org/nonprofits/organizations/272614911,https://apps.irs.gov/pub/epostcard/990/xml/2026/202630269349301213_public.xml,tier=A; analysis=primary; structure=membership nonprofit; location=United States; filing_staff=30; filing_expenses=15663213; workplace=Remote; fiscal_sponsor=Yes,KAREN RUNDLET,CEO,214828.0,214828.0,214828.0,15594880.0,15663213.0,30.0,2024.0,1.0644880037701905,machine_reparse_local_irs_xml,verified,,KAREN RUNDLET,CEO,40.0,0.0,40.0,214828,214828,214828,15594880,15663213,30,True,True,True,40_or_more,IRS XML: Form990PartVIISectionAGrp matched by executive; IRS990ScheduleJ matched by executive,see predictive-model training IDs,,,
incumbent,SRC-990-EXT3-LEARNING-POLICY-INSTITUTE,SRC-990-EXT3-LEARNING-POLICY-INSTITUTE,Learning Policy Institute,True,A,primary_with_structure_flag,sources/native/form990/202503179349312065_public.xml,https://projects.propublica.org/nonprofits/organizations/472772048,https://apps.irs.gov/pub/epostcard/990/xml/2025/202503179349312065_public.xml,tier=A; analysis=primary_with_structure_flag; structure=independent nonprofit; location=United States; founder-led; filing_staff=85; filing_expenses=16502674; workplace=In-person / hybrid; fiscal_sponsor=Unknown,Linda Darling-Hammond,Director/CEO,493225.0,493225.0,576347.0,10514616.0,16502674.0,85.0,2024.0,1.0644880037701905,machine_reparse_local_irs_xml,verified,,Linda Darling-Hammond,Director/CEO,40.0,,40.0,493225,493225,576347,10514616,16502674,85,True,True,True,40_or_more,IRS XML: Form990PartVIISectionAGrp matched by executive; IRS990ScheduleJ matched by executive,see predictive-model training IDs,,,
incumbent,SRC-990-EXT-MIGRATION-POLICY-INSTITUTE,SRC-990-EXT-MIGRATION-POLICY-INSTITUTE,Migration Policy Institute,True,A,primary,sources/native/form990/202601359349310000_public.xml,https://projects.propublica.org/nonprofits/organizations/522279789,https://apps.irs.gov/pub/epostcard/990/xml/2026/202601359349310000_public.xml,tier=A; analysis=primary; structure=independent nonprofit; location=International / multi-country; filing_staff=33; filing_expenses=7069622; workplace=In-person / hybrid; fiscal_sponsor=Unknown,ANDREW SELEE,PRESIDENT,285000.0,285000.0,353194.0,6855627.0,7069622.0,33.0,2024.0,1.0644880037701905,machine_reparse_local_irs_xml,verified,,ANDREW SELEE,PRESIDENT,40.0,,40.0,285000,285000,353194,6855627,7069622,33,True,True,True,40_or_more,IRS XML: Form990PartVIISectionAGrp matched by executive; IRS990ScheduleJ matched by executive,see predictive-model training IDs,,,
incumbent,SRC-990-EXT-PETERSON-INSTITUTE-FOR-INTERNATIONAL-ECONOMICS,SRC-990-EXT-PETERSON-INSTITUTE-FOR-INTERNATIONAL-ECONOMICS,Peterson Institute for International Economics,True,A,primary,sources/native/form990/202611189349300636_public.xml,https://projects.propublica.org/nonprofits/organizations/521226967,https://apps.irs.gov/pub/epostcard/990/xml/2026/202611189349300636_public.xml,tier=A; analysis=primary; structure=independent nonprofit; location=United States; filing_staff=55; filing_expenses=16529676; workplace=In-person / hybrid; fiscal_sponsor=Unknown,ADAM S POSEN,PRESIDENT,565908.0,565908.0,622584.0,17773572.0,16529676.0,55.0,2024.0,1.0644880037701905,machine_reparse_local_irs_xml,verified,,ADAM S POSEN,PRESIDENT,40.0,,40.0,565908,565908,622584,17773572,16529676,55,True,True,True,40_or_more,IRS XML: Form990PartVIISectionAGrp matched by executive; IRS990ScheduleJ matched by executive,see predictive-model training IDs,,,
incumbent,SRC-990-EXT-SAN-FRANCISCO-ESTUARY-INSTITUTE,SRC-990-EXT-SAN-FRANCISCO-ESTUARY-INSTITUTE,San Francisco Estuary Institute,True,A,primary,sources/native/form990/202631319349304238_public.xml,https://projects.propublica.org/nonprofits/organizations/942951373,https://apps.irs.gov/pub/epostcard/990/xml/2026/202631319349304238_public.xml,tier=A; analysis=primary; structure=independent nonprofit; location=United States; filing_staff=99; filing_expenses=19110723; workplace=In-person / hybrid; fiscal_sponsor=Unknown,Warner Chabot,Executive Director,182526.0,182526.0,182526.0,19594340.0,19110723.0,99.0,2024.0,1.0644880037701905,machine_reparse_local_irs_xml,verified,,Warner Chabot,Executive Director,40.0,,40.0,182526,182526,182526,19594340,19110723,99,True,True,True,40_or_more,IRS XML: Form990PartVIISectionAGrp matched by executive; IRS990ScheduleJ matched by executive,see predictive-model training IDs,,,
incumbent,SRC-990-EXT-TECHNICAL-ASSISTANCE-COLLABORATIVE,SRC-990-EXT-TECHNICAL-ASSISTANCE-COLLABORATIVE,Technical Assistance Collaborative,True,A,primary_older_clean,sources/native/form990/202500629349300740_public.xml,https://projects.propublica.org/nonprofits/organizations/223181028,https://apps.irs.gov/pub/epostcard/990/xml/2025/202500629349300740_public.xml,tier=A; analysis=primary_older_clean; structure=independent nonprofit; location=United States; filing_staff=54; filing_expenses=17191674; workplace=In-person / hybrid; fiscal_sponsor=Unknown,KEVIN MARTONE,EXECUTIVE DIRECTOR & PRESI,230222.0,230222.0,280450.0,17168882.0,17191674.0,54.0,2023.0,1.095885345744019,machine_reparse_local_irs_xml,verified,,KEVIN MARTONE,EXECUTIVE DIRECTOR & PRESI,40.0,,40.0,230222,230222,280450,17168882,17191674,54,True,True,True,40_or_more,IRS XML: Form990PartVIISectionAGrp matched by executive; IRS990ScheduleJ matched by executive,see predictive-model training IDs,,,
incumbent,SRC-990-EXT-CENTER-FOR-A-NEW-AMERICAN-SECURITY,SRC-990-EXT-CENTER-FOR-A-NEW-AMERICAN-SECURITY,Center for a New American Security,True,A,primary,sources/native/form990/202542329349300819_public.xml,https://projects.propublica.org/nonprofits/organizations/208084828,https://apps.irs.gov/pub/epostcard/990/xml/2025/202542329349300819_public.xml,tier=A; analysis=primary; structure=independent nonprofit; location=Location not reported; filing_staff=87; filing_expenses=13803095; workplace=Unknown; fiscal_sponsor=Unknown,Richard Fontaine,CEO,486805.0,777325.0,777325.0,14063810.0,13803095.0,87.0,2023.0,1.095885345744019,machine_reparse_local_irs_xml,verified,,Richard Fontaine,CEO,40.0,,40.0,486805,777325,777325,14063810,13803095,87,True,True,True,40_or_more,IRS XML: Form990PartVIISectionAGrp matched by executive; IRS990ScheduleJ matched by executive,see predictive-model training IDs,,,
incumbent,SRC-990-EXT-CHARITY-NAVIGATOR,SRC-990-EXT-CHARITY-NAVIGATOR,Charity Navigator,True,A,primary,sources/native/form990/202640789349301509_public.xml,https://projects.propublica.org/nonprofits/organizations/134148824,https://apps.irs.gov/pub/epostcard/990/xml/2026/202640789349301509_public.xml,tier=A; analysis=primary; structure=independent nonprofit; location=United States; filing_staff=51; filing_expenses=7840893; workplace=Remote; fiscal_sponsor=Unknown,Michael Thatcher,President & CEO,324339.0,324339.0,345833.0,7619753.0,7840893.0,51.0,2024.0,1.0644880037701905,machine_reparse_local_irs_xml,verified,,Michael Thatcher,President & CEO,40.0,,40.0,324339,324339,345833,7619753,7840893,51,True,True,True,40_or_more,IRS XML: Form990PartVIISectionAGrp matched by executive; IRS990ScheduleJ matched by executive,see predictive-model training IDs,,,
incumbent,SRC-990-EXT-DATA-QUALITY-CAMPAIGN,SRC-990-EXT-DATA-QUALITY-CAMPAIGN,Data Quality Campaign,True,A,primary,sources/native/form990/202621339349304737_public.xml,https://projects.propublica.org/nonprofits/organizations/274566795,https://apps.irs.gov/pub/epostcard/990/xml/2026/202621339349304737_public.xml,tier=A; analysis=primary; structure=independent nonprofit; location=United States; filing_staff=31; filing_expenses=6466981; workplace=In-person / hybrid; fiscal_sponsor=Unknown,Jennifer K Bell-Ellwanger,CEO/President,389559.0,411509.0,458356.0,3867847.0,6466981.0,31.0,2024.0,1.0644880037701905,machine_reparse_local_irs_xml,verified,,Jennifer K Bell-Ellwanger,CEO/President,40.0,,40.0,389559,411509,458356,3867847,6466981,31,True,True,True,40_or_more,IRS XML: Form990PartVIISectionAGrp matched by executive; IRS990ScheduleJ matched by executive,see predictive-model training IDs,,,
incumbent,SRC-990-EXT-ECONOMIC-POLICY-INSTITUTE,SRC-990-EXT-ECONOMIC-POLICY-INSTITUTE,Economic Policy Institute,True,A,primary,sources/native/form990/202542469349301614_public.xml,https://projects.propublica.org/nonprofits/organizations/521368964,https://apps.irs.gov/pub/epostcard/990/xml/2025/202542469349301614_public.xml,tier=A; analysis=primary; structure=independent nonprofit; location=United States; filing_staff=58; filing_expenses=13581055; workplace=In-person / hybrid; fiscal_sponsor=Unknown,HEIDI SHIERHOLZ,PRESIDENT,239242.0,239242.0,275913.0,11927401.0,13581055.0,58.0,2024.0,1.0644880037701905,machine_reparse_local_irs_xml,verified,,HEIDI SHIERHOLZ,PRESIDENT,39.7,0.3,40.0,239242,239242,275913,11927401,13581055,58,True,True,True,40_or_more,IRS XML: Form990PartVIISectionAGrp matched by executive; IRS990ScheduleJ matched by executive,see predictive-model training IDs,,,
incumbent,SRC-990-EXT-GRANTMAKERS-FOR-EFFECTIVE-ORGANIZATIONS,SRC-990-EXT-GRANTMAKERS-FOR-EFFECTIVE-ORGANIZATIONS,Grantmakers for Effective Organizations,True,A,primary,sources/native/form990/202503109349303655_public.xml,https://projects.propublica.org/nonprofits/organizations/10669150,https://apps.irs.gov/pub/epostcard/990/xml/2025/202503109349303655_public.xml,tier=A; analysis=primary; structure=independent nonprofit; location=United States; filing_staff=28; filing_expenses=7553004; workplace=In-person / hybrid; fiscal_sponsor=Unknown,MARCUS WALTON,PRESIDENT & CEO,370000.0,370900.0,382906.0,10014322.0,7553004.0,28.0,2024.0,1.0644880037701905,machine_reparse_local_irs_xml,verified,,MARCUS WALTON,PRESIDENT & CEO,40.0,,40.0,370000,370900,382906,10014322,7553004,28,True,True,True,40_or_more,IRS XML: Form990PartVIISectionAGrp matched by executive; IRS990ScheduleJ matched by executive,see predictive-model training IDs,,,
incumbent,SRC-990-EXT-WILD-ANIMAL-INITIATIVE,SRC-990-EXT-WILD-ANIMAL-INITIATIVE,Wild Animal Initiative,True,A,primary,sources/native/form990/202532319349300913_public.xml,https://projects.propublica.org/nonprofits/organizations/822281466,https://apps.irs.gov/pub/epostcard/990/xml/2025/202532319349300913_public.xml,tier=A; analysis=primary; structure=independent nonprofit; location=International / multi-country; filing_staff=16; filing_expenses=3345940; workplace=Remote; fiscal_sponsor=Unknown,CAMERON MEYER SHORB,EXECUTIVE DIRECTOR,,101961.0,114344.0,2487849.0,3345940.0,16.0,2024.0,1.0644880037701905,machine_reparse_local_irs_xml,verified,,CAMERON MEYER SHORB,EXECUTIVE DIRECTOR,40.0,,40.0,,101961,114344,2487849,3345940,16,True,True,True,40_or_more,IRS XML: Form990PartVIISectionAGrp matched by executive; IRS990ScheduleJ matched by executive,see predictive-model training IDs,,,
incumbent,SRC-990-EXT-WORLD-JUSTICE-PROJECT,SRC-990-EXT-WORLD-JUSTICE-PROJECT,World Justice Project,True,A,primary,sources/native/form990/202543089349302129_public.xml,https://projects.propublica.org/nonprofits/organizations/270359097,https://apps.irs.gov/pub/epostcard/990/xml/2025/202543089349302129_public.xml,tier=A; analysis=primary; structure=independent nonprofit; location=International / multi-country; filing_staff=49; filing_expenses=9495045; workplace=In-person / hybrid; fiscal_sponsor=Unknown,ELIZABETH ANDERSEN,EXECUTIVE DIRECTOR,357626.0,358916.0,452194.0,7781328.0,9495045.0,49.0,2024.0,1.0644880037701905,machine_reparse_local_irs_xml,verified,,ELIZABETH ANDERSEN,EXECUTIVE DIRECTOR,37.5,,37.5,357626,358916,452194,7781328,9495045,49,True,True,True,below_40_review,IRS XML: Form990PartVIISectionAGrp matched by executive; IRS990ScheduleJ matched by executive,see predictive-model training IDs,,,
incumbent,SRC-990-EXT-INSTITUTE-FOR-WOMEN-S-POLICY-RESEARCH,SRC-990-EXT-INSTITUTE-FOR-WOMEN-S-POLICY-RESEARCH,Institute for Women’s Policy Research,False,A,excluded_partial_year,sources/native/form990/202621349349301217_public.xml,https://projects.propublica.org/nonprofits/organizations/521549572,https://apps.irs.gov/pub/epostcard/990/xml/2026/202621349349301217_public.xml,tier=A; analysis=excluded_partial_year; structure=independent nonprofit; location=United States; filing_staff=39; filing_expenses=7863836; workplace=In-person / hybrid; fiscal_sponsor=Unknown,JAMILA TAYLOR,CEO,354642.0,354642.0,379158.0,1743371.0,7863836.0,39.0,2024.0,1.0644880037701905,machine_reparse_local_irs_xml,verified,,JAMILA TAYLOR,CEO,37.5,,37.5,354642,354642,379158,1743371,7863836,39,True,True,True,below_40_review,IRS XML: Form990PartVIISectionAGrp matched by executive; IRS990ScheduleJ matched by executive,see predictive-model training IDs,,,
incumbent,SRC-990-EXT-NISKANEN-CENTER,SRC-990-EXT-NISKANEN-CENTER,Niskanen Center,True,A,primary,sources/native/form990/202523179349301947_public.xml,https://projects.propublica.org/nonprofits/organizations/455308952,https://apps.irs.gov/pub/epostcard/990/xml/2025/202523179349301947_public.xml,tier=A; analysis=primary; structure=independent nonprofit; location=United States; filing_staff=47; filing_expenses=10357724; workplace=In-person / hybrid; fiscal_sponsor=Unknown,TED GAYER,PRESIDENT,592330.0,682105.0,682937.0,9958495.0,10357724.0,47.0,2024.0,1.0644880037701905,machine_reparse_local_irs_xml,verified,,TED GAYER,PRESIDENT,40.0,,40.0,592330,682105,682937,9958495,10357724,47,True,True,True,40_or_more,IRS XML: Form990PartVIISectionAGrp matched by executive; IRS990ScheduleJ matched by executive,see predictive-model training IDs,,,
incumbent,SRC-990-EXT-SOCIAL-SCIENCE-RESEARCH-COUNCIL,SRC-990-EXT-SOCIAL-SCIENCE-RESEARCH-COUNCIL,Social Science Research Council,True,A,primary,sources/native/form990/202641339349307834_public.xml,https://projects.propublica.org/nonprofits/organizations/131325070,https://apps.irs.gov/pub/epostcard/990/xml/2026/202641339349307834_public.xml,tier=A; analysis=primary; structure=independent nonprofit; location=Location not reported; filing_staff=62; filing_expenses=15470220; workplace=Unknown; fiscal_sponsor=Yes,ANNA HARVEY,PRESIDENT,339197.0,341003.0,383329.0,14237307.0,15470220.0,62.0,2024.0,1.0644880037701905,machine_reparse_local_irs_xml,verified,,ANNA HARVEY,PRESIDENT,35.0,,35.0,339197,341003,383329,14237307,15470220,62,True,True,True,below_40_review,IRS XML: Form990PartVIISectionAGrp matched by executive; IRS990ScheduleJ matched by executive,see predictive-model training IDs,,,
incumbent,SRC-990-EXT-CHICAGO-COUNCIL-ON-GLOBAL-AFFAIRS,SRC-990-EXT-CHICAGO-COUNCIL-ON-GLOBAL-AFFAIRS,Chicago Council on Global Affairs,True,A,primary,sources/native/form990/202543179349309229_public.xml,https://projects.propublica.org/nonprofits/organizations/362181969,https://apps.irs.gov/pub/epostcard/990/xml/2025/202543179349309229_public.xml,tier=A; analysis=primary; structure=independent nonprofit; location=United States; filing_staff=53; filing_expenses=11944089; workplace=In-person / hybrid; fiscal_sponsor=Unknown,IVO DAALDER,PRESIDENT,482447.0,482447.0,514922.0,7715407.0,11944089.0,53.0,2024.0,1.0644880037701905,machine_reparse_local_irs_xml,verified,,IVO DAALDER,PRESIDENT,40.0,,40.0,482447,482447,514922,7715407,11944089,53,True,True,True,40_or_more,IRS XML: Form990PartVIISectionAGrp matched by executive; IRS990ScheduleJ matched by executive,see predictive-model training IDs,,,
incumbent,SRC-990-EXT-CODE-FOR-SCIENCE-SOCIETY,SRC-990-EXT-CODE-FOR-SCIENCE-SOCIETY,Code for Science & Society,True,A,primary_with_structure_flag,sources/native/form990/202601359349304090_public.xml,https://projects.propublica.org/nonprofits/organizations/813791683,https://apps.irs.gov/pub/epostcard/990/xml/2026/202601359349304090_public.xml,tier=A; analysis=primary_with_structure_flag; structure=independent nonprofit; location=International / multi-country; filing_staff=41; filing_expenses=18017578; workplace=Remote; fiscal_sponsor=Yes,DANIELLE ROBINSON PHD,EXECUTIVE DIRECTOR AND PRESIDENT,201230.0,201230.0,226131.0,10336769.0,18017578.0,41.0,2024.0,1.0644880037701905,machine_reparse_local_irs_xml,verified,,DANIELLE ROBINSON PHD,EXECUTIVE DIRECTOR AND PRESIDENT,40.0,,40.0,201230,201230,226131,10336769,18017578,41,True,True,True,40_or_more,IRS XML: Form990PartVIISectionAGrp matched by executive; IRS990ScheduleJ matched by executive,see predictive-model training IDs,,,
incumbent,SRC-990-EXT-INDEPENDENT-SECTOR,SRC-990-EXT-INDEPENDENT-SECTOR,Independent Sector,True,A,primary,sources/native/form990/202502349349301110_public.xml,https://projects.propublica.org/nonprofits/organizations/521081024,https://apps.irs.gov/pub/epostcard/990/xml/2025/202502349349301110_public.xml,tier=A; analysis=primary; structure=independent nonprofit; location=United States; filing_staff=34; filing_expenses=7756205; workplace=In-person / hybrid; fiscal_sponsor=Unknown,AKILAH WATKINS,PRESIDENT & CHIEF EXECUTIVE OFFICER,592230.0,592680.0,664839.0,9158417.0,7756205.0,34.0,2024.0,1.0644880037701905,machine_reparse_local_irs_xml,verified,,AKILAH WATKINS,PRESIDENT & CHIEF EXECUTIVE OFFICER,38.0,,38.0,592230,592680,664839,9158417,7756205,34,True,True,True,below_40_review,IRS XML: Form990PartVIISectionAGrp matched by executive; IRS990ScheduleJ matched by executive,see predictive-model training IDs,,,
incumbent,SRC-990-EXT-INSTITUTE-FOR-POLICY-STUDIES,SRC-990-EXT-INSTITUTE-FOR-POLICY-STUDIES,Institute for Policy Studies,True,A,primary,sources/native/form990/202513219349302816_public.xml,https://projects.propublica.org/nonprofits/organizations/520788947,https://apps.irs.gov/pub/epostcard/990/xml/2025/202513219349302816_public.xml,tier=A; analysis=primary; structure=independent nonprofit; location=Location not reported; filing_staff=47; filing_expenses=5230308; workplace=Unknown; fiscal_sponsor=Unknown,TOPE FOLARIN,EXECUTIVE DIRECTOR,161376.0,161376.0,188689.0,5650996.0,5230308.0,47.0,2024.0,1.0644880037701905,machine_reparse_local_irs_xml,verified,,TOPE FOLARIN,EXECUTIVE DIRECTOR,37.5,,37.5,161376,161376,188689,5650996,5230308,47,True,True,True,below_40_review,IRS XML: Form990PartVIISectionAGrp matched by executive; IRS990ScheduleJ matched by executive,see predictive-model training IDs,,,
incumbent,SRC-990-EXT-INSTITUTE-ON-TAXATION-AND-ECONOMIC-POLICY,SRC-990-EXT-INSTITUTE-ON-TAXATION-AND-ECONOMIC-POLICY,Institute on Taxation and Economic Policy,True,A,primary,sources/native/form990/202611559349300546_public.xml,https://projects.propublica.org/nonprofits/organizations/042688165,https://apps.irs.gov/pub/epostcard/990/xml/2026/202611559349300546_public.xml,tier=A; analysis=primary; structure=independent nonprofit; location=United States; filing_staff=29; filing_expenses=4822380; workplace=Remote; fiscal_sponsor=Unknown,AMY HANAUER,EXECUTIVE DIRECTOR,219286.0,219286.0,307215.0,8490036.0,4822380.0,29.0,2025.0,1.0371960253833754,machine_reparse_local_irs_xml,verified,,AMY HANAUER,EXECUTIVE DIRECTOR,35.0,,35.0,219286,219286,307215,8490036,4822380,29,True,True,True,below_40_review,IRS XML: Form990PartVIISectionAGrp matched by executive; IRS990ScheduleJ matched by executive,see predictive-model training IDs,,,
incumbent,SRC-990-EXT-PUBLIC-AGENDA,SRC-990-EXT-PUBLIC-AGENDA,Public Agenda,True,A,primary,sources/native/form990/202631029349300503_public.xml,https://projects.propublica.org/nonprofits/organizations/132847587,https://apps.irs.gov/pub/epostcard/990/xml/2026/202631029349300503_public.xml,tier=A; analysis=primary; structure=independent nonprofit; location=Location not reported; filing_staff=14; filing_expenses=3449526; workplace=Unknown; fiscal_sponsor=Unknown,ANDREW SELIGSOHN,PRESIDENT,255662.0,255662.0,286723.0,3699693.0,3449526.0,14.0,2024.0,1.0644880037701905,machine_reparse_local_irs_xml,verified,,ANDREW SELIGSOHN,PRESIDENT,40.0,,40.0,255662,255662,286723,3699693,3449526,14,True,True,True,40_or_more,IRS XML: Form990PartVIISectionAGrp matched by executive; IRS990ScheduleJ matched by executive,see predictive-model training IDs,,,
incumbent,SRC-990-EXT-RESEARCH-AMERICA,SRC-990-EXT-RESEARCH-AMERICA,Research!America,True,A,primary,sources/native/form990/202601319349302140_public.xml,https://projects.propublica.org/nonprofits/organizations/521609875,https://apps.irs.gov/pub/epostcard/990/xml/2026/202601319349302140_public.xml,tier=A; analysis=primary; structure=independent nonprofit; location=Location not reported; filing_staff=41; filing_expenses=9394184; workplace=In-person / hybrid; fiscal_sponsor=Unknown,MARY WOOLLEY,PRESIDENT & CHIEF EXECUTIVE OFFICER,574119.0,597619.0,652740.0,8914085.0,9394184.0,41.0,2025.0,1.0371960253833754,machine_reparse_local_irs_xml,verified,,MARY WOOLLEY,PRESIDENT & CHIEF EXECUTIVE OFFICER,50.0,,50.0,574119,597619,652740,8914085,9394184,41,True,True,True,40_or_more,IRS XML: Form990PartVIISectionAGrp matched by executive; IRS990ScheduleJ matched by executive,see predictive-model training IDs,,,
incumbent,SRC-990-EXT-ROOSEVELT-INSTITUTE,SRC-990-EXT-ROOSEVELT-INSTITUTE,Roosevelt Institute,True,A,primary,sources/native/form990/202532729349301978_public.xml,https://projects.propublica.org/nonprofits/organizations/237213592,https://apps.irs.gov/pub/epostcard/990/xml/2025/202532729349301978_public.xml,tier=A; analysis=primary; structure=independent nonprofit; location=United States; filing_staff=75; filing_expenses=14132654; workplace=In-person / hybrid; fiscal_sponsor=Unknown,FELICIA WONG,"PRESIDENT & CEO, EX OFFICIO",453221.0,515721.0,566862.0,22836897.0,14132654.0,75.0,2024.0,1.0644880037701905,machine_reparse_local_irs_xml,verified,,FELICIA WONG,"PRESIDENT & CEO, EX OFFICIO",40.0,,40.0,453221,515721,566862,22836897,14132654,75,True,True,True,40_or_more,IRS XML: Form990PartVIISectionAGrp matched by executive; IRS990ScheduleJ matched by executive,see predictive-model training IDs,,,
incumbent,SRC-990-EXT-NATIONAL-EMPLOYMENT-LAW-PROJECT,SRC-990-EXT-NATIONAL-EMPLOYMENT-LAW-PROJECT,National Employment Law Project,True,A,primary,sources/native/form990/202523089349302957_public.xml,https://projects.propublica.org/nonprofits/organizations/132758558,https://apps.irs.gov/pub/epostcard/990/xml/2025/202523089349302957_public.xml,tier=A; analysis=primary; structure=independent nonprofit; location=United States; filing_staff=63; filing_expenses=13263163; workplace=Remote; fiscal_sponsor=Unknown,REBECCA DIXON,PRESIDENT & CEO,346615.0,346615.0,425666.0,6874119.0,13263163.0,63.0,2024.0,1.0644880037701905,machine_reparse_local_irs_xml,verified,,REBECCA DIXON,PRESIDENT & CEO,35.0,1.0,36.0,346615,346615,425666,6874119,13263163,63,True,True,True,below_40_review,IRS XML: Form990PartVIISectionAGrp matched by executive; IRS990ScheduleJ matched by executive,see predictive-model training IDs,,,
incumbent,SRC-990-EXT-STIMSON-CENTER,SRC-990-EXT-STIMSON-CENTER,Stimson Center,True,A,primary,sources/native/form990/202533169349304988_public.xml,https://projects.propublica.org/nonprofits/organizations/521640938,https://apps.irs.gov/pub/epostcard/990/xml/2025/202533169349304988_public.xml,tier=A; analysis=primary; structure=independent nonprofit; location=Location not reported; filing_staff=103; filing_expenses=13743006; workplace=Unknown; fiscal_sponsor=Unknown,BRIAN FINLAY,PRESIDENT & CEO,398606.0,398606.0,440667.0,14861548.0,13743006.0,103.0,2024.0,1.0644880037701905,machine_reparse_local_irs_xml,verified,,BRIAN FINLAY,PRESIDENT & CEO,40.0,,40.0,398606,398606,440667,14861548,13743006,103,True,True,True,40_or_more,IRS XML: Form990PartVIISectionAGrp matched by executive; IRS990ScheduleJ matched by executive,see predictive-model training IDs,,,
incumbent,SRC-990-EXT-THE-SENTENCING-PROJECT,SRC-990-EXT-THE-SENTENCING-PROJECT,The Sentencing Project,True,A,primary,sources/native/form990/202522829349301367_public.xml,https://projects.propublica.org/nonprofits/organizations/521472546,https://apps.irs.gov/pub/epostcard/990/xml/2025/202522829349301367_public.xml,tier=A; analysis=primary; structure=independent nonprofit; location=United States; filing_staff=28; filing_expenses=5599399; workplace=In-person / hybrid; fiscal_sponsor=Unknown,KARA GOTSCH,EXECUTIVE DIRECTOR,190000.0,195000.0,221207.0,8346667.0,5599399.0,28.0,2024.0,1.0644880037701905,machine_reparse_local_irs_xml,verified,,KARA GOTSCH,EXECUTIVE DIRECTOR,40.0,,40.0,190000,195000,221207,8346667,5599399,28,True,True,True,40_or_more,IRS XML: Form990PartVIISectionAGrp matched by executive; IRS990ScheduleJ matched by executive,see predictive-model training IDs,,,
incumbent,SRC-990-EXT-AMERICAN-IMMIGRATION-COUNCIL,SRC-990-EXT-AMERICAN-IMMIGRATION-COUNCIL,American Immigration Council,True,A,primary,sources/native/form990/202542979349301509_public.xml,https://projects.propublica.org/nonprofits/organizations/521549711,https://apps.irs.gov/pub/epostcard/990/xml/2025/202542979349301509_public.xml,tier=A; analysis=primary; structure=independent nonprofit; location=United States; filing_staff=87; filing_expenses=12429698; workplace=Remote; fiscal_sponsor=Unknown,JEREMY ROBBINS,EXECUTIVE DIRECTOR,282275.0,327947.0,337859.0,11940088.0,12429698.0,87.0,2024.0,1.0644880037701905,machine_reparse_local_irs_xml,verified,,JEREMY ROBBINS,EXECUTIVE DIRECTOR,37.5,,37.5,282275,327947,337859,11940088,12429698,87,True,True,True,below_40_review,IRS XML: Form990PartVIISectionAGrp matched by executive; IRS990ScheduleJ matched by executive,see predictive-model training IDs,,,
incumbent,SRC-990-EXT-CENTER-FOR-LAW-AND-SOCIAL-POLICY,SRC-990-EXT-CENTER-FOR-LAW-AND-SOCIAL-POLICY,Center for Law and Social Policy,False,A,excluded_transition,sources/native/form990/202513189349314621_public.xml,https://projects.propublica.org/nonprofits/organizations/237000150,https://apps.irs.gov/pub/epostcard/990/xml/2025/202513189349314621_public.xml,tier=A; analysis=excluded_transition; structure=independent nonprofit; location=Location not reported; filing_staff=86; filing_expenses=10108913; workplace=Unknown; fiscal_sponsor=Unknown,INDIVAR DUTTA-GUPTA,PRESIDENT & EXECUTIVE DIRECTOR,151725.0,151725.0,155725.0,9138332.0,10108913.0,86.0,2024.0,1.0644880037701905,machine_reparse_local_irs_xml,verified,,INDIVAR DUTTA-GUPTA,PRESIDENT & EXECUTIVE DIRECTOR,40.0,,40.0,151725,151725,155725,9138332,10108913,86,True,True,True,40_or_more,IRS XML: Form990PartVIISectionAGrp matched by executive; IRS990ScheduleJ matched by executive,see predictive-model training IDs,,,
incumbent,SRC-990-EXT-PEAK-GRANTMAKING,SRC-990-EXT-PEAK-GRANTMAKING,PEAK Grantmaking,True,A,primary,sources/native/form990/202511219349301641_public.xml,https://projects.propublica.org/nonprofits/organizations/743158155,https://apps.irs.gov/pub/epostcard/990/xml/2025/202511219349301641_public.xml,tier=A; analysis=primary; structure=independent nonprofit; location=United States; filing_staff=23; filing_expenses=7129646; workplace=Remote; fiscal_sponsor=Unknown,SATONYA FAIR,PRESIDENT AND CEO,282720.0,283209.0,314999.0,5320383.0,7129646.0,23.0,2024.0,1.0644880037701905,machine_reparse_local_irs_xml,verified,,SATONYA FAIR,PRESIDENT AND CEO,40.0,,40.0,282720,283209,314999,5320383,7129646,23,True,True,True,40_or_more,IRS XML: Form990PartVIISectionAGrp matched by executive; IRS990ScheduleJ matched by executive,see predictive-model training IDs,,,
incumbent,SRC-990-EXT-PUBLIC-KNOWLEDGE,SRC-990-EXT-PUBLIC-KNOWLEDGE,Public Knowledge,True,A,primary,sources/native/form990/202533149349301903_public.xml,https://projects.propublica.org/nonprofits/organizations/522336690,https://apps.irs.gov/pub/epostcard/990/xml/2025/202533149349301903_public.xml,tier=A; analysis=primary; structure=independent nonprofit; location=Location not reported; filing_staff=22; filing_expenses=3654052; workplace=Unknown; fiscal_sponsor=Unknown,CHRISTOPHER J LEWIS,PRESIDENT/CEO,252001.0,252001.0,268772.0,2876810.0,3654052.0,22.0,2024.0,1.0644880037701905,machine_reparse_local_irs_xml,verified,,CHRISTOPHER J LEWIS,PRESIDENT/CEO,40.0,,40.0,252001,252001,268772,2876810,3654052,22,True,True,True,40_or_more,IRS XML: Form990PartVIISectionAGrp matched by executive; IRS990ScheduleJ matched by executive,see predictive-model training IDs,,,
incumbent,SRC-990-EXT-VILLAGEREACH,SRC-990-EXT-VILLAGEREACH,VillageReach,True,A,primary_with_structure_flag,sources/native/form990/202512199349301336_public.xml,https://projects.propublica.org/nonprofits/organizations/912083484,https://apps.irs.gov/pub/epostcard/990/xml/2025/202512199349301336_public.xml,tier=A; analysis=primary_with_structure_flag; structure=independent nonprofit; location=Location not reported; filing_staff=62; filing_expenses=31767757; workplace=Unknown; fiscal_sponsor=Unknown,EMILY BANCROFT,PRESIDENT,228632.0,228632.0,243255.0,31514699.0,31767757.0,62.0,2023.0,1.095885345744019,machine_reparse_local_irs_xml,verified,,EMILY BANCROFT,PRESIDENT,40.0,,40.0,228632,228632,243255,31514699,31767757,62,True,True,True,40_or_more,IRS XML: Form990PartVIISectionAGrp matched by executive; IRS990ScheduleJ matched by executive,see predictive-model training IDs,,,
incumbent,SRC-990-EXT-BULLETIN-OF-THE-ATOMIC-SCIENTISTS,SRC-990-EXT-BULLETIN-OF-THE-ATOMIC-SCIENTISTS,Bulletin of the Atomic Scientists,True,A,primary_with_structure_flag,sources/native/form990/202610149349301801_public.xml,https://projects.propublica.org/nonprofits/organizations/362136497,https://apps.irs.gov/pub/epostcard/990/xml/2026/202610149349301801_public.xml,tier=A; analysis=primary_with_structure_flag; structure=independent nonprofit; location=Location not reported; filing_staff=21; filing_expenses=3533371; workplace=Unknown; fiscal_sponsor=Unknown,Alexandra Bell,CEO,210000.0,210000.0,216300.0,2782626.0,3533371.0,21.0,2024.0,1.0644880037701905,machine_reparse_local_irs_xml,verified,,Alexandra Bell,CEO,40.0,0.0,40.0,210000,210000,216300,2782626,3533371,21,True,True,True,40_or_more,IRS XML: Form990PartVIISectionAGrp matched by executive; IRS990ScheduleJ matched by executive,see predictive-model training IDs,,,
incumbent,SRC-990-EXT-ELECTRONIC-FRONTIER-FOUNDATION,SRC-990-EXT-ELECTRONIC-FRONTIER-FOUNDATION,Electronic Frontier Foundation,True,A,primary_with_structure_flag,sources/native/form990/202610989349301676_public.xml,https://projects.propublica.org/nonprofits/organizations/43091431,https://apps.irs.gov/pub/epostcard/990/xml/2026/202610989349301676_public.xml,tier=A; analysis=primary_with_structure_flag; structure=independent nonprofit; location=United States; filing_staff=121; filing_expenses=25771066; workplace=In-person / hybrid; fiscal_sponsor=Unknown,Cindy Cohn,Executive Director,326012.0,352039.0,376166.0,21592581.0,25771066.0,121.0,2024.0,1.0644880037701905,machine_reparse_local_irs_xml,verified,,Cindy Cohn,Executive Director,40.0,,40.0,326012,352039,376166,21592581,25771066,121,True,True,True,40_or_more,IRS XML: Form990PartVIISectionAGrp matched by executive; IRS990ScheduleJ matched by executive,see predictive-model training IDs,,,
incumbent,SRC-990-EXT-FEDERATION-OF-AMERICAN-SCIENTISTS,SRC-990-EXT-FEDERATION-OF-AMERICAN-SCIENTISTS,Federation of American Scientists,True,A,primary_with_structure_flag,sources/native/form990/202620939349300837_public.xml,https://projects.propublica.org/nonprofits/organizations/237185827,https://apps.irs.gov/pub/epostcard/990/xml/2026/202620939349300837_public.xml,tier=A; analysis=primary_with_structure_flag; structure=independent nonprofit; location=United States; filing_staff=116; filing_expenses=36430648; workplace=In-person / hybrid; fiscal_sponsor=Yes,DANIEL CORREA,CHIEF EXECUTIVE OFFICER,443469.0,683472.0,779473.0,35602788.0,36430648.0,116.0,2024.0,1.0644880037701905,machine_reparse_local_irs_xml,verified,,DANIEL CORREA,CHIEF EXECUTIVE OFFICER,40.0,,40.0,443469,683472,779473,35602788,36430648,116,True,True,True,40_or_more,IRS XML: Form990PartVIISectionAGrp matched by executive; IRS990ScheduleJ matched by executive,see predictive-model training IDs,,,
incumbent,SRC-990-EXT-GOOD-FOOD-INSTITUTE,SRC-990-EXT-GOOD-FOOD-INSTITUTE,Good Food Institute,True,A,primary_with_structure_flag,sources/native/form990/202543189349301719_public.xml,https://projects.propublica.org/nonprofits/organizations/810840578,https://apps.irs.gov/pub/epostcard/990/xml/2025/202543189349301719_public.xml,tier=A; analysis=primary_with_structure_flag; structure=independent nonprofit; location=International / multi-country; filing_staff=132; filing_expenses=35420353; workplace=Remote; fiscal_sponsor=Unknown,ILYA SHEYMAN,CEO,225925.0,225925.0,248400.0,28143912.0,35420353.0,132.0,2024.0,1.0644880037701905,machine_reparse_local_irs_xml,verified,,ILYA SHEYMAN,CEO,40.0,0.0,40.0,225925,225925,248400,28143912,35420353,132,True,True,True,40_or_more,IRS XML: Form990PartVIISectionAGrp matched by executive; IRS990ScheduleJ matched by executive,see predictive-model training IDs,,,
incumbent,SRC-990-EXT-NATIONAL-COMMITTEE-FOR-RESPONSIVE-PHILANTHROPY,SRC-990-EXT-NATIONAL-COMMITTEE-FOR-RESPONSIVE-PHILANTHROPY,National Committee for Responsive Philanthropy,True,A,primary,sources/native/form990/202610449349300906_public.xml,https://projects.propublica.org/nonprofits/organizations/521072749,https://apps.irs.gov/pub/epostcard/990/xml/2026/202610449349300906_public.xml,tier=A; analysis=primary; structure=independent nonprofit; location=Location not reported; filing_staff=27; filing_expenses=4098025; workplace=Unknown; fiscal_sponsor=Yes,AARON DORFMAN,CEO,321240.0,321240.0,373512.0,3680502.0,4098025.0,27.0,2024.0,1.0644880037701905,machine_reparse_local_irs_xml,verified,,AARON DORFMAN,CEO,40.0,,40.0,321240,321240,373512,3680502,4098025,27,True,True,True,40_or_more,IRS XML: Form990PartVIISectionAGrp matched by executive; IRS990ScheduleJ matched by executive,see predictive-model training IDs,,,
incumbent,SRC-990-EXT-PHYSICIANS-COMMITTEE-FOR-RESPONSIBLE-MEDICINE,SRC-990-EXT-PHYSICIANS-COMMITTEE-FOR-RESPONSIBLE-MEDICINE,Physicians Committee for Responsible Medicine,False,A,excluded_measurement,sources/native/form990/202630169349300803_public.xml,https://projects.propublica.org/nonprofits/organizations/521394893,https://apps.irs.gov/pub/epostcard/990/xml/2026/202630169349300803_public.xml,tier=A; analysis=excluded_measurement; structure=independent nonprofit; location=Location not reported; founder-led; filing_staff=110; filing_expenses=23901833; workplace=In-person / hybrid; fiscal_sponsor=Unknown,No clean paid CEO/ED observation,Not reported,,,,21391471.0,23901833.0,110.0,2024.0,1.0644880037701905,not_a_quantitative_compensation_observation,not_applicable,selected reference organization has no retained CEO salary point,,,,,,,,,,,,n/a,n/a,n/a,not_applicable,,see predictive-model training IDs,,,
incumbent,SRC-990-EXT-PRECISION-DEVELOPMENT,SRC-990-EXT-PRECISION-DEVELOPMENT,Precision Development,True,A,primary_older_clean,sources/native/form990/202433199349302193_public.xml,https://projects.propublica.org/nonprofits/organizations/810779400,https://apps.irs.gov/pub/epostcard/990/xml/2024/202433199349302193_public.xml,tier=A; analysis=primary_older_clean; structure=independent nonprofit; location=International / multi-country; filing_staff=14; filing_expenses=5234047; workplace=In-person / hybrid; fiscal_sponsor=Unknown,OWEN BARDER,CHIEF EXECUTIVE OFFICER,224927.0,224927.0,247527.0,6178835.0,5234047.0,14.0,2023.0,1.095885345744019,machine_reparse_local_irs_xml,verified,,OWEN BARDER,CHIEF EXECUTIVE OFFICER,40.0,,40.0,224927,224927,247527,6178835,5234047,14,True,True,True,40_or_more,IRS XML: Form990PartVIISectionAGrp matched by executive; IRS990ScheduleJ matched by executive,see predictive-model training IDs,,,
incumbent,SRC-990-EXT-RESULTS-FOR-DEVELOPMENT,SRC-990-EXT-RESULTS-FOR-DEVELOPMENT,Results for Development,True,A,primary_with_structure_flag,sources/native/form990/202512739349302306_public.xml,https://projects.propublica.org/nonprofits/organizations/208530747,https://apps.irs.gov/pub/epostcard/990/xml/2025/202512739349302306_public.xml,tier=A; analysis=primary_with_structure_flag; structure=independent nonprofit; location=International / multi-country; filing_staff=140; filing_expenses=48542325; workplace=Remote; fiscal_sponsor=Unknown,GINA LAGOMARSINO,PRESIDENT & CEO,384084.0,384084.0,397884.0,49137699.0,48542325.0,140.0,2024.0,1.0644880037701905,machine_reparse_local_irs_xml,verified,,GINA LAGOMARSINO,PRESIDENT & CEO,40.0,,40.0,384084,384084,397884,49137699,48542325,140,True,True,True,40_or_more,IRS XML: Form990PartVIISectionAGrp matched by executive; IRS990ScheduleJ matched by executive,see predictive-model training IDs,,,
incumbent,SRC-990-EXT-CREATIVE-COMMONS,SRC-990-EXT-CREATIVE-COMMONS,Creative Commons,True,B,primary,sources/native/form990/202543179349306294_public.xml,https://projects.propublica.org/nonprofits/organizations/043585301,https://apps.irs.gov/pub/epostcard/990/xml/2025/202543179349306294_public.xml,tier=B; analysis=primary; structure=independent nonprofit; location=International / multi-country; filing_staff=18; filing_expenses=3912384; workplace=Remote; fiscal_sponsor=Unknown,ANNA TUMADOTTIR,CEO,230000.0,230000.0,254431.0,2439364.0,3912384.0,18.0,2024.0,1.0644880037701905,machine_reparse_local_irs_xml,verified,,ANNA TUMADOTTIR,CEO,40.0,0.0,40.0,230000,230000,254431,2439364,3912384,18,True,True,True,40_or_more,IRS XML: Form990PartVIISectionAGrp matched by executive; IRS990ScheduleJ matched by executive,see predictive-model training IDs,,,
incumbent,SRC-990-EXT-TECHCONGRESS,SRC-990-EXT-TECHCONGRESS,TechCongress,True,B,primary,sources/native/form990/202621959349301032_public.xml,https://projects.propublica.org/nonprofits/organizations/811839685,https://apps.irs.gov/pub/epostcard/990/xml/2026/202621959349301032_public.xml,tier=B; analysis=primary; structure=independent nonprofit; location=United States; filing_staff=7; filing_expenses=3725264; workplace=In-person / hybrid; fiscal_sponsor=Unknown,TRAVIS MOORE,EXECUTIVE DIRECTOR/BOARD SECRETARY,257694.0,257694.0,293905.0,7320089.0,3725264.0,7.0,2025.0,1.0371960253833754,machine_reparse_local_irs_xml,verified,,TRAVIS MOORE,EXECUTIVE DIRECTOR/BOARD SECRETARY,40.0,,40.0,257694,257694,293905,7320089,3725264,7,True,True,True,40_or_more,IRS XML: Form990PartVIISectionAGrp matched by executive; IRS990ScheduleJ matched by executive,see predictive-model training IDs,,,
incumbent,SRC-990-EXT-ECONOMIC-INNOVATION-GROUP,SRC-990-EXT-ECONOMIC-INNOVATION-GROUP,Economic Innovation Group,True,B,primary_with_structure_flag,sources/native/form990/202513219349307891_public.xml,https://projects.propublica.org/nonprofits/organizations/462450336,https://apps.irs.gov/pub/epostcard/990/xml/2025/202513219349307891_public.xml,tier=B; analysis=primary_with_structure_flag; structure=independent nonprofit; location=United States; filing_staff=26; filing_expenses=5806034; workplace=In-person / hybrid; fiscal_sponsor=Unknown,John Lettieri,PRESIDENT & CEO,398663.0,479718.0,535307.0,5679893.0,5806034.0,26.0,2024.0,1.0644880037701905,machine_reparse_local_irs_xml,verified,,John Lettieri,PRESIDENT & CEO,40.0,0.0,40.0,398663,479718,535307,5679893,5806034,26,True,True,True,40_or_more,IRS XML: Form990PartVIISectionAGrp matched by executive; IRS990ScheduleJ matched by executive,see predictive-model training IDs,,,
incumbent,SRC-990-EXT-INSTITUTE-FOR-SECURITY-AND-TECHNOLOGY,SRC-990-EXT-INSTITUTE-FOR-SECURITY-AND-TECHNOLOGY,Institute for Security and Technology,True,B,primary,sources/native/form990/202523219349310552_public.xml,https://projects.propublica.org/nonprofits/organizations/475677755,https://apps.irs.gov/pub/epostcard/990/xml/2025/202523219349310552_public.xml,tier=B; analysis=primary; structure=independent nonprofit; location=United States; filing_staff=25; filing_expenses=4436894; workplace=Remote; fiscal_sponsor=Unknown,PHILIP REINER,CEO,226624.0,324624.0,366425.0,3587978.0,4436894.0,25.0,2024.0,1.0644880037701905,machine_reparse_local_irs_xml,verified,,PHILIP REINER,CEO,40.0,,40.0,226624,324624,366425,3587978,4436894,25,True,True,True,40_or_more,IRS XML: Form990PartVIISectionAGrp matched by executive; IRS990ScheduleJ matched by executive,see predictive-model training IDs,,,
incumbent,SRC-990-EXT-SOFTWARE-FREEDOM-CONSERVANCY,SRC-990-EXT-SOFTWARE-FREEDOM-CONSERVANCY,Software Freedom Conservancy,True,B,primary_with_structure_flag,sources/native/form990/202640169349300604_public.xml,https://projects.propublica.org/nonprofits/organizations/412203632,https://apps.irs.gov/pub/epostcard/990/xml/2026/202640169349300604_public.xml,tier=B; analysis=primary_with_structure_flag; structure=fiscal sponsor / membership nonprofit; location=United States; filing_staff=8; filing_expenses=3805350; workplace=Remote; fiscal_sponsor=Yes,Karen M Sandler,President and Executive Director,178851.0,178851.0,241142.0,3214723.0,3805350.0,8.0,2024.0,1.0644880037701905,machine_reparse_local_irs_xml,verified,,Karen M Sandler,President and Executive Director,45.0,,45.0,178851,178851,241142,3214723,3805350,8,True,True,True,40_or_more,IRS XML: Form990PartVIISectionAGrp matched by executive; IRS990ScheduleJ matched by executive,see predictive-model training IDs,,,
incumbent,SRC-990-EXT-CENTER-FOR-PUBLIC-INTEGRITY,SRC-990-EXT-CENTER-FOR-PUBLIC-INTEGRITY,Center for Public Integrity,False,B,sensitivity_hours_review,sources/native/form990/202412399349300756_public.xml,https://projects.propublica.org/nonprofits/organizations/541512177,https://apps.irs.gov/pub/epostcard/990/xml/2024/202412399349300756_public.xml,tier=B; analysis=sensitivity_hours_review; structure=independent nonprofit; location=Location not reported; filing_staff=36; filing_expenses=6141454; workplace=Unknown; fiscal_sponsor=Unknown,PAUL CHEUNG,CEO,306912.0,306912.0,334973.0,3834099.0,6141454.0,36.0,2023.0,1.095885345744019,machine_reparse_local_irs_xml,verified,,PAUL CHEUNG,CEO,0.5,,0.5,306912,306912,334973,3834099,6141454,36,True,True,True,full_time_not_supported_under_30_hour_rule,IRS XML: Form990PartVIISectionAGrp matched by executive; IRS990ScheduleJ matched by executive,see predictive-model training IDs,primary_hours_pattern_followup,https://publicintegrity.org/wp-content/uploads/2024/12/CPI-2023-Form-990-public-disclosoure-copy.pdf,"The filing repeats 0.50 for numerous senior employees, while CPI's 2021 filing reports Cheung at 40 hours. This supports a filing-convention/data-entry concern, not a correction to 40 without an amended 2023 filing; retain an hours sensitivity."
incumbent,SRC-990-EXT-GRANTMAKERS-FOR-EDUCATION,SRC-990-EXT-GRANTMAKERS-FOR-EDUCATION,Grantmakers for Education,True,B,primary,sources/native/form990/202543079349303299_public.xml,https://projects.propublica.org/nonprofits/organizations/330919329,https://apps.irs.gov/pub/epostcard/990/xml/2025/202543079349303299_public.xml,tier=B; analysis=primary; structure=membership nonprofit; location=Location not reported; filing_staff=10; filing_expenses=3206947; workplace=Unknown; fiscal_sponsor=Unknown,NICOLE R LEACH,EXECUTIVE DIRECTOR,235266.0,235266.0,282015.0,3389406.0,3206947.0,10.0,2024.0,1.0644880037701905,machine_reparse_local_irs_xml,verified,,NICOLE R LEACH,EXECUTIVE DIRECTOR,40.0,,40.0,235266,235266,282015,3389406,3206947,10,True,True,True,40_or_more,IRS XML: Form990PartVIISectionAGrp matched by executive; IRS990ScheduleJ matched by executive,see predictive-model training IDs,,,
incumbent,SRC-990-EXT-OPENSECRETS,SRC-990-EXT-OPENSECRETS,OpenSecrets,True,B,primary,sources/native/form990/202631979349301803_public.xml,https://projects.propublica.org/nonprofits/organizations/521275227,https://apps.irs.gov/pub/epostcard/990/xml/2026/202631979349301803_public.xml,tier=B; analysis=primary; structure=independent nonprofit; location=United States; filing_staff=46; filing_expenses=3374050; workplace=Remote; fiscal_sponsor=Unknown,Hilary Braseth,Executive Director,216497.0,222497.0,235284.0,4281039.0,3374050.0,46.0,2025.0,1.0371960253833754,machine_reparse_local_irs_xml,verified,,Hilary Braseth,Executive Director,40.0,0.0,40.0,216497,222497,235284,4281039,3374050,46,True,True,True,40_or_more,IRS XML: Form990PartVIISectionAGrp matched by executive; IRS990ScheduleJ matched by executive,see predictive-model training IDs,,,
incumbent,SRC-990-EXT-PROJECT-HEALTHY-CHILDREN,SRC-990-EXT-PROJECT-HEALTHY-CHILDREN,Project Healthy Children,True,B,primary_current_filing,sources/native/form990/sanku_2024_form990.pdf,https://projects.propublica.org/nonprofits/organizations/830396815,https://sanku.com/wp-content/uploads/2026/03/Sanku990_FY24.pdf,tier=B; analysis=primary_current_filing; structure=independent nonprofit; location=Location not reported; filing_staff=3; filing_expenses=5867621; workplace=Unknown; fiscal_sponsor=Unknown,FELIX BROOKS-CHURCH,CEO,97072.0,97072.0,213840.0,6702737.0,5867621.0,3.0,2023.0,1.095885345744019,manual_deep_read_rendered_or_pdf_primary,verified,,FELIX BROOKS-CHURCH,CEO,40,,,97072,97072,213840,6702737,5867621,3,True,True,True,40_or_more,"official PDF pp. 1, 7, 40; Schedule O p. 41 (housing allowance)",see predictive-model training IDs,,,
incumbent,SRC-990-EXT-ENERGY-FOR-GROWTH-HUB,SRC-990-EXT-ENERGY-FOR-GROWTH-HUB,Energy for Growth Hub,True,B,primary,sources/native/form990/202513219349322806_public.xml,https://projects.propublica.org/nonprofits/organizations/831609680,https://apps.irs.gov/pub/epostcard/990/xml/2025/202513219349322806_public.xml,tier=B; analysis=primary; structure=independent nonprofit; location=Location not reported; filing_staff=7; filing_expenses=2824520; workplace=Unknown; fiscal_sponsor=Unknown,TODD MOSS,EXECUTIVE DIRECTOR,420000.0,420000.0,498616.0,2561222.0,2824520.0,7.0,2024.0,1.0644880037701905,machine_reparse_local_irs_xml,verified,,TODD MOSS,EXECUTIVE DIRECTOR,40.0,,40.0,420000,420000,498616,2561222,2824520,7,True,True,True,40_or_more,IRS XML: Form990PartVIISectionAGrp matched by executive; IRS990ScheduleJ matched by executive,see predictive-model training IDs,,,
incumbent,SRC-990-EXT-MUCKROCK-FOUNDATION,SRC-990-EXT-MUCKROCK-FOUNDATION,MuckRock Foundation,True,B,primary_older_clean,sources/native/form990/202403119349300920_public.xml,https://projects.propublica.org/nonprofits/organizations/811485228,https://apps.irs.gov/pub/epostcard/990/xml/2024/202403119349300920_public.xml,tier=B; analysis=primary_older_clean; structure=independent nonprofit; location=United States; filing_staff=28; filing_expenses=3231701; workplace=Remote; fiscal_sponsor=Yes,Michael Morisy,Executive Director,,126234.0,126234.0,3776685.0,3231701.0,28.0,2023.0,1.095885345744019,machine_reparse_local_irs_xml,verified,,Michael Morisy,Executive Director,60.0,,60.0,,126234,126234,3776685,3231701,28,True,True,True,40_or_more,IRS XML: Form990PartVIISectionAGrp matched by executive; IRS990ScheduleJ matched by executive,see predictive-model training IDs,,,
incumbent,SRC-990-EXT-SIGHTLINE-INSTITUTE,SRC-990-EXT-SIGHTLINE-INSTITUTE,Sightline Institute,True,B,primary,sources/native/form990/202522249349300332_public.xml,https://projects.propublica.org/nonprofits/organizations/521833599,https://apps.irs.gov/pub/epostcard/990/xml/2025/202522249349300332_public.xml,tier=B; analysis=primary; structure=independent nonprofit; location=United States; founder-led; filing_staff=22; filing_expenses=3249823; workplace=Remote; fiscal_sponsor=Unknown,Alan Durning,Executive Director,198548.0,198548.0,227946.0,2520867.0,3249823.0,22.0,2024.0,1.0644880037701905,machine_reparse_local_irs_xml,verified,,Alan Durning,Executive Director,40.0,,40.0,198548,198548,227946,2520867,3249823,22,True,True,True,40_or_more,IRS XML: Form990PartVIISectionAGrp matched by executive; IRS990ScheduleJ matched by executive,see predictive-model training IDs,,,
incumbent,SRC-990-EXT-ANIMAL-EQUALITY,SRC-990-EXT-ANIMAL-EQUALITY,Animal Equality,False,B,structural_sensitivity,sources/native/form990/202533009349301263_public.xml,https://projects.propublica.org/nonprofits/organizations/472420444,https://apps.irs.gov/pub/epostcard/990/xml/2025/202533009349301263_public.xml,tier=B; analysis=structural_sensitivity; structure=independent nonprofit; location=International / multi-country; founder-led; filing_staff=27; filing_expenses=5192778; workplace=Remote; fiscal_sponsor=Unknown,Sharon Maria Nunez Gough,President,,100966.0,110859.0,4411463.0,5192778.0,27.0,2024.0,1.0644880037701905,machine_reparse_local_irs_xml,verified,,Sharon Maria Nunez Gough,President,40.0,0.0,40.0,,100966,110859,4411463,5192778,27,True,True,True,40_or_more,IRS XML: Form990PartVIISectionAGrp matched by executive; IRS990ScheduleJ matched by executive,see predictive-model training IDs,,,
incumbent,SRC-990-EXT-GLOBAL-HEALTH-CORPS,SRC-990-EXT-GLOBAL-HEALTH-CORPS,Global Health Corps,True,B,primary_with_structure_flag,sources/native/form990/202600139349300115_public.xml,https://projects.propublica.org/nonprofits/organizations/800512336,https://apps.irs.gov/pub/epostcard/990/xml/2026/202600139349300115_public.xml,tier=B; analysis=primary_with_structure_flag; structure=independent nonprofit; location=United States; filing_staff=18; filing_expenses=3112237; workplace=In-person / hybrid; fiscal_sponsor=Unknown,HEATHER ANDERSON,CEO,233774.0,233774.0,242304.0,3224553.0,3112237.0,18.0,2024.0,1.0644880037701905,machine_reparse_local_irs_xml,verified,,HEATHER ANDERSON,CEO,50.0,0.0,50.0,233774,233774,242304,3224553,3112237,18,True,True,True,40_or_more,IRS XML: Form990PartVIISectionAGrp matched by executive; IRS990ScheduleJ matched by executive,see predictive-model training IDs,,,
incumbent,SRC-990-EXT-LAST-MILE-HEALTH,SRC-990-EXT-LAST-MILE-HEALTH,Last Mile Health,True,B,primary_with_structure_flag,sources/native/form990/202631359349305343_public.xml,https://projects.propublica.org/nonprofits/organizations/261401736,https://apps.irs.gov/pub/epostcard/990/xml/2026/202631359349305343_public.xml,tier=B; analysis=primary_with_structure_flag; structure=independent nonprofit; location=International / multi-country; filing_staff=55; filing_expenses=26962344; workplace=In-person / hybrid; fiscal_sponsor=Unknown,LISHA MCCORMICK,CHIEF EXECUTIVE OFFICER,248348.0,249008.0,256172.0,21567118.0,26962344.0,55.0,2024.0,1.0644880037701905,machine_reparse_local_irs_xml,verified,,LISHA MCCORMICK,CHIEF EXECUTIVE OFFICER,40.0,,40.0,248348,249008,256172,21567118,26962344,55,True,True,True,40_or_more,IRS XML: Form990PartVIISectionAGrp matched by executive; IRS990ScheduleJ matched by executive,see predictive-model training IDs,,,
incumbent,SRC-990-EXT-OPEN-MARKETS-INSTITUTE,SRC-990-EXT-OPEN-MARKETS-INSTITUTE,Open Markets Institute,True,B,primary,sources/native/form990/202533209349300548_public.xml,https://projects.propublica.org/nonprofits/organizations/822529375,https://apps.irs.gov/pub/epostcard/990/xml/2025/202533209349300548_public.xml,tier=B; analysis=primary; structure=independent nonprofit; location=United States; filing_staff=22; filing_expenses=3918043; workplace=In-person / hybrid; fiscal_sponsor=Unknown,BARRY LYNN,EXECUTIVE DIRECTOR,184842.0,184842.0,218953.0,2871589.0,3918043.0,22.0,2024.0,1.0644880037701905,machine_reparse_local_irs_xml,verified,,BARRY LYNN,EXECUTIVE DIRECTOR,40.0,,40.0,184842,184842,218953,2871589,3918043,22,True,True,True,40_or_more,IRS XML: Form990PartVIISectionAGrp matched by executive; IRS990ScheduleJ matched by executive,see predictive-model training IDs,,,
incumbent,SRC-990-EXT-STRONGMINDS,SRC-990-EXT-STRONGMINDS,StrongMinds,True,B,primary_with_structure_flag,sources/native/form990/202511719349300036_public.xml,https://projects.propublica.org/nonprofits/organizations/462090059,https://apps.irs.gov/pub/epostcard/990/xml/2025/202511719349300036_public.xml,tier=B; analysis=primary_with_structure_flag; structure=independent nonprofit; location=Location not reported; founder-led; filing_staff=25; filing_expenses=9651790; workplace=Unknown; fiscal_sponsor=Unknown,SEAN MAYBERRY,CHIEF EXECUTIVE OFFICER,240015.0,240015.0,247468.0,9289461.0,9651790.0,25.0,2024.0,1.0644880037701905,machine_reparse_local_irs_xml,verified,,SEAN MAYBERRY,CHIEF EXECUTIVE OFFICER,40.0,,40.0,240015,240015,247468,9289461,9651790,25,True,True,True,40_or_more,IRS XML: Form990PartVIISectionAGrp matched by executive; IRS990ScheduleJ matched by executive,see predictive-model training IDs,,,
incumbent,SRC-990-EXT-NEW-AMERICA,SRC-990-EXT-NEW-AMERICA,New America,True,B,primary_with_structure_flag,sources/native/form990/202513109349304131_public.xml,https://projects.propublica.org/nonprofits/organizations/522096845,https://apps.irs.gov/pub/epostcard/990/xml/2025/202513109349304131_public.xml,tier=B; analysis=primary_with_structure_flag; structure=independent nonprofit; location=Location not reported; filing_staff=196; filing_expenses=41339553; workplace=In-person / hybrid; fiscal_sponsor=Unknown,ANNE-MARIE SLAUGHTER,CEO,511787.0,570709.0,609860.0,37233867.0,41339553.0,196.0,2024.0,1.0644880037701905,machine_reparse_local_irs_xml,verified,,ANNE-MARIE SLAUGHTER,CEO,40.0,,40.0,511787,570709,609860,37233867,41339553,196,True,True,True,40_or_more,IRS XML: Form990PartVIISectionAGrp matched by executive; IRS990ScheduleJ matched by executive,see predictive-model training IDs,,,
incumbent,SRC-990-EXT-THIRD-WAY-INSTITUTE,SRC-990-EXT-THIRD-WAY-INSTITUTE,Third Way Institute,True,B,primary_with_structure_flag,sources/native/form990/202543159349301669_public.xml,https://projects.propublica.org/nonprofits/organizations/260535276,https://apps.irs.gov/pub/epostcard/990/xml/2025/202543159349301669_public.xml,tier=B; analysis=primary_with_structure_flag; structure=independent nonprofit; location=Location not reported; filing_staff=0; filing_expenses=22331511; workplace=In-person / hybrid; fiscal_sponsor=Unknown,JONATHAN COWAN,PRESIDENT,413118.0,413118.0,454588.0,19278889.0,22331511.0,0.0,2024.0,1.0644880037701905,machine_reparse_local_irs_xml,verified,,JONATHAN COWAN,PRESIDENT,4.0,36.0,40.0,413118,413118,454588,19278889,22331511,0,True,True,True,40_or_more,IRS XML: Form990PartVIISectionAGrp matched by executive; IRS990ScheduleJ matched by executive,see predictive-model training IDs,,,
incumbent,SRC-990-EXT-ANIMAL-LEGAL-DEFENSE-FUND,SRC-990-EXT-ANIMAL-LEGAL-DEFENSE-FUND,Animal Legal Defense Fund,True,B,primary_with_structure_flag,sources/native/form990/202631249349301878_public.xml,https://projects.propublica.org/nonprofits/organizations/942681680,https://apps.irs.gov/pub/epostcard/990/xml/2026/202631249349301878_public.xml,tier=B; analysis=primary_with_structure_flag; structure=independent nonprofit; location=United States; filing_staff=109; filing_expenses=17525202; workplace=Remote; fiscal_sponsor=Unknown,CHRIS GREEN,EXECUTIVE DIRECTOR,261602.0,287102.0,316913.0,19716926.0,17525202.0,109.0,2024.0,1.0644880037701905,machine_reparse_local_irs_xml,verified,,CHRIS GREEN,EXECUTIVE DIRECTOR,40.0,0.0,40.0,261602,287102,316913,19716926,17525202,109,True,True,True,40_or_more,IRS XML: Form990PartVIISectionAGrp matched by executive; IRS990ScheduleJ matched by executive,see predictive-model training IDs,,,
incumbent,SRC-990-EXT-BIPARTISAN-POLICY-CENTER,SRC-990-EXT-BIPARTISAN-POLICY-CENTER,Bipartisan Policy Center,True,B,primary_with_structure_flag,sources/native/form990/202513109349302561_public.xml,https://projects.propublica.org/nonprofits/organizations/731628382,https://apps.irs.gov/pub/epostcard/990/xml/2025/202513109349302561_public.xml,tier=B; analysis=primary_with_structure_flag; structure=independent nonprofit; location=United States; filing_staff=212; filing_expenses=35378989; workplace=In-person / hybrid; fiscal_sponsor=Unknown,MARGARET SPELLINGS,PRESIDENT & CEO,836875.0,976875.0,1023069.0,37835818.0,35378989.0,212.0,2024.0,1.0644880037701905,machine_reparse_local_irs_xml,verified,,MARGARET SPELLINGS,PRESIDENT & CEO,32.0,8.0,40.0,836875,976875,1023069,37835818,35378989,212,True,True,True,40_or_more,IRS XML: Form990PartVIISectionAGrp matched by executive; IRS990ScheduleJ matched by executive,see predictive-model training IDs,,,
incumbent,SRC-990-EXT-EXPONENT-PHILANTHROPY,SRC-990-EXT-EXPONENT-PHILANTHROPY,Exponent Philanthropy,True,B,primary,sources/native/form990/202621699349300132_public.xml,https://projects.propublica.org/nonprofits/organizations/650617866,https://apps.irs.gov/pub/epostcard/990/xml/2026/202621699349300132_public.xml,tier=B; analysis=primary; structure=independent nonprofit; location=Location not reported; filing_staff=19; filing_expenses=3343665; workplace=Remote; fiscal_sponsor=Unknown,PAUL D DAUGHERTY,CEO,287924.0,297424.0,350724.0,3267087.0,3343665.0,19.0,2025.0,1.0371960253833754,machine_reparse_local_irs_xml,verified,,PAUL D DAUGHERTY,CEO,50.0,,50.0,287924,297424,350724,3267087,3343665,19,True,True,True,40_or_more,IRS XML: Form990PartVIISectionAGrp matched by executive; IRS990ScheduleJ matched by executive,see predictive-model training IDs,,,
incumbent,SRC-990-EXT-RESULTS-FOR-AMERICA,SRC-990-EXT-RESULTS-FOR-AMERICA,Results for America,True,B,primary,sources/native/form990/202513179349309376_public.xml,https://projects.propublica.org/nonprofits/organizations/812709681,https://apps.irs.gov/pub/epostcard/990/xml/2025/202513179349309376_public.xml,tier=B; analysis=primary; structure=independent nonprofit; location=International / multi-country; founder-led; filing_staff=97; filing_expenses=24594265; workplace=Remote; fiscal_sponsor=Unknown,MICHELE JOLIN,PRESIDENT & CEO,304500.0,311352.0,318528.0,16801077.0,24594265.0,97.0,2024.0,1.0644880037701905,machine_reparse_local_irs_xml,verified,,MICHELE JOLIN,PRESIDENT & CEO,40.0,,40.0,304500,311352,318528,16801077,24594265,97,True,True,True,40_or_more,IRS XML: Form990PartVIISectionAGrp matched by executive; IRS990ScheduleJ matched by executive,see predictive-model training IDs,,,
incumbent,SRC-990-EXT-COMPASSION-IN-WORLD-FARMING-USA,SRC-990-EXT-COMPASSION-IN-WORLD-FARMING-USA,Compassion in World Farming USA,False,B,structural_sensitivity,sources/native/form990/202402689349300735_public.xml,https://projects.propublica.org/nonprofits/organizations/461822635,https://apps.irs.gov/pub/epostcard/990/xml/2024/202402689349300735_public.xml,tier=B; analysis=structural_sensitivity; structure=international nonprofit affiliate; location=International / multi-country; filing_staff=20; filing_expenses=2417841; workplace=Remote; fiscal_sponsor=Unknown,Benjamin Williamson,US Director,,103049.0,123407.0,2356610.0,2417841.0,20.0,2023.0,1.095885345744019,machine_reparse_local_irs_xml,verified,,Benjamin Williamson,US Director,40.0,,40.0,,103049,123407,2356610,2417841,20,True,True,True,40_or_more,IRS XML: Form990PartVIISectionAGrp matched by executive; IRS990ScheduleJ matched by executive,see predictive-model training IDs,,,
incumbent,SRC-990-EXT-LIVING-GOODS,SRC-990-EXT-LIVING-GOODS,Living Goods,True,B,primary_with_structure_flag,sources/native/form990/202433199349307518_public.xml,https://projects.propublica.org/nonprofits/organizations/205010527,https://apps.irs.gov/pub/epostcard/990/xml/2024/202433199349307518_public.xml,tier=B; analysis=primary_with_structure_flag; structure=independent nonprofit; location=Location not reported; filing_staff=15; filing_expenses=23722146; workplace=In-person / hybrid; fiscal_sponsor=Unknown,ELIZABETH ANN JARMAN,CEO/OFFICER,247500.0,247500.0,247500.0,17489687.0,23722146.0,15.0,2023.0,1.095885345744019,machine_reparse_local_irs_xml,verified,,ELIZABETH ANN JARMAN,CEO/OFFICER,32.0,8.0,40.0,247500,247500,247500,17489687,23722146,15,True,True,True,40_or_more,IRS XML: Form990PartVIISectionAGrp matched by executive; IRS990ScheduleJ matched by executive,see predictive-model training IDs,,,
incumbent,SRC-990-EXT-THE-HUMANE-LEAGUE,SRC-990-EXT-THE-HUMANE-LEAGUE,The Humane League,True,B,primary_with_structure_flag,sources/native/form990/202512489349301801_public.xml,https://projects.propublica.org/nonprofits/organizations/043817491,https://apps.irs.gov/pub/epostcard/990/xml/2025/202512489349301801_public.xml,tier=B; analysis=primary_with_structure_flag; structure=independent nonprofit; location=International / multi-country; filing_staff=112; filing_expenses=19963588; workplace=Remote; fiscal_sponsor=Unknown,VICTORIA BOND,PRESIDENT,223031.0,223031.0,246060.0,27934789.0,19963588.0,112.0,2024.0,1.0644880037701905,machine_reparse_local_irs_xml,verified,,VICTORIA BOND,PRESIDENT,45.0,,45.0,223031,223031,246060,27934789,19963588,112,True,True,True,40_or_more,IRS XML: Form990PartVIISectionAGrp matched by executive; IRS990ScheduleJ matched by executive,see predictive-model training IDs,,,
incumbent,REF-legal-priorities-project,,Legal Priorities Project,False,B,selected; no clean observation,,,,tier=B; analysis=selected; no clean observation; structure=nonprofit/project; location=Location not reported; filing_staff=10; filing_expenses=2055293; workplace=Unknown; fiscal_sponsor=Unknown,,Not reported,,,,7852814.0,2055293.0,10.0,,1.0,not_a_quantitative_compensation_observation,not_applicable,selected reference organization has no retained CEO salary point,,,,,,,,,,,,n/a,n/a,n/a,not_applicable,,see predictive-model training IDs,,,
incumbent,SRC-990-EXT-MERCY-FOR-ANIMALS,SRC-990-EXT-MERCY-FOR-ANIMALS,Mercy For Animals,True,B,primary_with_structure_flag,sources/native/form990/202502259349301135_public.xml,https://projects.propublica.org/nonprofits/organizations/542076145,https://apps.irs.gov/pub/epostcard/990/xml/2025/202502259349301135_public.xml,tier=B; analysis=primary_with_structure_flag; structure=independent nonprofit; location=International / multi-country; filing_staff=133; filing_expenses=23908480; workplace=Remote; fiscal_sponsor=Unknown,LEAH GARCES,CHIEF EXECUTIVE OFFICER,195079.0,195079.0,202361.0,23344663.0,23908480.0,133.0,2024.0,1.0644880037701905,machine_reparse_local_irs_xml,verified,,LEAH GARCES,CHIEF EXECUTIVE OFFICER,40.0,,40.0,195079,195079,202361,23344663,23908480,133,True,True,True,40_or_more,IRS XML: Form990PartVIISectionAGrp matched by executive; IRS990ScheduleJ matched by executive,see predictive-model training IDs,,,
incumbent,SRC-990-EXT-VILLAGE-ENTERPRISE,SRC-990-EXT-VILLAGE-ENTERPRISE,Village Enterprise,True,B,primary_with_structure_flag,sources/native/form990/202631359349301128_public.xml,https://projects.propublica.org/nonprofits/organizations/222852248,https://apps.irs.gov/pub/epostcard/990/xml/2026/202631359349301128_public.xml,tier=B; analysis=primary_with_structure_flag; structure=independent nonprofit; location=International / multi-country; filing_staff=19; filing_expenses=20984394; workplace=In-person / hybrid; fiscal_sponsor=Unknown,DIANNE CALVI,CEO,262380.0,273863.0,302359.0,21517758.0,20984394.0,19.0,2024.0,1.0644880037701905,machine_reparse_local_irs_xml,verified,,DIANNE CALVI,CEO,40.0,0.5,40.5,262380,273863,302359,21517758,20984394,19,True,True,True,40_or_more,IRS XML: Form990PartVIISectionAGrp matched by executive; IRS990ScheduleJ matched by executive,see predictive-model training IDs,,,
incumbent,SRC-990-EXT-FARM-SANCTUARY,SRC-990-EXT-FARM-SANCTUARY,Farm Sanctuary,True,B,primary_with_structure_flag,sources/native/form990/202422699349301652_public.xml,https://projects.propublica.org/nonprofits/organizations/510292919,https://apps.irs.gov/pub/epostcard/990/xml/2024/202422699349301652_public.xml,tier=B; analysis=primary_with_structure_flag; structure=independent nonprofit; location=United States; filing_staff=146; filing_expenses=15586548; workplace=In-person / hybrid; fiscal_sponsor=Unknown,ELLEN O'CONNELL,CEO,203786.0,203786.0,216495.0,14525588.0,15586548.0,146.0,2023.0,1.095885345744019,machine_reparse_local_irs_xml,verified,,ELLEN O'CONNELL,CEO,40.0,,40.0,203786,203786,216495,14525588,15586548,146,True,True,True,40_or_more,IRS XML: Form990PartVIISectionAGrp matched by executive; IRS990ScheduleJ matched by executive,see predictive-model training IDs,,,
incumbent,SRC-990-EXT-NEW-ROOTS-INSTITUTE,SRC-990-EXT-NEW-ROOTS-INSTITUTE,New Roots Institute,True,B,primary,sources/native/form990/202523519349301637_public.xml,https://projects.propublica.org/nonprofits/organizations/824594246,https://apps.irs.gov/pub/epostcard/990/xml/2025/202523519349301637_public.xml,tier=B; analysis=primary; structure=independent nonprofit; location=International / multi-country; filing_staff=36; filing_expenses=2260435; workplace=Remote; fiscal_sponsor=Unknown,Monica Chen,Executive Dir.,,88945.0,95332.0,3509009.0,2260435.0,36.0,2024.0,1.0644880037701905,machine_reparse_local_irs_xml,verified,,Monica Chen,Executive Dir.,40.0,0.0,40.0,,88945,95332,3509009,2260435,36,True,True,True,40_or_more,IRS XML: Form990PartVIISectionAGrp matched by executive; IRS990ScheduleJ matched by executive,see predictive-model training IDs,,,
incumbent,SRC-990-EXT-INNOVATIONS-FOR-POVERTY-ACTION,SRC-990-EXT-INNOVATIONS-FOR-POVERTY-ACTION,Innovations for Poverty Action,True,B,primary_with_structure_flag,sources/native/form990/202513169349300641_public.xml,https://projects.propublica.org/nonprofits/organizations/061660068,https://apps.irs.gov/pub/epostcard/990/xml/2025/202513169349300641_public.xml,tier=B; analysis=primary_with_structure_flag; structure=independent nonprofit; location=International / multi-country; filing_staff=110; filing_expenses=57894421; workplace=In-person / hybrid; fiscal_sponsor=Unknown,ANNIE DUFLO,EXECUTIVE DIRECTOR,248767.0,249217.0,315407.0,52795464.0,57894421.0,110.0,2024.0,1.0644880037701905,machine_reparse_local_irs_xml,verified,,ANNIE DUFLO,EXECUTIVE DIRECTOR,40.0,,40.0,248767,249217,315407,52795464,57894421,110,True,True,True,40_or_more,IRS XML: Form990PartVIISectionAGrp matched by executive; IRS990ScheduleJ matched by executive,see predictive-model training IDs,,,
incumbent,SRC-990-EXT-EVIDENCE-ACTION,SRC-990-EXT-EVIDENCE-ACTION,Evidence Action,True,B,primary_with_structure_flag,sources/native/form990/202512829349302256_public.xml,https://projects.propublica.org/nonprofits/organizations/900874591,https://apps.irs.gov/pub/epostcard/990/xml/2025/202512829349302256_public.xml,tier=B; analysis=primary_with_structure_flag; structure=independent nonprofit; location=International / multi-country; filing_staff=98; filing_expenses=45139532; workplace=In-person / hybrid; fiscal_sponsor=Unknown,KANIKA BAHL,CHIEF EXECUTIVE OFFICER,349815.0,385764.0,431665.0,36213681.0,45139532.0,98.0,2024.0,1.0644880037701905,machine_reparse_local_irs_xml,verified,,KANIKA BAHL,CHIEF EXECUTIVE OFFICER,40.0,,40.0,349815,385764,431665,36213681,45139532,98,True,True,True,40_or_more,IRS XML: Form990PartVIISectionAGrp matched by executive; IRS990ScheduleJ matched by executive,see predictive-model training IDs,,,
incumbent,SRC-990-EXT-GUTTMACHER-INSTITUTE,SRC-990-EXT-GUTTMACHER-INSTITUTE,Guttmacher Institute,True,B,primary_older_clean,sources/native/form990/202341989349301459_public.xml,https://projects.propublica.org/nonprofits/organizations/132890727,https://apps.irs.gov/pub/epostcard/990/xml/2023/202341989349301459_public.xml,tier=B; analysis=primary_older_clean; structure=independent nonprofit; location=United States; filing_staff=133; filing_expenses=27769947; workplace=In-person / hybrid; fiscal_sponsor=Unknown,HERMINIA PALACIO,PRESIDENT & CEO,348976.0,371060.0,419451.0,32979466.0,27769947.0,133.0,2022.0,1.1409953699748852,machine_reparse_local_irs_xml,verified,,HERMINIA PALACIO,PRESIDENT & CEO,35.0,0.0,35.0,348976,371060,419451,32979466,27769947,133,True,True,True,below_40_review,IRS XML: Form990PartVIISectionAGrp matched by executive; IRS990ScheduleJ matched by executive,see predictive-model training IDs,,,
incumbent,SRC-990-EXT-REDWOOD-RESEARCH,SRC-990-EXT-REDWOOD-RESEARCH,Redwood Research,True,B,primary,sources/native/form990/202503199349302920_public.xml,https://projects.propublica.org/nonprofits/organizations/871702255,https://apps.irs.gov/pub/epostcard/990/xml/2025/202503199349302920_public.xml,tier=B; analysis=primary; structure=independent nonprofit; location=Location not reported; filing_staff=6; filing_expenses=2922498; workplace=Unknown; fiscal_sponsor=Unknown,MICHAEL SHLEGERIS,"CEO, DIRECTOR",272164.0,272164.0,283465.0,22060.0,2922498.0,6.0,2024.0,1.0644880037701905,machine_reparse_local_irs_xml,verified,,MICHAEL SHLEGERIS,"CEO, DIRECTOR",40.0,,40.0,272164,272164,283465,22060,2922498,6,True,True,True,40_or_more,IRS XML: Form990PartVIISectionAGrp matched by executive; IRS990ScheduleJ matched by executive,see predictive-model training IDs,,,
incumbent,REF-charter-cities-institute,,Charter Cities Institute,False,B,selected; no clean observation,,,,tier=B; analysis=selected; no clean observation; structure=independent nonprofit; location=Location not reported; filing_staff=11; filing_expenses=2680500; workplace=Unknown; fiscal_sponsor=Unknown,,Not reported,,,,1260681.0,2680500.0,11.0,,1.0,not_a_quantitative_compensation_observation,not_applicable,selected reference organization has no retained CEO salary point,,,,,,,,,,,,n/a,n/a,n/a,not_applicable,,see predictive-model training IDs,,,
incumbent,REF-faunalytics,,Faunalytics,False,B,selected; no clean observation,,,,tier=B; analysis=selected; no clean observation; structure=independent nonprofit; location=International / multi-country; filing_staff=9; filing_expenses=1239663; workplace=Remote; fiscal_sponsor=Unknown,,Not reported,,,,1485925.0,1239663.0,9.0,,1.0,not_a_quantitative_compensation_observation,not_applicable,selected reference organization has no retained CEO salary point,,,,,,,,,,,,n/a,n/a,n/a,not_applicable,,see predictive-model training IDs,,,
incumbent,REF-one-for-the-world,,One for the World,False,B,selected; no clean observation,,,,tier=B; analysis=selected; no clean observation; structure=independent nonprofit; location=United States; filing_staff=4; filing_expenses=2188287; workplace=Remote; fiscal_sponsor=Unknown,,Not reported,,,,1778085.0,2188287.0,4.0,,1.0,not_a_quantitative_compensation_observation,not_applicable,selected reference organization has no retained CEO salary point,,,,,,,,,,,,n/a,n/a,n/a,not_applicable,,see predictive-model training IDs,,,
incumbent,REF-vegan-outreach,,Vegan Outreach,False,B,selected; no clean observation,,,,tier=B; analysis=selected; no clean observation; structure=independent nonprofit; location=Location not reported; filing_staff=22; filing_expenses=2456187; workplace=Unknown; fiscal_sponsor=Unknown,,Not reported,,,,2830220.0,2456187.0,22.0,,1.0,not_a_quantitative_compensation_observation,not_applicable,selected reference organization has no retained CEO salary point,,,,,,,,,,,,n/a,n/a,n/a,not_applicable,,see predictive-model training IDs,,,
incumbent,SRC-990-EXT-CLEAN-AIR-TASK-FORCE,SRC-990-EXT-CLEAN-AIR-TASK-FORCE,Clean Air Task Force,True,C,primary_with_structure_flag,sources/native/form990/202522829349300322_public.xml,https://projects.propublica.org/nonprofits/organizations/043512550,https://apps.irs.gov/pub/epostcard/990/xml/2025/202522829349300322_public.xml,tier=C; analysis=primary_with_structure_flag; structure=independent nonprofit; location=International / multi-country; founder-led; filing_staff=144; filing_expenses=40445925; workplace=Remote; fiscal_sponsor=Unknown,ARMOND M COHEN,EXECUTIVE DI,350340.0,350340.0,395615.0,50064607.0,40445925.0,144.0,2024.0,1.0644880037701905,machine_reparse_local_irs_xml,verified,,ARMOND M COHEN,EXECUTIVE DI,40.0,,40.0,350340,350340,395615,50064607,40445925,144,True,True,True,40_or_more,IRS XML: Form990PartVIISectionAGrp matched by executive; IRS990ScheduleJ matched by executive,see predictive-model training IDs,,,
incumbent,SRC-990-EXT-VERA-INSTITUTE-OF-JUSTICE,SRC-990-EXT-VERA-INSTITUTE-OF-JUSTICE,Vera Institute of Justice,True,C,primary_with_structure_flag,sources/native/form990/202631359349314463_public.xml,https://projects.propublica.org/nonprofits/organizations/131941627,https://apps.irs.gov/pub/epostcard/990/xml/2026/202631359349314463_public.xml,tier=C; analysis=primary_with_structure_flag; structure=independent nonprofit; location=United States; filing_staff=342; filing_expenses=50053981; workplace=In-person / hybrid; fiscal_sponsor=Unknown,NICHOLAS R TURNER,PRESIDENT AND DIRECTOR,571311.0,596633.0,663165.0,40162188.0,50053981.0,342.0,2024.0,1.0644880037701905,machine_reparse_local_irs_xml,verified,,NICHOLAS R TURNER,PRESIDENT AND DIRECTOR,40.0,4.0,44.0,571311,596633,663165,40162188,50053981,342,True,True,True,40_or_more,IRS XML: Form990PartVIISectionAGrp matched by executive; IRS990ScheduleJ matched by executive,see predictive-model training IDs,,,
incumbent,SRC-990-EXT3-NUCLEAR-INNOVATION-ALLIANCE,SRC-990-EXT3-NUCLEAR-INNOVATION-ALLIANCE,Nuclear Innovation Alliance,True,C,primary,sources/native/form990/202621339349301817_public.xml,https://projects.propublica.org/nonprofits/organizations/371859117,https://apps.irs.gov/pub/epostcard/990/xml/2026/202621339349301817_public.xml,tier=C; analysis=primary; structure=independent nonprofit; location=Location not reported; filing_staff=13; filing_expenses=1898039; workplace=Unknown; fiscal_sponsor=Unknown,JUDITH GREENWALD,EXECUTIVE DIRECTOR,288827.0,288827.0,298112.0,3029822.0,1898039.0,13.0,2025.0,1.0371960253833754,machine_reparse_local_irs_xml,verified,,JUDITH GREENWALD,EXECUTIVE DIRECTOR,40.0,,40.0,288827,288827,298112,3029822,1898039,13,True,True,True,40_or_more,IRS XML: Form990PartVIISectionAGrp matched by executive; IRS990ScheduleJ matched by executive,see predictive-model training IDs,,,
incumbent,SRC-990-EXT-OPEN-SOURCE-INITIATIVE,SRC-990-EXT-OPEN-SOURCE-INITIATIVE,Open Source Initiative,True,C,primary_with_structure_flag,sources/native/form990/202533079349301473_public.xml,https://projects.propublica.org/nonprofits/organizations/912037395,https://apps.irs.gov/pub/epostcard/990/xml/2025/202533079349301473_public.xml,tier=C; analysis=primary_with_structure_flag; structure=membership nonprofit; location=Location not reported; filing_staff=1; filing_expenses=1013797; workplace=Remote; fiscal_sponsor=Yes,STEFANO MAFFULI,EXECUTIVE DIRECTOR,188678.0,188678.0,188678.0,1093077.0,1013797.0,1.0,2024.0,1.0644880037701905,machine_reparse_local_irs_xml,verified,,STEFANO MAFFULI,EXECUTIVE DIRECTOR,40.0,0.0,40.0,188678,188678,188678,1093077,1013797,1,True,True,True,40_or_more,IRS XML: Form990PartVIISectionAGrp matched by executive; IRS990ScheduleJ matched by executive,see predictive-model training IDs,,,
incumbent,SRC-990-EXT-ARMS-CONTROL-ASSOCIATION,SRC-990-EXT-ARMS-CONTROL-ASSOCIATION,Arms Control Association,True,C,primary_with_structure_flag,sources/native/form990/202621349349307892_public.xml,https://projects.propublica.org/nonprofits/organizations/237124588,https://apps.irs.gov/pub/epostcard/990/xml/2026/202621349349307892_public.xml,tier=C; analysis=primary_with_structure_flag; structure=independent nonprofit; location=United States; filing_staff=12; filing_expenses=1689329; workplace=In-person / hybrid; fiscal_sponsor=Unknown,Daryl Kimball,Executive Director,124630.0,124630.0,176614.0,1490547.0,1689329.0,12.0,2024.0,1.0644880037701905,machine_reparse_local_irs_xml,verified,,Daryl Kimball,Executive Director,40.0,0.0,40.0,124630,124630,176614,1490547,1689329,12,True,True,True,40_or_more,IRS XML: Form990PartVIISectionAGrp matched by executive; IRS990ScheduleJ matched by executive,see predictive-model training IDs,,,
incumbent,SRC-990-EXT-BETTER-FOOD-FOUNDATION,SRC-990-EXT-BETTER-FOOD-FOUNDATION,Better Food Foundation,True,C,primary_with_structure_flag,sources/native/form990/202533169349305288_public.xml,https://projects.propublica.org/nonprofits/organizations/814537521,https://apps.irs.gov/pub/epostcard/990/xml/2025/202533169349305288_public.xml,tier=C; analysis=primary_with_structure_flag; structure=independent nonprofit; location=United States; filing_staff=10; filing_expenses=1787294; workplace=Remote; fiscal_sponsor=Unknown,JENNIFER CHANNIN,EXECUTIVE DI,,93250.0,97250.0,1677632.0,1787294.0,10.0,2024.0,1.0644880037701905,machine_reparse_local_irs_xml,verified,,JENNIFER CHANNIN,EXECUTIVE DI,40.0,,40.0,,93250,97250,1677632,1787294,10,True,True,True,40_or_more,IRS XML: Form990PartVIISectionAGrp matched by executive; IRS990ScheduleJ matched by executive,see predictive-model training IDs,,,
incumbent,SRC-990-EXT-SENTIENT-MEDIA,SRC-990-EXT-SENTIENT-MEDIA,Sentient Media,True,C,primary_with_structure_flag,sources/native/form990/202512829349301726_public.xml,https://projects.propublica.org/nonprofits/organizations/830804345,https://apps.irs.gov/pub/epostcard/990/xml/2025/202512829349301726_public.xml,tier=C; analysis=primary_with_structure_flag; structure=independent nonprofit; location=United States; filing_staff=8; filing_expenses=1194078; workplace=Remote; fiscal_sponsor=Unknown,ANNA BRADLEY,EXECUTIVE DIRECTOR,,100000.0,100000.0,2237457.0,1194078.0,8.0,2024.0,1.0644880037701905,machine_reparse_local_irs_xml,verified,,ANNA BRADLEY,EXECUTIVE DIRECTOR,40.0,,40.0,,100000,100000,2237457,1194078,8,True,True,True,40_or_more,IRS XML: Form990PartVIISectionAGrp matched by executive; IRS990ScheduleJ matched by executive,see predictive-model training IDs,,,
incumbent,SRC-990-EXT3-CENTER-FOR-ARMS-CONTROL-AND-NON-PROLIFERATION,SRC-990-EXT3-CENTER-FOR-ARMS-CONTROL-AND-NON-PROLIFERATION,Center for Arms Control and Non-Proliferation,True,C,primary,sources/native/form990/202523179349304722_public.xml,https://projects.propublica.org/nonprofits/organizations/42693322,https://apps.irs.gov/pub/epostcard/990/xml/2025/202523179349304722_public.xml,tier=C; analysis=primary; structure=independent nonprofit; location=United States; filing_staff=15; filing_expenses=1490265; workplace=In-person / hybrid; fiscal_sponsor=Unknown,John Tierney,Executive Director,265891.0,265891.0,277358.0,1289993.0,1490265.0,15.0,2024.0,1.0644880037701905,machine_reparse_local_irs_xml,verified,,John Tierney,Executive Director,40.0,0.0,40.0,265891,265891,277358,1289993,1490265,15,True,True,True,40_or_more,IRS XML: Form990PartVIISectionAGrp matched by executive; IRS990ScheduleJ matched by executive,see predictive-model training IDs,,,
incumbent,SRC-990-EXT3-CENTER-FOR-INTERNATIONAL-POLICY,SRC-990-EXT3-CENTER-FOR-INTERNATIONAL-POLICY,Center for International Policy,True,C,primary,sources/native/form990/202513189349309501_public.xml,https://projects.propublica.org/nonprofits/organizations/521446207,https://apps.irs.gov/pub/epostcard/990/xml/2025/202513189349309501_public.xml,tier=C; analysis=primary; structure=independent nonprofit; location=International / multi-country; filing_staff=16; filing_expenses=2149942; workplace=In-person / hybrid; fiscal_sponsor=Yes,NANCY OKAIL,PRESIDENT & CEO,208814.0,208814.0,226876.0,817220.0,2149942.0,16.0,2024.0,1.0644880037701905,machine_reparse_local_irs_xml,verified,,NANCY OKAIL,PRESIDENT & CEO,40.0,,40.0,208814,208814,226876,817220,2149942,16,True,True,True,40_or_more,IRS XML: Form990PartVIISectionAGrp matched by executive; IRS990ScheduleJ matched by executive,see predictive-model training IDs,,,
incumbent,SRC-990-EXT-PHYSICIANS-FOR-SOCIAL-RESPONSIBILITY,SRC-990-EXT-PHYSICIANS-FOR-SOCIAL-RESPONSIBILITY,Physicians for Social Responsibility,True,C,primary_with_structure_flag,sources/native/form990/202512749349301461_public.xml,https://projects.propublica.org/nonprofits/organizations/237059731,https://apps.irs.gov/pub/epostcard/990/xml/2025/202512749349301461_public.xml,tier=C; analysis=primary_with_structure_flag; structure=independent nonprofit; location=Location not reported; filing_staff=12; filing_expenses=2180066; workplace=Unknown; fiscal_sponsor=Unknown,BRIAN CAMPBELL PHD,EXECUTIVE DIRECTOR,150000.0,150000.0,153000.0,1615747.0,2180066.0,12.0,2024.0,1.0644880037701905,machine_reparse_local_irs_xml,verified,,BRIAN CAMPBELL PHD,EXECUTIVE DIRECTOR,40.0,,40.0,150000,150000,153000,1615747,2180066,12,True,True,True,40_or_more,IRS XML: Form990PartVIISectionAGrp matched by executive; IRS990ScheduleJ matched by executive,see predictive-model training IDs,,,
incumbent,SRC-990-EXT-FOOD-ANIMAL-CONCERNS-TRUST,SRC-990-EXT-FOOD-ANIMAL-CONCERNS-TRUST,Food Animal Concerns Trust,True,C,primary_with_structure_flag,sources/native/form990/202620149349300022_public.xml,https://projects.propublica.org/nonprofits/organizations/363172605,https://apps.irs.gov/pub/epostcard/990/xml/2026/202620149349300022_public.xml,tier=C; analysis=primary_with_structure_flag; structure=independent nonprofit; location=United States; filing_staff=8; filing_expenses=1058203; workplace=Remote; fiscal_sponsor=Unknown,HARRY RHODES,EXECUTIVE DIRECTOR,,124934.0,124934.0,901531.0,1058203.0,8.0,2024.0,1.0644880037701905,machine_reparse_local_irs_xml,verified,,HARRY RHODES,EXECUTIVE DIRECTOR,40.0,,40.0,,124934,124934,901531,1058203,8,True,True,True,40_or_more,IRS XML: Form990PartVIISectionAGrp matched by executive; IRS990ScheduleJ matched by executive,see predictive-model training IDs,,,
incumbent,SRC-990-EXT3-AMERICAN-SECURITY-PROJECT,SRC-990-EXT3-AMERICAN-SECURITY-PROJECT,American Security Project,True,C,primary_with_structure_flag,sources/native/form990/202542279349301744_public.xml,https://projects.propublica.org/nonprofits/organizations/204079553,https://apps.irs.gov/pub/epostcard/990/xml/2025/202542279349301744_public.xml,tier=C; analysis=primary_with_structure_flag; structure=independent nonprofit; location=United States; filing_staff=3; filing_expenses=750155; workplace=In-person / hybrid; fiscal_sponsor=Unknown,MATTHEW WALLIN,CEO/TREASURER,149667.0,152667.0,159983.0,1662436.0,750155.0,3.0,2024.0,1.0644880037701905,machine_reparse_local_irs_xml,verified,,MATTHEW WALLIN,CEO/TREASURER,40.0,,40.0,149667,152667,159983,1662436,750155,3,True,True,True,40_or_more,IRS XML: Form990PartVIISectionAGrp matched by executive; IRS990ScheduleJ matched by executive,see predictive-model training IDs,,,
incumbent,REF-resolve-to-save-lives,,Resolve to Save Lives,False,C,selected; no clean observation,,,,tier=C; analysis=selected; no clean observation; structure=independent nonprofit; location=International / multi-country; filing_staff=147; filing_expenses=65415547; workplace=Remote; fiscal_sponsor=Unknown,,Not reported,,,,65629780.0,65415547.0,147.0,,1.0,not_a_quantitative_compensation_observation,not_applicable,selected reference organization has no retained CEO salary point,,,,,,,,,,,,n/a,n/a,n/a,not_applicable,,see predictive-model training IDs,,,
incumbent,REF-ai-objectives-institute,,AI Objectives Institute,False,C,selected; no clean observation,,,,tier=C; analysis=selected; no clean observation; structure=independent nonprofit; location=Location not reported; filing_staff=7; filing_expenses=1106174; workplace=Unknown; fiscal_sponsor=Unknown,,Not reported,,,,1829928.0,1106174.0,7.0,,1.0,not_a_quantitative_compensation_observation,not_applicable,selected reference organization has no retained CEO salary point,,,,,,,,,,,,n/a,n/a,n/a,not_applicable,,see predictive-model training IDs,,,
incumbent,REF-effective-institutions-project,,Effective Institutions Project,False,C,selected; no clean observation,,,,tier=C; analysis=selected; no clean observation; structure=nonprofit/project; location=International / multi-country; filing_staff=2; filing_expenses=727915; workplace=Remote; fiscal_sponsor=Unknown,,Not reported,,,,1693304.0,727915.0,2.0,,1.0,not_a_quantitative_compensation_observation,not_applicable,selected reference organization has no retained CEO salary point,,,,,,,,,,,,n/a,n/a,n/a,not_applicable,,see predictive-model training IDs,,,
incumbent,REF-candid,,Candid,False,C,selected; no clean observation,,,,tier=C; analysis=selected; no clean observation; structure=independent nonprofit; location=United States; filing_staff=221; filing_expenses=41312473; workplace=In-person / hybrid; fiscal_sponsor=Unknown,,Not reported,,,,41100093.0,41312473.0,221.0,,1.0,not_a_quantitative_compensation_observation,not_applicable,selected reference organization has no retained CEO salary point,,,,,,,,,,,,n/a,n/a,n/a,not_applicable,,see predictive-model training IDs,,,
incumbent,REF-generation-pledge,,Generation Pledge,False,C,selected; no clean observation,,,,tier=C; analysis=selected; no clean observation; structure=nonprofit/project; location=International / multi-country; filing_staff=0; filing_expenses=1347647; workplace=Remote; fiscal_sponsor=Unknown,,Not reported,,,,1523460.0,1347647.0,0.0,,1.0,not_a_quantitative_compensation_observation,not_applicable,selected reference organization has no retained CEO salary point,,,,,,,,,,,,n/a,n/a,n/a,not_applicable,,see predictive-model training IDs,,,
incumbent,REF-alliance-to-feed-the-earth-in-disasters,,Alliance to Feed the Earth in Disasters,False,C,selected; no clean observation,,,,tier=C; analysis=selected; no clean observation; structure=independent nonprofit; location=International / multi-country; filing_staff=0; filing_expenses=1016087; workplace=Remote; fiscal_sponsor=Unknown,,Not reported,,,,495036.0,1016087.0,0.0,,1.0,not_a_quantitative_compensation_observation,not_applicable,selected reference organization has no retained CEO salary point,,,,,,,,,,,,n/a,n/a,n/a,not_applicable,,see predictive-model training IDs,,,
incumbent,REF-new-harvest,,New Harvest,False,C,selected; no clean observation,,,,tier=C; analysis=selected; no clean observation; structure=independent nonprofit; location=International / multi-country; filing_staff=3; filing_expenses=976255; workplace=Remote; fiscal_sponsor=Unknown,,Not reported,,,,797070.0,976255.0,3.0,,1.0,not_a_quantitative_compensation_observation,not_applicable,selected reference organization has no retained CEO salary point,,,,,,,,,,,,n/a,n/a,n/a,not_applicable,,see predictive-model training IDs,,,
incumbent,REF-nonhuman-rights-project,,Nonhuman Rights Project,False,C,selected; no clean observation,,,,tier=C; analysis=selected; no clean observation; structure=independent nonprofit; location=United States; filing_staff=11; filing_expenses=1583477; workplace=Remote; fiscal_sponsor=Unknown,,Not reported,,,,2156429.0,1583477.0,11.0,,1.0,not_a_quantitative_compensation_observation,not_applicable,selected reference organization has no retained CEO salary point,,,,,,,,,,,,n/a,n/a,n/a,not_applicable,,see predictive-model training IDs,,,
incumbent,REF-aquatic-life-institute,,Aquatic Life Institute,False,C,selected; no clean observation,,,,tier=C; analysis=selected; no clean observation; structure=independent nonprofit; location=International / multi-country; filing_staff=1; filing_expenses=733250; workplace=Remote; fiscal_sponsor=Unknown,,Not reported,,,,746464.0,733250.0,1.0,,1.0,not_a_quantitative_compensation_observation,not_applicable,selected reference organization has no retained CEO salary point,,,,,,,,,,,,n/a,n/a,n/a,not_applicable,,see predictive-model training IDs,,,
incumbent,REF-farm-forward,,Farm Forward,False,C,selected; no clean observation,,,,tier=C; analysis=selected; no clean observation; structure=independent nonprofit; location=Location not reported; filing_staff=9; filing_expenses=1069721; workplace=Unknown; fiscal_sponsor=Unknown,,Not reported,,,,1226680.0,1069721.0,9.0,,1.0,not_a_quantitative_compensation_observation,not_applicable,selected reference organization has no retained CEO salary point,,,,,,,,,,,,n/a,n/a,n/a,not_applicable,,see predictive-model training IDs,,,
incumbent,REF-public-library-of-science,,Public Library of Science,False,C,selected; no clean observation,,,,tier=C; analysis=selected; no clean observation; structure=independent nonprofit; location=International / multi-country; filing_staff=236; filing_expenses=36985422; workplace=Remote; fiscal_sponsor=Unknown,,Not reported,,,,41335403.0,36985422.0,236.0,,1.0,not_a_quantitative_compensation_observation,not_applicable,selected reference organization has no retained CEO salary point,,,,,,,,,,,,n/a,n/a,n/a,not_applicable,,see predictive-model training IDs,,,
incumbent,REF-sentience-institute,,Sentience Institute,False,C,selected; no clean observation,,,,tier=C; analysis=selected; no clean observation; structure=independent nonprofit; location=International / multi-country; filing_staff=1; filing_expenses=164090; workplace=Remote; fiscal_sponsor=Unknown,,Not reported,,,,53363.0,164090.0,1.0,,1.0,not_a_quantitative_compensation_observation,not_applicable,selected reference organization has no retained CEO salary point,,,,,,,,,,,,n/a,n/a,n/a,not_applicable,,see predictive-model training IDs,,,
incumbent,REF-center-for-ai-policy,,Center for AI Policy,False,C,selected; no clean observation,,,,tier=C; analysis=selected; no clean observation; structure=independent nonprofit; location=United States; filing_staff=1; filing_expenses=301463; workplace=In-person / hybrid; fiscal_sponsor=Unknown,,Not reported,,,,673200.0,301463.0,1.0,,1.0,not_a_quantitative_compensation_observation,not_applicable,selected reference organization has no retained CEO salary point,,,,,,,,,,,,n/a,n/a,n/a,not_applicable,,see predictive-model training IDs,,,
incumbent,REF-high-impact-athletes,,High Impact Athletes,False,C,selected; no clean observation,,,,tier=C; analysis=selected; no clean observation; structure=nonprofit or fiscally sponsored; location=International / multi-country; filing_staff=0; filing_expenses=381597; workplace=Remote; fiscal_sponsor=Unknown,,Not reported,,,,480243.0,381597.0,0.0,,1.0,not_a_quantitative_compensation_observation,not_applicable,selected reference organization has no retained CEO salary point,,,,,,,,,,,,n/a,n/a,n/a,not_applicable,,see predictive-model training IDs,,,
incumbent,SRC-990-EA-CENTER-FOR-ELECTION-SCIENCE,SRC-990-EA-CENTER-FOR-ELECTION-SCIENCE,Center for Election Science,True,C,primary_living_review,sources/native/form990/202503189349305870_rendered.html,https://projects.propublica.org/nonprofits/organizations/452334002/202503189349305870/full,https://projects.propublica.org/nonprofits/organizations/452334002,tier=C; analysis=primary_living_review; structure=independent 501(c)(3); location=Location not reported; filing_staff=7; filing_expenses=1190636; workplace=Remote; fiscal_sponsor=Unknown,Nina Taylor,CEO,198590.0,198590.0,198590.0,631856.0,1190636.0,7.0,2024,1.0644880037701905,manual_deep_read_rendered_or_pdf_primary,verified,,NINA TAYLOR,CEO,40,,,198590,198590,198590,631856,1190636,7,True,True,True,40_or_more,rendered Form 990 Part I; Part VII Section A group 1; Schedule J Part II group 1,see predictive-model training IDs,,,
incumbent,SRC-990-EA-FORESIGHT-INSTITUTE,SRC-990-EA-FORESIGHT-INSTITUTE,Foresight Institute,True,B,primary_living_review,sources/native/form990/202543179349308564_rendered.html,https://projects.propublica.org/nonprofits/organizations/770119168/202543179349308564/full,https://projects.propublica.org/nonprofits/organizations/770119168,tier=B; analysis=primary_living_review; structure=independent 501(c)(3); location=International / multi-country; filing_staff=6; filing_expenses=3749519; workplace=In-person / hybrid; fiscal_sponsor=Unknown,Allison Duettmann,CEO,276150.0,276150.0,284435.0,9356634.0,3749519.0,6.0,2024,1.0644880037701905,manual_deep_read_rendered_or_pdf_primary,verified,,ALLISON DUETTMANN,CEO,40,,,276150,276150,284435,9356634,3749519,6,True,True,True,40_or_more,rendered Form 990 Part I; Part VII Section A group 1; Schedule J Part II group 1,see predictive-model training IDs,,,
incumbent,SRC-990-EA-LEVERAGE-RESEARCH,SRC-990-EA-LEVERAGE-RESEARCH,Leverage Research,True,C,primary_living_review,sources/native/form990/202523239349301652_rendered.html,https://projects.propublica.org/nonprofits/organizations/453989386/202523239349301652/full,https://projects.propublica.org/nonprofits/organizations/453989386,tier=C; analysis=primary_living_review; structure=independent 501(c)(3); location=Location not reported; founder-led; filing_staff=3; filing_expenses=430580; workplace=Unknown; fiscal_sponsor=Unknown,Geoffrey Taylor Anders II,CEO & Chair & Treasurer,,21533.0,21533.0,392590.0,430580.0,3.0,2024,1.0644880037701905,manual_deep_read_rendered_or_pdf_primary,verified,,GEOFFREY TAYLOR ANDERS II,CEO & CHAIR & TREASURER,40,,,,21533,21533,392590,430580,3,True,True,True,40_or_more,rendered Form 990 Part I; Part VII Section A group 2 (no Schedule J required),see predictive-model training IDs,,,
incumbent,SRC-990-EA-QUALIA-RESEARCH-INSTITUTE,SRC-990-EA-QUALIA-RESEARCH-INSTITUTE,Qualia Research Institute,False,C,excluded_part_time,sources/native/form990/202503499349300780_rendered.html,https://projects.propublica.org/nonprofits/organizations/825457325/202503499349300780/full,https://projects.propublica.org/nonprofits/organizations/825457325,tier=C; analysis=excluded_part_time; structure=independent 501(c)(3); location=Location not reported; founder-led; filing_staff=4; filing_expenses=291314; workplace=Unknown; fiscal_sponsor=Unknown,Andres Gomez Emilsson,President & Executive Director,,64164.0,64164.0,140681.0,291314.0,4.0,2024,1.0644880037701905,manual_deep_read_rendered_or_pdf_primary,verified,,ANDRES GOMEZ EMILSSON,PRESIDENT & EXECUTIVE DIRECTOR,15,,,,64164,64164,140681,291314,4,True,True,True,full_time_not_supported_under_30_hour_rule,rendered Form 990 Part I; Part VII Section A group 2 (no Schedule J required),see predictive-model training IDs,,,
incumbent,SRC-990-EA-MAGNIFY-MENTORING,SRC-990-EA-MAGNIFY-MENTORING,Magnify Mentoring,True,C,primary_living_review,sources/native/form990/202601479349201500_rendered.html,https://projects.propublica.org/nonprofits/organizations/850696012/202601479349201500/full,https://projects.propublica.org/nonprofits/organizations/850696012,tier=C; analysis=primary_living_review; structure=independent 501(c)(3); location=International / multi-country; filing_expenses=164940; workplace=Remote; fiscal_sponsor=Unknown,Kathryn Mecrow-Flynn,CEO and Executive Director,,98349.0,98349.0,186110.0,164940.0,,2025,1.0371960253833754,manual_deep_read_rendered_or_pdf_primary,verified,,KATHRYN MECROW-FLYNN,CEO AND EXECUTIVE DIRECTOR,40,,,,98349,98349,186110,164940,,True,True,True,40_or_more,rendered Form 990-EZ Part I and Part IV officer group 1,see predictive-model training IDs,,,
incumbent,SRC-990-EA-GIVEWELL,SRC-990-EA-GIVEWELL,GiveWell,True,B,primary_living_review,sources/native/form990/givewell_2024_form990.pdf,https://www.givewell.org/files/ClearFund/Clear_Fund_2024_tax_return_Form_990.pdf,https://www.givewell.org/about/official-records,tier=B; analysis=primary_living_review; structure=independent 501(c)(3); location=International / multi-country; founder-led; filing_staff=96; filing_expenses=183707000; workplace=Remote; fiscal_sponsor=Unknown,Elie Hassenfeld,Chief Executive Officer,423600.0,424805.0,463395.0,269542773.0,183707000.0,96.0,2024,1.0644880037701905,manual_deep_read_rendered_or_pdf_primary,verified,,ELIE HASSENFELD,CHIEF EXECUTIVE OFFICER,40,,,423600,424805,463395,269542773,183707000,96,True,True,True,40_or_more,"official PDF Form 990 pp. 1, 7; Schedule J Part II",see predictive-model training IDs,,,
incumbent,SRC-990-EA-COPENHAGEN-CONSENSUS-CENTER,SRC-990-EA-COPENHAGEN-CONSENSUS-CENTER,Copenhagen Consensus Center,True,C,primary_living_review,sources/native/form990/copenhagen_consensus_2024_form990.pdf,https://projects.propublica.org/nonprofits/organizations/261214521/202532729349300703/full,https://projects.propublica.org/nonprofits/organizations/261214521,tier=C; analysis=primary_living_review; structure=independent 501(c)(3); location=Location not reported; founder-led; filing_staff=1; filing_expenses=1187335; workplace=Unknown; fiscal_sponsor=Unknown,Dr Bjorn Lomborg,President & Founder,435166.0,497770.0,497770.0,920765.0,1187335.0,1.0,2024,1.0644880037701905,manual_deep_read_scanned_form990_pages_1_7_36,verified,,DR BJORN LOMBORG,PRESIDENT & FOUNDER,40,,,435166,497770,497770,920765,1187335,1,True,True,True,40_or_more,"scanned Form 990 pp. 1, 7, 36",see predictive-model training IDs,official_operating_scope_followup,https://copenhagenconsensus.com/contact-form,"Official contact disclosure says its core team spans five continents and work uses contractors/volunteers; the filing's one employee describes the US filer payroll, not the global delivery network. Use a founder/global-network/very-small-US-filer sensitivity toggle."
incumbent,SRC-990-RECOVERY-LEEP::clare-donaldson,SRC-990-RECOVERY-LEAD-EXPOSURE-ELIMINATION-PROJECT,Lead Exposure Elimination Project,False,A,sensitivity_only,sources/native/form990/202631969349301838_public.xml,https://projects.propublica.org/nonprofits/organizations/873016729,https://apps.irs.gov/pub/epostcard/990/xml/2026/2026_TEOS_XML_07A.zip,tier=A; analysis=sensitivity_only; structure=independent nonprofit; location=International / multi-country; filing_staff=1; filing_expenses=3442819; workplace=Remote; fiscal_sponsor=Unknown,CLARE DONALDSON,CO-EXEC. DIRECTOR,,74420.0,74420.0,3643151.0,3442819.0,1.0,2024,1.0644880037701905,machine_reparse_local_irs_xml,verified,,CLARE DONALDSON,CO-EXEC. DIRECTOR,40.0,,40.0,,74420,74420,3643151,3442819,1,True,True,True,40_or_more,IRS XML: Form990PartVIISectionAGrp matched by executive; IRS990ScheduleJ matched by executive,see predictive-model training IDs,,,
incumbent,SRC-990-RECOVERY-LEEP::lucia-coulter,SRC-990-RECOVERY-LEAD-EXPOSURE-ELIMINATION-PROJECT,Lead Exposure Elimination Project,False,A,sensitivity_only,sources/native/form990/202631969349301838_public.xml,https://projects.propublica.org/nonprofits/organizations/873016729,https://apps.irs.gov/pub/epostcard/990/xml/2026/2026_TEOS_XML_07A.zip,tier=A; analysis=sensitivity_only; structure=independent nonprofit; location=International / multi-country; filing_staff=1; filing_expenses=3442819; workplace=Remote; fiscal_sponsor=Unknown,LUCIA COULTER,CO-EXEC. DIRECTOR,,66200.0,66200.0,3643151.0,3442819.0,1.0,2024,1.0644880037701905,machine_reparse_local_irs_xml,verified,,LUCIA COULTER,CO-EXEC. DIRECTOR,40.0,,40.0,,66200,66200,3643151,3442819,1,True,True,True,40_or_more,IRS XML: Form990PartVIISectionAGrp matched by executive; IRS990ScheduleJ matched by executive,see predictive-model training IDs,,,
job_ad,SRC-AD-TAC-2026,SRC-AD-TAC-2026,Technical Assistance Collaborative,True,strict_primary,included,sources/native/job_ads/src-ad-tac-2026.html,https://www.nonprofitoperations.com/job-submissions/chief-executive-officer-/technical-assistance-collaborative,https://www.nonprofitoperations.com/job-submissions/chief-executive-officer-/technical-assistance-collaborative,job-ad stream; posting scope reviewed separately,,Chief Executive Officer,240000.0,300000.0,270000.0,,14000000.0,43.0,,0.999898188961288,manual_deep_read_direct_employer_posting,verified,,,Chief Executive Officer,,,,"$240,000-$300,000",,,,,,True,not_a_same_filing_measure,True,posting_scope_review,direct posting body,yes: Bayesian advertised-range variants only,,,
job_ad,SRC-AD-SFEI-2026,SRC-AD-SFEI-2026,San Francisco Estuary Institute,True,strict_primary,included,sources/native/job_ads/src-ad-sfei-2026.html,https://potrerogroup.com/sfei,https://www.sfei.org/news/sfei-seeks-our-next-executive-director,job-ad stream; posting scope reviewed separately,,Executive Director,200000.0,240000.0,220000.0,,19110000.0,98.0,,0.9964043052849252,local_posting_text_endpoint_check,verified,,,Executive Director,,,,200000-240000,,,,,,True,not_a_same_filing_measure,True,posting_scope_review,extractable saved posting text,yes: Bayesian advertised-range variants only,,,
job_ad,SRC-AD-PEAK-2026,SRC-AD-PEAK-2026,PEAK Grantmaking,True,strict_primary,included,sources/native/job_ads/src-ad-peak-2026.html,https://nonprofithr.applytojob.com/apply/RQG6pztBvo/President-Chief-Executive-Officer-CEO-PEAK-Grantmaking,https://nonprofithr.applytojob.com/apply/RQG6pztBvo/President-Chief-Executive-Officer-CEO-PEAK-Grantmaking,job-ad stream; posting scope reviewed separately,,President and Chief Executive Officer,225000.0,275000.0,250000.0,,7130000.0,,,1.0026965347426582,local_posting_text_endpoint_check,verified,,,President and Chief Executive Officer,,,,225000-275000,,,,,,True,not_a_same_filing_measure,True,posting_scope_review,extractable saved posting text,yes: Bayesian advertised-range variants only,,,
job_ad,SRC-AD-CLIMATE-2026,SRC-AD-CLIMATE-2026,The Climate Center,True,secondary,included,sources/native/job_ads/src-ad-climate-2026.pdf,https://www.abfe.org/jobs/chief-executive-officer-climate-center,https://www.abfe.org/jobs/chief-executive-officer-climate-center,job-ad stream; posting scope reviewed separately,,Chief Executive Officer,195000.0,235000.0,215000.0,,3345000.0,,,1.0026965347426582,local_posting_text_endpoint_check,verified,,,Chief Executive Officer,,,,195000-235000,,,,,,True,not_a_same_filing_measure,True,posting_scope_review,extractable saved posting text,yes: Bayesian advertised-range variants only,,,
job_ad,SRC-AD-LEADERSTRUST-2026,SRC-AD-LEADERSTRUST-2026,The LeadersTrust,True,secondary_structural,included,sources/native/job_ads/src-ad-leaderstrust-2026.html,https://theleaderstrust.org/now-hiring-executive-director/,https://theleaderstrust.org/now-hiring-executive-director/,job-ad stream; posting scope reviewed separately,,Executive Director,200000.0,225000.0,212500.0,,,6.0,,0.999898188961288,local_posting_text_endpoint_check,verified,,,Executive Director,,,,200000-225000,,,,,,True,not_a_same_filing_measure,True,posting_scope_review,extractable saved posting text,yes: Bayesian advertised-range variants only,,,
job_ad,SRC-AD-FFIS-2026,SRC-AD-FFIS-2026,Federal Funds Information for States,True,secondary_scale,included,sources/native/job_ads/src-ad-ffis-2026.html,https://ffis.org/jobs/,https://recruiting.paylocity.com/recruiting/jobs/Details/4336561/Federal-Funds-Information-for-States-Inc/Executive-Director-and-Executive-Editor,job-ad stream; posting scope reviewed separately,,Executive Director and Executive Editor,220000.0,220000.0,220000.0,,,4.0,,1.0,local_posting_text_endpoint_check,verified,,,Executive Director and Executive Editor,,,,220000-220000,,,,,,True,not_a_same_filing_measure,True,posting_scope_review,extractable saved posting text,yes: Bayesian advertised-range variants only,,,
job_ad,SRC-AD-OVERZERO-2025,SRC-AD-OVERZERO-2025,Over Zero,False,older_structural_sensitivity,sensitivity_only,sources/native/job_ads/src-ad-overzero-2025.html,https://impactopportunity.org/job/7756/executive-director/,https://impactopportunity.org/job/7756/executive-director/,job-ad stream; posting scope reviewed separately,,Executive Director,200000.0,250000.0,225000.0,,,15.0,,1.0409077448214592,local_posting_text_endpoint_check,verified,,,Executive Director,,,,200000-250000,,,,,,True,not_a_same_filing_measure,True,posting_scope_review,extractable saved posting text,yes: Bayesian advertised-range variants only,,,
job_ad,SRC-AD-ELP-2026,SRC-AD-ELP-2026,Environmental Leadership Program,True,expanded_secondary_scale,included,sources/native/job_ads/src-ad-elp-2026.pdf,https://elpnet.org/executive-director-position,https://elpnet.org/executive-director-position,job-ad stream; posting scope reviewed separately,,Executive Director,135000.0,150000.0,142500.0,,,,,1.0,local_posting_text_endpoint_check,verified,,,Executive Director,,,,135000-150000,,,,,,True,not_a_same_filing_measure,True,posting_scope_review,extractable saved posting text,yes: Bayesian advertised-range variants only,,,
job_ad,SRC-AD-MOST-2025,SRC-AD-MOST-2025,MOST Policy Initiative,False,excluded,no,sources/native/job_ads/src-ad-most-2025.html,https://onthinktanks.org/job/executive-director-15/,https://onthinktanks.org/job/executive-director-15/,job-ad stream; posting scope reviewed separately,,Executive Director,90000.0,100000.0,95000.0,,,,,1.0,local_posting_text_endpoint_check,verified,,,Executive Director,,,,90000-100000,,,,,,True,not_a_same_filing_measure,True,posting_scope_review,extractable saved posting text,yes: Bayesian advertised-range variants only,,,
job_ad,SRC-AD-PVARF,SRC-AD-PVARF,Portland VA Research Foundation,False,excluded,no,sources/native/job_ads/src-ad-pvarf.html,https://www.pvarf.org/,https://www.pvarf.org/,job-ad stream; posting scope reviewed separately,,Executive Director,110000.0,150000.0,130000.0,,,,,1.0,manual_deep_read_homepage_only_no_posting_archive,unverified,"saved artifact is a later homepage, while retained salary text is discovery-result-only; original posting is absent",,Executive Director,,,,,,,,,,False,not_a_same_filing_measure,True,posting_scope_review,homepage archive only,no: not in saved recruitment training cohort,third_party_repost_confirms_endpoints_not_source_native,https://www.idealist.org/en/operations-jobs-oregon,"The live Idealist listing repeats $110,000-$150,000 and full-time scope, but no employer/recruiter original was recovered."
job_ad,SRC-AD-CETI,SRC-AD-CETI,Clean Energy Transition Institute,False,excluded,no,sources/native/job_ads/src-ad-ceti.html,https://www.cleanenergytransition.org/,https://www.cleanenergytransition.org/,job-ad stream; posting scope reviewed separately,,Executive Director,125000.0,150000.0,137500.0,,,,,1.0,manual_deep_read_homepage_only_no_posting_archive,unverified,"saved artifact is a later homepage, while retained salary text is discovery-result-only; original posting is absent",,Executive Director,,,,,,,,,,False,not_a_same_filing_measure,True,posting_scope_review,homepage archive only,no: not in saved recruitment training cohort,unresolved,,"No original $125,000-$150,000 posting was recovered. A later third-party listing shows a different range, which is not a basis to replace the saved row."
job_ad,SRC-AD-MSI,SRC-AD-MSI,Marine Science Institute,False,excluded,no,"sources/native/manual_browser/src-ad-msi/AEOE - Executive Director - Marine Science Institute (Redwood City, CA).html",https://aeoe.org/Find-a-Job/13574048,https://potrerogroup.com/sites/default/files/pdfs/Marine%20Science%20Institute%20Executive%20Director%20Profile_0.pdf,job-ad stream; posting scope reviewed separately,,Executive Director,195000.0,240000.0,217500.0,,,,,1.0,local_posting_text_endpoint_check,verified,,,Executive Director,,,,195000-240000,,,,,,True,not_a_same_filing_measure,True,posting_scope_review,extractable saved posting text,yes: Bayesian advertised-range variants only,,,
job_ad,SRC-AD-NPF,SRC-AD-NPF,National Press Foundation,False,excluded,no,sources/native/job_ads/src-ad-npf.html,https://nationalpress.org/,https://nationalpress.org/,job-ad stream; posting scope reviewed separately,,President and CEO,140000.0,150000.0,145000.0,,,,,1.0,manual_deep_read_homepage_only_no_posting_archive,unverified,"saved artifact is a later homepage, while retained salary text is discovery-result-only; original posting is absent",,President and CEO,,,,,,,,,,False,not_a_same_filing_measure,True,posting_scope_review,homepage archive only,no: not in saved recruitment training cohort,third_party_repost_confirms_endpoints_not_source_native,https://www.idealist.org/en/media-jobs,"A current third-party listing repeats $140,000-$150,000; the employer original was not recovered."
job_ad,SRC-AD-SNAP,SRC-AD-SNAP,Snap Foundation,False,excluded,no,sources/native/job_ads/src-ad-snap.html,https://www.snapfoundation.org/,https://www.snapfoundation.org/,job-ad stream; posting scope reviewed separately,,Chief Executive Officer,385000.0,415000.0,400000.0,,,,,1.0,manual_external_employer_posting,verified,,,Chief Executive Officer,,,,"$385,000-$415,000",,,,,,True,not_a_same_filing_measure,True,posting_scope_review,Snap Foundation employer post,no: not in saved recruitment training cohort,employer_post_confirms_endpoints,https://www.linkedin.com/posts/snap-foundation_snap-foundation-seeks-a-ceo-with-fearless-activity-7478201803617087488-ozL_,"Snap Foundation's own post states $385,000-$415,000; its arts/social-impact grantmaking model remains a non-pay comparability boundary."
job_ad,SRC-AD-WILLIAMS,SRC-AD-WILLIAMS,Williams Institute at UCLA,False,excluded,no,sources/native/job_ads/src-ad-williams.html,https://williamsinstitute.law.ucla.edu/,https://williamsinstitute.law.ucla.edu/,job-ad stream; posting scope reviewed separately,,Executive Director,260000.0,290000.0,275000.0,,,,,1.0,manual_external_recruiter_pdf,verified,,,Executive Director,,,,"$260,000-$290,000",,,,,,True,not_a_same_filing_measure,True,posting_scope_review,recruitment PDF,no: not in saved recruitment training cohort,recruiter_pdf_confirms_endpoints,https://higherlogicdownload.s3.amazonaws.com/AFPNET/05758c81-afb2-4faa-9446-b89d08056824/UploadedImages/Executive_Director_of_The_Williams_Institute_Ad.pdf,"Recruitment PDF states $260,000-$290,000. It is a UCLA center role, not a standalone employer CEO."
job_ad,SRC-AD-CSCCE,SRC-AD-CSCCE,Center for Scientific Collaboration and Community Engagement,False,excluded,no,sources/native/job_ads/src-ad-cscce.html,https://www.cscce.org/,https://www.cscce.org/,job-ad stream; posting scope reviewed separately,,Executive Director,84246.0,164103.0,124174.5,,,,,1.0,manual_deep_read_homepage_only_no_posting_archive,unverified,"saved artifact is a later homepage, while retained salary text is discovery-result-only; original posting is absent",,Executive Director,,,,,,,,,,False,not_a_same_filing_measure,True,posting_scope_review,homepage archive only,no: not in saved recruitment training cohort,unresolved,,"No original $84,246-$164,103 posting was recovered; CSCCE's fiscal-project boundary independently rules out employer-CEO use."
job_ad,SRC-AD-ALLCHICAGO,SRC-AD-ALLCHICAGO,All Chicago Making Homelessness History,False,excluded,no,sources/native/job_ads/src-ad-allchicago.html,https://allchicago.org/,https://allchicago.org/,job-ad stream; posting scope reviewed separately,,Chief Executive Officer,260000.0,300000.0,280000.0,,,,,1.0,manual_deep_read_homepage_only_no_posting_archive,unverified,"saved artifact is a later homepage, while retained salary text is discovery-result-only; original posting is absent",,Chief Executive Officer,,,,,,,,,,False,not_a_same_filing_measure,True,posting_scope_review,homepage archive only,no: not in saved recruitment training cohort,third_party_reposts_confirm_endpoints_not_source_native,https://www.linkedin.com/posts/national-council-of-nonprofits_nowhiring-nonprofits-jobalert-activity-7465435188924243969-lqux,"National Council of Nonprofits and a Direct Jobs repost both state $260,000-$300,000, but the originating employer/recruiter page was not retained."
job_ad,SRC-AD-SEATTLEBG,SRC-AD-SEATTLEBG,Seattle Botanic Gardens,False,expanded_broad_functional,sensitivity_only,sources/native/job_ads/src-ad-seattlebg-posting.html,https://greenjobs.greenjobsearch.org/jobs/seattle-botanic-gardens-president-and-ceo/,https://greenjobs.greenjobsearch.org/jobs/seattle-botanic-gardens-president-and-ceo/,job-ad stream; posting scope reviewed separately,,President and CEO,250000.0,290000.0,270000.0,,,,,1.0371960253833754,local_posting_text_endpoint_check,verified,,,President and CEO,,,,250000-290000,,,,,,True,not_a_same_filing_measure,True,posting_scope_review,extractable saved posting text,yes: Bayesian advertised-range variants only,,,
job_ad,SRC-AD-INJUSTICEWATCH,SRC-AD-INJUSTICEWATCH,Injustice Watch,False,excluded,no,sources/native/job_ads/src-ad-injusticewatch.html,https://www.injusticewatch.org/,https://www.injusticewatch.org/,job-ad stream; posting scope reviewed separately,,Executive Director,150000.0,175000.0,162500.0,,,,,1.0,manual_external_employer_posting,verified,,,Executive Director,,,,"$150,000-$175,000",,,,,,True,not_a_same_filing_measure,True,posting_scope_review,employer job page,no: not in saved recruitment training cohort,employer_posting_confirms_endpoints,https://www.injusticewatch.org/about/jobs/executive-director/,"Employer page confirms full-time Executive Director at $150,000-$175,000; local investigative-journalism operating model is a non-pay boundary."
job_ad,SRC-AD-DRW,SRC-AD-DRW,Disability Rights Washington,False,excluded,no,sources/native/job_ads/src-ad-drw.html,https://www.disabilityrightswa.org/,https://www.disabilityrightswa.org/,job-ad stream; posting scope reviewed separately,,Executive Director,175000.0,200000.0,187500.0,,,,,1.0,manual_external_recruiter_posting,verified,,,Executive Director,,,,"$175,000-$200,000",,,,,,True,not_a_same_filing_measure,True,posting_scope_review,NPAG recruiter posting,no: not in saved recruitment training cohort,recruiter_posting_confirms_endpoints,https://www.npag.com/drw-ed,"Search firm's posting confirms full-time, 35-hour role at $175,000-$200,000; disability-rights/P&A advocacy is a non-pay boundary."
job_ad,SRC-AD-5GYRES-2026,SRC-AD-5GYRES-2026,The 5 Gyres Institute,True,expanded_secondary_scale,included,sources/native/job_ads/src-ad-5gyres-2026.html,https://www.climatechangecareers.com/job/the-5-gyres-institute/remote/executive-director/,https://www.climatechangecareers.com/job/the-5-gyres-institute/remote/executive-director/,job-ad stream; posting scope reviewed separately,,Executive Director,130000.0,150000.0,140000.0,,1700000.0,,,1.026643956070985,local_posting_text_endpoint_check,verified,,,Executive Director,,,,130000-150000,,,,,,True,not_a_same_filing_measure,True,posting_scope_review,extractable saved posting text,yes: Bayesian advertised-range variants only,,,
job_ad,SRC-AD-DREAM-2026,SRC-AD-DREAM-2026,Dream.Org,True,expanded_primary_title,included,sources/native/job_ads/src-ad-dream-2026.html,https://www.nonprofitoperations.com/job-submissions/chief-executive-officer-/dream.org-,https://www.nonprofitoperations.com/job-submissions/chief-executive-officer-/dream.org-,job-ad stream; posting scope reviewed separately,,Chief Executive Officer,260000.0,290000.0,275000.0,,,39.0,,0.999898188961288,manual_external_recruiter_resolution,verified,,,Chief Executive Officer,,,,"$260,000-$290,000",,,,,,True,not_a_same_filing_measure,True,posting_scope_review,saved mirror body and NPAG recruiter page,yes: Bayesian advertised-range variants only,recruiter_and_crossposts_resolve_body_range,https://www.npag.com/dream-ceo,"NPAG's retained search page and several independent cross-posts confirm $260,000-$290,000, full-time. The saved mirror's $271,000 header is a display artifact; retain it in provenance but use the recruiter-confirmed body range."
job_ad,SRC-AD-APPLESEED-2026,SRC-AD-APPLESEED-2026,Appleseed Foundation,True,expanded_secondary_scale_unknown,included,sources/native/job_ads/src-ad-appleseed-2026.html,https://remoteimpact.org/jobs/executive-director-appleseed-foundation/,https://remoteimpact.org/jobs/executive-director-appleseed-foundation/,job-ad stream; posting scope reviewed separately,,Executive Director,120000.0,155000.0,137500.0,,,,,0.999898188961288,local_posting_text_endpoint_check,verified,,,Executive Director,,,,120000-155000,,,,,,True,not_a_same_filing_measure,True,posting_scope_review,extractable saved posting text,yes: Bayesian advertised-range variants only,,,
job_ad,SRC-AD-HCAP-2026,SRC-AD-HCAP-2026,Healthcare Career Advancement Program,True,expanded_secondary_structural,included,"sources/native/manual_browser/src-ad-hcap-2026/Executive Director, H-CAP @ SEIU _ Arena Job Board.html",https://careers.arena.run/companies/seiu-2/jobs/66223842-executive-director-h-cap,https://dailyremote.com/remote-job/h-cap-executive-director-4517350,job-ad stream; posting scope reviewed separately,,Executive Director,150000.0,170000.0,160000.0,,,13.0,,1.026643956070985,local_posting_text_endpoint_check,verified,,,Executive Director,,,,150000-170000,,,,,,True,not_a_same_filing_measure,True,posting_scope_review,extractable saved posting text,yes: Bayesian advertised-range variants only,,,
job_ad,SRC-AD-HAGLEY-2026,SRC-AD-HAGLEY-2026,Hagley Museum and Library,True,expanded_broad_functional,included,sources/native/job_ads/src-ad-hagley-2026.html,https://www.nonprofitoperations.com/job-submissions/chief-executive-officer-/hagley-museum-and-library-,https://www.nonprofitoperations.com/job-submissions/chief-executive-officer-/hagley-museum-and-library-,job-ad stream; posting scope reviewed separately,,Chief Executive Officer,225000.0,260000.0,242500.0,,11500000.0,78.0,,1.0218278072738955,local_posting_text_endpoint_check,verified,,,Chief Executive Officer,,,,225000-260000,,,,,,True,not_a_same_filing_measure,True,posting_scope_review,extractable saved posting text,yes: Bayesian advertised-range variants only,,,
job_ad,SRC-AD-CHAPA-AMBIG,SRC-AD-CHAPA-AMBIG,Citizens Housing and Planning Association,False,date_ambiguity_sensitivity,sensitivity_only,sources/native/job_ads/src-ad-chapa-ambig.html,https://commonwealthbeacon.org/job/citizens-housing-and-planning-association-boston-full-time-chief-executive-officer/,https://commonwealthbeacon.org/job/citizens-housing-and-planning-association-boston-full-time-chief-executive-officer/,job-ad stream; posting scope reviewed separately,,Chief Executive Officer,180000.0,210000.0,195000.0,,3100000.0,,,1.0409077448214592,local_posting_text_endpoint_check,verified,,,Chief Executive Officer,,,,180000-210000,,,,,,True,not_a_same_filing_measure,True,posting_scope_review,extractable saved posting text,yes: Bayesian advertised-range variants only,,,
job_ad,SRC-AD-JOYCEIVY-2026,SRC-AD-JOYCEIVY-2026,Joyce Ivy Foundation,False,fractional_sensitivity,sensitivity_only,sources/native/job_ads/src-ad-joyceivy-2026.html,https://careers.councilofnonprofits.org/jobs/executive-director-joyce-ivy-foundation-remote-in-anywhere/,https://careers.councilofnonprofits.org/jobs/executive-director-joyce-ivy-foundation-remote-in-anywhere/,job-ad stream; posting scope reviewed separately,,Executive Director,80000.0,150000.0,115000.0,,,,,1.0,local_posting_text_endpoint_check,verified,,,Executive Director,,,,80000-150000,,,,,,True,not_a_same_filing_measure,True,posting_scope_review,extractable saved posting text,yes: Bayesian advertised-range variants only,,,
job_ad,SRC-AD-CFL-2026,SRC-AD-CFL-2026,Community Foundation of Louisville,False,excluded_grantmaking,no,sources/native/job_ads/src-ad-cfl-2026.html,https://pac.org/job/chief-executive-officer-4,https://pac.org/job/chief-executive-officer-4,job-ad stream; posting scope reviewed separately,,Chief Executive Officer,325000.0,400000.0,362500.0,,,30.0,,1.0218278072738955,local_posting_text_endpoint_check,verified,,,Chief Executive Officer,,,,325000-400000,,,,,,True,not_a_same_filing_measure,True,posting_scope_review,extractable saved posting text,yes: Bayesian advertised-range variants only,,,
job_ad,SRC-AD-CHF-2026,SRC-AD-CHF-2026,The Colorado Health Foundation,False,excluded_private_foundation,no,"sources/native/manual_browser/src-ad-chf-2026/Chief Executive Officer , The Colorado Health Foundation.html",https://www.nonprofitoperations.com/job-submissions/chief-executive-officer-/the-colorado-health-foundation-,https://www.nonprofitoperations.com/job-submissions/chief-executive-officer-/the-colorado-health-foundation-,job-ad stream; posting scope reviewed separately,,Chief Executive Officer,626000.0,736000.0,681000.0,,,,,1.0,local_posting_text_endpoint_check,verified,,,Chief Executive Officer,,,,626000-736000,,,,,,True,not_a_same_filing_measure,True,posting_scope_review,extractable saved posting text,yes: Bayesian advertised-range variants only,,,
job_ad,SRC-AD-ANDYHILL-2026,SRC-AD-ANDYHILL-2026,Andy Hill Cancer Research Endowment (CARE) Fund,True,expanded_secondary_structural,included,sources/native/job_ads/src-ad-andyhill-2026.pdf,https://careers.councilofnonprofits.org/jobs/executive-director-in-bothell-washington-us/,https://careers.councilofnonprofits.org/jobs/executive-director-in-bothell-washington-us/,job-ad stream; posting scope reviewed separately,,Executive Director,220000.0,250000.0,235000.0,,,,,0.999898188961288,manual_deep_read_preserved_primary_pdf,verified,,,Executive Director,,,,"$220,000-$250,000",,,,,,True,not_a_same_filing_measure,True,posting_scope_review,"PDF p. 8, Compensation and Benefits",yes: Bayesian advertised-range variants only,,,
job_ad,SRC-AD-GBWN-2026,SRC-AD-GBWN-2026,Great Basin Water Network,True,expanded_secondary_scale,included,sources/native/job_ads/src-ad-gbwn-2026.html,https://careers.councilofnonprofits.org/jobs/executive-director-in-reno-nevada-us/,https://careers.councilofnonprofits.org/jobs/executive-director-in-reno-nevada-us/,job-ad stream; posting scope reviewed separately,,Executive Director,110000.0,120000.0,115000.0,,385034.0,1.0,,1.0,local_posting_text_endpoint_check,verified,,,Executive Director,,,,110000-120000,,,,,,True,not_a_same_filing_measure,True,posting_scope_review,extractable saved posting text,yes: Bayesian advertised-range variants only,,,
job_ad,SRC-AD-NJLCV-2026,SRC-AD-NJLCV-2026,New Jersey League of Conservation Voters,True,expanded_secondary_structural,included,sources/native/job_ads/src-ad-njlcv-2026.html,https://careers.councilofnonprofits.org/jobs/executive-director-and-chief-executive-officer-in-trenton-new-jersey-us/,https://careers.councilofnonprofits.org/jobs/executive-director-and-chief-executive-officer-in-trenton-new-jersey-us/,job-ad stream; posting scope reviewed separately,,Executive Director and Chief Executive Officer,180000.0,220000.0,200000.0,,,,,0.999898188961288,local_posting_text_endpoint_check,verified,,,Executive Director and Chief Executive Officer,,,,180000-220000,,,,,,True,not_a_same_filing_measure,True,posting_scope_review,extractable saved posting text,yes: Bayesian advertised-range variants only,,,
job_ad,SRC-AD-CAIF-2026,SRC-AD-CAIF-2026,Cooperative AI Foundation,True,expanded_secondary_scale_unknown,included,sources/native/job_ads/src-ad-caif-2026.html,https://web.archive.org/web/20260421130503id_/https://www.cooperativeai.com/job-listing/chief-executive-officer,https://www.cooperativeai.com/job-listing/chief-executive-officer,job-ad stream; posting scope reviewed separately,,Chief Executive Officer,119094.84,185258.64,152176.74,,,,,1.0112200307074524,manual_deep_read_archived_employer_posting,verified,,,Chief Executive Officer,,,,"GBP 90,000-140,000",,,,,,True,not_a_same_filing_measure,True,posting_scope_review,"archived employer page, Salary section",yes: Bayesian advertised-range variants only,,,
job_ad,SRC-AD-AAPO-2026,SRC-AD-AAPO-2026,Aquatic Animal Policy Organization,False,excluded,no,sources/native/job_ads/src-ad-aapo-2026.pdf,https://docs.google.com/document/d/1CjW7mFt9FyA6qDbYV4pYLWyW5KqaAA5QsHRf3hRaPSk/edit?tab=t.0,https://docs.google.com/document/d/1CjW7mFt9FyA6qDbYV4pYLWyW5KqaAA5QsHRf3hRaPSk/edit?tab=t.0,job-ad stream; posting scope reviewed separately,,Co-Executive Director,70000.0,100000.0,85000.0,,,,,1.0026965347426582,local_posting_text_endpoint_check,verified,,,Co-Executive Director,,,,70000-100000,,,,,,True,not_a_same_filing_measure,True,posting_scope_review,extractable saved posting text,no: not in saved recruitment training cohort,,,
job_ad,SRC-AD-TAIMAKA-2025,SRC-AD-TAIMAKA-2025,Taimaka,False,older_structural_sensitivity,sensitivity_only,sources/native/job_ads/src-ad-taimaka-goodstructures-2025.js,https://salaries.goodstructures.co/,https://salaries.goodstructures.co/data.js,job-ad stream; posting scope reviewed separately,,Executive Director,60000.0,120000.0,90000.0,,,400.0,,1.0371960253833754,local_posting_text_endpoint_check,verified,,,Executive Director,,,,60000-120000,,,,,,True,not_a_same_filing_measure,True,posting_scope_review,extractable saved posting text,yes: Bayesian advertised-range variants only,,,
job_ad,SRC-AD-EAD-2026,SRC-AD-EAD-2026,Effective Altruism Germany,True,expanded_secondary_scale_unknown,included,sources/native/job_ads/src-ad-ead-2026.html,https://remoteimpact.org/jobs/director-effective-altruism-germany/,https://effektiveraltruismus.de/jobs/,job-ad stream; posting scope reviewed separately,,Director,68823.12,86028.9,77426.01,,,,,1.0112200307074524,manual_deep_read_preserved_posting,verified,,,Director,,,,"EUR 60,000-75,000",,,,,,True,not_a_same_filing_measure,True,posting_scope_review,posting Salary section,yes: Bayesian advertised-range variants only,,,
job_ad,SRC-AD-SCREWWORM-2025,SRC-AD-SCREWWORM-2025,Screwworm Free Future,False,older_structural_sensitivity,sensitivity_only,sources/native/job_ads/src-ad-screwworm-2025.pdf,https://forum.effectivealtruism.org/posts/rfxtgLqKAKQLzngeG/screwworm-free-future-is-hiring-for-a-director,https://docs.google.com/document/d/1Id7314af6CQ7YSFd-GcRZma0GFBxThbEu8Qn72esaUI/edit?tab=t.0,job-ad stream; posting scope reviewed separately,,Director,60000.0,60000.0,60000.0,,,,,1.0371960253833754,local_posting_text_endpoint_check,verified,,,Director,,,,60000-60000,,,,,,True,not_a_same_filing_measure,True,posting_scope_review,extractable saved posting text,yes: Bayesian advertised-range variants only,,,
job_ad,SRC-AD-FIRST-EMBRACE-2026,SRC-AD-FIRST-EMBRACE-2026,First Embrace,False,excluded,no,sources/native/job_ads/src-ad-first-embrace-2026.pdf,https://docs.google.com/document/d/15ngrwjrFXk1rDVV6JelJHiEvcPQxfKOhXUpCDk7HpXQ/edit?usp=sharing,https://docs.google.com/document/d/15ngrwjrFXk1rDVV6JelJHiEvcPQxfKOhXUpCDk7HpXQ/edit?usp=sharing,job-ad stream; posting scope reviewed separately,,Founding Director / Director of Operations,25000.0,55000.0,40000.0,,,,,1.026643956070985,local_posting_text_endpoint_check,verified,,,Founding Director / Director of Operations,,,,25000-55000,,,,,,True,not_a_same_filing_measure,True,posting_scope_review,extractable saved posting text,no: not in saved recruitment training cohort,,,
