taxonomy_id,normalized_title,source_title_variants,record_type,position_family,secondary_role_tags,title_group,seniority_group,role_scope,incumbency_status,classification_rule,classification_confidence,benchmark_position,benchmark_position_rule,benchmark_position_alias_quality,benchmark_position_hybrid_status,benchmark_position_hybrid_reason,classification_source_ids,classification_source_urls,classification_source_local_paths,review_status,catalog_eligible,role_eligible,record_count,compensated_record_count,organization_count,example_organizations,notes
F990TAX-0050f80febc641,VICE CHAIR - ASC,Vice Chair - ASC,unmapped_position,,,unclassified,unknown,uncertain,current,no_reviewed_family_match,low,,not_a_supported_standardized_title,,none,,,,,manual_review_required,no,none,1,0,1,San Francisco Estuary Institute,Retained for manual classification; not exposed in the public Position catalog.
F990TAX-005c52ddf1dee3,VP HUMAN RESOURCES,"VP, Human Resources",non_ceo_position,people,,vice_president,senior_leader,functional,current,title_keywords:people,high,vice_president,vice_president_alias,expanded,none,,,,,rule_assigned,yes,all,1,1,1,Charity Navigator,
F990TAX-00651b203daf0b,CHIEF OF PROGRAMS AND STRATEGY,CHIEF OF PROGRAMS & STRATEGY,non_ceo_position,programs,strategy,chief_officer,executive,functional,current,title_keywords:programs,medium,,hybrid_title_excluded_from_strict_position_benchmark,ambiguous,multi_role,multiple organization-wide chief functions combined in one title,,,,rule_assigned_multi_role,yes,all,1,1,1,Demos,
F990TAX-01a1062df0fa6a,NETWORK OFFICER,NETWORK OFFICER,non_ceo_position,programs,development,functional_individual_contributor,individual_contributor,functional,current,reviewed_record_override:reviewed_network_program_function,high,,not_a_supported_standardized_title,,none,,,,,reviewed_observation_override,yes,all,1,1,1,Institute for Nonprofit News,"Primary family received an observation-level review because the filing title is truncated, organization-specific, or multi-function."
F990TAX-01fd614c37de49,SENIOR FELLOW,SENIOR FELLOW,non_ceo_position,research,,senior_individual_contributor,individual_contributor,functional,current,title_keywords:research,high,senior_researcher,senior_research_title,expanded,none,,,,,rule_assigned,yes,all,11,11,4,Council on Strategic Risks | Institute on Taxation and Economic Policy | Migration Policy Institute | Peterson Institute for International Economics,
F990TAX-022f705b033393,VICE PRESIDENT PUBLIC AFFAIRS,"VICE PRESIDENT, PUBLIC AFFAIRS",non_ceo_position,communications,,executive_leadership,executive,functional,current,title_keywords:communications,high,vice_president,vice_president_alias,expanded,none,,,,,rule_assigned,yes,all,1,1,1,R Street Institute,
F990TAX-0240551001bf23,EXECUTIVE IN RESIDENCE FOR PUBLIC SAFETY AND RESILIE,EXECUTIVE IN RESIDENCE FOR PUBLIC SAFETY & RESILIE,unmapped_position,,,unclassified,unknown,uncertain,current,no_reviewed_family_match,low,,not_a_supported_standardized_title,,none,,,,,manual_review_required,no,none,1,1,1,Institute for Security and Technology,Retained for manual classification; not exposed in the public Position catalog.
F990TAX-02a7d6867f8c22,SOFTWARE ENG,SOFTWARE ENG,non_ceo_position,technology,,functional_individual_contributor,individual_contributor,functional,current,title_keywords:technology,high,,not_a_supported_standardized_title,,none,,,,,rule_assigned,yes,all,1,1,1,WattTime,
F990TAX-02ed21786f84f2,SENIOR DIRECTOR FOR INTERNATIONAL CYBER ENGAGEMENT,SENIOR DIRECTOR FOR INTERNATIONAL CYBER ENGAGEMENT,non_ceo_position,policy,programs,director,senior_leader,functional,current,reviewed_record_override:reviewed_international_cyber_policy_function,high,,not_a_supported_standardized_title,,none,,SRC-POSITION-IST-ELIZABETH-VISH,https://securityandtechnology.org/person/elizabeth-vish/,benchmark/sources/native/supporting/position_classification/ist-elizabeth-vish.html,reviewed_observation_override,yes,all,1,1,1,Institute for Security and Technology,"Primary family received an observation-level review because the filing title is truncated, organization-specific, or multi-function. | Documents Vish's cyber foreign-policy and capacity-building portfolio, supporting Policy primary and Programs secondary. Source: benchmark/sources/native/supporting/position_classification/ist-elizabeth-vish.html (https://securityandtechnology.org/person/elizabeth-vish/)"
F990TAX-02fa20b1f2728b,PROJECT MANAGEMENT OFFICER,Project Management Officer,non_ceo_position,programs,,functional_individual_contributor,individual_contributor,functional,current,title_keywords:programs,high,,not_a_supported_standardized_title,,none,,,,,rule_assigned,yes,all,1,1,1,Charity Navigator,
F990TAX-03127d41278321,CONTROLLER,CONTROLLER | Controller,non_ceo_position,finance,,functional_individual_contributor,individual_contributor,functional,current,title_keywords:finance,high,controller,explicit_controller_title,exact,none,,,,,rule_assigned,yes,all,3,3,3,Center for Arms Control and Non-Proliferation | Chicago Council on Global Affairs | Innovations for Poverty Action,
F990TAX-03cc6b74bf7990,SENIOR LEAD INNOVATION AND IMPACT,"SENIOR LEAD, INNOVATION & IMPACT",non_ceo_position,programs,,head_or_lead,senior_leader,functional,current,title_keywords:programs,high,,not_a_supported_standardized_title,,none,,,,,rule_assigned,yes,all,1,1,1,Fresh Energy,
F990TAX-040a119d111c6e,BOARD MEMBER UNTIL 9/2024,BOARD MEMBER (UNTIL 9/2024),unmapped_position,,,unclassified,unknown,uncertain,former_or_partial,no_reviewed_family_match,low,,not_a_supported_standardized_title,,none,,,,,manual_review_required,no,none,1,0,1,Evidence Action,Retained for manual classification; not exposed in the public Position catalog.
F990TAX-04887bbac457d0,CORPORATE SECRETARY,Corporate Secretary,unmapped_position,,,unclassified,unknown,uncertain,current,no_reviewed_family_match,low,,not_a_supported_standardized_title,,none,,,,,manual_review_required,no,none,1,0,1,Nuclear Threat Initiative,Retained for manual classification; not exposed in the public Position catalog.
F990TAX-04e7107075a326,DIRECTO OF DEVELOPMENT,DIRECTO OF DEVELOPMENT,non_ceo_position,development,,functional_individual_contributor,individual_contributor,functional,current,title_keywords:development,high,,not_a_supported_standardized_title,,none,,,,,rule_assigned,yes,all,1,1,1,Project Healthy Children,
F990TAX-04f65747ec3fa9,SENIOR ADVISOR FOR AI GOVERNANCE,SENIOR ADVISOR FOR AI GOVERNANCE,non_ceo_position,policy,,senior_individual_contributor,individual_contributor,functional,current,title_keywords:policy,high,,not_a_supported_standardized_title,,none,,,,,rule_assigned,yes,all,1,1,1,Center for Democracy & Technology,
F990TAX-05361477e55e0c,CHAIR OF AUDIT COMMITTEE,Chair of audit committee,non_ceo_position,finance,,functional_individual_contributor,individual_contributor,functional,current,title_keywords:finance,high,,not_a_supported_standardized_title,,none,,,,,rule_assigned,yes,none,1,0,1,Guttmacher Institute,
F990TAX-0555f0456664ad,CFO/TREASURER TILL DEC-2024,CFO/Treasurer (till Dec-2024),non_ceo_position,finance,,chief_officer,executive,functional,former_or_partial,title_keywords:finance,high,cfo,standard_cfo_alias,standard_abbreviation,none,,,,,rule_assigned,yes,none,1,1,1,Data Quality Campaign,
F990TAX-05c349a310f5a3,PPAL ENGINEE,PPAL ENGINEE,non_ceo_position,technology,,functional_individual_contributor,individual_contributor,functional,current,title_keywords:technology,high,,not_a_supported_standardized_title,,none,,,,,rule_assigned,yes,all,1,1,1,WattTime,
F990TAX-05ece70d4bea55,DIRECTOR OF FINANCE AND OPERATIONS,DIRECTOR OF FINANCE AND OPERATIONS,non_ceo_position,finance,operations,director,senior_leader,functional,current,title_keywords:finance,medium,finance_director,explicit_finance_director_alias,expanded,none,,,,,rule_assigned_multi_role,yes,all,1,1,1,The Sentencing Project,
F990TAX-06090e7027829e,CHIEF OPERATING OFF THRU 2/7/25,CHIEF OPERATING OFF (THRU 2/7/25),non_ceo_position,operations,,chief_officer,executive,functional,former_or_partial,title_keywords:operations,high,,not_a_supported_standardized_title,,none,,,,,rule_assigned,yes,none,1,1,1,Animal Legal Defense Fund,
F990TAX-067d3e095c14a5,SENIOR OPERATIONS MANAGER,SENIOR OPERATIONS MANAGER,non_ceo_position,operations,,manager,manager,functional,current,title_keywords:operations,high,,not_a_supported_standardized_title,,none,,,,,rule_assigned,yes,all,1,1,1,PEAK Grantmaking,
F990TAX-06a1b5e898a2a3,EDITOR ELI,Editor ELI,non_ceo_position,communications,,functional_individual_contributor,individual_contributor,functional,current,title_keywords:communications,high,,not_a_supported_standardized_title,,none,,,,,rule_assigned,yes,all,1,1,1,Environmental Law Institute,
F990TAX-06ce36ce521d29,PRESIDENT/SECRETARY BEGAN MAY 2024,PRESIDENT/SECRETARY (BEGAN MAY 2024),non_ceo_position,general_leadership,,executive_leadership,executive,functional,former_or_partial,title_keywords:general_leadership,medium,,not_a_supported_standardized_title,,none,,,,,rule_assigned,yes,none,1,0,1,Wild Animal Initiative,
F990TAX-06d8b9b6767e33,PROGRAM AND RESEARCH LEAD FOR AI,PROGRAM AND RESEARCH LEAD FOR AI,non_ceo_position,programs,research,head_or_lead,senior_leader,functional,current,title_keywords:programs,medium,,not_a_supported_standardized_title,,none,,,,,rule_assigned_multi_role,yes,all,1,1,1,Partnership on AI,
F990TAX-06e857dcc8501e,SENIOR DIRECTOR OF FINANCE,SENIOR DIRECTOR OF FINANCE,non_ceo_position,finance,,director,senior_leader,functional,current,title_keywords:finance,high,finance_director,explicit_finance_director_alias,expanded,none,,,,,rule_assigned,yes,all,1,1,1,New America,
F990TAX-074c80bc1e2dd3,DIRECTOR BEGINNING 10/10/23,DIRECTOR (BEGINNING 10/10/23),non_ceo_position,general_leadership,,director,senior_leader,functional,current,title_keywords:general_leadership,medium,,not_a_supported_standardized_title,,none,,,,,rule_assigned,yes,none,1,0,1,Open Technology Fund,
F990TAX-07577c8aa4070d,CHIEF FINANCIAL OFFICER THRU 6/25,CHIEF FINANCIAL OFFICER (THRU 6/25),non_ceo_position,finance,,chief_officer,executive,functional,former_or_partial,title_keywords:finance,high,cfo,standard_cfo_alias,exact,none,,,,,rule_assigned,yes,none,1,1,1,Federation of American Scientists,
F990TAX-075ae418037424,CHAIR/SENIOR FELLOW,CHAIR/SENIOR FELLOW,non_ceo_position,research,,senior_individual_contributor,individual_contributor,functional,current,title_keywords:research,high,senior_researcher,senior_research_title,expanded,none,,,,,rule_assigned,yes,none,1,0,1,Results for Development,
F990TAX-077bac8a4774b1,DIR FIN AND OPS/TREAS FROM 10/24,"DIR., FIN. & OPS/TREAS. (FROM 10/24)",non_ceo_position,operations,,director,senior_leader,functional,former_or_partial,title_keywords:operations,high,,not_a_supported_standardized_title,,none,,,,,rule_assigned,yes,none,1,1,1,Center for Democracy & Technology,
F990TAX-07944afd000226,VP ADVOCACY AND PARTNERSHIP,"VP, ADVOCACY & PARTNERSHIP",non_ceo_position,policy,programs,vice_president,senior_leader,functional,current,title_keywords:policy,medium,vice_president,vice_president_alias,expanded,none,,,,,rule_assigned_multi_role,yes,all,1,1,1,Vera Institute of Justice,
F990TAX-081c1e2b97b5c9,EXECUTIVE DIRECTOR/CEO,EXECUTIVE DIRECTOR/CEO,canonical_ceo,,,chief_executive,executive,organization_wide,current,validated_ceo_name_override,high,,not_a_supported_standardized_title,,none,,,,,rule_assigned,no,none,1,1,1,Animal Welfare Institute,CEO rows remain governed by validated_form990_compensation.csv and are not a generic position family.
F990TAX-088d4e81a4cc94,DIRECTOR CULTURAL EXCHANGE,"DIRECTOR, CULTURAL EXCHANGE",non_ceo_position,programs,,director,senior_leader,functional,current,reviewed_record_override:reviewed_cultural_exchange_program_function,high,,not_a_supported_standardized_title,,none,,,,,reviewed_observation_override,yes,all,1,1,1,American Immigration Council,"Primary family received an observation-level review because the filing title is truncated, organization-specific, or multi-function."
F990TAX-0ad8212e85e4d9,VICE CHAIR - SFEI,Vice Chair - SFEI,unmapped_position,,,unclassified,unknown,uncertain,current,no_reviewed_family_match,low,,not_a_supported_standardized_title,,none,,,,,manual_review_required,no,none,1,0,1,San Francisco Estuary Institute,Retained for manual classification; not exposed in the public Position catalog.
F990TAX-0afd76fa7eb9de,TRUSTEE THRU 3/18/25,"TRUSTEE, THRU 3/18/25",unmapped_position,,,unclassified,unknown,uncertain,former_or_partial,no_reviewed_family_match,low,,not_a_supported_standardized_title,,none,,,,,manual_review_required,no,none,1,0,1,Vera Institute of Justice,Retained for manual classification; not exposed in the public Position catalog.
F990TAX-0b6d982c6c957d,DIR CDT AI GOVERNANCE LAB,"DIR., CDT AI GOVERNANCE LAB",non_ceo_position,policy,,director,senior_leader,functional,current,title_keywords:policy,high,,not_a_supported_standardized_title,,none,,,,,rule_assigned,yes,all,1,1,1,Center for Democracy & Technology,
F990TAX-0b706e194401c2,DIR OF PROD FOREIGN EE,DIR. OF PROD. (FOREIGN EE),non_ceo_position,technology,,director,senior_leader,functional,current,reviewed_record_override:reviewed_product_function_truncation,high,,not_a_supported_standardized_title,,none,,,,,reviewed_observation_override,yes,all,1,1,1,ORCID,"Primary family received an observation-level review because the filing title is truncated, organization-specific, or multi-function."
F990TAX-0b9e76f333fa8e,IT DIRECTOR,IT DIRECTOR | IT Director,non_ceo_position,technology,,director,senior_leader,functional,current,title_keywords:technology,high,,not_a_supported_standardized_title,,none,,,,,rule_assigned,yes,all,2,2,2,Open Technology Fund | OpenSecrets,
F990TAX-0c47845e2b718f,DIRECTOR/CEO,Director/CEO,canonical_ceo,,,chief_executive,executive,organization_wide,current,validated_ceo_name_override,high,,not_a_supported_standardized_title,,none,,,,,rule_assigned,no,none,1,1,1,Learning Policy Institute,CEO rows remain governed by validated_form990_compensation.csv and are not a generic position family.
F990TAX-0cf6f76f9316a9,CHIEF IMPACT OFFICER UNTIL 5/25,CHIEF IMPACT OFFICER (UNTIL 5/25),non_ceo_position,programs,,chief_officer,executive,functional,former_or_partial,title_keywords:programs,high,chief_impact_officer,explicit_chief_impact_officer,exact,none,,,,,rule_assigned,yes,none,1,1,1,Village Enterprise,
F990TAX-0d970c7abdbb6d,ASSOC DIR FOR K-12 EDU RES,ASSOC. DIR FOR K-12 EDU. RES. | ASSOC. DIR. FOR K-12 EDU. RES.,non_ceo_position,research,programs,director,senior_leader,functional,current,reviewed_record_override:reviewed_education_research_function,high,,not_a_supported_standardized_title,,none,,,,,reviewed_observation_override,yes,all,2,2,1,Migration Policy Institute,"Primary family received an observation-level review because the filing title is truncated, organization-specific, or multi-function."
F990TAX-0f7c9e93ff0ae8,MANAGING DIRECTOR MERL,"MANAGING DIRECTOR, MERL",non_ceo_position,research,programs,managing_or_deputy_director,senior_leader,functional,current,reviewed_record_override:reviewed_merl_function,high,managing_director,managing_director_alias,expanded,none,,,,,reviewed_observation_override,yes,all,1,1,1,Last Mile Health,"Primary family received an observation-level review because the filing title is truncated, organization-specific, or multi-function."
F990TAX-0f907021ba519f,DIRECTOR ENERGY,"DIRECTOR, ENERGY",non_ceo_position,policy,,director,senior_leader,functional,current,reviewed_record_override:reviewed_energy_policy_function,high,,not_a_supported_standardized_title,,none,,,,,reviewed_observation_override,yes,all,1,1,1,R Street Institute,"Primary family received an observation-level review because the filing title is truncated, organization-specific, or multi-function."
F990TAX-0f9c4dda75fa6d,SENIOR DIR E,SENIOR DIR E,non_ceo_position,programs,,director,senior_leader,functional,current,reviewed_record_override:reviewed_regional_program_function,high,,not_a_supported_standardized_title,,none,,,,,reviewed_observation_override,yes,all,1,1,1,Clean Air Task Force,"Primary family received an observation-level review because the filing title is truncated, organization-specific, or multi-function."
F990TAX-0fee554fb24ed2,IMMEDIATE PAST PRESIDENT,IMMEDIATE PAST PRESIDENT,non_ceo_position,general_leadership,,executive_leadership,executive,functional,current,title_keywords:general_leadership,medium,,not_a_supported_standardized_title,,none,,,,,rule_assigned,yes,none,1,0,1,Physicians for Social Responsibility,
F990TAX-1030d96f594bd4,DIRECTOR - CHAIR THRU 5/24,DIRECTOR - CHAIR (THRU 5/24),non_ceo_position,general_leadership,,director,senior_leader,functional,former_or_partial,title_keywords:general_leadership,medium,,not_a_supported_standardized_title,,none,,,,,rule_assigned,yes,none,1,0,1,New America,
F990TAX-1081f443db80fc,BOARD MEMBER UNTIL 10/20/2025,BOARD MEMBER (UNTIL 10/20/2025),unmapped_position,,,unclassified,unknown,uncertain,former_or_partial,no_reviewed_family_match,low,,not_a_supported_standardized_title,,none,,,,,manual_review_required,no,none,1,0,1,Institute for Market Transformation,Retained for manual classification; not exposed in the public Position catalog.
F990TAX-116c5de3765477,BRAND DESIGN LEAD,BRAND DESIGN LEAD,non_ceo_position,communications,,head_or_lead,senior_leader,functional,current,reviewed_record_override:reviewed_brand_design_function,high,,not_a_supported_standardized_title,,none,,,,,reviewed_observation_override,yes,all,1,1,1,Partnership on AI,"Primary family received an observation-level review because the filing title is truncated, organization-specific, or multi-function."
F990TAX-11a66d06bce6bb,DIRECTOR OF ECONOMIC JUSTICE,DIRECTOR OF ECONOMIC JUSTICE,non_ceo_position,programs,policy,director,senior_leader,functional,current,reviewed_record_override:reviewed_economic_justice_program_function,high,,not_a_supported_standardized_title,,none,,,,,reviewed_observation_override,yes,all,1,1,1,Demos,"Primary family received an observation-level review because the filing title is truncated, organization-specific, or multi-function."
F990TAX-11ba4b3de68abb,EXECUTIVE ASSISTANT,EXECUTIVE ASSISTANT,unmapped_position,,,unclassified,unknown,uncertain,current,no_reviewed_family_match,low,,not_a_supported_standardized_title,,none,,,,,manual_review_required,no,none,1,1,1,Partnership on AI,Retained for manual classification; not exposed in the public Position catalog.
F990TAX-12a7b8d7409cb9,DIRECTOR OF EDITORIAL AND STRATEGY,Director of Editorial & Strategy,non_ceo_position,communications,strategy,director,senior_leader,functional,current,title_keywords:communications,medium,communications_director,explicit_communications_director_alias,expanded,none,,,,,rule_assigned_multi_role,yes,all,1,1,1,OpenSecrets,
F990TAX-12b7020270f80d,SR VP OF FINANCE,Sr VP of finance,non_ceo_position,finance,,vice_president,senior_leader,functional,current,title_keywords:finance,high,senior_vice_president,senior_vice_president_alias,expanded,none,,,,,rule_assigned,yes,all,1,1,1,Physicians Committee for Responsible Medicine,
F990TAX-133ba9830d8ad8,SENIOR DIRECTOR OF HOUSING+CITIES,Senior Director of Housing+Cities,non_ceo_position,policy,,director,senior_leader,functional,current,reviewed_record_override:reviewed_housing_and_cities_policy_function,high,,not_a_supported_standardized_title,,none,,,,,reviewed_observation_override,yes,all,1,1,1,Sightline Institute,"Primary family received an observation-level review because the filing title is truncated, organization-specific, or multi-function."
F990TAX-13be6c648629fb,DIRECTOR END JAN 2024,DIRECTOR (END JAN 2024),non_ceo_position,general_leadership,,director,senior_leader,functional,current,title_keywords:general_leadership,medium,,not_a_supported_standardized_title,,none,,,,,rule_assigned,yes,none,1,0,1,Results for Development,
F990TAX-140ec6f8c0a749,BOARD MEMBER THRU 10/15/24,BOARD MEMBER THRU 10/15/24,unmapped_position,,,unclassified,unknown,uncertain,former_or_partial,no_reviewed_family_match,low,,not_a_supported_standardized_title,,none,,,,,manual_review_required,no,none,3,0,1,Fresh Energy,Retained for manual classification; not exposed in the public Position catalog.
F990TAX-1438a32b009bff,AVP US PROGRAMS UNTIL 7/2024,AVP US Programs (Until 7/2024),non_ceo_position,programs,,functional_individual_contributor,individual_contributor,functional,former_or_partial,title_keywords:programs,high,,not_a_supported_standardized_title,,none,,,,,rule_assigned,yes,none,1,1,1,Population Reference Bureau,
F990TAX-149ed07f3be2c2,MANAGING DIR OPERATIONS AND PEOPLE,"MANAGING DIR, OPERATIONS & PEOPLE",non_ceo_position,operations,people,managing_or_deputy_director,senior_leader,functional,current,title_keywords:operations,medium,managing_director,managing_director_alias,expanded,none,,,,,rule_assigned_multi_role,yes,all,1,1,1,Exponent Philanthropy,
F990TAX-14a5ad42b83faf,MEMBER CHAIR,MEMBER CHAIR,unmapped_position,,,unclassified,unknown,uncertain,current,no_reviewed_family_match,low,,not_a_supported_standardized_title,,none,,,,,manual_review_required,no,none,1,0,1,Nuclear Innovation Alliance,Retained for manual classification; not exposed in the public Position catalog.
F990TAX-14b31da342b8fb,PRESIDENTCEO - FROM 224,PresidentCEO - From 224,canonical_ceo,,,chief_executive,executive,organization_wide,former_or_partial,validated_ceo_name_override,high,,not_a_supported_standardized_title,,none,,,,,rule_assigned,no,none,1,1,1,Alliance for Health Policy,CEO rows remain governed by validated_form990_compensation.csv and are not a generic position family.
F990TAX-14ef40ebc8fc08,STRATEGIC ADVISOR AND CO-CHAIR BOARD OF DIRECTORS,"Strategic Advisor and Co-Chair, Board of Directors",non_ceo_position,strategy,,senior_individual_contributor,individual_contributor,governance,current,title_keywords:strategy+reviewed_board_cochair_hybrid_scope,high,,not_a_supported_standardized_title,,none,,,,,reviewed_observation_override,yes,none,1,1,1,Nuclear Threat Initiative,
F990TAX-151f8f7cda2f9f,SR DIRECTOR GLOBAL BIOLOGICAL POLICY AND PROGRAMS,"Sr Director, Global Biological Policy and Programs",non_ceo_position,policy,programs,director,senior_leader,functional,current,title_keywords:policy,medium,policy_director,explicit_policy_director_alias,expanded,none,,,,,rule_assigned_multi_role,yes,all,1,1,1,Nuclear Threat Initiative,
F990TAX-155998bde0f90c,EXECUTIVE LEAD ORGANIZATIONAL HEALTH,"EXECUTIVE LEAD, ORGANIZATIONAL HEALTH",non_ceo_position,people,,head_or_lead,senior_leader,functional,current,reviewed_record_override:reviewed_organizational_health_function,high,,not_a_supported_standardized_title,,none,,,,,reviewed_observation_override,yes,all,1,1,1,Fresh Energy,"Primary family received an observation-level review because the filing title is truncated, organization-specific, or multi-function."
F990TAX-156e042cbc32d7,CHIEF PROGRAM AND OPERATING OFFICER,Chief Program & Operating Officer,non_ceo_position,programs,operations,chief_officer,executive,functional,current,title_keywords:programs,medium,,hybrid_title_excluded_from_strict_position_benchmark,ambiguous,multi_role,multiple organization-wide chief functions combined in one title,,,,rule_assigned_multi_role,yes,all,1,1,1,Charity Navigator,
F990TAX-15a16f2d2b4af6,BOARD MEMBER THROUGH 9/2024,BOARD MEMBER THROUGH 9/2024,unmapped_position,,,unclassified,unknown,uncertain,former_or_partial,no_reviewed_family_match,low,,not_a_supported_standardized_title,,none,,,,,manual_review_required,no,none,1,0,1,Quincy Institute for Responsible Statecraft,Retained for manual classification; not exposed in the public Position catalog.
F990TAX-15d002072f1621,EXTERNAL AFFAIRS DIRECTOR,EXTERNAL AFFAIRS DIRECTOR,non_ceo_position,communications,,director,senior_leader,functional,current,title_keywords:communications,high,communications_director,explicit_communications_director_alias,expanded,none,,,,,rule_assigned,yes,all,1,1,1,Grantmakers for Education,
F990TAX-1610423a95c45f,EXECUTIVE EDITOR AND DGC,EXECUTIVE Editor AND DGC,non_ceo_position,communications,legal,functional_individual_contributor,individual_contributor,functional,current,title_keywords:communications,medium,,not_a_supported_standardized_title,,none,,,,,rule_assigned_multi_role,yes,all,1,1,1,Lawfare Institute,
F990TAX-1617bd75509409,SR DIRECTOR COMMUNICATIONS,"Sr Director, Communications",non_ceo_position,communications,,director,senior_leader,functional,current,title_keywords:communications,high,communications_director,explicit_communications_director_alias,expanded,none,,,,,rule_assigned,yes,all,1,1,1,Nuclear Threat Initiative,
F990TAX-1694ef2f59c628,DIRECTOR OF OPEN EDUCATION,DIRECTOR OF OPEN EDUCATION,non_ceo_position,programs,,director,senior_leader,functional,current,title_keywords:programs,high,,not_a_supported_standardized_title,,none,,,,,rule_assigned,yes,all,1,1,1,Creative Commons,
F990TAX-16cb4b5d16a03b,VP OF MARKETING AND COMMUNICATIONS,VP OF MARKETING & COMMUNICATIONS,non_ceo_position,communications,,vice_president,senior_leader,functional,current,title_keywords:communications,high,vice_president,vice_president_alias,expanded,none,,,,,rule_assigned,yes,all,1,1,1,Tax Foundation,
F990TAX-16e98dbd2df27a,PRESIDENT/CO-FOUNDER,PRESIDENT/CO-FOUNDER,non_ceo_position,general_leadership,,executive_leadership,executive,functional,current,title_keywords:general_leadership,medium,,not_a_supported_standardized_title,,none,,,,,rule_assigned,yes,all,1,1,1,Farm Sanctuary,
F990TAX-16f5ccd26a4ab0,PLATFORM MNGR U S COMMS PLATFORM,"PLATFORM MNGR, U.S. COMMS PLATFORM",non_ceo_position,technology,communications,manager,manager,functional,current,title_keywords:technology,medium,,not_a_supported_standardized_title,,none,,,,,rule_assigned_multi_role,yes,all,1,1,1,DataKind,
F990TAX-16ff624a374cee,DIRECTOR - AFTER 06/2024,DIRECTOR - AFTER 06/2024,non_ceo_position,general_leadership,,director,senior_leader,functional,former_or_partial,title_keywords:general_leadership,medium,,not_a_supported_standardized_title,,none,,,,,rule_assigned,yes,none,4,0,1,Bipartisan Policy Center,
F990TAX-17142b503756ae,MEMBER FROM 11/12/2025,MEMBER (FROM 11/12/2025),unmapped_position,,,unclassified,unknown,uncertain,former_or_partial,no_reviewed_family_match,low,,not_a_supported_standardized_title,,none,,,,,manual_review_required,no,none,2,0,1,Exponent Philanthropy,Retained for manual classification; not exposed in the public Position catalog.
F990TAX-1735dbb4ecccb9,DEPUTY DIRECTOR,DEPUTY DIRECTOR,non_ceo_position,general_leadership,,managing_or_deputy_director,senior_leader,functional,current,title_keywords:general_leadership,medium,deputy_director,deputy_director_alias,expanded,none,,,,,rule_assigned,yes,all,5,5,5,Council on Strategic Risks | Institute for Policy Studies | Institute on Taxation and Economic Policy | Migration Policy Institute | TechCongress,
F990TAX-17543f9129280d,CHIEF PHILANTHROPY OFFICER,CHIEF PHILANTHROPY OFFICER,non_ceo_position,development,,chief_officer,executive,functional,current,title_keywords:development,high,chief_development_officer,development_chief_alias,expanded,none,,,,,rule_assigned,yes,all,1,1,1,Innovations for Poverty Action,
F990TAX-17861cc7166946,CO-EXECUTIVE DIRECTOR AFRICA FRONTLINE FIRST,"CO-EXECUTIVE DIRECTOR, AFRICA FRONTLINE FIRST",generic_ceo_like,,,chief_executive,executive,program_or_affiliate,current,ceo_like_title_not_authoritative_ceo,medium,,not_a_supported_standardized_title,,none,,,,,manual_review_required,no,none,1,1,1,Last Mile Health,CEO rows remain governed by validated_form990_compensation.csv and are not a generic position family.
F990TAX-17c186e44bb169,COO,COO,non_ceo_position,operations,,chief_officer,executive,functional,current,title_keywords:operations,high,coo,standard_coo_alias,standard_abbreviation,none,,,,,rule_assigned,yes,all,7,7,7,Carbon Mapper | Center for AI Safety | Creative Commons | Institute for Nonprofit News | New America | Results for America | Rethink Priorities,
F990TAX-17d8ae3f130902,DIRECTOR FAR LABS,"DIRECTOR, FAR.LABS",non_ceo_position,research,programs,director,senior_leader,functional,current,reviewed_record_override:reviewed_research_lab_function,high,,not_a_supported_standardized_title,,none,,,,,reviewed_observation_override,yes,all,1,1,1,FAR AI,"Primary family received an observation-level review because the filing title is truncated, organization-specific, or multi-function."
F990TAX-183f65e2a5f63c,MANAGING DIRECTOR TECHNOLOGY,"Managing Director, Technology",non_ceo_position,technology,,managing_or_deputy_director,senior_leader,functional,current,title_keywords:technology,high,managing_director,managing_director_alias,expanded,none,,,,,rule_assigned,yes,all,1,1,1,Electronic Frontier Foundation,
F990TAX-18672954b28cd3,CHAIR OF EXEC COMM,CHAIR OF EXEC. COMM.,non_ceo_position,communications,,functional_individual_contributor,individual_contributor,functional,current,title_keywords:communications,high,,not_a_supported_standardized_title,,none,,,,,rule_assigned,yes,none,1,0,1,Peterson Institute for International Economics,
F990TAX-18b3b1f2d27fa1,VP/COO,VP/COO,non_ceo_position,operations,,chief_officer,executive,functional,current,title_keywords:operations,high,coo,standard_coo_alias,standard_abbreviation,none,,,,,rule_assigned,yes,all,1,1,1,Brennan Center for Justice,
F990TAX-18cd5e7aac6976,EXECUTIVE VP CHIEF PROGRAM OFFICER,"EXECUTIVE VP, CHIEF PROGRAM OFFICER",non_ceo_position,programs,,chief_officer,executive,functional,current,title_keywords:programs,high,chief_program_officer,program_chief_alias,expanded,none,,,,,rule_assigned,yes,all,1,1,1,Center for Health Care Strategies,
F990TAX-18dbf5df1bc68a,MANAGING EDITOR,MANAGING EDITOR,non_ceo_position,communications,,functional_individual_contributor,individual_contributor,functional,current,title_keywords:communications,high,,not_a_supported_standardized_title,,none,,,,,rule_assigned,yes,all,1,1,1,Lawfare Institute,
F990TAX-18fd99adf39c22,SENIOR VP OF RESEARCH PROGRAMS,SENIOR VP OF RESEARCH PROGRAMS,non_ceo_position,research,programs,vice_president,senior_leader,functional,current,title_keywords:research,medium,senior_vice_president,senior_vice_president_alias,expanded,none,,,,,rule_assigned_multi_role,yes,all,1,1,1,Stimson Center,
F990TAX-191f19f3e1eb0c,CEO/PRESIDENT,CEO/PRESIDENT | CEO/President,canonical_ceo,,,chief_executive,executive,organization_wide,current,validated_ceo_name_override,high,,not_a_supported_standardized_title,,none,,,,,rule_assigned,no,none,2,2,2,Data Quality Campaign | GivingTuesday,CEO rows remain governed by validated_form990_compensation.csv and are not a generic position family.
F990TAX-1964924f24d27f,MANAGER REASEARCH AND STRATEGY,"MANAGER, REASEARCH AND STRATEGY",non_ceo_position,research,strategy,manager,manager,functional,current,reviewed_record_override:reviewed_research_typo_primary_function,high,,not_a_supported_standardized_title,,none,,SRC-POSITION-NIA-ERIK-COTHRON,https://www.nuclearinnovationalliance.org/nia-staff,benchmark/sources/native/supporting/position_classification/nia-team.html,reviewed_observation_override,yes,all,1,1,1,Nuclear Innovation Alliance,"Primary family received an observation-level review because the filing title is truncated, organization-specific, or multi-function. | Expands the filing typo `REASEARCH` and describes Cothron's technical and policy analysis work. Source: benchmark/sources/native/supporting/position_classification/nia-team.html (https://www.nuclearinnovationalliance.org/nia-staff)"
F990TAX-197cd74614e72d,DIRECTOR AND CEO,Director & CEO,canonical_ceo,,,chief_executive,executive,organization_wide,current,validated_ceo_name_override,high,,not_a_supported_standardized_title,,none,,,,,rule_assigned,no,none,1,1,1,Carbon Mapper,CEO rows remain governed by validated_form990_compensation.csv and are not a generic position family.
F990TAX-198a88d1e5e123,CHF STRATEGY OFCR,Chf Strategy Ofcr,non_ceo_position,strategy,,functional_individual_contributor,individual_contributor,functional,current,title_keywords:strategy,high,chief_strategy_officer,strategy_chief_alias,expanded,none,,,,,rule_assigned,yes,all,1,1,1,Rethink Priorities,
F990TAX-19aeb8f4c53a6c,ASS DIRECTOR US IMM POL PROG,"ASS. DIRECTOR, US IMM. POL. PROG.",non_ceo_position,policy,programs,director,senior_leader,functional,current,reviewed_record_override:reviewed_immigration_policy_program_function,high,,not_a_supported_standardized_title,,none,,,,,reviewed_observation_override,yes,all,1,1,1,Migration Policy Institute,"Primary family received an observation-level review because the filing title is truncated, organization-specific, or multi-function."
F990TAX-19b17d7c446fe6,CCO AND MANAGING EDITOR,CCO and Managing Editor,non_ceo_position,communications,,functional_individual_contributor,individual_contributor,functional,current,title_keywords:communications,high,,not_a_supported_standardized_title,,none,,,,,rule_assigned,yes,all,1,1,1,Information Technology and Innovation Foundation,
F990TAX-19cf4f9c207e9a,MANAGING DIR ADVANCEMENT,"MANAGING DIR, ADVANCEMENT",non_ceo_position,development,,managing_or_deputy_director,senior_leader,functional,current,title_keywords:development,high,managing_director,managing_director_alias,expanded,none,,,,,rule_assigned,yes,all,1,1,1,Exponent Philanthropy,
F990TAX-1b0bfa4f1baf1f,EXECUTIVE DIR,Executive Dir.,canonical_ceo,,,chief_executive,executive,organization_wide,current,validated_ceo_name_override,high,,not_a_supported_standardized_title,,none,,,,,rule_assigned,no,none,3,3,3,Breakthrough Institute | Center for AI Safety | New Roots Institute,CEO rows remain governed by validated_form990_compensation.csv and are not a generic position family.
F990TAX-1b6113e41adcfa,CHIEF PRODUCT OFFICER,CHIEF PRODUCT OFFICER,non_ceo_position,technology,,chief_officer,executive,functional,current,title_keywords:technology,high,,not_a_supported_standardized_title,,none,,,,,rule_assigned,yes,all,1,1,1,Center for Open Science,
F990TAX-1b8965ae84c53a,PROGRAM DIRECTOR DEFENSE,"Program Director, Defense",non_ceo_position,programs,,director,senior_leader,functional,current,title_keywords:programs,high,program_director,explicit_program_director_alias,expanded,none,,,,,rule_assigned,yes,all,1,1,1,Center for a New American Security,
F990TAX-1b966ee998ca17,PRO BONO DIRECTOR,PRO BONO DIRECTOR,non_ceo_position,legal,,director,senior_leader,functional,current,reviewed_record_override:reviewed_pro_bono_legal_function,high,,not_a_supported_standardized_title,,none,,,,,reviewed_observation_override,yes,all,1,1,1,Animal Legal Defense Fund,"Primary family received an observation-level review because the filing title is truncated, organization-specific, or multi-function."
F990TAX-1bdf63eeee466c,DIR CENTER FOR ACTIVE STEWARDSHIP,DIR. CENTER FOR ACTIVE STEWARDSHIP,non_ceo_position,programs,,director,senior_leader,functional,current,reviewed_record_override:reviewed_named_center_function,high,,not_a_supported_standardized_title,,none,,,,,reviewed_observation_override,yes,all,1,1,1,Jain Family Institute,"Primary family received an observation-level review because the filing title is truncated, organization-specific, or multi-function."
F990TAX-1c497114bb90d5,DISTINGUISHED SCHOLAR AND VP,Distinguished Scholar & VP,non_ceo_position,research,,vice_president,senior_leader,functional,current,reviewed_record_override:reviewed_scholar_function,high,vice_president,vice_president_alias,expanded,none,,,,,reviewed_observation_override,yes,all,1,1,1,Guttmacher Institute,"Primary family received an observation-level review because the filing title is truncated, organization-specific, or multi-function."
F990TAX-1d1608a77eae1a,DIRECTOR PRESIDENT,"DIRECTOR,PRESIDENT",non_ceo_position,general_leadership,,executive_leadership,executive,functional,current,title_keywords:general_leadership,medium,,not_a_supported_standardized_title,,none,,,,,rule_assigned,yes,none,1,0,1,American Security Project,
F990TAX-1deb4b60e84268,DIRECTOR OF STUDIES,DIRECTOR OF STUDIES,non_ceo_position,research,,director,senior_leader,functional,current,reviewed_record_override:reviewed_director_of_studies_function,high,,not_a_supported_standardized_title,,none,,,,,reviewed_observation_override,yes,all,1,1,1,Quincy Institute for Responsible Statecraft,"Primary family received an observation-level review because the filing title is truncated, organization-specific, or multi-function."
F990TAX-1dec93c3c0f054,VP FOR POLICY AND OUTREACH,VP FOR POLICY AND OUTREACH,non_ceo_position,policy,,vice_president,senior_leader,functional,current,title_keywords:policy,high,vice_president,vice_president_alias,expanded,none,,,,,rule_assigned,yes,all,1,1,1,Center for Climate and Energy Solutions,
F990TAX-1e315464ac4099,AVP INTERNATIONAL PROGRAMS UNTIL 7/2024,AVP International Programs (Until 7/2024),non_ceo_position,programs,,functional_individual_contributor,individual_contributor,functional,former_or_partial,title_keywords:programs,high,,not_a_supported_standardized_title,,none,,,,,rule_assigned,yes,none,1,1,1,Population Reference Bureau,
F990TAX-1e53ccd8b9addb,DIRECTOR OF PEOPLE AND CULTURE,DIRECTOR OF PEOPLE & CULTURE,non_ceo_position,people,,director,senior_leader,functional,current,title_keywords:people,high,,not_a_supported_standardized_title,,none,,,,,rule_assigned,yes,all,1,1,1,Grantmakers for Effective Organizations,
F990TAX-1e588ab1de8f00,SENIOR DIRECTOR OF STRATEGIC COMMUNICATIONS,Senior Director of Strategic Communications,non_ceo_position,communications,strategy,director,senior_leader,functional,current,title_keywords:communications,medium,communications_director,explicit_communications_director_alias,expanded,none,,,,,rule_assigned_multi_role,yes,all,1,1,1,Population Reference Bureau,
F990TAX-1ef6fc4b9aeed1,SENIOR REPORTER,SENIOR REPORTER,non_ceo_position,communications,,senior_individual_contributor,individual_contributor,functional,current,title_keywords:communications,high,,not_a_supported_standardized_title,,none,,,,,rule_assigned,yes,all,1,1,1,Center for Public Integrity,
F990TAX-1fc7bf280df566,AILA DESIGNATED DIRECTOR,AILA DESIGNATED DIRECTOR,non_ceo_position,general_leadership,,director,senior_leader,functional,current,title_keywords:general_leadership,medium,,not_a_supported_standardized_title,,none,,,,,rule_assigned,yes,none,2,0,1,American Immigration Council,
F990TAX-202bd42c961594,VICE CHAIR AND SECRETARY,Vice Chair & Secretary,governance,,,board_governance,governance,governance,current,part_vii_board_flag_and_board_title,high,,not_a_supported_standardized_title,,none,,,,,rule_assigned,no,none,1,0,1,Alliance for Health Policy,
F990TAX-203f631a1c64fb,BROADBAND POLICY DIRECTOR,BROADBAND POLICY DIRECTOR,non_ceo_position,policy,,director,senior_leader,functional,current,title_keywords:policy,high,policy_director,explicit_policy_director_alias,expanded,none,,,,,rule_assigned,yes,all,1,1,1,Public Knowledge,
F990TAX-2082c633832eb2,DIR OF COMMUNICATIONS,DIR. OF COMMUNICATIONS,non_ceo_position,communications,,director,senior_leader,functional,current,title_keywords:communications,high,communications_director,explicit_communications_director_alias,expanded,none,,,,,rule_assigned,yes,all,1,1,1,ORCID,
F990TAX-20c736669f173b,PROJECT MANAGER,Project Manager,non_ceo_position,programs,,manager,manager,functional,current,title_keywords:programs,high,,not_a_supported_standardized_title,,none,,,,,rule_assigned,yes,all,1,1,1,Center for AI Safety,
F990TAX-214a2fcd3d752f,BOARD MEMBER/AUDIT CHAIR,BOARD MEMBER/AUDIT CHAIR,non_ceo_position,finance,,functional_individual_contributor,individual_contributor,functional,current,title_keywords:finance,high,,not_a_supported_standardized_title,,none,,,,,rule_assigned,yes,none,1,0,1,Institute for Market Transformation,
F990TAX-21550955966a4b,CHAIR EMERITAS,CHAIR EMERITAS,unmapped_position,,,unclassified,unknown,uncertain,current,no_reviewed_family_match,low,,not_a_supported_standardized_title,,none,,,,,manual_review_required,no,none,1,0,1,Pure Earth,Retained for manual classification; not exposed in the public Position catalog.
F990TAX-215e983613cc28,CHIEF PEOPLE EQUITY OFFICER,CHIEF PEOPLE EQUITY OFFICER,non_ceo_position,people,,chief_officer,executive,functional,current,title_keywords:people,high,chief_people_officer,people_chief_alias,expanded,none,,,,,rule_assigned,yes,all,1,1,1,Roosevelt Institute,
F990TAX-21933c0e5d21e6,DIR NAT L CTR ON IMM INT POL,DIR. NAT'L CTR ON IMM. INT. POL.,non_ceo_position,policy,programs,director,senior_leader,functional,current,reviewed_record_override:reviewed_immigration_policy_center_function,high,,not_a_supported_standardized_title,,none,,,,,reviewed_observation_override,yes,all,1,1,1,Migration Policy Institute,"Primary family received an observation-level review because the filing title is truncated, organization-specific, or multi-function."
F990TAX-220d9dafdf88bb,DIRECTOR AND SPECIAL ADVISOR,DIRECTOR AND SPECIAL ADVISOR,non_ceo_position,programs,,director,senior_leader,functional,current,reviewed_record_override:reviewed_program_director_function,high,,not_a_supported_standardized_title,,none,,,,,reviewed_observation_override,yes,all,1,1,1,Vera Institute of Justice,"Primary family received an observation-level review because the filing title is truncated, organization-specific, or multi-function."
F990TAX-223dd440e9f85d,VP PROGRAMS,"VP, PROGRAMS | VP, Programs",non_ceo_position,programs,,vice_president,senior_leader,functional,current,title_keywords:programs,high,vice_president,vice_president_alias,expanded,none,,,,,rule_assigned,yes,all,3,3,3,Brennan Center for Justice | Charity Navigator | VillageReach,
F990TAX-22529b2945a37a,SR DIRECTOR COMMUNITY ENG,SR. DIRECTOR COMMUNITY ENG,non_ceo_position,communications,programs,director,senior_leader,functional,current,reviewed_record_override:reviewed_community_engagement_not_engineering,high,communications_director,explicit_communications_director_alias,expanded,none,,,,,reviewed_observation_override,yes,all,1,1,1,Global Health Corps,"Primary family received an observation-level review because the filing title is truncated, organization-specific, or multi-function."
F990TAX-22a77dd5392c0c,DIRECTOR OF C AND P ADMINISTRATIVE,DIRECTOR OF C&P ADMINISTRATIVE,non_ceo_position,operations,,director,senior_leader,functional,current,title_keywords:operations,high,,not_a_supported_standardized_title,,none,,,,,rule_assigned,yes,all,1,1,1,Guttmacher Institute,
F990TAX-23215b21cbbb2d,GOVERNANCE CHAIR,GOVERNANCE CHAIR,unmapped_position,,,unclassified,unknown,uncertain,current,no_reviewed_family_match,low,,not_a_supported_standardized_title,,none,,,,,manual_review_required,no,none,1,0,1,Grantmakers for Effective Organizations,Retained for manual classification; not exposed in the public Position catalog.
F990TAX-23c6b1a082f2ea,VP OF MONITORING AND EVALUATION,VP OF MONITORING & EVALUATION,non_ceo_position,research,,vice_president,senior_leader,functional,current,title_keywords:research,high,vice_president,vice_president_alias,expanded,none,,,,,rule_assigned,yes,all,1,1,1,Village Enterprise,
F990TAX-24849cbe6ddf08,DIRECTOR RESOURCE MOBILIZATION,"DIRECTOR, RESOURCE MOBILIZATION",non_ceo_position,development,,director,senior_leader,functional,current,title_keywords:development,high,development_director,explicit_development_director_alias,expanded,none,,,,,rule_assigned,yes,all,1,1,1,National Committee for Responsive Philanthropy,
F990TAX-25ab0bbdc3acb1,WASHINGTON DIR,Washington Dir.,non_ceo_position,policy,,director,senior_leader,functional,current,reviewed_record_override:reviewed_washington_policy_function,high,,not_a_supported_standardized_title,,none,,,,,reviewed_observation_override,yes,all,1,1,1,Breakthrough Institute,"Primary family received an observation-level review because the filing title is truncated, organization-specific, or multi-function."
F990TAX-264ea073396baa,EXECUTIVE DI,EXECUTIVE DI,generic_ceo_like,,,chief_executive,executive,uncertain,current,ceo_like_title_not_authoritative_ceo,medium,,not_a_supported_standardized_title,,none,,,,,manual_review_required,no,none,1,1,1,WattTime,CEO rows remain governed by validated_form990_compensation.csv and are not a generic position family.
F990TAX-266fc1aaad8858,CEO/BOARD SECRETARY,CEO/BOARD SECRETARY,canonical_ceo,,,chief_executive,executive,organization_wide,current,validated_ceo_name_override,high,,not_a_supported_standardized_title,,none,,,,,rule_assigned,no,none,1,1,1,Institute for Energy Economics and Financial Analysis,CEO rows remain governed by validated_form990_compensation.csv and are not a generic position family.
F990TAX-267ebd0ba80f6a,DIRECTOR OF PREE,DIRECTOR OF PREE,non_ceo_position,research,,director,senior_leader,functional,current,reviewed_record_override:reviewed_pree_research_program_function,high,,not_a_supported_standardized_title,,none,,,,,reviewed_observation_override,yes,all,1,1,1,Economic Policy Institute,"Primary family received an observation-level review because the filing title is truncated, organization-specific, or multi-function."
F990TAX-269863c7919081,DIRECTOR ORGANIZATIONAL LEARNING AND COMMUNICATIONS,"DIRECTOR, ORGANIZATIONAL LEARNING & COMMUNICATIONS",non_ceo_position,programs,communications,director,senior_leader,functional,current,reviewed_record_override:reviewed_organizational_learning_and_communications_function,high,,not_a_supported_standardized_title,,none,,,,,reviewed_observation_override,yes,all,1,1,1,Center for Effective Philanthropy,"Primary family received an observation-level review because the filing title is truncated, organization-specific, or multi-function."
F990TAX-26a3f779818fe6,DIRECTOR OF GRAND STRATEGY PROGRAM,DIRECTOR OF GRAND STRATEGY PROGRAM,non_ceo_position,programs,strategy,director,senior_leader,functional,current,reviewed_record_override:reviewed_grand_strategy_program_primary_function,high,program_director,explicit_program_director_alias,expanded,none,,,,,reviewed_observation_override,yes,all,1,1,1,Quincy Institute for Responsible Statecraft,"Primary family received an observation-level review because the filing title is truncated, organization-specific, or multi-function."
F990TAX-26c39ba5ae5d3c,CHIEF MARKETING OFFICERS,CHIEF MARKETING OFFICERS,non_ceo_position,communications,,chief_officer,executive,functional,current,title_keywords:communications,high,chief_communications_officer,communications_chief_alias,expanded,none,,,,,rule_assigned,yes,all,1,1,1,American Immigration Council,
F990TAX-278f57bc91211d,DIRECTOR OF HUMAN RESOURCES,DIRECTOR OF HUMAN RESOURCES,non_ceo_position,people,,director,senior_leader,functional,current,title_keywords:people,high,,not_a_supported_standardized_title,,none,,,,,rule_assigned,yes,all,1,1,1,Center for Law and Social Policy,
F990TAX-27d79317a481bc,SECRETARY / GENERAL COUNSEL,SECRETARY / GENERAL COUNSEL,non_ceo_position,legal,,functional_individual_contributor,individual_contributor,functional,current,title_keywords:legal,high,general_counsel,general_counsel_or_clo_alias,exact,none,,,,,rule_assigned,yes,all,1,1,1,Brennan Center for Justice,
F990TAX-27dadf3d4f9e69,MEDICAL EDITOR ED,"Medical editor, ed",non_ceo_position,communications,,functional_individual_contributor,individual_contributor,functional,current,title_keywords:communications,high,,not_a_supported_standardized_title,,none,,,,,rule_assigned,yes,all,1,1,1,Physicians Committee for Responsible Medicine,
F990TAX-28035aade3fb80,CHIEF PROGRAMS OFFICER,CHIEF PROGRAMS OFFICER,non_ceo_position,programs,,chief_officer,executive,functional,current,title_keywords:programs,high,chief_program_officer,program_chief_alias,expanded,none,,,,,rule_assigned,yes,all,1,1,1,Animal Legal Defense Fund,
F990TAX-288c4930899ede,SENIOR DIRECTOR,SENIOR DIRECTOR,non_ceo_position,general_leadership,,director,senior_leader,functional,current,title_keywords:general_leadership,medium,,not_a_supported_standardized_title,,none,,,,,rule_assigned,yes,all,2,2,1,Institute for Market Transformation,
F990TAX-28b5f7cf81d062,ASSOCIATE GENERAL COUNSEL,ASSOCIATE GENERAL COUNSEL,non_ceo_position,legal,,functional_individual_contributor,individual_contributor,functional,current,title_keywords:legal,high,,not_a_supported_standardized_title,,none,,,,,rule_assigned,yes,all,1,1,1,Open Technology Fund,
F990TAX-2943df0e938f8d,PRESIDENT AND CEO EX OFFICIO,"PRESIDENT & CEO, EX OFFICIO",canonical_ceo,,,chief_executive,executive,organization_wide,current,validated_ceo_name_override,high,,not_a_supported_standardized_title,,none,,,,,rule_assigned,no,none,1,1,1,Roosevelt Institute,CEO rows remain governed by validated_form990_compensation.csv and are not a generic position family.
F990TAX-296262cac098d7,MANAGING DIRECTOR ADVOCACY,"Managing Director, Advocacy",non_ceo_position,policy,,managing_or_deputy_director,senior_leader,functional,current,title_keywords:policy,high,managing_director,managing_director_alias,expanded,none,,,,,rule_assigned,yes,all,1,1,1,Electronic Frontier Foundation,
F990TAX-29c0f8da51dfeb,SR VP HUMAN RES,Sr VP Human Res,non_ceo_position,people,,vice_president,senior_leader,functional,current,title_keywords:people,high,senior_vice_president,senior_vice_president_alias,expanded,none,,,,,rule_assigned,yes,all,1,1,1,Physicians Committee for Responsible Medicine,
F990TAX-29c949043ff811,VICE PRESIDENT JUN 24 - PRESENT,Vice President (JUN 24 - PRESENT),non_ceo_position,general_leadership,,executive_leadership,executive,functional,former_or_partial,title_keywords:general_leadership,medium,vice_president,vice_president_alias,expanded,none,,,,,rule_assigned,yes,none,1,1,1,Data Quality Campaign,
F990TAX-2a0b75b4f2ec75,CHIEF FINANCIAL OFFICER/TREASURER,CHIEF FINANCIAL OFFICER/TREASURER,non_ceo_position,finance,,chief_officer,executive,functional,current,title_keywords:finance,high,cfo,standard_cfo_alias,exact,none,,,,,rule_assigned,yes,all,1,1,1,VillageReach,
F990TAX-2a197d98d2490c,DIRECTOR - VICE CHAIR,DIRECTOR - VICE CHAIR,non_ceo_position,general_leadership,,director,senior_leader,functional,current,title_keywords:general_leadership,medium,,not_a_supported_standardized_title,,none,,,,,rule_assigned,yes,none,1,0,1,New America,
F990TAX-2a301a337e7334,CHAIR OF THE BOARD,CHAIR OF THE BOARD,unmapped_position,,,unclassified,unknown,uncertain,current,no_reviewed_family_match,low,,not_a_supported_standardized_title,,none,,,,,manual_review_required,no,none,3,0,3,DataKind | Economic Innovation Group | Peterson Institute for International Economics,Retained for manual classification; not exposed in the public Position catalog.
F990TAX-2ac25252091021,FRACTIONAL SVP FOR TECHNOLOGY TRUST SAFETY AND,"FRACTIONAL SVP FOR TECHNOLOGY TRUST, SAFETY, AND",non_ceo_position,technology,,functional_individual_contributor,individual_contributor,functional,fractional,title_keywords:technology,high,senior_vice_president,senior_vice_president_alias,expanded,none,,,,,rule_assigned,yes,all,1,1,1,Institute for Security and Technology,
F990TAX-2ae220a875f6ec,DIRECTOR OF SOCIAL POLICY,DIRECTOR OF SOCIAL POLICY,non_ceo_position,policy,,director,senior_leader,functional,current,title_keywords:policy,high,policy_director,explicit_policy_director_alias,expanded,none,,,,,rule_assigned,yes,all,1,1,1,Niskanen Center,
F990TAX-2b9ba864a01bef,DIRECTOR OF GLOBAL SOUTH PROGRAM,DIRECTOR OF GLOBAL SOUTH PROGRAM,non_ceo_position,programs,,director,senior_leader,functional,current,title_keywords:programs,high,program_director,explicit_program_director_alias,expanded,none,,,,,rule_assigned,yes,all,1,1,1,Quincy Institute for Responsible Statecraft,
F990TAX-2c089ac3ecdc24,DIRECTOR BEHAVIORAL HEALTH AND CHILD WELFARE,"DIRECTOR, BEHAVIORAL HEALTH AND CHILD WELFARE",non_ceo_position,programs,,director,senior_leader,functional,current,reviewed_record_override:reviewed_health_and_child_welfare_program_function,high,,not_a_supported_standardized_title,,none,,,,,reviewed_observation_override,yes,all,1,1,1,Center for Health Care Strategies,"Primary family received an observation-level review because the filing title is truncated, organization-specific, or multi-function."
F990TAX-2c66aae72c5b3c,CHAIR UNTIL 07/24,CHAIR (UNTIL 07/24),unmapped_position,,,unclassified,unknown,uncertain,former_or_partial,no_reviewed_family_match,low,,not_a_supported_standardized_title,,none,,,,,manual_review_required,no,none,1,0,1,American Immigration Council,Retained for manual classification; not exposed in the public Position catalog.
F990TAX-2d0c47d76b4d74,SECRETARY UNTIL 11/13/2025,SECRETARY (UNTIL 11/13/2025),unmapped_position,,,unclassified,unknown,uncertain,former_or_partial,no_reviewed_family_match,low,,not_a_supported_standardized_title,,none,,,,,manual_review_required,no,none,1,0,1,Exponent Philanthropy,Retained for manual classification; not exposed in the public Position catalog.
F990TAX-2d8848cc3cce83,VP FEDERAL PRACTICE LEAD,"VP, FEDERAL PRACTICE LEAD",non_ceo_position,programs,policy,vice_president,senior_leader,functional,current,reviewed_record_override:reviewed_federal_practice_function,high,vice_president,vice_president_alias,expanded,none,,,,,reviewed_observation_override,yes,all,1,1,1,Results for America,"Primary family received an observation-level review because the filing title is truncated, organization-specific, or multi-function."
F990TAX-2d8d0e4dc74b81,SECRETARY/GENERAL COUNSEL,SECRETARY/GENERAL COUNSEL,non_ceo_position,legal,,functional_individual_contributor,individual_contributor,functional,current,title_keywords:legal,high,general_counsel,general_counsel_or_clo_alias,exact,none,,,,,rule_assigned,yes,all,1,1,1,Open Technology Fund,
F990TAX-2d9bcc96de1801,TECHNICAL STAFF THRU 7/24,TECHNICAL STAFF (THRU 7/24),non_ceo_position,technology,,functional_individual_contributor,individual_contributor,functional,former_or_partial,title_keywords:technology,high,,not_a_supported_standardized_title,,none,,,,,rule_assigned,yes,none,1,1,1,Redwood Research,
F990TAX-2df77bbd96036a,SEC /TREASURY,Sec./Treasury,non_ceo_position,finance,,functional_individual_contributor,individual_contributor,functional,current,title_keywords:finance,high,,not_a_supported_standardized_title,,none,,,,,rule_assigned,yes,none,1,0,1,Breakthrough Institute,
F990TAX-2ef6da310287e5,USA RET DIRECTOR,"USA (RET), DIRECTOR",non_ceo_position,general_leadership,,director,senior_leader,functional,current,title_keywords:general_leadership,medium,,not_a_supported_standardized_title,,none,,,,,rule_assigned,yes,none,1,0,1,Council on Strategic Risks,
F990TAX-2f02beeb9e6f67,EXECUTIVE VP AFRICA REGION,"EXECUTIVE VP, AFRICA REGION",non_ceo_position,programs,,vice_president,senior_leader,functional,current,reviewed_record_override:reviewed_regional_program_function,high,vice_president,vice_president_alias,expanded,none,,,,,reviewed_observation_override,yes,all,1,1,1,Evidence Action,"Primary family received an observation-level review because the filing title is truncated, organization-specific, or multi-function."
F990TAX-2f27f4c380d795,SENIOR DIR CENTER ON EDU AND LABOR,"SENIOR DIR., CENTER ON EDU. & LABOR",non_ceo_position,research,programs,director,senior_leader,functional,current,reviewed_record_override:reviewed_education_and_labor_center_function,high,,not_a_supported_standardized_title,,none,,,,,reviewed_observation_override,yes,all,1,1,1,New America,"Primary family received an observation-level review because the filing title is truncated, organization-specific, or multi-function."
F990TAX-2f75a18a5b0dad,PRESIDENT/TREASURER,PRESIDENT/TREASURER,non_ceo_position,finance,,executive_leadership,executive,functional,current,title_keywords:finance,high,,not_a_supported_standardized_title,,none,,,,,rule_assigned,yes,none,1,0,1,ideas42,
F990TAX-2fd8801bafe3bd,DIRECTOR,DIRECTOR | Director,non_ceo_position,general_leadership,,director,senior_leader,functional,current,title_keywords:general_leadership,medium,,not_a_supported_standardized_title,,none,,,,,rule_assigned,yes,all,14,14,7,Animal Equality | Center for AI Safety | Data Quality Campaign | Information Technology and Innovation Foundation | Institute for Market Transformation | New Roots Institute | Technical Assistance Collaborative,
F990TAX-2ff149186c02b4,EXECUTIVE DIRECTOR USA,EXECUTIVE DIRECTOR USA,generic_ceo_like,,,chief_executive,executive,program_or_affiliate,current,ceo_like_title_not_authoritative_ceo,medium,,not_a_supported_standardized_title,,none,,,,,manual_review_required,no,none,1,1,1,Living Goods,CEO rows remain governed by validated_form990_compensation.csv and are not a generic position family.
F990TAX-30050b62a08b5f,CEO AND CO-CHAIR BOARD OF DIRECTORS,"CEO and Co-Chair, Board of Directors",canonical_ceo,,,chief_executive,executive,organization_wide,current,validated_ceo_name_override,high,,not_a_supported_standardized_title,,none,,,,,rule_assigned,no,none,1,1,1,Nuclear Threat Initiative,CEO rows remain governed by validated_form990_compensation.csv and are not a generic position family.
F990TAX-306718547504dc,DIR CRIMINAL JUSTICE,DIR CRIMINAL JUSTICE,non_ceo_position,policy,,director,senior_leader,functional,current,reviewed_record_override:reviewed_criminal_justice_function,high,,not_a_supported_standardized_title,,none,,,,,reviewed_observation_override,yes,all,1,1,1,Niskanen Center,"Primary family received an observation-level review because the filing title is truncated, organization-specific, or multi-function."
F990TAX-30abbd72b454f1,PRODUCT OWNER,PRODUCT OWNER,non_ceo_position,technology,,functional_individual_contributor,individual_contributor,functional,current,title_keywords:technology,high,,not_a_supported_standardized_title,,none,,,,,rule_assigned,yes,all,1,1,1,DataKind,
F990TAX-3133b03ce060c0,CFOO,CFOO,non_ceo_position,operations,finance,chief_officer,executive,functional,current,title_keywords:operations,medium,,hybrid_title_excluded_from_strict_position_benchmark,ambiguous,multi_role,combined or ambiguous finance-and-operations chief,,,,rule_assigned_multi_role,yes,all,1,1,1,Last Mile Health,
F990TAX-314b507e7bcf32,SENIOR PHILANTHROPY OFFICER,SENIOR PHILANTHROPY OFFICER,non_ceo_position,development,,senior_individual_contributor,individual_contributor,functional,current,title_keywords:development,high,,not_a_supported_standardized_title,,none,,,,,rule_assigned,yes,all,1,1,1,Mercy For Animals,
F990TAX-31c47b8a1127f2,HEAD OF AI AND MEDIA INTEGRITY,HEAD OF AI AND MEDIA INTEGRITY,non_ceo_position,programs,policy;research,head_or_lead,senior_leader,functional,current,reviewed_record_override:reviewed_ai_media_integrity_program_function,high,,not_a_supported_standardized_title,,none,,SRC-POSITION-PAI-CLAIRE-LEIBOWICZ,https://partnershiponai.org/industry-leaders-launch-framework-for-responsible-use-of-ai-generated-media/,benchmark/sources/native/supporting/position_classification/pai-claire-leibowicz-framework.html,reviewed_observation_override,yes,all,1,1,1,Partnership on AI,"Primary family received an observation-level review because the filing title is truncated, organization-specific, or multi-function. | Shows Leibowicz leading PAI's AI and Media Integrity framework and multistakeholder program work. Source: benchmark/sources/native/supporting/position_classification/pai-claire-leibowicz-framework.html (https://partnershiponai.org/industry-leaders-launch-framework-for-responsible-use-of-ai-generated-media/)"
F990TAX-329ac3f532166e,SR MANAGER ASSESSMENT AND ADVISORY SERVICES,"SR. MANAGER, ASSESSMENT & ADVISORY SERVICES",non_ceo_position,research,programs,manager,manager,functional,current,reviewed_record_override:reviewed_assessment_and_advisory_function,high,,not_a_supported_standardized_title,,none,,,,,reviewed_observation_override,yes,all,1,1,1,Center for Effective Philanthropy,"Primary family received an observation-level review because the filing title is truncated, organization-specific, or multi-function."
F990TAX-32b4339d511f6a,SR VP OF POLICY AND ADVOCACY,SR. VP OF POLICY & ADVOCACY,non_ceo_position,policy,,vice_president,senior_leader,functional,current,title_keywords:policy,high,senior_vice_president,senior_vice_president_alias,expanded,none,,,,,rule_assigned,yes,all,1,1,1,Research!America,
F990TAX-32ba9e645975e6,DIRECTOR THROUGH NOVEMBER 2023,DIRECTOR THROUGH NOVEMBER 2023,non_ceo_position,general_leadership,,director,senior_leader,functional,former_or_partial,title_keywords:general_leadership,medium,,not_a_supported_standardized_title,,none,,,,,rule_assigned,yes,none,1,0,1,Center for Public Integrity,
F990TAX-32e709b7ad3bb5,CHAIR OF NOM COMMITTEE,CHAIR OF NOM COMMITTEE,unmapped_position,,,unclassified,unknown,uncertain,current,no_reviewed_family_match,low,,not_a_supported_standardized_title,,none,,,,,manual_review_required,no,none,1,0,1,Village Enterprise,Retained for manual classification; not exposed in the public Position catalog.
F990TAX-32ee38c2d95069,VP AND DEPUTY CHIEF OF STAFF,VP AND DEPUTY CHIEF OF STAFF,non_ceo_position,chief_of_staff,,chief_officer,executive,functional,current,title_keywords:chief_of_staff,high,deputy_chief_of_staff,explicit_deputy_chief_of_staff,exact,none,,,,,rule_assigned,yes,all,1,1,1,Committee for a Responsible Federal Budget,
F990TAX-32fc3f4a2cd537,CO-CHAIR BOARD OF DIRECTORS,"Co-Chair, Board of Directors",unmapped_position,,,unclassified,unknown,uncertain,current,no_reviewed_family_match,low,,not_a_supported_standardized_title,,none,,,,,manual_review_required,no,none,1,0,1,Nuclear Threat Initiative,Retained for manual classification; not exposed in the public Position catalog.
F990TAX-32ff7490bbf2f3,DIRECTOR ASSESSMENT AND ADVISORY SERVICES,"DIRECTOR, ASSESSMENT & ADVISORY SERVICES",non_ceo_position,research,programs,director,senior_leader,functional,current,reviewed_record_override:reviewed_assessment_and_advisory_function,high,,not_a_supported_standardized_title,,none,,,,,reviewed_observation_override,yes,all,1,1,1,Center for Effective Philanthropy,"Primary family received an observation-level review because the filing title is truncated, organization-specific, or multi-function."
F990TAX-33101d2f2253df,CHIEF TECHNICAL OFFICER,CHIEF TECHNICAL OFFICER,non_ceo_position,technology,,chief_officer,executive,functional,current,title_keywords:technology,high,cto,standard_cto_alias,exact,none,,,,,rule_assigned,yes,all,1,1,1,Last Mile Health,
F990TAX-339d6e2f8b0ee6,DIRECTOR BUSINESS DEVELOPMENT,Director Business Development,non_ceo_position,development,,director,senior_leader,functional,current,title_keywords:development,high,development_director,explicit_development_director_alias,expanded,none,,,,,rule_assigned,yes,all,1,1,1,Living Goods,
F990TAX-3429589fdd88a5,CHIEF PROGRAMS OFF THRU 7/10/24,CHIEF PROGRAMS OFF (THRU 7/10/24),non_ceo_position,programs,,chief_officer,executive,functional,former_or_partial,title_keywords:programs,high,,not_a_supported_standardized_title,,none,,,,,rule_assigned,yes,none,1,1,1,Animal Legal Defense Fund,
F990TAX-348765ac6ed163,SENIOR RESEARCHER,Senior Researcher,non_ceo_position,research,,senior_individual_contributor,individual_contributor,functional,current,title_keywords:research,high,senior_researcher,senior_research_title,expanded,none,,,,,rule_assigned,yes,all,1,1,1,Center for Responsible Lending,
F990TAX-34fb34dcb69778,ASSOCIATE DIRECTOR EPOCH,Associate Director (Epoch),non_ceo_position,general_leadership,,director,senior_leader,program_or_affiliate,current,title_keywords:general_leadership+rp_named_project_scope,medium,,not_a_supported_standardized_title,,none,,,,,rule_assigned,yes,none,1,1,1,Rethink Priorities,
F990TAX-350decd3dd1f53,DIRECTOR UNTIL JANUARY,DIRECTOR UNTIL JANUARY,non_ceo_position,general_leadership,,director,senior_leader,functional,former_or_partial,title_keywords:general_leadership,medium,,not_a_supported_standardized_title,,none,,,,,rule_assigned,yes,none,1,0,1,Committee for a Responsible Federal Budget,
F990TAX-352544bdfb94a6,CHAIRMAN BEG 10/2024,CHAIRMAN (BEG 10/2024),unmapped_position,,,unclassified,unknown,uncertain,former_or_partial,no_reviewed_family_match,low,,not_a_supported_standardized_title,,none,,,,,manual_review_required,no,none,1,0,1,Independent Sector,Retained for manual classification; not exposed in the public Position catalog.
F990TAX-35752a46c36082,BOARD MEMBER FROM 12/24,BOARD MEMBER (FROM 12/24),unmapped_position,,,unclassified,unknown,uncertain,former_or_partial,no_reviewed_family_match,low,,not_a_supported_standardized_title,,none,,,,,manual_review_required,no,none,1,0,1,DataKind,Retained for manual classification; not exposed in the public Position catalog.
F990TAX-35a99034285234,COO,COO,non_ceo_position,operations,,chief_officer,executive,functional,former_or_partial,title_keywords:operations,high,coo,standard_coo_alias,standard_abbreviation,none,,,,,rule_assigned,yes,none,2,2,1,Rethink Priorities,
F990TAX-35aab11130ad65,MEMBERSHIP DIRECTOR,MEMBERSHIP DIRECTOR,non_ceo_position,development,,director,senior_leader,functional,current,reviewed_record_override:reviewed_membership_revenue_function,high,development_director,explicit_development_director_alias,expanded,none,,,,,reviewed_observation_override,yes,all,1,1,1,PEAK Grantmaking,"Primary family received an observation-level review because the filing title is truncated, organization-specific, or multi-function."
F990TAX-35ad535b845ebe,SR DIR RESEARCH AND ANIMAL WELFARE,SR DIR RESEARCH & ANIMAL WELFARE,non_ceo_position,research,,director,senior_leader,functional,current,title_keywords:research,high,research_director,explicit_research_director_alias,expanded,none,,,,,rule_assigned,yes,all,1,1,1,Farm Sanctuary,
F990TAX-35c37705f28bfa,BOARD MEMBER TO 11/2024,Board Member to 11/2024,unmapped_position,,,unclassified,unknown,uncertain,former_or_partial,no_reviewed_family_match,low,,not_a_supported_standardized_title,,none,,,,,manual_review_required,no,none,1,0,1,NumFOCUS,Retained for manual classification; not exposed in the public Position catalog.
F990TAX-363ad3c1be0938,CHAIR BOD,"CHAIR, BOD",unmapped_position,,,unclassified,unknown,uncertain,current,no_reviewed_family_match,low,,not_a_supported_standardized_title,,none,,,,,manual_review_required,no,none,1,0,1,Partnership on AI,Retained for manual classification; not exposed in the public Position catalog.
F990TAX-367900a48b4213,BOD AT LARGE BEG 10/2024,"BOD, AT LARGE (BEG 10/2024)",unmapped_position,,,unclassified,unknown,uncertain,former_or_partial,no_reviewed_family_match,low,,not_a_supported_standardized_title,,none,,,,,manual_review_required,no,none,1,0,1,Independent Sector,Retained for manual classification; not exposed in the public Position catalog.
F990TAX-36930597ed753a,TECH LEAD FOREIGN EMPLOYEE,TECH LEAD (FOREIGN EMPLOYEE),non_ceo_position,technology,,head_or_lead,senior_leader,functional,current,reviewed_record_override:reviewed_technology_lead_function,high,,not_a_supported_standardized_title,,none,,,,,reviewed_observation_override,yes,all,1,1,1,ORCID,"Primary family received an observation-level review because the filing title is truncated, organization-specific, or multi-function."
F990TAX-36d302e1100313,CHIEF DEVELOPMENT OFFICER,CHIEF DEVELOPMENT OFFICER | Chief Development Officer,non_ceo_position,development,,chief_officer,executive,functional,current,title_keywords:development,high,chief_development_officer,development_chief_alias,expanded,none,,,,,rule_assigned,yes,all,5,5,5,American Immigration Council | Electronic Frontier Foundation | Information Technology and Innovation Foundation | Institute for Nonprofit News | Roosevelt Institute,
F990TAX-36e60f5a5fb6b9,CHAIR THRU 06/1/22,CHAIR (THRU 06/1/22),unmapped_position,,,unclassified,unknown,uncertain,former_or_partial,no_reviewed_family_match,low,,not_a_supported_standardized_title,,none,,,,,manual_review_required,no,none,1,0,1,Guttmacher Institute,Retained for manual classification; not exposed in the public Position catalog.
F990TAX-377c1ee0a70351,CSOPP,CSOPP,unmapped_position,,,unclassified,unknown,uncertain,current,no_reviewed_family_match,low,,not_a_supported_standardized_title,,none,,,,,manual_review_required,no,none,1,1,1,Partnership on AI,Retained for manual classification; not exposed in the public Position catalog.
F990TAX-386bbfb675620b,BOARD TREASURER,BOARD TREASURER,governance,,,board_governance,governance,governance,current,reviewed_related_org_paid_board_treasurer_governance,high,,not_a_supported_standardized_title,,none,,,,,reviewed_observation_override,no,none,1,1,1,Third Way Institute,
F990TAX-3883e0502ad219,DIRECTOR THRU 12/31/24,DIRECTOR (THRU 12/31/24),non_ceo_position,general_leadership,,director,senior_leader,functional,former_or_partial,title_keywords:general_leadership,medium,,not_a_supported_standardized_title,,none,,,,,rule_assigned,yes,none,1,0,1,Animal Legal Defense Fund,
F990TAX-3887b05c12c996,VP PROGRAMMING AND EXTERNAL RELATIONS,"VP, PROGRAMMING & EXTERNAL RELATIONS",non_ceo_position,programs,,vice_president,senior_leader,functional,current,title_keywords:programs,high,vice_president,vice_president_alias,expanded,none,,,,,rule_assigned,yes,all,1,1,1,Center for Effective Philanthropy,
F990TAX-38b6ed9a5a56a0,SENIOR PROGRAM DIRECTOR,SENIOR PROGRAM DIRECTOR,non_ceo_position,programs,,director,senior_leader,functional,current,title_keywords:programs,high,program_director,explicit_program_director_alias,expanded,none,,,,,rule_assigned,yes,all,7,7,2,National Academy for State Health Policy | Results for Development,
F990TAX-39061a41f9424a,DIRECTOR -SERVED FROM 1/24-4/24,DIRECTOR -SERVED FROM 1/24-4/24,non_ceo_position,general_leadership,,director,senior_leader,functional,former_or_partial,title_keywords:general_leadership,medium,,not_a_supported_standardized_title,,none,,,,,rule_assigned,yes,none,1,0,1,The Sentencing Project,
F990TAX-3918dee32bd29f,CFO / TREASU,CFO / TREASU,non_ceo_position,finance,,chief_officer,executive,functional,current,title_keywords:finance,high,cfo,standard_cfo_alias,standard_abbreviation,none,,,,,rule_assigned,yes,all,1,1,1,WattTime,
F990TAX-39245662897531,SECRETARY TREASURER,"SECRETARY, TREASURER",non_ceo_position,finance,,functional_individual_contributor,individual_contributor,functional,current,title_keywords:finance,high,,not_a_supported_standardized_title,,none,,,,,rule_assigned,yes,none,1,0,1,Redwood Research,
F990TAX-392a1e589b6396,SENIOR SCIENTIST,SENIOR SCIENTIST,non_ceo_position,research,,senior_individual_contributor,individual_contributor,functional,current,title_keywords:research,high,senior_researcher,senior_research_title,expanded,none,,,,,rule_assigned,yes,all,1,1,1,Animal Welfare Institute,
F990TAX-39a369b1c34667,SENIOR VICE PRESIDENT OF OPERATIONS,SENIOR VICE PRESIDENT OF OPERATIONS,non_ceo_position,operations,,executive_leadership,executive,functional,current,title_keywords:operations,high,senior_vice_president,senior_vice_president_alias,expanded,none,,,,,rule_assigned,yes,all,1,1,1,Future of Privacy Forum,
F990TAX-39de0d78caec9a,CPO UNTIL 12/2024 COO FROM 1/25,"CPO (UNTIL 12/2024), COO (FROM 1/25)",non_ceo_position,operations,,chief_officer,executive,functional,former_or_partial,title_keywords:operations,high,coo,standard_coo_alias,standard_abbreviation,none,,,,,rule_assigned,yes,none,1,1,1,Village Enterprise,
F990TAX-3b0a3be997226d,COMMUNICATIONS AND MARKETING DIRECTOR,COMMUNICATIONS & MARKETING DIRECTOR,non_ceo_position,communications,,director,senior_leader,functional,current,title_keywords:communications,high,communications_director,explicit_communications_director_alias,expanded,none,,,,,rule_assigned,yes,all,1,1,1,Ploughshares Fund,
F990TAX-3b9db3bee053c1,DIR FOOD AND AGRICULTURE,Dir. Food & Agriculture,non_ceo_position,programs,,director,senior_leader,functional,current,reviewed_record_override:reviewed_food_and_agriculture_program_function,high,,not_a_supported_standardized_title,,none,,,,,reviewed_observation_override,yes,all,1,1,1,Breakthrough Institute,"Primary family received an observation-level review because the filing title is truncated, organization-specific, or multi-function."
F990TAX-3cb185908d5b98,DIRECTOR CEP LEARNING INSTITUTE,"DIRECTOR, CEP LEARNING INSTITUTE",non_ceo_position,programs,,director,senior_leader,functional,current,title_keywords:programs,high,,not_a_supported_standardized_title,,none,,,,,rule_assigned,yes,all,1,1,1,Center for Effective Philanthropy,
F990TAX-3db05c017ec42d,CHIEF ECONOMIST/DIR RESEA,CHIEF ECONOMIST/DIR. RESEA,non_ceo_position,research,,chief_officer,executive,functional,current,title_keywords:research,high,chief_economist,explicit_chief_economist,exact,none,,,,,rule_assigned,yes,all,1,1,1,Economic Policy Institute,
F990TAX-3e4af82f20f936,BOARD CO-CHAIR,BOARD CO-CHAIR,unmapped_position,,,unclassified,unknown,uncertain,current,no_reviewed_family_match,low,,not_a_supported_standardized_title,,none,,,,,manual_review_required,no,none,2,0,1,Brennan Center for Justice,Retained for manual classification; not exposed in the public Position catalog.
F990TAX-3e5a1230e276b4,MANAGING DIRECTOR STRATEGY AND PROGRAMS,"MANAGING DIRECTOR, STRATEGY AND PROGRAMS",non_ceo_position,strategy,programs,managing_or_deputy_director,senior_leader,functional,current,title_keywords:strategy,medium,managing_director,managing_director_alias,expanded,none,,,,,rule_assigned_multi_role,yes,all,1,1,1,American Immigration Council,
F990TAX-3e7162e7234e2f,SECRETARY,SECRETARY | Secretary,governance,,,board_governance,governance,governance,current,part_vii_board_flag_and_board_title,high,,not_a_supported_standardized_title,,none,,,,,rule_assigned,no,none,60,1,60,American Immigration Council | Animal Legal Defense Fund | Animal Welfare Institute | Arms Control Association | Better Food Foundation | Bulletin of the Atomic Scientists | Carbon Mapper | Center for AI and Digital Policy,
F990TAX-3eaf7d463c2d7d,SR RESEARCHER,Sr Researcher,non_ceo_position,research,,senior_individual_contributor,individual_contributor,functional,current,title_keywords:research,high,senior_researcher,senior_research_title,expanded,none,,,,,rule_assigned,yes,all,1,1,1,Center for Responsible Lending,
F990TAX-3f2ffcdddda227,DIRECTOR OF TRAINING/LEARNING,DIRECTOR OF TRAINING/LEARNING,non_ceo_position,programs,,director,senior_leader,functional,current,title_keywords:programs,high,,not_a_supported_standardized_title,,none,,,,,rule_assigned,yes,all,1,1,1,Creative Commons,
F990TAX-3f60dab4117798,VP RESEARCH,"VP, RESEARCH",non_ceo_position,research,,vice_president,senior_leader,functional,current,title_keywords:research,high,vice_president,vice_president_alias,expanded,none,,,,,rule_assigned,yes,all,1,1,1,Center for Effective Philanthropy,
F990TAX-3f8ebbd56fb01f,DIR POLICY FELLOWSHIP PROGRAMS,DIR. POLICY FELLOWSHIP PROGRAMS,non_ceo_position,policy,programs,director,senior_leader,functional,current,title_keywords:policy,medium,policy_director,explicit_policy_director_alias,expanded,none,,,,,rule_assigned_multi_role,yes,all,1,1,1,Federation of American Scientists,
F990TAX-4042db228423fb,DIR FREE EXPRESSION PROJECT,"DIR., FREE EXPRESSION PROJECT",non_ceo_position,programs,,director,senior_leader,functional,current,title_keywords:programs,high,,not_a_supported_standardized_title,,none,,,,,rule_assigned,yes,all,1,1,1,Center for Democracy & Technology,
F990TAX-404ee38c861f33,CHIEF FINANCIAL AND OPERATIONS OFFICER,CHIEF FINANCIAL & OPERATIONS OFFICER,non_ceo_position,finance,operations,chief_officer,executive,functional,current,title_keywords:finance,medium,,hybrid_title_excluded_from_strict_position_benchmark,ambiguous,multi_role,combined or ambiguous finance-and-operations chief,,,,rule_assigned_multi_role,yes,all,1,1,1,Demos,
F990TAX-4058ac2d52e966,SENIOR DIRECTOR NEW PRACTICE LAB,"SENIOR DIRECTOR, NEW PRACTICE LAB",non_ceo_position,programs,research,director,senior_leader,functional,current,reviewed_record_override:reviewed_named_practice_lab_function,high,,not_a_supported_standardized_title,,none,,,,,reviewed_observation_override,yes,all,1,1,1,New America,"Primary family received an observation-level review because the filing title is truncated, organization-specific, or multi-function."
F990TAX-4084faecf4c21b,VP AND CHIEF CONTENT ENDED 10/15/24,VP & CHIEF CONTENT (ENDED 10/15/24),non_ceo_position,communications,,chief_officer,executive,functional,former_or_partial,title_keywords:communications,high,vice_president,vice_president_alias,expanded,none,,,,,rule_assigned,yes,none,1,1,1,National Committee for Responsive Philanthropy,
F990TAX-40d97368827fb2,DEPUTY DIR,Deputy Dir.,non_ceo_position,general_leadership,,managing_or_deputy_director,senior_leader,functional,current,title_keywords:general_leadership,medium,deputy_director,deputy_director_alias,expanded,none,,,,,rule_assigned,yes,all,1,1,1,Breakthrough Institute,
F990TAX-412033ebdffc00,SPECIAL ASST TO THE PRESIDENT,SPECIAL ASST. TO THE PRESIDENT,non_ceo_position,general_leadership,,executive_leadership,executive,functional,current,title_keywords:general_leadership,medium,,not_a_supported_standardized_title,,none,,,,,rule_assigned,yes,all,1,1,1,Center for Effective Philanthropy,
F990TAX-4129841b3421e4,VICE CHAIR AND TREASURER,VICE CHAIR & TREASURER | Vice Chair & Treasurer,governance,,,board_governance,governance,governance,current,part_vii_board_flag_and_board_title,high,,not_a_supported_standardized_title,,none,,,,,rule_assigned,no,none,2,0,2,Council on Strategic Risks | Population Reference Bureau,
F990TAX-4185c861e806af,PRESIDENT AND CEO FROM 5/2024,President & CEO (From 5/2024),generic_ceo_like,,,chief_executive,executive,uncertain,former_or_partial,ceo_like_title_not_authoritative_ceo,medium,,not_a_supported_standardized_title,,none,,,,,manual_review_required,no,none,1,0,1,Population Reference Bureau,CEO rows remain governed by validated_form990_compensation.csv and are not a generic position family.
F990TAX-42334ab02d0940,PRESIDENT TO 4/2024,President to 4/2024,non_ceo_position,general_leadership,,executive_leadership,executive,functional,former_or_partial,title_keywords:general_leadership,medium,,not_a_supported_standardized_title,,none,,,,,rule_assigned,yes,none,1,0,1,NumFOCUS,
F990TAX-425f1e8b0aac68,DIRECTOR PEOPLE AND CULTURE,"DIRECTOR, PEOPLE AND CULTURE",non_ceo_position,people,,director,senior_leader,functional,current,title_keywords:people,high,,not_a_supported_standardized_title,,none,,,,,rule_assigned,yes,all,1,1,1,Independent Sector,
F990TAX-4271fe3dd771e4,VP OPERATIONS,"VP OPERATIONS | VP, OPERATIONS",non_ceo_position,operations,,vice_president,senior_leader,functional,current,title_keywords:operations,high,vice_president,vice_president_alias,expanded,none,,,,,rule_assigned,yes,all,2,2,2,Good Food Institute | Pure Earth,
F990TAX-42b86372bc466f,PROGRAM AND RESEARCH LEAD,PROGRAM AND RESEARCH LEAD,non_ceo_position,programs,research,head_or_lead,senior_leader,functional,current,title_keywords:programs,medium,,not_a_supported_standardized_title,,none,,,,,rule_assigned_multi_role,yes,all,1,1,1,Partnership on AI,
F990TAX-439bc4fb5b2174,COO CHIEF OF STAFF AND SECRETARY,"COO, CHIEF OF STAFF, & SECRETARY",non_ceo_position,operations,chief_of_staff,chief_officer,executive,functional,current,title_keywords:operations,medium,,hybrid_title_excluded_from_strict_position_benchmark,ambiguous,multi_role,COO and Chief of Staff combined in one title,,,,rule_assigned_multi_role,yes,all,1,1,1,GivingTuesday,
F990TAX-44f5ba1e1b11ba,DIR DATA SCIENCE EDUCATION,"DIR, DATA SCIENCE, EDUCATION",non_ceo_position,technology,research;programs,director,senior_leader,functional,current,title_keywords:technology,medium,,not_a_supported_standardized_title,,none,,,,,rule_assigned_multi_role,yes,all,1,1,1,DataKind,
F990TAX-45410944b1c2e0,DIRECTOR OF MEMBERSHIP AND DEVELOPMENT,DIRECTOR OF MEMBERSHIP & DEVELOPMENT,non_ceo_position,development,,director,senior_leader,functional,current,title_keywords:development,high,development_director,explicit_development_director_alias,expanded,none,,,,,rule_assigned,yes,all,1,1,1,Grantmakers for Effective Organizations,
F990TAX-458daa67515730,RESEARCH DIRECTOR,RESEARCH DIRECTOR,non_ceo_position,research,,director,senior_leader,functional,current,title_keywords:research,high,research_director,explicit_research_director_alias,expanded,none,,,,,rule_assigned,yes,all,3,3,3,Institute for the Study of War | Institute on Taxation and Economic Policy | ideas42,
F990TAX-45d43a4c55831a,VICE-CHAIR,VICE-CHAIR | Vice-Chair,unmapped_position,,,unclassified,unknown,uncertain,current,no_reviewed_family_match,low,,not_a_supported_standardized_title,,none,,,,,manual_review_required,no,none,2,0,2,Demos | Electronic Frontier Foundation,Retained for manual classification; not exposed in the public Position catalog.
F990TAX-461258f13ccde4,CFO,CFO,non_ceo_position,finance,,chief_officer,executive,functional,current,title_keywords:finance,high,cfo,standard_cfo_alias,standard_abbreviation,none,,,,,rule_assigned,yes,all,5,5,5,Carbon Mapper | Center for Climate and Energy Solutions | Environmental Law Institute | GivingTuesday | Innovations for Poverty Action,
F990TAX-465a823ae9ec51,VP WASHINTON D C,"VP, WASHINTON D.C.",non_ceo_position,policy,,vice_president,senior_leader,functional,current,reviewed_record_override:reviewed_washington_policy_function,high,vice_president,vice_president_alias,expanded,none,,,,,reviewed_observation_override,yes,all,1,1,1,Brennan Center for Justice,"Primary family received an observation-level review because the filing title is truncated, organization-specific, or multi-function."
F990TAX-4685e22c7b99ca,CHIEF STRATEGY AND IMPACT OFFICER,CHIEF STRATEGY AND IMPACT OFFICER,non_ceo_position,strategy,programs,chief_officer,executive,functional,current,reviewed_record_override:reviewed_strategy_and_impact_primary_function,high,,hybrid_title_excluded_from_strict_position_benchmark,ambiguous,multi_role,strategy and impact chief combined in one title,,,,reviewed_observation_override,yes,all,1,1,1,Public Agenda,"Primary family received an observation-level review because the filing title is truncated, organization-specific, or multi-function."
F990TAX-46c59db05f0886,DATA PLATFORM LEAD,Data Platform Lead,non_ceo_position,technology,,head_or_lead,senior_leader,functional,current,title_keywords:technology,high,,not_a_supported_standardized_title,,none,,,,,rule_assigned,yes,all,1,1,1,Carbon Mapper,
F990TAX-470cda080b3d00,SENIOR VP PROGRAM AND STRAT PLANNING,"SENIOR VP, PROGRAM & STRAT. PLANNING",non_ceo_position,programs,,vice_president,senior_leader,functional,current,title_keywords:programs,high,senior_vice_president,senior_vice_president_alias,expanded,none,,,,,rule_assigned,yes,all,1,1,1,Center for Health Care Strategies,
F990TAX-470f999ca7bd1d,VP FOR BUSINESS ENGAGEMENT,VP FOR BUSINESS ENGAGEMENT,non_ceo_position,programs,policy,vice_president,senior_leader,functional,current,reviewed_record_override:reviewed_business_engagement_program_function,high,vice_president,vice_president_alias,expanded,none,,SRC-POSITION-C2ES-VERENA-RADULOVIC,https://www.c2es.org/profile/verena-radulovic/,benchmark/sources/native/supporting/position_classification/c2es-verena-radulovic.html,reviewed_observation_override,yes,all,1,1,1,Center for Climate and Energy Solutions,"Primary family received an observation-level review because the filing title is truncated, organization-specific, or multi-function. | Describes management of C2ES business-climate programs and policy work, not a communications-only engagement role. Source: benchmark/sources/native/supporting/position_classification/c2es-verena-radulovic.html (https://www.c2es.org/profile/verena-radulovic/)"
F990TAX-47ae201ee8a6a3,DIRECTOR OF DOMESTIC RESEARCH,DIRECTOR OF Domestic Research,non_ceo_position,research,,director,senior_leader,functional,current,title_keywords:research,high,research_director,explicit_research_director_alias,expanded,none,,,,,rule_assigned,yes,all,1,1,1,Guttmacher Institute,
F990TAX-4908cb87871bdb,DIR EVENTS AND SPECIAL PROJECTS,Dir. Events & Special Projects,non_ceo_position,programs,,director,senior_leader,functional,current,title_keywords:programs,high,,not_a_supported_standardized_title,,none,,,,,rule_assigned,yes,all,1,1,1,Breakthrough Institute,
F990TAX-4922fa16bc574f,EX OFFICIO,EX OFFICIO,unmapped_position,,,unclassified,unknown,uncertain,current,no_reviewed_family_match,low,,not_a_supported_standardized_title,,none,,,,,manual_review_required,no,none,1,0,1,National Academy for State Health Policy,Retained for manual classification; not exposed in the public Position catalog.
F990TAX-493137cecfff73,HR DIRECTOR/SECRETARY,HR Director/Secretary,non_ceo_position,people,,director,senior_leader,functional,current,title_keywords:people,high,,not_a_supported_standardized_title,,none,,,,,rule_assigned,yes,all,1,1,1,Data Quality Campaign,
F990TAX-49352d2aefbdaa,PRINCIPAL DIRECTOR OF STRATEGY,Principal Director of Strategy,non_ceo_position,strategy,,director,senior_leader,functional,current,title_keywords:strategy,high,,not_a_supported_standardized_title,,none,,,,,rule_assigned,yes,all,1,1,1,Sightline Institute,
F990TAX-4986c2f4f11fd9,VP PEOPLE AND CULTURE,"VP, PEOPLE & CULTURE",non_ceo_position,people,,vice_president,senior_leader,functional,current,title_keywords:people,high,vice_president,vice_president_alias,expanded,none,,,,,rule_assigned,yes,all,1,1,1,Center for Effective Philanthropy,
F990TAX-49ad8c0edbb41d,U S STATE PO,U.S STATE PO,unmapped_position,,,unclassified,unknown,uncertain,current,no_reviewed_family_match,low,,not_a_supported_standardized_title,,none,,,,,manual_review_required,no,none,1,1,1,Clean Air Task Force,Retained for manual classification; not exposed in the public Position catalog.
F990TAX-4a17e1c8ac1358,CONFERENCE AND EVENTS DIRECTOR,CONFERENCE AND EVENTS DIRECTOR,non_ceo_position,programs,communications,director,senior_leader,functional,current,reviewed_record_override:reviewed_conference_and_events_function,high,,not_a_supported_standardized_title,,none,,,,,reviewed_observation_override,yes,all,1,1,1,Grantmakers for Education,"Primary family received an observation-level review because the filing title is truncated, organization-specific, or multi-function."
F990TAX-4a181b4f594aea,PRESIDENT AND EXECUTIVE DIRECTOR,President and Executive Director,canonical_ceo,,,chief_executive,executive,organization_wide,current,validated_ceo_name_override,high,,not_a_supported_standardized_title,,none,,,,,rule_assigned,no,none,1,1,1,Software Freedom Conservancy,CEO rows remain governed by validated_form990_compensation.csv and are not a generic position family.
F990TAX-4ae7cdcc1e1e1a,DIRECTOR IMMIGRATION AND IMMIGRANT FAMILIES,"DIRECTOR, IMMIGRATION AND IMMIGRANT FAMILIES",non_ceo_position,policy,programs,director,senior_leader,functional,current,reviewed_record_override:reviewed_immigration_policy_function,high,,not_a_supported_standardized_title,,none,,,,,reviewed_observation_override,yes,all,1,1,1,Center for Law and Social Policy,"Primary family received an observation-level review because the filing title is truncated, organization-specific, or multi-function."
F990TAX-4af71efd3b1051,SECRETARY FORMER,Secretary (Former),unmapped_position,,,unclassified,unknown,uncertain,former_or_partial,no_reviewed_family_match,low,,not_a_supported_standardized_title,,none,,,,,manual_review_required,no,none,1,0,1,Sightline Institute,Retained for manual classification; not exposed in the public Position catalog.
F990TAX-4b0ec31a58912d,CHAIRMAN EMERITUS,CHAIRMAN EMERITUS,unmapped_position,,,unclassified,unknown,uncertain,current,no_reviewed_family_match,low,,not_a_supported_standardized_title,,none,,,,,manual_review_required,no,none,1,0,1,American Security Project,Retained for manual classification; not exposed in the public Position catalog.
F990TAX-4b14d0c738a03d,SENIOR DIRECTOR OF DIVERSITY AND INCLUSION,Senior Director of Diversity and Inclusion,non_ceo_position,programs,people,director,senior_leader,functional,current,reviewed_record_override:reviewed_outreachy_program_function,high,,not_a_supported_standardized_title,,none,,SRC-POSITION-SFC-SAGE-SHARP,https://sfconservancy.org/news/2020/dec/02/sharp-newest-employee/,benchmark/sources/native/supporting/position_classification/sfc-sage-sharp-outreachy.html,reviewed_observation_override,yes,all,1,1,1,Software Freedom Conservancy,"Primary family received an observation-level review because the filing title is truncated, organization-specific, or multi-function. | Explains that Sharp worked full-time as an Outreachy internship organizer, supporting Programs primary and People secondary. Source: benchmark/sources/native/supporting/position_classification/sfc-sage-sharp-outreachy.html (https://sfconservancy.org/news/2020/dec/02/sharp-newest-employee/)"
F990TAX-4b2df53fbbe0d0,PRESIDENT BPCA,"PRESIDENT, BPCA",non_ceo_position,general_leadership,,executive_leadership,executive,program_or_affiliate,current,title_keywords:general_leadership+reviewed_named_affiliate_scope,medium,,not_a_supported_standardized_title,,none,,,,,reviewed_observation_override,yes,none,1,1,1,Bipartisan Policy Center,
F990TAX-4b67d4a5353ec5,VICE PRESIDENT FOR DEVELOPMENT,VICE PRESIDENT FOR DEVELOPMENT,non_ceo_position,development,,executive_leadership,executive,functional,current,title_keywords:development,high,vice_president,vice_president_alias,expanded,none,,,,,rule_assigned,yes,all,1,1,1,Guttmacher Institute,
F990TAX-4bb3728a3049d3,CHIEF OF EXTERNAL AFFAIRS THRU 08/23,CHIEF OF EXTERNAL AFFAIRS(THRU 08/23),non_ceo_position,communications,,chief_officer,executive,functional,former_or_partial,title_keywords:communications,high,,not_a_supported_standardized_title,,none,,,,,rule_assigned,yes,none,1,1,1,Farm Sanctuary,
F990TAX-4bcef6e66f2cb2,DIR FED POLICY,Dir. Fed Policy,non_ceo_position,policy,,director,senior_leader,functional,current,title_keywords:policy,high,policy_director,explicit_policy_director_alias,expanded,none,,,,,rule_assigned,yes,all,1,1,1,Breakthrough Institute,
F990TAX-4bd2d7e015727d,INTERIM ED,INTERIM ED,unmapped_position,,,unclassified,unknown,uncertain,former_or_partial,no_reviewed_family_match,low,,not_a_supported_standardized_title,,none,,,,,manual_review_required,no,none,1,1,1,Center for Law and Social Policy,Retained for manual classification; not exposed in the public Position catalog.
F990TAX-4c0d05a99d3101,CEODIRECTORSECRETARY,CEODirectorSecretary,generic_ceo_like,,,chief_executive,executive,uncertain,current,ceo_like_title_not_authoritative_ceo,medium,,not_a_supported_standardized_title,,none,,,,,manual_review_required,no,none,1,1,1,Center for Responsible Lending,CEO rows remain governed by validated_form990_compensation.csv and are not a generic position family.
F990TAX-4c6c597f878683,VICE PRESIDENT OF CULTURAL STRATEGY,VICE PRESIDENT OF CULTURAL STRATEGY,non_ceo_position,strategy,,executive_leadership,executive,functional,current,title_keywords:strategy,high,vice_president,vice_president_alias,expanded,none,,,,,rule_assigned,yes,all,1,1,1,FrameWorks Institute,
F990TAX-4cc6a26bdbac2e,MARKETING DI,MARKETING DI,non_ceo_position,communications,,functional_individual_contributor,individual_contributor,functional,current,title_keywords:communications,high,,not_a_supported_standardized_title,,none,,,,,rule_assigned,yes,all,1,1,1,Project Drawdown,
F990TAX-4ce4139f2e4e0e,SENIOR FELLOW AND STRATEGIST,SENIOR FELLOW & STRATEGIST,non_ceo_position,research,strategy,senior_individual_contributor,individual_contributor,functional,current,title_keywords:research,medium,senior_researcher,senior_research_title,expanded,none,,,,,rule_assigned_multi_role,yes,all,1,1,1,New America,
F990TAX-4da4f068ae14ec,VICE PRESIDENT OF GLOBAL POLICY,VICE PRESIDENT OF GLOBAL POLICY,non_ceo_position,policy,,executive_leadership,executive,functional,current,title_keywords:policy,high,vice_president,vice_president_alias,expanded,none,,,,,rule_assigned,yes,all,1,1,1,Future of Privacy Forum,
F990TAX-4df1a6bc25f018,PRESIDENT/CHAIRMAN,PRESIDENT/CHAIRMAN,non_ceo_position,general_leadership,,executive_leadership,executive,functional,current,title_keywords:general_leadership,medium,,not_a_supported_standardized_title,,none,,,,,rule_assigned,yes,none,1,0,1,Jain Family Institute,
F990TAX-4e893bc8c5f9d6,DIRECTOR UNTIL JULY,DIRECTOR UNTIL JULY,non_ceo_position,general_leadership,,director,senior_leader,functional,former_or_partial,title_keywords:general_leadership,medium,,not_a_supported_standardized_title,,none,,,,,rule_assigned,yes,none,1,0,1,Committee for a Responsible Federal Budget,
F990TAX-4ed9efcdb5694a,INN INDEX DIRECTOR,INN INDEX DIRECTOR,non_ceo_position,research,technology,director,senior_leader,functional,current,reviewed_record_override:reviewed_index_research_function,high,,not_a_supported_standardized_title,,none,,,,,reviewed_observation_override,yes,all,1,1,1,Institute for Nonprofit News,"Primary family received an observation-level review because the filing title is truncated, organization-specific, or multi-function."
F990TAX-4f2cf1e147d56f,BOARD CHAIR/INTERIM TREASURER,BOARD CHAIR/INTERIM TREASURER,non_ceo_position,finance,,functional_individual_contributor,individual_contributor,functional,former_or_partial,title_keywords:finance,high,,not_a_supported_standardized_title,,none,,,,,rule_assigned,yes,none,1,0,1,Precision Development,
F990TAX-4f3a9b1da36fcc,CHAIRMAN OF THE BOARD,CHAIRMAN OF THE BOARD,unmapped_position,,,unclassified,unknown,uncertain,current,no_reviewed_family_match,low,,not_a_supported_standardized_title,,none,,,,,manual_review_required,no,none,1,0,1,Institute for the Study of War,Retained for manual classification; not exposed in the public Position catalog.
F990TAX-4f9c5c27c04662,CHAIR BEGINNING 1/29/24,CHAIR (BEGINNING 1/29/24),unmapped_position,,,unclassified,unknown,uncertain,current,no_reviewed_family_match,low,,not_a_supported_standardized_title,,none,,,,,manual_review_required,no,none,1,0,1,Open Technology Fund,Retained for manual classification; not exposed in the public Position catalog.
F990TAX-4fa64345838fb9,MANAGING DIRECTOR OF PARTNERSHIP DEVELOPMENT,MANAGING DIRECTOR OF PARTNERSHIP DEVELOPMENT,non_ceo_position,programs,development,managing_or_deputy_director,senior_leader,functional,current,reviewed_record_override:reviewed_partnership_development_program_function,high,managing_director,managing_director_alias,expanded,none,,,,,reviewed_observation_override,yes,all,1,1,1,Partnership on AI,"Primary family received an observation-level review because the filing title is truncated, organization-specific, or multi-function."
F990TAX-4fb79a4c298718,CHIEF PRODUC,CHIEF PRODUC,unmapped_position,,,chief_officer,executive,uncertain,current,no_reviewed_family_match,low,,not_a_supported_standardized_title,,none,,,,,manual_review_required,no,none,1,1,1,WattTime,Retained for manual classification; not exposed in the public Position catalog.
F990TAX-4fd9d35f8fbb01,CLEAN ENERGY,CLEAN ENERGY,unmapped_position,,,unclassified,unknown,uncertain,current,no_reviewed_family_match,low,,not_a_supported_standardized_title,,none,,,,,manual_review_required,no,none,1,1,1,Clean Air Task Force,Retained for manual classification; not exposed in the public Position catalog.
F990TAX-500d7beacbcd65,CHIEF OF DEVELOPMENT,CHIEF OF DEVELOPMENT,non_ceo_position,development,,chief_officer,executive,functional,current,title_keywords:development,high,chief_development_officer,development_chief_alias,expanded,none,,,,,rule_assigned,yes,all,1,1,1,National Employment Law Project,
F990TAX-5011bb32a5f136,PAST BOARD CHAIR,PAST BOARD CHAIR,unmapped_position,,,unclassified,unknown,uncertain,current,no_reviewed_family_match,low,,not_a_supported_standardized_title,,none,,,,,manual_review_required,no,none,1,0,1,Center for Public Integrity,Retained for manual classification; not exposed in the public Position catalog.
F990TAX-503fbead15b605,SENIOR POLICY COUNSEL,SENIOR POLICY COUNSEL | Senior Policy Counsel,non_ceo_position,policy,legal,senior_individual_contributor,individual_contributor,functional,current,title_keywords:policy,medium,,not_a_supported_standardized_title,,none,,,,,rule_assigned_multi_role,yes,all,2,2,2,Center for Responsible Lending | Center for a Humane Economy,
F990TAX-50d1e6c277d25c,STUDENT HEALTH PROFESSION REPRESENTATIVE,STUDENT HEALTH PROFESSION REPRESENTATIVE,unmapped_position,,,unclassified,unknown,uncertain,current,no_reviewed_family_match,low,,not_a_supported_standardized_title,,none,,,,,manual_review_required,no,none,2,0,1,Physicians for Social Responsibility,Retained for manual classification; not exposed in the public Position catalog.
F990TAX-5105530281c00e,PRESIDENT AND CHIEF EXECUTIVE OFFICER,PRESIDENT & CHIEF EXECUTIVE OFFICER,canonical_ceo,,,chief_executive,executive,organization_wide,current,validated_ceo_name_override,high,,not_a_supported_standardized_title,,none,,,,,rule_assigned,no,none,2,2,2,Independent Sector | Research!America,CEO rows remain governed by validated_form990_compensation.csv and are not a generic position family.
F990TAX-5164091ef6f94a,SENIOR COMMUNICATIONS DIRECTOR,SENIOR COMMUNICATIONS DIRECTOR,non_ceo_position,communications,,director,senior_leader,functional,current,title_keywords:communications,high,communications_director,explicit_communications_director_alias,expanded,none,,,,,rule_assigned,yes,all,1,1,1,PEAK Grantmaking,
F990TAX-51e77ee93dfba0,EXECUTIVE DIRECTOR,EXECUTIVE DIRECTOR | Executive Director,generic_ceo_like,,,chief_executive,executive,uncertain,current,ceo_like_title_not_authoritative_ceo,medium,,not_a_supported_standardized_title,,none,,,,,manual_review_required,no,none,6,6,6,Brennan Center for Justice | Center for AI and Digital Policy | Learning Policy Institute | Ploughshares Fund | R Street Institute | Results for Development,CEO rows remain governed by validated_form990_compensation.csv and are not a generic position family.
F990TAX-5207484d5dafd5,SENIOR PROGRAM DIRECOTR,SENIOR PROGRAM DIRECOTR,non_ceo_position,programs,,senior_individual_contributor,individual_contributor,functional,current,title_keywords:programs,high,program_director,explicit_program_director_alias,expanded,none,,,,,rule_assigned,yes,all,1,1,1,Results for Development,
F990TAX-5291d2970f384e,CHIEF PRODUCT AND TECHNOLOGY OFFICER,Chief Product & Technology Officer,non_ceo_position,technology,,chief_officer,executive,functional,current,title_keywords:technology,high,cto,standard_cto_alias,exact,none,,,,,rule_assigned,yes,all,1,1,1,Charity Navigator,
F990TAX-52d6c61782a478,PROGRAM MANAGER,PROGRAM MANAGER,non_ceo_position,programs,,manager,manager,functional,current,title_keywords:programs,high,,not_a_supported_standardized_title,,none,,,,,rule_assigned,yes,all,1,1,1,Nuclear Innovation Alliance,
F990TAX-53491f1ffbc9a4,SR CONSULTANT,SR CONSULTANT | SR. CONSULTANT,unmapped_position,,,senior_individual_contributor,individual_contributor,uncertain,current,no_reviewed_family_match,low,,not_a_supported_standardized_title,,none,,,,,manual_review_required,no,none,4,4,1,Technical Assistance Collaborative,Retained for manual classification; not exposed in the public Position catalog.
F990TAX-53c95bb6cc114f,DIR ACADEMIC AFFRS,Dir academic affrs,non_ceo_position,research,,director,senior_leader,functional,current,title_keywords:research,high,,not_a_supported_standardized_title,,none,,,,,rule_assigned,yes,all,1,1,1,Physicians Committee for Responsible Medicine,
F990TAX-5400d4c73a85ae,CEO THRU 12/31/23,CEO (THRU 12/31/23),generic_ceo_like,,,chief_executive,executive,uncertain,former_or_partial,ceo_like_title_not_authoritative_ceo,medium,,not_a_supported_standardized_title,,none,,,,,manual_review_required,no,none,1,1,1,Creative Commons,CEO rows remain governed by validated_form990_compensation.csv and are not a generic position family.
F990TAX-548353ed4fe115,TREASURER/DI,TREASURER/DI,non_ceo_position,finance,,functional_individual_contributor,individual_contributor,functional,current,title_keywords:finance,high,,not_a_supported_standardized_title,,none,,,,,rule_assigned,yes,none,1,0,1,Clean Air Task Force,
F990TAX-5487d60cbad9e3,SR DIR PRODUCT AND PROGRAMS,"SR. DIR, PRODUCT AND PROGRAMS",non_ceo_position,technology,programs,director,senior_leader,functional,current,title_keywords:technology,medium,,not_a_supported_standardized_title,,none,,,,,rule_assigned_multi_role,yes,all,1,1,1,DataKind,
F990TAX-54a0101db023c0,MANAGING DIRECTOR OPERATIONS,"MANAGING DIRECTOR, OPERATIONS",non_ceo_position,operations,,managing_or_deputy_director,senior_leader,functional,current,title_keywords:operations,high,managing_director,managing_director_alias,expanded,none,,,,,rule_assigned,yes,all,1,1,1,American Immigration Council,
F990TAX-54ab338eb38f06,PROGRAM EXECUTIVE,PROGRAM EXECUTIVE,non_ceo_position,programs,,functional_individual_contributor,individual_contributor,program_or_affiliate,current,title_keywords:programs+reviewed_fiscally_sponsored_project_scope,high,,not_a_supported_standardized_title,,none,,,,,reviewed_observation_override,yes,none,5,5,1,Code for Science & Society,
F990TAX-54be91c650e27f,BOARD MEMBER THRU FEB 2024,BOARD MEMBER (THRU FEB. 2024),unmapped_position,,,unclassified,unknown,uncertain,former_or_partial,no_reviewed_family_match,low,,not_a_supported_standardized_title,,none,,,,,manual_review_required,no,none,3,0,1,ORCID,Retained for manual classification; not exposed in the public Position catalog.
F990TAX-54df1bfa0fc35e,CHIEF EXECUTIVE DIRECTOR,CHIEF EXECUTIVE DIRECTOR,canonical_ceo,,,chief_executive,executive,organization_wide,current,validated_ceo_name_override,high,,not_a_supported_standardized_title,,none,,,,,rule_assigned,no,none,1,1,1,ideas42,CEO rows remain governed by validated_form990_compensation.csv and are not a generic position family.
F990TAX-551b95410f8b3a,DIRECTOR - CHAIR AS OF 5/24,DIRECTOR - CHAIR (AS OF 5/24),non_ceo_position,general_leadership,,director,senior_leader,functional,current,title_keywords:general_leadership,medium,,not_a_supported_standardized_title,,none,,,,,rule_assigned,yes,none,1,0,1,New America,
F990TAX-5540abfbd2db37,ENERGY ANALYST TEAM FACILITATOR,"ENERGY ANALYST, TEAM FACILITATOR",non_ceo_position,research,,functional_individual_contributor,individual_contributor,functional,current,title_keywords:research,high,,not_a_supported_standardized_title,,none,,,,,rule_assigned,yes,all,1,1,1,Institute for Energy Economics and Financial Analysis,
F990TAX-556b4d35945fb9,CHIEF FINANCIAL OFFICER DIRECTOR,"CHIEF FINANCIAL OFFICER, DIRECTOR",non_ceo_position,finance,,chief_officer,executive,functional,current,title_keywords:finance,high,cfo,standard_cfo_alias,exact,none,,,,,rule_assigned,yes,none,1,0,1,Open Source Initiative,
F990TAX-5574d5cb4a0c82,BOARD MEMBER DEPARTED 12/2024,Board Member (Departed 12/2024),unmapped_position,,,unclassified,unknown,uncertain,former_or_partial,no_reviewed_family_match,low,,not_a_supported_standardized_title,,none,,,,,manual_review_required,no,none,1,0,1,Charity Navigator,Retained for manual classification; not exposed in the public Position catalog.
F990TAX-558bb08cd8a9bd,SR NUC ENER ANALY,Sr. Nuc Ener Analy,non_ceo_position,research,,senior_individual_contributor,individual_contributor,functional,current,title_keywords:research,high,senior_researcher,senior_research_title,expanded,none,,,,,rule_assigned,yes,all,1,1,1,Breakthrough Institute,
F990TAX-5614cd200e1dd1,MEMBER,MEMBER | Member,governance,,,board_governance,governance,governance,current,part_vii_board_flag_and_board_title,high,,not_a_supported_standardized_title,,none,,,,,rule_assigned,no,none,59,0,6,Economic Policy Institute | Electronic Frontier Foundation | Exponent Philanthropy | Federation of American Scientists | MuckRock Foundation | San Francisco Estuary Institute,
F990TAX-563f5049aca70f,DIRECTOR COMMUNICATIONS,"DIRECTOR, COMMUNICATIONS",non_ceo_position,communications,,director,senior_leader,functional,current,title_keywords:communications,high,communications_director,explicit_communications_director_alias,expanded,none,,,,,rule_assigned,yes,all,2,2,2,Center for Law and Social Policy | VillageReach,
F990TAX-568324b3a237d1,CHIEF RELATIONSHIP OFFICER,Chief Relationship Officer,non_ceo_position,development,,chief_officer,executive,functional,former_or_partial,title_keywords:development,high,,not_a_supported_standardized_title,,none,,,,,rule_assigned,yes,none,1,1,1,Charity Navigator,
F990TAX-575aa2769e6e5b,DIRECTOR THRU APRIL,DIRECTOR (THRU APRIL),non_ceo_position,general_leadership,,director,senior_leader,functional,former_or_partial,title_keywords:general_leadership,medium,,not_a_supported_standardized_title,,none,,,,,rule_assigned,yes,none,4,0,1,Research!America,
F990TAX-57fc2eac49d63c,VP OF FINANCE AND OPERATIONS,VP OF FINANCE & OPERATIONS,non_ceo_position,finance,operations,vice_president,senior_leader,functional,current,title_keywords:finance,medium,vice_president,vice_president_alias,expanded,none,,,,,rule_assigned_multi_role,yes,all,1,1,1,Stimson Center,
F990TAX-580d457df4e02c,CHIEF OPERATING OFFICER CHIEF LEGAL OFFICER SECR,"CHIEF OPERATING OFFICER, CHIEF LEGAL OFFICER, SECR",non_ceo_position,operations,legal,chief_officer,executive,functional,current,title_keywords:operations,medium,,hybrid_title_excluded_from_strict_position_benchmark,ambiguous,multi_role,COO and Chief Legal Officer combined in one title,,,,rule_assigned_multi_role,yes,all,1,1,1,Mercy For Animals,
F990TAX-5833a2d386deac,CHIEF OPERATIONS AND PEOPLE OFFICER,CHIEF OPERATIONS & PEOPLE OFFICER,non_ceo_position,operations,people,chief_officer,executive,functional,current,title_keywords:operations,medium,,hybrid_title_excluded_from_strict_position_benchmark,ambiguous,multi_role,multiple organization-wide chief functions combined in one title,,,,rule_assigned_multi_role,yes,all,1,1,1,Partnership on AI,
F990TAX-5843310518ce1f,SENIOR ATTORNEY,SENIOR ATTORNEY,non_ceo_position,legal,,senior_individual_contributor,individual_contributor,functional,current,title_keywords:legal,high,,not_a_supported_standardized_title,,none,,,,,rule_assigned,yes,all,1,1,1,Niskanen Center,
F990TAX-5930e70c48c170,DIRECTOR OF DEVELOPMENT,DIRECTOR OF DEVELOPMENT | Director of Development,non_ceo_position,development,,director,senior_leader,functional,current,title_keywords:development,high,development_director,explicit_development_director_alias,expanded,none,,,,,rule_assigned,yes,all,6,6,6,Center for a New American Security | Creative Commons | Open Markets Institute | Public Agenda | Tax Foundation | ideas42,
F990TAX-594eb5ef7105f8,DIRECTOR CHILD CAREDIRECTOR AND EARLY EDUCATION,"DIRECTOR, CHILD CAREDIRECTOR,AND EARLY EDUCATION",non_ceo_position,programs,,director,senior_leader,functional,current,title_keywords:programs,high,,not_a_supported_standardized_title,,none,,,,,rule_assigned,yes,all,1,1,1,Center for Law and Social Policy,
F990TAX-59ab425c3ac4b1,SVP - COMMUNICATIONS,SVP - COMMUNICATIONS,non_ceo_position,communications,,functional_individual_contributor,individual_contributor,functional,current,title_keywords:communications,high,senior_vice_president,senior_vice_president_alias,expanded,none,,,,,rule_assigned,yes,all,1,1,1,Good Food Institute,
F990TAX-59cfb01deebaa3,DIRECTOR BOARD CHAIR,"DIRECTOR, BOARD CHAIR",non_ceo_position,general_leadership,,director,senior_leader,functional,current,title_keywords:general_leadership,medium,,not_a_supported_standardized_title,,none,,,,,rule_assigned,yes,none,1,0,1,Redwood Research,
F990TAX-59ebb599e27ee5,MANAGER SOFTWARE ENGINEERING,MANAGER SOFTWARE ENGINEERING,non_ceo_position,technology,,manager,manager,functional,current,title_keywords:technology,high,,not_a_supported_standardized_title,,none,,,,,rule_assigned,yes,all,2,2,1,Center for Open Science,
F990TAX-5a6b3dd25f944d,COO AND MANAGING DIRECTOR,COO & MANAGING DIRECTOR,non_ceo_position,operations,,chief_officer,executive,functional,current,title_keywords:operations,high,,hybrid_title_excluded_from_strict_position_benchmark,ambiguous,multi_role,COO and Managing Director combined in one title,,,,rule_assigned,yes,all,1,1,1,Center for Open Science,
F990TAX-5a82a0984213ad,SR MANAGER TECHNOLOGY,"SR. MANAGER, TECHNOLOGY",non_ceo_position,technology,,manager,manager,functional,current,title_keywords:technology,high,,not_a_supported_standardized_title,,none,,,,,rule_assigned,yes,all,1,1,1,DataKind,
F990TAX-5ae0ed4ad6a3c0,EVP AND CHIEF IMPACT OFFICER,EVP & CHIEF IMPACT OFFICER,non_ceo_position,programs,,chief_officer,executive,functional,current,title_keywords:programs,high,chief_impact_officer,explicit_chief_impact_officer,exact,none,,,,,rule_assigned,yes,all,1,1,1,National Committee for Responsive Philanthropy,
F990TAX-5b252d05bcdcde,CHAIRPERSON TO 11/2024,Chairperson to 11/2024,unmapped_position,,,unclassified,unknown,uncertain,former_or_partial,no_reviewed_family_match,low,,not_a_supported_standardized_title,,none,,,,,manual_review_required,no,none,1,0,1,NumFOCUS,Retained for manual classification; not exposed in the public Position catalog.
F990TAX-5b756002212279,DIRECTOR CONSUMER CONTENT AND BRAND STRATEGY,"DIRECTOR, CONSUMER CONTENT AND BRAND STRATEGY",non_ceo_position,communications,strategy,director,senior_leader,functional,current,title_keywords:communications,medium,,not_a_supported_standardized_title,,none,,,,,rule_assigned_multi_role,yes,all,1,1,1,American Immigration Council,
F990TAX-5c238749a89ca0,COMMUNICATION DIRECTOR,COMMUNICATION DIRECTOR,non_ceo_position,communications,,director,senior_leader,functional,current,title_keywords:communications,high,communications_director,explicit_communications_director_alias,expanded,none,,,,,rule_assigned,yes,all,1,1,1,Open Markets Institute,
F990TAX-5c7557e9b013e4,DIR LAND SY,DIR. LAND SY,non_ceo_position,programs,,director,senior_leader,functional,current,reviewed_record_override:reviewed_land_systems_program_function,high,,not_a_supported_standardized_title,,none,,,,,reviewed_observation_override,yes,all,1,1,1,Clean Air Task Force,"Primary family received an observation-level review because the filing title is truncated, organization-specific, or multi-function."
F990TAX-5d23d32e9a0e0c,DIR OF FINANCE AND OPERATIONS,DIR. OF FINANCE & OPERATIONS,non_ceo_position,finance,operations,director,senior_leader,functional,current,title_keywords:finance,medium,finance_director,explicit_finance_director_alias,expanded,none,,,,,rule_assigned_multi_role,yes,all,1,1,1,ORCID,
F990TAX-5d8f5eb7597608,CHIEF HUMAN CAPITAL OFFICER,CHIEF HUMAN CAPITAL OFFICER,non_ceo_position,people,,chief_officer,executive,functional,current,title_keywords:people,high,chief_people_officer,people_chief_alias,expanded,none,,,,,rule_assigned,yes,all,1,1,1,Results for Development,
F990TAX-5ddb1809dfbf8f,FINANCE DIRECTOR/CONTROLLE,FINANCE DIRECTOR/CONTROLLE,non_ceo_position,finance,,director,senior_leader,functional,current,title_keywords:finance,high,finance_director,explicit_finance_director_alias,expanded,none,,,,,rule_assigned,yes,all,1,1,1,Ploughshares Fund,
F990TAX-5df100a17d2279,GROWTH OFFICER,GROWTH OFFICER,non_ceo_position,development,,functional_individual_contributor,individual_contributor,functional,current,reviewed_record_override:reviewed_growth_revenue_function,high,,not_a_supported_standardized_title,,none,,,,,reviewed_observation_override,yes,all,1,1,1,Institute for Nonprofit News,"Primary family received an observation-level review because the filing title is truncated, organization-specific, or multi-function."
F990TAX-5e1260f087a498,CHAIR EMERITUS,CHAIR EMERITUS,unmapped_position,,,unclassified,unknown,uncertain,current,no_reviewed_family_match,low,,not_a_supported_standardized_title,,none,,,,,manual_review_required,no,none,2,0,2,American Immigration Council | Chicago Council on Global Affairs,Retained for manual classification; not exposed in the public Position catalog.
F990TAX-5e585767867a90,VP US PROGRAMS,VP US Programs,non_ceo_position,programs,,vice_president,senior_leader,functional,current,title_keywords:programs,high,vice_president,vice_president_alias,expanded,none,,,,,rule_assigned,yes,all,1,1,1,Population Reference Bureau,
F990TAX-5efec309dd04c9,MANAGING DIRECTOR AND VICE P,MANAGING DIRECTOR & VICE P,non_ceo_position,general_leadership,,managing_or_deputy_director,senior_leader,functional,current,title_keywords:general_leadership,medium,managing_director,managing_director_alias,expanded,none,,,,,rule_assigned,yes,all,1,1,1,Technical Assistance Collaborative,
F990TAX-5f072276b577a5,PRESIDENT DIRECTOR,"PRESIDENT, DIRECTOR",non_ceo_position,general_leadership,,executive_leadership,executive,functional,current,title_keywords:general_leadership,medium,,not_a_supported_standardized_title,,none,,,,,rule_assigned,yes,none,1,0,1,Open Source Initiative,
F990TAX-5f23019b74325c,CO-CHAIR,CO-CHAIR | Co-Chair,unmapped_position,,,unclassified,unknown,uncertain,current,no_reviewed_family_match,low,,not_a_supported_standardized_title,,none,,,,,manual_review_required,no,none,7,0,3,Committee for a Responsible Federal Budget | Information Technology and Innovation Foundation | PEAK Grantmaking,Retained for manual classification; not exposed in the public Position catalog.
F990TAX-5fcc47684e3a59,DIRECTOR CLIENT SERVICES YOUTHTRUTH,"DIRECTOR, CLIENT SERVICES YOUTHTRUTH",non_ceo_position,programs,,director,senior_leader,functional,current,reviewed_record_override:reviewed_client_services_program_function,high,,not_a_supported_standardized_title,,none,,,,,reviewed_observation_override,yes,all,1,1,1,Center for Effective Philanthropy,"Primary family received an observation-level review because the filing title is truncated, organization-specific, or multi-function."
F990TAX-5fe0d5db31dd9c,DIR TRANS,DIR. TRANS.,non_ceo_position,programs,,director,senior_leader,functional,current,reviewed_record_override:reviewed_decarbonization_program_function,high,,not_a_supported_standardized_title,,none,,,,,reviewed_observation_override,yes,all,1,1,1,Clean Air Task Force,"Primary family received an observation-level review because the filing title is truncated, organization-specific, or multi-function."
F990TAX-5fe1b6a14396c4,SENIOR DIR,SENIOR DIR.,non_ceo_position,general_leadership,,director,senior_leader,functional,current,title_keywords:general_leadership,medium,,not_a_supported_standardized_title,,none,,,,,rule_assigned,yes,all,1,1,1,Clean Air Task Force,
F990TAX-603f0fd7f1f198,TECHNOLOGY AND,TECHNOLOGY &,non_ceo_position,technology,,functional_individual_contributor,individual_contributor,functional,current,title_keywords:technology,high,,not_a_supported_standardized_title,,none,,,,,rule_assigned,yes,all,1,1,1,Clean Air Task Force,
F990TAX-6046dc5e841712,CHIEF OPERATING OFFICER,CHIEF OPERATING OFFICER,non_ceo_position,operations,,chief_officer,executive,functional,former_or_partial,title_keywords:operations,high,coo,standard_coo_alias,exact,none,,,,,rule_assigned,yes,none,1,1,1,Center for Law and Social Policy,
F990TAX-6062e0e9e95fb9,TREASURER FORMER,Treasurer (Former),non_ceo_position,finance,,functional_individual_contributor,individual_contributor,functional,former_or_partial,title_keywords:finance,high,,not_a_supported_standardized_title,,none,,,,,rule_assigned,yes,none,1,0,1,Sightline Institute,
F990TAX-60a69392387db4,MANAGING DIRECTOR PARTNERSHIPS AND COMMUNICATION,"MANAGING DIRECTOR, PARTNERSHIPS & COMMUNICATION",non_ceo_position,programs,communications,managing_or_deputy_director,senior_leader,functional,current,title_keywords:programs,medium,managing_director,managing_director_alias,expanded,none,,,,,rule_assigned_multi_role,yes,all,1,1,1,Last Mile Health,
F990TAX-60e8edcab49ce0,VICE PRESIDENT EXTERNAL AFFAIRS,"VICE PRESIDENT, EXTERNAL AFFAIRS",non_ceo_position,communications,,executive_leadership,executive,functional,current,title_keywords:communications,high,vice_president,vice_president_alias,expanded,none,,,,,rule_assigned,yes,all,1,1,1,Grantmakers for Effective Organizations,
F990TAX-60f8f5c3c1e2f9,SR VP MARKETING AND COMMUNICATIONS,"SR. VP, MARKETING AND COMMUNICATIONS",non_ceo_position,communications,,vice_president,senior_leader,functional,current,title_keywords:communications,high,senior_vice_president,senior_vice_president_alias,expanded,none,,,,,rule_assigned,yes,all,1,1,1,The Humane League,
F990TAX-613cc2dcf2dd80,DIR PUBLIC POLICY AND GOV T,"DIR, PUBLIC POLICY & GOV'T",non_ceo_position,policy,,director,senior_leader,functional,current,title_keywords:policy,high,policy_director,explicit_policy_director_alias,expanded,none,,,,,rule_assigned,yes,all,1,1,1,Independent Sector,
F990TAX-6143b79f0a2e3a,DIRECTOR IT,"DIRECTOR, IT",non_ceo_position,technology,,director,senior_leader,functional,current,title_keywords:technology,high,,not_a_supported_standardized_title,,none,,,,,rule_assigned,yes,all,1,1,1,Clean Air Task Force,
F990TAX-61a4f0ddc2ee32,CHIEF OPERATING OFFICER,CHIEF OPERATING OFFICER | Chief Operating Officer,non_ceo_position,operations,,chief_officer,executive,functional,current,title_keywords:operations,high,coo,standard_coo_alias,exact,none,,,,,rule_assigned,yes,all,13,13,13,Council on Strategic Risks | Economic Policy Institute | Electronic Frontier Foundation | FAR AI | Global Health Corps | Independent Sector | Jain Family Institute | National Academy for State Health Policy,
F990TAX-61c2a6433c33f9,VICE PRESIDENT OF PHILANTHROPY,VICE PRESIDENT OF PHILANTHROPY,non_ceo_position,development,,executive_leadership,executive,functional,current,title_keywords:development,high,vice_president,vice_president_alias,expanded,none,,,,,rule_assigned,yes,all,1,1,1,Mercy For Animals,
F990TAX-6264abae762fe6,SENIOR ECONOMIST,SENIOR ECONOMIST,non_ceo_position,research,,senior_individual_contributor,individual_contributor,functional,current,title_keywords:research,high,senior_researcher,senior_research_title,expanded,none,,,,,rule_assigned,yes,all,1,1,1,Tax Foundation,
F990TAX-62e785e2b46678,DIRECTOR THRU 5/31/24,DIRECTOR THRU 5/31/24,non_ceo_position,general_leadership,,director,senior_leader,functional,former_or_partial,title_keywords:general_leadership,medium,,not_a_supported_standardized_title,,none,,,,,rule_assigned,yes,none,4,0,1,PEAK Grantmaking,
F990TAX-63a275fc9af624,MANAGING DIRECTOR UNTIL 4/23,MANAGING DIRECTOR (UNTIL 4/23),non_ceo_position,general_leadership,,managing_or_deputy_director,senior_leader,functional,former_or_partial,title_keywords:general_leadership,medium,managing_director,managing_director_alias,expanded,none,,,,,rule_assigned,yes,none,1,1,1,ideas42,
F990TAX-63d0edfff94e8b,SVP CHIEF REVENUE OFFICER,SVP CHIEF REVENUE OFFICER,non_ceo_position,development,,chief_officer,executive,functional,current,reviewed_record_override:reviewed_chief_revenue_function,high,chief_development_officer,development_chief_alias,expanded,none,,,,,reviewed_observation_override,yes,all,1,1,1,Chicago Council on Global Affairs,"Primary family received an observation-level review because the filing title is truncated, organization-specific, or multi-function."
F990TAX-6419fb6c6f65d2,DIRECTOR OF LEGISLATIVE STRATEGY,DIRECTOR OF LEGISLATIVE STRATEGY,non_ceo_position,policy,strategy,director,senior_leader,functional,current,title_keywords:policy,medium,policy_director,explicit_policy_director_alias,expanded,none,,,,,rule_assigned_multi_role,yes,all,1,1,1,Committee for a Responsible Federal Budget,
F990TAX-644b29323df019,SVP - POLICY AND GOVERNMENT RELATIONS,SVP - POLICY AND GOVERNMENT RELATIONS,non_ceo_position,policy,,functional_individual_contributor,individual_contributor,functional,current,title_keywords:policy,high,senior_vice_president,senior_vice_president_alias,expanded,none,,,,,rule_assigned,yes,all,1,1,1,Good Food Institute,
F990TAX-6457776e95010e,EXECUTIVE DIRECTOR,EXECUTIVE DIRECTOR | Executive Director,canonical_ceo,,,chief_executive,executive,organization_wide,current,validated_ceo_name_override,high,,not_a_supported_standardized_title,,none,,,,,rule_assigned,no,none,27,27,27,American Immigration Council | Animal Legal Defense Fund | Arms Control Association | Center for Arms Control and Non-Proliferation | Center for Open Science | Electronic Frontier Foundation | Energy for Growth Hub | Food Animal Concerns Trust,CEO rows remain governed by validated_form990_compensation.csv and are not a generic position family.
F990TAX-6485b0f92d4765,SVP AND COO,SVP & COO,non_ceo_position,operations,,chief_officer,executive,functional,current,title_keywords:operations,high,coo,standard_coo_alias,standard_abbreviation,none,,,,,rule_assigned,yes,all,1,1,1,Chicago Council on Global Affairs,
F990TAX-64904e228104f7,VICE PRESIDENT PUBLICATIONS AND EDUCATION,"Vice President, Publications & Education",non_ceo_position,communications,programs,executive_leadership,executive,functional,current,reviewed_record_override:reviewed_publications_primary_function,high,vice_president,vice_president_alias,expanded,none,,SRC-POSITION-ELI-RACHEL-JEAN-BAPTISTE,https://www.eli.org/bios/rachel-jean-baptiste,benchmark/sources/native/supporting/position_classification/eli-rachel-jean-baptiste.html,reviewed_observation_override,yes,all,1,1,1,Environmental Law Institute,"Primary family received an observation-level review because the filing title is truncated, organization-specific, or multi-function. | Confirms responsibility for ELI's print and online publications, supporting Communications primary. Source: benchmark/sources/native/supporting/position_classification/eli-rachel-jean-baptiste.html (https://www.eli.org/bios/rachel-jean-baptiste)"
F990TAX-64e63720a643f1,SR SCIENTIST,Sr. Scientist,non_ceo_position,research,,senior_individual_contributor,individual_contributor,functional,current,title_keywords:research,high,senior_researcher,senior_research_title,expanded,none,,,,,rule_assigned,yes,all,1,1,1,San Francisco Estuary Institute,
F990TAX-653b76e755c656,MEMBER UNTIL 11/13/2025,MEMBER (UNTIL 11/13/2025),unmapped_position,,,unclassified,unknown,uncertain,former_or_partial,no_reviewed_family_match,low,,not_a_supported_standardized_title,,none,,,,,manual_review_required,no,none,1,0,1,Exponent Philanthropy,Retained for manual classification; not exposed in the public Position catalog.
F990TAX-656ae17eefddf6,CHAIR,CHAIR | Chair,governance,,,board_governance,governance,governance,current,part_vii_board_flag_and_board_title,high,,not_a_supported_standardized_title,,none,,,,,rule_assigned,no,none,56,1,56,Alliance for Health Policy | Animal Legal Defense Fund | Animal Welfare Institute | Arms Control Association | Bipartisan Policy Center | Center for AI and Digital Policy | Center for Arms Control and Non-Proliferation | Center for Climate and Energy Solutions,
F990TAX-6589378ea41eed,COO AND SECRETARY FROM 03/2025,COO AND SECRETARY (FROM 03/2025),non_ceo_position,operations,,chief_officer,executive,functional,former_or_partial,title_keywords:operations,high,coo,standard_coo_alias,standard_abbreviation,none,,,,,rule_assigned,yes,none,1,1,1,Code for Science & Society,
F990TAX-65a5e3dfb5a947,SVP OF COMMUNICATIONS,SVP OF COMMUNICATIONS,non_ceo_position,communications,,functional_individual_contributor,individual_contributor,functional,current,title_keywords:communications,high,senior_vice_president,senior_vice_president_alias,expanded,none,,,,,rule_assigned,yes,all,1,1,1,Bipartisan Policy Center,
F990TAX-663c38c1b76c2c,EDITORIAL DIRECTOR,EDITORIAL DIRECTOR,non_ceo_position,communications,,director,senior_leader,functional,current,title_keywords:communications,high,communications_director,explicit_communications_director_alias,expanded,none,,,,,rule_assigned,yes,all,1,1,1,Jain Family Institute,
F990TAX-66d62a36d2fa35,GEN COUNSEL SECRETARY TREASURER,"GEN. COUNSEL, SECRETARY, TREASURER",non_ceo_position,legal,finance,functional_individual_contributor,individual_contributor,functional,current,reviewed_record_override:reviewed_general_counsel_primary_function,high,general_counsel,general_counsel_or_clo_alias,expanded,none,,,,,reviewed_observation_override,yes,all,1,1,1,Good Food Institute,"Primary family received an observation-level review because the filing title is truncated, organization-specific, or multi-function."
F990TAX-66f8a1c2a6f55b,STRATEGY AND PUBLIC ENGAGEMENT,STRATEGY & PUBLIC ENGAGEMENT,non_ceo_position,strategy,communications,functional_individual_contributor,individual_contributor,functional,current,title_keywords:strategy,medium,,not_a_supported_standardized_title,,none,,,,,rule_assigned_multi_role,yes,all,1,1,1,Research!America,
F990TAX-66fe640a89340f,PRESIDENT AND CEO AND BOARD SECRETARY,PRESIDENT & CEO AND BOARD SECRETARY,canonical_ceo,,,chief_executive,executive,organization_wide,current,validated_ceo_name_override,high,,not_a_supported_standardized_title,,none,,,,,rule_assigned,no,none,1,1,1,Tax Foundation,CEO rows remain governed by validated_form990_compensation.csv and are not a generic position family.
F990TAX-6721995d270ea8,VP DEVELOPMENT AND MEMBERSHIP,VP DEVELOPMENT & MEMBERSHIP,non_ceo_position,development,,vice_president,senior_leader,functional,current,title_keywords:development,high,vice_president,vice_president_alias,expanded,none,,,,,rule_assigned,yes,all,1,1,1,Research!America,
F990TAX-672263399215d1,CHIEF COMMUNICATION OFFICE,CHIEF COMMUNICATION OFFICE,non_ceo_position,communications,,chief_officer,executive,functional,current,title_keywords:communications,high,chief_communications_officer,communications_chief_alias,expanded,none,,,,,rule_assigned,yes,all,1,1,1,World Justice Project,
F990TAX-676fccc34723b3,DEVELOPMENT DIRECTOR,DEVELOPMENT DIRECTOR,non_ceo_position,development,,director,senior_leader,functional,current,title_keywords:development,high,development_director,explicit_development_director_alias,expanded,none,,,,,rule_assigned,yes,all,2,2,2,Ploughshares Fund | Precision Development,
F990TAX-678a3b7188c140,EDITOR PHENOMENAL WORLD,"EDITOR, PHENOMENAL WORLD",non_ceo_position,communications,,functional_individual_contributor,individual_contributor,functional,current,title_keywords:communications,high,,not_a_supported_standardized_title,,none,,,,,rule_assigned,yes,all,1,1,1,Jain Family Institute,
F990TAX-67f343fadfeda3,VICE CHAIR AND DIRECTOR,VICE CHAIR AND DIRECTOR,non_ceo_position,general_leadership,,director,senior_leader,functional,current,title_keywords:general_leadership,medium,,not_a_supported_standardized_title,,none,,,,,rule_assigned,yes,none,1,0,1,Mercy For Animals,
F990TAX-68856f8a48abdc,VP YOUTHTRUTH,"VP, YOUTHTRUTH",non_ceo_position,programs,,vice_president,senior_leader,functional,current,reviewed_record_override:reviewed_youthtruth_program_function,high,vice_president,vice_president_alias,expanded,none,,,,,reviewed_observation_override,yes,all,1,1,1,Center for Effective Philanthropy,"Primary family received an observation-level review because the filing title is truncated, organization-specific, or multi-function."
F990TAX-6946a1fb838055,HEAD OF COMMUNICATIONS,HEAD OF COMMUNICATIONS,non_ceo_position,communications,,head_or_lead,senior_leader,functional,current,title_keywords:communications,high,,not_a_supported_standardized_title,,none,,,,,rule_assigned,yes,all,1,1,1,Partnership on AI,
F990TAX-699ed9fe714651,SVP MARKETING,"SVP, MARKETING",non_ceo_position,communications,,functional_individual_contributor,individual_contributor,functional,current,title_keywords:communications,high,senior_vice_president,senior_vice_president_alias,expanded,none,,,,,rule_assigned,yes,all,1,1,1,Chicago Council on Global Affairs,
F990TAX-69dbafaea357e7,FOUNDER CHAIR,"FOUNDER, CHAIR",unmapped_position,,,unclassified,unknown,uncertain,current,no_reviewed_family_match,low,,not_a_supported_standardized_title,,none,,,,,manual_review_required,no,none,1,0,1,Living Goods,Retained for manual classification; not exposed in the public Position catalog.
F990TAX-69e1f229359417,DIRECTORCHAIR,DirectorChair,unmapped_position,,,unclassified,unknown,uncertain,current,no_reviewed_family_match,low,,not_a_supported_standardized_title,,none,,,,,manual_review_required,no,none,1,0,1,Center for Responsible Lending,Retained for manual classification; not exposed in the public Position catalog.
F990TAX-6a26f73c95e15e,VP FINANCE AND OPS TECHNOLOGY/TREASURER,"VP, FINANCE & OPS,TECHNOLOGY/TREASURER",non_ceo_position,finance,operations;technology,vice_president,senior_leader,functional,current,title_keywords:finance,medium,vice_president,vice_president_alias,expanded,none,,,,,rule_assigned_multi_role,yes,all,1,1,1,Center for Effective Philanthropy,
F990TAX-6a54a0e93c87d3,CDO START 11/23,CDO (START 11/23),non_ceo_position,development,,chief_officer,executive,functional,former_or_partial,title_keywords:development,high,,not_a_supported_standardized_title,,none,,,,,rule_assigned,yes,none,1,1,1,Farm Sanctuary,
F990TAX-6a7800d0246d4e,PROGRAM COMMITTEE CHAIR,Program Committee Chair,non_ceo_position,programs,,functional_individual_contributor,individual_contributor,functional,current,title_keywords:programs,high,,not_a_supported_standardized_title,,none,,,,,rule_assigned,yes,none,1,0,1,Alliance for Health Policy,
F990TAX-6aa3a4f363a1eb,FORMER CHAIR,FORMER CHAIR,unmapped_position,,,unclassified,unknown,uncertain,former_or_partial,no_reviewed_family_match,low,,not_a_supported_standardized_title,,none,,,,,manual_review_required,no,none,1,0,1,Public Religion Research Institute,Retained for manual classification; not exposed in the public Position catalog.
F990TAX-6ac80fb4daa509,CHIEF FINANCIAL OFFICER TREASURER AND VP,"Chief Financial Officer, Treasurer, and VP",non_ceo_position,finance,,chief_officer,executive,functional,current,title_keywords:finance,high,cfo,standard_cfo_alias,exact,none,,,,,rule_assigned,yes,all,1,1,1,Nuclear Threat Initiative,
F990TAX-6ae735be86810c,CHIEF OF PHILANTHROPICAL P,CHIEF OF PHILANTHROPICAL P,non_ceo_position,development,,chief_officer,executive,functional,current,title_keywords:development,high,,not_a_supported_standardized_title,,none,,,,,rule_assigned,yes,all,1,1,1,World Justice Project,
F990TAX-6b0f728efba899,SVP PROGRAMS,SVP PROGRAMS,non_ceo_position,programs,,functional_individual_contributor,individual_contributor,functional,current,title_keywords:programs,high,senior_vice_president,senior_vice_president_alias,expanded,none,,,,,rule_assigned,yes,all,1,1,1,Open Technology Fund,
F990TAX-6b2269b96d892b,DIRECTOR FOR YOUTH AND EDUCATION,DIRECTOR FOR YOUTH & EDUCATION,non_ceo_position,programs,,director,senior_leader,functional,current,title_keywords:programs,high,,not_a_supported_standardized_title,,none,,,,,rule_assigned,yes,all,1,1,1,Future of Privacy Forum,
F990TAX-6b3c8573082f6a,SVP COMMUNICATIONS,SVP COMMUNICATIONS,non_ceo_position,communications,,functional_individual_contributor,individual_contributor,functional,current,title_keywords:communications,high,senior_vice_president,senior_vice_president_alias,expanded,none,,,,,rule_assigned,yes,all,1,1,1,Roosevelt Institute,
F990TAX-6b3d2b68941f91,CHAIRPERSON FROM 4/2024,Chairperson from 4/2024,unmapped_position,,,unclassified,unknown,uncertain,former_or_partial,no_reviewed_family_match,low,,not_a_supported_standardized_title,,none,,,,,manual_review_required,no,none,1,0,1,NumFOCUS,Retained for manual classification; not exposed in the public Position catalog.
F990TAX-6bbe82b7676c66,VP OF FINANCE,VP OF FINANCE,non_ceo_position,finance,,vice_president,senior_leader,functional,current,title_keywords:finance,high,vice_president,vice_president_alias,expanded,none,,,,,rule_assigned,yes,all,1,1,1,Institute for Women’s Policy Research,
F990TAX-6be083fe9382b2,CHIEF PROGRAM OFFICER,CHIEF PROGRAM OFFICER,non_ceo_position,programs,,chief_officer,executive,functional,current,title_keywords:programs,high,chief_program_officer,program_chief_alias,expanded,none,,,,,rule_assigned,yes,all,2,2,2,Climate Central | Global Health Corps,
F990TAX-6c2560beb54058,EXECUTIVE DIRECTOR HEALTH,"EXECUTIVE DIRECTOR, HEALTH",generic_ceo_like,,,chief_executive,executive,program_or_affiliate,current,ceo_like_title_not_authoritative_ceo,medium,,not_a_supported_standardized_title,,none,,,,,manual_review_required,no,none,1,1,1,Bipartisan Policy Center,CEO rows remain governed by validated_form990_compensation.csv and are not a generic position family.
F990TAX-6c2cd4d9f585c6,EXEC VP ACCELERATOR AND PROGRAMS,"EXEC. VP, ACCELERATOR & PROGRAMS",non_ceo_position,programs,,vice_president,senior_leader,functional,current,title_keywords:programs,high,executive_vice_president,executive_vice_president_alias,expanded,none,,,,,rule_assigned,yes,all,1,1,1,Evidence Action,
F990TAX-6cad1d7005f407,PRESIDENT EMERITUS,PRESIDENT EMERITUS,non_ceo_position,general_leadership,,executive_leadership,executive,functional,current,title_keywords:general_leadership,medium,,not_a_supported_standardized_title,,none,,,,,rule_assigned,yes,none,1,0,1,American Security Project,
F990TAX-6cc15a3a78d335,CHIEF MEDICAL ADVISOR,CHIEF MEDICAL ADVISOR,unmapped_position,,,chief_officer,executive,uncertain,current,no_reviewed_family_match,low,,not_a_supported_standardized_title,,none,,,,,manual_review_required,no,none,1,1,1,Bipartisan Policy Center,Retained for manual classification; not exposed in the public Position catalog.
F990TAX-6d0112eedfccee,DIRECTOR TO 8/2024,DIRECTOR (TO 8/2024),non_ceo_position,general_leadership,,director,senior_leader,functional,former_or_partial,title_keywords:general_leadership,medium,,not_a_supported_standardized_title,,none,,,,,rule_assigned,yes,none,1,0,1,The Humane League,
F990TAX-6d1f621baf9103,DIRECTOR OF PROJECTS AND STRATEGY,DIRECTOR OF PROJECTS AND STRATEGY,non_ceo_position,programs,strategy,director,senior_leader,functional,current,title_keywords:programs,medium,,not_a_supported_standardized_title,,none,,,,,rule_assigned_multi_role,yes,all,1,1,1,Center for Economic and Policy Research,
F990TAX-6d34e9279834b1,CEO AND CHIEF SCIENTIST,CEO & CHIEF SCIENTIST,canonical_ceo,,research,chief_executive,executive,organization_wide,current,validated_ceo_name_override,high,,not_a_supported_standardized_title,,none,,,,,rule_assigned_multi_role,no,none,1,1,1,Climate Central,CEO rows remain governed by validated_form990_compensation.csv and are not a generic position family.
F990TAX-6dcaa3c1ca5568,DIRECTOR OF DEVELOPMENT OPERATIONS,Director of Development Operations,non_ceo_position,development,operations,director,senior_leader,functional,current,title_keywords:development,medium,development_director,explicit_development_director_alias,expanded,none,,,,,rule_assigned_multi_role,yes,all,1,1,1,Alliance for Health Policy,
F990TAX-6dd34d6e196f58,LEAD RESEARCHER,LEAD RESEARCHER,non_ceo_position,research,,head_or_lead,senior_leader,functional,current,title_keywords:research,high,,not_a_supported_standardized_title,,none,,,,,rule_assigned,yes,all,1,1,1,Jain Family Institute,
F990TAX-6ee59320fb3116,BOARD OF DIRECTOR,BOARD OF DIRECTOR,non_ceo_position,general_leadership,,director,senior_leader,functional,current,title_keywords:general_leadership,medium,,not_a_supported_standardized_title,,none,,,,,rule_assigned,yes,none,9,0,1,Independent Sector,
F990TAX-6f441cb0d33353,CHIEF ADMINISTRATIVE OFFIC,Chief Administrative Offic,non_ceo_position,operations,,chief_officer,executive,functional,current,title_keywords:operations,high,,not_a_supported_standardized_title,,none,,,,,rule_assigned,yes,all,1,1,1,Charity Navigator,
F990TAX-7018caf0ef3505,VICE PRESIDENT DIRECTOR,"VICE PRESIDENT, DIRECTOR",non_ceo_position,general_leadership,,executive_leadership,executive,functional,current,title_keywords:general_leadership,medium,vice_president,vice_president_alias,expanded,none,,,,,rule_assigned,yes,none,1,0,1,Open Source Initiative,
F990TAX-702ec9e1b04d46,EXECUTIVE LEAD POLICY AND PROGRAMS,"EXECUTIVE LEAD, POLICY AND PROGRAMS",non_ceo_position,policy,programs,head_or_lead,senior_leader,functional,current,title_keywords:policy,medium,,not_a_supported_standardized_title,,none,,,,,rule_assigned_multi_role,yes,all,1,1,1,Fresh Energy,
F990TAX-704f7f8bfe6cb0,STRATEGIC ENERGY FINANCE ADVISOR ASIA,"STRATEGIC ENERGY FINANCE ADVISOR, ASIA",non_ceo_position,research,finance;strategy,senior_individual_contributor,individual_contributor,functional,current,reviewed_record_override:reviewed_energy_finance_research_function,high,,not_a_supported_standardized_title,,none,,,,,reviewed_observation_override,yes,all,1,1,1,Institute for Energy Economics and Financial Analysis,"Primary family received an observation-level review because the filing title is truncated, organization-specific, or multi-function."
F990TAX-70584ae5fa1852,SENIOR LEAD PUBLIC AFFAIRS AND ADVOCACY,"SENIOR LEAD, PUBLIC AFFAIRS AND ADVOCACY",non_ceo_position,communications,policy,head_or_lead,senior_leader,functional,current,title_keywords:communications,medium,,not_a_supported_standardized_title,,none,,,,,rule_assigned_multi_role,yes,all,1,1,1,Fresh Energy,
F990TAX-70c0fb1af1ce2e,VP ASSESSMENT AND ADVISORY SERVICES,"VP, ASSESSMENT & ADVISORY SERVICES",non_ceo_position,research,programs,vice_president,senior_leader,functional,current,reviewed_record_override:reviewed_assessment_and_advisory_function,high,vice_president,vice_president_alias,expanded,none,,,,,reviewed_observation_override,yes,all,1,1,1,Center for Effective Philanthropy,"Primary family received an observation-level review because the filing title is truncated, organization-specific, or multi-function."
F990TAX-70de27a6cc3d21,IMMED PAST CHAIR THRU 06/1/22,IMMED PAST CHAIR(THRU 06/1/22),unmapped_position,,,unclassified,unknown,uncertain,former_or_partial,no_reviewed_family_match,low,,not_a_supported_standardized_title,,none,,,,,manual_review_required,no,none,1,0,1,Guttmacher Institute,Retained for manual classification; not exposed in the public Position catalog.
F990TAX-70f72c9841bb96,SR COMMUNCATIONS ASS,SR. COMMUNCATIONS ASS,unmapped_position,,,senior_individual_contributor,individual_contributor,uncertain,current,no_reviewed_family_match,low,,not_a_supported_standardized_title,,none,,,,,manual_review_required,no,none,1,1,1,Public Religion Research Institute,Retained for manual classification; not exposed in the public Position catalog.
F990TAX-71389af480c2ef,HEAD OF AI SAFETY,HEAD OF AI SAFETY,non_ceo_position,research,,head_or_lead,senior_leader,functional,current,reviewed_record_override:reviewed_ai_safety_research_function,high,,not_a_supported_standardized_title,,none,,,,,reviewed_observation_override,yes,all,1,1,1,Partnership on AI,"Primary family received an observation-level review because the filing title is truncated, organization-specific, or multi-function."
F990TAX-721a62857346ce,PRESIDENTCEO - UNTIL 224,PresidentCEO - Until 224,generic_ceo_like,,,chief_executive,executive,uncertain,former_or_partial,ceo_like_title_not_authoritative_ceo,medium,,not_a_supported_standardized_title,,none,,,,,manual_review_required,no,none,1,1,1,Alliance for Health Policy,CEO rows remain governed by validated_form990_compensation.csv and are not a generic position family.
F990TAX-7222da3aa4778e,VP FOR RESEARCH,VP FOR RESEARCH,non_ceo_position,research,,vice_president,senior_leader,functional,current,title_keywords:research,high,vice_president,vice_president_alias,expanded,none,,,,,rule_assigned,yes,all,1,1,1,Guttmacher Institute,
F990TAX-723b8740ec92ab,TREASURER UNTIL 7/2023/DIRECTOR,TREASURER UNTIL 7/2023/DIRECTOR,non_ceo_position,finance,,director,senior_leader,functional,former_or_partial,title_keywords:finance,high,,not_a_supported_standardized_title,,none,,,,,rule_assigned,yes,none,1,0,1,Precision Development,
F990TAX-72f2ee9e43c666,EDITOR,EDITOR,non_ceo_position,communications,,functional_individual_contributor,individual_contributor,functional,current,title_keywords:communications,high,,not_a_supported_standardized_title,,none,,,,,rule_assigned,yes,all,2,2,1,Center for Public Integrity,
F990TAX-73d8cf4f8d9b4d,BOARD MEMBER UNTIL 07/31/24,"BOARD MEMBER, (UNTIL 07/31/24)",unmapped_position,,,unclassified,unknown,uncertain,former_or_partial,no_reviewed_family_match,low,,not_a_supported_standardized_title,,none,,,,,manual_review_required,no,none,1,0,1,R Street Institute,Retained for manual classification; not exposed in the public Position catalog.
F990TAX-747813962beca3,GENERAL COUNSEL/SEC,GENERAL COUNSEL/SEC.,non_ceo_position,legal,,functional_individual_contributor,individual_contributor,functional,current,title_keywords:legal,high,general_counsel,general_counsel_or_clo_alias,exact,none,,,,,rule_assigned,yes,all,1,1,1,Creative Commons,
F990TAX-75616b178c4f4c,CHIEF OF STRATEGIC COMMUNICATIONS,Chief of Strategic Communications,non_ceo_position,communications,strategy,chief_officer,executive,functional,current,title_keywords:communications,medium,,not_a_supported_standardized_title,,none,,,,,rule_assigned_multi_role,yes,all,1,1,1,Learning Policy Institute,
F990TAX-7590e64bd17e37,PRESIDENT FROM 4/2024,President from 4/2024,non_ceo_position,general_leadership,,executive_leadership,executive,functional,former_or_partial,title_keywords:general_leadership,medium,,not_a_supported_standardized_title,,none,,,,,rule_assigned,yes,none,1,0,1,NumFOCUS,
F990TAX-7592764496deac,DIRECTOR THRU 9/24/24,DIRECTOR THRU 9/24/24,non_ceo_position,general_leadership,,director,senior_leader,functional,former_or_partial,title_keywords:general_leadership,medium,,not_a_supported_standardized_title,,none,,,,,rule_assigned,yes,none,1,0,1,PEAK Grantmaking,
F990TAX-75e3012c2672bd,DIRECTOR RESEARCH AND POLICY ANALYSIS,"DIRECTOR, RESEARCH & POLICY ANALYSIS",non_ceo_position,research,policy,director,senior_leader,functional,current,title_keywords:research,medium,research_director,explicit_research_director_alias,expanded,none,,,,,rule_assigned_multi_role,yes,all,1,1,1,Independent Sector,
F990TAX-75ef882843a53d,SENIOR MANAGING DIRECTOR OF PUBLIC POLICY,SENIOR MANAGING DIRECTOR OF PUBLIC POLICY,non_ceo_position,policy,,managing_or_deputy_director,senior_leader,functional,current,title_keywords:policy,high,managing_director,managing_director_alias,expanded,none,,,,,rule_assigned,yes,all,1,1,1,Partnership on AI,
F990TAX-762a480f150526,ENERGY FINANCE ANALYST,ENERGY FINANCE ANALYST,non_ceo_position,research,finance,functional_individual_contributor,individual_contributor,functional,current,reviewed_record_override:reviewed_energy_finance_analyst_function,high,,not_a_supported_standardized_title,,none,,,,,reviewed_observation_override,yes,all,1,1,1,Institute for Energy Economics and Financial Analysis,"Primary family received an observation-level review because the filing title is truncated, organization-specific, or multi-function."
F990TAX-762c47499dd2a0,DIRECTOR OF ENERGY ANALYSIS,DIRECTOR OF ENERGY ANALYSIS,non_ceo_position,research,,director,senior_leader,functional,current,title_keywords:research,high,,not_a_supported_standardized_title,,none,,,,,rule_assigned,yes,all,1,1,1,Center for Climate and Energy Solutions,
F990TAX-76572982e1b3b3,DIRECTOR - SECRETARY,DIRECTOR - SECRETARY,non_ceo_position,general_leadership,,director,senior_leader,functional,current,title_keywords:general_leadership,medium,,not_a_supported_standardized_title,,none,,,,,rule_assigned,yes,none,1,0,1,New America,
F990TAX-769a7764aa4335,DIRECTOR OF PEOPLE OPERATIONS UNTIL 10/23,DIRECTOR OF PEOPLE OPERATIONS (UNTIL 10/23),non_ceo_position,people,operations,director,senior_leader,functional,former_or_partial,title_keywords:people,medium,,not_a_supported_standardized_title,,none,,,,,rule_assigned_multi_role,yes,none,1,1,1,ideas42,
F990TAX-76f8eb8cac5d03,CO-DIRECTOR/TREASURER,CO-DIRECTOR/TREASURER,canonical_ceo,,finance,chief_executive,executive,organization_wide,current,validated_ceo_name_override,high,,not_a_supported_standardized_title,,none,,,,,rule_assigned_multi_role,no,none,1,1,1,Center for Economic and Policy Research,CEO rows remain governed by validated_form990_compensation.csv and are not a generic position family.
F990TAX-7746558db9e622,SENIOR VP GOVT AFFAIRS,SENIOR VP GOVT AFFAIRS,non_ceo_position,policy,,vice_president,senior_leader,functional,current,title_keywords:policy,high,senior_vice_president,senior_vice_president_alias,expanded,none,,,,,rule_assigned,yes,all,1,1,1,Niskanen Center,
F990TAX-77b3841d8ce04c,PRINCIPAL COMPUTATIONAL SCIENTIST,PRINCIPAL COMPUTATIONAL SCIENTIST,non_ceo_position,research,,senior_individual_contributor,individual_contributor,functional,current,title_keywords:research,high,senior_researcher,senior_research_title,expanded,none,,,,,rule_assigned,yes,all,1,1,1,Climate Central,
F990TAX-77cbec138112e0,TREASURER THRU 10/2024,TREASURER (THRU 10/2024),non_ceo_position,finance,,functional_individual_contributor,individual_contributor,functional,former_or_partial,title_keywords:finance,high,,not_a_supported_standardized_title,,none,,,,,rule_assigned,yes,none,1,0,1,Independent Sector,
F990TAX-78c0c60ad03ee3,DIRECTOR THRU 12/1/24,DIRECTOR (THRU 12/1/24),non_ceo_position,general_leadership,,director,senior_leader,functional,former_or_partial,title_keywords:general_leadership,medium,,not_a_supported_standardized_title,,none,,,,,rule_assigned,yes,none,1,0,1,Animal Legal Defense Fund,
F990TAX-78d1263254a97d,MANAGING DIR,MANAGING DIR,non_ceo_position,general_leadership,,managing_or_deputy_director,senior_leader,functional,current,title_keywords:general_leadership,medium,managing_director,managing_director_alias,expanded,none,,,,,rule_assigned,yes,all,1,1,1,Project Drawdown,
F990TAX-790da5e37f67c6,SENIOR DIRECTOR HARM REDUCTION,"SENIOR DIRECTOR, HARM REDUCTION",non_ceo_position,policy,,director,senior_leader,functional,current,reviewed_record_override:reviewed_harm_reduction_policy_function,high,,not_a_supported_standardized_title,,none,,,,,reviewed_observation_override,yes,all,1,1,1,R Street Institute,"Primary family received an observation-level review because the filing title is truncated, organization-specific, or multi-function."
F990TAX-798686755906a1,PRESIDENT,PRESIDENT | President,non_ceo_position,general_leadership,,executive_leadership,executive,functional,current,title_keywords:general_leadership,medium,,not_a_supported_standardized_title,,none,,,,,rule_assigned,yes,some,12,2,12,Center for Economic and Policy Research | Center for Responsible Lending | Center for a Humane Economy | Institute for Energy Economics and Financial Analysis | Lawfare Institute | MuckRock Foundation | Physicians Committee for Responsible Medicine | Physicians for Social Responsibility,
F990TAX-79a75e81ad38ef,DIRECTOR - UNTIL 06/2024,DIRECTOR - UNTIL 06/2024,non_ceo_position,general_leadership,,director,senior_leader,functional,former_or_partial,title_keywords:general_leadership,medium,,not_a_supported_standardized_title,,none,,,,,rule_assigned,yes,none,2,0,1,Bipartisan Policy Center,
F990TAX-79c9086804e8e1,SR DATA SCIE,SR DATA SCIE,non_ceo_position,technology,research,senior_individual_contributor,individual_contributor,functional,current,title_keywords:technology,medium,,not_a_supported_standardized_title,,none,,,,,rule_assigned_multi_role,yes,all,1,1,1,WattTime,
F990TAX-79eb42aad46d19,LITIGATION DIRECTOR,LITIGATION DIRECTOR,non_ceo_position,legal,,director,senior_leader,functional,current,title_keywords:legal,high,,not_a_supported_standardized_title,,none,,,,,rule_assigned,yes,all,1,1,1,Animal Legal Defense Fund,
F990TAX-7aba9180c037a8,VICE PRESIDENT FOR FINANCE,VICE PRESIDENT FOR FINANCE,non_ceo_position,finance,,executive_leadership,executive,functional,current,title_keywords:finance,high,vice_president,vice_president_alias,expanded,none,,,,,rule_assigned,yes,all,1,1,1,Climate Central,
F990TAX-7abfe19f3a8070,PRESIDENT AND CEO UNTIL 5/2024,President & CEO (Until 5/2024),canonical_ceo,,,chief_executive,executive,organization_wide,former_or_partial,validated_ceo_name_override,high,,not_a_supported_standardized_title,,none,,,,,rule_assigned,no,none,1,1,1,Population Reference Bureau,CEO rows remain governed by validated_form990_compensation.csv and are not a generic position family.
F990TAX-7b0df923d3a671,TREASURER,TREASURER | Treasurer,non_ceo_position,finance,,functional_individual_contributor,individual_contributor,functional,current,title_keywords:finance,high,,not_a_supported_standardized_title,,none,,,,,rule_assigned,yes,all,3,3,3,Bipartisan Policy Center | Center for Responsible Lending | Project Healthy Children,
F990TAX-7b5b913be669af,FINANCE DIRECTOR,FINANCE DIRECTOR,non_ceo_position,finance,,director,senior_leader,functional,current,title_keywords:finance,high,finance_director,explicit_finance_director_alias,expanded,none,,,,,rule_assigned,yes,all,1,1,1,Animal Legal Defense Fund,
F990TAX-7b9376a9e46cda,CHIEF INNOVATION OFFICER,CHIEF INNOVATION OFFICER,non_ceo_position,strategy,,chief_officer,executive,functional,current,reviewed_record_override:reviewed_chief_innovation_function,high,chief_strategy_officer,strategy_chief_alias,expanded,none,,,,,reviewed_observation_override,yes,all,1,1,1,ideas42,"Primary family received an observation-level review because the filing title is truncated, organization-specific, or multi-function."
F990TAX-7baf2bdbe57474,SR DIRECTOR OF DEVELOPMENT AND COMM,SR. DIRECTOR OF DEVELOPMENT & COMM,non_ceo_position,development,communications,director,senior_leader,functional,current,title_keywords:development,medium,development_director,explicit_development_director_alias,expanded,none,,,,,rule_assigned_multi_role,yes,all,1,1,1,Global Health Corps,
F990TAX-7be49c29cb50b1,DIRECTOR INTERNATIONAL PROGRAMS,"DIRECTOR, INTERNATIONAL PROGRAMS",non_ceo_position,programs,,director,senior_leader,functional,current,title_keywords:programs,high,program_director,explicit_program_director_alias,expanded,none,,,,,rule_assigned,yes,all,1,1,1,Center for Economic and Policy Research,
F990TAX-7beaf2e77bd66b,VP FOR ENGAGEMENT,VP FOR ENGAGEMENT,non_ceo_position,general_leadership,,vice_president,senior_leader,functional,current,title_keywords:general_leadership,medium,vice_president,vice_president_alias,expanded,none,,,,,rule_assigned,yes,all,1,1,1,Climate Central,
F990TAX-7bf9532271e4c2,DIRECTOR OF MOVEMENT BUILDING,DIRECTOR OF MOVEMENT BUILDING,non_ceo_position,programs,policy,director,senior_leader,functional,current,reviewed_record_override:reviewed_movement_building_program_function,high,,not_a_supported_standardized_title,,none,,,,,reviewed_observation_override,yes,all,1,1,1,Demos,"Primary family received an observation-level review because the filing title is truncated, organization-specific, or multi-function."
F990TAX-7c81148a70fed5,NETWORK PHILANTHROPY DIRECTOR,NETWORK PHILANTHROPY DIRECTOR,non_ceo_position,development,,director,senior_leader,functional,current,title_keywords:development,high,development_director,explicit_development_director_alias,expanded,none,,,,,rule_assigned,yes,all,1,1,1,Institute for Nonprofit News,
F990TAX-7c94c4159713a7,BOARD CHAIRWOMAN,BOARD CHAIRWOMAN,governance,,,board_governance,governance,governance,current,part_vii_board_flag_and_board_title,high,,not_a_supported_standardized_title,,none,,,,,rule_assigned,no,none,1,0,1,R Street Institute,
F990TAX-7ca2dc344c1b66,DIRECTOR OF STRATEGIC COMMUNICATIONS,DIRECTOR OF STRATEGIC COMMUNICATIONS,non_ceo_position,communications,strategy,director,senior_leader,functional,current,title_keywords:communications,medium,communications_director,explicit_communications_director_alias,expanded,none,,,,,rule_assigned_multi_role,yes,all,1,1,1,National Committee for Responsive Philanthropy,
F990TAX-7ca3de865a758f,CHIEF STRATEGY OFFICER,CHIEF STRATEGY OFFICER,non_ceo_position,strategy,,chief_officer,executive,functional,current,title_keywords:strategy,high,chief_strategy_officer,strategy_chief_alias,expanded,none,,,,,rule_assigned,yes,all,2,2,2,Independent Sector | Institute for Security and Technology,
F990TAX-7cbfa4dd346d84,CLERK,CLERK,unmapped_position,,,unclassified,unknown,uncertain,current,no_reviewed_family_match,low,,not_a_supported_standardized_title,,none,,,,,manual_review_required,no,none,1,1,1,Clean Air Task Force,Retained for manual classification; not exposed in the public Position catalog.
F990TAX-7d19f07b67b615,DIR OF TECH FOREIGN EMPLOYEE,DIR. OF TECH. (FOREIGN EMPLOYEE),non_ceo_position,technology,,director,senior_leader,functional,current,reviewed_record_override:reviewed_technology_function_truncation,high,,not_a_supported_standardized_title,,none,,,,,reviewed_observation_override,yes,all,1,1,1,ORCID,"Primary family received an observation-level review because the filing title is truncated, organization-specific, or multi-function."
F990TAX-7d66a16b73a87f,DIR OF PART,DIR. OF PART,non_ceo_position,programs,,director,senior_leader,functional,current,reviewed_record_override:reviewed_partnership_function,high,,not_a_supported_standardized_title,,none,,,,,reviewed_observation_override,yes,all,1,1,1,WattTime,"Primary family received an observation-level review because the filing title is truncated, organization-specific, or multi-function."
F990TAX-7d9346542a59ce,VP MARKETING,"VP, Marketing",non_ceo_position,communications,,vice_president,senior_leader,functional,current,title_keywords:communications,high,vice_president,vice_president_alias,expanded,none,,,,,rule_assigned,yes,all,1,1,1,Charity Navigator,
F990TAX-7de2830a4948bd,EXECUTIVE VICE PRESIDENT,EXECUTIVE VICE PRESIDENT | Executive Vice President,non_ceo_position,general_leadership,,executive_leadership,executive,functional,current,title_keywords:general_leadership,medium,executive_vice_president,executive_vice_president_alias,expanded,none,,,,,rule_assigned,yes,all,6,6,6,Center for a New American Security | Economic Innovation Group | Grantmakers for Effective Organizations | Guttmacher Institute | Niskanen Center | Quincy Institute for Responsible Statecraft,
F990TAX-7dffac165ca75d,CHIEF OPERATIONS OFFICER,CHIEF OPERATIONS OFFICER,non_ceo_position,operations,,chief_officer,executive,functional,current,title_keywords:operations,high,coo,standard_coo_alias,exact,none,,,,,rule_assigned,yes,all,1,1,1,Animal Welfare Institute,
F990TAX-7e5528a9125372,SECRETARY AND TREASURER,SECRETARY & TREASURER,governance,,,board_governance,governance,governance,current,part_vii_board_flag_and_board_title,high,,not_a_supported_standardized_title,,none,,,,,rule_assigned,no,none,1,0,1,Quincy Institute for Responsible Statecraft,
F990TAX-7ea51dea7c2ce4,VP OF COMMUNICATIONS,VP OF COMMUNICATIONS,non_ceo_position,communications,,vice_president,senior_leader,functional,current,title_keywords:communications,high,vice_president,vice_president_alias,expanded,none,,,,,rule_assigned,yes,all,2,2,2,Center for Climate and Energy Solutions | Niskanen Center,
F990TAX-7ec9aa93b5b045,VP NUCLEAR MATERIALS SECURITY,"VP, Nuclear Materials Security",non_ceo_position,programs,policy,vice_president,senior_leader,functional,current,reviewed_record_override:reviewed_nuclear_security_program_function,high,vice_president,vice_president_alias,expanded,none,,,,,reviewed_observation_override,yes,all,1,1,1,Nuclear Threat Initiative,"Primary family received an observation-level review because the filing title is truncated, organization-specific, or multi-function."
F990TAX-7efe7ae5b7ccf8,DIR OF COMMUNICATIONS UNTIL 12/24,DIR. OF COMMUNICATIONS (UNTIL 12/24),non_ceo_position,communications,,director,senior_leader,functional,former_or_partial,title_keywords:communications,high,communications_director,explicit_communications_director_alias,expanded,none,,,,,rule_assigned,yes,none,1,1,1,Public Agenda,
F990TAX-7f6e0645097656,SENIOR FELLOW AND DIRECTOR,SENIOR FELLOW & DIRECTOR,non_ceo_position,research,,director,senior_leader,functional,current,title_keywords:research,high,,not_a_supported_standardized_title,,none,,,,,rule_assigned,yes,all,5,5,1,Stimson Center,
F990TAX-7f6ffaa863ca56,CHIEF EXECUTIVE OFFICER,CHIEF EXECUTIVE OFFICER,canonical_ceo,,,chief_executive,executive,organization_wide,current,validated_ceo_name_override,high,,not_a_supported_standardized_title,,none,,,,,rule_assigned,no,none,11,11,11,Council on Strategic Risks | DataKind | Evidence Action | Federation of American Scientists | FrameWorks Institute | Future of Privacy Forum | Last Mile Health | Mercy For Animals,CEO rows remain governed by validated_form990_compensation.csv and are not a generic position family.
F990TAX-7fd8bed48f9819,CHIEF GOVERNMENT RELATIONS OFFICER,CHIEF GOVERNMENT RELATIONS OFFICER,non_ceo_position,policy,,chief_officer,executive,functional,current,title_keywords:policy,high,,not_a_supported_standardized_title,,none,,,,,rule_assigned,yes,all,1,1,1,Village Enterprise,
F990TAX-7fe31a7e2e0c01,VP FOR INTERNATIONAL STRATEGIES,VP FOR INTERNATIONAL STRATEGIES,non_ceo_position,strategy,,vice_president,senior_leader,functional,current,title_keywords:strategy,high,vice_president,vice_president_alias,expanded,none,,,,,rule_assigned,yes,all,1,1,1,Center for Climate and Energy Solutions,
F990TAX-801ec3c67411df,CO-INTERIM MANAGING DIRECTOR US AND CANADA,"CO-INTERIM MANAGING DIRECTOR, US & CANADA",non_ceo_position,general_leadership,,managing_or_deputy_director,senior_leader,functional,former_or_partial,title_keywords:general_leadership,medium,managing_director,managing_director_alias,expanded,none,,,,,rule_assigned,yes,none,1,1,1,Mercy For Animals,
F990TAX-802ebeaab458b1,DEVELOPMENT CHAIR,Development Chair,non_ceo_position,development,,functional_individual_contributor,individual_contributor,functional,current,title_keywords:development,high,,not_a_supported_standardized_title,,none,,,,,rule_assigned,yes,none,1,0,1,Alliance for Health Policy,
F990TAX-8069eea2071d41,CHIEF OF STAFF,CHIEF OF STAFF | Chief of Staff,non_ceo_position,chief_of_staff,,chief_officer,executive,functional,current,title_keywords:chief_of_staff,high,chief_of_staff,explicit_chief_of_staff,exact,none,,,,,rule_assigned,yes,all,13,13,13,American Immigration Council | Brennan Center for Justice | Climate Central | Demos | Economic Innovation Group | Federation of American Scientists | Institute for Women’s Policy Research | Last Mile Health,
F990TAX-8085c3bfd1c3d1,DIRECTOR OF ENGINEERING,Director of Engineering,non_ceo_position,technology,,director,senior_leader,functional,current,title_keywords:technology,high,,not_a_supported_standardized_title,,none,,,,,rule_assigned,yes,all,1,1,1,Charity Navigator,
F990TAX-80de9a894c1bd4,SENIOR PRINCIPAL RESEARCH FELLOW,SENIOR PRINCIPAL RESEARCH FELLOW,non_ceo_position,research,,senior_individual_contributor,individual_contributor,functional,current,title_keywords:research,high,senior_researcher,senior_research_title,expanded,none,,,,,rule_assigned,yes,all,1,1,1,FrameWorks Institute,
F990TAX-810a59f5124dc4,PROGRAM DIRECTOR,PROGRAM DIRECTOR,non_ceo_position,programs,,director,senior_leader,functional,former_or_partial,title_keywords:programs,high,program_director,explicit_program_director_alias,expanded,none,,,,,rule_assigned,yes,none,1,1,1,Center for Law and Social Policy,
F990TAX-814d57c59c80a1,CHIEF OF OPERATIONS UNTIL 1/23,CHIEF OF OPERATIONS (UNTIL 1/23),non_ceo_position,operations,,chief_officer,executive,functional,former_or_partial,title_keywords:operations,high,coo,standard_coo_alias,exact,none,,,,,rule_assigned,yes,none,1,1,1,ideas42,
F990TAX-81ffbd4b9649eb,DIRECTOR OF OPEN SCIENCE,DIRECTOR OF OPEN SCIENCE,non_ceo_position,research,,director,senior_leader,functional,current,title_keywords:research,high,,not_a_supported_standardized_title,,none,,,,,rule_assigned,yes,all,1,1,1,Creative Commons,
F990TAX-82046c7e5f37a2,CIVIL LIBERTIES DIRECTOR,Civil Liberties Director,non_ceo_position,policy,,director,senior_leader,functional,current,reviewed_record_override:reviewed_civil_liberties_function,high,,not_a_supported_standardized_title,,none,,,,,reviewed_observation_override,yes,all,1,1,1,Electronic Frontier Foundation,"Primary family received an observation-level review because the filing title is truncated, organization-specific, or multi-function."
F990TAX-829e443bd6dd64,CEO,CEO,generic_ceo_like,,,chief_executive,executive,uncertain,former_or_partial,ceo_like_title_not_authoritative_ceo,medium,,not_a_supported_standardized_title,,none,,,,,manual_review_required,no,none,1,1,1,Rethink Priorities,CEO rows remain governed by validated_form990_compensation.csv and are not a generic position family.
F990TAX-82cafde3c2639b,SENIOR ADVISOR,SENIOR ADVISOR,unmapped_position,,,senior_individual_contributor,individual_contributor,uncertain,current,no_reviewed_family_match,low,,not_a_supported_standardized_title,,none,,,,,manual_review_required,no,none,6,6,6,Council on Strategic Risks | Exponent Philanthropy | FrameWorks Institute | Institute for Market Transformation | Institute for Policy Studies | New America,Retained for manual classification; not exposed in the public Position catalog.
F990TAX-83b44ac9ea0a1a,BOARD MEMBER UNTIL 12/24,BOARD MEMBER (UNTIL 12/24),unmapped_position,,,unclassified,unknown,uncertain,former_or_partial,no_reviewed_family_match,low,,not_a_supported_standardized_title,,none,,,,,manual_review_required,no,none,1,0,1,DataKind,Retained for manual classification; not exposed in the public Position catalog.
F990TAX-8434304e6b5408,POLICY DIRECTOR,POLICY DIRECTOR,non_ceo_position,policy,,director,senior_leader,functional,current,title_keywords:policy,high,policy_director,explicit_policy_director_alias,expanded,none,,,,,rule_assigned,yes,all,4,4,4,Committee for a Responsible Federal Budget | Energy for Growth Hub | Open Markets Institute | Public Knowledge,
F990TAX-847fa0ba6c1e3b,PRESIDENT AND DIRECTOR,PRESIDENT AND DIRECTOR,canonical_ceo,,,chief_executive,executive,organization_wide,current,validated_ceo_name_override,high,,not_a_supported_standardized_title,,none,,,,,rule_assigned,no,none,1,1,1,Vera Institute of Justice,CEO rows remain governed by validated_form990_compensation.csv and are not a generic position family.
F990TAX-84c677b4cebc64,SVP OF OPERATIONS,SVP OF OPERATIONS,non_ceo_position,operations,,functional_individual_contributor,individual_contributor,functional,current,title_keywords:operations,high,senior_vice_president,senior_vice_president_alias,expanded,none,,,,,rule_assigned,yes,all,1,1,1,FrameWorks Institute,
F990TAX-854cdfd63fa210,DIRECTOR OF DEMOCRACY,DIRECTOR OF DEMOCRACY,non_ceo_position,policy,,director,senior_leader,functional,current,reviewed_record_override:reviewed_democracy_policy_function,high,,not_a_supported_standardized_title,,none,,,,,reviewed_observation_override,yes,all,1,1,1,Demos,"Primary family received an observation-level review because the filing title is truncated, organization-specific, or multi-function."
F990TAX-85ea48ba148ce9,EXECUTIVE VP PROGRAMS,"EXECUTIVE VP, PROGRAMS",non_ceo_position,programs,,vice_president,senior_leader,functional,current,title_keywords:programs,high,vice_president,vice_president_alias,expanded,none,,,,,rule_assigned,yes,all,1,1,1,Evidence Action,
F990TAX-8625371a30ea32,DIRECTOR OF RESEARCH THRU 11/2024,DIRECTOR OF RESEARCH THRU 11/2024,non_ceo_position,research,,director,senior_leader,functional,former_or_partial,title_keywords:research,high,research_director,explicit_research_director_alias,expanded,none,,,,,rule_assigned,yes,none,1,1,1,Jain Family Institute,
F990TAX-8630c2a9701674,LEGISLATIVE DIRECTOR,Legislative Director,non_ceo_position,policy,,director,senior_leader,functional,current,title_keywords:policy,high,policy_director,explicit_policy_director_alias,expanded,none,,,,,rule_assigned,yes,all,1,1,1,Electronic Frontier Foundation,
F990TAX-868b8772808b46,VP OF STATE POLICY,VP OF STATE POLICY,non_ceo_position,policy,,vice_president,senior_leader,functional,current,title_keywords:policy,high,vice_president,vice_president_alias,expanded,none,,,,,rule_assigned,yes,all,1,1,1,Tax Foundation,
F990TAX-869cabb4da3444,EXECUTIVE DIRECTOR DEMOCRACY,"EXECUTIVE DIRECTOR, DEMOCRACY",generic_ceo_like,,,chief_executive,executive,program_or_affiliate,current,ceo_like_title_not_authoritative_ceo,medium,,not_a_supported_standardized_title,,none,,,,,manual_review_required,no,none,1,1,1,Bipartisan Policy Center,CEO rows remain governed by validated_form990_compensation.csv and are not a generic position family.
F990TAX-869e724ba8cf05,IMMEDIATE PAST CHAIR,IMMEDIATE PAST CHAIR,unmapped_position,,,unclassified,unknown,uncertain,current,no_reviewed_family_match,low,,not_a_supported_standardized_title,,none,,,,,manual_review_required,no,none,1,0,1,Guttmacher Institute,Retained for manual classification; not exposed in the public Position catalog.
F990TAX-87158fbd0b33e8,BOARD MEMBER THRU 06/1/22,BOARD MEMBER (THRU 06/1/22) | Board Member (THRU 06/1/22),unmapped_position,,,unclassified,unknown,uncertain,former_or_partial,no_reviewed_family_match,low,,not_a_supported_standardized_title,,none,,,,,manual_review_required,no,none,3,0,1,Guttmacher Institute,Retained for manual classification; not exposed in the public Position catalog.
F990TAX-8739add7bfd3bc,MANAGER ECONOMICS AND PROJECT DEVELOPMENT,"MANAGER, ECONOMICS AND PROJECT DEVELOPMENT",non_ceo_position,research,programs,manager,manager,functional,current,reviewed_record_override:reviewed_economics_and_project_development_function,high,,not_a_supported_standardized_title,,none,,,,,reviewed_observation_override,yes,all,1,1,1,Nuclear Innovation Alliance,"Primary family received an observation-level review because the filing title is truncated, organization-specific, or multi-function."
F990TAX-8748effe8bdeb7,CHIEF RSRCH AND METHODOLOGY,CHIEF RSRCH & METHODOLOGY,non_ceo_position,research,,chief_officer,executive,functional,current,title_keywords:research,high,chief_research_officer,research_chief_alias,expanded,none,,,,,rule_assigned,yes,all,1,1,1,Innovations for Poverty Action,
F990TAX-875a0235e49cf3,HEAD OF AI GOVERNANCE APOLLO,Head of AI Governance (Apollo),non_ceo_position,policy,,head_or_lead,senior_leader,program_or_affiliate,current,title_keywords:policy+rp_named_project_scope,high,,not_a_supported_standardized_title,,none,,,,,rule_assigned,yes,none,1,1,1,Rethink Priorities,
F990TAX-881ec5d6aa9d55,VICE-PRESIDENT,VICE-PRESIDENT,non_ceo_position,general_leadership,,executive_leadership,executive,functional,current,title_keywords:general_leadership,medium,,not_a_supported_standardized_title,,none,,,,,rule_assigned,yes,none,1,0,1,The Sentencing Project,
F990TAX-885f34bfb751d0,CEO AND DIRECTOR,CEO & DIRECTOR,canonical_ceo,,,chief_executive,executive,organization_wide,current,validated_ceo_name_override,high,,not_a_supported_standardized_title,,none,,,,,rule_assigned,no,none,1,1,1,Jain Family Institute,CEO rows remain governed by validated_form990_compensation.csv and are not a generic position family.
F990TAX-88828096e1b951,CHIEF LEGAL OFFICER,CHIEF LEGAL OFFICER,non_ceo_position,legal,,chief_officer,executive,functional,current,title_keywords:legal,high,general_counsel,general_counsel_or_clo_alias,expanded,none,,,,,rule_assigned,yes,all,1,1,1,Vera Institute of Justice,
F990TAX-889464f454af09,DIRECTOR OF BUSINESS OPERA,DIRECTOR OF BUSINESS OPERA,non_ceo_position,operations,,director,senior_leader,functional,current,reviewed_record_override:reviewed_business_operations_truncation,high,,not_a_supported_standardized_title,,none,,,,,reviewed_observation_override,yes,all,1,1,1,Technical Assistance Collaborative,"Primary family received an observation-level review because the filing title is truncated, organization-specific, or multi-function."
F990TAX-88d5ef85439740,MANAGING DIR INITIATIVES,"MANAGING DIR., INITIATIVES",non_ceo_position,programs,,managing_or_deputy_director,senior_leader,functional,current,title_keywords:programs,high,managing_director,managing_director_alias,expanded,none,,,,,rule_assigned,yes,all,1,1,1,Vera Institute of Justice,
F990TAX-8922fc1242bbd3,SR FRONT END ENG,Sr Front End Eng,non_ceo_position,technology,,senior_individual_contributor,individual_contributor,functional,current,title_keywords:technology,high,,not_a_supported_standardized_title,,none,,,,,rule_assigned,yes,all,1,1,1,Carbon Mapper,
F990TAX-896ff1658d8768,DIRECTOR END OCT 2024,DIRECTOR (END OCT 2024),non_ceo_position,general_leadership,,director,senior_leader,functional,current,title_keywords:general_leadership,medium,,not_a_supported_standardized_title,,none,,,,,rule_assigned,yes,none,3,0,1,Results for Development,
F990TAX-899ef8b689c10d,DIRECTOR THRU 2/25,DIRECTOR (THRU 2/25),non_ceo_position,general_leadership,,director,senior_leader,functional,former_or_partial,title_keywords:general_leadership,medium,,not_a_supported_standardized_title,,none,,,,,rule_assigned,yes,none,1,0,1,GivingTuesday,
F990TAX-89b97a0f780752,DIRECTOR OF POLICY AND COALITION,Director of Policy & Coalition,non_ceo_position,policy,,director,senior_leader,functional,current,title_keywords:policy,high,policy_director,explicit_policy_director_alias,expanded,none,,,,,rule_assigned,yes,all,1,1,1,Economic Innovation Group,
F990TAX-8a83da6d7a2504,INTERIM CFO,INTERIM CFO,non_ceo_position,finance,,chief_officer,executive,functional,former_or_partial,title_keywords:finance,high,cfo,standard_cfo_alias,standard_abbreviation,none,,,,,rule_assigned,yes,none,1,1,1,Partnership on AI,
F990TAX-8a909ef018055f,VP COMMUNICATIONS,"VP, COMMUNICATIONS | VP, Communications",non_ceo_position,communications,,vice_president,senior_leader,functional,current,title_keywords:communications,high,vice_president,vice_president_alias,expanded,none,,,,,rule_assigned,yes,all,3,3,3,Center for Health Care Strategies | Nuclear Threat Initiative | Pure Earth,
F990TAX-8aa32bb5416865,AVP INTERNATIONAL PROGRAMS UNTIL 1/2024,AVP International Programs (Until 1/2024),non_ceo_position,programs,,functional_individual_contributor,individual_contributor,functional,former_or_partial,title_keywords:programs,high,,not_a_supported_standardized_title,,none,,,,,rule_assigned,yes,none,1,1,1,Population Reference Bureau,
F990TAX-8aea5532412b73,CO-DIRECTOR/SECRETARY,CO-DIRECTOR/SECRETARY,canonical_ceo,,,chief_executive,executive,organization_wide,current,validated_ceo_name_override,high,,not_a_supported_standardized_title,,none,,,,,rule_assigned,no,none,1,1,1,Center for Economic and Policy Research,CEO rows remain governed by validated_form990_compensation.csv and are not a generic position family.
F990TAX-8af2e001fdd172,BOARD MEMBER THRU 10/30/24,BOARD MEMBER (THRU 10/30/24),unmapped_position,,,unclassified,unknown,uncertain,former_or_partial,no_reviewed_family_match,low,,not_a_supported_standardized_title,,none,,,,,manual_review_required,no,none,1,0,1,Creative Commons,Retained for manual classification; not exposed in the public Position catalog.
F990TAX-8aff517174d03d,GENERAL COUNSEL AND BOARD SECRETARY,GENERAL COUNSEL & BOARD SECRETARY,non_ceo_position,legal,,functional_individual_contributor,individual_contributor,functional,current,title_keywords:legal,high,general_counsel,general_counsel_or_clo_alias,exact,none,,,,,rule_assigned,yes,all,1,1,1,Evidence Action,
F990TAX-8b2ec9bf99ce3c,VP AND CHIEF OPERATING OFFICER,VP & CHIEF OPERATING OFFICER,non_ceo_position,operations,,chief_officer,executive,functional,current,title_keywords:operations,high,coo,standard_coo_alias,exact,none,,,,,rule_assigned,yes,all,1,1,1,National Committee for Responsive Philanthropy,
F990TAX-8bb4df7fff0d11,BOARD SECRETARY,BOARD SECRETARY,governance,,,board_governance,governance,governance,current,part_vii_board_flag_and_board_title,high,,not_a_supported_standardized_title,,none,,,,,rule_assigned,no,none,1,0,1,Institute for Market Transformation,
F990TAX-8c0d0229a619bb,DIRECTOR OF DEVELOPMENT AND EXTERNAL AFFAIRS,DIRECTOR OF DEVELOPMENT AND EXTERNAL AFFAIRS,non_ceo_position,development,communications,director,senior_leader,functional,current,title_keywords:development,medium,development_director,explicit_development_director_alias,expanded,none,,,,,rule_assigned_multi_role,yes,all,1,1,1,Public Knowledge,
F990TAX-8c59373def7cd1,DIRECTOR AS OF 7/2025,DIRECTOR (AS OF 7/2025),non_ceo_position,general_leadership,,director,senior_leader,functional,current,title_keywords:general_leadership,medium,,not_a_supported_standardized_title,,none,,,,,rule_assigned,yes,none,1,0,1,Center for Effective Philanthropy,
F990TAX-8c6496a568d7eb,DIRECTOR - EFF 3/2025,DIRECTOR - EFF 3/2025,non_ceo_position,general_leadership,,director,senior_leader,functional,current,title_keywords:general_leadership,medium,,not_a_supported_standardized_title,,none,,,,,rule_assigned,yes,none,1,0,1,Global Health Corps,
F990TAX-8c66baad2c6978,HEAD OF SPECIAL INITIATIVES,HEAD OF SPECIAL INITIATIVES,non_ceo_position,strategy,programs,head_or_lead,senior_leader,functional,former_or_partial,title_keywords:strategy,medium,,not_a_supported_standardized_title,,none,,,,,rule_assigned_multi_role,yes,none,1,1,1,Pure Earth,
F990TAX-8c6e5c3ebdbfb3,DIR WORKER POWER AND ECONOMIC SECURITY,"DIR, WORKER POWER AND ECONOMIC SECURITY",non_ceo_position,programs,policy,director,senior_leader,functional,current,reviewed_record_override:reviewed_worker_power_program_function,high,,not_a_supported_standardized_title,,none,,,,,reviewed_observation_override,yes,all,1,1,1,Roosevelt Institute,"Primary family received an observation-level review because the filing title is truncated, organization-specific, or multi-function."
F990TAX-8ca8494001a9f9,VP CHIEF PEOPLE OFFICER,"VP, CHIEF PEOPLE OFFICER",non_ceo_position,people,,chief_officer,executive,functional,current,title_keywords:people,high,chief_people_officer,people_chief_alias,expanded,none,,,,,rule_assigned,yes,all,1,1,1,Vera Institute of Justice,
F990TAX-8cc4cdc717f558,SVP AND SENIOR POLICY DIRECTOR,SVP AND SENIOR POLICY DIRECTOR,non_ceo_position,policy,,director,senior_leader,functional,current,title_keywords:policy,high,senior_vice_president,senior_vice_president_alias,expanded,none,,,,,rule_assigned,yes,all,1,1,1,Committee for a Responsible Federal Budget,
F990TAX-8cdc95ad23ca87,SECRETARY,SECRETARY,unmapped_position,,,unclassified,unknown,uncertain,current,no_reviewed_family_match,low,,not_a_supported_standardized_title,,none,,,,,manual_review_required,no,none,4,4,4,ORCID | Third Way Institute | VillageReach | WattTime,Retained for manual classification; not exposed in the public Position catalog.
F990TAX-8d58ecdc836046,CHIEF OF PUBLIC SECTOR PAR,CHIEF OF PUBLIC SECTOR PAR,non_ceo_position,policy,,chief_officer,executive,functional,current,title_keywords:policy,high,,not_a_supported_standardized_title,,none,,,,,rule_assigned,yes,all,1,1,1,World Justice Project,
F990TAX-8d8c1af493bd69,CHIEF STRATEGIST,CHIEF STRATEGIST,non_ceo_position,strategy,,chief_officer,executive,functional,current,title_keywords:strategy,high,chief_strategy_officer,strategy_chief_alias,expanded,none,,,,,rule_assigned,yes,all,1,1,1,Precision Development,
F990TAX-8da7c2e42aa2e0,DATA AND MODEL DIRECTOR,DATA AND MODEL DIRECTOR,non_ceo_position,technology,,director,senior_leader,functional,current,title_keywords:technology,high,,not_a_supported_standardized_title,,none,,,,,rule_assigned,yes,all,1,1,1,Institute on Taxation and Economic Policy,
F990TAX-8daea995a2ed37,SR DIRECTOR AND HEAD OF GLOBAL CARBON MARKETS,SR DIRECTOR AND HEAD OF GLOBAL CARBON MARKETS,non_ceo_position,policy,programs,director,senior_leader,functional,current,reviewed_record_override:reviewed_carbon_markets_policy_function,high,,not_a_supported_standardized_title,,none,,,,,reviewed_observation_override,yes,all,1,1,1,Center for Climate and Energy Solutions,"Primary family received an observation-level review because the filing title is truncated, organization-specific, or multi-function."
F990TAX-8db1bc45627dd2,PROGRAM DIRECTOR TSP,"Program Director, TSP",non_ceo_position,programs,,director,senior_leader,functional,current,title_keywords:programs,high,program_director,explicit_program_director_alias,expanded,none,,,,,rule_assigned,yes,all,1,1,1,Center for a New American Security,
F990TAX-8ddcfd390f75d3,GENERAL COUNSEL,GENERAL COUNSEL | General Counsel,non_ceo_position,legal,,functional_individual_contributor,individual_contributor,functional,current,title_keywords:legal,high,general_counsel,general_counsel_or_clo_alias,exact,none,,,,,rule_assigned,yes,all,10,10,10,Animal Legal Defense Fund | Animal Welfare Institute | Center for a New American Security | Farm Sanctuary | Innovations for Poverty Action | Internet Security Research Group | Mercy For Animals | National Employment Law Project,
F990TAX-8ddd215a97ffe0,SENIOR DIRECTOR - COMMUNICATIONS,SENIOR DIRECTOR - COMMUNICATIONS,non_ceo_position,communications,,director,senior_leader,functional,current,title_keywords:communications,high,communications_director,explicit_communications_director_alias,expanded,none,,,,,rule_assigned,yes,all,1,1,1,Research!America,
F990TAX-8de45ffe23b186,BOARD VICE CHAIR,BOARD VICE CHAIR | Board Vice Chair,governance,,,board_governance,governance,governance,current,part_vii_board_flag_and_board_title,high,,not_a_supported_standardized_title,,none,,,,,rule_assigned,no,none,3,0,3,Center for Law and Social Policy | Institute for Market Transformation | Learning Policy Institute,
F990TAX-8df71acc232f8e,DIRECTOR OF CORPORATE NET ZERO TRANSITION,DIRECTOR OF CORPORATE NET ZERO TRANSITION,non_ceo_position,programs,,director,senior_leader,functional,current,reviewed_record_override:reviewed_net_zero_program_function,high,,not_a_supported_standardized_title,,none,,,,,reviewed_observation_override,yes,all,1,1,1,Center for Climate and Energy Solutions,"Primary family received an observation-level review because the filing title is truncated, organization-specific, or multi-function."
F990TAX-8dff6a96ea6dde,DIRECTOR MAJOR GIFTS AND PLANNED GIVING,"DIRECTOR, MAJOR GIFTS AND PLANNED GIVING",non_ceo_position,development,,director,senior_leader,functional,current,title_keywords:development,high,development_director,explicit_development_director_alias,expanded,none,,,,,rule_assigned,yes,all,1,1,1,American Immigration Council,
F990TAX-8e17df9273b233,VICE PRESIDENT OF POLICY,VICE PRESIDENT OF POLICY,non_ceo_position,policy,,executive_leadership,executive,functional,current,title_keywords:policy,high,vice_president,vice_president_alias,expanded,none,,,,,rule_assigned,yes,all,2,2,2,Center for Democracy & Technology | Future of Privacy Forum,
F990TAX-8e4e502bfd0f2a,DIRECTOR OF PEOPLE OPERATIONS,DIRECTOR OF PEOPLE OPERATIONS,non_ceo_position,people,operations,director,senior_leader,functional,current,reviewed_record_override:reviewed_people_operations_primary_function,high,,not_a_supported_standardized_title,,none,,,,,reviewed_observation_override,yes,all,1,1,1,ideas42,"Primary family received an observation-level review because the filing title is truncated, organization-specific, or multi-function."
F990TAX-8f1ab16bf44b8e,TREASURER/DIRECTOR OF FINANCE,TREASURER/DIRECTOR OF FINANCE,non_ceo_position,finance,,director,senior_leader,functional,current,title_keywords:finance,high,finance_director,explicit_finance_director_alias,expanded,none,,,,,rule_assigned,yes,all,1,1,1,Open Technology Fund,
F990TAX-8f1d3d127f438d,BOARD PRESIDENT,BOARD PRESIDENT | Board President,non_ceo_position,general_leadership,,executive_leadership,executive,functional,current,title_keywords:general_leadership,medium,,not_a_supported_standardized_title,,none,,,,,rule_assigned,yes,none,2,0,2,Carbon Mapper | TechCongress,
F990TAX-8f2952d9851b75,EXECUTIVE DIRECTOR AND PRESIDENT,EXECUTIVE DIRECTOR AND PRESIDENT,canonical_ceo,,,chief_executive,executive,organization_wide,current,validated_ceo_name_override,high,,not_a_supported_standardized_title,,none,,,,,rule_assigned,no,none,1,1,1,Code for Science & Society,CEO rows remain governed by validated_form990_compensation.csv and are not a generic position family.
F990TAX-8f2e0211843736,CFO AND TREASURER FROM 10/2024,CFO AND TREASURER (FROM 10/2024),non_ceo_position,finance,,chief_officer,executive,functional,former_or_partial,title_keywords:finance,high,cfo,standard_cfo_alias,standard_abbreviation,none,,,,,rule_assigned,yes,none,1,1,1,Code for Science & Society,
F990TAX-8f9e8adc27eb95,ENGAGEMENT D,ENGAGEMENT D,non_ceo_position,communications,programs,functional_individual_contributor,individual_contributor,functional,current,reviewed_record_override:reviewed_storytelling_and_engagement_title_expansion,high,,not_a_supported_standardized_title,,none,,SRC-POSITION-PROJECT-DRAWDOWN-MATT-SCOTT,https://drawdown.org/staff/matt-scott,benchmark/sources/native/supporting/position_classification/project-drawdown-matt-scott.html,reviewed_observation_override,yes,all,1,1,1,Project Drawdown,"Primary family received an observation-level review because the filing title is truncated, organization-specific, or multi-function. | Expands the truncated `ENGAGEMENT D` filing title to Director of Storytelling and Engagement, supporting Communications primary. Source: benchmark/sources/native/supporting/position_classification/project-drawdown-matt-scott.html (https://drawdown.org/staff/matt-scott)"
F990TAX-903bcdb9822acc,DIRECTOR UNTIL 4/2/24,DIRECTOR UNTIL(4/2/24),non_ceo_position,general_leadership,,director,senior_leader,functional,former_or_partial,title_keywords:general_leadership,medium,,not_a_supported_standardized_title,,none,,,,,rule_assigned,yes,none,1,0,1,World Justice Project,
F990TAX-903ef0e92ea883,DIRECTOR STATE AND LOCAL INITIATIVES,"DIRECTOR, STATE & LOCAL INITIATIVES",non_ceo_position,programs,,director,senior_leader,functional,current,title_keywords:programs,high,,not_a_supported_standardized_title,,none,,,,,rule_assigned,yes,all,1,1,1,American Immigration Council,
F990TAX-90d4d4a780daf4,DIRECTOR PRIVATE SECTOR ENGAGEMENT,"DIRECTOR, PRIVATE SECTOR ENGAGEMENT",non_ceo_position,programs,,director,senior_leader,functional,current,reviewed_record_override:reviewed_private_sector_health_program_function,high,,not_a_supported_standardized_title,,none,,SRC-POSITION-VILLAGEREACH-OLIVIER-DEFAWE,https://www.villagereach.org/project/outsourced-drone-transport/,benchmark/sources/native/supporting/position_classification/villagereach-outsourced-drone-transport.html,reviewed_observation_override,yes,all,1,1,1,VillageReach,"Primary family received an observation-level review because the filing title is truncated, organization-specific, or multi-function. | Identifies Defawe as the program lead for outsourced drone transport and related technical assistance. Source: benchmark/sources/native/supporting/position_classification/villagereach-outsourced-drone-transport.html (https://www.villagereach.org/project/outsourced-drone-transport/)"
F990TAX-90e976220ef245,VP OF FINANCE AND ADMIN,VP of Finance & Admin,non_ceo_position,finance,,vice_president,senior_leader,functional,current,title_keywords:finance,high,vice_president,vice_president_alias,expanded,none,,,,,rule_assigned,yes,all,1,1,1,Alliance for Health Policy,
F990TAX-917162313cae94,SR SYSTEM ADMINISTRATOR,Sr. System Administrator,non_ceo_position,technology,,senior_individual_contributor,individual_contributor,functional,current,title_keywords:technology,high,,not_a_supported_standardized_title,,none,,,,,rule_assigned,yes,all,1,1,1,San Francisco Estuary Institute,
F990TAX-92368f3cdd9443,DIR BUSINESS AND PROG DEVELOPMENT,DIR. BUSINESS & PROG. DEVELOPMENT,non_ceo_position,development,,director,senior_leader,functional,current,title_keywords:development,high,development_director,explicit_development_director_alias,expanded,none,,,,,rule_assigned,yes,all,1,1,1,Innovations for Poverty Action,
F990TAX-927ab4d6c114ce,TREASURER,TREASURER | Treasurer,governance,,,board_governance,governance,governance,current,part_vii_board_flag_and_board_title,high,,not_a_supported_standardized_title,,none,,,,,rule_assigned,no,none,68,1,67,American Immigration Council | Animal Equality | Animal Legal Defense Fund | Animal Welfare Institute | Arms Control Association | Bulletin of the Atomic Scientists | Center for AI and Digital Policy | Center for Arms Control and Non-Proliferation,
F990TAX-93060f30098fa8,DIRECTOR CRIMINAL JUSTICE,"DIRECTOR, CRIMINAL JUSTICE",non_ceo_position,policy,,director,senior_leader,functional,current,reviewed_record_override:reviewed_criminal_justice_function,high,,not_a_supported_standardized_title,,none,,,,,reviewed_observation_override,yes,all,1,1,1,R Street Institute,"Primary family received an observation-level review because the filing title is truncated, organization-specific, or multi-function."
F990TAX-9374a956ad3a78,VP P AND I THRU 09/24,"VP, P&I (THRU 09/24)",non_ceo_position,general_leadership,,vice_president,senior_leader,functional,former_or_partial,title_keywords:general_leadership,medium,vice_president,vice_president_alias,expanded,none,,,,,rule_assigned,yes,none,1,1,1,VillageReach,
F990TAX-93c35d725bbb44,CHIEF ENGAGEMENT OFFICER,CHIEF ENGAGEMENT OFFICER,non_ceo_position,communications,development,chief_officer,executive,functional,current,reviewed_record_override:reviewed_external_relations_communications_and_fundraising,high,,not_a_supported_standardized_title,,none,,SRC-POSITION-EVIDENCE-ACTION-GRACE-HOLLISTER,https://www.evidenceaction.org/safe-water-now-webinar,benchmark/sources/native/supporting/position_classification/evidence-action-safe-water-webinar.html,reviewed_observation_override,yes,all,1,1,1,Evidence Action,"Primary family received an observation-level review because the filing title is truncated, organization-specific, or multi-function. | Describes Hollister's combined global communications, fundraising, and donor-relations remit. Source: benchmark/sources/native/supporting/position_classification/evidence-action-safe-water-webinar.html (https://www.evidenceaction.org/safe-water-now-webinar)"
F990TAX-93d1e6918ac337,HUMAN RESOURCES LEAD,HUMAN RESOURCES LEAD,non_ceo_position,people,,head_or_lead,senior_leader,functional,current,title_keywords:people,high,,not_a_supported_standardized_title,,none,,,,,rule_assigned,yes,all,1,1,1,Partnership on AI,
F990TAX-945cc4e651f331,SECRETARY AND GEN COUNSEL,Secretary & Gen. Counsel,non_ceo_position,legal,,functional_individual_contributor,individual_contributor,functional,current,title_keywords:legal,high,general_counsel,general_counsel_or_clo_alias,expanded,none,,,,,rule_assigned,yes,all,1,1,1,Electronic Frontier Foundation,
F990TAX-949344e563b5d4,VP DEVELOPMENT,"VP DEVELOPMENT | VP, DEVELOPMENT | VP, Development",non_ceo_position,development,,vice_president,senior_leader,functional,current,title_keywords:development,high,vice_president,vice_president_alias,expanded,none,,,,,rule_assigned,yes,all,8,8,7,Brennan Center for Justice | Niskanen Center | Nuclear Threat Initiative | Pure Earth | Results for America | The Humane League | Vera Institute of Justice,
F990TAX-94b4b34f1ff820,PRESIDENT / EXECUTIVE DIRE,PRESIDENT / EXECUTIVE DIRE,canonical_ceo,,,chief_executive,executive,organization_wide,current,validated_ceo_name_override,high,,not_a_supported_standardized_title,,none,,,,,rule_assigned,no,none,1,1,1,National Academy for State Health Policy,CEO rows remain governed by validated_form990_compensation.csv and are not a generic position family.
F990TAX-94c8f8eccf8b6a,DIRECTOR OF INTERNATIONAL POLICY,DIRECTOR OF INTERNATIONAL POLICY,non_ceo_position,policy,,director,senior_leader,functional,current,title_keywords:policy,high,policy_director,explicit_policy_director_alias,expanded,none,,,,,rule_assigned,yes,all,1,1,1,Center for Economic and Policy Research,
F990TAX-94ff181b598f05,CHIEF FINANCIAL OFFICER,CHIEF FINANCIAL OFFICER,non_ceo_position,finance,,chief_officer,executive,functional,current,title_keywords:finance,high,cfo,standard_cfo_alias,exact,none,,,,,rule_assigned,yes,all,11,11,11,Animal Legal Defense Fund | Evidence Action | Institute for Energy Economics and Financial Analysis | Internet Security Research Group | Living Goods | Mercy For Animals | Results for Development | Roosevelt Institute,
F990TAX-94ff5e19c0cc0d,DIR NUCLEAR ENERGY INNOVATION,Dir. Nuclear Energy Innovation,non_ceo_position,programs,,director,senior_leader,functional,current,reviewed_record_override:reviewed_nuclear_energy_program_function,high,,not_a_supported_standardized_title,,none,,,,,reviewed_observation_override,yes,all,1,1,1,Breakthrough Institute,"Primary family received an observation-level review because the filing title is truncated, organization-specific, or multi-function."
F990TAX-9506a4cbfb054b,COO AND VP OF ADMIN AND OPS,COO & VP OF ADMIN AND OPS,non_ceo_position,operations,,chief_officer,executive,functional,current,title_keywords:operations,high,coo,standard_coo_alias,standard_abbreviation,none,,,,,rule_assigned,yes,all,1,1,1,Social Science Research Council,
F990TAX-954148a8a60760,CHIEF ECONOMIST AND DIRECTOR,CHIEF ECONOMIST & DIRECTOR,non_ceo_position,research,,chief_officer,executive,functional,current,title_keywords:research,high,chief_economist,explicit_chief_economist,exact,none,,,,,rule_assigned,yes,all,1,1,1,Precision Development,
F990TAX-95523aa8088f08,DIRECTOR THRU 8/24,DIRECTOR (THRU 8/24),non_ceo_position,general_leadership,,director,senior_leader,functional,former_or_partial,title_keywords:general_leadership,medium,,not_a_supported_standardized_title,,none,,,,,rule_assigned,yes,none,1,0,1,Redwood Research,
F990TAX-958fccc81c5743,CRL EVP,CRL EVP,unmapped_position,,,executive_leadership,executive,uncertain,current,no_reviewed_family_match,low,,not_a_supported_standardized_title,,none,,,,,manual_review_required,no,none,1,1,1,Center for Responsible Lending,Retained for manual classification; not exposed in the public Position catalog.
F990TAX-95aab4406458e8,SPECIAL PROJECTS LEAD,SPECIAL PROJECTS LEAD,non_ceo_position,programs,,head_or_lead,senior_leader,functional,current,title_keywords:programs,high,,not_a_supported_standardized_title,,none,,,,,rule_assigned,yes,all,1,1,1,Precision Development,
F990TAX-965d90f7e5e2e3,CHIEF FINANCIAL AND OPERATING OFFICER,CHIEF FINANCIAL & OPERATING OFFICER,non_ceo_position,finance,operations,chief_officer,executive,functional,current,title_keywords:finance,medium,,hybrid_title_excluded_from_strict_position_benchmark,ambiguous,multi_role,combined or ambiguous finance-and-operations chief,,,,rule_assigned_multi_role,yes,all,1,1,1,Vera Institute of Justice,
F990TAX-96e340afb8b334,TREASURER/CFO,Treasurer/CFO,non_ceo_position,finance,,chief_officer,executive,functional,current,title_keywords:finance,high,cfo,standard_cfo_alias,standard_abbreviation,none,,,,,rule_assigned,yes,all,1,1,1,Electronic Frontier Foundation,
F990TAX-96f9db684c87b1,CO- CHAIR,CO- CHAIR,unmapped_position,,,unclassified,unknown,uncertain,current,no_reviewed_family_match,low,,not_a_supported_standardized_title,,none,,,,,manual_review_required,no,none,2,1,1,Center for Public Integrity,Retained for manual classification; not exposed in the public Position catalog.
F990TAX-9700e95163feb7,PRESIDENT,PRESIDENT | President,canonical_ceo,,,chief_executive,executive,organization_wide,current,validated_ceo_name_override,high,,not_a_supported_standardized_title,,none,,,,,rule_assigned,no,none,23,23,23,Animal Equality | Brennan Center for Justice | Center for AI and Digital Policy | Center for Climate and Energy Solutions | Center for Effective Philanthropy | Chicago Council on Global Affairs | Committee for a Responsible Federal Budget | Demos,CEO rows remain governed by validated_form990_compensation.csv and are not a generic position family.
F990TAX-9744ec108975c2,BOD AT LARGE THRU 9/2024,"BOD, AT LARGE (THRU 9/2024)",unmapped_position,,,unclassified,unknown,uncertain,former_or_partial,no_reviewed_family_match,low,,not_a_supported_standardized_title,,none,,,,,manual_review_required,no,none,1,0,1,Independent Sector,Retained for manual classification; not exposed in the public Position catalog.
F990TAX-9746eebb129e6a,FISCALLY SPONSORED PROJECT DIRECTOR,FISCALLY SPONSORED PROJECT DIRECTOR,non_ceo_position,programs,,director,senior_leader,program_or_affiliate,current,title_keywords:programs+explicit_fiscally_sponsored_project_scope,high,,not_a_supported_standardized_title,,none,,,,,rule_assigned,yes,none,1,1,1,FAR AI,
F990TAX-98f561f5139ae8,FINANCE DIRE,FINANCE DIRE,non_ceo_position,finance,,functional_individual_contributor,individual_contributor,functional,current,title_keywords:finance,high,,not_a_supported_standardized_title,,none,,,,,rule_assigned,yes,all,1,1,1,Project Drawdown,
F990TAX-99c075b4fbf45b,CHIEF HUMAN RESOURCES OFFICER,CHIEF HUMAN RESOURCES OFFICER,non_ceo_position,people,,chief_officer,executive,functional,current,title_keywords:people,high,chief_people_officer,people_chief_alias,expanded,none,,,,,rule_assigned,yes,all,1,1,1,Brennan Center for Justice,
F990TAX-99e892b871c4ae,CHAIR OF GOV AND HR COMMITTEE,CHAIR OF GOV & HR COMMITTEE,non_ceo_position,people,,functional_individual_contributor,individual_contributor,functional,current,title_keywords:people,high,,not_a_supported_standardized_title,,none,,,,,rule_assigned,yes,none,1,0,1,Village Enterprise,
F990TAX-9a0fb3c693b065,VP COMMS AND EXTERNAL AFFAIRS,"VP, COMMS. & EXTERNAL AFFAIRS",non_ceo_position,communications,,vice_president,senior_leader,functional,current,title_keywords:communications,high,vice_president,vice_president_alias,expanded,none,,,,,rule_assigned,yes,all,1,1,1,Vera Institute of Justice,
F990TAX-9a1d979d9a24dd,CHIEF IMPACT OFFICER THRU 10/24,CHIEF IMPACT OFFICER (THRU 10/24),non_ceo_position,programs,,chief_officer,executive,functional,former_or_partial,title_keywords:programs,high,chief_impact_officer,explicit_chief_impact_officer,exact,none,,,,,rule_assigned,yes,none,1,1,1,Federation of American Scientists,
F990TAX-9a29308f49356f,DIRECTOR - UNTIL 09/2024,DIRECTOR - UNTIL 09/2024,non_ceo_position,general_leadership,,director,senior_leader,functional,former_or_partial,title_keywords:general_leadership,medium,,not_a_supported_standardized_title,,none,,,,,rule_assigned,yes,none,1,0,1,Bipartisan Policy Center,
F990TAX-9a47db2dc81c2d,PRESIDENT AND COO BOARD OF DIRECTORS,"President and COO, Board of Directors",non_ceo_position,operations,,chief_officer,executive,functional,current,title_keywords:operations,high,,hybrid_title_excluded_from_strict_position_benchmark,ambiguous,multi_role,President and COO combined in one title,,,,rule_assigned,yes,all,1,1,1,Nuclear Threat Initiative,
F990TAX-9a8b7bb4f7d123,SR DIR PEOPLE AND CULTURE,SR DIR PEOPLE & CULTURE,non_ceo_position,people,,director,senior_leader,functional,current,title_keywords:people,high,,not_a_supported_standardized_title,,none,,,,,rule_assigned,yes,all,1,1,1,Farm Sanctuary,
F990TAX-9aae4bf8ad7865,DIRECTOR OF ADVOCACY,DIRECTOR OF ADVOCACY,non_ceo_position,policy,,director,senior_leader,functional,current,title_keywords:policy,high,policy_director,explicit_policy_director_alias,expanded,none,,,,,rule_assigned,yes,all,2,2,2,Center for Climate and Energy Solutions | The Sentencing Project,
F990TAX-9b597ef3c75553,VP COMMUNICATIONS AND STRAT,"VP, COMMUNICATIONS & STRAT",non_ceo_position,communications,,vice_president,senior_leader,functional,current,title_keywords:communications,high,vice_president,vice_president_alias,expanded,none,,,,,rule_assigned,yes,all,1,1,1,Brennan Center for Justice,
F990TAX-9ba93a378a9317,SECRETARY AND TREASURER,SECRETARY & TREASURER,non_ceo_position,finance,,functional_individual_contributor,individual_contributor,functional,current,title_keywords:finance,high,,not_a_supported_standardized_title,,none,,,,,rule_assigned,yes,all,1,1,1,Bipartisan Policy Center,
F990TAX-9c1b1a088cd107,CHIEF COMMUNICATIONS OFFICER,CHIEF COMMUNICATIONS OFFICER,non_ceo_position,communications,,chief_officer,executive,functional,current,title_keywords:communications,high,chief_communications_officer,communications_chief_alias,expanded,none,,,,,rule_assigned,yes,all,2,2,2,GivingTuesday | Results for Development,
F990TAX-9c8899c988aa3e,DIRECTOR UNTIL MARCH,DIRECTOR UNTIL MARCH,non_ceo_position,general_leadership,,director,senior_leader,functional,former_or_partial,title_keywords:general_leadership,medium,,not_a_supported_standardized_title,,none,,,,,rule_assigned,yes,none,1,0,1,Committee for a Responsible Federal Budget,
F990TAX-9cb6586cff4b8f,DIR CLINICAL RES,Dir Clinical Res.,non_ceo_position,research,,director,senior_leader,functional,current,title_keywords:research,high,,not_a_supported_standardized_title,,none,,,,,rule_assigned,yes,all,1,1,1,Physicians Committee for Responsible Medicine,
F990TAX-9d007075f596d6,DIRECTOR OF PROGRAMS,DIRECTOR OF PROGRAMS,non_ceo_position,programs,,director,senior_leader,functional,current,title_keywords:programs,high,program_director,explicit_program_director_alias,expanded,none,,,,,rule_assigned,yes,all,2,2,2,Grantmakers for Effective Organizations | Ploughshares Fund,
F990TAX-9d04fcfe5873c9,CFAO,CFAO,non_ceo_position,finance,,chief_officer,executive,functional,current,title_keywords:finance,high,,hybrid_title_excluded_from_strict_position_benchmark,ambiguous,multi_role,combined or ambiguous finance-and-operations chief,,,,rule_assigned,yes,all,1,1,1,Learning Policy Institute,
F990TAX-9d4ff898bb3396,ASSISTANT DIRECTOR - LEGAL,Assistant Director - Legal,non_ceo_position,legal,,director,senior_leader,functional,current,title_keywords:legal,high,,not_a_supported_standardized_title,,none,,,,,rule_assigned,yes,all,1,1,1,Electronic Frontier Foundation,
F990TAX-9dc8042c03ff98,BOARD OF DIRECTOR THRU 10/2024,BOARD OF DIRECTOR (THRU 10/2024),non_ceo_position,general_leadership,,director,senior_leader,functional,former_or_partial,title_keywords:general_leadership,medium,,not_a_supported_standardized_title,,none,,,,,rule_assigned,yes,none,1,0,1,Independent Sector,
F990TAX-9df36f22e4c50e,VP DEMOCRACY PROGRAM,"VP, DEMOCRACY PROGRAM",non_ceo_position,programs,,vice_president,senior_leader,functional,current,title_keywords:programs,high,vice_president,vice_president_alias,expanded,none,,,,,rule_assigned,yes,all,1,1,1,Brennan Center for Justice,
F990TAX-9dfffe0130f6cb,CHAIR - SFEI,Chair - SFEI,unmapped_position,,,unclassified,unknown,uncertain,current,no_reviewed_family_match,low,,not_a_supported_standardized_title,,none,,,,,manual_review_required,no,none,1,0,1,San Francisco Estuary Institute,Retained for manual classification; not exposed in the public Position catalog.
F990TAX-9edcdda4439238,SVP OF RESEARCH,SVP OF RESEARCH,non_ceo_position,research,,functional_individual_contributor,individual_contributor,functional,current,title_keywords:research,high,senior_vice_president,senior_vice_president_alias,expanded,none,,,,,rule_assigned,yes,all,1,1,1,FrameWorks Institute,
F990TAX-9ee9bb35114f12,DIRECTOR OF PARTNERSHIPS,DIRECTOR OF PARTNERSHIPS,non_ceo_position,programs,,director,senior_leader,functional,current,title_keywords:programs,high,,not_a_supported_standardized_title,,none,,,,,rule_assigned,yes,all,1,1,1,Federation of American Scientists,
F990TAX-9f10fe858d01ef,CHIEF OPERATING OFFICER UNTIL 04/24,CHIEF OPERATING OFFICER (UNTIL 04/24),non_ceo_position,operations,,chief_officer,executive,functional,former_or_partial,title_keywords:operations,high,coo,standard_coo_alias,exact,none,,,,,rule_assigned,yes,none,1,1,1,The Humane League,
F990TAX-9f471e459de288,SR FOOD/AG ANALYS,Sr. Food/Ag Analys,non_ceo_position,research,,senior_individual_contributor,individual_contributor,functional,current,title_keywords:research,high,senior_researcher,senior_research_title,expanded,none,,,,,rule_assigned,yes,all,1,1,1,Breakthrough Institute,
F990TAX-9f4fa2a22479a8,HR DIRECTOR,HR Director,non_ceo_position,people,,director,senior_leader,functional,current,title_keywords:people,high,,not_a_supported_standardized_title,,none,,,,,rule_assigned,yes,all,1,1,1,Environmental Law Institute,
F990TAX-9f6962d2bfc605,EXECUTIVE DIRECTOR BPCA,"EXECUTIVE DIRECTOR, BPCA",generic_ceo_like,,,chief_executive,executive,program_or_affiliate,current,ceo_like_title_not_authoritative_ceo,medium,,not_a_supported_standardized_title,,none,,,,,manual_review_required,no,none,1,1,1,Bipartisan Policy Center,CEO rows remain governed by validated_form990_compensation.csv and are not a generic position family.
F990TAX-9f953ecee181c8,DIR COMMUNICATIONS,DIR COMMUNICATIONS,non_ceo_position,communications,,director,senior_leader,functional,current,title_keywords:communications,high,communications_director,explicit_communications_director_alias,expanded,none,,,,,rule_assigned,yes,all,1,1,1,Economic Policy Institute,
F990TAX-9fa4ee35c9c138,DIRECTOR OF INSIGHTS,Director of Insights,non_ceo_position,research,,director,senior_leader,functional,current,title_keywords:research,high,,not_a_supported_standardized_title,,none,,,,,rule_assigned,yes,all,1,1,1,OpenSecrets,
F990TAX-a04384c7605b6d,TRUSTEE THRU 6/24/25,"TRUSTEE, THRU 6/24/25",unmapped_position,,,unclassified,unknown,uncertain,former_or_partial,no_reviewed_family_match,low,,not_a_supported_standardized_title,,none,,,,,manual_review_required,no,none,1,0,1,Vera Institute of Justice,Retained for manual classification; not exposed in the public Position catalog.
F990TAX-a0e21f346292cf,DIRECTOR RACE AND ECONOMIC JUSTICE,"DIRECTOR, RACE AND ECONOMIC JUSTICE",non_ceo_position,programs,research;policy,director,senior_leader,functional,current,reviewed_record_override:reviewed_economic_justice_program_function,high,,not_a_supported_standardized_title,,none,,,,,reviewed_observation_override,yes,all,1,1,1,Center for Economic and Policy Research,"Primary family received an observation-level review because the filing title is truncated, organization-specific, or multi-function."
F990TAX-a14ef5a5fe8bae,BOARD GOVERNANCE CHAIR,BOARD GOVERNANCE CHAIR,unmapped_position,,,unclassified,unknown,uncertain,current,no_reviewed_family_match,low,,not_a_supported_standardized_title,,none,,,,,manual_review_required,no,none,1,0,1,Institute on Taxation and Economic Policy,Retained for manual classification; not exposed in the public Position catalog.
F990TAX-a1723e2cf4183a,EXTERNAL RELATIONS DIRECTOR,EXTERNAL RELATIONS DIRECTOR,non_ceo_position,communications,development,director,senior_leader,functional,current,reviewed_record_override:reviewed_external_relations_function,high,,not_a_supported_standardized_title,,none,,,,,reviewed_observation_override,yes,all,1,1,1,Institute for the Study of War,"Primary family received an observation-level review because the filing title is truncated, organization-specific, or multi-function."
F990TAX-a18e2e45cc91c5,CFO UNTIL 12/2023,CFO (Until 12/2023),non_ceo_position,finance,,chief_officer,executive,functional,former_or_partial,title_keywords:finance,high,cfo,standard_cfo_alias,standard_abbreviation,none,,,,,rule_assigned,yes,none,1,1,1,Population Reference Bureau,
F990TAX-a197ae812b22e5,EXECUTIVE VICE-PRESIDENT,Executive Vice-President,non_ceo_position,general_leadership,,executive_leadership,executive,functional,current,title_keywords:general_leadership,medium,executive_vice_president,executive_vice_president_alias,expanded,none,,,,,rule_assigned,yes,all,1,1,1,Data Quality Campaign,
F990TAX-a1a84fa91ce7c5,VICE CHAIR/TREASURER,VICE CHAIR/TREASURER,non_ceo_position,finance,,functional_individual_contributor,individual_contributor,functional,current,title_keywords:finance,high,,not_a_supported_standardized_title,,none,,,,,rule_assigned,yes,none,2,0,2,Farm Sanctuary | Vera Institute of Justice,
F990TAX-a1bdcf556155dc,DIR OF GOVERNANCE,DIR OF GOVERNANCE,non_ceo_position,policy,,director,senior_leader,functional,current,reviewed_record_override:reviewed_governance_policy_function,high,,not_a_supported_standardized_title,,none,,,,,reviewed_observation_override,yes,all,1,1,1,Niskanen Center,"Primary family received an observation-level review because the filing title is truncated, organization-specific, or multi-function."
F990TAX-a1d31d66d148af,MG DIR RESEARCH AND POLICY,MG DIR. RESEARCH & POLICY,non_ceo_position,research,policy,director,senior_leader,functional,current,title_keywords:research,medium,managing_director,managing_director_alias,expanded,none,,,,,rule_assigned_multi_role,yes,all,1,1,1,Roosevelt Institute,
F990TAX-a22a928fdb61fd,DIRECTOR AND CLERK,DIRECTOR AND CLERK,non_ceo_position,general_leadership,,director,senior_leader,functional,current,title_keywords:general_leadership,medium,,not_a_supported_standardized_title,,none,,,,,rule_assigned,yes,none,1,0,1,Project Healthy Children,
F990TAX-a2482f669269ac,SENIOR VP LEADERSHIP AND CAP BUILDING,"SENIOR VP, LEADERSHIP & CAP BUILDING",non_ceo_position,programs,people,vice_president,senior_leader,functional,current,reviewed_record_override:reviewed_capacity_building_program_function,high,senior_vice_president,senior_vice_president_alias,expanded,none,,,,,reviewed_observation_override,yes,all,1,1,1,Center for Health Care Strategies,"Primary family received an observation-level review because the filing title is truncated, organization-specific, or multi-function."
F990TAX-a28c98a2f8e948,VP PUBLIC OPINION FOREIGN POLICY,"VP PUBLIC OPINION, FOREIGN POLICY",non_ceo_position,research,policy,vice_president,senior_leader,functional,current,reviewed_record_override:reviewed_public_opinion_research_function,high,vice_president,vice_president_alias,expanded,none,,SRC-POSITION-CHICAGO-COUNCIL-DINA-SMELTZ,https://www.thechicagocouncil.org/sites/default/files/2021-10/ccs2021_fpmc.pdf,benchmark/sources/native/supporting/position_classification/chicago-council-2021-public-opinion.pdf,reviewed_observation_override,yes,all,1,1,1,Chicago Council on Global Affairs,"Primary family received an observation-level review because the filing title is truncated, organization-specific, or multi-function. | Documents Smeltz's public-opinion survey research leadership, with foreign policy retained as secondary. Source: benchmark/sources/native/supporting/position_classification/chicago-council-2021-public-opinion.pdf (https://www.thechicagocouncil.org/sites/default/files/2021-10/ccs2021_fpmc.pdf)"
F990TAX-a32bf5994ede61,PRESIDENT/CEO,PRESIDENT/CEO,generic_ceo_like,,,chief_executive,executive,uncertain,current,ceo_like_title_not_authoritative_ceo,medium,,not_a_supported_standardized_title,,none,,,,,manual_review_required,no,none,1,1,1,Pure Earth,CEO rows remain governed by validated_form990_compensation.csv and are not a generic position family.
F990TAX-a3d6473468ad17,DIRECTOR AS OF 5/25,DIRECTOR (AS OF 5/25),non_ceo_position,general_leadership,,director,senior_leader,functional,current,title_keywords:general_leadership,medium,,not_a_supported_standardized_title,,none,,,,,rule_assigned,yes,none,1,0,1,GivingTuesday,
F990TAX-a3e98dd578299f,HEAD OF SOFTWARE DEVELOPMENT,HEAD OF SOFTWARE DEVELOPMENT,non_ceo_position,technology,,head_or_lead,senior_leader,functional,current,reviewed_record_override:reviewed_software_development_function,high,,not_a_supported_standardized_title,,none,,,,,reviewed_observation_override,yes,all,1,1,1,Precision Development,"Primary family received an observation-level review because the filing title is truncated, organization-specific, or multi-function."
F990TAX-a40ee30f776086,RESEARCHER,RESEARCHER,non_ceo_position,research,,functional_individual_contributor,individual_contributor,functional,current,title_keywords:research,high,,not_a_supported_standardized_title,,none,,,,,rule_assigned,yes,none,3,0,1,ORCID,
F990TAX-a4a5c5a71d4653,KNOWLEDGE AND LEARNING DIRECTOR,KNOWLEDGE AND LEARNING DIRECTOR,non_ceo_position,programs,,director,senior_leader,functional,current,title_keywords:programs,high,,not_a_supported_standardized_title,,none,,,,,rule_assigned,yes,all,1,1,1,PEAK Grantmaking,
F990TAX-a4bed8270c6fbc,CHIEF OF GEO,CHIEF OF GEO,unmapped_position,,,chief_officer,executive,uncertain,current,no_reviewed_family_match,low,,not_a_supported_standardized_title,,none,,,,,manual_review_required,no,none,1,1,1,Clean Air Task Force,Retained for manual classification; not exposed in the public Position catalog.
F990TAX-a4d47683c69286,VP OF PUBLICATIONS AND COMM,VP OF PUBLICATIONS & COMM.,non_ceo_position,communications,,vice_president,senior_leader,functional,current,title_keywords:communications,high,vice_president,vice_president_alias,expanded,none,,,,,rule_assigned,yes,all,1,1,1,Peterson Institute for International Economics,
F990TAX-a4e5c7ba92ba98,TREASURER AND DIRECTOR,TREASURER & DIRECTOR | TREASURER AND DIRECTOR,non_ceo_position,finance,,director,senior_leader,functional,current,title_keywords:finance,high,,not_a_supported_standardized_title,,none,,,,,rule_assigned,yes,none,2,0,2,Mercy For Animals | World Justice Project,
F990TAX-a4ebb738374d08,DEPUTY VP GLOBAL BIOLOGICAL POLICY AND PROGRAMS,"Deputy VP, Global Biological Policy and Programs",non_ceo_position,policy,programs,vice_president,senior_leader,functional,current,title_keywords:policy,medium,vice_president,vice_president_alias,expanded,none,,,,,rule_assigned_multi_role,yes,all,1,1,1,Nuclear Threat Initiative,
F990TAX-a53b6a3d80e282,DIRECTOR OF PROGRAM MGMT AND STRATEGY,Director of Program Mgmt & Strategy,non_ceo_position,programs,strategy,director,senior_leader,functional,current,title_keywords:programs,medium,program_director,explicit_program_director_alias,expanded,none,,,,,rule_assigned_multi_role,yes,all,1,1,1,Alliance for Health Policy,
F990TAX-a55526925537fb,EXECUTIVE VP AND CIO,EXECUTIVE VP AND CIO,non_ceo_position,technology,,chief_officer,executive,functional,current,title_keywords:technology,high,cio,standard_cio_alias,standard_abbreviation,none,,,,,rule_assigned,yes,all,1,1,1,Results for America,
F990TAX-a56cb049931319,CHAIR THRU 10/30/24,CHAIR (THRU 10/30/24),unmapped_position,,,unclassified,unknown,uncertain,former_or_partial,no_reviewed_family_match,low,,not_a_supported_standardized_title,,none,,,,,manual_review_required,no,none,1,0,1,Creative Commons,Retained for manual classification; not exposed in the public Position catalog.
F990TAX-a5bc366962bbde,VP GLOBAL NUCLEAR POLICY PROGRAM,"VP, Global Nuclear Policy Program",non_ceo_position,policy,programs,vice_president,senior_leader,functional,current,title_keywords:policy,medium,vice_president,vice_president_alias,expanded,none,,,,,rule_assigned_multi_role,yes,all,1,1,1,Nuclear Threat Initiative,
F990TAX-a5c0bf6abf9f66,CO-CHAIR AND SECRETARY,CO-CHAIR AND SECRETARY,unmapped_position,,,unclassified,unknown,uncertain,current,no_reviewed_family_match,low,,not_a_supported_standardized_title,,none,,,,,manual_review_required,no,none,1,0,1,Committee for a Responsible Federal Budget,Retained for manual classification; not exposed in the public Position catalog.
F990TAX-a6333f89965055,CHIEF OF PROGRAMS,CHIEF OF PROGRAMS,non_ceo_position,programs,,chief_officer,executive,functional,current,title_keywords:programs,high,chief_program_officer,program_chief_alias,expanded,none,,,,,rule_assigned,yes,all,1,1,1,National Employment Law Project,
F990TAX-a63982112bcda4,DIRECTOR OF IT AND DIGITAL COMMS,DIRECTOR OF IT & DIGITAL COMMS.,non_ceo_position,technology,communications,director,senior_leader,functional,current,title_keywords:technology,medium,,not_a_supported_standardized_title,,none,,,,,rule_assigned_multi_role,yes,all,1,1,1,Social Science Research Council,
F990TAX-a63d635e922dc8,POLICY LEAD,Policy Lead,non_ceo_position,policy,,head_or_lead,senior_leader,functional,current,title_keywords:policy,high,,not_a_supported_standardized_title,,none,,,,,rule_assigned,yes,all,1,1,1,Center for AI Safety,
F990TAX-a6641150029ed7,VP FOR PUBLIC POLICY,VP for Public Policy,non_ceo_position,policy,,vice_president,senior_leader,functional,current,title_keywords:policy,high,vice_president,vice_president_alias,expanded,none,,,,,rule_assigned,yes,all,1,1,1,Guttmacher Institute,
F990TAX-a71ec877849234,TRUSTEE THRU NOV 2024,TRUSTEE THRU NOV 2024,unmapped_position,,,unclassified,unknown,uncertain,former_or_partial,no_reviewed_family_match,low,,not_a_supported_standardized_title,,none,,,,,manual_review_required,no,none,1,0,1,Institute for Policy Studies,Retained for manual classification; not exposed in the public Position catalog.
F990TAX-a733995eac1901,CONSULTANT,Consultant,unmapped_position,,,unclassified,unknown,uncertain,former_or_partial,no_reviewed_family_match,low,,not_a_supported_standardized_title,,none,,,,,manual_review_required,no,none,1,1,1,Nuclear Threat Initiative,Retained for manual classification; not exposed in the public Position catalog.
F990TAX-a7800e30082d51,VICE CHAIRMAN THRU 10/2024,VICE CHAIRMAN (THRU 10/2024),unmapped_position,,,unclassified,unknown,uncertain,former_or_partial,no_reviewed_family_match,low,,not_a_supported_standardized_title,,none,,,,,manual_review_required,no,none,2,0,1,Independent Sector,Retained for manual classification; not exposed in the public Position catalog.
F990TAX-a7817619ee2c50,ENERGY FINANCE ANALYST PETROCHEMICAL,"ENERGY FINANCE ANALYST, PETROCHEMICAL",non_ceo_position,research,finance,functional_individual_contributor,individual_contributor,functional,current,reviewed_record_override:reviewed_energy_finance_analyst_function,high,,not_a_supported_standardized_title,,none,,,,,reviewed_observation_override,yes,all,1,1,1,Institute for Energy Economics and Financial Analysis,"Primary family received an observation-level review because the filing title is truncated, organization-specific, or multi-function."
F990TAX-a7946691a57bd3,DIRECTOR INFORMATION AND DATA,"DIRECTOR, INFORMATION AND DATA",non_ceo_position,technology,,director,senior_leader,functional,current,title_keywords:technology,high,,not_a_supported_standardized_title,,none,,,,,rule_assigned,yes,all,1,1,1,National Committee for Responsive Philanthropy,
F990TAX-a7edf3d97c346d,VP TECH AND DEMOCRACY PROGRAMS,VP. TECH AND DEMOCRACY PROGRAMS,non_ceo_position,programs,,vice_president,senior_leader,functional,current,title_keywords:programs,high,vice_president,vice_president_alias,expanded,none,,,,,rule_assigned,yes,all,1,1,1,New America,
F990TAX-a82cba70fc9e1d,SECRETARY AND COO,SECRETARY AND COO,non_ceo_position,operations,,chief_officer,executive,functional,current,title_keywords:operations,high,coo,standard_coo_alias,standard_abbreviation,none,,,,,rule_assigned,yes,all,1,1,1,Precision Development,
F990TAX-a900f1a3f4a95b,DIRECTOR OF ANNUAL GIVING,DIRECTOR OF ANNUAL GIVING,non_ceo_position,development,,director,senior_leader,functional,current,title_keywords:development,high,development_director,explicit_development_director_alias,expanded,none,,,,,rule_assigned,yes,all,1,1,1,Institute for the Study of War,
F990TAX-a92dedce88dd77,US DIRECTOR,US Director,canonical_ceo,,,chief_executive,executive,organization_wide,current,validated_ceo_name_override,high,,not_a_supported_standardized_title,,none,,,,,rule_assigned,no,none,1,1,1,Compassion in World Farming USA,CEO rows remain governed by validated_form990_compensation.csv and are not a generic position family.
F990TAX-a94232b95d5a98,VICE CHAIR,VICE CHAIR | Vice Chair,governance,,,board_governance,governance,governance,current,part_vii_board_flag_and_board_title,high,,not_a_supported_standardized_title,,none,,,,,rule_assigned,no,none,41,0,37,American Immigration Council | Animal Legal Defense Fund | Animal Welfare Institute | Arms Control Association | Center for Health Care Strategies | Center for Open Science | Center for Public Integrity | Charity Navigator,
F990TAX-a975c44daaf4e4,DIRECTOR OF COMMUNICATIONS,DIRECTOR OF COMMUNICATIONS | Director of Communications,non_ceo_position,communications,,director,senior_leader,functional,current,title_keywords:communications,high,communications_director,explicit_communications_director_alias,expanded,none,,,,,rule_assigned,yes,all,3,3,3,Institute for Nonprofit News | Quincy Institute for Responsible Statecraft | Sightline Institute,
F990TAX-a9ff51ccdc701c,SENIOR ACCOUNTANT,SENIOR ACCOUNTANT,non_ceo_position,finance,,senior_individual_contributor,individual_contributor,functional,current,title_keywords:finance,high,,not_a_supported_standardized_title,,none,,,,,rule_assigned,yes,all,1,1,1,Open Technology Fund,
F990TAX-aaa4185214a5a0,VP FINANCE AND OPERATIONS,"VP, FINANCE & OPERATIONS | VP, FINANCE AND OPERATIONS",non_ceo_position,finance,operations,vice_president,senior_leader,functional,current,title_keywords:finance,medium,vice_president,vice_president_alias,expanded,none,,,,,rule_assigned_multi_role,yes,all,2,2,2,Chicago Council on Global Affairs | Results for America,
F990TAX-aabc6491849068,PRESIDENT AND CTO,PRESIDENT & CTO,non_ceo_position,technology,,chief_officer,executive,functional,current,title_keywords:technology,high,,hybrid_title_excluded_from_strict_position_benchmark,ambiguous,multi_role,President and CTO combined in one title,,,,rule_assigned,yes,all,1,1,1,New America,
F990TAX-aad06bfe393934,PAST CHAIR,PAST CHAIR,unmapped_position,,,unclassified,unknown,uncertain,current,no_reviewed_family_match,low,,not_a_supported_standardized_title,,none,,,,,manual_review_required,no,none,1,0,1,Exponent Philanthropy,Retained for manual classification; not exposed in the public Position catalog.
F990TAX-aae7f86cdcf394,SR DIR EDUCATION POLICY PROGRAM,SR. DIR. EDUCATION POLICY PROGRAM,non_ceo_position,policy,programs,director,senior_leader,functional,current,title_keywords:policy,medium,policy_director,explicit_policy_director_alias,expanded,none,,,,,rule_assigned_multi_role,yes,all,1,1,1,New America,
F990TAX-ab0d70f3e80b73,PRINCIPAL RESEARCH SCIENTIST,PRINCIPAL RESEARCH SCIENTIST,non_ceo_position,research,,senior_individual_contributor,individual_contributor,functional,current,title_keywords:research,high,senior_researcher,senior_research_title,expanded,none,,,,,rule_assigned,yes,all,2,2,1,Guttmacher Institute,
F990TAX-ab234922d8bff0,CHIEF AUD OFFICER,Chief Aud. Officer,non_ceo_position,communications,,chief_officer,executive,functional,current,reviewed_record_override:reviewed_chief_audience_officer_abbreviation,high,,not_a_supported_standardized_title,,none,,SRC-POSITION-BULLETIN-2023-ANNUAL-REPORT,https://thebulletin.org/wp-content/uploads/2024/05/2023-Bulletin-Annual-Report.pdf,benchmark/sources/native/supporting/2023-Bulletin-Annual-Report.pdf,reviewed_observation_override,yes,all,1,1,1,Bulletin of the Atomic Scientists,"Primary family received an observation-level review because the filing title is truncated, organization-specific, or multi-function. | Official 2023 Bulletin annual report expands `Chief Aud. Officer` to `Chief Audience Officer` under Communications and Marketing: benchmark/sources/native/supporting/2023-Bulletin-Annual-Report.pdf (https://thebulletin.org/wp-content/uploads/2024/05/2023-Bulletin-Annual-Report.pdf)"
F990TAX-ab93a170edd88e,CHEIF EXECUTIVE OFFICER,Cheif Executive Officer,generic_ceo_like,,,chief_executive,executive,uncertain,current,ceo_like_title_not_authoritative_ceo,medium,,not_a_supported_standardized_title,,none,,,,,manual_review_required,no,none,1,1,1,MuckRock Foundation,CEO rows remain governed by validated_form990_compensation.csv and are not a generic position family.
F990TAX-aba61821d0d3e5,CEO/OFFICER,CEO/OFFICER,canonical_ceo,,,chief_executive,executive,organization_wide,current,validated_ceo_name_override,high,,not_a_supported_standardized_title,,none,,,,,rule_assigned,no,none,1,1,1,Living Goods,CEO rows remain governed by validated_form990_compensation.csv and are not a generic position family.
F990TAX-abcad404f5a40d,VICE PRESIDENT THRU FEB,VICE PRESIDENT (THRU FEB),non_ceo_position,general_leadership,,executive_leadership,executive,functional,former_or_partial,title_keywords:general_leadership,medium,vice_president,vice_president_alias,expanded,none,,,,,rule_assigned,yes,none,1,1,1,Public Knowledge,
F990TAX-ac048841320260,DEPUTY EXECUTIVE DIR COMMUNICATIONS,"DEPUTY EXECUTIVE DIR., COMMUNICATIONS",non_ceo_position,communications,,managing_or_deputy_director,senior_leader,functional,former_or_partial,title_keywords:communications,high,communications_director,explicit_communications_director_alias,expanded,none,,,,,rule_assigned,yes,none,1,1,1,Center for Law and Social Policy,
F990TAX-ac4cefbba2783b,EXECUTIVE DIRECTOR EPP,"EXECUTIVE DIRECTOR, EPP",generic_ceo_like,,,chief_executive,executive,uncertain,current,ceo_like_title_not_authoritative_ceo,medium,,not_a_supported_standardized_title,,none,,,,,manual_review_required,no,none,1,1,1,Bipartisan Policy Center,CEO rows remain governed by validated_form990_compensation.csv and are not a generic position family.
F990TAX-ace0c156ec55f1,VICE PRESIDENT OPERATIONS,"VICE PRESIDENT, OPERATIONS",non_ceo_position,operations,,executive_leadership,executive,functional,current,title_keywords:operations,high,vice_president,vice_president_alias,expanded,none,,,,,rule_assigned,yes,all,2,2,2,Grantmakers for Effective Organizations | R Street Institute,
F990TAX-ad09643a694f27,TRUSTEE AS OF 01/2025,TRUSTEE (AS OF 01/2025),unmapped_position,,,unclassified,unknown,uncertain,current,no_reviewed_family_match,low,,not_a_supported_standardized_title,,none,,,,,manual_review_required,no,none,1,0,1,Climate Central,Retained for manual classification; not exposed in the public Position catalog.
F990TAX-ad280b26613b8c,VP FOR POLICY,VP FOR POLICY,non_ceo_position,policy,,vice_president,senior_leader,functional,current,title_keywords:policy,high,vice_president,vice_president_alias,expanded,none,,,,,rule_assigned,yes,all,1,1,1,Niskanen Center,
F990TAX-ad37697035a8f1,EXECUTIVE DIRECTOR UNTIL JAN 2025,EXECUTIVE DIRECTOR (UNTIL JAN 2025),canonical_ceo,,,chief_executive,executive,organization_wide,former_or_partial,validated_ceo_name_override,high,,not_a_supported_standardized_title,,none,,,,,rule_assigned,no,none,1,1,1,Fresh Energy,CEO rows remain governed by validated_form990_compensation.csv and are not a generic position family.
F990TAX-ad4f94b52f456e,DIRECTOR,DIRECTOR | Director,governance,,,board_governance,governance,governance,current,part_vii_board_flag_and_board_title,high,,not_a_supported_standardized_title,,none,,,,,rule_assigned,no,none,686,5,81,American Immigration Council | American Security Project | Animal Equality | Animal Legal Defense Fund | Animal Welfare Institute | Arms Control Association | Bipartisan Policy Center | Bulletin of the Atomic Scientists,
F990TAX-ade0d9050ef163,DEPUTY DIR OF IMMIGRATION,DEPUTY DIR OF IMMIGRATION,non_ceo_position,policy,programs,managing_or_deputy_director,senior_leader,functional,current,reviewed_record_override:reviewed_immigration_policy_function,high,deputy_director,deputy_director_alias,expanded,none,,,,,reviewed_observation_override,yes,all,1,1,1,Niskanen Center,"Primary family received an observation-level review because the filing title is truncated, organization-specific, or multi-function."
F990TAX-adedf7257b528c,BOARD MEMBER FROM 5/2024,BOARD MEMBER (FROM 5/2024),unmapped_position,,,unclassified,unknown,uncertain,former_or_partial,no_reviewed_family_match,low,,not_a_supported_standardized_title,,none,,,,,manual_review_required,no,none,1,0,1,Evidence Action,Retained for manual classification; not exposed in the public Position catalog.
F990TAX-adf68e110c89ec,DIR PRODUCTS/ENG,Dir Products/Eng,non_ceo_position,technology,,director,senior_leader,functional,current,title_keywords:technology,high,,not_a_supported_standardized_title,,none,,,,,rule_assigned,yes,all,1,1,1,Carbon Mapper,
F990TAX-ae90428cc36b82,PORGRAM MANAGING DIRECTOR,Porgram Managing Director,non_ceo_position,programs,,managing_or_deputy_director,senior_leader,functional,current,reviewed_record_override:reviewed_misspelled_program_title,high,managing_director,managing_director_alias,expanded,none,,,,,reviewed_observation_override,yes,all,2,2,1,San Francisco Estuary Institute,"Primary family received an observation-level review because the filing title is truncated, organization-specific, or multi-function."
F990TAX-aeb66d4c410961,PRESIDENT AND CHIEF PROGRAMS OFFICER,PRESIDENT & CHIEF PROGRAMS OFFICER,non_ceo_position,programs,,chief_officer,executive,functional,current,title_keywords:programs,high,chief_program_officer,program_chief_alias,expanded,none,,,,,rule_assigned,yes,all,1,1,1,Last Mile Health,
F990TAX-aef8fd2b832802,VP FOR OPERATIONS AND CTO,VP FOR OPERATIONS & CTO,non_ceo_position,operations,technology,chief_officer,executive,functional,current,title_keywords:operations,medium,,hybrid_title_excluded_from_strict_position_benchmark,ambiguous,multi_role,operations and technology chief combined in one title,,,,rule_assigned_multi_role,yes,all,1,1,1,Peterson Institute for International Economics,
F990TAX-af2ed44c4d8a33,DIRECTOR THRU 11/23,DIRECTOR (THRU 11/23),non_ceo_position,general_leadership,,director,senior_leader,functional,former_or_partial,title_keywords:general_leadership,medium,,not_a_supported_standardized_title,,none,,,,,rule_assigned,yes,none,1,0,1,VillageReach,
F990TAX-af580305a11ac3,DIR GOVERNMENT AFFAIRS,DIR GOVERNMENT AFFAIRS,non_ceo_position,policy,,director,senior_leader,functional,current,title_keywords:policy,high,policy_director,explicit_policy_director_alias,expanded,none,,,,,rule_assigned,yes,all,1,1,1,Niskanen Center,
F990TAX-af9cfe5c8b01e3,CEO EPOCH,CEO Epoch,generic_ceo_like,,,chief_executive,executive,program_or_affiliate,current,ceo_like_title_not_authoritative_ceo+rp_named_project_scope,medium,,not_a_supported_standardized_title,,none,,,,,manual_review_required,no,none,1,1,1,Rethink Priorities,CEO rows remain governed by validated_form990_compensation.csv and are not a generic position family.
F990TAX-b00bac1afeb838,HR DIRECTOR US,HR DIRECTOR US,non_ceo_position,people,,director,senior_leader,functional,current,title_keywords:people,high,,not_a_supported_standardized_title,,none,,,,,rule_assigned,yes,all,1,1,1,Living Goods,
F990TAX-b0188ee225b567,VP OF TECHNOLOGY,VP OF TECHNOLOGY,non_ceo_position,technology,,vice_president,senior_leader,functional,current,title_keywords:technology,high,vice_president,vice_president_alias,expanded,none,,,,,rule_assigned,yes,all,1,1,1,Open Technology Fund,
F990TAX-b071abc82bbc6b,DIR HUMAN RESOURCES,DIR. HUMAN RESOURCES,non_ceo_position,people,,director,senior_leader,functional,current,title_keywords:people,high,,not_a_supported_standardized_title,,none,,,,,rule_assigned,yes,all,1,1,1,Roosevelt Institute,
F990TAX-b07917b31d7f15,SECRETARY DIRECTOR,"SECRETARY, DIRECTOR",non_ceo_position,general_leadership,,director,senior_leader,functional,current,title_keywords:general_leadership,medium,,not_a_supported_standardized_title,,none,,,,,rule_assigned,yes,none,1,0,1,Open Source Initiative,
F990TAX-b1031a5e5670a3,SECRETARY THRU APRIL 2024,SECRETARY (THRU APRIL 2024),unmapped_position,,,unclassified,unknown,uncertain,former_or_partial,no_reviewed_family_match,low,,not_a_supported_standardized_title,,none,,,,,manual_review_required,no,none,1,0,1,Wild Animal Initiative,Retained for manual classification; not exposed in the public Position catalog.
F990TAX-b12cbaf297cd2c,DIRECTOR - TREASURER,DIRECTOR - TREASURER,non_ceo_position,finance,,director,senior_leader,functional,current,title_keywords:finance,high,,not_a_supported_standardized_title,,none,,,,,rule_assigned,yes,none,1,0,1,New America,
F990TAX-b1639b69791c45,MANAGING DIRECTOR,MANAGING DIRECTOR | Managing Director,non_ceo_position,general_leadership,,managing_or_deputy_director,senior_leader,functional,current,title_keywords:general_leadership,medium,managing_director,managing_director_alias,expanded,none,,,,,rule_assigned,yes,all,16,16,9,Grantmakers for Education | Institute for Market Transformation | Lawfare Institute | Results for America | Results for Development | Sightline Institute | StrongMinds | Vera Institute of Justice,
F990TAX-b1bd8c887c239b,DIRECTOR AS OF MAY,DIRECTOR AS OF MAY,non_ceo_position,general_leadership,,director,senior_leader,functional,current,title_keywords:general_leadership,medium,,not_a_supported_standardized_title,,none,,,,,rule_assigned,yes,none,1,0,1,Committee for a Responsible Federal Budget,
F990TAX-b2395c1a9806ac,PROGRAM DIRECTOR IPS,"Program Director, IPS",non_ceo_position,programs,,director,senior_leader,functional,current,title_keywords:programs,high,program_director,explicit_program_director_alias,expanded,none,,,,,rule_assigned,yes,all,1,1,1,Center for a New American Security,
F990TAX-b23cdb4425f614,MEMBER THRU 07/23,MEMBER (THRU 07/23),unmapped_position,,,unclassified,unknown,uncertain,former_or_partial,no_reviewed_family_match,low,,not_a_supported_standardized_title,,none,,,,,manual_review_required,no,none,1,0,1,Farm Sanctuary,Retained for manual classification; not exposed in the public Position catalog.
F990TAX-b2c97795b8370f,ENERGY DATA ANALYST,ENERGY DATA ANALYST,non_ceo_position,technology,research,functional_individual_contributor,individual_contributor,functional,current,title_keywords:technology,medium,,not_a_supported_standardized_title,,none,,,,,rule_assigned_multi_role,yes,all,1,1,1,Institute for Energy Economics and Financial Analysis,
F990TAX-b4279a881d477a,HEAD OF INCLUSIVE RESEARCH AND DESIGN,HEAD OF INCLUSIVE RESEARCH AND DESIGN,non_ceo_position,research,,head_or_lead,senior_leader,functional,current,title_keywords:research,high,,not_a_supported_standardized_title,,none,,,,,rule_assigned,yes,all,1,1,1,Partnership on AI,
F990TAX-b43fac1ae47f6a,DIRECTOR FROM DEC 25,DIRECTOR (FROM DEC 25),non_ceo_position,general_leadership,,director,senior_leader,functional,former_or_partial,title_keywords:general_leadership,medium,,not_a_supported_standardized_title,,none,,,,,rule_assigned,yes,none,2,0,1,Institute on Taxation and Economic Policy,
F990TAX-b479f345a758a3,VP GLOBAL STUDIES AND FELLOWS,VP. GLOBAL STUDIES & FELLOWS,non_ceo_position,research,programs,vice_president,senior_leader,functional,current,reviewed_record_override:reviewed_studies_and_fellows_function,high,vice_president,vice_president_alias,expanded,none,,,,,reviewed_observation_override,yes,all,1,1,1,New America,"Primary family received an observation-level review because the filing title is truncated, organization-specific, or multi-function."
F990TAX-b520ca5517cab5,SR DIR OF COMMUNICATIONS,SR. DIR. OF COMMUNICATIONS,non_ceo_position,communications,,director,senior_leader,functional,current,title_keywords:communications,high,communications_director,explicit_communications_director_alias,expanded,none,,,,,rule_assigned,yes,all,1,1,1,StrongMinds,
F990TAX-b5c3b63d7ba291,DIR OF OPS,Dir. of Ops,non_ceo_position,operations,,director,senior_leader,functional,current,title_keywords:operations,high,,not_a_supported_standardized_title,,none,,,,,rule_assigned,yes,all,1,1,1,Breakthrough Institute,
F990TAX-b649a45919b9b1,CHAIR OUTGOING,CHAIR (OUTGOING),unmapped_position,,,unclassified,unknown,uncertain,former_or_partial,no_reviewed_family_match,low,,not_a_supported_standardized_title,,none,,,,,manual_review_required,no,none,1,0,1,National Employment Law Project,Retained for manual classification; not exposed in the public Position catalog.
F990TAX-b729b0dd06dad4,TREASURER AND SECRETARY,TREASURER AND SECRETARY | Treasurer & Secretary,governance,,,board_governance,governance,governance,current,part_vii_board_flag_and_board_title,high,,not_a_supported_standardized_title,,none,,,,,rule_assigned,no,none,2,0,2,Future of Privacy Forum | Population Reference Bureau,
F990TAX-b7a6b83512fddf,DIRECTOR/CLERK,DIRECTOR/CLERK,non_ceo_position,general_leadership,,director,senior_leader,functional,current,title_keywords:general_leadership,medium,,not_a_supported_standardized_title,,none,,,,,rule_assigned,yes,none,1,0,1,Last Mile Health,
F990TAX-b7d518c36f229d,PRESIDENT ELECT,PRESIDENT ELECT,non_ceo_position,general_leadership,,executive_leadership,executive,functional,current,title_keywords:general_leadership,medium,,not_a_supported_standardized_title,,none,,,,,rule_assigned,yes,none,1,0,1,Physicians for Social Responsibility,
F990TAX-b7ed74b9bd681e,VICE BOARD CHAIR,VICE BOARD CHAIR,unmapped_position,,,unclassified,unknown,uncertain,current,no_reviewed_family_match,low,,not_a_supported_standardized_title,,none,,,,,manual_review_required,no,none,1,0,1,Living Goods,Retained for manual classification; not exposed in the public Position catalog.
F990TAX-b8465d996ea7a2,DIRECTOR FROM SEPTEMBER,DIRECTOR (FROM SEPTEMBER),non_ceo_position,general_leadership,,director,senior_leader,functional,former_or_partial,title_keywords:general_leadership,medium,,not_a_supported_standardized_title,,none,,,,,rule_assigned,yes,none,2,0,1,Physicians for Social Responsibility,
F990TAX-b91c70d5eb49b0,SENIOR POLICY FELLOW,SENIOR POLICY FELLOW,non_ceo_position,policy,research,senior_individual_contributor,individual_contributor,functional,current,title_keywords:policy,medium,,not_a_supported_standardized_title,,none,,,,,rule_assigned_multi_role,yes,all,2,2,2,American Immigration Council | National Academy for State Health Policy,
F990TAX-ba675f76a32567,BOARD MEMBER,BOARD MEMBER | Board Member | Board member,governance,,,board_governance,governance,governance,current,part_vii_board_flag_and_board_title,high,,not_a_supported_standardized_title,,none,,,,,rule_assigned,no,none,396,1,34,Alliance for Health Policy | Better Food Foundation | Breakthrough Institute | Brennan Center for Justice | Center for Arms Control and Non-Proliferation | Center for International Policy | Center for Law and Social Policy | Charity Navigator,
F990TAX-ba7591a6648d81,VP FOR STRATEGY AND DEVELOPMENT,VP FOR STRATEGY AND DEVELOPMENT,non_ceo_position,strategy,development,vice_president,senior_leader,functional,current,title_keywords:strategy,medium,vice_president,vice_president_alias,expanded,none,,,,,rule_assigned_multi_role,yes,all,1,1,1,Center for Climate and Energy Solutions,
F990TAX-bab250d7e0d576,CHAIR NOMINATING AND GOVERNANCE,"CHAIR, NOMINATING & GOVERNANCE",unmapped_position,,,unclassified,unknown,uncertain,current,no_reviewed_family_match,low,,not_a_supported_standardized_title,,none,,,,,manual_review_required,no,none,1,0,1,Guttmacher Institute,Retained for manual classification; not exposed in the public Position catalog.
F990TAX-bb3bc3c2faf0fa,BOARD TREASURER,BOARD TREASURER | Board Treasurer,governance,,,board_governance,governance,governance,current,part_vii_board_flag_and_board_title,high,,not_a_supported_standardized_title,,none,,,,,rule_assigned,no,none,4,0,4,Institute for Market Transformation | Learning Policy Institute | Public Knowledge | TechCongress,
F990TAX-bbf309cefcc95e,DIRECTOR PETRAEUS CENTER,"DIRECTOR, PETRAEUS CENTER",non_ceo_position,research,programs,director,senior_leader,functional,current,reviewed_record_override:reviewed_research_center_function,high,,not_a_supported_standardized_title,,none,,,,,reviewed_observation_override,yes,all,1,1,1,Institute for the Study of War,"Primary family received an observation-level review because the filing title is truncated, organization-specific, or multi-function."
F990TAX-bc0913085aad79,PROGRAM DIRECTOR,PROGRAM DIRECTOR | Program Director,non_ceo_position,programs,,director,senior_leader,functional,current,title_keywords:programs,high,program_director,explicit_program_director_alias,expanded,none,,,,,rule_assigned,yes,all,15,15,7,Council on Strategic Risks | Environmental Law Institute | Food Animal Concerns Trust | Grantmakers for Education | Rethink Priorities | San Francisco Estuary Institute | Social Science Research Council,
F990TAX-bc3aa34585c2f2,PROGRAM MANAGING DIR,Program Managing Dir,non_ceo_position,programs,,managing_or_deputy_director,senior_leader,functional,current,title_keywords:programs,high,managing_director,managing_director_alias,expanded,none,,,,,rule_assigned,yes,all,1,1,1,San Francisco Estuary Institute,
F990TAX-bc3dd7f8cb96c7,CHIEF REVENUE OFFICER,Chief Revenue Officer,non_ceo_position,development,,chief_officer,executive,functional,current,title_keywords:development,high,chief_development_officer,development_chief_alias,expanded,none,,,,,rule_assigned,yes,all,1,1,1,Charity Navigator,
F990TAX-bc6a901729d0c6,ASSISTANT MANAGING DIRECTOR,ASSISTANT MANAGING DIRECTOR,non_ceo_position,general_leadership,,managing_or_deputy_director,senior_leader,functional,current,title_keywords:general_leadership,medium,assistant_managing_director,explicit_assistant_managing_director,exact,none,,,,,rule_assigned,yes,all,3,3,1,ideas42,
F990TAX-bd4a2b3618510e,SENIOR VICE PRESIDENT,SENIOR VICE PRESIDENT | Senior Vice President,non_ceo_position,general_leadership,,executive_leadership,executive,functional,current,title_keywords:general_leadership,medium,senior_vice_president,senior_vice_president_alias,expanded,none,,,,,rule_assigned,yes,all,3,3,3,Bipartisan Policy Center | Nuclear Threat Initiative | Public Knowledge,
F990TAX-bd52ddad4cc905,EXECUTIVE DIR,Executive Dir.,generic_ceo_like,,,chief_executive,executive,uncertain,current,ceo_like_title_not_authoritative_ceo,medium,,not_a_supported_standardized_title,,none,,,,,manual_review_required,no,none,1,0,1,Bulletin of the Atomic Scientists,CEO rows remain governed by validated_form990_compensation.csv and are not a generic position family.
F990TAX-bdb1b809735b24,DIRECTOR OF STRATEGIC INIT,DIRECTOR OF STRATEGIC INIT,non_ceo_position,strategy,,director,senior_leader,functional,current,title_keywords:strategy,high,,not_a_supported_standardized_title,,none,,,,,rule_assigned,yes,all,1,1,1,Institute for the Study of War,
F990TAX-bdfefe9440c882,CSGO SVP INTERNATIONAL PROGRAMS,CSGO; SVP International Programs,non_ceo_position,programs,,functional_individual_contributor,individual_contributor,functional,current,title_keywords:programs,high,senior_vice_president,senior_vice_president_alias,expanded,none,,,,,rule_assigned,yes,all,1,1,1,Population Reference Bureau,
F990TAX-bebabba341947d,BOARD MEMBER THRU 6/2024,BOARD MEMBER THRU 6/2024,unmapped_position,,,unclassified,unknown,uncertain,former_or_partial,no_reviewed_family_match,low,,not_a_supported_standardized_title,,none,,,,,manual_review_required,no,none,1,0,1,Grantmakers for Education,Retained for manual classification; not exposed in the public Position catalog.
F990TAX-bedbc50c4bad5d,SR COUNSEL COMP POL AND SECRETARY,SR. COUNSEL COMP POL. & SECRETARY,non_ceo_position,legal,,senior_individual_contributor,individual_contributor,functional,current,title_keywords:legal,high,,not_a_supported_standardized_title,,none,,,,,rule_assigned,yes,all,1,1,1,Center for Democracy & Technology,
F990TAX-bef110a55f0a1c,FORMER SENIOR VP,FORMER SENIOR VP,non_ceo_position,general_leadership,,vice_president,senior_leader,functional,former_or_partial,title_keywords:general_leadership,medium,senior_vice_president,senior_vice_president_alias,expanded,none,,,,,rule_assigned,yes,none,1,1,1,Bipartisan Policy Center,
F990TAX-bef9f80df6e9d4,DIRECTOR OF OPERATIONS,DIRECTOR OF OPERATIONS | Director of Operations,non_ceo_position,operations,,director,senior_leader,functional,current,title_keywords:operations,high,,not_a_supported_standardized_title,,none,,,,,rule_assigned,yes,all,4,4,4,Demos | Grantmakers for Effective Organizations | Independent Sector | NumFOCUS,
F990TAX-bf6de997a9e7f9,PRESIDENT/CEO,PRESIDENT/CEO,canonical_ceo,,,chief_executive,executive,organization_wide,current,validated_ceo_name_override,high,,not_a_supported_standardized_title,,none,,,,,rule_assigned,no,none,3,3,3,FAR AI | Project Healthy Children | Public Knowledge,CEO rows remain governed by validated_form990_compensation.csv and are not a generic position family.
F990TAX-bf805d59ed6e95,CHIEF TECHNOLOGY OFFICER,CHIEF TECHNOLOGY OFFICER,non_ceo_position,technology,,chief_officer,executive,functional,current,title_keywords:technology,high,cto,standard_cto_alias,exact,none,,,,,rule_assigned,yes,all,1,1,1,Climate Central,
F990TAX-bf91d02aa0a484,DIRECTOR OF FINANCE UNTIL 11/20/24,DIRECTOR OF FINANCE (UNTIL 11/20/24),non_ceo_position,finance,,director,senior_leader,functional,former_or_partial,title_keywords:finance,high,finance_director,explicit_finance_director_alias,expanded,none,,,,,rule_assigned,yes,none,1,1,1,Public Agenda,
F990TAX-c0109c2995cfe4,PRESIDENT AND CEO,PRESIDENT & CEO | PRESIDENT AND CEO | President & CEO,canonical_ceo,,,chief_executive,executive,organization_wide,current,validated_ceo_name_override,high,,not_a_supported_standardized_title,,none,,,,,rule_assigned,no,none,13,13,13,Bipartisan Policy Center | Center for Democracy & Technology | Center for Health Care Strategies | Center for International Policy | Charity Navigator | Economic Innovation Group | Grantmakers for Effective Organizations | Guttmacher Institute,CEO rows remain governed by validated_form990_compensation.csv and are not a generic position family.
F990TAX-c02d5c43b7833c,VP INITIATIVES,"VP, INITIATIVES",non_ceo_position,programs,,vice_president,senior_leader,functional,current,title_keywords:programs,high,vice_president,vice_president_alias,expanded,none,,,,,rule_assigned,yes,all,1,1,1,Vera Institute of Justice,
F990TAX-c08e5200b239ca,SENIOR DIRECTOR PARTNERSHIPS,"SENIOR DIRECTOR, PARTNERSHIPS",non_ceo_position,programs,,director,senior_leader,functional,current,title_keywords:programs,high,,not_a_supported_standardized_title,,none,,,,,rule_assigned,yes,all,1,1,1,Last Mile Health,
F990TAX-c0e37f7219c311,DIRECTOR OUTGOING,DIRECTOR (OUTGOING),non_ceo_position,general_leadership,,director,senior_leader,functional,former_or_partial,title_keywords:general_leadership,medium,,not_a_supported_standardized_title,,none,,,,,rule_assigned,yes,none,4,0,2,Innovations for Poverty Action | National Employment Law Project,
F990TAX-c1291bd461e647,EXECUTIVE VICE PRESIDENT AND COO,EXECUTIVE VICE PRESIDENT & COO,non_ceo_position,operations,,chief_officer,executive,functional,current,title_keywords:operations,high,coo,standard_coo_alias,standard_abbreviation,none,,,,,rule_assigned,yes,all,1,1,1,Research!America,
F990TAX-c1443c56cf4b66,TREAS/COO TH,TREAS/COO(TH,non_ceo_position,operations,,chief_officer,executive,functional,current,title_keywords:operations,high,coo,standard_coo_alias,standard_abbreviation,none,,,,,rule_assigned,yes,all,1,1,1,Clean Air Task Force,
F990TAX-c1e6e292951aa7,DIRECTOR RESEARCH APPLICATION,"DIRECTOR, RESEARCH APPLICATION",non_ceo_position,research,,director,senior_leader,functional,current,title_keywords:research,high,research_director,explicit_research_director_alias,expanded,none,,,,,rule_assigned,yes,all,1,1,1,FrameWorks Institute,
F990TAX-c2acbc3326ce0d,PRESIDENT AND EXECUTIVE DIRECTOR,PRESIDENT & EXECUTIVE DIRECTOR,canonical_ceo,,,chief_executive,executive,organization_wide,former_or_partial,validated_ceo_name_override,high,,not_a_supported_standardized_title,,none,,,,,rule_assigned,no,none,1,1,1,Center for Law and Social Policy,CEO rows remain governed by validated_form990_compensation.csv and are not a generic position family.
F990TAX-c2b3ff6f02ee38,VICE PRESIDENT RESEARCH AND POLICY,"Vice President, Research And Policy",non_ceo_position,research,policy,executive_leadership,executive,functional,current,title_keywords:research,medium,vice_president,vice_president_alias,expanded,none,,,,,rule_assigned_multi_role,yes,all,1,1,1,Environmental Law Institute,
F990TAX-c3fbd369251e4b,DIRECTOR OF PRODUCTION,DIRECTOR OF PRODUCTION,non_ceo_position,communications,,director,senior_leader,functional,current,reviewed_record_override:reviewed_publication_production_function,high,,not_a_supported_standardized_title,,none,,,,,reviewed_observation_override,yes,all,1,1,1,Guttmacher Institute,"Primary family received an observation-level review because the filing title is truncated, organization-specific, or multi-function."
F990TAX-c4c279aa9e89dd,VP GLOBAL BIOLOGICAL POLICY AND PROGRAMS,"VP, Global Biological Policy and Programs",non_ceo_position,policy,programs,vice_president,senior_leader,functional,current,title_keywords:policy,medium,vice_president,vice_president_alias,expanded,none,,,,,rule_assigned_multi_role,yes,all,1,1,1,Nuclear Threat Initiative,
F990TAX-c4cadb59f366f6,TRUSTEE,TRUSTEE | Trustee,governance,,,board_governance,governance,governance,current,part_vii_board_flag_and_board_title,high,,not_a_supported_standardized_title,,none,,,,,rule_assigned,no,none,67,0,8,Center for Health Care Strategies | Climate Central | Demos | Institute for Policy Studies | Population Reference Bureau | StrongMinds | Third Way Institute | Vera Institute of Justice,
F990TAX-c503d8e7556db3,SR DIRECTOR OF DEVELOPMENT,SR. DIRECTOR OF DEVELOPMENT,non_ceo_position,development,,director,senior_leader,functional,current,title_keywords:development,high,development_director,explicit_development_director_alias,expanded,none,,,,,rule_assigned,yes,all,1,1,1,Committee for a Responsible Federal Budget,
F990TAX-c518f3d14fb062,CHIEF OF STRATEGY,CHIEF OF STRATEGY,non_ceo_position,strategy,,chief_officer,executive,functional,current,title_keywords:strategy,high,chief_strategy_officer,strategy_chief_alias,expanded,none,,,,,rule_assigned,yes,all,1,1,1,National Employment Law Project,
F990TAX-c537750cfdb48f,VP EDU POLICY AND KNOWLEDGE MGMT,VP. EDU. POLICY & KNOWLEDGE MGMT,non_ceo_position,policy,,vice_president,senior_leader,functional,current,title_keywords:policy,high,vice_president,vice_president_alias,expanded,none,,,,,rule_assigned,yes,all,1,1,1,New America,
F990TAX-c56540271edfb2,VP FINANCE,"VP, FINANCE",non_ceo_position,finance,,vice_president,senior_leader,functional,current,title_keywords:finance,high,vice_president,vice_president_alias,expanded,none,,,,,rule_assigned,yes,all,1,1,1,Center for Health Care Strategies,
F990TAX-c57070a6ab534b,LEGISLATIVE AFFAIRS PROGRAM DIR,LEGISLATIVE AFFAIRS PROGRAM DIR,non_ceo_position,policy,programs,director,senior_leader,functional,current,title_keywords:policy,medium,policy_director,explicit_policy_director_alias,expanded,none,,,,,rule_assigned_multi_role,yes,all,1,1,1,Animal Legal Defense Fund,
F990TAX-c5b6f7cfbccaef,SR FELLOW AND DIR US IMM POL PROG,"SR. FELLOW & DIR, US IMM. POL. PROG.",non_ceo_position,research,,director,senior_leader,functional,current,title_keywords:research,high,,not_a_supported_standardized_title,,none,,,,,rule_assigned,yes,all,1,1,1,Migration Policy Institute,
F990TAX-c60caf4422b30a,VP TECHNOLOGY,"VP, TECHNOLOGY",non_ceo_position,technology,,vice_president,senior_leader,functional,current,title_keywords:technology,high,vice_president,vice_president_alias,expanded,none,,,,,rule_assigned,yes,all,1,1,1,DataKind,
F990TAX-c6e5d1ea5d6d12,DIRECTOR STARTED MARCH 2025,DIRECTOR (STARTED MARCH 2025),non_ceo_position,general_leadership,,director,senior_leader,functional,former_or_partial,title_keywords:general_leadership,medium,,not_a_supported_standardized_title,,none,,,,,rule_assigned,yes,none,1,0,1,Results for America,
F990TAX-c6f394ef2fece0,DIR SEC AND SURVEILLANCE PROJECT,"DIR., SEC. & SURVEILLANCE PROJECT",non_ceo_position,programs,,director,senior_leader,functional,current,title_keywords:programs,high,,not_a_supported_standardized_title,,none,,,,,rule_assigned,yes,all,1,1,1,Center for Democracy & Technology,
F990TAX-c7782892c3163f,VP OF PEOPLE AND CULTURE,VP OF PEOPLE & CULTURE,non_ceo_position,people,,vice_president,senior_leader,functional,current,title_keywords:people,high,vice_president,vice_president_alias,expanded,none,,,,,rule_assigned,yes,all,2,2,2,Institute for Women’s Policy Research | Village Enterprise,
F990TAX-c7c6ade81fa97d,DIRECTOR OF YOUTH JUSTICE,DIRECTOR OF YOUTH JUSTICE,non_ceo_position,policy,,director,senior_leader,functional,current,reviewed_record_override:reviewed_youth_justice_policy_function,high,,not_a_supported_standardized_title,,none,,,,,reviewed_observation_override,yes,all,1,1,1,The Sentencing Project,"Primary family received an observation-level review because the filing title is truncated, organization-specific, or multi-function."
F990TAX-c80ee5cab939c0,VP OF PHILANTHROPY UNTIL 2/25,VP OF PHILANTHROPY (UNTIL 2/25),non_ceo_position,development,,vice_president,senior_leader,functional,former_or_partial,title_keywords:development,high,vice_president,vice_president_alias,expanded,none,,,,,rule_assigned,yes,none,1,1,1,Village Enterprise,
F990TAX-c83240a35636e4,VICE CHAIR OF THE BOARD,VICE CHAIR OF THE BOARD,unmapped_position,,,unclassified,unknown,uncertain,current,no_reviewed_family_match,low,,not_a_supported_standardized_title,,none,,,,,manual_review_required,no,none,1,0,1,Peterson Institute for International Economics,Retained for manual classification; not exposed in the public Position catalog.
F990TAX-c87646c6211d7e,TREASURER BEG 10/2024,TREASURER (BEG 10/2024),non_ceo_position,finance,,functional_individual_contributor,individual_contributor,functional,former_or_partial,title_keywords:finance,high,,not_a_supported_standardized_title,,none,,,,,rule_assigned,yes,none,1,0,1,Independent Sector,
F990TAX-c88d9994d1b43a,VP AND SECREATARY,VP & Secreatary,non_ceo_position,general_leadership,,vice_president,senior_leader,functional,current,title_keywords:general_leadership,medium,vice_president,vice_president_alias,expanded,none,,,,,rule_assigned,yes,all,1,1,1,Animal Equality,
F990TAX-c8a2e1bf89ef22,VICE CHAIRMAN BOARD OF DIRECTORS,"Vice Chairman, Board of Directors",unmapped_position,,,unclassified,unknown,uncertain,current,no_reviewed_family_match,low,,not_a_supported_standardized_title,,none,,,,,manual_review_required,no,none,1,1,1,Nuclear Threat Initiative,Retained for manual classification; not exposed in the public Position catalog.
F990TAX-c8a2ff3d490a3d,SR DIR FINANCE AND OPERATIONS,"SR DIR., FINANCE & OPERATIONS",non_ceo_position,finance,operations,director,senior_leader,functional,current,title_keywords:finance,medium,finance_director,explicit_finance_director_alias,expanded,none,,,,,rule_assigned_multi_role,yes,all,1,1,1,Farm Sanctuary,
F990TAX-c8e6c6b381d92e,DEPUTY DIRECTOR MAJOR GIFTS,Deputy Director Major Gifts,non_ceo_position,development,,managing_or_deputy_director,senior_leader,functional,current,title_keywords:development,high,deputy_director,deputy_director_alias,expanded,none,,,,,rule_assigned,yes,all,1,1,1,Living Goods,
F990TAX-c90f4d80e51fac,VP FOR FINANCE AND ADMIN,VP for Finance & Admin.,non_ceo_position,finance,,vice_president,senior_leader,functional,current,title_keywords:finance,high,vice_president,vice_president_alias,expanded,none,,,,,rule_assigned,yes,all,1,1,1,Guttmacher Institute,
F990TAX-c9485db2ab4e87,DIRECTOR - PARTIAL YEAR,DIRECTOR - PARTIAL YEAR,non_ceo_position,general_leadership,,director,senior_leader,functional,former_or_partial,title_keywords:general_leadership,medium,,not_a_supported_standardized_title,,none,,,,,rule_assigned,yes,none,3,0,1,American Security Project,
F990TAX-c9c2b58a516b0d,MEMBER AT LARGE,MEMBER AT LARGE | Member at large,unmapped_position,,,unclassified,unknown,uncertain,current,no_reviewed_family_match,low,,not_a_supported_standardized_title,,none,,,,,manual_review_required,no,none,3,0,1,Guttmacher Institute,Retained for manual classification; not exposed in the public Position catalog.
F990TAX-c9ce02cbe20a26,VICE PRESIDENT OF US POLICY,VICE PRESIDENT OF US POLICY,non_ceo_position,policy,,executive_leadership,executive,functional,current,title_keywords:policy,high,vice_president,vice_president_alias,expanded,none,,,,,rule_assigned,yes,all,1,1,1,Future of Privacy Forum,
F990TAX-ca3417bec646d1,CHIEF ECONOMIST,CHIEF ECONOMIST | Chief Economist,non_ceo_position,research,,chief_officer,executive,functional,current,title_keywords:research,high,chief_economist,explicit_chief_economist,exact,none,,,,,rule_assigned,yes,all,4,4,4,Economic Innovation Group | Institute for Women’s Policy Research | Open Markets Institute | Tax Foundation,
F990TAX-ca8d8bf74ec328,BOARD MEMBER FROM 11/2024,BOARD MEMBER (FROM 11/2024),unmapped_position,,,unclassified,unknown,uncertain,former_or_partial,no_reviewed_family_match,low,,not_a_supported_standardized_title,,none,,,,,manual_review_required,no,none,1,0,1,Evidence Action,Retained for manual classification; not exposed in the public Position catalog.
F990TAX-cb644612267a71,SECRETARY THRU 10/2024,SECRETARY (THRU 10/2024),unmapped_position,,,unclassified,unknown,uncertain,former_or_partial,no_reviewed_family_match,low,,not_a_supported_standardized_title,,none,,,,,manual_review_required,no,none,1,0,1,Independent Sector,Retained for manual classification; not exposed in the public Position catalog.
F990TAX-cc1b9d3201c189,SENIOR POLICY DIRECTOR,Senior Policy Director,non_ceo_position,policy,,director,senior_leader,functional,current,title_keywords:policy,high,policy_director,explicit_policy_director_alias,expanded,none,,,,,rule_assigned,yes,all,1,1,1,Center for Arms Control and Non-Proliferation,
F990TAX-cc608f240a9fd6,DEPUTY VP NUCLEAR MATERIALS SECURITY,"Deputy VP, Nuclear Materials Security",non_ceo_position,programs,policy,vice_president,senior_leader,functional,current,reviewed_record_override:reviewed_nuclear_security_program_function,high,vice_president,vice_president_alias,expanded,none,,,,,reviewed_observation_override,yes,all,1,1,1,Nuclear Threat Initiative,"Primary family received an observation-level review because the filing title is truncated, organization-specific, or multi-function."
F990TAX-cc6409f2ff13f0,GENERAL COUNSEL AND SECRETARY,GENERAL COUNSEL & SECRETARY,non_ceo_position,legal,,functional_individual_contributor,individual_contributor,functional,current,title_keywords:legal,high,general_counsel,general_counsel_or_clo_alias,exact,none,,,,,rule_assigned,yes,all,1,1,1,World Justice Project,
F990TAX-cc8213dcc5d7b5,MEMBER OF THE BOARD OF DIRECTORS,Member of the Board of Directors,unmapped_position,,,unclassified,unknown,uncertain,current,no_reviewed_family_match,low,,not_a_supported_standardized_title,,none,,,,,manual_review_required,no,none,23,0,1,Nuclear Threat Initiative,Retained for manual classification; not exposed in the public Position catalog.
F990TAX-cc8ea7c20d0d91,DIRECTOR THRU SEPTEMBER,DIRECTOR (THRU SEPTEMBER),non_ceo_position,general_leadership,,director,senior_leader,functional,former_or_partial,title_keywords:general_leadership,medium,,not_a_supported_standardized_title,,none,,,,,rule_assigned,yes,none,1,0,1,Research!America,
F990TAX-cd06296bf76259,DIRECTOR INNOVATION AND STRATEGY,"DIRECTOR, INNOVATION AND STRATEGY",non_ceo_position,strategy,,director,senior_leader,functional,current,title_keywords:strategy,high,,not_a_supported_standardized_title,,none,,,,,rule_assigned,yes,all,1,1,1,Vera Institute of Justice,
F990TAX-cd6494e33d1bc0,DIRECTOR DEVELOPMENT,"DIRECTOR, DEVELOPMENT",non_ceo_position,development,,director,senior_leader,functional,current,title_keywords:development,high,development_director,explicit_development_director_alias,expanded,none,,,,,rule_assigned,yes,all,1,1,1,VillageReach,
F990TAX-cd6eb0f7937d3e,EXECUTIVE LEAD PHILANTHROPY,"EXECUTIVE LEAD, PHILANTHROPY",non_ceo_position,development,,head_or_lead,senior_leader,functional,current,title_keywords:development,high,,not_a_supported_standardized_title,,none,,,,,rule_assigned,yes,all,1,1,1,Fresh Energy,
F990TAX-cdcd206f07b9da,DIRECTOR RESEARCH,"DIRECTOR, RESEARCH",non_ceo_position,research,,director,senior_leader,functional,current,title_keywords:research,high,research_director,explicit_research_director_alias,expanded,none,,,,,rule_assigned,yes,all,1,1,1,National Committee for Responsive Philanthropy,
F990TAX-cdd47d05eb1f12,DIRECTOR OF COMMUNICATIONS,DIRECTOR OF COMMUNICATIONS,non_ceo_position,communications,,director,senior_leader,functional,former_or_partial,title_keywords:communications,high,communications_director,explicit_communications_director_alias,expanded,none,,,,,rule_assigned,yes,none,1,1,1,Grantmakers for Effective Organizations,
F990TAX-cdf09caedbedb3,CPIO,CPIO,unmapped_position,,,unclassified,unknown,uncertain,current,no_reviewed_family_match,low,,not_a_supported_standardized_title,,none,,,,,manual_review_required,no,none,1,1,1,Partnership on AI,Retained for manual classification; not exposed in the public Position catalog.
F990TAX-cdfcac825c7d21,SECRETARY/TREASURER,SECRETARY/TREASURER,non_ceo_position,finance,,functional_individual_contributor,individual_contributor,functional,current,title_keywords:finance,high,,not_a_supported_standardized_title,,none,,,,,rule_assigned,yes,none,2,0,2,Economic Innovation Group | Public Religion Research Institute,
F990TAX-ce6c412abdb705,SR MANAGER SOFTWARE ENGINEERING,SR. MANAGER SOFTWARE ENGINEERING,non_ceo_position,technology,,manager,manager,functional,current,title_keywords:technology,high,,not_a_supported_standardized_title,,none,,,,,rule_assigned,yes,all,1,1,1,Center for Open Science,
F990TAX-cefe2582c36eca,MEMBER-AT-LARGE,MEMBER-AT-LARGE,unmapped_position,,,unclassified,unknown,uncertain,current,no_reviewed_family_match,low,,not_a_supported_standardized_title,,none,,,,,manual_review_required,no,none,8,0,1,Center for Open Science,Retained for manual classification; not exposed in the public Position catalog.
F990TAX-cfca7559385ab3,DIRECTOR OF PHILANTHROPY,DIRECTOR OF PHILANTHROPY,non_ceo_position,development,,director,senior_leader,functional,current,title_keywords:development,high,development_director,explicit_development_director_alias,expanded,none,,,,,rule_assigned,yes,all,1,1,1,Center for a Humane Economy,
F990TAX-d0310a28db202a,TECHNOLOGY OFFICER,Technology Officer,non_ceo_position,technology,,functional_individual_contributor,individual_contributor,functional,current,title_keywords:technology,high,,not_a_supported_standardized_title,,none,,,,,rule_assigned,yes,all,1,1,1,MuckRock Foundation,
F990TAX-d0579ab541d821,CHAIR OF DEVELOPMENT COMMITTEE,CHAIR OF DEVELOPMENT COMMITTEE,non_ceo_position,development,,functional_individual_contributor,individual_contributor,functional,current,title_keywords:development,high,,not_a_supported_standardized_title,,none,,,,,rule_assigned,yes,none,1,0,1,Guttmacher Institute,
F990TAX-d0f11ea33904da,CHIEF OF STAFF AND OPERATION,CHIEF OF STAFF & OPERATION,non_ceo_position,chief_of_staff,operations,chief_officer,executive,functional,current,title_keywords:chief_of_staff,medium,chief_of_staff,explicit_chief_of_staff,exact,none,,,,,rule_assigned_multi_role,yes,all,1,1,1,Center for Public Integrity,
F990TAX-d11fb755220005,ADVISOR FINANCE AND OPERATIONS,"ADVISOR, FINANCE & OPERATIONS",non_ceo_position,finance,operations,senior_individual_contributor,individual_contributor,functional,current,title_keywords:finance,medium,,not_a_supported_standardized_title,,none,,,,,rule_assigned_multi_role,yes,all,1,1,1,Committee for a Responsible Federal Budget,
F990TAX-d130e34062fe06,VP FOR DEVELOPMENT AND EXT AFFAIRS,VP FOR DEVELOPMENT & EXT. AFFAIRS,non_ceo_position,development,,vice_president,senior_leader,functional,current,title_keywords:development,high,vice_president,vice_president_alias,expanded,none,,,,,rule_assigned,yes,all,1,1,1,Peterson Institute for International Economics,
F990TAX-d134a8f5f0d8ea,CHAIRPERSON,CHAIRPERSON,unmapped_position,,,unclassified,unknown,uncertain,current,no_reviewed_family_match,low,,not_a_supported_standardized_title,,none,,,,,manual_review_required,no,none,2,0,2,Institute for Women’s Policy Research | Social Science Research Council,Retained for manual classification; not exposed in the public Position catalog.
F990TAX-d1b8535fa24f16,BOARD VICE-CHAIR,BOARD VICE-CHAIR,unmapped_position,,,unclassified,unknown,uncertain,current,no_reviewed_family_match,low,,not_a_supported_standardized_title,,none,,,,,manual_review_required,no,none,1,0,1,Code for Science & Society,Retained for manual classification; not exposed in the public Position catalog.
F990TAX-d1bde7bb917b07,RESEARCH SCIENTIST,RESEARCH SCIENTIST | Research Scientist,non_ceo_position,research,,functional_individual_contributor,individual_contributor,functional,current,title_keywords:research,high,,not_a_supported_standardized_title,,none,,,,,rule_assigned,yes,all,2,2,2,FAR AI | Rethink Priorities,
F990TAX-d208ef6ecb5557,MG DIR FINANCE,MG DIR. FINANCE,non_ceo_position,finance,,director,senior_leader,functional,current,title_keywords:finance,high,managing_director,managing_director_alias,expanded,none,,,,,rule_assigned,yes,all,1,1,1,Roosevelt Institute,
F990TAX-d212cad674b79d,CHIEF PEOPLE OFFICER,CHIEF PEOPLE OFFICER | Chief People Officer,non_ceo_position,people,,chief_officer,executive,functional,current,title_keywords:people,high,chief_people_officer,people_chief_alias,expanded,none,,,,,rule_assigned,yes,all,3,3,3,Animal Legal Defense Fund | Electronic Frontier Foundation | Evidence Action,
F990TAX-d223ef6974fead,DIRECTOR OF OPEN CULTURE,DIRECTOR OF OPEN CULTURE,non_ceo_position,programs,,director,senior_leader,functional,current,reviewed_record_override:reviewed_open_culture_program_function,high,,not_a_supported_standardized_title,,none,,,,,reviewed_observation_override,yes,all,1,1,1,Creative Commons,"Primary family received an observation-level review because the filing title is truncated, organization-specific, or multi-function."
F990TAX-d28adb221a55da,BOARD MEMBER UNTIL 12/13/24,"BOARD MEMBER, (UNTIL 12/13/24)",unmapped_position,,,unclassified,unknown,uncertain,former_or_partial,no_reviewed_family_match,low,,not_a_supported_standardized_title,,none,,,,,manual_review_required,no,none,2,0,1,R Street Institute,Retained for manual classification; not exposed in the public Position catalog.
F990TAX-d2d9fd8f252ac4,DIRECTOR STARTING 6/13/25,DIRECTOR (STARTING 6/13/25),non_ceo_position,general_leadership,,director,senior_leader,functional,current,title_keywords:general_leadership,medium,,not_a_supported_standardized_title,,none,,,,,rule_assigned,yes,none,1,0,1,Animal Legal Defense Fund,
F990TAX-d3c178f67ed85f,CHIEF OF STAFF,CHIEF OF STAFF,non_ceo_position,chief_of_staff,,chief_officer,executive,functional,former_or_partial,title_keywords:chief_of_staff,high,chief_of_staff,explicit_chief_of_staff,exact,none,,,,,rule_assigned,yes,none,1,1,1,Center for Law and Social Policy,
F990TAX-d3d60dc08be2c7,FORMER DIRECTOR,FORMER DIRECTOR,non_ceo_position,general_leadership,,director,senior_leader,functional,former_or_partial,title_keywords:general_leadership,medium,,not_a_supported_standardized_title,,none,,,,,rule_assigned,yes,none,1,0,1,Open Source Initiative,
F990TAX-d415e42a3467e6,SVP - CORPORATE ENGAGEMENT,SVP - CORPORATE ENGAGEMENT,non_ceo_position,programs,,functional_individual_contributor,individual_contributor,functional,current,reviewed_record_override:reviewed_corporate_engagement_program_function,high,senior_vice_president,senior_vice_president_alias,expanded,none,,SRC-POSITION-GFI-CAROLINE-BUSHNELL,https://gfi.org/team/caroline-bushnell/,benchmark/sources/native/supporting/position_classification/gfi-caroline-bushnell.html,reviewed_observation_override,yes,all,1,1,1,Good Food Institute,"Primary family received an observation-level review because the filing title is truncated, organization-specific, or multi-function. | Describes leadership of GFI's field-facing corporate engagement program to catalyze alternative-protein innovation and investment. Source: benchmark/sources/native/supporting/position_classification/gfi-caroline-bushnell.html (https://gfi.org/team/caroline-bushnell/)"
F990TAX-d4954d3fa58f8e,VP ELECTIONS AND COMMUNICATION,"VP, ELECTIONS & COMMUNICATION",non_ceo_position,communications,,vice_president,senior_leader,functional,current,title_keywords:communications,high,vice_president,vice_president_alias,expanded,none,,,,,rule_assigned,yes,all,1,1,1,Brennan Center for Justice,
F990TAX-d4dd03fe7178e6,DEPUTY DIRECTOR BUSINESS DEVEL,Deputy Director Business Devel,non_ceo_position,development,,managing_or_deputy_director,senior_leader,functional,current,reviewed_record_override:reviewed_business_development_function,high,deputy_director,deputy_director_alias,expanded,none,,,,,reviewed_observation_override,yes,all,1,1,1,Living Goods,"Primary family received an observation-level review because the filing title is truncated, organization-specific, or multi-function."
F990TAX-d537d84de37ec9,DIRECTOR STRATEGIC COMMUNICATIONS,"DIRECTOR, STRATEGIC COMMUNICATIONS",non_ceo_position,communications,strategy,director,senior_leader,functional,current,title_keywords:communications,medium,communications_director,explicit_communications_director_alias,expanded,none,,,,,rule_assigned_multi_role,yes,all,1,1,1,American Immigration Council,
F990TAX-d5e0da4a47629a,CHIEF RESEARCH OFFICER,CHIEF RESEARCH OFFICER,non_ceo_position,research,,chief_officer,executive,functional,current,title_keywords:research,high,chief_research_officer,research_chief_alias,expanded,none,,,,,rule_assigned,yes,all,2,2,2,Jain Family Institute | World Justice Project,
F990TAX-d631d250ae704e,DIRECTOR OF GOVERNMENT AFFAIRS,DIRECTOR OF GOVERNMENT AFFAIRS,non_ceo_position,policy,,director,senior_leader,functional,current,title_keywords:policy,high,policy_director,explicit_policy_director_alias,expanded,none,,,,,rule_assigned,yes,all,2,2,2,Animal Welfare Institute | Public Knowledge,
F990TAX-d68c93695c7510,DIRECTOR OF GLOBAL RISKS,DIRECTOR OF GLOBAL RISKS,non_ceo_position,research,strategy,director,senior_leader,functional,current,reviewed_record_override:reviewed_global_risks_research_function,high,,not_a_supported_standardized_title,,none,,,,,reviewed_observation_override,yes,all,1,1,1,Federation of American Scientists,"Primary family received an observation-level review because the filing title is truncated, organization-specific, or multi-function."
F990TAX-d698745a211d65,VP DEVELOPMENT AND STRATEGIC,VP. DEVELOPMENT & STRATEGIC,non_ceo_position,development,strategy,vice_president,senior_leader,functional,current,title_keywords:development,medium,vice_president,vice_president_alias,expanded,none,,,,,rule_assigned_multi_role,yes,all,1,1,1,New America,
F990TAX-d749ccd3eca955,SR VP PROGRAMS AND POLICY,"SR. VP, PROGRAMS & POLICY",non_ceo_position,programs,policy,vice_president,senior_leader,functional,current,title_keywords:programs,medium,senior_vice_president,senior_vice_president_alias,expanded,none,,,,,rule_assigned_multi_role,yes,all,1,1,1,The Humane League,
F990TAX-d7b4d1705fbe74,DIR PVT SECT ENGMT THRU 09/24,"DIR, PVT SECT. ENGMT (THRU 09/24)",non_ceo_position,general_leadership,,director,senior_leader,functional,former_or_partial,title_keywords:general_leadership,medium,,not_a_supported_standardized_title,,none,,,,,rule_assigned,yes,none,1,1,1,VillageReach,
F990TAX-d8028bc6dcaf2e,CEO DIRECTOR,"CEO, DIRECTOR",canonical_ceo,,,chief_executive,executive,organization_wide,current,validated_ceo_name_override,high,,not_a_supported_standardized_title,,none,,,,,rule_assigned,no,none,1,1,1,Redwood Research,CEO rows remain governed by validated_form990_compensation.csv and are not a generic position family.
F990TAX-d8595804c39d08,PRESIDENT AND FOUNDER,PRESIDENT AND FOUNDER,non_ceo_position,general_leadership,,executive_leadership,executive,functional,current,title_keywords:general_leadership,medium,,not_a_supported_standardized_title,,none,,,,,rule_assigned,yes,all,1,1,1,Good Food Institute,
F990TAX-d892ac0dce0fb7,SENIOR WRITER/EDITOR,SENIOR WRITER/EDITOR,non_ceo_position,communications,,senior_individual_contributor,individual_contributor,functional,current,title_keywords:communications,high,,not_a_supported_standardized_title,,none,,,,,rule_assigned,yes,all,1,1,1,Animal Welfare Institute,
F990TAX-d8ab1f4a86d2bf,DIRECTOR OF ADMIN OPERATIONS AND FINANCE,"DIRECTOR OF ADMIN, OPERATIONS, & FINANCE",non_ceo_position,operations,finance,director,senior_leader,functional,current,title_keywords:operations,medium,,not_a_supported_standardized_title,,none,,,,,rule_assigned_multi_role,yes,all,1,1,1,Physicians for Social Responsibility,
F990TAX-d8d547a6d6ef1b,SR DIR DIGITAL STRATEGY,"SR. DIR., DIGITAL STRATEGY",non_ceo_position,communications,programs;strategy,director,senior_leader,functional,current,reviewed_record_override:reviewed_digital_engagement_communications_function,high,,not_a_supported_standardized_title,,none,,SRC-POSITION-THL-KAREN-NILSEN,https://thehumaneleague.org/our-leadership,benchmark/sources/native/supporting/position_classification/humane-league-leadership.html,reviewed_observation_override,yes,all,1,1,1,The Humane League,"Primary family received an observation-level review because the filing title is truncated, organization-specific, or multi-function. | Explains Nilsen's communications and engagement remit across public relations, studios, organizing, and digital engagement. Source: benchmark/sources/native/supporting/position_classification/humane-league-leadership.html (https://thehumaneleague.org/our-leadership)"
F990TAX-d91e532ae0e57c,DIST SENIOR FELLOW,"DIST. SENIOR FELLOW,",non_ceo_position,research,,senior_individual_contributor,individual_contributor,functional,current,title_keywords:research,high,senior_researcher,senior_research_title,expanded,none,,,,,rule_assigned,yes,all,1,1,1,Institute for Women’s Policy Research,
F990TAX-d94e965c7d177e,MANAGING DIRECTOR UNTIL 12/23,MANAGING DIRECTOR (UNTIL 12/23),non_ceo_position,general_leadership,,managing_or_deputy_director,senior_leader,functional,former_or_partial,title_keywords:general_leadership,medium,managing_director,managing_director_alias,expanded,none,,,,,rule_assigned,yes,none,1,1,1,ideas42,
F990TAX-d971b2cba51841,MANAGER,Manager,non_ceo_position,general_leadership,,manager,manager,functional,current,title_keywords:general_leadership,medium,,not_a_supported_standardized_title,,none,,,,,rule_assigned,yes,all,1,1,1,MuckRock Foundation,
F990TAX-d97f8c67283708,BOARD CHAIR,BOARD CHAIR | Board Chair,governance,,,board_governance,governance,governance,current,part_vii_board_flag_and_board_title,high,,not_a_supported_standardized_title,,none,,,,,rule_assigned,no,none,16,0,16,Better Food Foundation | Breakthrough Institute | Center for Effective Philanthropy | Center for Law and Social Policy | Code for Science & Society | Data Quality Campaign | Evidence Action | Future of Privacy Forum,
F990TAX-d9be652981cdad,TREASURER UNTIL 10/24,TREASURER (UNTIL 10/24),non_ceo_position,finance,,functional_individual_contributor,individual_contributor,functional,former_or_partial,title_keywords:finance,high,,not_a_supported_standardized_title,,none,,,,,rule_assigned,yes,none,1,0,1,Center for Democracy & Technology,
F990TAX-da9f49fe60331c,GLOBAL DIR,GLOBAL DIR.,non_ceo_position,programs,,director,senior_leader,functional,current,reviewed_record_override:reviewed_methane_program_function,high,,not_a_supported_standardized_title,,none,,,,,reviewed_observation_override,yes,all,1,1,1,Clean Air Task Force,"Primary family received an observation-level review because the filing title is truncated, organization-specific, or multi-function."
F990TAX-db2cef9aeb2514,EXECUTIVE DIRECTOR ENERGY,"EXECUTIVE DIRECTOR, ENERGY",generic_ceo_like,,,chief_executive,executive,program_or_affiliate,current,ceo_like_title_not_authoritative_ceo,medium,,not_a_supported_standardized_title,,none,,,,,manual_review_required,no,none,1,1,1,Bipartisan Policy Center,CEO rows remain governed by validated_form990_compensation.csv and are not a generic position family.
F990TAX-dbb3e36c6c0583,DIRECTOR THRU DEC 25,DIRECTOR (THRU DEC 25),non_ceo_position,general_leadership,,director,senior_leader,functional,former_or_partial,title_keywords:general_leadership,medium,,not_a_supported_standardized_title,,none,,,,,rule_assigned,yes,none,2,0,1,Institute on Taxation and Economic Policy,
F990TAX-dc39a4d2947354,DIRECTOR OF BUSINESS DEVELOPMENT,Director of Business Development,non_ceo_position,development,,director,senior_leader,functional,current,title_keywords:development,high,development_director,explicit_development_director_alias,expanded,none,,,,,rule_assigned,yes,all,1,1,1,NumFOCUS,
F990TAX-dc65b945a5cb26,DIRECTOR AS OF JANUARY,DIRECTOR AS OF JANUARY,non_ceo_position,general_leadership,,director,senior_leader,functional,current,title_keywords:general_leadership,medium,,not_a_supported_standardized_title,,none,,,,,rule_assigned,yes,none,2,0,1,Committee for a Responsible Federal Budget,
F990TAX-dc6d7214d195a2,EDITORIAL DIR,Editorial Dir.,non_ceo_position,communications,,director,senior_leader,functional,current,title_keywords:communications,high,communications_director,explicit_communications_director_alias,expanded,none,,,,,rule_assigned,yes,all,1,1,1,Breakthrough Institute,
F990TAX-dcd39b28b4896b,CO-DIRECTOR OF RESEARCH,CO-DIRECTOR OF RESEARCH,non_ceo_position,research,,director,senior_leader,functional,current,title_keywords:research,high,research_director,explicit_research_director_alias,expanded,none,,,,,rule_assigned,yes,all,2,2,1,The Sentencing Project,
F990TAX-dcf0ea857daad4,SCIENCE DIRECTOR,Science Director,non_ceo_position,research,,director,senior_leader,functional,current,title_keywords:research,high,,not_a_supported_standardized_title,,none,,,,,rule_assigned,yes,all,1,1,1,Carbon Mapper,
F990TAX-dcfb114207e5c2,TREASURER AND FINANCE CHAIR,Treasurer & Finance Chair,non_ceo_position,finance,,functional_individual_contributor,individual_contributor,functional,current,title_keywords:finance,high,,not_a_supported_standardized_title,,none,,,,,rule_assigned,yes,none,1,0,1,Alliance for Health Policy,
F990TAX-dd30e31cde93c4,VP LOCAL PRACTICE LEAD,"VP, LOCAL PRACTICE LEAD",non_ceo_position,programs,,vice_president,senior_leader,functional,current,reviewed_record_override:reviewed_local_practice_function,high,vice_president,vice_president_alias,expanded,none,,,,,reviewed_observation_override,yes,all,1,1,1,Results for America,"Primary family received an observation-level review because the filing title is truncated, organization-specific, or multi-function."
F990TAX-dd3171c9d99a48,ASSOCIATE DIRECTOR,Associate Director,non_ceo_position,general_leadership,,director,senior_leader,functional,current,title_keywords:general_leadership,medium,,not_a_supported_standardized_title,,none,,,,,rule_assigned,yes,all,1,1,1,Information Technology and Innovation Foundation,
F990TAX-de6d5daae90ac1,DIR OF CLIMATE AND ENERGY,Dir. of Climate & Energy,non_ceo_position,programs,,director,senior_leader,functional,current,reviewed_record_override:reviewed_climate_and_energy_program_function,high,,not_a_supported_standardized_title,,none,,,,,reviewed_observation_override,yes,all,1,1,1,Breakthrough Institute,"Primary family received an observation-level review because the filing title is truncated, organization-specific, or multi-function."
F990TAX-dea84763093eb9,VICE PRESIDENT OF PROGRAMS,VICE PRESIDENT OF PROGRAMS,non_ceo_position,programs,,executive_leadership,executive,functional,current,title_keywords:programs,high,vice_president,vice_president_alias,expanded,none,,,,,rule_assigned,yes,all,1,1,1,Council on Strategic Risks,
F990TAX-def86765a3301d,DIRECTOR LAW AND POLITICAL ECONOMY,"DIRECTOR, LAW AND POLITICAL ECONOMY",non_ceo_position,programs,research;policy,director,senior_leader,functional,current,reviewed_record_override:reviewed_political_economy_program_function,high,,not_a_supported_standardized_title,,none,,,,,reviewed_observation_override,yes,all,1,1,1,Center for Economic and Policy Research,"Primary family received an observation-level review because the filing title is truncated, organization-specific, or multi-function."
F990TAX-df72a10517e07c,DIRECTOR FINANCE,"DIRECTOR, FINANCE",non_ceo_position,finance,,director,senior_leader,functional,current,title_keywords:finance,high,finance_director,explicit_finance_director_alias,expanded,none,,,,,rule_assigned,yes,all,2,2,2,American Immigration Council | Independent Sector,
F990TAX-df9e0edd106080,COO UNTIL 12/24 MANG DIR US FROM 1/25,"COO (UNTIL 12/24), MANG. DIR US (FROM 1/25)",non_ceo_position,operations,,chief_officer,executive,functional,former_or_partial,title_keywords:operations,high,coo,standard_coo_alias,standard_abbreviation,none,,,,,rule_assigned,yes,none,1,1,1,Village Enterprise,
F990TAX-e0087f1fcafd66,BOARD OF DIRECTOR THRU 4/2024,BOARD OF DIRECTOR (THRU 4/2024),non_ceo_position,general_leadership,,director,senior_leader,functional,former_or_partial,title_keywords:general_leadership,medium,,not_a_supported_standardized_title,,none,,,,,rule_assigned,yes,none,1,0,1,Independent Sector,
F990TAX-e0289be06198fc,DIRECTOR CENTER FOR JOURNALISM AND LIBERTY,"DIRECTOR, CENTER FOR JOURNALISM AND LIBERTY",non_ceo_position,communications,,director,senior_leader,functional,current,title_keywords:communications,high,,not_a_supported_standardized_title,,none,,,,,rule_assigned,yes,all,1,1,1,Open Markets Institute,
F990TAX-e06cb11df04568,DIRECTOR OF RESEARCH,DIRECTOR OF RESEARCH | Director of Research,non_ceo_position,research,,director,senior_leader,functional,current,title_keywords:research,high,research_director,explicit_research_director_alias,expanded,none,,,,,rule_assigned,yes,all,4,4,4,Economic Innovation Group | FrameWorks Institute | Public Agenda | Public Religion Research Institute,
F990TAX-e0f059c326adc4,CHIEF SCIENCE OFFICER BEG 12/24,CHIEF SCIENCE OFFICER (BEG. 12/24),non_ceo_position,research,,chief_officer,executive,functional,former_or_partial,title_keywords:research,high,,not_a_supported_standardized_title,,none,,,,,rule_assigned,yes,none,1,1,1,Federation of American Scientists,
F990TAX-e0f9d71a1af0a1,RADL HEALTH ANALYS,Radl Health Analys,non_ceo_position,research,,functional_individual_contributor,individual_contributor,functional,current,title_keywords:research,high,,not_a_supported_standardized_title,,none,,,,,rule_assigned,yes,all,1,1,1,Breakthrough Institute,
F990TAX-e170b45c34673f,DIR ENERGY AND,DIR ENERGY &,non_ceo_position,programs,,director,senior_leader,functional,current,reviewed_record_override:reviewed_energy_and_climate_program_function,high,,not_a_supported_standardized_title,,none,,,,,reviewed_observation_override,yes,all,1,1,1,Clean Air Task Force,"Primary family received an observation-level review because the filing title is truncated, organization-specific, or multi-function."
F990TAX-e17e34b0948645,EDITOR IN CHIEF,Editor in Chief,non_ceo_position,communications,,chief_officer,executive,functional,current,title_keywords:communications,high,,not_a_supported_standardized_title,,none,,,,,rule_assigned,yes,all,1,1,1,Bulletin of the Atomic Scientists,
F990TAX-e17f8b319780bd,DIR OF TERRESTRIAL WILDLIFE,DIR OF TERRESTRIAL WILDLIFE,non_ceo_position,programs,,director,senior_leader,functional,current,reviewed_record_override:reviewed_wildlife_program_function,high,,not_a_supported_standardized_title,,none,,,,,reviewed_observation_override,yes,all,1,1,1,Animal Welfare Institute,"Primary family received an observation-level review because the filing title is truncated, organization-specific, or multi-function."
F990TAX-e23316d4b3c30a,SECRETARY BEG 10/2024,SECRETARY (BEG 10/2024),unmapped_position,,,unclassified,unknown,uncertain,former_or_partial,no_reviewed_family_match,low,,not_a_supported_standardized_title,,none,,,,,manual_review_required,no,none,1,0,1,Independent Sector,Retained for manual classification; not exposed in the public Position catalog.
F990TAX-e24b21de8a5818,DIR SUPER H,DIR. SUPER H,non_ceo_position,programs,,director,senior_leader,functional,current,reviewed_record_override:reviewed_geothermal_program_function,high,,not_a_supported_standardized_title,,none,,,,,reviewed_observation_override,yes,all,1,1,1,Clean Air Task Force,"Primary family received an observation-level review because the filing title is truncated, organization-specific, or multi-function."
F990TAX-e2844a681d1efe,BOARD CHAIR AND DIRECTOR,BOARD CHAIR & DIRECTOR | BOARD CHAIR AND DIRECTOR,non_ceo_position,general_leadership,,director,senior_leader,functional,current,title_keywords:general_leadership,medium,,not_a_supported_standardized_title,,none,,,,,rule_assigned,yes,none,2,0,2,Last Mile Health | Mercy For Animals,
F990TAX-e2d180e06d67dc,VICE PRESIDENT FEB 24 - PRESENT,Vice President (FEB 24 - PRESENT),non_ceo_position,general_leadership,,executive_leadership,executive,functional,former_or_partial,title_keywords:general_leadership,medium,vice_president,vice_president_alias,expanded,none,,,,,rule_assigned,yes,none,1,1,1,Data Quality Campaign,
F990TAX-e315e2b691e63f,DIRECTOR OF FINANCE,DIRECTOR OF FINANCE,non_ceo_position,finance,,director,senior_leader,functional,current,title_keywords:finance,high,finance_director,explicit_finance_director_alias,expanded,none,,,,,rule_assigned,yes,all,4,4,4,Demos | Pure Earth | Social Science Research Council | ideas42,
F990TAX-e36a7ee10abb62,CHAIRPERSON - PARTIAL YEAR,CHAIRPERSON - PARTIAL YEAR,unmapped_position,,,unclassified,unknown,uncertain,former_or_partial,no_reviewed_family_match,low,,not_a_supported_standardized_title,,none,,,,,manual_review_required,no,none,1,0,1,American Security Project,Retained for manual classification; not exposed in the public Position catalog.
F990TAX-e41ee625b6a8b1,DIR OF INSIG,DIR OF INSIG,non_ceo_position,research,,director,senior_leader,functional,current,title_keywords:research,high,,not_a_supported_standardized_title,,none,,,,,rule_assigned,yes,all,1,1,1,Clean Air Task Force,
F990TAX-e442258bb439af,DIRECTOR FEDERAL POLICY,Director Federal Policy,non_ceo_position,policy,,director,senior_leader,functional,current,title_keywords:policy,high,policy_director,explicit_policy_director_alias,expanded,none,,,,,rule_assigned,yes,all,1,1,1,Center for Responsible Lending,
F990TAX-e45edd3b04ace9,CHIEF SCIENTIST,CHIEF SCIENTIST,non_ceo_position,research,,chief_officer,executive,functional,current,title_keywords:research,high,chief_scientist,explicit_chief_scientist,exact,none,,,,,rule_assigned,yes,all,1,1,1,Redwood Research,
F990TAX-e48e396f2b6278,BOARD CHAIRPERSON VICE PRESIDENT AND DIRECTOR,"Board Chairperson, Vice President, and Director",non_ceo_position,general_leadership,,executive_leadership,executive,functional,current,title_keywords:general_leadership,medium,vice_president,vice_president_alias,expanded,none,,,,,rule_assigned,yes,none,1,0,1,Software Freedom Conservancy,
F990TAX-e4a5cf25892066,TRUSTEE UNTIL 05/2025,TRUSTEE (UNTIL 05/2025),unmapped_position,,,unclassified,unknown,uncertain,former_or_partial,no_reviewed_family_match,low,,not_a_supported_standardized_title,,none,,,,,manual_review_required,no,none,1,0,1,Climate Central,Retained for manual classification; not exposed in the public Position catalog.
F990TAX-e4fcf316ddbbef,SR DIRECTOR OF ENGINEERING,SR. DIRECTOR OF ENGINEERING,non_ceo_position,technology,,director,senior_leader,functional,current,title_keywords:technology,high,,not_a_supported_standardized_title,,none,,,,,rule_assigned,yes,all,1,1,1,Center for Open Science,
F990TAX-e5164404ef2783,VP OF ADVANCEMENT UNTIL 10/24,"VP OF ADVANCEMENT, (UNTIL 10/24)",non_ceo_position,development,,vice_president,senior_leader,functional,former_or_partial,title_keywords:development,high,vice_president,vice_president_alias,expanded,none,,,,,rule_assigned,yes,none,1,1,1,Institute for Women’s Policy Research,
F990TAX-e56362b33e6c70,CEO/TREASURER,CEO/TREASURER,canonical_ceo,,finance,chief_executive,executive,organization_wide,current,validated_ceo_name_override,high,,not_a_supported_standardized_title,,none,,,,,rule_assigned_multi_role,no,none,1,1,1,American Security Project,CEO rows remain governed by validated_form990_compensation.csv and are not a generic position family.
F990TAX-e56759e7913f7f,FEDERAL POLICY DIRECTOR,FEDERAL POLICY DIRECTOR,non_ceo_position,policy,,director,senior_leader,functional,current,title_keywords:policy,high,policy_director,explicit_policy_director_alias,expanded,none,,,,,rule_assigned,yes,all,1,1,1,Institute on Taxation and Economic Policy,
F990TAX-e58a95cb5b448e,PROGRAMS DIRECTOR,PROGRAMS DIRECTOR,non_ceo_position,programs,,director,senior_leader,functional,current,title_keywords:programs,high,program_director,explicit_program_director_alias,expanded,none,,,,,rule_assigned,yes,all,1,1,1,Ploughshares Fund,
F990TAX-e58cb2db60cb08,RESEARCH ENGINEER,RESEARCH ENGINEER | Research Engineer | Research engineer,non_ceo_position,research,technology,functional_individual_contributor,individual_contributor,functional,current,title_keywords:research,medium,,not_a_supported_standardized_title,,none,,,,,rule_assigned_multi_role,yes,all,4,4,2,Center for AI Safety | FAR AI,
F990TAX-e5e0d659163165,DIRECTOR OF SOCIAL INNOVATION,DIRECTOR OF SOCIAL INNOVATION,non_ceo_position,programs,strategy,director,senior_leader,functional,current,reviewed_record_override:reviewed_social_innovation_program_function,high,,not_a_supported_standardized_title,,none,,,,,reviewed_observation_override,yes,all,1,1,1,Federation of American Scientists,"Primary family received an observation-level review because the filing title is truncated, organization-specific, or multi-function."
F990TAX-e64365f9db1fd2,EXECUTIVE VP,EXECUTIVE VP,non_ceo_position,general_leadership,,vice_president,senior_leader,functional,current,title_keywords:general_leadership,medium,vice_president,vice_president_alias,expanded,none,,,,,rule_assigned,yes,all,1,1,1,Council on Strategic Risks,
F990TAX-e644350a9d2933,DIRECTOR MARKETING AND MEMBERSHIP ENDED 9/30/25,"DIRECTOR, MARKETING & MEMBERSHIP (ENDED 9/30/25)",non_ceo_position,communications,,director,senior_leader,functional,former_or_partial,title_keywords:communications,high,communications_director,explicit_communications_director_alias,expanded,none,,,,,rule_assigned,yes,none,1,1,1,National Committee for Responsive Philanthropy,
F990TAX-e6c90c2d6c61d4,VICE CHAIR THRU 04/16/24,VICE CHAIR THRU 04/16/24,unmapped_position,,,unclassified,unknown,uncertain,former_or_partial,no_reviewed_family_match,low,,not_a_supported_standardized_title,,none,,,,,manual_review_required,no,none,1,0,1,Fresh Energy,Retained for manual classification; not exposed in the public Position catalog.
F990TAX-e6d6788edb1386,SENIOR SCIEN,SENIOR SCIEN,non_ceo_position,research,,senior_individual_contributor,individual_contributor,functional,current,title_keywords:research,high,senior_researcher,senior_research_title,expanded,none,,,,,rule_assigned,yes,all,1,1,1,Clean Air Task Force,
F990TAX-e7ebb73bb9dd48,DIRECTOR CENTER FOR INCLUSION AND BELONGING,"DIRECTOR, CENTER FOR INCLUSION & BELONGING",non_ceo_position,programs,communications;research,director,senior_leader,functional,current,reviewed_record_override:reviewed_inclusion_and_belonging_center_program_function,high,,not_a_supported_standardized_title,,none,,SRC-POSITION-AIC-KIMBERLY-SERRANO,https://www.americanimmigrationcouncil.org/press-release/american-immigration-council-welcomes-new-chief-development-officer-and-new-director-center/,benchmark/sources/native/supporting/position_classification/aic-kimberly-serrano-center-director.html,reviewed_observation_override,yes,all,1,1,1,American Immigration Council,"Primary family received an observation-level review because the filing title is truncated, organization-specific, or multi-function. | Identifies Serrano as director of the Center for Inclusion and Belonging, a programmatic center rather than an internal HR function. Source: benchmark/sources/native/supporting/position_classification/aic-kimberly-serrano-center-director.html (https://www.americanimmigrationcouncil.org/press-release/american-immigration-council-welcomes-new-chief-development-officer-and-new-director-center/)"
F990TAX-e93e26a8feca8e,HR COMMITTEE CHAIR,HR COMMITTEE CHAIR,non_ceo_position,people,,functional_individual_contributor,individual_contributor,functional,current,title_keywords:people,high,,not_a_supported_standardized_title,,none,,,,,rule_assigned,yes,none,1,0,1,Center for Climate and Energy Solutions,
F990TAX-e960c5d0dcd56b,PRINCIPAL BEHAVIORAL DESIGNER,PRINCIPAL BEHAVIORAL DESIGNER,non_ceo_position,research,,senior_individual_contributor,individual_contributor,functional,current,title_keywords:research,high,,not_a_supported_standardized_title,,none,,,,,rule_assigned,yes,all,2,2,1,ideas42,
F990TAX-e9a57194fa31a6,SR DIR JUSTICE PROGRAM,"SR. DIR., JUSTICE PROGRAM",non_ceo_position,programs,,director,senior_leader,functional,current,title_keywords:programs,high,program_director,explicit_program_director_alias,expanded,none,,,,,rule_assigned,yes,all,1,1,1,Brennan Center for Justice,
F990TAX-e9ba7cca729f65,TRUSTEE AS OF 05/2025,TRUSTEE (AS OF 05/2025),unmapped_position,,,unclassified,unknown,uncertain,current,no_reviewed_family_match,low,,not_a_supported_standardized_title,,none,,,,,manual_review_required,no,none,1,0,1,Climate Central,Retained for manual classification; not exposed in the public Position catalog.
F990TAX-ea325cdd82934d,OPERATIONAL FINANCE AND DEVELOPMENT MANAGER,OPERATIONAL FINANCE AND DEVELOPMENT MANAGER,non_ceo_position,finance,development,manager,manager,functional,current,title_keywords:finance,medium,,not_a_supported_standardized_title,,none,,,,,rule_assigned_multi_role,yes,all,1,1,1,Partnership on AI,
F990TAX-ea700effdfdc8d,DIRECTOR OF DEVELOPMENT AND PARTNERSHIPS,DIRECTOR OF DEVELOPMENT AND PARTNERSHIPS,non_ceo_position,development,programs,director,senior_leader,functional,current,title_keywords:development,medium,development_director,explicit_development_director_alias,expanded,none,,,,,rule_assigned_multi_role,yes,all,1,1,1,Institute for Security and Technology,
F990TAX-ea808377206ae0,DIRECTOR UNTIL 01/24,DIRECTOR (UNTIL 01/24),non_ceo_position,general_leadership,,director,senior_leader,functional,former_or_partial,title_keywords:general_leadership,medium,,not_a_supported_standardized_title,,none,,,,,rule_assigned,yes,none,1,0,1,American Immigration Council,
F990TAX-eabe548123291d,EXECUTIVE DIRECTOR AND PRESI,EXECUTIVE DIRECTOR & PRESI,canonical_ceo,,,chief_executive,executive,organization_wide,current,validated_ceo_name_override,high,,not_a_supported_standardized_title,,none,,,,,rule_assigned,no,none,1,1,1,Technical Assistance Collaborative,CEO rows remain governed by validated_form990_compensation.csv and are not a generic position family.
F990TAX-eaf1edd1fcdda9,EXECUTIVE DI,EXECUTIVE DI,canonical_ceo,,,chief_executive,executive,organization_wide,current,validated_ceo_name_override,high,,not_a_supported_standardized_title,,none,,,,,rule_assigned,no,none,3,3,3,Better Food Foundation | Clean Air Task Force | Project Drawdown,CEO rows remain governed by validated_form990_compensation.csv and are not a generic position family.
F990TAX-eafa8c8d0269ae,SR DIRECTOR OF RESEARCH,SR. DIRECTOR OF RESEARCH,non_ceo_position,research,,director,senior_leader,functional,current,title_keywords:research,high,research_director,explicit_research_director_alias,expanded,none,,,,,rule_assigned,yes,all,1,1,1,Center for Open Science,
F990TAX-eb1fc12be47217,SENIOR MANAGER,SENIOR MANAGER,non_ceo_position,general_leadership,,manager,manager,functional,current,title_keywords:general_leadership,medium,,not_a_supported_standardized_title,,none,,,,,rule_assigned,yes,all,1,1,1,Partnership on AI,
F990TAX-eb6285d44e0a0d,SVP OF RESEARCH INTERPRETATION,SVP OF RESEARCH INTERPRETATION,non_ceo_position,research,,functional_individual_contributor,individual_contributor,functional,current,title_keywords:research,high,senior_vice_president,senior_vice_president_alias,expanded,none,,,,,rule_assigned,yes,all,1,1,1,FrameWorks Institute,
F990TAX-ebc040be421ad6,DIRECTOR THRU JANUARY,DIRECTOR (THRU JANUARY),non_ceo_position,general_leadership,,director,senior_leader,functional,former_or_partial,title_keywords:general_leadership,medium,,not_a_supported_standardized_title,,none,,,,,rule_assigned,yes,none,3,0,1,Physicians for Social Responsibility,
F990TAX-ebece62db1ad71,SEC/SR VP DEV,Sec/Sr VP Dev,non_ceo_position,development,,vice_president,senior_leader,functional,current,reviewed_record_override:reviewed_development_abbreviation,high,senior_vice_president,senior_vice_president_alias,expanded,none,,,,,reviewed_observation_override,yes,all,1,1,1,Physicians Committee for Responsible Medicine,"Primary family received an observation-level review because the filing title is truncated, organization-specific, or multi-function."
F990TAX-ec27bc049802d6,LEGAL DIRECT,LEGAL DIRECT,non_ceo_position,legal,,functional_individual_contributor,individual_contributor,functional,current,title_keywords:legal,high,,not_a_supported_standardized_title,,none,,,,,rule_assigned,yes,all,1,1,1,Clean Air Task Force,
F990TAX-ec4b93fdb4f9e8,PRINCIPAL RESEARCH MANAGER,Principal Research Manager,non_ceo_position,research,,manager,manager,functional,current,title_keywords:research,high,,not_a_supported_standardized_title,,none,,,,,rule_assigned,yes,all,1,1,1,Learning Policy Institute,
F990TAX-ecee2985bf62bc,EXEC VP AND DIRECTOR OF STUDIES,EXEC. VP & DIRECTOR OF STUDIES,non_ceo_position,research,,vice_president,senior_leader,functional,current,reviewed_record_override:reviewed_director_of_studies_function,high,executive_vice_president,executive_vice_president_alias,expanded,none,,,,,reviewed_observation_override,yes,all,1,1,1,Peterson Institute for International Economics,"Primary family received an observation-level review because the filing title is truncated, organization-specific, or multi-function."
F990TAX-ed05954be066af,DIR POLICY GENERAL COUNS,"DIR. POLICY, GENERAL COUNS",non_ceo_position,policy,,director,senior_leader,functional,current,title_keywords:policy,high,policy_director,explicit_policy_director_alias,expanded,none,,,,,rule_assigned,yes,all,1,1,1,Economic Policy Institute,
F990TAX-ed52d39d6720e0,GOV AND NOMINATIONS COMMITTEE CHAIR,Gov & Nominations Committee Chair,unmapped_position,,,unclassified,unknown,uncertain,current,no_reviewed_family_match,low,,not_a_supported_standardized_title,,none,,,,,manual_review_required,no,none,1,0,1,Alliance for Health Policy,Retained for manual classification; not exposed in the public Position catalog.
F990TAX-eda710882beab9,VP PRODUCT AND PROGRAMS,"VP, PRODUCT & PROGRAMS",non_ceo_position,technology,programs,vice_president,senior_leader,functional,current,title_keywords:technology,medium,vice_president,vice_president_alias,expanded,none,,,,,rule_assigned_multi_role,yes,all,1,1,1,DataKind,
F990TAX-eddc3fbb4d7f2d,DIRECTOR OF REVENUE AND EXT,Director of Revenue & Ext,non_ceo_position,development,communications,director,senior_leader,functional,current,reviewed_record_override:reviewed_revenue_and_external_relations_function,high,development_director,explicit_development_director_alias,expanded,none,,,,,reviewed_observation_override,yes,all,1,1,1,OpenSecrets,"Primary family received an observation-level review because the filing title is truncated, organization-specific, or multi-function."
F990TAX-edddd786417ed0,CHIEF TRUST OFFICER,CHIEF TRUST OFFICER,non_ceo_position,strategy,policy,chief_officer,executive,functional,current,reviewed_record_override:reviewed_trust_strategy_function,high,,not_a_supported_standardized_title,,none,,,,,reviewed_observation_override,yes,all,1,1,1,Institute for Security and Technology,"Primary family received an observation-level review because the filing title is truncated, organization-specific, or multi-function."
F990TAX-eebbc08c7eb759,DEPUTY DIRECTOR ADVOCACY,Deputy Director Advocacy,non_ceo_position,policy,,managing_or_deputy_director,senior_leader,functional,current,title_keywords:policy,high,deputy_director,deputy_director_alias,expanded,none,,,,,rule_assigned,yes,all,1,1,1,Living Goods,
F990TAX-eefd0a4a0ec235,CHAIR THRU 1/28/24 DIR THRU 7/30/24,CHAIR (THRU 1/28/24); DIR (THRU 7/30/24),non_ceo_position,general_leadership,,director,senior_leader,functional,former_or_partial,title_keywords:general_leadership,medium,,not_a_supported_standardized_title,,none,,,,,rule_assigned,yes,none,1,0,1,Open Technology Fund,
F990TAX-ef68be086f3ba3,LEGAL DIRECTOR,LEGAL DIRECTOR | Legal Director,non_ceo_position,legal,,director,senior_leader,functional,current,title_keywords:legal,high,,not_a_supported_standardized_title,,none,,,,,rule_assigned,yes,all,3,3,3,Electronic Frontier Foundation | Open Markets Institute | Public Knowledge,
F990TAX-ef8594e9ca1f9b,DEPUTY DIRECTOR OF RACIAL EQUITY,DEPUTY DIRECTOR OF RACIAL EQUITY,non_ceo_position,people,strategy;policy,managing_or_deputy_director,senior_leader,functional,current,reviewed_record_override:reviewed_organizational_racial_equity_strategy_function,high,deputy_director,deputy_director_alias,expanded,none,,SRC-POSITION-CLASP-EDDIE-MARTIN,https://www.clasp.org/profile/eddie-martin-jr/,benchmark/sources/native/supporting/position_classification/clasp-eddie-martin.html,reviewed_observation_override,yes,all,1,1,1,Center for Law and Social Policy,"Primary family received an observation-level review because the filing title is truncated, organization-specific, or multi-function. | Documents Martin's organization-wide racial-equity strategy and planning across communications, personnel, policy, and engagement. Source: benchmark/sources/native/supporting/position_classification/clasp-eddie-martin.html (https://www.clasp.org/profile/eddie-martin-jr/)"
F990TAX-efdec250e04a31,DEPUTY EXECUTIVE DIR POLICY,"DEPUTY EXECUTIVE DIR., POLICY",non_ceo_position,policy,,managing_or_deputy_director,senior_leader,functional,former_or_partial,title_keywords:policy,high,policy_director,explicit_policy_director_alias,expanded,none,,,,,rule_assigned,yes,none,1,1,1,Center for Law and Social Policy,
F990TAX-f01079555afec7,DIR OF FINANCE,DIR. OF FINANCE,non_ceo_position,finance,,director,senior_leader,functional,current,title_keywords:finance,high,finance_director,explicit_finance_director_alias,expanded,none,,,,,rule_assigned,yes,all,1,1,1,Institute for Nonprofit News,
F990TAX-f02817b5d3c9fd,SR DIRECTOR STRATEGIC INITIATIVES,"Sr Director, Strategic Initiatives",non_ceo_position,strategy,programs,director,senior_leader,functional,current,reviewed_record_override:reviewed_strategic_initiatives_primary_function,high,,not_a_supported_standardized_title,,none,,,,,reviewed_observation_override,yes,all,1,1,1,Nuclear Threat Initiative,"Primary family received an observation-level review because the filing title is truncated, organization-specific, or multi-function."
F990TAX-f07e5938763d3d,CHAIRMAN,CHAIRMAN | Chairman,governance,,,board_governance,governance,governance,current,part_vii_board_flag_and_board_title,high,,not_a_supported_standardized_title,,none,,,,,rule_assigned,no,none,6,0,6,Bulletin of the Atomic Scientists | Innovations for Poverty Action | Institute for Nonprofit News | Quincy Institute for Responsible Statecraft | Tax Foundation | World Justice Project,
F990TAX-f10e5f5a52c365,STRATEGY DIRECTOR,Strategy Director,non_ceo_position,strategy,,director,senior_leader,functional,current,title_keywords:strategy,high,,not_a_supported_standardized_title,,none,,,,,rule_assigned,yes,all,1,1,1,Carbon Mapper,
F990TAX-f127474fe11fd7,BOARD MEMBER - UNTIL 03/25,BOARD MEMBER - UNTIL 03/25,unmapped_position,,,unclassified,unknown,uncertain,former_or_partial,no_reviewed_family_match,low,,not_a_supported_standardized_title,,none,,,,,manual_review_required,no,none,1,0,1,Peterson Institute for International Economics,Retained for manual classification; not exposed in the public Position catalog.
F990TAX-f1f247d536fdc3,PROGRAM DIRECTOR EES,"Program Director, EES",non_ceo_position,programs,,director,senior_leader,functional,current,title_keywords:programs,high,program_director,explicit_program_director_alias,expanded,none,,,,,rule_assigned,yes,all,1,1,1,Center for a New American Security,
F990TAX-f21789c6e9ffba,SENIOR RESEARCH FELLOW,SENIOR RESEARCH FELLOW,non_ceo_position,research,,senior_individual_contributor,individual_contributor,functional,current,title_keywords:research,high,senior_researcher,senior_research_title,expanded,none,,,,,rule_assigned,yes,all,1,1,1,Quincy Institute for Responsible Statecraft,
F990TAX-f226ed46dd9c68,PRESIDENT AND TREASURER,PRESIDENT & TREASURER,non_ceo_position,finance,,executive_leadership,executive,functional,current,title_keywords:finance,high,,not_a_supported_standardized_title,,none,,,,,rule_assigned,yes,none,1,0,1,Sentient Media,
F990TAX-f22cf38668fb0d,CHAIRMAN THRU 10/2024,CHAIRMAN (THRU 10/2024),unmapped_position,,,unclassified,unknown,uncertain,former_or_partial,no_reviewed_family_match,low,,not_a_supported_standardized_title,,none,,,,,manual_review_required,no,none,1,0,1,Independent Sector,Retained for manual classification; not exposed in the public Position catalog.
F990TAX-f2a9e4a7c260d0,MEMBER THRU 01/23,MEMBER (THRU 01/23),unmapped_position,,,unclassified,unknown,uncertain,former_or_partial,no_reviewed_family_match,low,,not_a_supported_standardized_title,,none,,,,,manual_review_required,no,none,1,0,1,Farm Sanctuary,Retained for manual classification; not exposed in the public Position catalog.
F990TAX-f317f0f3388bec,MEMBER AT LARGE THRU 06/1/22,MEMBER AT LARGE (THRU 06/1/22),unmapped_position,,,unclassified,unknown,uncertain,former_or_partial,no_reviewed_family_match,low,,not_a_supported_standardized_title,,none,,,,,manual_review_required,no,none,3,0,1,Guttmacher Institute,Retained for manual classification; not exposed in the public Position catalog.
F990TAX-f31bcbbcea3bec,CEO,CEO,canonical_ceo,,,chief_executive,executive,organization_wide,current,validated_ceo_name_override,high,,not_a_supported_standardized_title,,none,,,,,rule_assigned,no,none,18,18,18,Bulletin of the Atomic Scientists | Center for Public Integrity | Center for a New American Security | Creative Commons | Exponent Philanthropy | Farm Sanctuary | Global Health Corps | Good Food Institute,CEO rows remain governed by validated_form990_compensation.csv and are not a generic position family.
F990TAX-f42203d718b7b5,TECHNOLOGY INNOVATION AND STRATEGY,TECHNOLOGY INNOVATION AND STRATEGY,non_ceo_position,technology,strategy,functional_individual_contributor,individual_contributor,functional,current,title_keywords:technology,medium,,not_a_supported_standardized_title,,none,,,,,rule_assigned_multi_role,yes,all,1,1,1,Vera Institute of Justice,
F990TAX-f43aa4651ec912,VP GLOBAL OPS/TREAS THRU 12/23,"VP, GLOBAL OPS/TREAS (THRU 12/23)",non_ceo_position,operations,,vice_president,senior_leader,functional,former_or_partial,title_keywords:operations,high,vice_president,vice_president_alias,expanded,none,,,,,rule_assigned,yes,none,1,1,1,VillageReach,
F990TAX-f4746883059851,BOARD MEMBER UNTIL 7/2024,BOARD MEMBER (UNTIL 7/2024),unmapped_position,,,unclassified,unknown,uncertain,former_or_partial,no_reviewed_family_match,low,,not_a_supported_standardized_title,,none,,,,,manual_review_required,no,none,1,0,1,Evidence Action,Retained for manual classification; not exposed in the public Position catalog.
F990TAX-f4e9e4b44deabb,SENIOR DIRECTOR OF INSTITUTIONAL GIVING,SENIOR DIRECTOR OF INSTITUTIONAL GIVING,non_ceo_position,development,,director,senior_leader,functional,current,title_keywords:development,high,development_director,explicit_development_director_alias,expanded,none,,,,,rule_assigned,yes,all,1,1,1,Center for Climate and Energy Solutions,
F990TAX-f4eda167e9656c,ENGINEER,ENGINEER,non_ceo_position,technology,,functional_individual_contributor,individual_contributor,functional,current,title_keywords:technology,high,,not_a_supported_standardized_title,,none,,,,,rule_assigned,yes,all,5,5,1,Internet Security Research Group,
F990TAX-f4f8ed9a60142e,VP - ADVOCACY PROGRAMS,VP - ADVOCACY PROGRAMS,non_ceo_position,policy,programs,vice_president,senior_leader,functional,current,title_keywords:policy,medium,vice_president,vice_president_alias,expanded,none,,,,,rule_assigned_multi_role,yes,all,1,1,1,Research!America,
F990TAX-f5040838e89101,VICE PRESIDENT PROGRAMS,"VICE PRESIDENT, PROGRAMS",non_ceo_position,programs,,executive_leadership,executive,functional,current,title_keywords:programs,high,vice_president,vice_president_alias,expanded,none,,,,,rule_assigned,yes,all,1,1,1,Grantmakers for Effective Organizations,
F990TAX-f53d1edca4d8b5,DIRECTOR OF SCIENCE POLICY,DIRECTOR OF SCIENCE POLICY,non_ceo_position,policy,research,director,senior_leader,functional,current,reviewed_record_override:reviewed_science_policy_primary_function,high,policy_director,explicit_policy_director_alias,expanded,none,,SRC-POSITION-FAS-ERICA-GOLDMAN,https://fas.org/publication/fas-welcomes-expanded-leadership-in-key-policy-areas/,benchmark/sources/native/supporting/position_classification/fas-expanded-leadership-policy.html,reviewed_observation_override,yes,all,1,1,1,Federation of American Scientists,"Primary family received an observation-level review because the filing title is truncated, organization-specific, or multi-function. | Confirms that Goldman's Director of Science Policy role leads science-policy strategy, with research retained as secondary. Source: benchmark/sources/native/supporting/position_classification/fas-expanded-leadership-policy.html (https://fas.org/publication/fas-welcomes-expanded-leadership-in-key-policy-areas/)"
F990TAX-f563c6dda53caf,SENIOR MEMBERSHIP MANAGER,SENIOR MEMBERSHIP MANAGER,non_ceo_position,development,,manager,manager,functional,current,reviewed_record_override:reviewed_membership_revenue_function,high,,not_a_supported_standardized_title,,none,,,,,reviewed_observation_override,yes,all,1,1,1,PEAK Grantmaking,"Primary family received an observation-level review because the filing title is truncated, organization-specific, or multi-function."
F990TAX-f57752f328b346,MARINE WILDLIFE DIRECTOR,MARINE WILDLIFE DIRECTOR,non_ceo_position,programs,,director,senior_leader,functional,current,reviewed_record_override:reviewed_wildlife_program_function,high,,not_a_supported_standardized_title,,none,,,,,reviewed_observation_override,yes,all,1,1,1,Animal Welfare Institute,"Primary family received an observation-level review because the filing title is truncated, organization-specific, or multi-function."
F990TAX-f5e5918b4dc094,CHIEF OF OPERATIONS,CHIEF OF OPERATIONS,non_ceo_position,operations,,chief_officer,executive,functional,current,title_keywords:operations,high,coo,standard_coo_alias,exact,none,,,,,rule_assigned,yes,all,1,1,1,ideas42,
F990TAX-f6095edfc46b02,VICE PRESIDENT,VICE PRESIDENT | Vice President,non_ceo_position,general_leadership,,executive_leadership,executive,functional,current,title_keywords:general_leadership,medium,vice_president,vice_president_alias,expanded,none,,,,,rule_assigned,yes,some,16,8,8,Bulletin of the Atomic Scientists | Data Quality Campaign | Economic Policy Institute | Information Technology and Innovation Foundation | Institute for Energy Economics and Financial Analysis | Internet Security Research Group | MuckRock Foundation | World Justice Project,
F990TAX-f6194e6de5ff4c,DIRECTOR CJP,"DIRECTOR, CJP",non_ceo_position,policy,,director,senior_leader,functional,current,reviewed_record_override:reviewed_criminal_justice_program_function,high,,not_a_supported_standardized_title,,none,,,,,reviewed_observation_override,yes,all,1,1,1,Animal Legal Defense Fund,"Primary family received an observation-level review because the filing title is truncated, organization-specific, or multi-function."
F990TAX-f6aa2899fb75a5,CHAIR OF DEV COMMITTEE,CHAIR OF DEV COMMITTEE,unmapped_position,,,unclassified,unknown,uncertain,current,no_reviewed_family_match,low,,not_a_supported_standardized_title,,none,,,,,manual_review_required,no,none,1,0,1,Village Enterprise,Retained for manual classification; not exposed in the public Position catalog.
F990TAX-f6cb0fe9f558da,DIRECTOR FROM 05/24,DIRECTOR (FROM 05/24),non_ceo_position,general_leadership,,director,senior_leader,functional,former_or_partial,title_keywords:general_leadership,medium,,not_a_supported_standardized_title,,none,,,,,rule_assigned,yes,none,1,0,1,VillageReach,
F990TAX-f6f936402f8312,PRINCIPAL SOFTWARE ENGINEER,PRINCIPAL SOFTWARE ENGINEER,non_ceo_position,technology,,senior_individual_contributor,individual_contributor,functional,current,title_keywords:technology,high,,not_a_supported_standardized_title,,none,,,,,rule_assigned,yes,all,2,2,2,Center for Open Science | VillageReach,
F990TAX-f6ffef5a0306fd,SVP AND CHIEF OF STAFF,SVP AND CHIEF OF STAFF,non_ceo_position,chief_of_staff,,chief_officer,executive,functional,current,title_keywords:chief_of_staff,high,chief_of_staff,explicit_chief_of_staff,exact,none,,,,,rule_assigned,yes,all,1,1,1,Committee for a Responsible Federal Budget,
F990TAX-f7296b4353fd15,EXECUTIVE DIRECTOR HOUSING,"EXECUTIVE DIRECTOR, HOUSING",generic_ceo_like,,,chief_executive,executive,program_or_affiliate,current,ceo_like_title_not_authoritative_ceo,medium,,not_a_supported_standardized_title,,none,,,,,manual_review_required,no,none,1,1,1,Bipartisan Policy Center,CEO rows remain governed by validated_form990_compensation.csv and are not a generic position family.
F990TAX-f7aded8caf71ac,SR DIR OF SECTOR PROGRAMS,SR. DIR. OF SECTOR PROGRAMS,non_ceo_position,programs,,director,senior_leader,functional,current,title_keywords:programs,high,program_director,explicit_program_director_alias,expanded,none,,,,,rule_assigned,yes,all,1,1,1,Innovations for Poverty Action,
F990TAX-f81eafbb4e4aab,DIR OF HUMAN RESOURCES,DIR OF HUMAN RESOURCES,non_ceo_position,people,,director,senior_leader,functional,current,title_keywords:people,high,,not_a_supported_standardized_title,,none,,,,,rule_assigned,yes,all,1,1,1,Niskanen Center,
F990TAX-f89bc8dd83a5bd,LICENSING/COPYRIGHT COUNSEL/SECRETARY,LICENSING/COPYRIGHT COUNSEL/SECRETARY,non_ceo_position,legal,,functional_individual_contributor,individual_contributor,functional,current,title_keywords:legal,high,,not_a_supported_standardized_title,,none,,,,,rule_assigned,yes,all,1,1,1,Creative Commons,
F990TAX-f8bab8963c5c0f,VP FINANCE FROM 1/2024,"VP, Finance (From 1/2024)",non_ceo_position,finance,,vice_president,senior_leader,functional,former_or_partial,title_keywords:finance,high,vice_president,vice_president_alias,expanded,none,,,,,rule_assigned,yes,none,1,1,1,Population Reference Bureau,
F990TAX-fa6424f61e01f8,HEAD OF PARTNERSHIP ENGAGEMENT,HEAD OF PARTNERSHIP ENGAGEMENT,non_ceo_position,programs,,head_or_lead,senior_leader,functional,current,title_keywords:programs,high,,not_a_supported_standardized_title,,none,,,,,rule_assigned,yes,all,1,1,1,Partnership on AI,
F990TAX-faea9fd23435fd,SENIOR DIRECTOR US/CANADA HUB THRU 03/21/2025,"SENIOR DIRECTOR, US/CANADA HUB (THRU 03/21/2025)",non_ceo_position,general_leadership,,director,senior_leader,functional,former_or_partial,title_keywords:general_leadership,medium,,not_a_supported_standardized_title,,none,,,,,rule_assigned,yes,none,1,1,1,GivingTuesday,
F990TAX-faffe5d6c6be8f,DIRECTOR DECEASED,DIRECTOR (DECEASED),non_ceo_position,general_leadership,,director,senior_leader,functional,current,title_keywords:general_leadership,medium,,not_a_supported_standardized_title,,none,,,,,rule_assigned,yes,none,1,0,1,National Employment Law Project,
F990TAX-fb07cc298568e2,EDITOR-IN-CHIEF,EDITOR-IN-CHIEF,non_ceo_position,communications,,chief_officer,executive,functional,current,title_keywords:communications,high,,not_a_supported_standardized_title,,none,,,,,rule_assigned,yes,all,1,1,1,Center for Public Integrity,
F990TAX-fb325a4caf8ef7,DIRECTOR POLICY FELLOW OUTGOING TREASURER,"Director, Policy Fellow, Outgoing Treasurer",non_ceo_position,policy,research;finance,director,senior_leader,functional,former_or_partial,title_keywords:policy,medium,policy_director,explicit_policy_director_alias,expanded,none,,,,,rule_assigned_multi_role,yes,none,1,1,1,Software Freedom Conservancy,
F990TAX-fc08ddcde2fd10,TRUSTEE UNTIL 10/2025,TRUSTEE (UNTIL 10/2025),unmapped_position,,,unclassified,unknown,uncertain,former_or_partial,no_reviewed_family_match,low,,not_a_supported_standardized_title,,none,,,,,manual_review_required,no,none,1,0,1,Climate Central,Retained for manual classification; not exposed in the public Position catalog.
F990TAX-fc40b0a54f7bc0,EXECUTIVE DIRECTOR/BOARD SECRETARY,EXECUTIVE DIRECTOR/BOARD SECRETARY,canonical_ceo,,,chief_executive,executive,organization_wide,current,validated_ceo_name_override,high,,not_a_supported_standardized_title,,none,,,,,rule_assigned,no,none,1,1,1,TechCongress,CEO rows remain governed by validated_form990_compensation.csv and are not a generic position family.
F990TAX-fc6b72c64bbb7a,SVP - DEVELOPMENT,SVP - DEVELOPMENT,non_ceo_position,development,,functional_individual_contributor,individual_contributor,functional,current,title_keywords:development,high,senior_vice_president,senior_vice_president_alias,expanded,none,,,,,rule_assigned,yes,all,1,1,1,Good Food Institute,
F990TAX-fc9e5eeeffdd96,VP OF COMMUNICATIONS UNTIL 2/25,"VP OF COMMUNICATIONS, (UNTIL 2/25)",non_ceo_position,communications,,vice_president,senior_leader,functional,former_or_partial,title_keywords:communications,high,vice_president,vice_president_alias,expanded,none,,,,,rule_assigned,yes,none,1,1,1,Institute for Women’s Policy Research,
F990TAX-fd0e5669f99ff0,CHIEF OF PEOPLE AND CULTURE,CHIEF OF PEOPLE AND CULTURE,non_ceo_position,people,,chief_officer,executive,functional,current,title_keywords:people,high,chief_people_officer,people_chief_alias,expanded,none,,,,,rule_assigned,yes,all,1,1,1,Demos,
F990TAX-fd682bf7ab0032,DIR OF COMM AND PUB AFFAIRS,DIR. OF COMM & PUB. AFFAIRS,non_ceo_position,communications,,director,senior_leader,functional,current,title_keywords:communications,high,communications_director,explicit_communications_director_alias,expanded,none,,,,,rule_assigned,yes,all,1,1,1,Migration Policy Institute,
F990TAX-fe0fa9bfd54f7d,VP CHIEF OF STAFF,"VP, CHIEF OF STAFF",non_ceo_position,chief_of_staff,,chief_officer,executive,functional,current,title_keywords:chief_of_staff,high,chief_of_staff,explicit_chief_of_staff,exact,none,,,,,rule_assigned,yes,all,1,1,1,Vera Institute of Justice,
F990TAX-fe1005eead9c09,VP FOR COMMUNICATIONS AND PUBLIC,VP for Communications & Public,non_ceo_position,communications,,vice_president,senior_leader,functional,current,title_keywords:communications,high,vice_president,vice_president_alias,expanded,none,,,,,rule_assigned,yes,all,1,1,1,Guttmacher Institute,
F990TAX-fe1adec5aab474,BOARD MEMBER UNION REP/RESEARCH ASSOCIATE,BOARD MEMBER UNION REP/RESEARCH ASSOCIATE,non_ceo_position,research,,functional_individual_contributor,individual_contributor,functional,current,title_keywords:research,high,,not_a_supported_standardized_title,,none,,,,,rule_assigned,yes,all,1,1,1,Center for Economic and Policy Research,
F990TAX-ffa8f47d35bd68,FORMER PRESIDENT DIRECTOR,"FORMER PRESIDENT, DIRECTOR",non_ceo_position,general_leadership,,executive_leadership,executive,functional,former_or_partial,title_keywords:general_leadership,medium,,not_a_supported_standardized_title,,none,,,,,rule_assigned,yes,none,1,0,1,Open Source Initiative,
