source_id,organization,observation_id,person_name,effective_title,record_type,role_scope,compensation_year_role_status,former_officer_director_trustee,default_hours_eligible,average_hours_per_week,average_hours_related_orgs,total_reported_hours,part_vii_cash_nominal,part_vii_total_nominal,schedule_j_present,schedule_j_base_total_nominal,schedule_j_base_org_nominal,schedule_j_base_related_nominal,combined_reported_hours,schedule_j_base_40h_nominal,base_predictor_candidate,fte_standardization_status,xml_validation,part_vii_xml_locator,schedule_j_xml_locator,attached_base_ceo_ids,raw_base_rank_when_attached,fte_base_rank_when_attached,selected_raw_top_when_attached,selected_fte_top_when_attached,rank_changes_when_attached,source_local_path
SRC-990-EXT3-ALLIANCE-FOR-HEALTH-POLICY,Alliance for Health Policy,SRC-990-EXT3-ALLIANCE-FOR-HEALTH-POLICY::alisonjones,Alison Jones,Director of Program Mgmt & Strategy,non_ceo_position,functional,no_transition_indicated,no,yes,40.00,0.00,40,131528,152109,yes,122528,122528,0,40.0,122528.0,yes,standardizable_combined_40h_equivalent,part_vii_and_schedule_j_verified,Return/ReturnData/IRS990/Form990PartVIISectionAGrp[4],Return/ReturnData/IRS990ScheduleJ/RltdOrgOfficerTrstKeyEmplGrp[3],,,,,,,benchmark/sources/native/form990/202531619349300118_public.xml
SRC-990-EXT3-ALLIANCE-FOR-HEALTH-POLICY,Alliance for Health Policy,SRC-990-EXT3-ALLIANCE-FOR-HEALTH-POLICY::davidelliott,David Elliott,VP of Finance & Admin,non_ceo_position,functional,no_transition_indicated,no,yes,40.00,0.00,40,156800,172371,yes,146200,146200,0,40.0,146200.0,yes,standardizable_combined_40h_equivalent,part_vii_and_schedule_j_verified,Return/ReturnData/IRS990/Form990PartVIISectionAGrp[2],Return/ReturnData/IRS990ScheduleJ/RltdOrgOfficerTrstKeyEmplGrp[1],,,,,,,benchmark/sources/native/form990/202531619349300118_public.xml
SRC-990-EXT3-ALLIANCE-FOR-HEALTH-POLICY,Alliance for Health Policy,SRC-990-EXT3-ALLIANCE-FOR-HEALTH-POLICY::kellyappenzeller,Kelly Appenzeller,Director of Development Operations,non_ceo_position,functional,no_transition_indicated,no,yes,40.00,0.00,40,142429,164287,yes,132529,132529,0,40.0,132529.0,yes,standardizable_combined_40h_equivalent,part_vii_and_schedule_j_verified,Return/ReturnData/IRS990/Form990PartVIISectionAGrp[3],Return/ReturnData/IRS990ScheduleJ/RltdOrgOfficerTrstKeyEmplGrp[2],,,,,,,benchmark/sources/native/form990/202531619349300118_public.xml
SRC-990-EXT3-ALLIANCE-FOR-HEALTH-POLICY,Alliance for Health Policy,SRC-990-EXT3-ALLIANCE-FOR-HEALTH-POLICY::sarahdash,Sarah Dash,PresidentCEO - Until 224,generic_ceo_like,uncertain,partial_or_uncertain,no,yes,40.00,0.00,40,84944,93470,no,,,,,,no,not_fte_candidate,part_vii_verified_no_schedule_j,Return/ReturnData/IRS990/Form990PartVIISectionAGrp[5],,,,,,,,benchmark/sources/native/form990/202531619349300118_public.xml
SRC-990-EXT-AMERICAN-IMMIGRATION-COUNCIL,American Immigration Council,SRC-990-EXT-AMERICAN-IMMIGRATION-COUNCIL::akosuaamoakoattameyers,AKOSUA AMOAKO-ATTA MEYERS,CHIEF DEVELOPMENT OFFICER,non_ceo_position,functional,no_transition_indicated,no,yes,37.50,,37.5,65022,78174,no,,,,,,no,not_fte_candidate,part_vii_verified_no_schedule_j,Return/ReturnData/IRS990/Form990PartVIISectionAGrp[20],,SRC-990-EXT-AMERICAN-IMMIGRATION-COUNCIL,,,jorgeloweree,jorgeloweree,false,benchmark/sources/native/form990/202542979349301509_public.xml
SRC-990-EXT-AMERICAN-IMMIGRATION-COUNCIL,American Immigration Council,SRC-990-EXT-AMERICAN-IMMIGRATION-COUNCIL::anjuleealvarescinque,ANJULEE ALVARES-CINQUE,CHIEF MARKETING OFFICERS,non_ceo_position,functional,no_transition_indicated,no,yes,37.50,,37.5,108418,121489,no,,,,,,no,not_fte_candidate,part_vii_verified_no_schedule_j,Return/ReturnData/IRS990/Form990PartVIISectionAGrp[19],,SRC-990-EXT-AMERICAN-IMMIGRATION-COUNCIL,,,jorgeloweree,jorgeloweree,false,benchmark/sources/native/form990/202542979349301509_public.xml
SRC-990-EXT-AMERICAN-IMMIGRATION-COUNCIL,American Immigration Council,SRC-990-EXT-AMERICAN-IMMIGRATION-COUNCIL::briannadimas,BRIANNA DIMAS,"DIRECTOR, STRATEGIC COMMUNICATIONS",non_ceo_position,functional,no_transition_indicated,no,yes,37.50,,37.5,155782,183149,yes,155278,155278,0,37.5,165629.87,yes,standardizable_combined_40h_equivalent,part_vii_and_schedule_j_verified,Return/ReturnData/IRS990/Form990PartVIISectionAGrp[24],Return/ReturnData/IRS990ScheduleJ/RltdOrgOfficerTrstKeyEmplGrp[4],SRC-990-EXT-AMERICAN-IMMIGRATION-COUNCIL,5,5,jorgeloweree,jorgeloweree,false,benchmark/sources/native/form990/202542979349301509_public.xml
SRC-990-EXT-AMERICAN-IMMIGRATION-COUNCIL,American Immigration Council,SRC-990-EXT-AMERICAN-IMMIGRATION-COUNCIL::catherineharris,CATHERINE HARRIS,"DIRECTOR, MAJOR GIFTS AND PLANNED GIVING",non_ceo_position,functional,no_transition_indicated,no,yes,37.50,,37.5,142047,160638,yes,142047,142047,0,37.5,151516.8,yes,standardizable_combined_40h_equivalent,part_vii_and_schedule_j_verified,Return/ReturnData/IRS990/Form990PartVIISectionAGrp[27],Return/ReturnData/IRS990ScheduleJ/RltdOrgOfficerTrstKeyEmplGrp[9],SRC-990-EXT-AMERICAN-IMMIGRATION-COUNCIL,7,7,jorgeloweree,jorgeloweree,false,benchmark/sources/native/form990/202542979349301509_public.xml
SRC-990-EXT-AMERICAN-IMMIGRATION-COUNCIL,American Immigration Council,SRC-990-EXT-AMERICAN-IMMIGRATION-COUNCIL::clintoncolliver,CLINTON COLLIVER,"DIRECTOR, FINANCE",non_ceo_position,functional,no_transition_indicated,no,yes,37.50,,37.5,140391,156754,yes,140391,140391,0,37.5,149750.4,yes,standardizable_combined_40h_equivalent,part_vii_and_schedule_j_verified,Return/ReturnData/IRS990/Form990PartVIISectionAGrp[29],Return/ReturnData/IRS990ScheduleJ/RltdOrgOfficerTrstKeyEmplGrp[11],SRC-990-EXT-AMERICAN-IMMIGRATION-COUNCIL,8,8,jorgeloweree,jorgeloweree,false,benchmark/sources/native/form990/202542979349301509_public.xml
SRC-990-EXT-AMERICAN-IMMIGRATION-COUNCIL,American Immigration Council,SRC-990-EXT-AMERICAN-IMMIGRATION-COUNCIL::daralind,DARA LIND,SENIOR POLICY FELLOW,non_ceo_position,functional,no_transition_indicated,no,yes,37.50,,37.5,128367,159439,yes,128367,128367,0,37.5,136924.8,yes,standardizable_combined_40h_equivalent,part_vii_and_schedule_j_verified,Return/ReturnData/IRS990/Form990PartVIISectionAGrp[28],Return/ReturnData/IRS990ScheduleJ/RltdOrgOfficerTrstKeyEmplGrp[10],SRC-990-EXT-AMERICAN-IMMIGRATION-COUNCIL,10,10,jorgeloweree,jorgeloweree,false,benchmark/sources/native/form990/202542979349301509_public.xml
SRC-990-EXT-AMERICAN-IMMIGRATION-COUNCIL,American Immigration Council,SRC-990-EXT-AMERICAN-IMMIGRATION-COUNCIL::elisseleanigarciatorres,ELISSE LEANI GARCIA-TORRES,CHIEF OF STAFF,non_ceo_position,functional,no_transition_indicated,no,yes,37.50,,37.5,123730,163129,yes,123730,123730,0,37.5,131978.67,yes,standardizable_combined_40h_equivalent,part_vii_and_schedule_j_verified,Return/ReturnData/IRS990/Form990PartVIISectionAGrp[26],Return/ReturnData/IRS990ScheduleJ/RltdOrgOfficerTrstKeyEmplGrp[8],SRC-990-EXT-AMERICAN-IMMIGRATION-COUNCIL,11,11,jorgeloweree,jorgeloweree,false,benchmark/sources/native/form990/202542979349301509_public.xml
SRC-990-EXT-AMERICAN-IMMIGRATION-COUNCIL,American Immigration Council,SRC-990-EXT-AMERICAN-IMMIGRATION-COUNCIL::janetparker,JANET PARKER,"MANAGING DIRECTOR, OPERATIONS",non_ceo_position,functional,no_transition_indicated,no,yes,37.50,,37.5,165204,181875,yes,164726,164726,0,37.5,175707.73,yes,standardizable_combined_40h_equivalent,part_vii_and_schedule_j_verified,Return/ReturnData/IRS990/Form990PartVIISectionAGrp[18],Return/ReturnData/IRS990ScheduleJ/RltdOrgOfficerTrstKeyEmplGrp[7],SRC-990-EXT-AMERICAN-IMMIGRATION-COUNCIL,3,3,jorgeloweree,jorgeloweree,false,benchmark/sources/native/form990/202542979349301509_public.xml
SRC-990-EXT-AMERICAN-IMMIGRATION-COUNCIL,American Immigration Council,SRC-990-EXT-AMERICAN-IMMIGRATION-COUNCIL::jorgeloweree,JORGE LOWEREE,"MANAGING DIRECTOR, STRATEGY AND PROGRAMS",non_ceo_position,functional,no_transition_indicated,no,yes,37.50,,37.5,205303,241585,yes,200480,200480,0,37.5,213845.33,yes,standardizable_combined_40h_equivalent,part_vii_and_schedule_j_verified,Return/ReturnData/IRS990/Form990PartVIISectionAGrp[21],Return/ReturnData/IRS990ScheduleJ/RltdOrgOfficerTrstKeyEmplGrp[2],SRC-990-EXT-AMERICAN-IMMIGRATION-COUNCIL,1,1,jorgeloweree,jorgeloweree,false,benchmark/sources/native/form990/202542979349301509_public.xml
SRC-990-EXT-AMERICAN-IMMIGRATION-COUNCIL,American Immigration Council,SRC-990-EXT-AMERICAN-IMMIGRATION-COUNCIL::katherinesteinberg,KATHERINE STEINBERG,"DIRECTOR, CONSUMER CONTENT AND BRAND STRATEGY",non_ceo_position,functional,no_transition_indicated,no,yes,37.50,,37.5,183167,202425,yes,182334,182334,0,37.5,194489.6,yes,standardizable_combined_40h_equivalent,part_vii_and_schedule_j_verified,Return/ReturnData/IRS990/Form990PartVIISectionAGrp[22],Return/ReturnData/IRS990ScheduleJ/RltdOrgOfficerTrstKeyEmplGrp[3],SRC-990-EXT-AMERICAN-IMMIGRATION-COUNCIL,2,2,jorgeloweree,jorgeloweree,false,benchmark/sources/native/form990/202542979349301509_public.xml
SRC-990-EXT-AMERICAN-IMMIGRATION-COUNCIL,American Immigration Council,SRC-990-EXT-AMERICAN-IMMIGRATION-COUNCIL::kimberlyserrano,KIMBERLY SERRANO,"DIRECTOR, CENTER FOR INCLUSION & BELONGING",non_ceo_position,functional,no_transition_indicated,no,yes,37.50,,37.5,163629,182613,yes,162461,162461,0,37.5,173291.73,yes,standardizable_combined_40h_equivalent,part_vii_and_schedule_j_verified,Return/ReturnData/IRS990/Form990PartVIISectionAGrp[23],Return/ReturnData/IRS990ScheduleJ/RltdOrgOfficerTrstKeyEmplGrp[5],SRC-990-EXT-AMERICAN-IMMIGRATION-COUNCIL,4,4,jorgeloweree,jorgeloweree,false,benchmark/sources/native/form990/202542979349301509_public.xml
SRC-990-EXT-AMERICAN-IMMIGRATION-COUNCIL,American Immigration Council,SRC-990-EXT-AMERICAN-IMMIGRATION-COUNCIL::lisamurray,LISA MURRAY,"DIRECTOR, CULTURAL EXCHANGE",non_ceo_position,functional,no_transition_indicated,no,yes,37.50,,37.5,135949,154638,yes,135949,135949,0,37.5,145012.27,yes,standardizable_combined_40h_equivalent,part_vii_and_schedule_j_verified,Return/ReturnData/IRS990/Form990PartVIISectionAGrp[30],Return/ReturnData/IRS990ScheduleJ/RltdOrgOfficerTrstKeyEmplGrp[12],SRC-990-EXT-AMERICAN-IMMIGRATION-COUNCIL,9,9,jorgeloweree,jorgeloweree,false,benchmark/sources/native/form990/202542979349301509_public.xml
SRC-990-EXT-AMERICAN-IMMIGRATION-COUNCIL,American Immigration Council,SRC-990-EXT-AMERICAN-IMMIGRATION-COUNCIL::richardandre,RICHARD ANDRE,"DIRECTOR, STATE & LOCAL INITIATIVES",non_ceo_position,functional,no_transition_indicated,no,yes,37.50,,37.5,154579,181949,yes,149149,149149,0,37.5,159092.27,yes,standardizable_combined_40h_equivalent,part_vii_and_schedule_j_verified,Return/ReturnData/IRS990/Form990PartVIISectionAGrp[25],Return/ReturnData/IRS990ScheduleJ/RltdOrgOfficerTrstKeyEmplGrp[6],SRC-990-EXT-AMERICAN-IMMIGRATION-COUNCIL,6,6,jorgeloweree,jorgeloweree,false,benchmark/sources/native/form990/202542979349301509_public.xml
SRC-990-EXT-ANIMAL-EQUALITY,Animal Equality,SRC-990-EXT-ANIMAL-EQUALITY::joseantoniovalleblanco,Jose Antonio Valle Blanco,VP & Secreatary,non_ceo_position,functional,no_transition_indicated,no,yes,40.00,0.00,40,100399,111298,no,,,,,,no,not_fte_candidate,part_vii_verified_no_schedule_j,Return/ReturnData/IRS990/Form990PartVIISectionAGrp[3],,,,,,,,benchmark/sources/native/form990/202533009349301263_public.xml
SRC-990-EXT-ANIMAL-EQUALITY,Animal Equality,SRC-990-EXT-ANIMAL-EQUALITY::oliverdavidson,Oliver Davidson,Director,non_ceo_position,functional,no_transition_indicated,no,yes,40.00,0.00,40,109674,121149,no,,,,,,no,not_fte_candidate,part_vii_verified_no_schedule_j,Return/ReturnData/IRS990/Form990PartVIISectionAGrp[1],,,,,,,,benchmark/sources/native/form990/202533009349301263_public.xml
SRC-990-EXT-ANIMAL-EQUALITY,Animal Equality,SRC-990-EXT-ANIMAL-EQUALITY::seanthomas,Sean Thomas,Director,non_ceo_position,functional,no_transition_indicated,no,yes,40.00,0.00,40,102310,115737,no,,,,,,no,not_fte_candidate,part_vii_verified_no_schedule_j,Return/ReturnData/IRS990/Form990PartVIISectionAGrp[2],,,,,,,,benchmark/sources/native/form990/202533009349301263_public.xml
SRC-990-EXT-ANIMAL-LEGAL-DEFENSE-FUND,Animal Legal Defense Fund,SRC-990-EXT-ANIMAL-LEGAL-DEFENSE-FUND::andreajoykroboth,ANDREA JOY KROBOTH,"Chief Operating Officer (through February 7, 2025)",non_ceo_position,functional,verified_full_year,no,yes,40.00,0.00,40,147511,163749,yes,147011,147011,0,40.0,147011.0,yes,standardizable_combined_40h_equivalent,part_vii_and_schedule_j_verified,Return/ReturnData/IRS990/Form990PartVIISectionAGrp[20],Return/ReturnData/IRS990ScheduleJ/RltdOrgOfficerTrstKeyEmplGrp[9],SRC-990-EXT-ANIMAL-LEGAL-DEFENSE-FUND,6,6,davidkorsak,davidkorsak,false,benchmark/sources/native/form990/202631249349301878_public.xml
SRC-990-EXT-ANIMAL-LEGAL-DEFENSE-FUND,Animal Legal Defense Fund,SRC-990-EXT-ANIMAL-LEGAL-DEFENSE-FUND::anthonyeliseuson,ANTHONY ELISEUSON,LITIGATION DIRECTOR,non_ceo_position,functional,no_transition_indicated,no,yes,40.00,0.00,40,160066,194900,yes,159566,159566,0,40.0,159566.0,yes,standardizable_combined_40h_equivalent,part_vii_and_schedule_j_verified,Return/ReturnData/IRS990/Form990PartVIISectionAGrp[22],Return/ReturnData/IRS990ScheduleJ/RltdOrgOfficerTrstKeyEmplGrp[5],SRC-990-EXT-ANIMAL-LEGAL-DEFENSE-FUND,4,4,davidkorsak,davidkorsak,false,benchmark/sources/native/form990/202631249349301878_public.xml
SRC-990-EXT-ANIMAL-LEGAL-DEFENSE-FUND,Animal Legal Defense Fund,SRC-990-EXT-ANIMAL-LEGAL-DEFENSE-FUND::caitlinhawks,CAITLIN HAWKS,CHIEF PROGRAMS OFFICER,non_ceo_position,functional,no_transition_indicated,no,yes,40.00,0.00,40,105039,120264,no,,,,,,no,not_fte_candidate,part_vii_verified_no_schedule_j,Return/ReturnData/IRS990/Form990PartVIISectionAGrp[21],,SRC-990-EXT-ANIMAL-LEGAL-DEFENSE-FUND,,,davidkorsak,davidkorsak,false,benchmark/sources/native/form990/202631249349301878_public.xml
SRC-990-EXT-ANIMAL-LEGAL-DEFENSE-FUND,Animal Legal Defense Fund,SRC-990-EXT-ANIMAL-LEGAL-DEFENSE-FUND::davidkorsak,DAVID KORSAK,CHIEF FINANCIAL OFFICER,non_ceo_position,functional,no_transition_indicated,no,yes,40.00,0.00,40,209093,225081,yes,208593,208593,0,40.0,208593.0,yes,standardizable_combined_40h_equivalent,part_vii_and_schedule_j_verified,Return/ReturnData/IRS990/Form990PartVIISectionAGrp[17],Return/ReturnData/IRS990ScheduleJ/RltdOrgOfficerTrstKeyEmplGrp[4],SRC-990-EXT-ANIMAL-LEGAL-DEFENSE-FUND,1,1,davidkorsak,davidkorsak,false,benchmark/sources/native/form990/202631249349301878_public.xml
SRC-990-EXT-ANIMAL-LEGAL-DEFENSE-FUND,Animal Legal Defense Fund,SRC-990-EXT-ANIMAL-LEGAL-DEFENSE-FUND::elizabethnaccarato,ELIZABETH NACCARATO,CHIEF PEOPLE OFFICER,non_ceo_position,functional,no_transition_indicated,no,yes,40.00,0.00,40,166144,184055,yes,165644,165644,0,40.0,165644.0,yes,standardizable_combined_40h_equivalent,part_vii_and_schedule_j_verified,Return/ReturnData/IRS990/Form990PartVIISectionAGrp[19],Return/ReturnData/IRS990ScheduleJ/RltdOrgOfficerTrstKeyEmplGrp[6],SRC-990-EXT-ANIMAL-LEGAL-DEFENSE-FUND,3,3,davidkorsak,davidkorsak,false,benchmark/sources/native/form990/202631249349301878_public.xml
SRC-990-EXT-ANIMAL-LEGAL-DEFENSE-FUND,Animal Legal Defense Fund,SRC-990-EXT-ANIMAL-LEGAL-DEFENSE-FUND::johnseber,JOHN SEBER,GENERAL COUNSEL,non_ceo_position,functional,no_transition_indicated,no,yes,40.00,0.00,40,194426,232164,yes,193926,193926,0,40.0,193926.0,yes,standardizable_combined_40h_equivalent,part_vii_and_schedule_j_verified,Return/ReturnData/IRS990/Form990PartVIISectionAGrp[18],Return/ReturnData/IRS990ScheduleJ/RltdOrgOfficerTrstKeyEmplGrp[3],SRC-990-EXT-ANIMAL-LEGAL-DEFENSE-FUND,2,2,davidkorsak,davidkorsak,false,benchmark/sources/native/form990/202631249349301878_public.xml
SRC-990-EXT-ANIMAL-LEGAL-DEFENSE-FUND,Animal Legal Defense Fund,SRC-990-EXT-ANIMAL-LEGAL-DEFENSE-FUND::kendramelrose,KENDRA MELROSE,CHIEF PROGRAMS OFF (THRU 7/10/24),non_ceo_position,functional,partial_or_uncertain,no,yes,40.00,0.00,40,324728,338791,yes,164728,164728,0,,,no,not_fte_candidate,part_vii_and_schedule_j_verified,Return/ReturnData/IRS990/Form990PartVIISectionAGrp[16],Return/ReturnData/IRS990ScheduleJ/RltdOrgOfficerTrstKeyEmplGrp[1],SRC-990-EXT-ANIMAL-LEGAL-DEFENSE-FUND,,,davidkorsak,davidkorsak,false,benchmark/sources/native/form990/202631249349301878_public.xml
SRC-990-EXT-ANIMAL-LEGAL-DEFENSE-FUND,Animal Legal Defense Fund,SRC-990-EXT-ANIMAL-LEGAL-DEFENSE-FUND::kimberlykelly,KIMBERLY KELLY,LEGISLATIVE AFFAIRS PROGRAM DIR,non_ceo_position,functional,no_transition_indicated,no,yes,40.00,0.00,40,157299,180419,yes,156799,156799,0,40.0,156799.0,yes,standardizable_combined_40h_equivalent,part_vii_and_schedule_j_verified,Return/ReturnData/IRS990/Form990PartVIISectionAGrp[23],Return/ReturnData/IRS990ScheduleJ/RltdOrgOfficerTrstKeyEmplGrp[8],SRC-990-EXT-ANIMAL-LEGAL-DEFENSE-FUND,5,5,davidkorsak,davidkorsak,false,benchmark/sources/native/form990/202631249349301878_public.xml
SRC-990-EXT-ANIMAL-LEGAL-DEFENSE-FUND,Animal Legal Defense Fund,SRC-990-EXT-ANIMAL-LEGAL-DEFENSE-FUND::loradunn,LORA DUNN,"DIRECTOR, CJP",non_ceo_position,functional,no_transition_indicated,no,yes,40.00,0.00,40,119610,154358,yes,119110,119110,0,40.0,119110.0,yes,standardizable_combined_40h_equivalent,part_vii_and_schedule_j_verified,Return/ReturnData/IRS990/Form990PartVIISectionAGrp[25],Return/ReturnData/IRS990ScheduleJ/RltdOrgOfficerTrstKeyEmplGrp[11],SRC-990-EXT-ANIMAL-LEGAL-DEFENSE-FUND,9,9,davidkorsak,davidkorsak,false,benchmark/sources/native/form990/202631249349301878_public.xml
SRC-990-EXT-ANIMAL-LEGAL-DEFENSE-FUND,Animal Legal Defense Fund,SRC-990-EXT-ANIMAL-LEGAL-DEFENSE-FUND::stevepolinski,STEVE POLINSKI,FINANCE DIRECTOR,non_ceo_position,functional,no_transition_indicated,no,yes,40.00,0.00,40,143402,182572,yes,142902,142902,0,40.0,142902.0,yes,standardizable_combined_40h_equivalent,part_vii_and_schedule_j_verified,Return/ReturnData/IRS990/Form990PartVIISectionAGrp[26],Return/ReturnData/IRS990ScheduleJ/RltdOrgOfficerTrstKeyEmplGrp[7],SRC-990-EXT-ANIMAL-LEGAL-DEFENSE-FUND,7,7,davidkorsak,davidkorsak,false,benchmark/sources/native/form990/202631249349301878_public.xml
SRC-990-EXT-ANIMAL-LEGAL-DEFENSE-FUND,Animal Legal Defense Fund,SRC-990-EXT-ANIMAL-LEGAL-DEFENSE-FUND::thomaslinney,THOMAS LINNEY,PRO BONO DIRECTOR,non_ceo_position,functional,no_transition_indicated,no,yes,40.00,0.00,40,128108,159815,yes,127608,127608,0,40.0,127608.0,yes,standardizable_combined_40h_equivalent,part_vii_and_schedule_j_verified,Return/ReturnData/IRS990/Form990PartVIISectionAGrp[24],Return/ReturnData/IRS990ScheduleJ/RltdOrgOfficerTrstKeyEmplGrp[10],SRC-990-EXT-ANIMAL-LEGAL-DEFENSE-FUND,8,8,davidkorsak,davidkorsak,false,benchmark/sources/native/form990/202631249349301878_public.xml
SRC-990-EXT-ANIMAL-WELFARE-INSTITUTE,Animal Welfare Institute,SRC-990-EXT-ANIMAL-WELFARE-INSTITUTE::annmarieblaney,ANNMARIE BLANEY,DIRECTOR OF GOVERNMENT AFFAIRS,non_ceo_position,functional,no_transition_indicated,no,yes,40.00,,40,123099,129192,no,,,,,,no,not_fte_candidate,part_vii_verified_no_schedule_j,Return/ReturnData/IRS990/Form990PartVIISectionAGrp[11],,SRC-990-EXT-ANIMAL-WELFARE-INSTITUTE,,,robinjacobsohn,robinjacobsohn,false,benchmark/sources/native/form990/202543189349305814_public.xml
SRC-990-EXT-ANIMAL-WELFARE-INSTITUTE,Animal Welfare Institute,SRC-990-EXT-ANIMAL-WELFARE-INSTITUTE::cathyliss,CATHY LISS,CHAIR,governance,governance,no_transition_indicated,no,no,5.00,,5,65210,65210,no,,,,,,no,not_fte_candidate,part_vii_verified_no_schedule_j,Return/ReturnData/IRS990/Form990PartVIISectionAGrp[3],,SRC-990-EXT-ANIMAL-WELFARE-INSTITUTE,,,robinjacobsohn,robinjacobsohn,false,benchmark/sources/native/form990/202543189349305814_public.xml
SRC-990-EXT-ANIMAL-WELFARE-INSTITUTE,Animal Welfare Institute,SRC-990-EXT-ANIMAL-WELFARE-INSTITUTE::davidtilford,DAVID TILFORD,SENIOR WRITER/EDITOR,non_ceo_position,functional,no_transition_indicated,no,yes,40.00,,40,115237,140505,no,,,,,,no,not_fte_candidate,part_vii_verified_no_schedule_j,Return/ReturnData/IRS990/Form990PartVIISectionAGrp[12],,SRC-990-EXT-ANIMAL-WELFARE-INSTITUTE,,,robinjacobsohn,robinjacobsohn,false,benchmark/sources/native/form990/202543189349305814_public.xml
SRC-990-EXT-ANIMAL-WELFARE-INSTITUTE,Animal Welfare Institute,SRC-990-EXT-ANIMAL-WELFARE-INSTITUTE::georgiahancock,GEORGIA HANCOCK,MARINE WILDLIFE DIRECTOR,non_ceo_position,functional,no_transition_indicated,no,yes,40.00,,40,118099,124004,no,,,,,,no,not_fte_candidate,part_vii_verified_no_schedule_j,Return/ReturnData/IRS990/Form990PartVIISectionAGrp[14],,SRC-990-EXT-ANIMAL-WELFARE-INSTITUTE,,,robinjacobsohn,robinjacobsohn,false,benchmark/sources/native/form990/202543189349305814_public.xml
SRC-990-EXT-ANIMAL-WELFARE-INSTITUTE,Animal Welfare Institute,SRC-990-EXT-ANIMAL-WELFARE-INSTITUTE::johannahamburger,JOHANNA HAMBURGER,DIR OF TERRESTRIAL WILDLIFE,non_ceo_position,functional,no_transition_indicated,no,yes,40.00,,40,118099,132796,no,,,,,,no,not_fte_candidate,part_vii_verified_no_schedule_j,Return/ReturnData/IRS990/Form990PartVIISectionAGrp[13],,SRC-990-EXT-ANIMAL-WELFARE-INSTITUTE,,,robinjacobsohn,robinjacobsohn,false,benchmark/sources/native/form990/202543189349305814_public.xml
SRC-990-EXT-ANIMAL-WELFARE-INSTITUTE,Animal Welfare Institute,SRC-990-EXT-ANIMAL-WELFARE-INSTITUTE::naomirose,NAOMI ROSE,SENIOR SCIENTIST,non_ceo_position,functional,no_transition_indicated,no,yes,40.00,,40,111743,141307,no,,,,,,no,not_fte_candidate,part_vii_verified_no_schedule_j,Return/ReturnData/IRS990/Form990PartVIISectionAGrp[15],,SRC-990-EXT-ANIMAL-WELFARE-INSTITUTE,,,robinjacobsohn,robinjacobsohn,false,benchmark/sources/native/form990/202543189349305814_public.xml
SRC-990-EXT-ANIMAL-WELFARE-INSTITUTE,Animal Welfare Institute,SRC-990-EXT-ANIMAL-WELFARE-INSTITUTE::paulmarchione,PAUL MARCHIONE,CHIEF OPERATIONS OFFICER,non_ceo_position,functional,no_transition_indicated,no,yes,40.00,,40,154493,178923,yes,154493,154493,0,40.0,154493.0,yes,standardizable_combined_40h_equivalent,part_vii_and_schedule_j_verified,Return/ReturnData/IRS990/Form990PartVIISectionAGrp[8],Return/ReturnData/IRS990ScheduleJ/RltdOrgOfficerTrstKeyEmplGrp[3],SRC-990-EXT-ANIMAL-WELFARE-INSTITUTE,2,2,robinjacobsohn,robinjacobsohn,false,benchmark/sources/native/form990/202543189349305814_public.xml
SRC-990-EXT-ANIMAL-WELFARE-INSTITUTE,Animal Welfare Institute,SRC-990-EXT-ANIMAL-WELFARE-INSTITUTE::robinjacobsohn,ROBIN JACOBSOHN,GENERAL COUNSEL,non_ceo_position,functional,no_transition_indicated,no,yes,40.00,,40,170861,197441,yes,170861,170861,0,40.0,170861.0,yes,standardizable_combined_40h_equivalent,part_vii_and_schedule_j_verified,Return/ReturnData/IRS990/Form990PartVIISectionAGrp[9],Return/ReturnData/IRS990ScheduleJ/RltdOrgOfficerTrstKeyEmplGrp[1],SRC-990-EXT-ANIMAL-WELFARE-INSTITUTE,1,1,robinjacobsohn,robinjacobsohn,false,benchmark/sources/native/form990/202543189349305814_public.xml
SRC-990-EXT-BIPARTISAN-POLICY-CENTER,Bipartisan Policy Center,SRC-990-EXT-BIPARTISAN-POLICY-CENTER::anandparekh,ANAND PAREKH,CHIEF MEDICAL ADVISOR,unmapped_position,uncertain,no_transition_indicated,no,yes,40.00,,40,253489,306099,yes,253489,253489,0,,,no,not_fte_candidate,part_vii_and_schedule_j_verified,Return/ReturnData/IRS990/Form990PartVIISectionAGrp[32],Return/ReturnData/IRS990ScheduleJ/RltdOrgOfficerTrstKeyEmplGrp[10],SRC-990-EXT-BIPARTISAN-POLICY-CENTER,,,liselloyevpcoo,liselloyevpcoo,false,benchmark/sources/native/form990/202513109349302561_public.xml
SRC-990-EXT-BIPARTISAN-POLICY-CENTER,Bipartisan Policy Center,SRC-990-EXT-BIPARTISAN-POLICY-CENTER::denniscshea,DENNIS C SHEA,"EXECUTIVE DIRECTOR, HOUSING",generic_ceo_like,program_or_affiliate,no_transition_indicated,no,yes,40.00,,40,332465,392061,yes,324965,324965,0,,,no,not_fte_candidate,part_vii_and_schedule_j_verified,Return/ReturnData/IRS990/Form990PartVIISectionAGrp[33],Return/ReturnData/IRS990ScheduleJ/RltdOrgOfficerTrstKeyEmplGrp[6],SRC-990-EXT-BIPARTISAN-POLICY-CENTER,,,liselloyevpcoo,liselloyevpcoo,false,benchmark/sources/native/form990/202513109349302561_public.xml
SRC-990-EXT-BIPARTISAN-POLICY-CENTER,Bipartisan Policy Center,SRC-990-EXT-BIPARTISAN-POLICY-CENTER::elenamuehlenbeckcfo,ELENA MUEHLENBECK CFO,CFO,non_ceo_position,functional,no_transition_indicated,no,yes,38.00,2.00,40,339047,394540,yes,339047,322095,16952,40.0,339047.0,yes,standardizable_combined_40h_equivalent,part_vii_and_schedule_j_verified,Return/ReturnData/IRS990/Form990PartVIISectionAGrp[25],Return/ReturnData/IRS990ScheduleJ/RltdOrgOfficerTrstKeyEmplGrp[5],SRC-990-EXT-BIPARTISAN-POLICY-CENTER,2,2,liselloyevpcoo,liselloyevpcoo,false,benchmark/sources/native/form990/202513109349302561_public.xml
SRC-990-EXT-BIPARTISAN-POLICY-CENTER,Bipartisan Policy Center,SRC-990-EXT-BIPARTISAN-POLICY-CENTER::julieanderson,JULIE ANDERSON,FORMER SENIOR VP,non_ceo_position,functional,partial_or_uncertain,yes,no,0.00,,0,210000,210000,yes,210000,210000,0,,,no,not_fte_candidate,part_vii_and_schedule_j_verified,Return/ReturnData/IRS990/Form990PartVIISectionAGrp[37],Return/ReturnData/IRS990ScheduleJ/RltdOrgOfficerTrstKeyEmplGrp[14],SRC-990-EXT-BIPARTISAN-POLICY-CENTER,,,liselloyevpcoo,liselloyevpcoo,false,benchmark/sources/native/form990/202513109349302561_public.xml
SRC-990-EXT-BIPARTISAN-POLICY-CENTER,Bipartisan Policy Center,SRC-990-EXT-BIPARTISAN-POLICY-CENTER::laurahall,LAURA HALL,"EXECUTIVE DIRECTOR, BPCA",generic_ceo_like,program_or_affiliate,no_transition_indicated,no,yes,6.00,34.00,40,258431,310734,yes,250931,37640,213291,,,no,not_fte_candidate,part_vii_and_schedule_j_verified,Return/ReturnData/IRS990/Form990PartVIISectionAGrp[34],Return/ReturnData/IRS990ScheduleJ/RltdOrgOfficerTrstKeyEmplGrp[8],SRC-990-EXT-BIPARTISAN-POLICY-CENTER,,,liselloyevpcoo,liselloyevpcoo,false,benchmark/sources/native/form990/202513109349302561_public.xml
SRC-990-EXT-BIPARTISAN-POLICY-CENTER,Bipartisan Policy Center,SRC-990-EXT-BIPARTISAN-POLICY-CENTER::liselloyevpcoo,LISEL LOY EVP COO,EVP COO,non_ceo_position,functional,no_transition_indicated,no,yes,36.00,4.00,40,428855,474547,yes,418855,376969,41886,40.0,418855.0,yes,standardizable_combined_40h_equivalent,part_vii_and_schedule_j_verified,Return/ReturnData/IRS990/Form990PartVIISectionAGrp[26],Return/ReturnData/IRS990ScheduleJ/RltdOrgOfficerTrstKeyEmplGrp[2],SRC-990-EXT-BIPARTISAN-POLICY-CENTER,1,1,liselloyevpcoo,liselloyevpcoo,false,benchmark/sources/native/form990/202513109349302561_public.xml
SRC-990-EXT-BIPARTISAN-POLICY-CENTER,Bipartisan Policy Center,SRC-990-EXT-BIPARTISAN-POLICY-CENTER::marilynserafini,MARILYN SERAFINI,"EXECUTIVE DIRECTOR, HEALTH",generic_ceo_like,program_or_affiliate,no_transition_indicated,no,yes,40.00,,40,262254,288304,yes,262254,262254,0,,,no,not_fte_candidate,part_vii_and_schedule_j_verified,Return/ReturnData/IRS990/Form990PartVIISectionAGrp[27],Return/ReturnData/IRS990ScheduleJ/RltdOrgOfficerTrstKeyEmplGrp[13],SRC-990-EXT-BIPARTISAN-POLICY-CENTER,,,liselloyevpcoo,liselloyevpcoo,false,benchmark/sources/native/form990/202513109349302561_public.xml
SRC-990-EXT-BIPARTISAN-POLICY-CENTER,Bipartisan Policy Center,SRC-990-EXT-BIPARTISAN-POLICY-CENTER::matthewweil,MATTHEW WEIL,"EXECUTIVE DIRECTOR, DEMOCRACY",generic_ceo_like,program_or_affiliate,no_transition_indicated,no,yes,40.00,,40,255380,309181,yes,255380,255380,0,,,no,not_fte_candidate,part_vii_and_schedule_j_verified,Return/ReturnData/IRS990/Form990PartVIISectionAGrp[28],Return/ReturnData/IRS990ScheduleJ/RltdOrgOfficerTrstKeyEmplGrp[9],SRC-990-EXT-BIPARTISAN-POLICY-CENTER,,,liselloyevpcoo,liselloyevpcoo,false,benchmark/sources/native/form990/202513109349302561_public.xml
SRC-990-EXT-BIPARTISAN-POLICY-CENTER,Bipartisan Policy Center,SRC-990-EXT-BIPARTISAN-POLICY-CENTER::michelestockwell,MICHELE STOCKWELL,"PRESIDENT, BPCA",non_ceo_position,program_or_affiliate,no_transition_indicated,no,yes,2.00,38.00,40,405744,471827,yes,395744,19787,375957,,,no,not_fte_candidate,part_vii_and_schedule_j_verified,Return/ReturnData/IRS990/Form990PartVIISectionAGrp[35],Return/ReturnData/IRS990ScheduleJ/RltdOrgOfficerTrstKeyEmplGrp[3],SRC-990-EXT-BIPARTISAN-POLICY-CENTER,,,liselloyevpcoo,liselloyevpcoo,false,benchmark/sources/native/form990/202513109349302561_public.xml
SRC-990-EXT-BIPARTISAN-POLICY-CENTER,Bipartisan Policy Center,SRC-990-EXT-BIPARTISAN-POLICY-CENTER::mikaelsmackler,MIKAEL S MACKLER,"EXECUTIVE DIRECTOR, ENERGY",generic_ceo_like,program_or_affiliate,no_transition_indicated,no,yes,40.00,,40,246473,291127,yes,228096,228096,0,,,no,not_fte_candidate,part_vii_and_schedule_j_verified,Return/ReturnData/IRS990/Form990PartVIISectionAGrp[29],Return/ReturnData/IRS990ScheduleJ/RltdOrgOfficerTrstKeyEmplGrp[12],SRC-990-EXT-BIPARTISAN-POLICY-CENTER,,,liselloyevpcoo,liselloyevpcoo,false,benchmark/sources/native/form990/202513109349302561_public.xml
SRC-990-EXT-BIPARTISAN-POLICY-CENTER,Bipartisan Policy Center,SRC-990-EXT-BIPARTISAN-POLICY-CENTER::shaiakabus,SHAI AKABUS,"EXECUTIVE DIRECTOR, EPP",generic_ceo_like,uncertain,no_transition_indicated,no,yes,40.00,,40,249238,302523,yes,249238,249238,0,,,no,not_fte_candidate,part_vii_and_schedule_j_verified,Return/ReturnData/IRS990/Form990PartVIISectionAGrp[30],Return/ReturnData/IRS990ScheduleJ/RltdOrgOfficerTrstKeyEmplGrp[11],SRC-990-EXT-BIPARTISAN-POLICY-CENTER,,,liselloyevpcoo,liselloyevpcoo,false,benchmark/sources/native/form990/202513109349302561_public.xml
SRC-990-EXT-BIPARTISAN-POLICY-CENTER,Bipartisan Policy Center,SRC-990-EXT-BIPARTISAN-POLICY-CENTER::stevenlscully,STEVEN L SCULLY,SVP OF COMMUNICATIONS,non_ceo_position,functional,no_transition_indicated,no,yes,40.00,,40,363303,408222,yes,171841,171841,0,40.0,171841.0,yes,standardizable_combined_40h_equivalent,part_vii_and_schedule_j_verified,Return/ReturnData/IRS990/Form990PartVIISectionAGrp[36],Return/ReturnData/IRS990ScheduleJ/RltdOrgOfficerTrstKeyEmplGrp[4],SRC-990-EXT-BIPARTISAN-POLICY-CENTER,4,4,liselloyevpcoo,liselloyevpcoo,false,benchmark/sources/native/form990/202513109349302561_public.xml
SRC-990-EXT-BIPARTISAN-POLICY-CENTER,Bipartisan Policy Center,SRC-990-EXT-BIPARTISAN-POLICY-CENTER::williamhoagland,WILLIAM HOAGLAND,SENIOR VICE PRESIDENT,non_ceo_position,functional,no_transition_indicated,no,yes,30.00,10.00,40,338811,371083,yes,338811,254108,84703,40.0,338811.0,yes,standardizable_combined_40h_equivalent,part_vii_and_schedule_j_verified,Return/ReturnData/IRS990/Form990PartVIISectionAGrp[31],Return/ReturnData/IRS990ScheduleJ/RltdOrgOfficerTrstKeyEmplGrp[7],SRC-990-EXT-BIPARTISAN-POLICY-CENTER,3,3,liselloyevpcoo,liselloyevpcoo,false,benchmark/sources/native/form990/202513109349302561_public.xml
SRC-990-EXT-BREAKTHROUGH-INSTITUTE,Breakthrough Institute,SRC-990-EXT-BREAKTHROUGH-INSTITUTE::adamstein,Adam Stein,Dir. Nuclear Energy Innovation,non_ceo_position,functional,no_transition_indicated,no,yes,40.00,0.00,40,169950,213710,yes,169950,169950,0,40.0,169950.0,yes,standardizable_combined_40h_equivalent,part_vii_and_schedule_j_verified,Return/ReturnData/IRS990/Form990PartVIISectionAGrp[4],Return/ReturnData/IRS990ScheduleJ/RltdOrgOfficerTrstKeyEmplGrp[1],SRC-990-EXT-BREAKTHROUGH-INSTITUTE,5,5,davidhong,davidhong,false,benchmark/sources/native/form990/202631469349301333_public.xml
SRC-990-EXT-BREAKTHROUGH-INSTITUTE,Breakthrough Institute,SRC-990-EXT-BREAKTHROUGH-INSTITUTE::alextrembath,Alex Trembath,Deputy Dir.,non_ceo_position,functional,no_transition_indicated,no,yes,40.00,0.00,40,211150,229669,yes,211150,211150,0,40.0,211150.0,yes,standardizable_combined_40h_equivalent,part_vii_and_schedule_j_verified,Return/ReturnData/IRS990/Form990PartVIISectionAGrp[3],Return/ReturnData/IRS990ScheduleJ/RltdOrgOfficerTrstKeyEmplGrp[2],SRC-990-EXT-BREAKTHROUGH-INSTITUTE,2,2,davidhong,davidhong,false,benchmark/sources/native/form990/202631469349301333_public.xml
SRC-990-EXT-BREAKTHROUGH-INSTITUTE,Breakthrough Institute,SRC-990-EXT-BREAKTHROUGH-INSTITUTE::alexandersmith,Alexander Smith,Editorial Dir.,non_ceo_position,functional,no_transition_indicated,no,yes,40.00,0.00,40,133250,146940,no,,,,,,no,not_fte_candidate,part_vii_verified_no_schedule_j,Return/ReturnData/IRS990/Form990PartVIISectionAGrp[10],,SRC-990-EXT-BREAKTHROUGH-INSTITUTE,,,davidhong,davidhong,false,benchmark/sources/native/form990/202631469349301333_public.xml
SRC-990-EXT-BREAKTHROUGH-INSTITUTE,Breakthrough Institute,SRC-990-EXT-BREAKTHROUGH-INSTITUTE::annwang,Ann Wang,Dir. of Ops,non_ceo_position,functional,no_transition_indicated,no,yes,40.00,0.00,40,124424,158467,yes,124424,124424,0,40.0,124424.0,yes,standardizable_combined_40h_equivalent,part_vii_and_schedule_j_verified,Return/ReturnData/IRS990/Form990PartVIISectionAGrp[9],Return/ReturnData/IRS990ScheduleJ/RltdOrgOfficerTrstKeyEmplGrp[3],SRC-990-EXT-BREAKTHROUGH-INSTITUTE,8,8,davidhong,davidhong,false,benchmark/sources/native/form990/202631469349301333_public.xml
SRC-990-EXT-BREAKTHROUGH-INSTITUTE,Breakthrough Institute,SRC-990-EXT-BREAKTHROUGH-INSTITUTE::danielblausteinrejto,Daniel Blaustein-Rejto,Dir. Food & Agriculture,non_ceo_position,functional,no_transition_indicated,no,yes,40.00,0.00,40,171466,192702,yes,171466,171466,0,40.0,171466.0,yes,standardizable_combined_40h_equivalent,part_vii_and_schedule_j_verified,Return/ReturnData/IRS990/Form990PartVIISectionAGrp[6],Return/ReturnData/IRS990ScheduleJ/RltdOrgOfficerTrstKeyEmplGrp[4],SRC-990-EXT-BREAKTHROUGH-INSTITUTE,4,4,davidhong,davidhong,false,benchmark/sources/native/form990/202631469349301333_public.xml
SRC-990-EXT-BREAKTHROUGH-INSTITUTE,Breakthrough Institute,SRC-990-EXT-BREAKTHROUGH-INSTITUTE::davidhong,David Hong,Washington Dir.,non_ceo_position,functional,no_transition_indicated,no,yes,40.00,0.00,40,213675,237970,yes,213675,213675,0,40.0,213675.0,yes,standardizable_combined_40h_equivalent,part_vii_and_schedule_j_verified,Return/ReturnData/IRS990/Form990PartVIISectionAGrp[2],Return/ReturnData/IRS990ScheduleJ/RltdOrgOfficerTrstKeyEmplGrp[5],SRC-990-EXT-BREAKTHROUGH-INSTITUTE,1,1,davidhong,davidhong,false,benchmark/sources/native/form990/202631469349301333_public.xml
SRC-990-EXT-BREAKTHROUGH-INSTITUTE,Breakthrough Institute,SRC-990-EXT-BREAKTHROUGH-INSTITUTE::emilybass,Emily Bass,Dir. Fed Policy,non_ceo_position,functional,no_transition_indicated,no,yes,40.00,0.00,40,157646,169823,yes,157646,157646,0,40.0,157646.0,yes,standardizable_combined_40h_equivalent,part_vii_and_schedule_j_verified,Return/ReturnData/IRS990/Form990PartVIISectionAGrp[7],Return/ReturnData/IRS990ScheduleJ/RltdOrgOfficerTrstKeyEmplGrp[6],SRC-990-EXT-BREAKTHROUGH-INSTITUTE,6,6,davidhong,davidhong,false,benchmark/sources/native/form990/202631469349301333_public.xml
SRC-990-EXT-BREAKTHROUGH-INSTITUTE,Breakthrough Institute,SRC-990-EXT-BREAKTHROUGH-INSTITUTE::emmakovak,Emma Kovak,Sr. Food/Ag Analys,non_ceo_position,functional,no_transition_indicated,no,yes,40.00,0.00,40,105825,110283,no,,,,,,no,not_fte_candidate,part_vii_verified_no_schedule_j,Return/ReturnData/IRS990/Form990PartVIISectionAGrp[13],,SRC-990-EXT-BREAKTHROUGH-INSTITUTE,,,davidhong,davidhong,false,benchmark/sources/native/form990/202631469349301333_public.xml
SRC-990-EXT-BREAKTHROUGH-INSTITUTE,Breakthrough Institute,SRC-990-EXT-BREAKTHROUGH-INSTITUTE::ephstathiabonadies,Ephstathia Bonadies,Dir. Events & Special Projects,non_ceo_position,functional,no_transition_indicated,no,yes,40.00,0.00,40,154525,168179,yes,144525,144525,0,40.0,144525.0,yes,standardizable_combined_40h_equivalent,part_vii_and_schedule_j_verified,Return/ReturnData/IRS990/Form990PartVIISectionAGrp[8],Return/ReturnData/IRS990ScheduleJ/RltdOrgOfficerTrstKeyEmplGrp[7],SRC-990-EXT-BREAKTHROUGH-INSTITUTE,7,7,davidhong,davidhong,false,benchmark/sources/native/form990/202631469349301333_public.xml
SRC-990-EXT-BREAKTHROUGH-INSTITUTE,Breakthrough Institute,SRC-990-EXT-BREAKTHROUGH-INSTITUTE::peterseel,Peter Seel,Radl Health Analys,non_ceo_position,functional,no_transition_indicated,no,yes,40.00,0.00,40,103090,117539,no,,,,,,no,not_fte_candidate,part_vii_verified_no_schedule_j,Return/ReturnData/IRS990/Form990PartVIISectionAGrp[12],,SRC-990-EXT-BREAKTHROUGH-INSTITUTE,,,davidhong,davidhong,false,benchmark/sources/native/form990/202631469349301333_public.xml
SRC-990-EXT-BREAKTHROUGH-INSTITUTE,Breakthrough Institute,SRC-990-EXT-BREAKTHROUGH-INSTITUTE::seaverwang,Seaver Wang,Dir. of Climate & Energy,non_ceo_position,functional,no_transition_indicated,no,yes,40.00,0.00,40,190550,205675,yes,190550,190550,0,40.0,190550.0,yes,standardizable_combined_40h_equivalent,part_vii_and_schedule_j_verified,Return/ReturnData/IRS990/Form990PartVIISectionAGrp[5],Return/ReturnData/IRS990ScheduleJ/RltdOrgOfficerTrstKeyEmplGrp[9],SRC-990-EXT-BREAKTHROUGH-INSTITUTE,3,3,davidhong,davidhong,false,benchmark/sources/native/form990/202631469349301333_public.xml
SRC-990-EXT-BREAKTHROUGH-INSTITUTE,Breakthrough Institute,SRC-990-EXT-BREAKTHROUGH-INSTITUTE::williamtillson,William Tillson,Sr. Nuc Ener Analy,non_ceo_position,functional,no_transition_indicated,no,yes,40.00,0.00,40,104481,126388,no,,,,,,no,not_fte_candidate,part_vii_verified_no_schedule_j,Return/ReturnData/IRS990/Form990PartVIISectionAGrp[11],,SRC-990-EXT-BREAKTHROUGH-INSTITUTE,,,davidhong,davidhong,false,benchmark/sources/native/form990/202631469349301333_public.xml
SRC-990-EXT-BRENNAN-CENTER-FOR-JUSTICE,Brennan Center for Justice,SRC-990-EXT-BRENNAN-CENTER-FOR-JUSTICE::christinemellampe,CHRISTINE MELLAMPE,CHIEF HUMAN RESOURCES OFFICER,non_ceo_position,functional,no_transition_indicated,no,yes,40.00,,40,184697,198702,yes,184697,184697,0,40.0,184697.0,yes,standardizable_combined_40h_equivalent,part_vii_and_schedule_j_verified,Return/ReturnData/IRS990/Form990PartVIISectionAGrp[7],Return/ReturnData/IRS990ScheduleJ/RltdOrgOfficerTrstKeyEmplGrp[7],,,,,,,benchmark/sources/native/form990/202621289349303897_public.xml
SRC-990-EXT-BRENNAN-CENTER-FOR-JUSTICE,Brennan Center for Justice,SRC-990-EXT-BRENNAN-CENTER-FOR-JUSTICE::elisamiller,ELISA MILLER,SECRETARY / GENERAL COUNSEL,non_ceo_position,functional,no_transition_indicated,no,yes,32.00,,32,307728,318448,yes,259232,259232,0,32.0,324040.0,yes,standardizable_combined_40h_equivalent,part_vii_and_schedule_j_verified,Return/ReturnData/IRS990/Form990PartVIISectionAGrp[13],Return/ReturnData/IRS990ScheduleJ/RltdOrgOfficerTrstKeyEmplGrp[13],,,,,,,benchmark/sources/native/form990/202621289349303897_public.xml
SRC-990-EXT-BRENNAN-CENTER-FOR-JUSTICE,Brennan Center for Justice,SRC-990-EXT-BRENNAN-CENTER-FOR-JUSTICE::jaeminkim,JAEMIN KIM,"VP, DEVELOPMENT",non_ceo_position,functional,no_transition_indicated,no,yes,40.00,,40,355969,410003,yes,310919,310919,0,40.0,310919.0,yes,standardizable_combined_40h_equivalent,part_vii_and_schedule_j_verified,Return/ReturnData/IRS990/Form990PartVIISectionAGrp[9],Return/ReturnData/IRS990ScheduleJ/RltdOrgOfficerTrstKeyEmplGrp[9],,,,,,,benchmark/sources/native/form990/202621289349303897_public.xml
SRC-990-EXT-BRENNAN-CENTER-FOR-JUSTICE,Brennan Center for Justice,SRC-990-EXT-BRENNAN-CENTER-FOR-JUSTICE::jeaninechirlin,JEANINE CHIRLIN,CHIEF OF STAFF,non_ceo_position,functional,no_transition_indicated,no,yes,40.00,,40,363755,412850,yes,323461,323461,0,40.0,323461.0,yes,standardizable_combined_40h_equivalent,part_vii_and_schedule_j_verified,Return/ReturnData/IRS990/Form990PartVIISectionAGrp[8],Return/ReturnData/IRS990ScheduleJ/RltdOrgOfficerTrstKeyEmplGrp[8],,,,,,,benchmark/sources/native/form990/202621289349303897_public.xml
SRC-990-EXT-BRENNAN-CENTER-FOR-JUSTICE,Brennan Center for Justice,SRC-990-EXT-BRENNAN-CENTER-FOR-JUSTICE::johnanthonybutler,JOHN ANTHONY BUTLER,VP/COO,non_ceo_position,functional,no_transition_indicated,no,yes,40.00,,40,387921,428458,yes,345657,345657,0,40.0,345657.0,yes,standardizable_combined_40h_equivalent,part_vii_and_schedule_j_verified,Return/ReturnData/IRS990/Form990PartVIISectionAGrp[3],Return/ReturnData/IRS990ScheduleJ/RltdOrgOfficerTrstKeyEmplGrp[3],,,,,,,benchmark/sources/native/form990/202621289349303897_public.xml
SRC-990-EXT-BRENNAN-CENTER-FOR-JUSTICE,Brennan Center for Justice,SRC-990-EXT-BRENNAN-CENTER-FOR-JUSTICE::johnkowal,JOHN KOWAL,"VP, PROGRAMS",non_ceo_position,functional,no_transition_indicated,no,yes,40.00,,40,387212,423477,yes,344979,344979,0,40.0,344979.0,yes,standardizable_combined_40h_equivalent,part_vii_and_schedule_j_verified,Return/ReturnData/IRS990/Form990PartVIISectionAGrp[4],Return/ReturnData/IRS990ScheduleJ/RltdOrgOfficerTrstKeyEmplGrp[4],,,,,,,benchmark/sources/native/form990/202621289349303897_public.xml
SRC-990-EXT-BRENNAN-CENTER-FOR-JUSTICE,Brennan Center for Justice,SRC-990-EXT-BRENNAN-CENTER-FOR-JUSTICE::kareemcrayton,KAREEM CRAYTON,"VP, WASHINTON D.C.",non_ceo_position,functional,no_transition_indicated,no,yes,40.00,,40,285931,330470,yes,268598,268598,0,40.0,268598.0,yes,standardizable_combined_40h_equivalent,part_vii_and_schedule_j_verified,Return/ReturnData/IRS990/Form990PartVIISectionAGrp[11],Return/ReturnData/IRS990ScheduleJ/RltdOrgOfficerTrstKeyEmplGrp[11],,,,,,,benchmark/sources/native/form990/202621289349303897_public.xml
SRC-990-EXT-BRENNAN-CENTER-FOR-JUSTICE,Brennan Center for Justice,SRC-990-EXT-BRENNAN-CENTER-FOR-JUSTICE::larrynorden,LARRY NORDEN,"VP, ELECTIONS & COMMUNICATION",non_ceo_position,functional,no_transition_indicated,no,yes,40.00,,40,319722,353052,yes,286489,286489,0,40.0,286489.0,yes,standardizable_combined_40h_equivalent,part_vii_and_schedule_j_verified,Return/ReturnData/IRS990/Form990PartVIISectionAGrp[10],Return/ReturnData/IRS990ScheduleJ/RltdOrgOfficerTrstKeyEmplGrp[10],,,,,,,benchmark/sources/native/form990/202621289349303897_public.xml
SRC-990-EXT-BRENNAN-CENTER-FOR-JUSTICE,Brennan Center for Justice,SRC-990-EXT-BRENNAN-CENTER-FOR-JUSTICE::laurenbrookeeisen,LAUREN-BROOKE EISEN,"SR. DIR., JUSTICE PROGRAM",non_ceo_position,functional,no_transition_indicated,no,yes,40.00,,40,259776,312342,yes,235591,235591,0,40.0,235591.0,yes,standardizable_combined_40h_equivalent,part_vii_and_schedule_j_verified,Return/ReturnData/IRS990/Form990PartVIISectionAGrp[12],Return/ReturnData/IRS990ScheduleJ/RltdOrgOfficerTrstKeyEmplGrp[12],,,,,,,benchmark/sources/native/form990/202621289349303897_public.xml
SRC-990-EXT-BRENNAN-CENTER-FOR-JUSTICE,Brennan Center for Justice,SRC-990-EXT-BRENNAN-CENTER-FOR-JUSTICE::melissaestok,MELISSA ESTOK,EXECUTIVE DIRECTOR,generic_ceo_like,uncertain,no_transition_indicated,no,yes,40.00,,40,444089,468950,yes,433464,433464,0,,,no,not_fte_candidate,part_vii_and_schedule_j_verified,Return/ReturnData/IRS990/Form990PartVIISectionAGrp[2],Return/ReturnData/IRS990ScheduleJ/RltdOrgOfficerTrstKeyEmplGrp[2],,,,,,,benchmark/sources/native/form990/202621289349303897_public.xml
SRC-990-EXT-BRENNAN-CENTER-FOR-JUSTICE,Brennan Center for Justice,SRC-990-EXT-BRENNAN-CENTER-FOR-JUSTICE::rebeccaweitzman,REBECCA WEITZMAN,"VP, COMMUNICATIONS & STRAT",non_ceo_position,functional,no_transition_indicated,no,yes,40.00,,40,332233,383871,yes,297233,297233,0,40.0,297233.0,yes,standardizable_combined_40h_equivalent,part_vii_and_schedule_j_verified,Return/ReturnData/IRS990/Form990PartVIISectionAGrp[6],Return/ReturnData/IRS990ScheduleJ/RltdOrgOfficerTrstKeyEmplGrp[6],,,,,,,benchmark/sources/native/form990/202621289349303897_public.xml
SRC-990-EXT-BRENNAN-CENTER-FOR-JUSTICE,Brennan Center for Justice,SRC-990-EXT-BRENNAN-CENTER-FOR-JUSTICE::wendyweiser,WENDY WEISER,"VP, DEMOCRACY PROGRAM",non_ceo_position,functional,no_transition_indicated,no,yes,40.00,,40,374013,413524,yes,336377,336377,0,40.0,336377.0,yes,standardizable_combined_40h_equivalent,part_vii_and_schedule_j_verified,Return/ReturnData/IRS990/Form990PartVIISectionAGrp[5],Return/ReturnData/IRS990ScheduleJ/RltdOrgOfficerTrstKeyEmplGrp[5],,,,,,,benchmark/sources/native/form990/202621289349303897_public.xml
SRC-990-EXT-BULLETIN-OF-THE-ATOMIC-SCIENTISTS,Bulletin of the Atomic Scientists,SRC-990-EXT-BULLETIN-OF-THE-ATOMIC-SCIENTISTS::johnmecklin,John Mecklin,Editor in Chief,non_ceo_position,functional,no_transition_indicated,no,yes,40.00,0.00,40,163152,168047,yes,163152,163152,0,40.0,163152.0,yes,standardizable_combined_40h_equivalent,part_vii_and_schedule_j_verified,Return/ReturnData/IRS990/Form990PartVIISectionAGrp[2],Return/ReturnData/IRS990ScheduleJ/RltdOrgOfficerTrstKeyEmplGrp[2],SRC-990-EXT-BULLETIN-OF-THE-ATOMIC-SCIENTISTS,1,1,johnmecklin,johnmecklin,false,benchmark/sources/native/form990/202610149349301801_public.xml
SRC-990-EXT-BULLETIN-OF-THE-ATOMIC-SCIENTISTS,Bulletin of the Atomic Scientists,SRC-990-EXT-BULLETIN-OF-THE-ATOMIC-SCIENTISTS::johnpope,John Pope,Chief Aud. Officer,non_ceo_position,functional,no_transition_indicated,no,yes,40.00,0.00,40,122954,130332,no,,,,,,no,not_fte_candidate,part_vii_verified_no_schedule_j,Return/ReturnData/IRS990/Form990PartVIISectionAGrp[3],,SRC-990-EXT-BULLETIN-OF-THE-ATOMIC-SCIENTISTS,,,johnmecklin,johnmecklin,false,benchmark/sources/native/form990/202610149349301801_public.xml
SRC-990-EXT3-CARBON-MAPPER,Carbon Mapper,SRC-990-EXT3-CARBON-MAPPER::alexanderhdiamond,Alexander H Diamond,Dir Products/Eng,non_ceo_position,functional,no_transition_indicated,no,yes,40.00,0.00,40,214328,259153,yes,206828,206828,0,40.0,206828.0,yes,standardizable_combined_40h_equivalent,part_vii_and_schedule_j_verified,Return/ReturnData/IRS990/Form990PartVIISectionAGrp[4],Return/ReturnData/IRS990ScheduleJ/RltdOrgOfficerTrstKeyEmplGrp[1],SRC-990-EXT3-CARBON-MAPPER,4,4,judylainorling,judylainorling,false,benchmark/sources/native/form990/202630139349300833_public.xml
SRC-990-EXT3-CARBON-MAPPER,Carbon Mapper,SRC-990-EXT3-CARBON-MAPPER::danielcusworth,Daniel Cusworth,Science Director,non_ceo_position,functional,no_transition_indicated,no,yes,40.00,0.00,40,201239,231719,yes,193739,193739,0,40.0,193739.0,yes,standardizable_combined_40h_equivalent,part_vii_and_schedule_j_verified,Return/ReturnData/IRS990/Form990PartVIISectionAGrp[7],Return/ReturnData/IRS990ScheduleJ/RltdOrgOfficerTrstKeyEmplGrp[2],SRC-990-EXT3-CARBON-MAPPER,6,6,judylainorling,judylainorling,false,benchmark/sources/native/form990/202630139349300833_public.xml
SRC-990-EXT3-CARBON-MAPPER,Carbon Mapper,SRC-990-EXT3-CARBON-MAPPER::jadedhatchayangkul,Jade Dhatchayangkul,CFO,non_ceo_position,functional,no_transition_indicated,no,yes,40.00,0.00,40,217086,260658,yes,207086,207086,0,40.0,207086.0,yes,standardizable_combined_40h_equivalent,part_vii_and_schedule_j_verified,Return/ReturnData/IRS990/Form990PartVIISectionAGrp[3],Return/ReturnData/IRS990ScheduleJ/RltdOrgOfficerTrstKeyEmplGrp[3],SRC-990-EXT3-CARBON-MAPPER,3,3,judylainorling,judylainorling,false,benchmark/sources/native/form990/202630139349300833_public.xml
SRC-990-EXT3-CARBON-MAPPER,Carbon Mapper,SRC-990-EXT3-CARBON-MAPPER::judylainorling,Judy Lai-Norling,COO,non_ceo_position,functional,no_transition_indicated,no,yes,40.00,0.00,40,255468,295234,yes,247968,247968,0,40.0,247968.0,yes,standardizable_combined_40h_equivalent,part_vii_and_schedule_j_verified,Return/ReturnData/IRS990/Form990PartVIISectionAGrp[2],Return/ReturnData/IRS990ScheduleJ/RltdOrgOfficerTrstKeyEmplGrp[4],SRC-990-EXT3-CARBON-MAPPER,1,1,judylainorling,judylainorling,false,benchmark/sources/native/form990/202630139349300833_public.xml
SRC-990-EXT3-CARBON-MAPPER,Carbon Mapper,SRC-990-EXT3-CARBON-MAPPER::mackenziehuffman,Mackenzie Huffman,Strategy Director,non_ceo_position,functional,no_transition_indicated,no,yes,40.00,0.00,40,214955,238107,yes,207455,207455,0,40.0,207455.0,yes,standardizable_combined_40h_equivalent,part_vii_and_schedule_j_verified,Return/ReturnData/IRS990/Form990PartVIISectionAGrp[6],Return/ReturnData/IRS990ScheduleJ/RltdOrgOfficerTrstKeyEmplGrp[5],SRC-990-EXT3-CARBON-MAPPER,2,2,judylainorling,judylainorling,false,benchmark/sources/native/form990/202630139349300833_public.xml
SRC-990-EXT3-CARBON-MAPPER,Carbon Mapper,SRC-990-EXT3-CARBON-MAPPER::paveldorovskoy,Pavel Dorovskoy,Data Platform Lead,non_ceo_position,functional,no_transition_indicated,no,yes,40.00,0.00,40,202390,238796,yes,193890,193890,0,40.0,193890.0,yes,standardizable_combined_40h_equivalent,part_vii_and_schedule_j_verified,Return/ReturnData/IRS990/Form990PartVIISectionAGrp[5],Return/ReturnData/IRS990ScheduleJ/RltdOrgOfficerTrstKeyEmplGrp[6],SRC-990-EXT3-CARBON-MAPPER,5,5,judylainorling,judylainorling,false,benchmark/sources/native/form990/202630139349300833_public.xml
SRC-990-EXT3-CARBON-MAPPER,Carbon Mapper,SRC-990-EXT3-CARBON-MAPPER::zacharyfranz,Zachary Franz,Sr Front End Eng,non_ceo_position,functional,no_transition_indicated,no,yes,40.00,0.00,40,182174,202597,yes,172674,172674,0,40.0,172674.0,yes,standardizable_combined_40h_equivalent,part_vii_and_schedule_j_verified,Return/ReturnData/IRS990/Form990PartVIISectionAGrp[8],Return/ReturnData/IRS990ScheduleJ/RltdOrgOfficerTrstKeyEmplGrp[8],SRC-990-EXT3-CARBON-MAPPER,7,7,judylainorling,judylainorling,false,benchmark/sources/native/form990/202630139349300833_public.xml
SRC-990-EXT-CENTER-FOR-AI-SAFETY,Center for AI Safety,SRC-990-EXT-CENTER-FOR-AI-SAFETY::alicegatti,Alice Gatti,Research Engineer,non_ceo_position,functional,no_transition_indicated,no,yes,40.00,0.00,40,131032,143723,no,,,,,,no,not_fte_candidate,part_vii_verified_no_schedule_j,Return/ReturnData/IRS990/Form990PartVIISectionAGrp[8],,SRC-990-EXT-CENTER-FOR-AI-SAFETY,,,nicholasbeckstead,nicholasbeckstead,false,benchmark/sources/native/form990/202503219349323615_public.xml
SRC-990-EXT-CENTER-FOR-AI-SAFETY,Center for AI Safety,SRC-990-EXT-CENTER-FOR-AI-SAFETY::britreece,Bri Treece,COO,non_ceo_position,functional,no_transition_indicated,no,yes,40.00,0.00,40,169980,182075,yes,169980,169980,0,40.0,169980.0,yes,standardizable_combined_40h_equivalent,part_vii_and_schedule_j_verified,Return/ReturnData/IRS990/Form990PartVIISectionAGrp[4],Return/ReturnData/IRS990ScheduleJ/RltdOrgOfficerTrstKeyEmplGrp[1],SRC-990-EXT-CENTER-FOR-AI-SAFETY,3,3,nicholasbeckstead,nicholasbeckstead,false,benchmark/sources/native/form990/202503219349323615_public.xml
SRC-990-EXT-CENTER-FOR-AI-SAFETY,Center for AI Safety,SRC-990-EXT-CENTER-FOR-AI-SAFETY::longphan,Long Phan,Research Engineer,non_ceo_position,functional,no_transition_indicated,no,yes,40.00,0.00,40,143070,152654,yes,143070,143070,0,40.0,143070.0,yes,standardizable_combined_40h_equivalent,part_vii_and_schedule_j_verified,Return/ReturnData/IRS990/Form990PartVIISectionAGrp[7],Return/ReturnData/IRS990ScheduleJ/RltdOrgOfficerTrstKeyEmplGrp[3],SRC-990-EXT-CENTER-FOR-AI-SAFETY,6,6,nicholasbeckstead,nicholasbeckstead,false,benchmark/sources/native/form990/202503219349323615_public.xml
SRC-990-EXT-CENTER-FOR-AI-SAFETY,Center for AI Safety,SRC-990-EXT-CENTER-FOR-AI-SAFETY::nicholasbeckstead,Nicholas Beckstead,Policy Lead,non_ceo_position,functional,no_transition_indicated,no,yes,40.00,0.00,40,198071,212529,yes,198071,198071,0,40.0,198071.0,yes,standardizable_combined_40h_equivalent,part_vii_and_schedule_j_verified,Return/ReturnData/IRS990/Form990PartVIISectionAGrp[2],Return/ReturnData/IRS990ScheduleJ/RltdOrgOfficerTrstKeyEmplGrp[4],SRC-990-EXT-CENTER-FOR-AI-SAFETY,1,1,nicholasbeckstead,nicholasbeckstead,false,benchmark/sources/native/form990/202503219349323615_public.xml
SRC-990-EXT-CENTER-FOR-AI-SAFETY,Center for AI Safety,SRC-990-EXT-CENTER-FOR-AI-SAFETY::oliverzhangmanagingdirector,Oliver Zhang Managing Director,Managing Director,non_ceo_position,functional,no_transition_indicated,no,yes,40.00,0.00,40,155573,167824,yes,155573,155573,0,40.0,155573.0,yes,standardizable_combined_40h_equivalent,part_vii_and_schedule_j_verified,Return/ReturnData/IRS990/Form990PartVIISectionAGrp[5],Return/ReturnData/IRS990ScheduleJ/RltdOrgOfficerTrstKeyEmplGrp[5],SRC-990-EXT-CENTER-FOR-AI-SAFETY,4,4,nicholasbeckstead,nicholasbeckstead,false,benchmark/sources/native/form990/202503219349323615_public.xml
SRC-990-EXT-CENTER-FOR-AI-SAFETY,Center for AI Safety,SRC-990-EXT-CENTER-FOR-AI-SAFETY::stevenbasart,Steven Basart,Research engineer,non_ceo_position,functional,no_transition_indicated,no,yes,40.00,0.00,40,171272,192121,yes,171272,171272,0,40.0,171272.0,yes,standardizable_combined_40h_equivalent,part_vii_and_schedule_j_verified,Return/ReturnData/IRS990/Form990PartVIISectionAGrp[3],Return/ReturnData/IRS990ScheduleJ/RltdOrgOfficerTrstKeyEmplGrp[6],SRC-990-EXT-CENTER-FOR-AI-SAFETY,2,2,nicholasbeckstead,nicholasbeckstead,false,benchmark/sources/native/form990/202503219349323615_public.xml
SRC-990-EXT-CENTER-FOR-AI-SAFETY,Center for AI Safety,SRC-990-EXT-CENTER-FOR-AI-SAFETY::williamhodgkins,William Hodgkins,Project Manager,non_ceo_position,functional,no_transition_indicated,no,yes,40.00,0.00,40,150379,163513,yes,150379,150379,0,40.0,150379.0,yes,standardizable_combined_40h_equivalent,part_vii_and_schedule_j_verified,Return/ReturnData/IRS990/Form990PartVIISectionAGrp[6],Return/ReturnData/IRS990ScheduleJ/RltdOrgOfficerTrstKeyEmplGrp[7],SRC-990-EXT-CENTER-FOR-AI-SAFETY,5,5,nicholasbeckstead,nicholasbeckstead,false,benchmark/sources/native/form990/202503219349323615_public.xml
SRC-990-EXT-CENTER-FOR-AI-AND-DIGITAL-POLICY,Center for AI and Digital Policy,SRC-990-EXT-CENTER-FOR-AI-AND-DIGITAL-POLICY::marcrotenberg,MARC ROTENBERG,EXECUTIVE DIRECTOR,generic_ceo_like,uncertain,no_transition_indicated,no,yes,40.00,,40,90000,90000,no,,,,,,no,not_fte_candidate,part_vii_verified_no_schedule_j,Return/ReturnData/IRS990/Form990PartVIISectionAGrp[1],,,,,,,,benchmark/sources/native/form990/202631359349302858_public.xml
SRC-990-EXT3-CENTER-FOR-ARMS-CONTROL-AND-NON-PROLIFERATION,Center for Arms Control and Non-Proliferation,SRC-990-EXT3-CENTER-FOR-ARMS-CONTROL-AND-NON-PROLIFERATION::cainfarmer,Cain Farmer,Controller,non_ceo_position,functional,no_transition_indicated,no,yes,40.00,0.00,40,97562,114232,no,,,,,,no,not_fte_candidate,part_vii_verified_no_schedule_j,Return/ReturnData/IRS990/Form990PartVIISectionAGrp[3],,,,,,,,benchmark/sources/native/form990/202523179349304722_public.xml
SRC-990-EXT3-CENTER-FOR-ARMS-CONTROL-AND-NON-PROLIFERATION,Center for Arms Control and Non-Proliferation,SRC-990-EXT3-CENTER-FOR-ARMS-CONTROL-AND-NON-PROLIFERATION::johnerath,John Erath,Senior Policy Director,non_ceo_position,functional,no_transition_indicated,no,yes,40.00,0.00,40,121046,127955,no,,,,,,no,not_fte_candidate,part_vii_verified_no_schedule_j,Return/ReturnData/IRS990/Form990PartVIISectionAGrp[2],,,,,,,,benchmark/sources/native/form990/202523179349304722_public.xml
SRC-990-EXT-CENTER-FOR-CLIMATE-AND-ENERGY-SOLUTIONS,Center for Climate and Energy Solutions,SRC-990-EXT-CENTER-FOR-CLIMATE-AND-ENERGY-SOLUTIONS::amymerrillsteen,AMY MERRILL STEEN,SR DIRECTOR AND HEAD OF GLOBAL CARBON MARKETS,non_ceo_position,functional,no_transition_indicated,no,yes,37.50,,37.5,188413,224668,yes,129461,129461,0,37.5,138091.73,yes,standardizable_combined_40h_equivalent,part_vii_and_schedule_j_verified,Return/ReturnData/IRS990/Form990PartVIISectionAGrp[7],Return/ReturnData/IRS990ScheduleJ/RltdOrgOfficerTrstKeyEmplGrp[7],SRC-990-EXT-CENTER-FOR-CLIMATE-AND-ENERGY-SOLUTIONS,10,10,kavehguilanpour,kavehguilanpour,false,benchmark/sources/native/form990/202631619349300808_public.xml
SRC-990-EXT-CENTER-FOR-CLIMATE-AND-ENERGY-SOLUTIONS,Center for Climate and Energy Solutions,SRC-990-EXT-CENTER-FOR-CLIMATE-AND-ENERGY-SOLUTIONS::bradleytownsend,BRADLEY TOWNSEND,VP FOR POLICY AND OUTREACH,non_ceo_position,functional,no_transition_indicated,no,yes,37.50,,37.5,217404,235343,yes,217414,217414,0,37.5,231908.27,yes,standardizable_combined_40h_equivalent,part_vii_and_schedule_j_verified,Return/ReturnData/IRS990/Form990PartVIISectionAGrp[4],Return/ReturnData/IRS990ScheduleJ/RltdOrgOfficerTrstKeyEmplGrp[4],SRC-990-EXT-CENTER-FOR-CLIMATE-AND-ENERGY-SOLUTIONS,3,3,kavehguilanpour,kavehguilanpour,false,benchmark/sources/native/form990/202631619349300808_public.xml
SRC-990-EXT-CENTER-FOR-CLIMATE-AND-ENERGY-SOLUTIONS,Center for Climate and Energy Solutions,SRC-990-EXT-CENTER-FOR-CLIMATE-AND-ENERGY-SOLUTIONS::briankelly,BRIAN KELLY,CFO,non_ceo_position,functional,no_transition_indicated,no,yes,37.50,,37.5,215427,226664,yes,212500,212500,0,37.5,226666.67,yes,standardizable_combined_40h_equivalent,part_vii_and_schedule_j_verified,Return/ReturnData/IRS990/Form990PartVIISectionAGrp[6],Return/ReturnData/IRS990ScheduleJ/RltdOrgOfficerTrstKeyEmplGrp[6],SRC-990-EXT-CENTER-FOR-CLIMATE-AND-ENERGY-SOLUTIONS,4,4,kavehguilanpour,kavehguilanpour,false,benchmark/sources/native/form990/202631619349300808_public.xml
SRC-990-EXT-CENTER-FOR-CLIMATE-AND-ENERGY-SOLUTIONS,Center for Climate and Energy Solutions,SRC-990-EXT-CENTER-FOR-CLIMATE-AND-ENERGY-SOLUTIONS::douglasvine,DOUGLAS VINE,DIRECTOR OF ENERGY ANALYSIS,non_ceo_position,functional,no_transition_indicated,no,yes,37.50,,37.5,150951,161611,yes,150951,150951,0,37.5,161014.4,yes,standardizable_combined_40h_equivalent,part_vii_and_schedule_j_verified,Return/ReturnData/IRS990/Form990PartVIISectionAGrp[10],Return/ReturnData/IRS990ScheduleJ/RltdOrgOfficerTrstKeyEmplGrp[10],SRC-990-EXT-CENTER-FOR-CLIMATE-AND-ENERGY-SOLUTIONS,8,8,kavehguilanpour,kavehguilanpour,false,benchmark/sources/native/form990/202631619349300808_public.xml
SRC-990-EXT-CENTER-FOR-CLIMATE-AND-ENERGY-SOLUTIONS,Center for Climate and Energy Solutions,SRC-990-EXT-CENTER-FOR-CLIMATE-AND-ENERGY-SOLUTIONS::elizabethnorth,ELIZABETH NORTH,VP FOR STRATEGY AND DEVELOPMENT,non_ceo_position,functional,no_transition_indicated,no,yes,37.50,,37.5,271169,292100,yes,271169,271169,0,37.5,289246.93,yes,standardizable_combined_40h_equivalent,part_vii_and_schedule_j_verified,Return/ReturnData/IRS990/Form990PartVIISectionAGrp[3],Return/ReturnData/IRS990ScheduleJ/RltdOrgOfficerTrstKeyEmplGrp[3],SRC-990-EXT-CENTER-FOR-CLIMATE-AND-ENERGY-SOLUTIONS,2,2,kavehguilanpour,kavehguilanpour,false,benchmark/sources/native/form990/202631619349300808_public.xml
SRC-990-EXT-CENTER-FOR-CLIMATE-AND-ENERGY-SOLUTIONS,Center for Climate and Energy Solutions,SRC-990-EXT-CENTER-FOR-CLIMATE-AND-ENERGY-SOLUTIONS::johnagerlach,JOHN A GERLACH,VP OF COMMUNICATIONS,non_ceo_position,functional,no_transition_indicated,no,yes,37.50,,37.5,186022,199496,yes,186022,186022,0,37.5,198423.47,yes,standardizable_combined_40h_equivalent,part_vii_and_schedule_j_verified,Return/ReturnData/IRS990/Form990PartVIISectionAGrp[8],Return/ReturnData/IRS990ScheduleJ/RltdOrgOfficerTrstKeyEmplGrp[8],SRC-990-EXT-CENTER-FOR-CLIMATE-AND-ENERGY-SOLUTIONS,6,6,kavehguilanpour,kavehguilanpour,false,benchmark/sources/native/form990/202631619349300808_public.xml
SRC-990-EXT-CENTER-FOR-CLIMATE-AND-ENERGY-SOLUTIONS,Center for Climate and Energy Solutions,SRC-990-EXT-CENTER-FOR-CLIMATE-AND-ENERGY-SOLUTIONS::kavehguilanpour,KAVEH GUILANPOUR,VP FOR INTERNATIONAL STRATEGIES,non_ceo_position,functional,no_transition_indicated,no,yes,37.50,,37.5,283567,300330,yes,279000,279000,0,37.5,297600.0,yes,standardizable_combined_40h_equivalent,part_vii_and_schedule_j_verified,Return/ReturnData/IRS990/Form990PartVIISectionAGrp[2],Return/ReturnData/IRS990ScheduleJ/RltdOrgOfficerTrstKeyEmplGrp[2],SRC-990-EXT-CENTER-FOR-CLIMATE-AND-ENERGY-SOLUTIONS,1,1,kavehguilanpour,kavehguilanpour,false,benchmark/sources/native/form990/202631619349300808_public.xml
SRC-990-EXT-CENTER-FOR-CLIMATE-AND-ENERGY-SOLUTIONS,Center for Climate and Energy Solutions,SRC-990-EXT-CENTER-FOR-CLIMATE-AND-ENERGY-SOLUTIONS::nicholasfranco,NICHOLAS FRANCO,DIRECTOR OF CORPORATE NET ZERO TRANSITION,non_ceo_position,functional,no_transition_indicated,no,yes,37.50,,37.5,135528,143819,no,,,,,,no,not_fte_candidate,part_vii_verified_no_schedule_j,Return/ReturnData/IRS990/Form990PartVIISectionAGrp[12],,SRC-990-EXT-CENTER-FOR-CLIMATE-AND-ENERGY-SOLUTIONS,,,kavehguilanpour,kavehguilanpour,false,benchmark/sources/native/form990/202631619349300808_public.xml
SRC-990-EXT-CENTER-FOR-CLIMATE-AND-ENERGY-SOLUTIONS,Center for Climate and Energy Solutions,SRC-990-EXT-CENTER-FOR-CLIMATE-AND-ENERGY-SOLUTIONS::robinjohnson,ROBIN JOHNSON,SENIOR DIRECTOR OF INSTITUTIONAL GIVING,non_ceo_position,functional,no_transition_indicated,no,yes,37.50,,37.5,155701,165575,yes,151111,151111,0,37.5,161185.07,yes,standardizable_combined_40h_equivalent,part_vii_and_schedule_j_verified,Return/ReturnData/IRS990/Form990PartVIISectionAGrp[9],Return/ReturnData/IRS990ScheduleJ/RltdOrgOfficerTrstKeyEmplGrp[9],SRC-990-EXT-CENTER-FOR-CLIMATE-AND-ENERGY-SOLUTIONS,7,7,kavehguilanpour,kavehguilanpour,false,benchmark/sources/native/form990/202631619349300808_public.xml
SRC-990-EXT-CENTER-FOR-CLIMATE-AND-ENERGY-SOLUTIONS,Center for Climate and Energy Solutions,SRC-990-EXT-CENTER-FOR-CLIMATE-AND-ENERGY-SOLUTIONS::roseluttenberger,ROSE LUTTENBERGER,DIRECTOR OF ADVOCACY,non_ceo_position,functional,no_transition_indicated,no,yes,37.50,,37.5,141857,150835,yes,141075,141075,0,37.5,150480.0,yes,standardizable_combined_40h_equivalent,part_vii_and_schedule_j_verified,Return/ReturnData/IRS990/Form990PartVIISectionAGrp[11],Return/ReturnData/IRS990ScheduleJ/RltdOrgOfficerTrstKeyEmplGrp[11],SRC-990-EXT-CENTER-FOR-CLIMATE-AND-ENERGY-SOLUTIONS,9,9,kavehguilanpour,kavehguilanpour,false,benchmark/sources/native/form990/202631619349300808_public.xml
SRC-990-EXT-CENTER-FOR-CLIMATE-AND-ENERGY-SOLUTIONS,Center for Climate and Energy Solutions,SRC-990-EXT-CENTER-FOR-CLIMATE-AND-ENERGY-SOLUTIONS::verenaradulovic,VERENA RADULOVIC,VP FOR BUSINESS ENGAGEMENT,non_ceo_position,functional,no_transition_indicated,no,yes,37.50,,37.5,215422,228369,yes,212500,212500,0,37.5,226666.67,yes,standardizable_combined_40h_equivalent,part_vii_and_schedule_j_verified,Return/ReturnData/IRS990/Form990PartVIISectionAGrp[5],Return/ReturnData/IRS990ScheduleJ/RltdOrgOfficerTrstKeyEmplGrp[5],SRC-990-EXT-CENTER-FOR-CLIMATE-AND-ENERGY-SOLUTIONS,5,5,kavehguilanpour,kavehguilanpour,false,benchmark/sources/native/form990/202631619349300808_public.xml
SRC-990-EXT-CENTER-FOR-DEMOCRACY-TECHNOLOGY,Center for Democracy & Technology,SRC-990-EXT-CENTER-FOR-DEMOCRACY-TECHNOLOGY::georgeslovergencounsel,GEORGE SLOVER - GEN COUNSEL,GEN COUNSEL,non_ceo_position,functional,no_transition_indicated,no,yes,40.00,,40,178500,188839,yes,178500,178500,0,40.0,178500.0,yes,standardizable_combined_40h_equivalent,part_vii_and_schedule_j_verified,Return/ReturnData/IRS990/Form990PartVIISectionAGrp[16],Return/ReturnData/IRS990ScheduleJ/RltdOrgOfficerTrstKeyEmplGrp[5],SRC-990-EXT-CENTER-FOR-DEMOCRACY-TECHNOLOGY,4,4,samirjain,samirjain,false,benchmark/sources/native/form990/202533219349301933_public.xml
SRC-990-EXT-CENTER-FOR-DEMOCRACY-TECHNOLOGY,Center for Democracy & Technology,SRC-990-EXT-CENTER-FOR-DEMOCRACY-TECHNOLOGY::gregorynojeim,GREGORY NOJEIM,"DIR., SEC. & SURVEILLANCE PROJECT",non_ceo_position,functional,no_transition_indicated,no,yes,40.00,,40,196598,241196,yes,196598,196598,0,40.0,196598.0,yes,standardizable_combined_40h_equivalent,part_vii_and_schedule_j_verified,Return/ReturnData/IRS990/Form990PartVIISectionAGrp[19],Return/ReturnData/IRS990ScheduleJ/RltdOrgOfficerTrstKeyEmplGrp[3],SRC-990-EXT-CENTER-FOR-DEMOCRACY-TECHNOLOGY,2,2,samirjain,samirjain,false,benchmark/sources/native/form990/202533219349301933_public.xml
SRC-990-EXT-CENTER-FOR-DEMOCRACY-TECHNOLOGY,Center for Democracy & Technology,SRC-990-EXT-CENTER-FOR-DEMOCRACY-TECHNOLOGY::kateruane,KATE RUANE,"DIR., FREE EXPRESSION PROJECT",non_ceo_position,functional,no_transition_indicated,no,yes,40.00,,40,195000,197054,yes,195000,195000,0,40.0,195000.0,yes,standardizable_combined_40h_equivalent,part_vii_and_schedule_j_verified,Return/ReturnData/IRS990/Form990PartVIISectionAGrp[20],Return/ReturnData/IRS990ScheduleJ/RltdOrgOfficerTrstKeyEmplGrp[4],SRC-990-EXT-CENTER-FOR-DEMOCRACY-TECHNOLOGY,3,3,samirjain,samirjain,false,benchmark/sources/native/form990/202533219349301933_public.xml
SRC-990-EXT-CENTER-FOR-DEMOCRACY-TECHNOLOGY,Center for Democracy & Technology,SRC-990-EXT-CENTER-FOR-DEMOCRACY-TECHNOLOGY::kevinbankston,KEVIN BANKSTON,SENIOR ADVISOR FOR AI GOVERNANCE,non_ceo_position,functional,no_transition_indicated,no,yes,40.00,,40,165267,167058,yes,165267,165267,0,40.0,165267.0,yes,standardizable_combined_40h_equivalent,part_vii_and_schedule_j_verified,Return/ReturnData/IRS990/Form990PartVIISectionAGrp[22],Return/ReturnData/IRS990ScheduleJ/RltdOrgOfficerTrstKeyEmplGrp[7],SRC-990-EXT-CENTER-FOR-DEMOCRACY-TECHNOLOGY,6,6,samirjain,samirjain,false,benchmark/sources/native/form990/202533219349301933_public.xml
SRC-990-EXT-CENTER-FOR-DEMOCRACY-TECHNOLOGY,Center for Democracy & Technology,SRC-990-EXT-CENTER-FOR-DEMOCRACY-TECHNOLOGY::mirandabogen,MIRANDA BOGEN,"DIR., CDT AI GOVERNANCE LAB",non_ceo_position,functional,no_transition_indicated,no,yes,40.00,,40,171064,184690,yes,171064,171064,0,40.0,171064.0,yes,standardizable_combined_40h_equivalent,part_vii_and_schedule_j_verified,Return/ReturnData/IRS990/Form990PartVIISectionAGrp[21],Return/ReturnData/IRS990ScheduleJ/RltdOrgOfficerTrstKeyEmplGrp[6],SRC-990-EXT-CENTER-FOR-DEMOCRACY-TECHNOLOGY,5,5,samirjain,samirjain,false,benchmark/sources/native/form990/202533219349301933_public.xml
SRC-990-EXT-CENTER-FOR-DEMOCRACY-TECHNOLOGY,Center for Democracy & Technology,SRC-990-EXT-CENTER-FOR-DEMOCRACY-TECHNOLOGY::samirjain,SAMIR JAIN,VICE PRESIDENT OF POLICY,non_ceo_position,functional,no_transition_indicated,no,yes,40.00,,40,258597,308770,yes,238597,238597,0,40.0,238597.0,yes,standardizable_combined_40h_equivalent,part_vii_and_schedule_j_verified,Return/ReturnData/IRS990/Form990PartVIISectionAGrp[18],Return/ReturnData/IRS990ScheduleJ/RltdOrgOfficerTrstKeyEmplGrp[2],SRC-990-EXT-CENTER-FOR-DEMOCRACY-TECHNOLOGY,1,1,samirjain,samirjain,false,benchmark/sources/native/form990/202533219349301933_public.xml
SRC-990-EXT-CENTER-FOR-DEMOCRACY-TECHNOLOGY,Center for Democracy & Technology,SRC-990-EXT-CENTER-FOR-DEMOCRACY-TECHNOLOGY::sarahzolad,SARAH ZOLAD,"DIR., FIN. & OPS/TREAS. (FROM 10/24)",non_ceo_position,functional,partial_or_uncertain,no,yes,40.00,,40,146933,152768,yes,146933,146933,0,,,no,not_fte_candidate,part_vii_and_schedule_j_verified,Return/ReturnData/IRS990/Form990PartVIISectionAGrp[17],Return/ReturnData/IRS990ScheduleJ/RltdOrgOfficerTrstKeyEmplGrp[8],SRC-990-EXT-CENTER-FOR-DEMOCRACY-TECHNOLOGY,,,samirjain,samirjain,false,benchmark/sources/native/form990/202533219349301933_public.xml
SRC-990-EXT-CENTER-FOR-ECONOMIC-AND-POLICY-RESEARCH,Center for Economic and Policy Research,SRC-990-EXT-CENTER-FOR-ECONOMIC-AND-POLICY-RESEARCH::alexandermain,ALEXANDER MAIN,DIRECTOR OF INTERNATIONAL POLICY,non_ceo_position,functional,no_transition_indicated,no,yes,040.00,,40,138015,158913,yes,138016,138016,0,40.0,138016.0,yes,standardizable_combined_40h_equivalent,part_vii_and_schedule_j_verified,Return/ReturnData/IRS990/Form990PartVIISectionAGrp[3],Return/ReturnData/IRS990ScheduleJ/RltdOrgOfficerTrstKeyEmplGrp[3],,,,,,,benchmark/sources/native/form990/202543169349304999_public.xml
SRC-990-EXT-CENTER-FOR-ECONOMIC-AND-POLICY-RESEARCH,Center for Economic and Policy Research,SRC-990-EXT-CENTER-FOR-ECONOMIC-AND-POLICY-RESEARCH::algernonaustin,ALGERNON AUSTIN,"DIRECTOR, RACE AND ECONOMIC JUSTICE",non_ceo_position,functional,no_transition_indicated,no,yes,040.00,,40,125945,148573,no,,,,,,no,not_fte_candidate,part_vii_verified_no_schedule_j,Return/ReturnData/IRS990/Form990PartVIISectionAGrp[6],,,,,,,,benchmark/sources/native/form990/202543169349304999_public.xml
SRC-990-EXT-CENTER-FOR-ECONOMIC-AND-POLICY-RESEARCH,Center for Economic and Policy Research,SRC-990-EXT-CENTER-FOR-ECONOMIC-AND-POLICY-RESEARCH::debaratighosh,DEBARATI GHOSH,DIRECTOR OF PROJECTS AND STRATEGY,non_ceo_position,functional,no_transition_indicated,no,yes,040.00,,40,129494,151167,yes,129494,129494,0,40.0,129494.0,yes,standardizable_combined_40h_equivalent,part_vii_and_schedule_j_verified,Return/ReturnData/IRS990/Form990PartVIISectionAGrp[4],Return/ReturnData/IRS990ScheduleJ/RltdOrgOfficerTrstKeyEmplGrp[4],,,,,,,benchmark/sources/native/form990/202543169349304999_public.xml
SRC-990-EXT-CENTER-FOR-ECONOMIC-AND-POLICY-RESEARCH,Center for Economic and Policy Research,SRC-990-EXT-CENTER-FOR-ECONOMIC-AND-POLICY-RESEARCH::deborahjames,DEBORAH JAMES,"DIRECTOR, INTERNATIONAL PROGRAMS",non_ceo_position,functional,no_transition_indicated,no,yes,040.00,,40,129954,150899,yes,129954,129954,0,40.0,129954.0,yes,standardizable_combined_40h_equivalent,part_vii_and_schedule_j_verified,Return/ReturnData/IRS990/Form990PartVIISectionAGrp[5],Return/ReturnData/IRS990ScheduleJ/RltdOrgOfficerTrstKeyEmplGrp[5],,,,,,,benchmark/sources/native/form990/202543169349304999_public.xml
SRC-990-EXT-CENTER-FOR-ECONOMIC-AND-POLICY-RESEARCH,Center for Economic and Policy Research,SRC-990-EXT-CENTER-FOR-ECONOMIC-AND-POLICY-RESEARCH::haleybrown,HALEY BROWN,BOARD MEMBER UNION REP/RESEARCH ASSOCIATE,non_ceo_position,functional,no_transition_indicated,no,yes,040.00,,40,76427,88555,no,,,,,,no,not_fte_candidate,part_vii_verified_no_schedule_j,Return/ReturnData/IRS990/Form990PartVIISectionAGrp[8],,,,,,,,benchmark/sources/native/form990/202543169349304999_public.xml
SRC-990-EXT-CENTER-FOR-ECONOMIC-AND-POLICY-RESEARCH,Center for Economic and Policy Research,SRC-990-EXT-CENTER-FOR-ECONOMIC-AND-POLICY-RESEARCH::shawnfrenstad,SHAWN FRENSTAD,"DIRECTOR, LAW AND POLITICAL ECONOMY",non_ceo_position,functional,no_transition_indicated,no,yes,040.00,,40,117781,139992,no,,,,,,no,not_fte_candidate,part_vii_verified_no_schedule_j,Return/ReturnData/IRS990/Form990PartVIISectionAGrp[7],,,,,,,,benchmark/sources/native/form990/202543169349304999_public.xml
SRC-990-EXT-CENTER-FOR-EFFECTIVE-PHILANTHROPY,Center for Effective Philanthropy,SRC-990-EXT-CENTER-FOR-EFFECTIVE-PHILANTHROPY::alicemei,ALICE MEI,"SR. MANAGER, ASSESSMENT & ADVISORY SERVICES",non_ceo_position,functional,no_transition_indicated,no,yes,45.00,,45,168110,185050,yes,153823,153823,0,45.0,136731.56,yes,standardizable_combined_40h_equivalent,part_vii_and_schedule_j_verified,Return/ReturnData/IRS990/Form990PartVIISectionAGrp[24],Return/ReturnData/IRS990ScheduleJ/RltdOrgOfficerTrstKeyEmplGrp[12],SRC-990-EXT-CENTER-FOR-EFFECTIVE-PHILANTHROPY,11,11,kevinbolduc,kevinbolduc,false,benchmark/sources/native/form990/202602039349300145_public.xml
SRC-990-EXT-CENTER-FOR-EFFECTIVE-PHILANTHROPY,Center for Effective Philanthropy,SRC-990-EXT-CENTER-FOR-EFFECTIVE-PHILANTHROPY::alysedamico,ALYSE D'AMICO,"VP, PEOPLE & CULTURE",non_ceo_position,functional,no_transition_indicated,no,yes,36.00,,36,183657,201527,yes,168136,168136,0,36.0,186817.78,yes,standardizable_combined_40h_equivalent,part_vii_and_schedule_j_verified,Return/ReturnData/IRS990/Form990PartVIISectionAGrp[16],Return/ReturnData/IRS990ScheduleJ/RltdOrgOfficerTrstKeyEmplGrp[11],SRC-990-EXT-CENTER-FOR-EFFECTIVE-PHILANTHROPY,10,5,kevinbolduc,kevinbolduc,false,benchmark/sources/native/form990/202602039349300145_public.xml
SRC-990-EXT-CENTER-FOR-EFFECTIVE-PHILANTHROPY,Center for Effective Philanthropy,SRC-990-EXT-CENTER-FOR-EFFECTIVE-PHILANTHROPY::amberbradley,AMBER BRADLEY,"DIRECTOR, CEP LEARNING INSTITUTE",non_ceo_position,functional,no_transition_indicated,no,yes,45.00,,45,210803,239721,yes,192090,192090,0,45.0,170746.67,yes,standardizable_combined_40h_equivalent,part_vii_and_schedule_j_verified,Return/ReturnData/IRS990/Form990PartVIISectionAGrp[20],Return/ReturnData/IRS990ScheduleJ/RltdOrgOfficerTrstKeyEmplGrp[6],SRC-990-EXT-CENTER-FOR-EFFECTIVE-PHILANTHROPY,5,7,kevinbolduc,kevinbolduc,false,benchmark/sources/native/form990/202602039349300145_public.xml
SRC-990-EXT-CENTER-FOR-EFFECTIVE-PHILANTHROPY,Center for Effective Philanthropy,SRC-990-EXT-CENTER-FOR-EFFECTIVE-PHILANTHROPY::andreadeforest,ANDREA DE FOREST,"DIRECTOR, ORGANIZATIONAL LEARNING & COMMUNICATIONS",non_ceo_position,functional,no_transition_indicated,no,yes,45.00,,45,208472,224088,yes,191005,191005,0,45.0,169782.22,yes,standardizable_combined_40h_equivalent,part_vii_and_schedule_j_verified,Return/ReturnData/IRS990/Form990PartVIISectionAGrp[21],Return/ReturnData/IRS990ScheduleJ/RltdOrgOfficerTrstKeyEmplGrp[9],SRC-990-EXT-CENTER-FOR-EFFECTIVE-PHILANTHROPY,6,8,kevinbolduc,kevinbolduc,false,benchmark/sources/native/form990/202602039349300145_public.xml
SRC-990-EXT-CENTER-FOR-EFFECTIVE-PHILANTHROPY,Center for Effective Philanthropy,SRC-990-EXT-CENTER-FOR-EFFECTIVE-PHILANTHROPY::davidmckinney,DAVID MCKINNEY,"VP, YOUTHTRUTH",non_ceo_position,functional,no_transition_indicated,no,yes,45.00,,45,285291,301971,yes,261653,261653,0,45.0,232580.44,yes,standardizable_combined_40h_equivalent,part_vii_and_schedule_j_verified,Return/ReturnData/IRS990/Form990PartVIISectionAGrp[17],Return/ReturnData/IRS990ScheduleJ/RltdOrgOfficerTrstKeyEmplGrp[4],SRC-990-EXT-CENTER-FOR-EFFECTIVE-PHILANTHROPY,2,2,kevinbolduc,kevinbolduc,false,benchmark/sources/native/form990/202602039349300145_public.xml
SRC-990-EXT-CENTER-FOR-EFFECTIVE-PHILANTHROPY,Center for Effective Philanthropy,SRC-990-EXT-CENTER-FOR-EFFECTIVE-PHILANTHROPY::elishasmitharrillaga,ELISHA SMITH ARRILLAGA,"VP, RESEARCH",non_ceo_position,functional,no_transition_indicated,no,yes,45.00,,45,279237,315351,yes,255198,255198,0,45.0,226842.67,yes,standardizable_combined_40h_equivalent,part_vii_and_schedule_j_verified,Return/ReturnData/IRS990/Form990PartVIISectionAGrp[15],Return/ReturnData/IRS990ScheduleJ/RltdOrgOfficerTrstKeyEmplGrp[3],SRC-990-EXT-CENTER-FOR-EFFECTIVE-PHILANTHROPY,3,3,kevinbolduc,kevinbolduc,false,benchmark/sources/native/form990/202602039349300145_public.xml
SRC-990-EXT-CENTER-FOR-EFFECTIVE-PHILANTHROPY,Center for Effective Philanthropy,SRC-990-EXT-CENTER-FOR-EFFECTIVE-PHILANTHROPY::gracenicolette,GRACE NICOLETTE,"VP, PROGRAMMING & EXTERNAL RELATIONS",non_ceo_position,functional,no_transition_indicated,no,yes,41.70,,41.7,206111,237945,yes,187680,187680,0,41.7,180028.78,yes,standardizable_combined_40h_equivalent,part_vii_and_schedule_j_verified,Return/ReturnData/IRS990/Form990PartVIISectionAGrp[19],Return/ReturnData/IRS990ScheduleJ/RltdOrgOfficerTrstKeyEmplGrp[7],SRC-990-EXT-CENTER-FOR-EFFECTIVE-PHILANTHROPY,7,6,kevinbolduc,kevinbolduc,false,benchmark/sources/native/form990/202602039349300145_public.xml
SRC-990-EXT-CENTER-FOR-EFFECTIVE-PHILANTHROPY,Center for Effective Philanthropy,SRC-990-EXT-CENTER-FOR-EFFECTIVE-PHILANTHROPY::kevinbolduc,KEVIN BOLDUC,"VP, ASSESSMENT & ADVISORY SERVICES",non_ceo_position,functional,no_transition_indicated,no,yes,45.00,,45,302138,320580,yes,277261,277261,0,45.0,246454.22,yes,standardizable_combined_40h_equivalent,part_vii_and_schedule_j_verified,Return/ReturnData/IRS990/Form990PartVIISectionAGrp[14],Return/ReturnData/IRS990ScheduleJ/RltdOrgOfficerTrstKeyEmplGrp[2],SRC-990-EXT-CENTER-FOR-EFFECTIVE-PHILANTHROPY,1,1,kevinbolduc,kevinbolduc,false,benchmark/sources/native/form990/202602039349300145_public.xml
SRC-990-EXT-CENTER-FOR-EFFECTIVE-PHILANTHROPY,Center for Effective Philanthropy,SRC-990-EXT-CENTER-FOR-EFFECTIVE-PHILANTHROPY::marinellaboyadzhiev,MARINELLA BOYADZHIEV,"DIRECTOR, ASSESSMENT & ADVISORY SERVICES",non_ceo_position,functional,no_transition_indicated,no,yes,45.00,,45,199752,233451,yes,181864,181864,0,45.0,161656.89,yes,standardizable_combined_40h_equivalent,part_vii_and_schedule_j_verified,Return/ReturnData/IRS990/Form990PartVIISectionAGrp[22],Return/ReturnData/IRS990ScheduleJ/RltdOrgOfficerTrstKeyEmplGrp[8],SRC-990-EXT-CENTER-FOR-EFFECTIVE-PHILANTHROPY,8,9,kevinbolduc,kevinbolduc,false,benchmark/sources/native/form990/202602039349300145_public.xml
SRC-990-EXT-CENTER-FOR-EFFECTIVE-PHILANTHROPY,Center for Effective Philanthropy,SRC-990-EXT-CENTER-FOR-EFFECTIVE-PHILANTHROPY::mollyheidemann,MOLLY HEIDEMANN,SPECIAL ASST. TO THE PRESIDENT,non_ceo_position,functional,no_transition_indicated,no,yes,45.00,,45,112236,126636,no,,,,,,no,not_fte_candidate,part_vii_verified_no_schedule_j,Return/ReturnData/IRS990/Form990PartVIISectionAGrp[18],,SRC-990-EXT-CENTER-FOR-EFFECTIVE-PHILANTHROPY,,,kevinbolduc,kevinbolduc,false,benchmark/sources/native/form990/202602039349300145_public.xml
SRC-990-EXT-CENTER-FOR-EFFECTIVE-PHILANTHROPY,Center for Effective Philanthropy,SRC-990-EXT-CENTER-FOR-EFFECTIVE-PHILANTHROPY::rihabbabiker,RIHAB BABIKER,"VP, FINANCE & OPS,TECHNOLOGY/TREASURER",non_ceo_position,functional,no_transition_indicated,no,yes,45.00,,45,241498,277819,yes,220177,220177,0,45.0,195712.89,yes,standardizable_combined_40h_equivalent,part_vii_and_schedule_j_verified,Return/ReturnData/IRS990/Form990PartVIISectionAGrp[13],Return/ReturnData/IRS990ScheduleJ/RltdOrgOfficerTrstKeyEmplGrp[5],SRC-990-EXT-CENTER-FOR-EFFECTIVE-PHILANTHROPY,4,4,kevinbolduc,kevinbolduc,false,benchmark/sources/native/form990/202602039349300145_public.xml
SRC-990-EXT-CENTER-FOR-EFFECTIVE-PHILANTHROPY,Center for Effective Philanthropy,SRC-990-EXT-CENTER-FOR-EFFECTIVE-PHILANTHROPY::whitneyivie,WHITNEY IVIE,"DIRECTOR, CLIENT SERVICES YOUTHTRUTH",non_ceo_position,functional,no_transition_indicated,no,yes,45.00,,45,187554,204736,yes,171675,171675,0,45.0,152600.0,yes,standardizable_combined_40h_equivalent,part_vii_and_schedule_j_verified,Return/ReturnData/IRS990/Form990PartVIISectionAGrp[23],Return/ReturnData/IRS990ScheduleJ/RltdOrgOfficerTrstKeyEmplGrp[10],SRC-990-EXT-CENTER-FOR-EFFECTIVE-PHILANTHROPY,9,10,kevinbolduc,kevinbolduc,false,benchmark/sources/native/form990/202602039349300145_public.xml
SRC-990-EXT3-CENTER-FOR-HEALTH-CARE-STRATEGIES,Center for Health Care Strategies,SRC-990-EXT3-CENTER-FOR-HEALTH-CARE-STRATEGIES::kamalaallen,KAMALA ALLEN,"SENIOR VP, PROGRAM & STRAT. PLANNING",non_ceo_position,functional,no_transition_indicated,no,yes,40.00,1.00,41,195460,266951,yes,187583,187583,0,41.0,183007.8,yes,standardizable_combined_40h_equivalent,part_vii_and_schedule_j_verified,Return/ReturnData/IRS990/Form990PartVIISectionAGrp[15],Return/ReturnData/IRS990ScheduleJ/RltdOrgOfficerTrstKeyEmplGrp[4],SRC-990-EXT3-CENTER-FOR-HEALTH-CARE-STRATEGIES,3,3,patriciamcginnis,patriciamcginnis,false,benchmark/sources/native/form990/202631279349304653_public.xml
SRC-990-EXT3-CENTER-FOR-HEALTH-CARE-STRATEGIES,Center for Health Care Strategies,SRC-990-EXT3-CENTER-FOR-HEALTH-CARE-STRATEGIES::loriemartin,LORIE MARTIN,"VP, COMMUNICATIONS",non_ceo_position,functional,no_transition_indicated,no,yes,40.00,1.00,41,170048,230729,yes,164041,164041,0,41.0,160040.0,yes,standardizable_combined_40h_equivalent,part_vii_and_schedule_j_verified,Return/ReturnData/IRS990/Form990PartVIISectionAGrp[16],Return/ReturnData/IRS990ScheduleJ/RltdOrgOfficerTrstKeyEmplGrp[5],SRC-990-EXT3-CENTER-FOR-HEALTH-CARE-STRATEGIES,4,4,patriciamcginnis,patriciamcginnis,false,benchmark/sources/native/form990/202631279349304653_public.xml
SRC-990-EXT3-CENTER-FOR-HEALTH-CARE-STRATEGIES,Center for Health Care Strategies,SRC-990-EXT3-CENTER-FOR-HEALTH-CARE-STRATEGIES::marklarson,MARK LARSON,"SENIOR VP, LEADERSHIP & CAP BUILDING",non_ceo_position,functional,no_transition_indicated,no,yes,40.00,1.00,41,207720,276579,yes,200659,200659,0,41.0,195764.88,yes,standardizable_combined_40h_equivalent,part_vii_and_schedule_j_verified,Return/ReturnData/IRS990/Form990PartVIISectionAGrp[14],Return/ReturnData/IRS990ScheduleJ/RltdOrgOfficerTrstKeyEmplGrp[3],SRC-990-EXT3-CENTER-FOR-HEALTH-CARE-STRATEGIES,2,2,patriciamcginnis,patriciamcginnis,false,benchmark/sources/native/form990/202631279349304653_public.xml
SRC-990-EXT3-CENTER-FOR-HEALTH-CARE-STRATEGIES,Center for Health Care Strategies,SRC-990-EXT3-CENTER-FOR-HEALTH-CARE-STRATEGIES::patriciamcginnis,PATRICIA MCGINNIS,"EXECUTIVE VP, CHIEF PROGRAM OFFICER",non_ceo_position,functional,no_transition_indicated,no,yes,40.00,1.00,41,273363,326009,yes,227993,227993,0,41.0,222432.2,yes,standardizable_combined_40h_equivalent,part_vii_and_schedule_j_verified,Return/ReturnData/IRS990/Form990PartVIISectionAGrp[13],Return/ReturnData/IRS990ScheduleJ/RltdOrgOfficerTrstKeyEmplGrp[2],SRC-990-EXT3-CENTER-FOR-HEALTH-CARE-STRATEGIES,1,1,patriciamcginnis,patriciamcginnis,false,benchmark/sources/native/form990/202631279349304653_public.xml
SRC-990-EXT3-CENTER-FOR-HEALTH-CARE-STRATEGIES,Center for Health Care Strategies,SRC-990-EXT3-CENTER-FOR-HEALTH-CARE-STRATEGIES::paulafleming,PAULA FLEMING,"VP, FINANCE",non_ceo_position,functional,no_transition_indicated,no,yes,40.00,1.00,41,155483,177575,yes,148045,148045,0,41.0,144434.15,yes,standardizable_combined_40h_equivalent,part_vii_and_schedule_j_verified,Return/ReturnData/IRS990/Form990PartVIISectionAGrp[12],Return/ReturnData/IRS990ScheduleJ/RltdOrgOfficerTrstKeyEmplGrp[6],SRC-990-EXT3-CENTER-FOR-HEALTH-CARE-STRATEGIES,6,6,patriciamcginnis,patriciamcginnis,false,benchmark/sources/native/form990/202631279349304653_public.xml
SRC-990-EXT3-CENTER-FOR-HEALTH-CARE-STRATEGIES,Center for Health Care Strategies,SRC-990-EXT3-CENTER-FOR-HEALTH-CARE-STRATEGIES::rubygoyalcarkeek,RUBY GOYAL-CARKEEK,"DIRECTOR, BEHAVIORAL HEALTH AND CHILD WELFARE",non_ceo_position,functional,no_transition_indicated,no,yes,40.00,1.00,41,164457,171784,yes,158682,158682,0,41.0,154811.71,yes,standardizable_combined_40h_equivalent,part_vii_and_schedule_j_verified,Return/ReturnData/IRS990/Form990PartVIISectionAGrp[17],Return/ReturnData/IRS990ScheduleJ/RltdOrgOfficerTrstKeyEmplGrp[7],SRC-990-EXT3-CENTER-FOR-HEALTH-CARE-STRATEGIES,5,5,patriciamcginnis,patriciamcginnis,false,benchmark/sources/native/form990/202631279349304653_public.xml
SRC-990-EXT-CENTER-FOR-LAW-AND-SOCIAL-POLICY,Center for Law and Social Policy,SRC-990-EXT-CENTER-FOR-LAW-AND-SOCIAL-POLICY::akosuameyers,AKOSUA MEYERS,PROGRAM DIRECTOR,non_ceo_position,functional,partial_or_uncertain,yes,yes,40.00,,40,113332,141472,yes,113332,113332,0,,,no,not_fte_candidate,part_vii_and_schedule_j_verified,Return/ReturnData/IRS990/Form990PartVIISectionAGrp[31],Return/ReturnData/IRS990ScheduleJ/RltdOrgOfficerTrstKeyEmplGrp[11],,,,,,,benchmark/sources/native/form990/202513189349314621_public.xml
SRC-990-EXT-CENTER-FOR-LAW-AND-SOCIAL-POLICY,Center for Law and Social Policy,SRC-990-EXT-CENTER-FOR-LAW-AND-SOCIAL-POLICY::angelaparker,ANGELA PARKER,DIRECTOR OF HUMAN RESOURCES,non_ceo_position,functional,no_transition_indicated,no,yes,40.00,,40,154702,188472,yes,154702,154702,0,40.0,154702.0,yes,standardizable_combined_40h_equivalent,part_vii_and_schedule_j_verified,Return/ReturnData/IRS990/Form990PartVIISectionAGrp[21],Return/ReturnData/IRS990ScheduleJ/RltdOrgOfficerTrstKeyEmplGrp[6],,,,,,,benchmark/sources/native/form990/202513189349314621_public.xml
SRC-990-EXT-CENTER-FOR-LAW-AND-SOCIAL-POLICY,Center for Law and Social Policy,SRC-990-EXT-CENTER-FOR-LAW-AND-SOCIAL-POLICY::barbarasemedo,BARBARA SEMEDO,"DEPUTY EXECUTIVE DIR., COMMUNICATIONS",non_ceo_position,functional,partial_or_uncertain,yes,yes,40.00,,40,204561,231755,yes,204561,204561,0,,,no,not_fte_candidate,part_vii_and_schedule_j_verified,Return/ReturnData/IRS990/Form990PartVIISectionAGrp[26],Return/ReturnData/IRS990ScheduleJ/RltdOrgOfficerTrstKeyEmplGrp[1],,,,,,,benchmark/sources/native/form990/202513189349314621_public.xml
SRC-990-EXT-CENTER-FOR-LAW-AND-SOCIAL-POLICY,Center for Law and Social Policy,SRC-990-EXT-CENTER-FOR-LAW-AND-SOCIAL-POLICY::danabailey,DANA BAILEY,CHIEF OPERATING OFFICER,non_ceo_position,functional,partial_or_uncertain,yes,yes,40.00,,40,220951,228625,yes,220951,220951,0,,,no,not_fte_candidate,part_vii_and_schedule_j_verified,Return/ReturnData/IRS990/Form990PartVIISectionAGrp[29],Return/ReturnData/IRS990ScheduleJ/RltdOrgOfficerTrstKeyEmplGrp[2],,,,,,,benchmark/sources/native/form990/202513189349314621_public.xml
SRC-990-EXT-CENTER-FOR-LAW-AND-SOCIAL-POLICY,Center for Law and Social Policy,SRC-990-EXT-CENTER-FOR-LAW-AND-SOCIAL-POLICY::eddiemartinjr,EDDIE MARTIN JR,DEPUTY DIRECTOR OF RACIAL EQUITY,non_ceo_position,functional,no_transition_indicated,no,yes,40.00,,40,185120,192525,yes,185120,185120,0,40.0,185120.0,yes,standardizable_combined_40h_equivalent,part_vii_and_schedule_j_verified,Return/ReturnData/IRS990/Form990PartVIISectionAGrp[20],Return/ReturnData/IRS990ScheduleJ/RltdOrgOfficerTrstKeyEmplGrp[3],,,,,,,benchmark/sources/native/form990/202513189349314621_public.xml
SRC-990-EXT-CENTER-FOR-LAW-AND-SOCIAL-POLICY,Center for Law and Social Policy,SRC-990-EXT-CENTER-FOR-LAW-AND-SOCIAL-POLICY::elizabethlowerbasch,ELIZABETH LOWER-BASCH,"DEPUTY EXECUTIVE DIR., POLICY",non_ceo_position,functional,partial_or_uncertain,yes,yes,40.00,,40,160454,192227,yes,160454,160454,0,,,no,not_fte_candidate,part_vii_and_schedule_j_verified,Return/ReturnData/IRS990/Form990PartVIISectionAGrp[27],Return/ReturnData/IRS990ScheduleJ/RltdOrgOfficerTrstKeyEmplGrp[5],,,,,,,benchmark/sources/native/form990/202513189349314621_public.xml
SRC-990-EXT-CENTER-FOR-LAW-AND-SOCIAL-POLICY,Center for Law and Social Policy,SRC-990-EXT-CENTER-FOR-LAW-AND-SOCIAL-POLICY::oliviagolden,OLIVIA GOLDEN,INTERIM ED,unmapped_position,uncertain,partial_or_uncertain,yes,yes,40.00,,40,106842,111116,yes,106842,106842,0,,,no,not_fte_candidate,part_vii_and_schedule_j_verified,Return/ReturnData/IRS990/Form990PartVIISectionAGrp[30],Return/ReturnData/IRS990ScheduleJ/RltdOrgOfficerTrstKeyEmplGrp[12],,,,,,,benchmark/sources/native/form990/202513189349314621_public.xml
SRC-990-EXT-CENTER-FOR-LAW-AND-SOCIAL-POLICY,Center for Law and Social Policy,SRC-990-EXT-CENTER-FOR-LAW-AND-SOCIAL-POLICY::patrickcovington,PATRICK COVINGTON,CHIEF OF STAFF,non_ceo_position,functional,partial_or_uncertain,yes,yes,40.00,,40,166667,169667,yes,166667,166667,0,,,no,not_fte_candidate,part_vii_and_schedule_j_verified,Return/ReturnData/IRS990/Form990PartVIISectionAGrp[28],Return/ReturnData/IRS990ScheduleJ/RltdOrgOfficerTrstKeyEmplGrp[9],,,,,,,benchmark/sources/native/form990/202513189349314621_public.xml
SRC-990-EXT-CENTER-FOR-LAW-AND-SOCIAL-POLICY,Center for Law and Social Policy,SRC-990-EXT-CENTER-FOR-LAW-AND-SOCIAL-POLICY::stephanieschmit,STEPHANIE SCHMIT,"DIRECTOR, CHILD CAREDIRECTOR,AND EARLY EDUCATION",non_ceo_position,functional,no_transition_indicated,no,yes,40.00,,40,160784,169936,yes,160784,160784,0,40.0,160784.0,yes,standardizable_combined_40h_equivalent,part_vii_and_schedule_j_verified,Return/ReturnData/IRS990/Form990PartVIISectionAGrp[22],Return/ReturnData/IRS990ScheduleJ/RltdOrgOfficerTrstKeyEmplGrp[8],,,,,,,benchmark/sources/native/form990/202513189349314621_public.xml
SRC-990-EXT-CENTER-FOR-LAW-AND-SOCIAL-POLICY,Center for Law and Social Policy,SRC-990-EXT-CENTER-FOR-LAW-AND-SOCIAL-POLICY::tomsalyers,TOM SALYERS,"DIRECTOR, COMMUNICATIONS",non_ceo_position,functional,no_transition_indicated,no,yes,40.00,,40,166521,177175,yes,166521,166521,0,40.0,166521.0,yes,standardizable_combined_40h_equivalent,part_vii_and_schedule_j_verified,Return/ReturnData/IRS990/Form990PartVIISectionAGrp[23],Return/ReturnData/IRS990ScheduleJ/RltdOrgOfficerTrstKeyEmplGrp[7],,,,,,,benchmark/sources/native/form990/202513189349314621_public.xml
SRC-990-EXT-CENTER-FOR-LAW-AND-SOCIAL-POLICY,Center for Law and Social Policy,SRC-990-EXT-CENTER-FOR-LAW-AND-SOCIAL-POLICY::wendycervantes,WENDY CERVANTES,"DIRECTOR, IMMIGRATION AND IMMIGRANT FAMILIES",non_ceo_position,functional,no_transition_indicated,no,yes,40.00,,40,166080,192370,yes,166080,166080,0,40.0,166080.0,yes,standardizable_combined_40h_equivalent,part_vii_and_schedule_j_verified,Return/ReturnData/IRS990/Form990PartVIISectionAGrp[24],Return/ReturnData/IRS990ScheduleJ/RltdOrgOfficerTrstKeyEmplGrp[4],,,,,,,benchmark/sources/native/form990/202513189349314621_public.xml
SRC-990-EXT-CENTER-FOR-OPEN-SCIENCE,Center for Open Science,SRC-990-EXT-CENTER-FOR-OPEN-SCIENCE::briangeiger,BRIAN GEIGER,SR. MANAGER SOFTWARE ENGINEERING,non_ceo_position,functional,no_transition_indicated,no,yes,40.00,,40,127353,145464,no,,,,,,no,not_fte_candidate,part_vii_verified_no_schedule_j,Return/ReturnData/IRS990/Form990PartVIISectionAGrp[20],,SRC-990-EXT-CENTER-FOR-OPEN-SCIENCE,,,lisacuevasshaw,lisacuevasshaw,false,benchmark/sources/native/form990/202513219349318466_public.xml
SRC-990-EXT-CENTER-FOR-OPEN-SCIENCE,Center for Open Science,SRC-990-EXT-CENTER-FOR-OPEN-SCIENCE::brianpilati,BRIAN PILATI,MANAGER SOFTWARE ENGINEERING,non_ceo_position,functional,no_transition_indicated,no,yes,40.00,,40,132291,147984,no,,,,,,no,not_fte_candidate,part_vii_verified_no_schedule_j,Return/ReturnData/IRS990/Form990PartVIISectionAGrp[18],,SRC-990-EXT-CENTER-FOR-OPEN-SCIENCE,,,lisacuevasshaw,lisacuevasshaw,false,benchmark/sources/native/form990/202513219349318466_public.xml
SRC-990-EXT-CENTER-FOR-OPEN-SCIENCE,Center for Open Science,SRC-990-EXT-CENTER-FOR-OPEN-SCIENCE::fitzhughelliott,FITZHUGH ELLIOTT,MANAGER SOFTWARE ENGINEERING,non_ceo_position,functional,no_transition_indicated,no,yes,40.00,,40,128308,143639,no,,,,,,no,not_fte_candidate,part_vii_verified_no_schedule_j,Return/ReturnData/IRS990/Form990PartVIISectionAGrp[19],,SRC-990-EXT-CENTER-FOR-OPEN-SCIENCE,,,lisacuevasshaw,lisacuevasshaw,false,benchmark/sources/native/form990/202513219349318466_public.xml
SRC-990-EXT-CENTER-FOR-OPEN-SCIENCE,Center for Open Science,SRC-990-EXT-CENTER-FOR-OPEN-SCIENCE::lisacuevasshaw,LISA CUEVAS SHAW,COO & MANAGING DIRECTOR,non_ceo_position,functional,no_transition_indicated,no,yes,40.00,,40,200028,208029,yes,200028,200028,0,40.0,200028.0,yes,standardizable_combined_40h_equivalent,part_vii_and_schedule_j_verified,Return/ReturnData/IRS990/Form990PartVIISectionAGrp[13],Return/ReturnData/IRS990ScheduleJ/RltdOrgOfficerTrstKeyEmplGrp[2],SRC-990-EXT-CENTER-FOR-OPEN-SCIENCE,1,1,lisacuevasshaw,lisacuevasshaw,false,benchmark/sources/native/form990/202513219349318466_public.xml
SRC-990-EXT-CENTER-FOR-OPEN-SCIENCE,Center for Open Science,SRC-990-EXT-CENTER-FOR-OPEN-SCIENCE::matthewfrazier,MATTHEW FRAZIER,PRINCIPAL SOFTWARE ENGINEER,non_ceo_position,functional,no_transition_indicated,no,yes,40.00,,40,136777,154177,yes,136777,136777,0,40.0,136777.0,yes,standardizable_combined_40h_equivalent,part_vii_and_schedule_j_verified,Return/ReturnData/IRS990/Form990PartVIISectionAGrp[17],Return/ReturnData/IRS990ScheduleJ/RltdOrgOfficerTrstKeyEmplGrp[5],SRC-990-EXT-CENTER-FOR-OPEN-SCIENCE,4,4,lisacuevasshaw,lisacuevasshaw,false,benchmark/sources/native/form990/202513219349318466_public.xml
SRC-990-EXT-CENTER-FOR-OPEN-SCIENCE,Center for Open Science,SRC-990-EXT-CENTER-FOR-OPEN-SCIENCE::nicolepfeiffer,NICOLE PFEIFFER,CHIEF PRODUCT OFFICER,non_ceo_position,functional,no_transition_indicated,no,yes,40.00,,40,179667,186854,yes,179667,179667,0,40.0,179667.0,yes,standardizable_combined_40h_equivalent,part_vii_and_schedule_j_verified,Return/ReturnData/IRS990/Form990PartVIISectionAGrp[14],Return/ReturnData/IRS990ScheduleJ/RltdOrgOfficerTrstKeyEmplGrp[4],SRC-990-EXT-CENTER-FOR-OPEN-SCIENCE,2,2,lisacuevasshaw,lisacuevasshaw,false,benchmark/sources/native/form990/202513219349318466_public.xml
SRC-990-EXT-CENTER-FOR-OPEN-SCIENCE,Center for Open Science,SRC-990-EXT-CENTER-FOR-OPEN-SCIENCE::osmandchristian,OSMAND CHRISTIAN,SR. DIRECTOR OF ENGINEERING,non_ceo_position,functional,no_transition_indicated,no,yes,40.00,,40,175345,191797,yes,175345,175345,0,40.0,175345.0,yes,standardizable_combined_40h_equivalent,part_vii_and_schedule_j_verified,Return/ReturnData/IRS990/Form990PartVIISectionAGrp[15],Return/ReturnData/IRS990ScheduleJ/RltdOrgOfficerTrstKeyEmplGrp[3],SRC-990-EXT-CENTER-FOR-OPEN-SCIENCE,3,3,lisacuevasshaw,lisacuevasshaw,false,benchmark/sources/native/form990/202513219349318466_public.xml
SRC-990-EXT-CENTER-FOR-OPEN-SCIENCE,Center for Open Science,SRC-990-EXT-CENTER-FOR-OPEN-SCIENCE::timerrington,TIM ERRINGTON,SR. DIRECTOR OF RESEARCH,non_ceo_position,functional,no_transition_indicated,no,yes,40.00,,40,142029,148158,no,,,,,,no,not_fte_candidate,part_vii_verified_no_schedule_j,Return/ReturnData/IRS990/Form990PartVIISectionAGrp[16],,SRC-990-EXT-CENTER-FOR-OPEN-SCIENCE,,,lisacuevasshaw,lisacuevasshaw,false,benchmark/sources/native/form990/202513219349318466_public.xml
SRC-990-EXT-CENTER-FOR-PUBLIC-INTEGRITY,Center for Public Integrity,SRC-990-EXT-CENTER-FOR-PUBLIC-INTEGRITY::alexiacampbell,ALEXIA CAMPBELL,SENIOR REPORTER,non_ceo_position,functional,no_transition_indicated,no,no,0.50,,0.5,113381,137644,no,,,,,,no,not_fte_candidate,part_vii_verified_no_schedule_j,Return/ReturnData/IRS990/Form990PartVIISectionAGrp[20],,,,,,,,benchmark/sources/native/form990/202412399349300756_public.xml
SRC-990-EXT-CENTER-FOR-PUBLIC-INTEGRITY,Center for Public Integrity,SRC-990-EXT-CENTER-FOR-PUBLIC-INTEGRITY::jamiehopkins,JAMIE HOPKINS,EDITOR,non_ceo_position,functional,no_transition_indicated,no,no,0.50,,0.5,135681,163671,yes,135681,135681,0,,,no,not_fte_candidate,part_vii_and_schedule_j_verified,Return/ReturnData/IRS990/Form990PartVIISectionAGrp[19],Return/ReturnData/IRS990ScheduleJ/RltdOrgOfficerTrstKeyEmplGrp[4],,,,,,,benchmark/sources/native/form990/202412399349300756_public.xml
SRC-990-EXT-CENTER-FOR-PUBLIC-INTEGRITY,Center for Public Integrity,SRC-990-EXT-CENTER-FOR-PUBLIC-INTEGRITY::jinding,JIN DING,CHIEF OF STAFF & OPERATION,non_ceo_position,functional,no_transition_indicated,no,no,0.50,,0.5,146561,164175,yes,146561,146561,0,,,no,not_fte_candidate,part_vii_and_schedule_j_verified,Return/ReturnData/IRS990/Form990PartVIISectionAGrp[18],Return/ReturnData/IRS990ScheduleJ/RltdOrgOfficerTrstKeyEmplGrp[3],,,,,,,benchmark/sources/native/form990/202412399349300756_public.xml
SRC-990-EXT-CENTER-FOR-PUBLIC-INTEGRITY,Center for Public Integrity,SRC-990-EXT-CENTER-FOR-PUBLIC-INTEGRITY::matthewderienzo,MATTHEW DERIENZO,EDITOR-IN-CHIEF,non_ceo_position,functional,no_transition_indicated,no,no,0.50,,0.5,199629,222750,yes,199629,199629,0,,,no,not_fte_candidate,part_vii_and_schedule_j_verified,Return/ReturnData/IRS990/Form990PartVIISectionAGrp[17],Return/ReturnData/IRS990ScheduleJ/RltdOrgOfficerTrstKeyEmplGrp[2],,,,,,,benchmark/sources/native/form990/202412399349300756_public.xml
SRC-990-EXT-CENTER-FOR-PUBLIC-INTEGRITY,Center for Public Integrity,SRC-990-EXT-CENTER-FOR-PUBLIC-INTEGRITY::mcnellycolontorres,MCNELLY COLON-TORRES,EDITOR,non_ceo_position,functional,no_transition_indicated,no,no,0.50,,0.5,142231,148639,no,,,,,,no,not_fte_candidate,part_vii_verified_no_schedule_j,Return/ReturnData/IRS990/Form990PartVIISectionAGrp[21],,,,,,,,benchmark/sources/native/form990/202412399349300756_public.xml
SRC-990-EXT-CENTER-FOR-PUBLIC-INTEGRITY,Center for Public Integrity,SRC-990-EXT-CENTER-FOR-PUBLIC-INTEGRITY::suesuh,SUE SUH,DIRECTOR,governance,governance,no_transition_indicated,no,no,6.00,,6,1176,1176,no,,,,,,no,not_fte_candidate,part_vii_verified_no_schedule_j,Return/ReturnData/IRS990/Form990PartVIISectionAGrp[15],,,,,,,,benchmark/sources/native/form990/202412399349300756_public.xml
SRC-990-EXT-CENTER-FOR-PUBLIC-INTEGRITY,Center for Public Integrity,SRC-990-EXT-CENTER-FOR-PUBLIC-INTEGRITY::wesleylowery,WESLEY LOWERY,CO- CHAIR,unmapped_position,uncertain,no_transition_indicated,no,no,6.00,,6,19286,19566,no,,,,,,no,not_fte_candidate,part_vii_verified_no_schedule_j,Return/ReturnData/IRS990/Form990PartVIISectionAGrp[11],,,,,,,,benchmark/sources/native/form990/202412399349300756_public.xml
SRC-990-EXT-CENTER-FOR-RESPONSIBLE-LENDING,Center for Responsible Lending,SRC-990-EXT-CENTER-FOR-RESPONSIBLE-LENDING::andrewkushner,Andrew Kushner,Senior Policy Counsel,non_ceo_position,functional,no_transition_indicated,no,yes,0.00,40.00,40,150782,164292,yes,150782,150782,0,40.0,150782.0,yes,standardizable_combined_40h_equivalent,part_vii_and_schedule_j_verified,Return/ReturnData/IRS990/Form990PartVIISectionAGrp[2],Return/ReturnData/IRS990ScheduleJ/RltdOrgOfficerTrstKeyEmplGrp[3],,,,,,,benchmark/sources/native/form990/202621149349301437_public.xml
SRC-990-EXT-CENTER-FOR-RESPONSIBLE-LENDING,Center for Responsible Lending,SRC-990-EXT-CENTER-FOR-RESPONSIBLE-LENDING::elizabethjladerman,Elizabeth J Laderman,Senior Researcher,non_ceo_position,functional,no_transition_indicated,no,yes,0.00,40.00,40,142640,173681,yes,142640,142640,0,40.0,142640.0,yes,standardizable_combined_40h_equivalent,part_vii_and_schedule_j_verified,Return/ReturnData/IRS990/Form990PartVIISectionAGrp[1],Return/ReturnData/IRS990ScheduleJ/RltdOrgOfficerTrstKeyEmplGrp[4],,,,,,,benchmark/sources/native/form990/202621149349301437_public.xml
SRC-990-EXT-CENTER-FOR-RESPONSIBLE-LENDING,Center for Responsible Lending,SRC-990-EXT-CENTER-FOR-RESPONSIBLE-LENDING::ellenharnick,Ellen Harnick,CRL EVP,non_ceo_position,functional,no_transition_indicated,no,yes,0.00,40.00,40,136684,157826,yes,136684,136684,0,40.0,136684.0,yes,standardizable_combined_40h_equivalent,part_vii_and_schedule_j_verified,Return/ReturnData/IRS990/Form990PartVIISectionAGrp[4],Return/ReturnData/IRS990ScheduleJ/RltdOrgOfficerTrstKeyEmplGrp[2],,,,,,,benchmark/sources/native/form990/202621149349301437_public.xml
SRC-990-EXT-CENTER-FOR-RESPONSIBLE-LENDING,Center for Responsible Lending,SRC-990-EXT-CENTER-FOR-RESPONSIBLE-LENDING::marcusbowen,Marcus Bowen,Treasurer,non_ceo_position,functional,no_transition_indicated,no,yes,0.00,40.00,40,105750,141893,no,,,,,,no,not_fte_candidate,part_vii_verified_no_schedule_j,Return/ReturnData/IRS990/Form990PartVIISectionAGrp[7],,,,,,,,benchmark/sources/native/form990/202621149349301437_public.xml
SRC-990-EXT-CENTER-FOR-RESPONSIBLE-LENDING,Center for Responsible Lending,SRC-990-EXT-CENTER-FOR-RESPONSIBLE-LENDING::martineakes,Martin Eakes,CEODirectorSecretary,generic_ceo_like,uncertain,no_transition_indicated,no,yes,0.00,40.00,40,100961,136788,no,,,,,,no,not_fte_candidate,part_vii_verified_no_schedule_j,Return/ReturnData/IRS990/Form990PartVIISectionAGrp[8],,,,,,,,benchmark/sources/native/form990/202621149349301437_public.xml
SRC-990-EXT-CENTER-FOR-RESPONSIBLE-LENDING,Center for Responsible Lending,SRC-990-EXT-CENTER-FOR-RESPONSIBLE-LENDING::michaelcalhoun,Michael Calhoun,President,non_ceo_position,functional,no_transition_indicated,no,yes,0.00,40.00,40,141227,163614,yes,141227,141227,0,40.0,141227.0,yes,standardizable_combined_40h_equivalent,part_vii_and_schedule_j_verified,Return/ReturnData/IRS990/Form990PartVIISectionAGrp[3],Return/ReturnData/IRS990ScheduleJ/RltdOrgOfficerTrstKeyEmplGrp[1],,,,,,,benchmark/sources/native/form990/202621149349301437_public.xml
SRC-990-EXT-CENTER-FOR-RESPONSIBLE-LENDING,Center for Responsible Lending,SRC-990-EXT-CENTER-FOR-RESPONSIBLE-LENDING::mitriaspotser,Mitria Spotser,Director Federal Policy,non_ceo_position,functional,no_transition_indicated,no,yes,0.00,40.00,40,143589,156997,yes,143589,143589,0,40.0,143589.0,yes,standardizable_combined_40h_equivalent,part_vii_and_schedule_j_verified,Return/ReturnData/IRS990/Form990PartVIISectionAGrp[5],Return/ReturnData/IRS990ScheduleJ/RltdOrgOfficerTrstKeyEmplGrp[6],,,,,,,benchmark/sources/native/form990/202621149349301437_public.xml
SRC-990-EXT-CENTER-FOR-RESPONSIBLE-LENDING,Center for Responsible Lending,SRC-990-EXT-CENTER-FOR-RESPONSIBLE-LENDING::petersmith,Peter Smith,Sr Researcher,non_ceo_position,functional,no_transition_indicated,no,yes,0.00,40.00,40,148452,156430,yes,148452,148452,0,40.0,148452.0,yes,standardizable_combined_40h_equivalent,part_vii_and_schedule_j_verified,Return/ReturnData/IRS990/Form990PartVIISectionAGrp[6],Return/ReturnData/IRS990ScheduleJ/RltdOrgOfficerTrstKeyEmplGrp[5],,,,,,,benchmark/sources/native/form990/202621149349301437_public.xml
SRC-990-EXT-CENTER-FOR-A-HUMANE-ECONOMY,Center for a Humane Economy,SRC-990-EXT-CENTER-FOR-A-HUMANE-ECONOMY::karenduarte,KAREN DUARTE,DIRECTOR OF PHILANTHROPY,non_ceo_position,functional,no_transition_indicated,no,yes,40.00,,40,126954,126954,no,,,,,,no,not_fte_candidate,part_vii_verified_no_schedule_j,Return/ReturnData/IRS990/Form990PartVIISectionAGrp[8],,,,,,,,benchmark/sources/native/form990/202502459349301350_public.xml
SRC-990-EXT-CENTER-FOR-A-HUMANE-ECONOMY,Center for a Humane Economy,SRC-990-EXT-CENTER-FOR-A-HUMANE-ECONOMY::zacharybennett,ZACHARY BENNETT,SENIOR POLICY COUNSEL,non_ceo_position,functional,no_transition_indicated,no,yes,40.00,,40,125000,125000,no,,,,,,no,not_fte_candidate,part_vii_verified_no_schedule_j,Return/ReturnData/IRS990/Form990PartVIISectionAGrp[9],,,,,,,,benchmark/sources/native/form990/202502459349301350_public.xml
SRC-990-EXT-CENTER-FOR-A-NEW-AMERICAN-SECURITY,Center for a New American Security,SRC-990-EXT-CENTER-FOR-A-NEW-AMERICAN-SECURITY::andreakendalltaylor,Andrea Kendall-Taylor,"Program Director, TSP",non_ceo_position,functional,no_transition_indicated,no,yes,40.00,,40,212457,212457,yes,191250,191250,0,40.0,191250.0,yes,standardizable_combined_40h_equivalent,part_vii_and_schedule_j_verified,Return/ReturnData/IRS990/Form990PartVIISectionAGrp[22],Return/ReturnData/IRS990ScheduleJ/RltdOrgOfficerTrstKeyEmplGrp[7],SRC-990-EXT-CENTER-FOR-A-NEW-AMERICAN-SECURITY,5,5,paulscharre,paulscharre,false,benchmark/sources/native/form990/202542329349300819_public.xml
SRC-990-EXT-CENTER-FOR-A-NEW-AMERICAN-SECURITY,Center for a New American Security,SRC-990-EXT-CENTER-FOR-A-NEW-AMERICAN-SECURITY::annasaitocarson,Anna Saito Carson,Director of Development,non_ceo_position,functional,no_transition_indicated,no,yes,40.00,,40,265767,265767,yes,216250,216250,0,40.0,216250.0,yes,standardizable_combined_40h_equivalent,part_vii_and_schedule_j_verified,Return/ReturnData/IRS990/Form990PartVIISectionAGrp[19],Return/ReturnData/IRS990ScheduleJ/RltdOrgOfficerTrstKeyEmplGrp[4],SRC-990-EXT-CENTER-FOR-A-NEW-AMERICAN-SECURITY,2,2,paulscharre,paulscharre,false,benchmark/sources/native/form990/202542329349300819_public.xml
SRC-990-EXT-CENTER-FOR-A-NEW-AMERICAN-SECURITY,Center for a New American Security,SRC-990-EXT-CENTER-FOR-A-NEW-AMERICAN-SECURITY::carriecordero,Carrie Cordero,General Counsel,non_ceo_position,functional,no_transition_indicated,no,yes,40.00,,40,202837,202837,yes,186250,186250,0,40.0,186250.0,yes,standardizable_combined_40h_equivalent,part_vii_and_schedule_j_verified,Return/ReturnData/IRS990/Form990PartVIISectionAGrp[23],Return/ReturnData/IRS990ScheduleJ/RltdOrgOfficerTrstKeyEmplGrp[8],SRC-990-EXT-CENTER-FOR-A-NEW-AMERICAN-SECURITY,7,7,paulscharre,paulscharre,false,benchmark/sources/native/form990/202542329349300819_public.xml
SRC-990-EXT-CENTER-FOR-A-NEW-AMERICAN-SECURITY,Center for a New American Security,SRC-990-EXT-CENTER-FOR-A-NEW-AMERICAN-SECURITY::emilykilcrease,Emily Kilcrease,"Program Director, EES",non_ceo_position,functional,no_transition_indicated,no,yes,40.00,,40,268024,268024,yes,187499,187499,0,40.0,187499.0,yes,standardizable_combined_40h_equivalent,part_vii_and_schedule_j_verified,Return/ReturnData/IRS990/Form990PartVIISectionAGrp[18],Return/ReturnData/IRS990ScheduleJ/RltdOrgOfficerTrstKeyEmplGrp[3],SRC-990-EXT-CENTER-FOR-A-NEW-AMERICAN-SECURITY,6,6,paulscharre,paulscharre,false,benchmark/sources/native/form990/202542329349300819_public.xml
SRC-990-EXT-CENTER-FOR-A-NEW-AMERICAN-SECURITY,Center for a New American Security,SRC-990-EXT-CENTER-FOR-A-NEW-AMERICAN-SECURITY::lisacurtis,Lisa Curtis,"Program Director, IPS",non_ceo_position,functional,no_transition_indicated,no,yes,40.00,,40,259149,259149,yes,208500,208500,0,40.0,208500.0,yes,standardizable_combined_40h_equivalent,part_vii_and_schedule_j_verified,Return/ReturnData/IRS990/Form990PartVIISectionAGrp[21],Return/ReturnData/IRS990ScheduleJ/RltdOrgOfficerTrstKeyEmplGrp[5],SRC-990-EXT-CENTER-FOR-A-NEW-AMERICAN-SECURITY,3,3,paulscharre,paulscharre,false,benchmark/sources/native/form990/202542329349300819_public.xml
SRC-990-EXT-CENTER-FOR-A-NEW-AMERICAN-SECURITY,Center for a New American Security,SRC-990-EXT-CENTER-FOR-A-NEW-AMERICAN-SECURITY::paulscharre,Paul Scharre,Executive Vice President,non_ceo_position,functional,no_transition_indicated,no,yes,40.00,,40,393352,393352,yes,307500,307500,0,40.0,307500.0,yes,standardizable_combined_40h_equivalent,part_vii_and_schedule_j_verified,Return/ReturnData/IRS990/Form990PartVIISectionAGrp[17],Return/ReturnData/IRS990ScheduleJ/RltdOrgOfficerTrstKeyEmplGrp[2],SRC-990-EXT-CENTER-FOR-A-NEW-AMERICAN-SECURITY,1,1,paulscharre,paulscharre,false,benchmark/sources/native/form990/202542329349300819_public.xml
SRC-990-EXT-CENTER-FOR-A-NEW-AMERICAN-SECURITY,Center for a New American Security,SRC-990-EXT-CENTER-FOR-A-NEW-AMERICAN-SECURITY::staciepettyjohn,Stacie Pettyjohn,"Program Director, Defense",non_ceo_position,functional,no_transition_indicated,no,yes,40.00,,40,243564,243564,yes,195750,195750,0,40.0,195750.0,yes,standardizable_combined_40h_equivalent,part_vii_and_schedule_j_verified,Return/ReturnData/IRS990/Form990PartVIISectionAGrp[20],Return/ReturnData/IRS990ScheduleJ/RltdOrgOfficerTrstKeyEmplGrp[6],SRC-990-EXT-CENTER-FOR-A-NEW-AMERICAN-SECURITY,4,4,paulscharre,paulscharre,false,benchmark/sources/native/form990/202542329349300819_public.xml
SRC-990-EXT-CHARITY-NAVIGATOR,Charity Navigator,SRC-990-EXT-CHARITY-NAVIGATOR::donaldboulia,Donald Boulia,Chief Product & Technology Officer,non_ceo_position,functional,no_transition_indicated,no,yes,40.00,,40,210374,235540,yes,210374,210374,0,40.0,210374.0,yes,standardizable_combined_40h_equivalent,part_vii_and_schedule_j_verified,Return/ReturnData/IRS990/Form990PartVIISectionAGrp[20],Return/ReturnData/IRS990ScheduleJ/RltdOrgOfficerTrstKeyEmplGrp[5],SRC-990-EXT-CHARITY-NAVIGATOR,1,1,donaldboulia,donaldboulia,false,benchmark/sources/native/form990/202640789349301509_public.xml
SRC-990-EXT-CHARITY-NAVIGATOR,Charity Navigator,SRC-990-EXT-CHARITY-NAVIGATOR::joseantoniorodriguez,Jose Antonio Rodriguez,Chief Revenue Officer,non_ceo_position,functional,no_transition_indicated,no,yes,40.00,,40,9038,9038,no,,,,,,no,not_fte_candidate,part_vii_verified_no_schedule_j,Return/ReturnData/IRS990/Form990PartVIISectionAGrp[21],,SRC-990-EXT-CHARITY-NAVIGATOR,,,donaldboulia,donaldboulia,false,benchmark/sources/native/form990/202640789349301509_public.xml
SRC-990-EXT-CHARITY-NAVIGATOR,Charity Navigator,SRC-990-EXT-CHARITY-NAVIGATOR::kevinscallydeparted82024,Kevin Scally Departed 82024,Chief Relationship Officer,non_ceo_position,functional,partial_or_uncertain,no,yes,40.00,,40,155513,170788,yes,155513,155513,0,,,no,not_fte_candidate,part_vii_and_schedule_j_verified,Return/ReturnData/IRS990/Form990PartVIISectionAGrp[19],Return/ReturnData/IRS990ScheduleJ/RltdOrgOfficerTrstKeyEmplGrp[4],SRC-990-EXT-CHARITY-NAVIGATOR,,,donaldboulia,donaldboulia,false,benchmark/sources/native/form990/202640789349301509_public.xml
SRC-990-EXT-CHARITY-NAVIGATOR,Charity Navigator,SRC-990-EXT-CHARITY-NAVIGATOR::lauraandes,Laura Andes,Chief Program & Operating Officer,non_ceo_position,functional,no_transition_indicated,no,yes,40.00,,40,181954,205689,yes,181954,181954,0,40.0,181954.0,yes,standardizable_combined_40h_equivalent,part_vii_and_schedule_j_verified,Return/ReturnData/IRS990/Form990PartVIISectionAGrp[18],Return/ReturnData/IRS990ScheduleJ/RltdOrgOfficerTrstKeyEmplGrp[3],SRC-990-EXT-CHARITY-NAVIGATOR,2,2,donaldboulia,donaldboulia,false,benchmark/sources/native/form990/202640789349301509_public.xml
SRC-990-EXT-CHARITY-NAVIGATOR,Charity Navigator,SRC-990-EXT-CHARITY-NAVIGATOR::leaprince,Lea Prince,"VP, Programs",non_ceo_position,functional,no_transition_indicated,no,yes,40.00,,40,120647,147933,no,,,,,,no,not_fte_candidate,part_vii_verified_no_schedule_j,Return/ReturnData/IRS990/Form990PartVIISectionAGrp[22],,SRC-990-EXT-CHARITY-NAVIGATOR,,,donaldboulia,donaldboulia,false,benchmark/sources/native/form990/202640789349301509_public.xml
SRC-990-EXT-CHARITY-NAVIGATOR,Charity Navigator,SRC-990-EXT-CHARITY-NAVIGATOR::lesliemccarey,Leslie McCarey,"VP, Marketing",non_ceo_position,functional,no_transition_indicated,no,yes,40.00,,40,121630,126979,no,,,,,,no,not_fte_candidate,part_vii_verified_no_schedule_j,Return/ReturnData/IRS990/Form990PartVIISectionAGrp[26],,SRC-990-EXT-CHARITY-NAVIGATOR,,,donaldboulia,donaldboulia,false,benchmark/sources/native/form990/202640789349301509_public.xml
SRC-990-EXT-CHARITY-NAVIGATOR,Charity Navigator,SRC-990-EXT-CHARITY-NAVIGATOR::lisamitchell,Lisa Mitchell,Project Management Officer,non_ceo_position,functional,no_transition_indicated,no,yes,40.00,,40,117874,131234,no,,,,,,no,not_fte_candidate,part_vii_verified_no_schedule_j,Return/ReturnData/IRS990/Form990PartVIISectionAGrp[25],,SRC-990-EXT-CHARITY-NAVIGATOR,,,donaldboulia,donaldboulia,false,benchmark/sources/native/form990/202640789349301509_public.xml
SRC-990-EXT-CHARITY-NAVIGATOR,Charity Navigator,SRC-990-EXT-CHARITY-NAVIGATOR::moustafaelshaabiny,Moustafa Elshaabiny,Director of Engineering,non_ceo_position,functional,no_transition_indicated,no,yes,40.00,,40,139739,161418,yes,139739,139739,0,40.0,139739.0,yes,standardizable_combined_40h_equivalent,part_vii_and_schedule_j_verified,Return/ReturnData/IRS990/Form990PartVIISectionAGrp[23],Return/ReturnData/IRS990ScheduleJ/RltdOrgOfficerTrstKeyEmplGrp[6],SRC-990-EXT-CHARITY-NAVIGATOR,3,3,donaldboulia,donaldboulia,false,benchmark/sources/native/form990/202640789349301509_public.xml
SRC-990-EXT-CHARITY-NAVIGATOR,Charity Navigator,SRC-990-EXT-CHARITY-NAVIGATOR::nancyduncan,Nancy Duncan,"VP, Human Resources",non_ceo_position,functional,no_transition_indicated,no,yes,40.00,,40,133973,162908,yes,133973,133973,0,40.0,133973.0,yes,standardizable_combined_40h_equivalent,part_vii_and_schedule_j_verified,Return/ReturnData/IRS990/Form990PartVIISectionAGrp[24],Return/ReturnData/IRS990ScheduleJ/RltdOrgOfficerTrstKeyEmplGrp[7],SRC-990-EXT-CHARITY-NAVIGATOR,5,5,donaldboulia,donaldboulia,false,benchmark/sources/native/form990/202640789349301509_public.xml
SRC-990-EXT-CHARITY-NAVIGATOR,Charity Navigator,SRC-990-EXT-CHARITY-NAVIGATOR::nancysadek,Nancy Sadek,Chief Administrative Offic,non_ceo_position,functional,no_transition_indicated,no,yes,40.00,,40,134987,163169,yes,134987,134987,0,40.0,134987.0,yes,standardizable_combined_40h_equivalent,part_vii_and_schedule_j_verified,Return/ReturnData/IRS990/Form990PartVIISectionAGrp[17],Return/ReturnData/IRS990ScheduleJ/RltdOrgOfficerTrstKeyEmplGrp[2],SRC-990-EXT-CHARITY-NAVIGATOR,4,4,donaldboulia,donaldboulia,false,benchmark/sources/native/form990/202640789349301509_public.xml
SRC-990-EXT-CHICAGO-COUNCIL-ON-GLOBAL-AFFAIRS,Chicago Council on Global Affairs,SRC-990-EXT-CHICAGO-COUNCIL-ON-GLOBAL-AFFAIRS::dinasmeltz,DINA SMELTZ,"VP PUBLIC OPINION, FOREIGN POLICY",non_ceo_position,functional,no_transition_indicated,no,yes,40.00,,40,219156,241791,yes,219156,219156,0,40.0,219156.0,yes,standardizable_combined_40h_equivalent,part_vii_and_schedule_j_verified,Return/ReturnData/IRS990/Form990PartVIISectionAGrp[76],Return/ReturnData/IRS990ScheduleJ/RltdOrgOfficerTrstKeyEmplGrp[3],SRC-990-EXT-CHICAGO-COUNCIL-ON-GLOBAL-AFFAIRS,2,2,laurenlawal,laurenlawal,false,benchmark/sources/native/form990/202543179349309229_public.xml
SRC-990-EXT-CHICAGO-COUNCIL-ON-GLOBAL-AFFAIRS,Chicago Council on Global Affairs,SRC-990-EXT-CHICAGO-COUNCIL-ON-GLOBAL-AFFAIRS::laurenlawal,LAUREN LAWAL,"VP, FINANCE & OPERATIONS",non_ceo_position,functional,no_transition_indicated,no,yes,40.00,,40,280940,295213,yes,231325,231325,0,40.0,231325.0,yes,standardizable_combined_40h_equivalent,part_vii_and_schedule_j_verified,Return/ReturnData/IRS990/Form990PartVIISectionAGrp[75],Return/ReturnData/IRS990ScheduleJ/RltdOrgOfficerTrstKeyEmplGrp[2],SRC-990-EXT-CHICAGO-COUNCIL-ON-GLOBAL-AFFAIRS,1,1,laurenlawal,laurenlawal,false,benchmark/sources/native/form990/202543179349309229_public.xml
SRC-990-EXT-CHICAGO-COUNCIL-ON-GLOBAL-AFFAIRS,Chicago Council on Global Affairs,SRC-990-EXT-CHICAGO-COUNCIL-ON-GLOBAL-AFFAIRS::matthewporter,MATTHEW PORTER,SVP & COO,non_ceo_position,functional,no_transition_indicated,no,yes,40.00,,40,131380,145105,no,,,,,,no,not_fte_candidate,part_vii_verified_no_schedule_j,Return/ReturnData/IRS990/Form990PartVIISectionAGrp[79],,SRC-990-EXT-CHICAGO-COUNCIL-ON-GLOBAL-AFFAIRS,,,laurenlawal,laurenlawal,false,benchmark/sources/native/form990/202543179349309229_public.xml
SRC-990-EXT-CHICAGO-COUNCIL-ON-GLOBAL-AFFAIRS,Chicago Council on Global Affairs,SRC-990-EXT-CHICAGO-COUNCIL-ON-GLOBAL-AFFAIRS::robertcordes,ROBERT CORDES,CONTROLLER,non_ceo_position,functional,no_transition_indicated,no,yes,40.00,,40,170032,175072,yes,28882,28882,0,40.0,28882.0,yes,standardizable_combined_40h_equivalent,part_vii_and_schedule_j_verified,Return/ReturnData/IRS990/Form990PartVIISectionAGrp[74],Return/ReturnData/IRS990ScheduleJ/RltdOrgOfficerTrstKeyEmplGrp[6],SRC-990-EXT-CHICAGO-COUNCIL-ON-GLOBAL-AFFAIRS,5,5,laurenlawal,laurenlawal,false,benchmark/sources/native/form990/202543179349309229_public.xml
SRC-990-EXT-CHICAGO-COUNCIL-ON-GLOBAL-AFFAIRS,Chicago Council on Global Affairs,SRC-990-EXT-CHICAGO-COUNCIL-ON-GLOBAL-AFFAIRS::samanthaskinnermonroe,SAMANTHA SKINNER MONROE,"SVP, MARKETING",non_ceo_position,functional,no_transition_indicated,no,yes,40.00,,40,214284,237072,yes,214284,214284,0,40.0,214284.0,yes,standardizable_combined_40h_equivalent,part_vii_and_schedule_j_verified,Return/ReturnData/IRS990/Form990PartVIISectionAGrp[77],Return/ReturnData/IRS990ScheduleJ/RltdOrgOfficerTrstKeyEmplGrp[4],SRC-990-EXT-CHICAGO-COUNCIL-ON-GLOBAL-AFFAIRS,3,3,laurenlawal,laurenlawal,false,benchmark/sources/native/form990/202543179349309229_public.xml
SRC-990-EXT-CHICAGO-COUNCIL-ON-GLOBAL-AFFAIRS,Chicago Council on Global Affairs,SRC-990-EXT-CHICAGO-COUNCIL-ON-GLOBAL-AFFAIRS::sarahbreenbartecki,SARAH BREEN-BARTECKI,SVP CHIEF REVENUE OFFICER,non_ceo_position,functional,no_transition_indicated,no,yes,40.00,,40,180641,186852,yes,180641,180641,0,40.0,180641.0,yes,standardizable_combined_40h_equivalent,part_vii_and_schedule_j_verified,Return/ReturnData/IRS990/Form990PartVIISectionAGrp[78],Return/ReturnData/IRS990ScheduleJ/RltdOrgOfficerTrstKeyEmplGrp[5],SRC-990-EXT-CHICAGO-COUNCIL-ON-GLOBAL-AFFAIRS,4,4,laurenlawal,laurenlawal,false,benchmark/sources/native/form990/202543179349309229_public.xml
SRC-990-EXT-CLEAN-AIR-TASK-FORCE,Clean Air Task Force,SRC-990-EXT-CLEAN-AIR-TASK-FORCE::annweeks,ANN WEEKS,LEGAL DIRECT,non_ceo_position,functional,no_transition_indicated,no,yes,40.00,,40,222507,234360,yes,222507,222507,0,40.0,222507.0,yes,standardizable_combined_40h_equivalent,part_vii_and_schedule_j_verified,Return/ReturnData/IRS990/Form990PartVIISectionAGrp[26],Return/ReturnData/IRS990ScheduleJ/RltdOrgOfficerTrstKeyEmplGrp[16],SRC-990-EXT-CLEAN-AIR-TASK-FORCE,4,4,conradschneider,conradschneider,false,benchmark/sources/native/form990/202522829349300322_public.xml
SRC-990-EXT-CLEAN-AIR-TASK-FORCE,Clean Air Task Force,SRC-990-EXT-CLEAN-AIR-TASK-FORCE::ashleykorn,ASHLEY KORN,CLERK,unmapped_position,uncertain,no_transition_indicated,no,yes,38.00,2.00,40,214236,238859,yes,214236,214236,0,,,no,not_fte_candidate,part_vii_and_schedule_j_verified,Return/ReturnData/IRS990/Form990PartVIISectionAGrp[3],Return/ReturnData/IRS990ScheduleJ/RltdOrgOfficerTrstKeyEmplGrp[3],SRC-990-EXT-CLEAN-AIR-TASK-FORCE,,,conradschneider,conradschneider,false,benchmark/sources/native/form990/202522829349300322_public.xml
SRC-990-EXT-CLEAN-AIR-TASK-FORCE,Clean Air Task Force,SRC-990-EXT-CLEAN-AIR-TASK-FORCE::charlesvonbuchwaldwright,CHARLES VON BUCHWALD-WRIGHT,"DIRECTOR, IT",non_ceo_position,functional,no_transition_indicated,no,yes,40.00,,40,174852,192790,yes,174852,174852,0,40.0,174852.0,yes,standardizable_combined_40h_equivalent,part_vii_and_schedule_j_verified,Return/ReturnData/IRS990/Form990PartVIISectionAGrp[27],Return/ReturnData/IRS990ScheduleJ/RltdOrgOfficerTrstKeyEmplGrp[17],SRC-990-EXT-CLEAN-AIR-TASK-FORCE,11,11,conradschneider,conradschneider,false,benchmark/sources/native/form990/202522829349300322_public.xml
SRC-990-EXT-CLEAN-AIR-TASK-FORCE,Clean Air Task Force,SRC-990-EXT-CLEAN-AIR-TASK-FORCE::conradschneider,CONRAD SCHNEIDER,SENIOR DIR.,non_ceo_position,functional,no_transition_indicated,no,yes,35.00,5.00,40,246057,286143,yes,246057,246057,0,40.0,246057.0,yes,standardizable_combined_40h_equivalent,part_vii_and_schedule_j_verified,Return/ReturnData/IRS990/Form990PartVIISectionAGrp[24],Return/ReturnData/IRS990ScheduleJ/RltdOrgOfficerTrstKeyEmplGrp[14],SRC-990-EXT-CLEAN-AIR-TASK-FORCE,1,1,conradschneider,conradschneider,false,benchmark/sources/native/form990/202522829349300322_public.xml
SRC-990-EXT-CLEAN-AIR-TASK-FORCE,Clean Air Task Force,SRC-990-EXT-CLEAN-AIR-TASK-FORCE::davidmccabe,DAVID MCCABE,SENIOR SCIEN,non_ceo_position,functional,no_transition_indicated,no,yes,40.00,,40,172209,212837,yes,172209,172209,0,40.0,172209.0,yes,standardizable_combined_40h_equivalent,part_vii_and_schedule_j_verified,Return/ReturnData/IRS990/Form990PartVIISectionAGrp[28],Return/ReturnData/IRS990ScheduleJ/RltdOrgOfficerTrstKeyEmplGrp[18],SRC-990-EXT-CLEAN-AIR-TASK-FORCE,12,12,conradschneider,conradschneider,false,benchmark/sources/native/form990/202522829349300322_public.xml
SRC-990-EXT-CLEAN-AIR-TASK-FORCE,Clean Air Task Force,SRC-990-EXT-CLEAN-AIR-TASK-FORCE::hollyreuter,HOLLY REUTER,CLEAN ENERGY,unmapped_position,uncertain,no_transition_indicated,no,yes,40.00,,40,160509,168823,yes,160509,160509,0,,,no,not_fte_candidate,part_vii_and_schedule_j_verified,Return/ReturnData/IRS990/Form990PartVIISectionAGrp[23],Return/ReturnData/IRS990ScheduleJ/RltdOrgOfficerTrstKeyEmplGrp[13],SRC-990-EXT-CLEAN-AIR-TASK-FORCE,,,conradschneider,conradschneider,false,benchmark/sources/native/form990/202522829349300322_public.xml
SRC-990-EXT-CLEAN-AIR-TASK-FORCE,Clean Air Task Force,SRC-990-EXT-CLEAN-AIR-TASK-FORCE::jeremytarr,JEREMY TARR,U.S STATE PO,unmapped_position,uncertain,no_transition_indicated,no,yes,40.00,,40,183130,206781,yes,183130,183130,0,,,no,not_fte_candidate,part_vii_and_schedule_j_verified,Return/ReturnData/IRS990/Form990PartVIISectionAGrp[20],Return/ReturnData/IRS990ScheduleJ/RltdOrgOfficerTrstKeyEmplGrp[10],SRC-990-EXT-CLEAN-AIR-TASK-FORCE,,,conradschneider,conradschneider,false,benchmark/sources/native/form990/202522829349300322_public.xml
SRC-990-EXT-CLEAN-AIR-TASK-FORCE,Clean Air Task Force,SRC-990-EXT-CLEAN-AIR-TASK-FORCE::johnsteelman,JOHN STEELMAN,DIR. TRANS.,non_ceo_position,functional,no_transition_indicated,no,yes,40.00,,40,187892,238796,yes,187892,187892,0,40.0,187892.0,yes,standardizable_combined_40h_equivalent,part_vii_and_schedule_j_verified,Return/ReturnData/IRS990/Form990PartVIISectionAGrp[18],Return/ReturnData/IRS990ScheduleJ/RltdOrgOfficerTrstKeyEmplGrp[8],SRC-990-EXT-CLEAN-AIR-TASK-FORCE,8,8,conradschneider,conradschneider,false,benchmark/sources/native/form990/202522829349300322_public.xml
SRC-990-EXT-CLEAN-AIR-TASK-FORCE,Clean Air Task Force,SRC-990-EXT-CLEAN-AIR-TASK-FORCE::johnthompson,JOHN THOMPSON,TECHNOLOGY &,non_ceo_position,functional,no_transition_indicated,no,yes,40.00,,40,186238,237210,yes,186238,186238,0,40.0,186238.0,yes,standardizable_combined_40h_equivalent,part_vii_and_schedule_j_verified,Return/ReturnData/IRS990/Form990PartVIISectionAGrp[19],Return/ReturnData/IRS990ScheduleJ/RltdOrgOfficerTrstKeyEmplGrp[9],SRC-990-EXT-CLEAN-AIR-TASK-FORCE,9,9,conradschneider,conradschneider,false,benchmark/sources/native/form990/202522829349300322_public.xml
SRC-990-EXT-CLEAN-AIR-TASK-FORCE,Clean Air Task Force,SRC-990-EXT-CLEAN-AIR-TASK-FORCE::jonathanbanks,JONATHAN BANKS,GLOBAL DIR.,non_ceo_position,functional,no_transition_indicated,no,yes,40.00,,40,195153,206770,yes,195153,195153,0,40.0,195153.0,yes,standardizable_combined_40h_equivalent,part_vii_and_schedule_j_verified,Return/ReturnData/IRS990/Form990PartVIISectionAGrp[15],Return/ReturnData/IRS990ScheduleJ/RltdOrgOfficerTrstKeyEmplGrp[5],SRC-990-EXT-CLEAN-AIR-TASK-FORCE,5,5,conradschneider,conradschneider,false,benchmark/sources/native/form990/202522829349300322_public.xml
SRC-990-EXT-CLEAN-AIR-TASK-FORCE,Clean Air Task Force,SRC-990-EXT-CLEAN-AIR-TASK-FORCE::jonathanlewis,JONATHAN LEWIS,CHIEF OF GEO,unmapped_position,uncertain,no_transition_indicated,no,yes,40.00,,40,183049,223811,yes,183049,183049,0,,,no,not_fte_candidate,part_vii_and_schedule_j_verified,Return/ReturnData/IRS990/Form990PartVIISectionAGrp[21],Return/ReturnData/IRS990ScheduleJ/RltdOrgOfficerTrstKeyEmplGrp[11],SRC-990-EXT-CLEAN-AIR-TASK-FORCE,,,conradschneider,conradschneider,false,benchmark/sources/native/form990/202522829349300322_public.xml
SRC-990-EXT-CLEAN-AIR-TASK-FORCE,Clean Air Task Force,SRC-990-EXT-CLEAN-AIR-TASK-FORCE::kasparasspokas,KASPARAS SPOKAS,DIR OF INSIG,non_ceo_position,functional,no_transition_indicated,no,yes,40.00,,40,179000,209870,yes,179000,179000,0,40.0,179000.0,yes,standardizable_combined_40h_equivalent,part_vii_and_schedule_j_verified,Return/ReturnData/IRS990/Form990PartVIISectionAGrp[22],Return/ReturnData/IRS990ScheduleJ/RltdOrgOfficerTrstKeyEmplGrp[12],SRC-990-EXT-CLEAN-AIR-TASK-FORCE,10,10,conradschneider,conradschneider,false,benchmark/sources/native/form990/202522829349300322_public.xml
SRC-990-EXT-CLEAN-AIR-TASK-FORCE,Clean Air Task Force,SRC-990-EXT-CLEAN-AIR-TASK-FORCE::kathyfallon,KATHY FALLON,DIR. LAND SY,non_ceo_position,functional,no_transition_indicated,no,yes,40.00,,40,190231,240689,yes,190231,190231,0,40.0,190231.0,yes,standardizable_combined_40h_equivalent,part_vii_and_schedule_j_verified,Return/ReturnData/IRS990/Form990PartVIISectionAGrp[16],Return/ReturnData/IRS990ScheduleJ/RltdOrgOfficerTrstKeyEmplGrp[6],SRC-990-EXT-CLEAN-AIR-TASK-FORCE,6,6,conradschneider,conradschneider,false,benchmark/sources/native/form990/202522829349300322_public.xml
SRC-990-EXT-CLEAN-AIR-TASK-FORCE,Clean Air Task Force,SRC-990-EXT-CLEAN-AIR-TASK-FORCE::kaymcconagha,KAY MCCONAGHA,TREAS/COO(TH,non_ceo_position,functional,partial_or_uncertain,no,yes,35.00,5.00,40,220541,228637,yes,220541,220541,0,,,no,not_fte_candidate,part_vii_and_schedule_j_verified,Return/ReturnData/IRS990/Form990PartVIISectionAGrp[2],Return/ReturnData/IRS990ScheduleJ/RltdOrgOfficerTrstKeyEmplGrp[2],SRC-990-EXT-CLEAN-AIR-TASK-FORCE,,,conradschneider,conradschneider,false,benchmark/sources/native/form990/202522829349300322_public.xml
SRC-990-EXT-CLEAN-AIR-TASK-FORCE,Clean Air Task Force,SRC-990-EXT-CLEAN-AIR-TASK-FORCE::larissaleebeck,LARISSA LEE BECK,SENIOR DIR E,non_ceo_position,functional,no_transition_indicated,no,yes,40.00,,40,239827,253191,yes,239827,239827,0,40.0,239827.0,yes,standardizable_combined_40h_equivalent,part_vii_and_schedule_j_verified,Return/ReturnData/IRS990/Form990PartVIISectionAGrp[25],Return/ReturnData/IRS990ScheduleJ/RltdOrgOfficerTrstKeyEmplGrp[15],SRC-990-EXT-CLEAN-AIR-TASK-FORCE,2,2,conradschneider,conradschneider,false,benchmark/sources/native/form990/202522829349300322_public.xml
SRC-990-EXT-CLEAN-AIR-TASK-FORCE,Clean Air Task Force,SRC-990-EXT-CLEAN-AIR-TASK-FORCE::lilyordarno,LILY ORDARNO,DIR ENERGY &,non_ceo_position,functional,no_transition_indicated,no,yes,40.00,,40,189576,205319,yes,189576,189576,0,40.0,189576.0,yes,standardizable_combined_40h_equivalent,part_vii_and_schedule_j_verified,Return/ReturnData/IRS990/Form990PartVIISectionAGrp[17],Return/ReturnData/IRS990ScheduleJ/RltdOrgOfficerTrstKeyEmplGrp[7],SRC-990-EXT-CLEAN-AIR-TASK-FORCE,7,7,conradschneider,conradschneider,false,benchmark/sources/native/form990/202522829349300322_public.xml
SRC-990-EXT-CLEAN-AIR-TASK-FORCE,Clean Air Task Force,SRC-990-EXT-CLEAN-AIR-TASK-FORCE::terrarogers,TERRA ROGERS,DIR. SUPER H,non_ceo_position,functional,no_transition_indicated,no,yes,40.00,,40,228825,281775,yes,228825,228825,0,40.0,228825.0,yes,standardizable_combined_40h_equivalent,part_vii_and_schedule_j_verified,Return/ReturnData/IRS990/Form990PartVIISectionAGrp[14],Return/ReturnData/IRS990ScheduleJ/RltdOrgOfficerTrstKeyEmplGrp[4],SRC-990-EXT-CLEAN-AIR-TASK-FORCE,3,3,conradschneider,conradschneider,false,benchmark/sources/native/form990/202522829349300322_public.xml
SRC-990-EXT-CLIMATE-CENTRAL,Climate Central,SRC-990-EXT-CLIMATE-CENTRAL::andrewpershing,ANDREW PERSHING,CHIEF PROGRAM OFFICER,non_ceo_position,functional,no_transition_indicated,no,yes,40.00,,40,225000,286284,yes,225000,225000,0,40.0,225000.0,yes,standardizable_combined_40h_equivalent,part_vii_and_schedule_j_verified,Return/ReturnData/IRS990/Form990PartVIISectionAGrp[16],Return/ReturnData/IRS990ScheduleJ/RltdOrgOfficerTrstKeyEmplGrp[4],SRC-990-EXT-CLIMATE-CENTRAL,3,3,danieldodson,danieldodson,false,benchmark/sources/native/form990/202631769349300823_public.xml
SRC-990-EXT-CLIMATE-CENTRAL,Climate Central,SRC-990-EXT-CLIMATE-CENTRAL::bernadettewoodsplacky,BERNADETTE WOODS PLACKY,VP FOR ENGAGEMENT,non_ceo_position,functional,no_transition_indicated,no,yes,40.00,,40,213001,281644,yes,213001,213001,0,40.0,213001.0,yes,standardizable_combined_40h_equivalent,part_vii_and_schedule_j_verified,Return/ReturnData/IRS990/Form990PartVIISectionAGrp[17],Return/ReturnData/IRS990ScheduleJ/RltdOrgOfficerTrstKeyEmplGrp[5],SRC-990-EXT-CLIMATE-CENTRAL,5,5,danieldodson,danieldodson,false,benchmark/sources/native/form990/202631769349300823_public.xml
SRC-990-EXT-CLIMATE-CENTRAL,Climate Central,SRC-990-EXT-CLIMATE-CENTRAL::danieldodson,DANIEL DODSON,CHIEF TECHNOLOGY OFFICER,non_ceo_position,functional,no_transition_indicated,no,yes,40.00,,40,236554,307689,yes,236554,236554,0,40.0,236554.0,yes,standardizable_combined_40h_equivalent,part_vii_and_schedule_j_verified,Return/ReturnData/IRS990/Form990PartVIISectionAGrp[14],Return/ReturnData/IRS990ScheduleJ/RltdOrgOfficerTrstKeyEmplGrp[3],SRC-990-EXT-CLIMATE-CENTRAL,1,1,danieldodson,danieldodson,false,benchmark/sources/native/form990/202631769349300823_public.xml
SRC-990-EXT-CLIMATE-CENTRAL,Climate Central,SRC-990-EXT-CLIMATE-CENTRAL::emilyellensilberstein,EMILY ELLEN SILBERSTEIN,CHIEF OF STAFF,non_ceo_position,functional,no_transition_indicated,no,yes,40.00,,40,213750,263582,yes,213750,213750,0,40.0,213750.0,yes,standardizable_combined_40h_equivalent,part_vii_and_schedule_j_verified,Return/ReturnData/IRS990/Form990PartVIISectionAGrp[18],Return/ReturnData/IRS990ScheduleJ/RltdOrgOfficerTrstKeyEmplGrp[6],SRC-990-EXT-CLIMATE-CENTRAL,4,4,danieldodson,danieldodson,false,benchmark/sources/native/form990/202631769349300823_public.xml
SRC-990-EXT-CLIMATE-CENTRAL,Climate Central,SRC-990-EXT-CLIMATE-CENTRAL::monivettacevedo,MONIVETT ACEVEDO,VICE PRESIDENT FOR FINANCE,non_ceo_position,functional,no_transition_indicated,no,yes,40.00,,40,158958,214358,yes,158958,158958,0,40.0,158958.0,yes,standardizable_combined_40h_equivalent,part_vii_and_schedule_j_verified,Return/ReturnData/IRS990/Form990PartVIISectionAGrp[13],Return/ReturnData/IRS990ScheduleJ/RltdOrgOfficerTrstKeyEmplGrp[7],SRC-990-EXT-CLIMATE-CENTRAL,6,6,danieldodson,danieldodson,false,benchmark/sources/native/form990/202631769349300823_public.xml
SRC-990-EXT-CLIMATE-CENTRAL,Climate Central,SRC-990-EXT-CLIMATE-CENTRAL::scottandrewkulp,SCOTT ANDREW KULP,PRINCIPAL COMPUTATIONAL SCIENTIST,non_ceo_position,functional,no_transition_indicated,no,yes,40.00,,40,256391,329731,yes,234391,234391,0,40.0,234391.0,yes,standardizable_combined_40h_equivalent,part_vii_and_schedule_j_verified,Return/ReturnData/IRS990/Form990PartVIISectionAGrp[15],Return/ReturnData/IRS990ScheduleJ/RltdOrgOfficerTrstKeyEmplGrp[2],SRC-990-EXT-CLIMATE-CENTRAL,2,2,danieldodson,danieldodson,false,benchmark/sources/native/form990/202631769349300823_public.xml
SRC-990-EXT-CODE-FOR-SCIENCE-SOCIETY,Code for Science & Society,SRC-990-EXT-CODE-FOR-SCIENCE-SOCIETY::alexiahanna,ALEXIA HANNA,PROGRAM EXECUTIVE,non_ceo_position,program_or_affiliate,no_transition_indicated,no,yes,40.00,,40,178991,195776,yes,178991,178991,0,,,no,not_fte_candidate,part_vii_and_schedule_j_verified,Return/ReturnData/IRS990/Form990PartVIISectionAGrp[14],Return/ReturnData/IRS990ScheduleJ/RltdOrgOfficerTrstKeyEmplGrp[4],,,,,,,benchmark/sources/native/form990/202601359349304090_public.xml
SRC-990-EXT-CODE-FOR-SCIENCE-SOCIETY,Code for Science & Society,SRC-990-EXT-CODE-FOR-SCIENCE-SOCIETY::jochaibenavie,JOCHAI BEN-AVIE,DIRECTOR,governance,governance,no_transition_indicated,no,no,3.00,,3,26473,26473,no,,,,,,no,not_fte_candidate,part_vii_verified_no_schedule_j,Return/ReturnData/IRS990/Form990PartVIISectionAGrp[4],,,,,,,,benchmark/sources/native/form990/202601359349304090_public.xml
SRC-990-EXT-CODE-FOR-SCIENCE-SOCIETY,Code for Science & Society,SRC-990-EXT-CODE-FOR-SCIENCE-SOCIETY::joybuolamwini,JOY BUOLAMWINI,PROGRAM EXECUTIVE,non_ceo_position,program_or_affiliate,no_transition_indicated,no,yes,40.00,,40,179779,196696,yes,179779,179779,0,,,no,not_fte_candidate,part_vii_and_schedule_j_verified,Return/ReturnData/IRS990/Form990PartVIISectionAGrp[12],Return/ReturnData/IRS990ScheduleJ/RltdOrgOfficerTrstKeyEmplGrp[3],,,,,,,benchmark/sources/native/form990/202601359349304090_public.xml
SRC-990-EXT-CODE-FOR-SCIENCE-SOCIETY,Code for Science & Society,SRC-990-EXT-CODE-FOR-SCIENCE-SOCIETY::kaitlinthaney,KAITLIN THANEY,PROGRAM EXECUTIVE,non_ceo_position,program_or_affiliate,no_transition_indicated,no,yes,40.00,,40,194338,218854,yes,194338,194338,0,,,no,not_fte_candidate,part_vii_and_schedule_j_verified,Return/ReturnData/IRS990/Form990PartVIISectionAGrp[10],Return/ReturnData/IRS990ScheduleJ/RltdOrgOfficerTrstKeyEmplGrp[2],,,,,,,benchmark/sources/native/form990/202601359349304090_public.xml
SRC-990-EXT-CODE-FOR-SCIENCE-SOCIETY,Code for Science & Society,SRC-990-EXT-CODE-FOR-SCIENCE-SOCIETY::kenamayberry,KENA MAYBERRY,COO AND SECRETARY (FROM 03/2025),non_ceo_position,functional,not_held,no,yes,40.00,,40,40600,40600,no,,,,,,no,not_fte_candidate,part_vii_verified_no_schedule_j,Return/ReturnData/IRS990/Form990PartVIISectionAGrp[9],,,,,,,,benchmark/sources/native/form990/202601359349304090_public.xml
SRC-990-EXT-CODE-FOR-SCIENCE-SOCIETY,Code for Science & Society,SRC-990-EXT-CODE-FOR-SCIENCE-SOCIETY::melisabok,MELISA BOK,PROGRAM EXECUTIVE,non_ceo_position,program_or_affiliate,no_transition_indicated,no,yes,40.00,,40,180774,188005,yes,150674,150674,0,,,no,not_fte_candidate,part_vii_and_schedule_j_verified,Return/ReturnData/IRS990/Form990PartVIISectionAGrp[11],Return/ReturnData/IRS990ScheduleJ/RltdOrgOfficerTrstKeyEmplGrp[6],,,,,,,benchmark/sources/native/form990/202601359349304090_public.xml
SRC-990-EXT-CODE-FOR-SCIENCE-SOCIETY,Code for Science & Society,SRC-990-EXT-CODE-FOR-SCIENCE-SOCIETY::ronaldbrooksiii,RONALD BROOKS III,CFO AND TREASURER (FROM 10/2024),non_ceo_position,functional,partial_or_uncertain,no,yes,40.00,,40,40463,43213,no,,,,,,no,not_fte_candidate,part_vii_verified_no_schedule_j,Return/ReturnData/IRS990/Form990PartVIISectionAGrp[8],,,,,,,,benchmark/sources/native/form990/202601359349304090_public.xml
SRC-990-EXT-CODE-FOR-SCIENCE-SOCIETY,Code for Science & Society,SRC-990-EXT-CODE-FOR-SCIENCE-SOCIETY::timnitgebru,TIMNIT GEBRU,PROGRAM EXECUTIVE,non_ceo_position,program_or_affiliate,no_transition_indicated,no,yes,40.00,,40,183311,190143,yes,183311,183311,0,,,no,not_fte_candidate,part_vii_and_schedule_j_verified,Return/ReturnData/IRS990/Form990PartVIISectionAGrp[13],Return/ReturnData/IRS990ScheduleJ/RltdOrgOfficerTrstKeyEmplGrp[5],,,,,,,benchmark/sources/native/form990/202601359349304090_public.xml
SRC-990-EXT-COMMITTEE-FOR-A-RESPONSIBLE-FEDERAL-BUDGET,Committee for a Responsible Federal Budget,SRC-990-EXT-COMMITTEE-FOR-A-RESPONSIBLE-FEDERAL-BUDGET::adamshifrisssenior,ADAM SHIFRISS SENIOR,SENIOR DIRECTOR OF LEGISLATIVE STRATEGY,non_ceo_position,functional,no_transition_indicated,no,yes,40.00,,40,164156,200748,yes,164156,164156,0,40.0,164156.0,yes,standardizable_combined_40h_equivalent,part_vii_and_schedule_j_verified,Return/ReturnData/IRS990/Form990PartVIISectionAGrp[44],Return/ReturnData/IRS990ScheduleJ/RltdOrgOfficerTrstKeyEmplGrp[8],SRC-990-EXT-COMMITTEE-FOR-A-RESPONSIBLE-FEDERAL-BUDGET,7,7,marclgoldwein,marclgoldwein,false,benchmark/sources/native/form990/202611949349301721_public.xml
SRC-990-EXT-COMMITTEE-FOR-A-RESPONSIBLE-FEDERAL-BUDGET,Committee for a Responsible Federal Budget,SRC-990-EXT-COMMITTEE-FOR-A-RESPONSIBLE-FEDERAL-BUDGET::benjamintomchik,BENJAMIN TOMCHIK,VP AND DEPUTY CHIEF OF STAFF,non_ceo_position,functional,no_transition_indicated,no,yes,40.00,,40,182850,218200,yes,175650,175650,0,40.0,175650.0,yes,standardizable_combined_40h_equivalent,part_vii_and_schedule_j_verified,Return/ReturnData/IRS990/Form990PartVIISectionAGrp[45],Return/ReturnData/IRS990ScheduleJ/RltdOrgOfficerTrstKeyEmplGrp[6],SRC-990-EXT-COMMITTEE-FOR-A-RESPONSIBLE-FEDERAL-BUDGET,5,6,marclgoldwein,marclgoldwein,false,benchmark/sources/native/form990/202611949349301721_public.xml
SRC-990-EXT-COMMITTEE-FOR-A-RESPONSIBLE-FEDERAL-BUDGET,Committee for a Responsible Federal Budget,SRC-990-EXT-COMMITTEE-FOR-A-RESPONSIBLE-FEDERAL-BUDGET::christopherrrotella,CHRISTOPHER R ROTELLA,SR. DIRECTOR OF DEVELOPMENT,non_ceo_position,functional,no_transition_indicated,no,yes,40.00,,40,223730,257706,yes,203430,203430,0,40.0,203430.0,yes,standardizable_combined_40h_equivalent,part_vii_and_schedule_j_verified,Return/ReturnData/IRS990/Form990PartVIISectionAGrp[42],Return/ReturnData/IRS990ScheduleJ/RltdOrgOfficerTrstKeyEmplGrp[4],SRC-990-EXT-COMMITTEE-FOR-A-RESPONSIBLE-FEDERAL-BUDGET,3,4,marclgoldwein,marclgoldwein,false,benchmark/sources/native/form990/202611949349301721_public.xml
SRC-990-EXT-COMMITTEE-FOR-A-RESPONSIBLE-FEDERAL-BUDGET,Committee for a Responsible Federal Budget,SRC-990-EXT-COMMITTEE-FOR-A-RESPONSIBLE-FEDERAL-BUDGET::christophertowner,CHRISTOPHER TOWNER,POLICY DIRECTOR,non_ceo_position,functional,no_transition_indicated,no,yes,40.00,,40,186632,215844,yes,177632,177632,0,40.0,177632.0,yes,standardizable_combined_40h_equivalent,part_vii_and_schedule_j_verified,Return/ReturnData/IRS990/Form990PartVIISectionAGrp[46],Return/ReturnData/IRS990ScheduleJ/RltdOrgOfficerTrstKeyEmplGrp[7],SRC-990-EXT-COMMITTEE-FOR-A-RESPONSIBLE-FEDERAL-BUDGET,4,5,marclgoldwein,marclgoldwein,false,benchmark/sources/native/form990/202611949349301721_public.xml
SRC-990-EXT-COMMITTEE-FOR-A-RESPONSIBLE-FEDERAL-BUDGET,Committee for a Responsible Federal Budget,SRC-990-EXT-COMMITTEE-FOR-A-RESPONSIBLE-FEDERAL-BUDGET::marclgoldwein,MARC L GOLDWEIN,SVP AND SENIOR POLICY DIRECTOR,non_ceo_position,functional,no_transition_indicated,no,yes,40.00,,40,402775,460145,yes,278842,278842,0,40.0,278842.0,yes,standardizable_combined_40h_equivalent,part_vii_and_schedule_j_verified,Return/ReturnData/IRS990/Form990PartVIISectionAGrp[40],Return/ReturnData/IRS990ScheduleJ/RltdOrgOfficerTrstKeyEmplGrp[2],SRC-990-EXT-COMMITTEE-FOR-A-RESPONSIBLE-FEDERAL-BUDGET,1,1,marclgoldwein,marclgoldwein,false,benchmark/sources/native/form990/202611949349301721_public.xml
SRC-990-EXT-COMMITTEE-FOR-A-RESPONSIBLE-FEDERAL-BUDGET,Committee for a Responsible Federal Budget,SRC-990-EXT-COMMITTEE-FOR-A-RESPONSIBLE-FEDERAL-BUDGET::michaelvmurphy,MICHAEL V MURPHY,SVP AND CHIEF OF STAFF,non_ceo_position,functional,no_transition_indicated,no,yes,31.30,8.70,40,298960,342872,yes,207960,207960,0,40.0,207960.0,yes,standardizable_combined_40h_equivalent,part_vii_and_schedule_j_verified,Return/ReturnData/IRS990/Form990PartVIISectionAGrp[41],Return/ReturnData/IRS990ScheduleJ/RltdOrgOfficerTrstKeyEmplGrp[3],SRC-990-EXT-COMMITTEE-FOR-A-RESPONSIBLE-FEDERAL-BUDGET,2,2,marclgoldwein,marclgoldwein,false,benchmark/sources/native/form990/202611949349301721_public.xml
SRC-990-EXT-COMMITTEE-FOR-A-RESPONSIBLE-FEDERAL-BUDGET,Committee for a Responsible Federal Budget,SRC-990-EXT-COMMITTEE-FOR-A-RESPONSIBLE-FEDERAL-BUDGET::simonegfranksenior,SIMONE G FRANK SENIOR,"SENIOR ADVISOR, FINANCE & OPERATIONS",non_ceo_position,functional,no_transition_indicated,no,yes,29.70,2.30,32,183842,237176,yes,165442,165442,0,32.0,206802.5,yes,standardizable_combined_40h_equivalent,part_vii_and_schedule_j_verified,Return/ReturnData/IRS990/Form990PartVIISectionAGrp[43],Return/ReturnData/IRS990ScheduleJ/RltdOrgOfficerTrstKeyEmplGrp[5],SRC-990-EXT-COMMITTEE-FOR-A-RESPONSIBLE-FEDERAL-BUDGET,6,3,marclgoldwein,marclgoldwein,false,benchmark/sources/native/form990/202611949349301721_public.xml
SRC-990-EXT-COUNCIL-ON-STRATEGIC-RISKS,Council on Strategic Risks,SRC-990-EXT-COUNCIL-ON-STRATEGIC-RISKS::andrewweber,ANDREW WEBER,SENIOR FELLOW,non_ceo_position,functional,no_transition_indicated,no,yes,40.00,,40,158894,168443,yes,158894,158894,0,40.0,158894.0,yes,standardizable_combined_40h_equivalent,part_vii_and_schedule_j_verified,Return/ReturnData/IRS990/Form990PartVIISectionAGrp[24],Return/ReturnData/IRS990ScheduleJ/RltdOrgOfficerTrstKeyEmplGrp[9],SRC-990-EXT-COUNCIL-ON-STRATEGIC-RISKS,7,7,catherinedill,catherinedill,false,benchmark/sources/native/form990/202601119349300825_public.xml
SRC-990-EXT-COUNCIL-ON-STRATEGIC-RISKS,Council on Strategic Risks,SRC-990-EXT-COUNCIL-ON-STRATEGIC-RISKS::carolinebaxter,CAROLINE BAXTER,PROGRAM DIRECTOR,non_ceo_position,functional,no_transition_indicated,no,yes,40.00,,40,200400,212424,yes,200400,200400,0,40.0,200400.0,yes,standardizable_combined_40h_equivalent,part_vii_and_schedule_j_verified,Return/ReturnData/IRS990/Form990PartVIISectionAGrp[20],Return/ReturnData/IRS990ScheduleJ/RltdOrgOfficerTrstKeyEmplGrp[4],SRC-990-EXT-COUNCIL-ON-STRATEGIC-RISKS,3,3,catherinedill,catherinedill,false,benchmark/sources/native/form990/202601119349300825_public.xml
SRC-990-EXT-COUNCIL-ON-STRATEGIC-RISKS,Council on Strategic Risks,SRC-990-EXT-COUNCIL-ON-STRATEGIC-RISKS::catherinedill,CATHERINE DILL,VICE PRESIDENT OF PROGRAMS,non_ceo_position,functional,no_transition_indicated,no,yes,40.00,,40,209935,229796,yes,209935,209935,0,40.0,209935.0,yes,standardizable_combined_40h_equivalent,part_vii_and_schedule_j_verified,Return/ReturnData/IRS990/Form990PartVIISectionAGrp[17],Return/ReturnData/IRS990ScheduleJ/RltdOrgOfficerTrstKeyEmplGrp[2],SRC-990-EXT-COUNCIL-ON-STRATEGIC-RISKS,1,1,catherinedill,catherinedill,false,benchmark/sources/native/form990/202601119349300825_public.xml
SRC-990-EXT-COUNCIL-ON-STRATEGIC-RISKS,Council on Strategic Risks,SRC-990-EXT-COUNCIL-ON-STRATEGIC-RISKS::erinsikorsky,ERIN SIKORSKY,PROGRAM DIRECTOR,non_ceo_position,functional,no_transition_indicated,no,yes,40.00,,40,205680,218021,yes,205680,205680,0,40.0,205680.0,yes,standardizable_combined_40h_equivalent,part_vii_and_schedule_j_verified,Return/ReturnData/IRS990/Form990PartVIISectionAGrp[19],Return/ReturnData/IRS990ScheduleJ/RltdOrgOfficerTrstKeyEmplGrp[3],SRC-990-EXT-COUNCIL-ON-STRATEGIC-RISKS,2,2,catherinedill,catherinedill,false,benchmark/sources/native/form990/202601119349300825_public.xml
SRC-990-EXT-COUNCIL-ON-STRATEGIC-RISKS,Council on Strategic Risks,SRC-990-EXT-COUNCIL-ON-STRATEGIC-RISKS::francesofemia,FRANCESO FEMIA,SENIOR ADVISOR,unmapped_position,uncertain,no_transition_indicated,no,yes,40.00,,40,165420,175345,yes,165420,165420,0,,,no,not_fte_candidate,part_vii_and_schedule_j_verified,Return/ReturnData/IRS990/Form990PartVIISectionAGrp[22],Return/ReturnData/IRS990ScheduleJ/RltdOrgOfficerTrstKeyEmplGrp[8],SRC-990-EXT-COUNCIL-ON-STRATEGIC-RISKS,,,catherinedill,catherinedill,false,benchmark/sources/native/form990/202601119349300825_public.xml
SRC-990-EXT-COUNCIL-ON-STRATEGIC-RISKS,Council on Strategic Risks,SRC-990-EXT-COUNCIL-ON-STRATEGIC-RISKS::jessicarogers,JESSICA ROGERS,SENIOR FELLOW,non_ceo_position,functional,no_transition_indicated,no,yes,40.00,,40,161912,175823,yes,161912,161912,0,40.0,161912.0,yes,standardizable_combined_40h_equivalent,part_vii_and_schedule_j_verified,Return/ReturnData/IRS990/Form990PartVIISectionAGrp[23],Return/ReturnData/IRS990ScheduleJ/RltdOrgOfficerTrstKeyEmplGrp[7],SRC-990-EXT-COUNCIL-ON-STRATEGIC-RISKS,6,6,catherinedill,catherinedill,false,benchmark/sources/native/form990/202601119349300825_public.xml
SRC-990-EXT-COUNCIL-ON-STRATEGIC-RISKS,Council on Strategic Risks,SRC-990-EXT-COUNCIL-ON-STRATEGIC-RISKS::johnmoulton,JOHN MOULTON,DEPUTY DIRECTOR,non_ceo_position,functional,no_transition_indicated,no,yes,40.00,,40,198949,210903,yes,198949,198949,0,40.0,198949.0,yes,standardizable_combined_40h_equivalent,part_vii_and_schedule_j_verified,Return/ReturnData/IRS990/Form990PartVIISectionAGrp[21],Return/ReturnData/IRS990ScheduleJ/RltdOrgOfficerTrstKeyEmplGrp[6],SRC-990-EXT-COUNCIL-ON-STRATEGIC-RISKS,5,5,catherinedill,catherinedill,false,benchmark/sources/native/form990/202601119349300825_public.xml
SRC-990-EXT-COUNCIL-ON-STRATEGIC-RISKS,Council on Strategic Risks,SRC-990-EXT-COUNCIL-ON-STRATEGIC-RISKS::mallorystewart,MALLORY STEWART,EXECUTIVE VP,non_ceo_position,functional,no_transition_indicated,no,yes,40.00,,40,122070,123519,no,,,,,,no,not_fte_candidate,part_vii_verified_no_schedule_j,Return/ReturnData/IRS990/Form990PartVIISectionAGrp[18],,SRC-990-EXT-COUNCIL-ON-STRATEGIC-RISKS,,,catherinedill,catherinedill,false,benchmark/sources/native/form990/202601119349300825_public.xml
SRC-990-EXT-COUNCIL-ON-STRATEGIC-RISKS,Council on Strategic Risks,SRC-990-EXT-COUNCIL-ON-STRATEGIC-RISKS::scottstinson,SCOTT STINSON,CHIEF OPERATING OFFICER,non_ceo_position,functional,no_transition_indicated,no,yes,40.00,,40,200223,212236,yes,200223,200223,0,40.0,200223.0,yes,standardizable_combined_40h_equivalent,part_vii_and_schedule_j_verified,Return/ReturnData/IRS990/Form990PartVIISectionAGrp[16],Return/ReturnData/IRS990ScheduleJ/RltdOrgOfficerTrstKeyEmplGrp[5],SRC-990-EXT-COUNCIL-ON-STRATEGIC-RISKS,4,4,catherinedill,catherinedill,false,benchmark/sources/native/form990/202601119349300825_public.xml
SRC-990-EXT-CREATIVE-COMMONS,Creative Commons,SRC-990-EXT-CREATIVE-COMMONS::brigittevezina,BRIGITTE VEZINA,DIRECTOR OF OPEN CULTURE,non_ceo_position,functional,no_transition_indicated,no,yes,40.00,0.00,40,144485,144485,no,,,,,,no,not_fte_candidate,part_vii_verified_no_schedule_j,Return/ReturnData/IRS990/Form990PartVIISectionAGrp[17],,SRC-990-EXT-CREATIVE-COMMONS,,,cablegreen,cablegreen,false,benchmark/sources/native/form990/202543179349306294_public.xml
SRC-990-EXT-CREATIVE-COMMONS,Creative Commons,SRC-990-EXT-CREATIVE-COMMONS::cablegreen,CABLE GREEN,DIRECTOR OF OPEN EDUCATION,non_ceo_position,functional,no_transition_indicated,no,yes,40.00,0.00,40,196778,237445,yes,196778,196778,0,40.0,196778.0,yes,standardizable_combined_40h_equivalent,part_vii_and_schedule_j_verified,Return/ReturnData/IRS990/Form990PartVIISectionAGrp[14],Return/ReturnData/IRS990ScheduleJ/RltdOrgOfficerTrstKeyEmplGrp[2],SRC-990-EXT-CREATIVE-COMMONS,1,1,cablegreen,cablegreen,false,benchmark/sources/native/form990/202543179349306294_public.xml
SRC-990-EXT-CREATIVE-COMMONS,Creative Commons,SRC-990-EXT-CREATIVE-COMMONS::catherinestihler,CATHERINE STIHLER,CEO (THRU 12/31/23),generic_ceo_like,uncertain,partial_or_uncertain,yes,yes,40.00,0.00,40,115660,131440,yes,0,0,0,,,no,not_fte_candidate,part_vii_and_schedule_j_verified,Return/ReturnData/IRS990/Form990PartVIISectionAGrp[19],Return/ReturnData/IRS990ScheduleJ/RltdOrgOfficerTrstKeyEmplGrp[6],SRC-990-EXT-CREATIVE-COMMONS,,,cablegreen,cablegreen,false,benchmark/sources/native/form990/202543179349306294_public.xml
SRC-990-EXT-CREATIVE-COMMONS,Creative Commons,SRC-990-EXT-CREATIVE-COMMONS::erikadrushka,ERIKA DRUSHKA,COO,non_ceo_position,functional,no_transition_indicated,no,yes,40.00,0.00,40,105426,110997,no,,,,,,no,not_fte_candidate,part_vii_verified_no_schedule_j,Return/ReturnData/IRS990/Form990PartVIISectionAGrp[12],,SRC-990-EXT-CREATIVE-COMMONS,,,cablegreen,cablegreen,false,benchmark/sources/native/form990/202543179349306294_public.xml
SRC-990-EXT-CREATIVE-COMMONS,Creative Commons,SRC-990-EXT-CREATIVE-COMMONS::jennrynwetzler,JENNRYN WETZLER,DIRECTOR OF TRAINING/LEARNING,non_ceo_position,functional,no_transition_indicated,no,yes,40.00,0.00,40,144375,152973,yes,144375,144375,0,40.0,144375.0,yes,standardizable_combined_40h_equivalent,part_vii_and_schedule_j_verified,Return/ReturnData/IRS990/Form990PartVIISectionAGrp[16],Return/ReturnData/IRS990ScheduleJ/RltdOrgOfficerTrstKeyEmplGrp[5],SRC-990-EXT-CREATIVE-COMMONS,2,2,cablegreen,cablegreen,false,benchmark/sources/native/form990/202543179349306294_public.xml
SRC-990-EXT-CREATIVE-COMMONS,Creative Commons,SRC-990-EXT-CREATIVE-COMMONS::kathleenwalsh,KATHLEEN WALSH,LICENSING/COPYRIGHT COUNSEL/SECRETARY,non_ceo_position,functional,no_transition_indicated,no,yes,40.00,0.00,40,155821,172657,yes,143324,143324,0,40.0,143324.0,yes,standardizable_combined_40h_equivalent,part_vii_and_schedule_j_verified,Return/ReturnData/IRS990/Form990PartVIISectionAGrp[11],Return/ReturnData/IRS990ScheduleJ/RltdOrgOfficerTrstKeyEmplGrp[3],SRC-990-EXT-CREATIVE-COMMONS,3,3,cablegreen,cablegreen,false,benchmark/sources/native/form990/202543179349306294_public.xml
SRC-990-EXT-CREATIVE-COMMONS,Creative Commons,SRC-990-EXT-CREATIVE-COMMONS::marlenareimer,MARLENA REIMER,DIRECTOR OF DEVELOPMENT,non_ceo_position,functional,no_transition_indicated,no,yes,40.00,0.00,40,134988,156883,yes,134988,134988,0,40.0,134988.0,yes,standardizable_combined_40h_equivalent,part_vii_and_schedule_j_verified,Return/ReturnData/IRS990/Form990PartVIISectionAGrp[15],Return/ReturnData/IRS990ScheduleJ/RltdOrgOfficerTrstKeyEmplGrp[4],SRC-990-EXT-CREATIVE-COMMONS,4,4,cablegreen,cablegreen,false,benchmark/sources/native/form990/202543179349306294_public.xml
SRC-990-EXT-CREATIVE-COMMONS,Creative Commons,SRC-990-EXT-CREATIVE-COMMONS::monicagranados,MONICA GRANADOS,DIRECTOR OF OPEN SCIENCE,non_ceo_position,functional,no_transition_indicated,no,yes,40.00,0.00,40,119021,127443,no,,,,,,no,not_fte_candidate,part_vii_verified_no_schedule_j,Return/ReturnData/IRS990/Form990PartVIISectionAGrp[18],,SRC-990-EXT-CREATIVE-COMMONS,,,cablegreen,cablegreen,false,benchmark/sources/native/form990/202543179349306294_public.xml
SRC-990-EXT-CREATIVE-COMMONS,Creative Commons,SRC-990-EXT-CREATIVE-COMMONS::sarahhinchliffpearson,SARAH HINCHLIFF PEARSON,GENERAL COUNSEL/SEC.,non_ceo_position,functional,no_transition_indicated,no,yes,40.00,0.00,40,71530,75666,no,,,,,,no,not_fte_candidate,part_vii_verified_no_schedule_j,Return/ReturnData/IRS990/Form990PartVIISectionAGrp[13],,SRC-990-EXT-CREATIVE-COMMONS,,,cablegreen,cablegreen,false,benchmark/sources/native/form990/202543179349306294_public.xml
SRC-990-EXT-DATA-QUALITY-CAMPAIGN,Data Quality Campaign,SRC-990-EXT-DATA-QUALITY-CAMPAIGN::blairmann,Blair Mann,Director,non_ceo_position,functional,no_transition_indicated,no,yes,40.00,,40,148826,199011,yes,148076,148076,0,40.0,148076.0,yes,standardizable_combined_40h_equivalent,part_vii_and_schedule_j_verified,Return/ReturnData/IRS990/Form990PartVIISectionAGrp[17],Return/ReturnData/IRS990ScheduleJ/RltdOrgOfficerTrstKeyEmplGrp[8],SRC-990-EXT-DATA-QUALITY-CAMPAIGN,5,5,paigedkowalski,paigedkowalski,false,benchmark/sources/native/form990/202621339349304737_public.xml
SRC-990-EXT-DATA-QUALITY-CAMPAIGN,Data Quality Campaign,SRC-990-EXT-DATA-QUALITY-CAMPAIGN::brennanaparton,Brennan A Parton,Vice President,non_ceo_position,functional,no_transition_indicated,no,yes,40.00,,40,186709,220625,yes,185699,185699,0,40.0,185699.0,yes,standardizable_combined_40h_equivalent,part_vii_and_schedule_j_verified,Return/ReturnData/IRS990/Form990PartVIISectionAGrp[16],Return/ReturnData/IRS990ScheduleJ/RltdOrgOfficerTrstKeyEmplGrp[7],SRC-990-EXT-DATA-QUALITY-CAMPAIGN,4,4,paigedkowalski,paigedkowalski,false,benchmark/sources/native/form990/202621339349304737_public.xml
SRC-990-EXT-DATA-QUALITY-CAMPAIGN,Data Quality Campaign,SRC-990-EXT-DATA-QUALITY-CAMPAIGN::jazzmonecoby,Jazzmone Coby,HR Director/Secretary,non_ceo_position,functional,no_transition_indicated,no,yes,40.00,,40,156486,174641,yes,147099,147099,0,40.0,147099.0,yes,standardizable_combined_40h_equivalent,part_vii_and_schedule_j_verified,Return/ReturnData/IRS990/Form990PartVIISectionAGrp[11],Return/ReturnData/IRS990ScheduleJ/RltdOrgOfficerTrstKeyEmplGrp[9],SRC-990-EXT-DATA-QUALITY-CAMPAIGN,6,6,paigedkowalski,paigedkowalski,false,benchmark/sources/native/form990/202621339349304737_public.xml
SRC-990-EXT-DATA-QUALITY-CAMPAIGN,Data Quality Campaign,SRC-990-EXT-DATA-QUALITY-CAMPAIGN::katherinertromble,Katherine R Tromble,Vice President,non_ceo_position,functional,no_transition_indicated,no,yes,40.00,,40,195188,261254,yes,194438,194438,0,40.0,194438.0,yes,standardizable_combined_40h_equivalent,part_vii_and_schedule_j_verified,Return/ReturnData/IRS990/Form990PartVIISectionAGrp[15],Return/ReturnData/IRS990ScheduleJ/RltdOrgOfficerTrstKeyEmplGrp[4],SRC-990-EXT-DATA-QUALITY-CAMPAIGN,2,2,paigedkowalski,paigedkowalski,false,benchmark/sources/native/form990/202621339349304737_public.xml
SRC-990-EXT-DATA-QUALITY-CAMPAIGN,Data Quality Campaign,SRC-990-EXT-DATA-QUALITY-CAMPAIGN::kathrynsakers,Kathryn S Akers,Vice President (FEB 24 - PRESENT),non_ceo_position,functional,partial_or_uncertain,no,yes,40.00,,40,178300,220779,yes,167550,167550,0,,,no,not_fte_candidate,part_vii_and_schedule_j_verified,Return/ReturnData/IRS990/Form990PartVIISectionAGrp[18],Return/ReturnData/IRS990ScheduleJ/RltdOrgOfficerTrstKeyEmplGrp[6],SRC-990-EXT-DATA-QUALITY-CAMPAIGN,,,paigedkowalski,paigedkowalski,false,benchmark/sources/native/form990/202621339349304737_public.xml
SRC-990-EXT-DATA-QUALITY-CAMPAIGN,Data Quality Campaign,SRC-990-EXT-DATA-QUALITY-CAMPAIGN::mollymercer,Molly Mercer,Vice President (JUN 24 - PRESENT),non_ceo_position,functional,partial_or_uncertain,no,yes,40.00,,40,95364,123190,no,,,,,,no,not_fte_candidate,part_vii_verified_no_schedule_j,Return/ReturnData/IRS990/Form990PartVIISectionAGrp[12],,SRC-990-EXT-DATA-QUALITY-CAMPAIGN,,,paigedkowalski,paigedkowalski,false,benchmark/sources/native/form990/202621339349304737_public.xml
SRC-990-EXT-DATA-QUALITY-CAMPAIGN,Data Quality Campaign,SRC-990-EXT-DATA-QUALITY-CAMPAIGN::paigedkowalski,Paige D Kowalski,Executive Vice-President,non_ceo_position,functional,no_transition_indicated,no,yes,40.00,,40,340263,416401,yes,321813,321813,0,40.0,321813.0,yes,standardizable_combined_40h_equivalent,part_vii_and_schedule_j_verified,Return/ReturnData/IRS990/Form990PartVIISectionAGrp[13],Return/ReturnData/IRS990ScheduleJ/RltdOrgOfficerTrstKeyEmplGrp[2],SRC-990-EXT-DATA-QUALITY-CAMPAIGN,1,1,paigedkowalski,paigedkowalski,false,benchmark/sources/native/form990/202621339349304737_public.xml
SRC-990-EXT-DATA-QUALITY-CAMPAIGN,Data Quality Campaign,SRC-990-EXT-DATA-QUALITY-CAMPAIGN::rachelanderson,Rachel Anderson,Vice President,non_ceo_position,functional,no_transition_indicated,no,yes,40.00,,40,191998,224889,yes,191248,191248,0,40.0,191248.0,yes,standardizable_combined_40h_equivalent,part_vii_and_schedule_j_verified,Return/ReturnData/IRS990/Form990PartVIISectionAGrp[14],Return/ReturnData/IRS990ScheduleJ/RltdOrgOfficerTrstKeyEmplGrp[5],SRC-990-EXT-DATA-QUALITY-CAMPAIGN,3,3,paigedkowalski,paigedkowalski,false,benchmark/sources/native/form990/202621339349304737_public.xml
SRC-990-EXT-DATA-QUALITY-CAMPAIGN,Data Quality Campaign,SRC-990-EXT-DATA-QUALITY-CAMPAIGN::roxanalgalan,Roxana L Galan,CFO/Treasurer (till Dec-2024),non_ceo_position,functional,partial_or_uncertain,no,yes,40.00,,40,273159,335739,yes,273159,273159,0,,,no,not_fte_candidate,part_vii_and_schedule_j_verified,Return/ReturnData/IRS990/Form990PartVIISectionAGrp[10],Return/ReturnData/IRS990ScheduleJ/RltdOrgOfficerTrstKeyEmplGrp[3],SRC-990-EXT-DATA-QUALITY-CAMPAIGN,,,paigedkowalski,paigedkowalski,false,benchmark/sources/native/form990/202621339349304737_public.xml
SRC-990-EXT-DATAKIND,DataKind,SRC-990-EXT-DATAKIND::caitlinaugustin,CAITLIN AUGUSTIN,"VP, PRODUCT & PROGRAMS",non_ceo_position,functional,no_transition_indicated,no,yes,40.00,,40,188886,234372,yes,188886,188886,0,40.0,188886.0,yes,standardizable_combined_40h_equivalent,part_vii_and_schedule_j_verified,Return/ReturnData/IRS990/Form990PartVIISectionAGrp[8],Return/ReturnData/IRS990ScheduleJ/RltdOrgOfficerTrstKeyEmplGrp[2],SRC-990-EXT-DATAKIND,1,1,caitlinaugustin,caitlinaugustin,false,benchmark/sources/native/form990/202640939349300014_public.xml
SRC-990-EXT-DATAKIND,DataKind,SRC-990-EXT-DATAKIND::chrischenet,CHRIS CHENET,PRODUCT OWNER,non_ceo_position,functional,no_transition_indicated,no,yes,40.00,,40,134455,152737,yes,134455,134455,0,40.0,134455.0,yes,standardizable_combined_40h_equivalent,part_vii_and_schedule_j_verified,Return/ReturnData/IRS990/Form990PartVIISectionAGrp[14],Return/ReturnData/IRS990ScheduleJ/RltdOrgOfficerTrstKeyEmplGrp[8],SRC-990-EXT-DATAKIND,6,6,caitlinaugustin,caitlinaugustin,false,benchmark/sources/native/form990/202640939349300014_public.xml
SRC-990-EXT-DATAKIND,DataKind,SRC-990-EXT-DATAKIND::johnharnisher,JOHN HARNISHER,"SR. DIR, PRODUCT AND PROGRAMS",non_ceo_position,functional,no_transition_indicated,no,yes,40.00,,40,183634,227265,yes,183634,183634,0,40.0,183634.0,yes,standardizable_combined_40h_equivalent,part_vii_and_schedule_j_verified,Return/ReturnData/IRS990/Form990PartVIISectionAGrp[10],Return/ReturnData/IRS990ScheduleJ/RltdOrgOfficerTrstKeyEmplGrp[3],SRC-990-EXT-DATAKIND,2,2,caitlinaugustin,caitlinaugustin,false,benchmark/sources/native/form990/202640939349300014_public.xml
SRC-990-EXT-DATAKIND,DataKind,SRC-990-EXT-DATAKIND::lawrencekilroy,LAWRENCE KILROY,"VP, TECHNOLOGY",non_ceo_position,functional,no_transition_indicated,no,yes,40.00,,40,173673,194795,yes,173673,173673,0,40.0,173673.0,yes,standardizable_combined_40h_equivalent,part_vii_and_schedule_j_verified,Return/ReturnData/IRS990/Form990PartVIISectionAGrp[9],Return/ReturnData/IRS990ScheduleJ/RltdOrgOfficerTrstKeyEmplGrp[4],SRC-990-EXT-DATAKIND,3,3,caitlinaugustin,caitlinaugustin,false,benchmark/sources/native/form990/202640939349300014_public.xml
SRC-990-EXT-DATAKIND,DataKind,SRC-990-EXT-DATAKIND::rachelwells,RACHEL WELLS,"DIR, DATA SCIENCE, EDUCATION",non_ceo_position,functional,no_transition_indicated,no,yes,40.00,,40,137797,157103,yes,136513,136513,0,40.0,136513.0,yes,standardizable_combined_40h_equivalent,part_vii_and_schedule_j_verified,Return/ReturnData/IRS990/Form990PartVIISectionAGrp[11],Return/ReturnData/IRS990ScheduleJ/RltdOrgOfficerTrstKeyEmplGrp[5],SRC-990-EXT-DATAKIND,4,4,caitlinaugustin,caitlinaugustin,false,benchmark/sources/native/form990/202640939349300014_public.xml
SRC-990-EXT-DATAKIND,DataKind,SRC-990-EXT-DATAKIND::sophiaharms,SOPHIA HARMS,"SR. MANAGER, TECHNOLOGY",non_ceo_position,functional,no_transition_indicated,no,yes,40.00,,40,136360,154512,yes,136360,136360,0,40.0,136360.0,yes,standardizable_combined_40h_equivalent,part_vii_and_schedule_j_verified,Return/ReturnData/IRS990/Form990PartVIISectionAGrp[12],Return/ReturnData/IRS990ScheduleJ/RltdOrgOfficerTrstKeyEmplGrp[6],SRC-990-EXT-DATAKIND,5,5,caitlinaugustin,caitlinaugustin,false,benchmark/sources/native/form990/202640939349300014_public.xml
SRC-990-EXT-DATAKIND,DataKind,SRC-990-EXT-DATAKIND::yashsingh,YASH SINGH,"PLATFORM MNGR, U.S. COMMS PLATFORM",non_ceo_position,functional,no_transition_indicated,no,yes,40.00,,40,133998,152856,yes,133998,133998,0,40.0,133998.0,yes,standardizable_combined_40h_equivalent,part_vii_and_schedule_j_verified,Return/ReturnData/IRS990/Form990PartVIISectionAGrp[13],Return/ReturnData/IRS990ScheduleJ/RltdOrgOfficerTrstKeyEmplGrp[7],SRC-990-EXT-DATAKIND,7,7,caitlinaugustin,caitlinaugustin,false,benchmark/sources/native/form990/202640939349300014_public.xml
SRC-990-EXT-DEMOS,Demos,SRC-990-EXT-DEMOS::aklimakhondoker,AKLIMA KHONDOKER,CHIEF OF PROGRAMS & STRATEGY,non_ceo_position,functional,no_transition_indicated,no,yes,40.00,,40,208408,241857,yes,208408,208408,0,40.0,208408.0,yes,standardizable_combined_40h_equivalent,part_vii_and_schedule_j_verified,Return/ReturnData/IRS990/Form990PartVIISectionAGrp[16],Return/ReturnData/IRS990ScheduleJ/RltdOrgOfficerTrstKeyEmplGrp[4],SRC-990-EXT-DEMOS,3,3,vanessamfernandez,vanessamfernandez,false,benchmark/sources/native/form990/202503159349306085_public.xml
SRC-990-EXT-DEMOS,Demos,SRC-990-EXT-DEMOS::carollautier,CAROL LAUTIER,DIRECTOR OF MOVEMENT BUILDING,non_ceo_position,functional,no_transition_indicated,no,yes,40.00,,40,167100,187737,yes,167100,167100,0,40.0,167100.0,yes,standardizable_combined_40h_equivalent,part_vii_and_schedule_j_verified,Return/ReturnData/IRS990/Form990PartVIISectionAGrp[19],Return/ReturnData/IRS990ScheduleJ/RltdOrgOfficerTrstKeyEmplGrp[9],SRC-990-EXT-DEMOS,6,6,vanessamfernandez,vanessamfernandez,false,benchmark/sources/native/form990/202503159349306085_public.xml
SRC-990-EXT-DEMOS,Demos,SRC-990-EXT-DEMOS::elidarivera,ELIDA RIVERA,DIRECTOR OF OPERATIONS,non_ceo_position,functional,no_transition_indicated,no,yes,40.00,,40,166150,223210,yes,166150,166150,0,40.0,166150.0,yes,standardizable_combined_40h_equivalent,part_vii_and_schedule_j_verified,Return/ReturnData/IRS990/Form990PartVIISectionAGrp[20],Return/ReturnData/IRS990ScheduleJ/RltdOrgOfficerTrstKeyEmplGrp[5],SRC-990-EXT-DEMOS,7,7,vanessamfernandez,vanessamfernandez,false,benchmark/sources/native/form990/202503159349306085_public.xml
SRC-990-EXT-DEMOS,Demos,SRC-990-EXT-DEMOS::jonathanbraver,JONATHAN BRAVER,DIRECTOR OF FINANCE,non_ceo_position,functional,no_transition_indicated,no,yes,40.00,,40,164791,221851,yes,164791,164791,0,40.0,164791.0,yes,standardizable_combined_40h_equivalent,part_vii_and_schedule_j_verified,Return/ReturnData/IRS990/Form990PartVIISectionAGrp[22],Return/ReturnData/IRS990ScheduleJ/RltdOrgOfficerTrstKeyEmplGrp[6],SRC-990-EXT-DEMOS,9,9,vanessamfernandez,vanessamfernandez,false,benchmark/sources/native/form990/202503159349306085_public.xml
SRC-990-EXT-DEMOS,Demos,SRC-990-EXT-DEMOS::josegonzalez,JOSE GONZALEZ,CHIEF OF PEOPLE AND CULTURE,non_ceo_position,functional,no_transition_indicated,no,yes,40.00,,40,181533,218093,yes,181533,181533,0,40.0,181533.0,yes,standardizable_combined_40h_equivalent,part_vii_and_schedule_j_verified,Return/ReturnData/IRS990/Form990PartVIISectionAGrp[17],Return/ReturnData/IRS990ScheduleJ/RltdOrgOfficerTrstKeyEmplGrp[7],SRC-990-EXT-DEMOS,4,4,vanessamfernandez,vanessamfernandez,false,benchmark/sources/native/form990/202503159349306085_public.xml
SRC-990-EXT-DEMOS,Demos,SRC-990-EXT-DEMOS::josephdinorcia,JOSEPH DINORCIA,CHIEF FINANCIAL & OPERATIONS OFFICER,non_ceo_position,functional,no_transition_indicated,no,yes,40.00,,40,234499,290638,yes,234499,234499,0,40.0,234499.0,yes,standardizable_combined_40h_equivalent,part_vii_and_schedule_j_verified,Return/ReturnData/IRS990/Form990PartVIISectionAGrp[13],Return/ReturnData/IRS990ScheduleJ/RltdOrgOfficerTrstKeyEmplGrp[2],SRC-990-EXT-DEMOS,2,2,vanessamfernandez,vanessamfernandez,false,benchmark/sources/native/form990/202503159349306085_public.xml
SRC-990-EXT-DEMOS,Demos,SRC-990-EXT-DEMOS::phinguyen,PHI NGUYEN,DIRECTOR OF DEMOCRACY,non_ceo_position,functional,no_transition_indicated,no,yes,40.00,,40,172000,192537,yes,172000,172000,0,40.0,172000.0,yes,standardizable_combined_40h_equivalent,part_vii_and_schedule_j_verified,Return/ReturnData/IRS990/Form990PartVIISectionAGrp[18],Return/ReturnData/IRS990ScheduleJ/RltdOrgOfficerTrstKeyEmplGrp[8],SRC-990-EXT-DEMOS,5,5,vanessamfernandez,vanessamfernandez,false,benchmark/sources/native/form990/202503159349306085_public.xml
SRC-990-EXT-DEMOS,Demos,SRC-990-EXT-DEMOS::udochionwubiko,UDOCHI ONWUBIKO,DIRECTOR OF ECONOMIC JUSTICE,non_ceo_position,functional,no_transition_indicated,no,yes,40.00,,40,164886,185570,yes,164886,164886,0,40.0,164886.0,yes,standardizable_combined_40h_equivalent,part_vii_and_schedule_j_verified,Return/ReturnData/IRS990/Form990PartVIISectionAGrp[21],Return/ReturnData/IRS990ScheduleJ/RltdOrgOfficerTrstKeyEmplGrp[10],SRC-990-EXT-DEMOS,8,8,vanessamfernandez,vanessamfernandez,false,benchmark/sources/native/form990/202503159349306085_public.xml
SRC-990-EXT-DEMOS,Demos,SRC-990-EXT-DEMOS::vanessamfernandez,VANESSA M FERNANDEZ,CHIEF OF STAFF,non_ceo_position,functional,no_transition_indicated,no,yes,40.00,,40,245493,285681,yes,245493,245493,0,40.0,245493.0,yes,standardizable_combined_40h_equivalent,part_vii_and_schedule_j_verified,Return/ReturnData/IRS990/Form990PartVIISectionAGrp[15],Return/ReturnData/IRS990ScheduleJ/RltdOrgOfficerTrstKeyEmplGrp[3],SRC-990-EXT-DEMOS,1,1,vanessamfernandez,vanessamfernandez,false,benchmark/sources/native/form990/202503159349306085_public.xml
SRC-990-EXT-ECONOMIC-INNOVATION-GROUP,Economic Innovation Group,SRC-990-EXT-ECONOMIC-INNOVATION-GROUP::adamozimek,Adam Ozimek,Chief Economist,non_ceo_position,functional,no_transition_indicated,no,yes,40.0,0.0,40,316133,364029,yes,262452,262452,0,40.0,262452.0,yes,standardizable_combined_40h_equivalent,part_vii_and_schedule_j_verified,Return/ReturnData/IRS990/Form990PartVIISectionAGrp[2],Return/ReturnData/IRS990ScheduleJ/RltdOrgOfficerTrstKeyEmplGrp[2],SRC-990-EXT-ECONOMIC-INNOVATION-GROUP,2,2,jennifernordquist,jennifernordquist,false,benchmark/sources/native/form990/202513219349307891_public.xml
SRC-990-EXT-ECONOMIC-INNOVATION-GROUP,Economic Innovation Group,SRC-990-EXT-ECONOMIC-INNOVATION-GROUP::catherinelyons,Catherine Lyons,Director of Policy & Coalition,non_ceo_position,functional,no_transition_indicated,no,yes,40.0,0.0,40,157295,192757,yes,130132,130132,0,40.0,130132.0,yes,standardizable_combined_40h_equivalent,part_vii_and_schedule_j_verified,Return/ReturnData/IRS990/Form990PartVIISectionAGrp[5],Return/ReturnData/IRS990ScheduleJ/RltdOrgOfficerTrstKeyEmplGrp[6],SRC-990-EXT-ECONOMIC-INNOVATION-GROUP,5,5,jennifernordquist,jennifernordquist,false,benchmark/sources/native/form990/202513219349307891_public.xml
SRC-990-EXT-ECONOMIC-INNOVATION-GROUP,Economic Innovation Group,SRC-990-EXT-ECONOMIC-INNOVATION-GROUP::jennifernordquist,Jennifer Nordquist,Executive Vice President,non_ceo_position,functional,no_transition_indicated,no,yes,40.0,0.0,40,329953,348188,yes,282248,282248,0,40.0,282248.0,yes,standardizable_combined_40h_equivalent,part_vii_and_schedule_j_verified,Return/ReturnData/IRS990/Form990PartVIISectionAGrp[3],Return/ReturnData/IRS990ScheduleJ/RltdOrgOfficerTrstKeyEmplGrp[3],SRC-990-EXT-ECONOMIC-INNOVATION-GROUP,1,1,jennifernordquist,jennifernordquist,false,benchmark/sources/native/form990/202513219349307891_public.xml
SRC-990-EXT-ECONOMIC-INNOVATION-GROUP,Economic Innovation Group,SRC-990-EXT-ECONOMIC-INNOVATION-GROUP::kenanfikri,Kenan Fikri,Director of Research,non_ceo_position,functional,no_transition_indicated,no,yes,40.0,0.0,40,178500,187394,yes,154393,154393,0,40.0,154393.0,yes,standardizable_combined_40h_equivalent,part_vii_and_schedule_j_verified,Return/ReturnData/IRS990/Form990PartVIISectionAGrp[6],Return/ReturnData/IRS990ScheduleJ/RltdOrgOfficerTrstKeyEmplGrp[5],SRC-990-EXT-ECONOMIC-INNOVATION-GROUP,4,4,jennifernordquist,jennifernordquist,false,benchmark/sources/native/form990/202513219349307891_public.xml
SRC-990-EXT-ECONOMIC-INNOVATION-GROUP,Economic Innovation Group,SRC-990-EXT-ECONOMIC-INNOVATION-GROUP::milicacosic,Milica Cosic,Chief of Staff,non_ceo_position,functional,no_transition_indicated,no,yes,40.0,0.0,40,219761,240667,yes,182951,182951,0,40.0,182951.0,yes,standardizable_combined_40h_equivalent,part_vii_and_schedule_j_verified,Return/ReturnData/IRS990/Form990PartVIISectionAGrp[4],Return/ReturnData/IRS990ScheduleJ/RltdOrgOfficerTrstKeyEmplGrp[4],SRC-990-EXT-ECONOMIC-INNOVATION-GROUP,3,3,jennifernordquist,jennifernordquist,false,benchmark/sources/native/form990/202513219349307891_public.xml
SRC-990-EXT-ECONOMIC-POLICY-INSTITUTE,Economic Policy Institute,SRC-990-EXT-ECONOMIC-POLICY-INSTITUTE::barbarawestern,BARBARA WESTERN,CHIEF OPERATING OFFICER,non_ceo_position,functional,no_transition_indicated,no,yes,40.00,,40,203355,235269,yes,203355,203355,0,40.0,203355.0,yes,standardizable_combined_40h_equivalent,part_vii_and_schedule_j_verified,Return/ReturnData/IRS990/Form990PartVIISectionAGrp[31],Return/ReturnData/IRS990ScheduleJ/RltdOrgOfficerTrstKeyEmplGrp[5],SRC-990-EXT-ECONOMIC-POLICY-INSTITUTE,4,4,naomiwalker,naomiwalker,false,benchmark/sources/native/form990/202542469349301614_public.xml
SRC-990-EXT-ECONOMIC-POLICY-INSTITUTE,Economic Policy Institute,SRC-990-EXT-ECONOMIC-POLICY-INSTITUTE::celinemcnicholas,CELINE MCNICHOLAS,"DIR. POLICY, GENERAL COUNS",non_ceo_position,functional,no_transition_indicated,no,yes,40.00,,40,204443,234968,yes,204443,204443,0,40.0,204443.0,yes,standardizable_combined_40h_equivalent,part_vii_and_schedule_j_verified,Return/ReturnData/IRS990/Form990PartVIISectionAGrp[30],Return/ReturnData/IRS990ScheduleJ/RltdOrgOfficerTrstKeyEmplGrp[6],SRC-990-EXT-ECONOMIC-POLICY-INSTITUTE,3,3,naomiwalker,naomiwalker,false,benchmark/sources/native/form990/202542469349301614_public.xml
SRC-990-EXT-ECONOMIC-POLICY-INSTITUTE,Economic Policy Institute,SRC-990-EXT-ECONOMIC-POLICY-INSTITUTE::eveetahmincioglu,EVE E TAHMINCIOGLU,DIR COMMUNICATIONS,non_ceo_position,functional,no_transition_indicated,no,yes,40.00,,40,199587,236551,yes,199587,199587,0,40.0,199587.0,yes,standardizable_combined_40h_equivalent,part_vii_and_schedule_j_verified,Return/ReturnData/IRS990/Form990PartVIISectionAGrp[32],Return/ReturnData/IRS990ScheduleJ/RltdOrgOfficerTrstKeyEmplGrp[4],SRC-990-EXT-ECONOMIC-POLICY-INSTITUTE,5,5,naomiwalker,naomiwalker,false,benchmark/sources/native/form990/202542469349301614_public.xml
SRC-990-EXT-ECONOMIC-POLICY-INSTITUTE,Economic Policy Institute,SRC-990-EXT-ECONOMIC-POLICY-INSTITUTE::lylejbivens,LYLE J BIVENS,CHIEF ECONOMIST/DIR. RESEA,non_ceo_position,functional,no_transition_indicated,no,yes,40.00,,40,214230,248376,yes,214230,214230,0,40.0,214230.0,yes,standardizable_combined_40h_equivalent,part_vii_and_schedule_j_verified,Return/ReturnData/IRS990/Form990PartVIISectionAGrp[29],Return/ReturnData/IRS990ScheduleJ/RltdOrgOfficerTrstKeyEmplGrp[3],SRC-990-EXT-ECONOMIC-POLICY-INSTITUTE,2,2,naomiwalker,naomiwalker,false,benchmark/sources/native/form990/202542469349301614_public.xml
SRC-990-EXT-ECONOMIC-POLICY-INSTITUTE,Economic Policy Institute,SRC-990-EXT-ECONOMIC-POLICY-INSTITUTE::naomiwalker,NAOMI WALKER,VICE PRESIDENT,non_ceo_position,functional,no_transition_indicated,no,yes,40.00,,40,220755,256199,yes,220755,220755,0,40.0,220755.0,yes,standardizable_combined_40h_equivalent,part_vii_and_schedule_j_verified,Return/ReturnData/IRS990/Form990PartVIISectionAGrp[28],Return/ReturnData/IRS990ScheduleJ/RltdOrgOfficerTrstKeyEmplGrp[2],SRC-990-EXT-ECONOMIC-POLICY-INSTITUTE,1,1,naomiwalker,naomiwalker,false,benchmark/sources/native/form990/202542469349301614_public.xml
SRC-990-EXT-ECONOMIC-POLICY-INSTITUTE,Economic Policy Institute,SRC-990-EXT-ECONOMIC-POLICY-INSTITUTE::valerierwilson,VALERIE R WILSON,DIRECTOR OF PREE,non_ceo_position,functional,no_transition_indicated,no,yes,40.00,,40,189218,219491,yes,189218,189218,0,40.0,189218.0,yes,standardizable_combined_40h_equivalent,part_vii_and_schedule_j_verified,Return/ReturnData/IRS990/Form990PartVIISectionAGrp[33],Return/ReturnData/IRS990ScheduleJ/RltdOrgOfficerTrstKeyEmplGrp[7],SRC-990-EXT-ECONOMIC-POLICY-INSTITUTE,6,6,naomiwalker,naomiwalker,false,benchmark/sources/native/form990/202542469349301614_public.xml
SRC-990-EXT-ELECTRONIC-FRONTIER-FOUNDATION,Electronic Frontier Foundation,SRC-990-EXT-ELECTRONIC-FRONTIER-FOUNDATION::adamschwartz,Adam Schwartz,Assistant Director - Legal,non_ceo_position,functional,no_transition_indicated,no,yes,40.00,,40,212923,237038,yes,197786,197786,0,40.0,197786.0,yes,standardizable_combined_40h_equivalent,part_vii_and_schedule_j_verified,Return/ReturnData/IRS990/Form990PartVIISectionAGrp[23],Return/ReturnData/IRS990ScheduleJ/RltdOrgOfficerTrstKeyEmplGrp[11],SRC-990-EXT-ELECTRONIC-FRONTIER-FOUNDATION,10,10,rebeccajeschke,rebeccajeschke,false,benchmark/sources/native/form990/202610989349301676_public.xml
SRC-990-EXT-ELECTRONIC-FRONTIER-FOUNDATION,Electronic Frontier Foundation,SRC-990-EXT-ELECTRONIC-FRONTIER-FOUNDATION::allisonmorris,Allison Morris,Chief Development Officer,non_ceo_position,functional,no_transition_indicated,no,yes,40.00,,40,247311,296303,yes,237499,237499,0,40.0,237499.0,yes,standardizable_combined_40h_equivalent,part_vii_and_schedule_j_verified,Return/ReturnData/IRS990/Form990PartVIISectionAGrp[25],Return/ReturnData/IRS990ScheduleJ/RltdOrgOfficerTrstKeyEmplGrp[2],SRC-990-EXT-ELECTRONIC-FRONTIER-FOUNDATION,2,2,rebeccajeschke,rebeccajeschke,false,benchmark/sources/native/form990/202610989349301676_public.xml
SRC-990-EXT-ELECTRONIC-FRONTIER-FOUNDATION,Electronic Frontier Foundation,SRC-990-EXT-ELECTRONIC-FRONTIER-FOUNDATION::corynnemcsherry,Corynne McSherry,Legal Director,non_ceo_position,functional,no_transition_indicated,no,yes,40.00,,40,242711,249599,yes,233824,233824,0,40.0,233824.0,yes,standardizable_combined_40h_equivalent,part_vii_and_schedule_j_verified,Return/ReturnData/IRS990/Form990PartVIISectionAGrp[17],Return/ReturnData/IRS990ScheduleJ/RltdOrgOfficerTrstKeyEmplGrp[9],SRC-990-EXT-ELECTRONIC-FRONTIER-FOUNDATION,3,3,rebeccajeschke,rebeccajeschke,false,benchmark/sources/native/form990/202610989349301676_public.xml
SRC-990-EXT-ELECTRONIC-FRONTIER-FOUNDATION,Electronic Frontier Foundation,SRC-990-EXT-ELECTRONIC-FRONTIER-FOUNDATION::davidgreene,David Greene,Civil Liberties Director,non_ceo_position,functional,no_transition_indicated,no,yes,40.00,,40,240649,288958,yes,215042,215042,0,40.0,215042.0,yes,standardizable_combined_40h_equivalent,part_vii_and_schedule_j_verified,Return/ReturnData/IRS990/Form990PartVIISectionAGrp[21],Return/ReturnData/IRS990ScheduleJ/RltdOrgOfficerTrstKeyEmplGrp[3],SRC-990-EXT-ELECTRONIC-FRONTIER-FOUNDATION,6,6,rebeccajeschke,rebeccajeschke,false,benchmark/sources/native/form990/202610989349301676_public.xml
SRC-990-EXT-ELECTRONIC-FRONTIER-FOUNDATION,Electronic Frontier Foundation,SRC-990-EXT-ELECTRONIC-FRONTIER-FOUNDATION::genevievegebhart,Genevieve Gebhart,"Managing Director, Technology",non_ceo_position,functional,no_transition_indicated,no,yes,40.00,,40,208617,228497,yes,199550,199550,0,40.0,199550.0,yes,standardizable_combined_40h_equivalent,part_vii_and_schedule_j_verified,Return/ReturnData/IRS990/Form990PartVIISectionAGrp[20],Return/ReturnData/IRS990ScheduleJ/RltdOrgOfficerTrstKeyEmplGrp[12],SRC-990-EXT-ELECTRONIC-FRONTIER-FOUNDATION,9,9,rebeccajeschke,rebeccajeschke,false,benchmark/sources/native/form990/202610989349301676_public.xml
SRC-990-EXT-ELECTRONIC-FRONTIER-FOUNDATION,Electronic Frontier Foundation,SRC-990-EXT-ELECTRONIC-FRONTIER-FOUNDATION::horacewalker,Horace Walker,Chief People Officer,non_ceo_position,functional,no_transition_indicated,no,yes,40.00,,40,219032,265749,yes,197050,197050,0,40.0,197050.0,yes,standardizable_combined_40h_equivalent,part_vii_and_schedule_j_verified,Return/ReturnData/IRS990/Form990PartVIISectionAGrp[24],Return/ReturnData/IRS990ScheduleJ/RltdOrgOfficerTrstKeyEmplGrp[8],SRC-990-EXT-ELECTRONIC-FRONTIER-FOUNDATION,11,11,rebeccajeschke,rebeccajeschke,false,benchmark/sources/native/form990/202610989349301676_public.xml
SRC-990-EXT-ELECTRONIC-FRONTIER-FOUNDATION,Electronic Frontier Foundation,SRC-990-EXT-ELECTRONIC-FRONTIER-FOUNDATION::jenniferlynch,Jennifer Lynch,Secretary & Gen. Counsel,non_ceo_position,functional,no_transition_indicated,no,yes,40.00,,40,250023,273852,yes,225950,225950,0,40.0,225950.0,yes,standardizable_combined_40h_equivalent,part_vii_and_schedule_j_verified,Return/ReturnData/IRS990/Form990PartVIISectionAGrp[16],Return/ReturnData/IRS990ScheduleJ/RltdOrgOfficerTrstKeyEmplGrp[7],SRC-990-EXT-ELECTRONIC-FRONTIER-FOUNDATION,5,5,rebeccajeschke,rebeccajeschke,false,benchmark/sources/native/form990/202610989349301676_public.xml
SRC-990-EXT-ELECTRONIC-FRONTIER-FOUNDATION,Electronic Frontier Foundation,SRC-990-EXT-ELECTRONIC-FRONTIER-FOUNDATION::kellyesguerra,Kelly Esguerra,Treasurer/CFO,non_ceo_position,functional,no_transition_indicated,no,yes,40.00,,40,244097,281053,yes,230023,230023,0,40.0,230023.0,yes,standardizable_combined_40h_equivalent,part_vii_and_schedule_j_verified,Return/ReturnData/IRS990/Form990PartVIISectionAGrp[15],Return/ReturnData/IRS990ScheduleJ/RltdOrgOfficerTrstKeyEmplGrp[5],SRC-990-EXT-ELECTRONIC-FRONTIER-FOUNDATION,4,4,rebeccajeschke,rebeccajeschke,false,benchmark/sources/native/form990/202610989349301676_public.xml
SRC-990-EXT-ELECTRONIC-FRONTIER-FOUNDATION,Electronic Frontier Foundation,SRC-990-EXT-ELECTRONIC-FRONTIER-FOUNDATION::leetien,Lee Tien,Legislative Director,non_ceo_position,functional,no_transition_indicated,no,yes,40.00,,40,230014,277208,yes,207537,207537,0,40.0,207537.0,yes,standardizable_combined_40h_equivalent,part_vii_and_schedule_j_verified,Return/ReturnData/IRS990/Form990PartVIISectionAGrp[22],Return/ReturnData/IRS990ScheduleJ/RltdOrgOfficerTrstKeyEmplGrp[6],SRC-990-EXT-ELECTRONIC-FRONTIER-FOUNDATION,7,7,rebeccajeschke,rebeccajeschke,false,benchmark/sources/native/form990/202610989349301676_public.xml
SRC-990-EXT-ELECTRONIC-FRONTIER-FOUNDATION,Electronic Frontier Foundation,SRC-990-EXT-ELECTRONIC-FRONTIER-FOUNDATION::nathansheard,Nathan Sheard,"Managing Director, Advocacy",non_ceo_position,functional,no_transition_indicated,no,yes,40.00,,40,220910,239439,yes,200949,200949,0,40.0,200949.0,yes,standardizable_combined_40h_equivalent,part_vii_and_schedule_j_verified,Return/ReturnData/IRS990/Form990PartVIISectionAGrp[19],Return/ReturnData/IRS990ScheduleJ/RltdOrgOfficerTrstKeyEmplGrp[10],SRC-990-EXT-ELECTRONIC-FRONTIER-FOUNDATION,8,8,rebeccajeschke,rebeccajeschke,false,benchmark/sources/native/form990/202610989349301676_public.xml
SRC-990-EXT-ELECTRONIC-FRONTIER-FOUNDATION,Electronic Frontier Foundation,SRC-990-EXT-ELECTRONIC-FRONTIER-FOUNDATION::rebeccajeschke,Rebecca Jeschke,Chief Operating Officer,non_ceo_position,functional,no_transition_indicated,no,yes,40.00,,40,258050,286128,yes,243824,243824,0,40.0,243824.0,yes,standardizable_combined_40h_equivalent,part_vii_and_schedule_j_verified,Return/ReturnData/IRS990/Form990PartVIISectionAGrp[18],Return/ReturnData/IRS990ScheduleJ/RltdOrgOfficerTrstKeyEmplGrp[4],SRC-990-EXT-ELECTRONIC-FRONTIER-FOUNDATION,1,1,rebeccajeschke,rebeccajeschke,false,benchmark/sources/native/form990/202610989349301676_public.xml
SRC-990-EXT-ENERGY-FOR-GROWTH-HUB,Energy for Growth Hub,SRC-990-EXT-ENERGY-FOR-GROWTH-HUB::kathleenauth,KATHLEEN AUTH,POLICY DIRECTOR,non_ceo_position,functional,no_transition_indicated,no,yes,40.00,,40,225000,285106,yes,225000,225000,0,40.0,225000.0,yes,standardizable_combined_40h_equivalent,part_vii_and_schedule_j_verified,Return/ReturnData/IRS990/Form990PartVIISectionAGrp[10],Return/ReturnData/IRS990ScheduleJ/RltdOrgOfficerTrstKeyEmplGrp[2],SRC-990-EXT-ENERGY-FOR-GROWTH-HUB,1,1,kathleenauth,kathleenauth,false,benchmark/sources/native/form990/202513219349322806_public.xml
SRC-990-EXT-ENVIRONMENTAL-LAW-INSTITUTE,Environmental Law Institute,SRC-990-EXT-ENVIRONMENTAL-LAW-INSTITUTE::helenekrasnoff,Helene Krasnoff,Program Director,non_ceo_position,functional,no_transition_indicated,no,yes,40.00,,40,129410,141734,no,,,,,,no,not_fte_candidate,part_vii_verified_no_schedule_j,Return/ReturnData/IRS990/Form990PartVIISectionAGrp[47],,SRC-990-EXT-ENVIRONMENTAL-LAW-INSTITUTE,,,lorettasreinersmann,lorettasreinersmann,false,benchmark/sources/native/form990/202522619349300012_public.xml
SRC-990-EXT-ENVIRONMENTAL-LAW-INSTITUTE,Environmental Law Institute,SRC-990-EXT-ENVIRONMENTAL-LAW-INSTITUTE::lorettasreinersmann,Loretta S Reinersmann,CFO,non_ceo_position,functional,no_transition_indicated,no,yes,37.50,,37.5,189815,215248,yes,189575,189575,0,37.5,202213.33,yes,standardizable_combined_40h_equivalent,part_vii_and_schedule_j_verified,Return/ReturnData/IRS990/Form990PartVIISectionAGrp[43],Return/ReturnData/IRS990ScheduleJ/RltdOrgOfficerTrstKeyEmplGrp[2],SRC-990-EXT-ENVIRONMENTAL-LAW-INSTITUTE,1,1,lorettasreinersmann,lorettasreinersmann,false,benchmark/sources/native/form990/202522619349300012_public.xml
SRC-990-EXT-ENVIRONMENTAL-LAW-INSTITUTE,Environmental Law Institute,SRC-990-EXT-ENVIRONMENTAL-LAW-INSTITUTE::racheljeanbaptiste,Rachel Jean Baptiste,"Vice President, Publications & Education",non_ceo_position,functional,no_transition_indicated,no,yes,37.50,,37.5,140563,154199,yes,138980,138980,0,37.5,148245.33,yes,standardizable_combined_40h_equivalent,part_vii_and_schedule_j_verified,Return/ReturnData/IRS990/Form990PartVIISectionAGrp[45],Return/ReturnData/IRS990ScheduleJ/RltdOrgOfficerTrstKeyEmplGrp[4],SRC-990-EXT-ENVIRONMENTAL-LAW-INSTITUTE,3,3,lorettasreinersmann,lorettasreinersmann,false,benchmark/sources/native/form990/202522619349300012_public.xml
SRC-990-EXT-ENVIRONMENTAL-LAW-INSTITUTE,Environmental Law Institute,SRC-990-EXT-ENVIRONMENTAL-LAW-INSTITUTE::sandrathiam,Sandra Thiam,"Vice President, Research And Policy",non_ceo_position,functional,no_transition_indicated,no,yes,37.50,,37.5,155607,176811,yes,155367,155367,0,37.5,165724.8,yes,standardizable_combined_40h_equivalent,part_vii_and_schedule_j_verified,Return/ReturnData/IRS990/Form990PartVIISectionAGrp[44],Return/ReturnData/IRS990ScheduleJ/RltdOrgOfficerTrstKeyEmplGrp[3],SRC-990-EXT-ENVIRONMENTAL-LAW-INSTITUTE,2,2,lorettasreinersmann,lorettasreinersmann,false,benchmark/sources/native/form990/202522619349300012_public.xml
SRC-990-EXT-ENVIRONMENTAL-LAW-INSTITUTE,Environmental Law Institute,SRC-990-EXT-ENVIRONMENTAL-LAW-INSTITUTE::stefaniegarcia,Stefanie Garcia,HR Director,non_ceo_position,functional,no_transition_indicated,no,yes,37.50,,37.5,116495,141058,no,,,,,,no,not_fte_candidate,part_vii_verified_no_schedule_j,Return/ReturnData/IRS990/Form990PartVIISectionAGrp[48],,SRC-990-EXT-ENVIRONMENTAL-LAW-INSTITUTE,,,lorettasreinersmann,lorettasreinersmann,false,benchmark/sources/native/form990/202522619349300012_public.xml
SRC-990-EXT-ENVIRONMENTAL-LAW-INSTITUTE,Environmental Law Institute,SRC-990-EXT-ENVIRONMENTAL-LAW-INSTITUTE::stephendujack,Stephen Dujack,Editor ELI,non_ceo_position,functional,no_transition_indicated,no,yes,37.50,,37.5,114214,144986,no,,,,,,no,not_fte_candidate,part_vii_verified_no_schedule_j,Return/ReturnData/IRS990/Form990PartVIISectionAGrp[46],,SRC-990-EXT-ENVIRONMENTAL-LAW-INSTITUTE,,,lorettasreinersmann,lorettasreinersmann,false,benchmark/sources/native/form990/202522619349300012_public.xml
SRC-990-EXT-EVIDENCE-ACTION,Evidence Action,SRC-990-EXT-EVIDENCE-ACTION::anneiden,ANNE IDEN,CHIEF PEOPLE OFFICER,non_ceo_position,functional,no_transition_indicated,no,yes,40.00,,40,181823,212020,yes,181823,181823,0,40.0,181823.0,yes,standardizable_combined_40h_equivalent,part_vii_and_schedule_j_verified,Return/ReturnData/IRS990/Form990PartVIISectionAGrp[15],Return/ReturnData/IRS990ScheduleJ/RltdOrgOfficerTrstKeyEmplGrp[7],SRC-990-EXT-EVIDENCE-ACTION,6,6,johndewet,johndewet,false,benchmark/sources/native/form990/202512829349302256_public.xml
SRC-990-EXT-EVIDENCE-ACTION,Evidence Action,SRC-990-EXT-EVIDENCE-ACTION::brettsedgewick,BRETT SEDGEWICK,"EXECUTIVE VP, PROGRAMS",non_ceo_position,functional,no_transition_indicated,no,yes,40.00,,40,195710,208324,yes,195710,195710,0,40.0,195710.0,yes,standardizable_combined_40h_equivalent,part_vii_and_schedule_j_verified,Return/ReturnData/IRS990/Form990PartVIISectionAGrp[16],Return/ReturnData/IRS990ScheduleJ/RltdOrgOfficerTrstKeyEmplGrp[8],SRC-990-EXT-EVIDENCE-ACTION,4,4,johndewet,johndewet,false,benchmark/sources/native/form990/202512829349302256_public.xml
SRC-990-EXT-EVIDENCE-ACTION,Evidence Action,SRC-990-EXT-EVIDENCE-ACTION::christopherdunn,CHRISTOPHER DUNN,GENERAL COUNSEL & BOARD SECRETARY,non_ceo_position,functional,no_transition_indicated,no,yes,40.00,,40,173644,217242,yes,173644,173644,0,40.0,173644.0,yes,standardizable_combined_40h_equivalent,part_vii_and_schedule_j_verified,Return/ReturnData/IRS990/Form990PartVIISectionAGrp[11],Return/ReturnData/IRS990ScheduleJ/RltdOrgOfficerTrstKeyEmplGrp[5],SRC-990-EXT-EVIDENCE-ACTION,7,7,johndewet,johndewet,false,benchmark/sources/native/form990/202512829349302256_public.xml
SRC-990-EXT-EVIDENCE-ACTION,Evidence Action,SRC-990-EXT-EVIDENCE-ACTION::gracehollister,GRACE HOLLISTER,CHIEF ENGAGEMENT OFFICER,non_ceo_position,functional,no_transition_indicated,no,yes,40.00,,40,189675,225636,yes,189675,189675,0,40.0,189675.0,yes,standardizable_combined_40h_equivalent,part_vii_and_schedule_j_verified,Return/ReturnData/IRS990/Form990PartVIISectionAGrp[13],Return/ReturnData/IRS990ScheduleJ/RltdOrgOfficerTrstKeyEmplGrp[4],SRC-990-EXT-EVIDENCE-ACTION,5,5,johndewet,johndewet,false,benchmark/sources/native/form990/202512829349302256_public.xml
SRC-990-EXT-EVIDENCE-ACTION,Evidence Action,SRC-990-EXT-EVIDENCE-ACTION::jeffreygrosz,JEFFREY GROSZ,"EXEC. VP, ACCELERATOR & PROGRAMS",non_ceo_position,functional,no_transition_indicated,no,yes,40.00,,40,217964,255540,yes,217964,217964,0,40.0,217964.0,yes,standardizable_combined_40h_equivalent,part_vii_and_schedule_j_verified,Return/ReturnData/IRS990/Form990PartVIISectionAGrp[12],Return/ReturnData/IRS990ScheduleJ/RltdOrgOfficerTrstKeyEmplGrp[3],SRC-990-EXT-EVIDENCE-ACTION,2,2,johndewet,johndewet,false,benchmark/sources/native/form990/202512829349302256_public.xml
SRC-990-EXT-EVIDENCE-ACTION,Evidence Action,SRC-990-EXT-EVIDENCE-ACTION::johndewet,JOHN DE WET,CHIEF FINANCIAL OFFICER,non_ceo_position,functional,no_transition_indicated,no,yes,40.00,,40,229532,275481,yes,229532,229532,0,40.0,229532.0,yes,standardizable_combined_40h_equivalent,part_vii_and_schedule_j_verified,Return/ReturnData/IRS990/Form990PartVIISectionAGrp[10],Return/ReturnData/IRS990ScheduleJ/RltdOrgOfficerTrstKeyEmplGrp[2],SRC-990-EXT-EVIDENCE-ACTION,1,1,johndewet,johndewet,false,benchmark/sources/native/form990/202512829349302256_public.xml
SRC-990-EXT-EVIDENCE-ACTION,Evidence Action,SRC-990-EXT-EVIDENCE-ACTION::paulbyatta,PAUL BYATTA,"EXECUTIVE VP, AFRICA REGION",non_ceo_position,functional,no_transition_indicated,no,yes,40.00,,40,200354,214505,yes,200354,200354,0,40.0,200354.0,yes,standardizable_combined_40h_equivalent,part_vii_and_schedule_j_verified,Return/ReturnData/IRS990/Form990PartVIISectionAGrp[14],Return/ReturnData/IRS990ScheduleJ/RltdOrgOfficerTrstKeyEmplGrp[6],SRC-990-EXT-EVIDENCE-ACTION,3,3,johndewet,johndewet,false,benchmark/sources/native/form990/202512829349302256_public.xml
SRC-990-EXT-EXPONENT-PHILANTHROPY,Exponent Philanthropy,SRC-990-EXT-EXPONENT-PHILANTHROPY::andycarroll,ANDY CARROLL,SENIOR ADVISOR,unmapped_position,uncertain,no_transition_indicated,no,yes,40.00,,40,111024,133077,no,,,,,,no,not_fte_candidate,part_vii_verified_no_schedule_j,Return/ReturnData/IRS990/Form990PartVIISectionAGrp[19],,SRC-990-EXT-EXPONENT-PHILANTHROPY,,,katymoore,katymoore,false,benchmark/sources/native/form990/202621699349300132_public.xml
SRC-990-EXT-EXPONENT-PHILANTHROPY,Exponent Philanthropy,SRC-990-EXT-EXPONENT-PHILANTHROPY::katymoore,KATY MOORE,"MANAGING DIR, ADVANCEMENT",non_ceo_position,functional,no_transition_indicated,no,yes,40.00,,40,152736,187410,yes,152736,152736,0,40.0,152736.0,yes,standardizable_combined_40h_equivalent,part_vii_and_schedule_j_verified,Return/ReturnData/IRS990/Form990PartVIISectionAGrp[21],Return/ReturnData/IRS990ScheduleJ/RltdOrgOfficerTrstKeyEmplGrp[2],SRC-990-EXT-EXPONENT-PHILANTHROPY,1,1,katymoore,katymoore,false,benchmark/sources/native/form990/202621699349300132_public.xml
SRC-990-EXT-EXPONENT-PHILANTHROPY,Exponent Philanthropy,SRC-990-EXT-EXPONENT-PHILANTHROPY::kellystormer,KELLY STORMER,"MANAGING DIR, OPERATIONS & PEOPLE",non_ceo_position,functional,no_transition_indicated,no,yes,40.00,,40,148500,154566,yes,145000,145000,0,40.0,145000.0,yes,standardizable_combined_40h_equivalent,part_vii_and_schedule_j_verified,Return/ReturnData/IRS990/Form990PartVIISectionAGrp[20],Return/ReturnData/IRS990ScheduleJ/RltdOrgOfficerTrstKeyEmplGrp[3],SRC-990-EXT-EXPONENT-PHILANTHROPY,2,2,katymoore,katymoore,false,benchmark/sources/native/form990/202621699349300132_public.xml
SRC-990-EXT-FAR-AI,FAR AI,SRC-990-EXT-FAR-AI::adriagarrigaalonso,ADRIA GARRIGA ALONSO,RESEARCH SCIENTIST,non_ceo_position,functional,no_transition_indicated,no,yes,040.00,,40,135623,144055,no,,,,,,no,not_fte_candidate,part_vii_verified_no_schedule_j,Return/ReturnData/IRS990/Form990PartVIISectionAGrp[5],,SRC-990-EXT-FAR-AI,,,karlberzins,karlberzins,false,benchmark/sources/native/form990/202543189349316054_public.xml
SRC-990-EXT-FAR-AI,FAR AI,SRC-990-EXT-FAR-AI::benjamingoldhaber,BENJAMIN GOLDHABER,"DIRECTOR, FAR.LABS",non_ceo_position,functional,no_transition_indicated,no,yes,040.00,,40,151332,160701,yes,151332,151332,0,40.0,151332.0,yes,standardizable_combined_40h_equivalent,part_vii_and_schedule_j_verified,Return/ReturnData/IRS990/Form990PartVIISectionAGrp[4],Return/ReturnData/IRS990ScheduleJ/RltdOrgOfficerTrstKeyEmplGrp[3],SRC-990-EXT-FAR-AI,2,2,karlberzins,karlberzins,false,benchmark/sources/native/form990/202543189349316054_public.xml
SRC-990-EXT-FAR-AI,FAR AI,SRC-990-EXT-FAR-AI::conormcgurk,CONOR MCGURK,FISCALLY SPONSORED PROJECT DIRECTOR,non_ceo_position,program_or_affiliate,no_transition_indicated,no,yes,040.00,,40,155885,163965,yes,156487,156487,0,,,no,not_fte_candidate,part_vii_and_schedule_j_verified,Return/ReturnData/IRS990/Form990PartVIISectionAGrp[3],Return/ReturnData/IRS990ScheduleJ/RltdOrgOfficerTrstKeyEmplGrp[4],SRC-990-EXT-FAR-AI,,,karlberzins,karlberzins,false,benchmark/sources/native/form990/202543189349316054_public.xml
SRC-990-EXT-FAR-AI,FAR AI,SRC-990-EXT-FAR-AI::ianmckenzie,IAN MCKENZIE,RESEARCH ENGINEER,non_ceo_position,functional,no_transition_indicated,no,yes,040.00,,40,135342,141298,no,,,,,,no,not_fte_candidate,part_vii_verified_no_schedule_j,Return/ReturnData/IRS990/Form990PartVIISectionAGrp[6],,SRC-990-EXT-FAR-AI,,,karlberzins,karlberzins,false,benchmark/sources/native/form990/202543189349316054_public.xml
SRC-990-EXT-FAR-AI,FAR AI,SRC-990-EXT-FAR-AI::karlberzins,KARL BERZINS,CHIEF OPERATING OFFICER,non_ceo_position,functional,no_transition_indicated,no,yes,040.00,,40,182641,191204,yes,182641,182641,0,40.0,182641.0,yes,standardizable_combined_40h_equivalent,part_vii_and_schedule_j_verified,Return/ReturnData/IRS990/Form990PartVIISectionAGrp[2],Return/ReturnData/IRS990ScheduleJ/RltdOrgOfficerTrstKeyEmplGrp[2],SRC-990-EXT-FAR-AI,1,1,karlberzins,karlberzins,false,benchmark/sources/native/form990/202543189349316054_public.xml
SRC-990-EXT-FARM-SANCTUARY,Farm Sanctuary,SRC-990-EXT-FARM-SANCTUARY::cynthiavonschlicthen,CYNTHIA VON SCHLICTHEN,GENERAL COUNSEL,non_ceo_position,functional,no_transition_indicated,no,yes,40.00,,40,129391,148414,no,,,,,,no,not_fte_candidate,part_vii_verified_no_schedule_j,Return/ReturnData/IRS990/Form990PartVIISectionAGrp[11],,SRC-990-EXT-FARM-SANCTUARY,,,genebaur,genebaur,false,benchmark/sources/native/form990/202422699349301652_public.xml
SRC-990-EXT-FARM-SANCTUARY,Farm Sanctuary,SRC-990-EXT-FARM-SANCTUARY::genebaur,GENE BAUR,PRESIDENT/CO-FOUNDER,non_ceo_position,functional,no_transition_indicated,no,yes,40.00,,40,183117,194602,yes,183117,183117,0,40.0,183117.0,yes,standardizable_combined_40h_equivalent,part_vii_and_schedule_j_verified,Return/ReturnData/IRS990/Form990PartVIISectionAGrp[8],Return/ReturnData/IRS990ScheduleJ/RltdOrgOfficerTrstKeyEmplGrp[2],SRC-990-EXT-FARM-SANCTUARY,1,1,genebaur,genebaur,false,benchmark/sources/native/form990/202422699349301652_public.xml
SRC-990-EXT-FARM-SANCTUARY,Farm Sanctuary,SRC-990-EXT-FARM-SANCTUARY::jenniferthomason,JENNIFER THOMASON,SR DIR PEOPLE & CULTURE,non_ceo_position,functional,no_transition_indicated,no,yes,40.00,,40,111278,122565,no,,,,,,no,not_fte_candidate,part_vii_verified_no_schedule_j,Return/ReturnData/IRS990/Form990PartVIISectionAGrp[12],,SRC-990-EXT-FARM-SANCTUARY,,,genebaur,genebaur,false,benchmark/sources/native/form990/202422699349301652_public.xml
SRC-990-EXT-FARM-SANCTUARY,Farm Sanctuary,SRC-990-EXT-FARM-SANCTUARY::jonathanfrappier,JONATHAN FRAPPIER,CDO (START 11/23),non_ceo_position,functional,partial_or_uncertain,no,yes,40.00,,40,15084,15128,no,,,,,,no,not_fte_candidate,part_vii_verified_no_schedule_j,Return/ReturnData/IRS990/Form990PartVIISectionAGrp[7],,SRC-990-EXT-FARM-SANCTUARY,,,genebaur,genebaur,false,benchmark/sources/native/form990/202422699349301652_public.xml
SRC-990-EXT-FARM-SANCTUARY,Farm Sanctuary,SRC-990-EXT-FARM-SANCTUARY::kathleenbaumann,KATHLEEN BAUMANN,"SR DIR., FINANCE & OPERATIONS",non_ceo_position,functional,no_transition_indicated,no,yes,40.00,,40,138972,143601,no,,,,,,no,not_fte_candidate,part_vii_verified_no_schedule_j,Return/ReturnData/IRS990/Form990PartVIISectionAGrp[10],,SRC-990-EXT-FARM-SANCTUARY,,,genebaur,genebaur,false,benchmark/sources/native/form990/202422699349301652_public.xml
SRC-990-EXT-FARM-SANCTUARY,Farm Sanctuary,SRC-990-EXT-FARM-SANCTUARY::laurietorgersonwhite,LAURIE TORGERSON-WHITE,SR DIR RESEARCH & ANIMAL WELFARE,non_ceo_position,functional,no_transition_indicated,no,yes,40.00,,40,119599,143398,no,,,,,,no,not_fte_candidate,part_vii_verified_no_schedule_j,Return/ReturnData/IRS990/Form990PartVIISectionAGrp[13],,SRC-990-EXT-FARM-SANCTUARY,,,genebaur,genebaur,false,benchmark/sources/native/form990/202422699349301652_public.xml
SRC-990-EXT-FARM-SANCTUARY,Farm Sanctuary,SRC-990-EXT-FARM-SANCTUARY::shawnsilver,SHAWN SILVER,CHIEF OF EXTERNAL AFFAIRS(THRU 08/23),non_ceo_position,functional,partial_or_uncertain,no,yes,40.00,,40,118830,128920,no,,,,,,no,not_fte_candidate,part_vii_verified_no_schedule_j,Return/ReturnData/IRS990/Form990PartVIISectionAGrp[14],,SRC-990-EXT-FARM-SANCTUARY,,,genebaur,genebaur,false,benchmark/sources/native/form990/202422699349301652_public.xml
SRC-990-EXT-FEDERATION-OF-AMERICAN-SCIENTISTS,Federation of American Scientists,SRC-990-EXT-FEDERATION-OF-AMERICAN-SCIENTISTS::annettegermana,ANNETTE GERMANA,CHIEF OF STAFF,non_ceo_position,functional,no_transition_indicated,no,yes,40.00,,40,200643,221770,yes,200640,200640,0,40.0,200640.0,yes,standardizable_combined_40h_equivalent,part_vii_and_schedule_j_verified,Return/ReturnData/IRS990/Form990PartVIISectionAGrp[12],Return/ReturnData/IRS990ScheduleJ/RltdOrgOfficerTrstKeyEmplGrp[6],SRC-990-EXT-FEDERATION-OF-AMERICAN-SCIENTISTS,3,3,saraschapiro,saraschapiro,false,benchmark/sources/native/form990/202620939349300837_public.xml
SRC-990-EXT-FEDERATION-OF-AMERICAN-SCIENTISTS,Federation of American Scientists,SRC-990-EXT-FEDERATION-OF-AMERICAN-SCIENTISTS::ericagoldman,ERICA GOLDMAN,DIRECTOR OF SCIENCE POLICY,non_ceo_position,functional,no_transition_indicated,no,yes,40.00,,40,192394,218720,yes,192391,192391,0,40.0,192391.0,yes,standardizable_combined_40h_equivalent,part_vii_and_schedule_j_verified,Return/ReturnData/IRS990/Form990PartVIISectionAGrp[17],Return/ReturnData/IRS990ScheduleJ/RltdOrgOfficerTrstKeyEmplGrp[7],SRC-990-EXT-FEDERATION-OF-AMERICAN-SCIENTISTS,5,5,saraschapiro,saraschapiro,false,benchmark/sources/native/form990/202620939349300837_public.xml
SRC-990-EXT-FEDERATION-OF-AMERICAN-SCIENTISTS,Federation of American Scientists,SRC-990-EXT-FEDERATION-OF-AMERICAN-SCIENTISTS::gingerzielinskie,GINGER ZIELINSKIE,CHIEF IMPACT OFFICER (THRU 10/24),non_ceo_position,functional,partial_or_uncertain,no,yes,40.00,,40,318173,318469,yes,318173,318173,0,,,no,not_fte_candidate,part_vii_and_schedule_j_verified,Return/ReturnData/IRS990/Form990PartVIISectionAGrp[14],Return/ReturnData/IRS990ScheduleJ/RltdOrgOfficerTrstKeyEmplGrp[2],SRC-990-EXT-FEDERATION-OF-AMERICAN-SCIENTISTS,,,saraschapiro,saraschapiro,false,benchmark/sources/native/form990/202620939349300837_public.xml
SRC-990-EXT-FEDERATION-OF-AMERICAN-SCIENTISTS,Federation of American Scientists,SRC-990-EXT-FEDERATION-OF-AMERICAN-SCIENTISTS::jedidahisler,JEDIDAH ISLER,CHIEF SCIENCE OFFICER (BEG. 12/24),non_ceo_position,functional,partial_or_uncertain,no,yes,40.00,,40,21875,21875,no,,,,,,no,not_fte_candidate,part_vii_verified_no_schedule_j,Return/ReturnData/IRS990/Form990PartVIISectionAGrp[13],,SRC-990-EXT-FEDERATION-OF-AMERICAN-SCIENTISTS,,,saraschapiro,saraschapiro,false,benchmark/sources/native/form990/202620939349300837_public.xml
SRC-990-EXT-FEDERATION-OF-AMERICAN-SCIENTISTS,Federation of American Scientists,SRC-990-EXT-FEDERATION-OF-AMERICAN-SCIENTISTS::jonwolfsthal,JON WOLFSTHAL,DIRECTOR OF GLOBAL RISKS,non_ceo_position,functional,no_transition_indicated,no,yes,40.00,,40,194969,241391,yes,194966,194966,0,40.0,194966.0,yes,standardizable_combined_40h_equivalent,part_vii_and_schedule_j_verified,Return/ReturnData/IRS990/Form990PartVIISectionAGrp[16],Return/ReturnData/IRS990ScheduleJ/RltdOrgOfficerTrstKeyEmplGrp[5],SRC-990-EXT-FEDERATION-OF-AMERICAN-SCIENTISTS,4,4,saraschapiro,saraschapiro,false,benchmark/sources/native/form990/202620939349300837_public.xml
SRC-990-EXT-FEDERATION-OF-AMERICAN-SCIENTISTS,Federation of American Scientists,SRC-990-EXT-FEDERATION-OF-AMERICAN-SCIENTISTS::manizhanabieva,MANIZHA NABIEVA,CHIEF FINANCIAL OFFICER (THRU 6/25),non_ceo_position,functional,verified_full_year,no,yes,40.00,,40,254036,272435,yes,254033,254033,0,40.0,254033.0,yes,standardizable_combined_40h_equivalent,part_vii_and_schedule_j_verified,Return/ReturnData/IRS990/Form990PartVIISectionAGrp[11],Return/ReturnData/IRS990ScheduleJ/RltdOrgOfficerTrstKeyEmplGrp[4],SRC-990-EXT-FEDERATION-OF-AMERICAN-SCIENTISTS,2,2,saraschapiro,saraschapiro,false,benchmark/sources/native/form990/202620939349300837_public.xml
SRC-990-EXT-FEDERATION-OF-AMERICAN-SCIENTISTS,Federation of American Scientists,SRC-990-EXT-FEDERATION-OF-AMERICAN-SCIENTISTS::meganmcleish,MEGAN MCLEISH,DIRECTOR OF PARTNERSHIPS,non_ceo_position,functional,no_transition_indicated,no,yes,40.00,,40,165320,196305,yes,165317,165317,0,40.0,165317.0,yes,standardizable_combined_40h_equivalent,part_vii_and_schedule_j_verified,Return/ReturnData/IRS990/Form990PartVIISectionAGrp[19],Return/ReturnData/IRS990ScheduleJ/RltdOrgOfficerTrstKeyEmplGrp[9],SRC-990-EXT-FEDERATION-OF-AMERICAN-SCIENTISTS,7,7,saraschapiro,saraschapiro,false,benchmark/sources/native/form990/202620939349300837_public.xml
SRC-990-EXT-FEDERATION-OF-AMERICAN-SCIENTISTS,Federation of American Scientists,SRC-990-EXT-FEDERATION-OF-AMERICAN-SCIENTISTS::saraschapiro,SARA SCHAPIRO,DIRECTOR OF SOCIAL INNOVATION,non_ceo_position,functional,no_transition_indicated,no,yes,40.00,,40,263794,311851,yes,263791,263791,0,40.0,263791.0,yes,standardizable_combined_40h_equivalent,part_vii_and_schedule_j_verified,Return/ReturnData/IRS990/Form990PartVIISectionAGrp[15],Return/ReturnData/IRS990ScheduleJ/RltdOrgOfficerTrstKeyEmplGrp[3],SRC-990-EXT-FEDERATION-OF-AMERICAN-SCIENTISTS,1,1,saraschapiro,saraschapiro,false,benchmark/sources/native/form990/202620939349300837_public.xml
SRC-990-EXT-FEDERATION-OF-AMERICAN-SCIENTISTS,Federation of American Scientists,SRC-990-EXT-FEDERATION-OF-AMERICAN-SCIENTISTS::shannonbecks,SHANNON BECKS,DIR. POLICY FELLOWSHIP PROGRAMS,non_ceo_position,functional,no_transition_indicated,no,yes,40.00,,40,187836,210149,yes,187833,187833,0,40.0,187833.0,yes,standardizable_combined_40h_equivalent,part_vii_and_schedule_j_verified,Return/ReturnData/IRS990/Form990PartVIISectionAGrp[18],Return/ReturnData/IRS990ScheduleJ/RltdOrgOfficerTrstKeyEmplGrp[8],SRC-990-EXT-FEDERATION-OF-AMERICAN-SCIENTISTS,6,6,saraschapiro,saraschapiro,false,benchmark/sources/native/form990/202620939349300837_public.xml
SRC-990-EXT-FOOD-ANIMAL-CONCERNS-TRUST,Food Animal Concerns Trust,SRC-990-EXT-FOOD-ANIMAL-CONCERNS-TRUST::stevenaroach,STEVEN A ROACH,PROGRAM DIRECTOR,non_ceo_position,functional,no_transition_indicated,no,yes,40.00,,40,107300,107300,no,,,,,,no,not_fte_candidate,part_vii_verified_no_schedule_j,Return/ReturnData/IRS990/Form990PartVIISectionAGrp[13],,,,,,,,benchmark/sources/native/form990/202620149349300022_public.xml
SRC-990-EXT-FRAMEWORKS-INSTITUTE,FrameWorks Institute,SRC-990-EXT-FRAMEWORKS-INSTITUTE::andrewrvolmart,ANDREW R VOLMART,SVP OF RESEARCH,non_ceo_position,functional,no_transition_indicated,no,yes,40.00,0.00,40,279905,337140,yes,279905,279905,0,40.0,279905.0,yes,standardizable_combined_40h_equivalent,part_vii_and_schedule_j_verified,Return/ReturnData/IRS990/Form990PartVIISectionAGrp[16],Return/ReturnData/IRS990ScheduleJ/RltdOrgOfficerTrstKeyEmplGrp[2],SRC-990-EXT-FRAMEWORKS-INSTITUTE,2,2,moiraoneil,moiraoneil,false,benchmark/sources/native/form990/202641389349300439_public.xml
SRC-990-EXT-FRAMEWORKS-INSTITUTE,FrameWorks Institute,SRC-990-EXT-FRAMEWORKS-INSTITUTE::elizabethgilcrist,ELIZABETH GILCRIST,SVP OF OPERATIONS,non_ceo_position,functional,no_transition_indicated,no,yes,40.00,0.00,40,273453,307725,yes,273453,273453,0,40.0,273453.0,yes,standardizable_combined_40h_equivalent,part_vii_and_schedule_j_verified,Return/ReturnData/IRS990/Form990PartVIISectionAGrp[15],Return/ReturnData/IRS990ScheduleJ/RltdOrgOfficerTrstKeyEmplGrp[3],SRC-990-EXT-FRAMEWORKS-INSTITUTE,3,3,moiraoneil,moiraoneil,false,benchmark/sources/native/form990/202641389349300439_public.xml
SRC-990-EXT-FRAMEWORKS-INSTITUTE,FrameWorks Institute,SRC-990-EXT-FRAMEWORKS-INSTITUTE::ishitasrivastava,ISHITA SRIVASTAVA,VICE PRESIDENT OF CULTURAL STRATEGY,non_ceo_position,functional,no_transition_indicated,no,yes,40.00,0.00,40,228000,266952,yes,228000,228000,0,40.0,228000.0,yes,standardizable_combined_40h_equivalent,part_vii_and_schedule_j_verified,Return/ReturnData/IRS990/Form990PartVIISectionAGrp[19],Return/ReturnData/IRS990ScheduleJ/RltdOrgOfficerTrstKeyEmplGrp[6],SRC-990-EXT-FRAMEWORKS-INSTITUTE,4,4,moiraoneil,moiraoneil,false,benchmark/sources/native/form990/202641389349300439_public.xml
SRC-990-EXT-FRAMEWORKS-INSTITUTE,FrameWorks Institute,SRC-990-EXT-FRAMEWORKS-INSTITUTE::juliedsweetland,JULIE D SWEETLAND,SENIOR ADVISOR,unmapped_position,uncertain,no_transition_indicated,no,yes,40.00,0.00,40,241993,278171,yes,241993,241993,0,,,no,not_fte_candidate,part_vii_and_schedule_j_verified,Return/ReturnData/IRS990/Form990PartVIISectionAGrp[18],Return/ReturnData/IRS990ScheduleJ/RltdOrgOfficerTrstKeyEmplGrp[5],SRC-990-EXT-FRAMEWORKS-INSTITUTE,,,moiraoneil,moiraoneil,false,benchmark/sources/native/form990/202641389349300439_public.xml
SRC-990-EXT-FRAMEWORKS-INSTITUTE,FrameWorks Institute,SRC-990-EXT-FRAMEWORKS-INSTITUTE::marisagpineau,MARISA G PINEAU,"DIRECTOR, RESEARCH APPLICATION",non_ceo_position,functional,no_transition_indicated,no,yes,40.00,0.00,40,160058,210580,yes,160058,160058,0,40.0,160058.0,yes,standardizable_combined_40h_equivalent,part_vii_and_schedule_j_verified,Return/ReturnData/IRS990/Form990PartVIISectionAGrp[20],Return/ReturnData/IRS990ScheduleJ/RltdOrgOfficerTrstKeyEmplGrp[7],SRC-990-EXT-FRAMEWORKS-INSTITUTE,5,5,moiraoneil,moiraoneil,false,benchmark/sources/native/form990/202641389349300439_public.xml
SRC-990-EXT-FRAMEWORKS-INSTITUTE,FrameWorks Institute,SRC-990-EXT-FRAMEWORKS-INSTITUTE::moiraoneil,MOIRA O'NEIL,SVP OF RESEARCH INTERPRETATION,non_ceo_position,functional,no_transition_indicated,no,yes,40.00,0.00,40,281302,299718,yes,281302,281302,0,40.0,281302.0,yes,standardizable_combined_40h_equivalent,part_vii_and_schedule_j_verified,Return/ReturnData/IRS990/Form990PartVIISectionAGrp[17],Return/ReturnData/IRS990ScheduleJ/RltdOrgOfficerTrstKeyEmplGrp[4],SRC-990-EXT-FRAMEWORKS-INSTITUTE,1,1,moiraoneil,moiraoneil,false,benchmark/sources/native/form990/202641389349300439_public.xml
SRC-990-EXT-FRAMEWORKS-INSTITUTE,FrameWorks Institute,SRC-990-EXT-FRAMEWORKS-INSTITUTE::rebeccahsanderson,REBECCA H SANDERSON,SENIOR PRINCIPAL RESEARCH FELLOW,non_ceo_position,functional,no_transition_indicated,no,yes,40.00,0.00,40,154500,173201,yes,154500,154500,0,40.0,154500.0,yes,standardizable_combined_40h_equivalent,part_vii_and_schedule_j_verified,Return/ReturnData/IRS990/Form990PartVIISectionAGrp[22],Return/ReturnData/IRS990ScheduleJ/RltdOrgOfficerTrstKeyEmplGrp[9],SRC-990-EXT-FRAMEWORKS-INSTITUTE,7,7,moiraoneil,moiraoneil,false,benchmark/sources/native/form990/202641389349300439_public.xml
SRC-990-EXT-FRAMEWORKS-INSTITUTE,FrameWorks Institute,SRC-990-EXT-FRAMEWORKS-INSTITUTE::theresamiller,THERESA MILLER,DIRECTOR OF RESEARCH,non_ceo_position,functional,no_transition_indicated,no,yes,40.00,0.00,40,157448,193145,yes,157448,157448,0,40.0,157448.0,yes,standardizable_combined_40h_equivalent,part_vii_and_schedule_j_verified,Return/ReturnData/IRS990/Form990PartVIISectionAGrp[21],Return/ReturnData/IRS990ScheduleJ/RltdOrgOfficerTrstKeyEmplGrp[8],SRC-990-EXT-FRAMEWORKS-INSTITUTE,6,6,moiraoneil,moiraoneil,false,benchmark/sources/native/form990/202641389349300439_public.xml
SRC-990-EXT-FRESH-ENERGY,Fresh Energy,SRC-990-EXT-FRESH-ENERGY::allengleckner,ALLEN GLECKNER,"EXECUTIVE LEAD, POLICY AND PROGRAMS",non_ceo_position,functional,no_transition_indicated,no,yes,40.00,,40,144327,155573,yes,144327,144327,0,40.0,144327.0,yes,standardizable_combined_40h_equivalent,part_vii_and_schedule_j_verified,Return/ReturnData/IRS990/Form990PartVIISectionAGrp[23],Return/ReturnData/IRS990ScheduleJ/RltdOrgOfficerTrstKeyEmplGrp[3],,,,,,,benchmark/sources/native/form990/202513169349301031_public.xml
SRC-990-EXT-FRESH-ENERGY,Fresh Energy,SRC-990-EXT-FRESH-ENERGY::juliaolmstead,JULIA OLMSTEAD,"EXECUTIVE LEAD, PHILANTHROPY",non_ceo_position,functional,no_transition_indicated,no,yes,40.00,,40,140956,159567,yes,140956,140956,0,40.0,140956.0,yes,standardizable_combined_40h_equivalent,part_vii_and_schedule_j_verified,Return/ReturnData/IRS990/Form990PartVIISectionAGrp[24],Return/ReturnData/IRS990ScheduleJ/RltdOrgOfficerTrstKeyEmplGrp[2],,,,,,,benchmark/sources/native/form990/202513169349301031_public.xml
SRC-990-EXT-FRESH-ENERGY,Fresh Energy,SRC-990-EXT-FRESH-ENERGY::justinfay,JUSTIN FAY,"SENIOR LEAD, PUBLIC AFFAIRS AND ADVOCACY",non_ceo_position,functional,no_transition_indicated,no,yes,40.00,,40,126226,138472,no,,,,,,no,not_fte_candidate,part_vii_verified_no_schedule_j,Return/ReturnData/IRS990/Form990PartVIISectionAGrp[26],,,,,,,,benchmark/sources/native/form990/202513169349301031_public.xml
SRC-990-EXT-FRESH-ENERGY,Fresh Energy,SRC-990-EXT-FRESH-ENERGY::margaretchernehendrick,MARGARET CHERNE-HENDRICK,"SENIOR LEAD, INNOVATION & IMPACT",non_ceo_position,functional,no_transition_indicated,no,yes,40.00,,40,128852,147578,no,,,,,,no,not_fte_candidate,part_vii_verified_no_schedule_j,Return/ReturnData/IRS990/Form990PartVIISectionAGrp[25],,,,,,,,benchmark/sources/native/form990/202513169349301031_public.xml
SRC-990-EXT-FRESH-ENERGY,Fresh Energy,SRC-990-EXT-FRESH-ENERGY::matlarsonkrisetya,MAT LARSON KRISETYA,"EXECUTIVE LEAD, ORGANIZATIONAL HEALTH",non_ceo_position,functional,no_transition_indicated,no,yes,40.00,,40,122924,142465,no,,,,,,no,not_fte_candidate,part_vii_verified_no_schedule_j,Return/ReturnData/IRS990/Form990PartVIISectionAGrp[22],,,,,,,,benchmark/sources/native/form990/202513169349301031_public.xml
SRC-990-EXT-FUTURE-OF-PRIVACY-FORUM,Future of Privacy Forum,SRC-990-EXT-FUTURE-OF-PRIVACY-FORUM::amiestepanovich,AMIE STEPANOVICH,VICE PRESIDENT OF US POLICY,non_ceo_position,functional,no_transition_indicated,no,yes,40.00,,40,217661,240159,yes,206789,206789,0,40.0,206789.0,yes,standardizable_combined_40h_equivalent,part_vii_and_schedule_j_verified,Return/ReturnData/IRS990/Form990PartVIISectionAGrp[18],Return/ReturnData/IRS990ScheduleJ/RltdOrgOfficerTrstKeyEmplGrp[4],SRC-990-EXT-FUTURE-OF-PRIVACY-FORUM,4,4,johnverdi,johnverdi,false,benchmark/sources/native/form990/202543219349319589_public.xml
SRC-990-EXT-FUTURE-OF-PRIVACY-FORUM,Future of Privacy Forum,SRC-990-EXT-FUTURE-OF-PRIVACY-FORUM::annejosephineflanagan,ANNE JOSEPHINE FLANAGAN,DIRECTOR FOR YOUTH & EDUCATION,non_ceo_position,functional,no_transition_indicated,no,yes,40.00,,40,202595,203702,yes,166932,166932,0,40.0,166932.0,yes,standardizable_combined_40h_equivalent,part_vii_and_schedule_j_verified,Return/ReturnData/IRS990/Form990PartVIISectionAGrp[19],Return/ReturnData/IRS990ScheduleJ/RltdOrgOfficerTrstKeyEmplGrp[6],SRC-990-EXT-FUTURE-OF-PRIVACY-FORUM,5,5,johnverdi,johnverdi,false,benchmark/sources/native/form990/202543219349319589_public.xml
SRC-990-EXT-FUTURE-OF-PRIVACY-FORUM,Future of Privacy Forum,SRC-990-EXT-FUTURE-OF-PRIVACY-FORUM::christalshradersandi,CHRISTAL SHRADER-SANDI,SENIOR VICE PRESIDENT OF OPERATIONS,non_ceo_position,functional,no_transition_indicated,no,yes,40.00,,40,235422,236529,yes,224800,224800,0,40.0,224800.0,yes,standardizable_combined_40h_equivalent,part_vii_and_schedule_j_verified,Return/ReturnData/IRS990/Form990PartVIISectionAGrp[17],Return/ReturnData/IRS990ScheduleJ/RltdOrgOfficerTrstKeyEmplGrp[5],SRC-990-EXT-FUTURE-OF-PRIVACY-FORUM,2,2,johnverdi,johnverdi,false,benchmark/sources/native/form990/202543219349319589_public.xml
SRC-990-EXT-FUTURE-OF-PRIVACY-FORUM,Future of Privacy Forum,SRC-990-EXT-FUTURE-OF-PRIVACY-FORUM::gabrielazanfirfortuna,GABRIELA ZANFIR-FORTUNA,VICE PRESIDENT OF GLOBAL POLICY,non_ceo_position,functional,no_transition_indicated,no,yes,40.00,,40,219608,252956,yes,211486,211486,0,40.0,211486.0,yes,standardizable_combined_40h_equivalent,part_vii_and_schedule_j_verified,Return/ReturnData/IRS990/Form990PartVIISectionAGrp[16],Return/ReturnData/IRS990ScheduleJ/RltdOrgOfficerTrstKeyEmplGrp[3],SRC-990-EXT-FUTURE-OF-PRIVACY-FORUM,3,3,johnverdi,johnverdi,false,benchmark/sources/native/form990/202543219349319589_public.xml
SRC-990-EXT-FUTURE-OF-PRIVACY-FORUM,Future of Privacy Forum,SRC-990-EXT-FUTURE-OF-PRIVACY-FORUM::johnverdi,JOHN VERDI,VICE PRESIDENT OF POLICY,non_ceo_position,functional,no_transition_indicated,no,yes,40.00,,40,287775,342911,yes,277153,277153,0,40.0,277153.0,yes,standardizable_combined_40h_equivalent,part_vii_and_schedule_j_verified,Return/ReturnData/IRS990/Form990PartVIISectionAGrp[15],Return/ReturnData/IRS990ScheduleJ/RltdOrgOfficerTrstKeyEmplGrp[2],SRC-990-EXT-FUTURE-OF-PRIVACY-FORUM,1,1,johnverdi,johnverdi,false,benchmark/sources/native/form990/202543219349319589_public.xml
SRC-990-EXT-GIVINGTUESDAY,GivingTuesday,SRC-990-EXT-GIVINGTUESDAY::celesteflores,CELESTE FLORES,"SENIOR DIRECTOR, US/CANADA HUB (THRU 03/21/2025)",non_ceo_position,functional,partial_or_uncertain,no,yes,40.0,,40,162400,170627,yes,162400,162400,0,,,no,not_fte_candidate,part_vii_and_schedule_j_verified,Return/ReturnData/IRS990/Form990PartVIISectionAGrp[19],Return/ReturnData/IRS990ScheduleJ/RltdOrgOfficerTrstKeyEmplGrp[4],SRC-990-EXT-GIVINGTUESDAY,,,shareezabhola,shareezabhola,false,benchmark/sources/native/form990/202601219349300720_public.xml
SRC-990-EXT-GIVINGTUESDAY,GivingTuesday,SRC-990-EXT-GIVINGTUESDAY::jessicaschneider,JESSICA SCHNEIDER,"COO, CHIEF OF STAFF, & SECRETARY",non_ceo_position,functional,no_transition_indicated,no,yes,40.0,,40,197470,205570,yes,179738,179738,0,40.0,179738.0,yes,standardizable_combined_40h_equivalent,part_vii_and_schedule_j_verified,Return/ReturnData/IRS990/Form990PartVIISectionAGrp[17],Return/ReturnData/IRS990ScheduleJ/RltdOrgOfficerTrstKeyEmplGrp[2],SRC-990-EXT-GIVINGTUESDAY,2,2,shareezabhola,shareezabhola,false,benchmark/sources/native/form990/202601219349300720_public.xml
SRC-990-EXT-GIVINGTUESDAY,GivingTuesday,SRC-990-EXT-GIVINGTUESDAY::richamistry,RICHA MISTRY,CFO,non_ceo_position,functional,no_transition_indicated,no,yes,40.0,,40,115590,140777,no,,,,,,no,not_fte_candidate,part_vii_verified_no_schedule_j,Return/ReturnData/IRS990/Form990PartVIISectionAGrp[18],,SRC-990-EXT-GIVINGTUESDAY,,,shareezabhola,shareezabhola,false,benchmark/sources/native/form990/202601219349300720_public.xml
SRC-990-EXT-GIVINGTUESDAY,GivingTuesday,SRC-990-EXT-GIVINGTUESDAY::shareezabhola,SHAREEZA BHOLA,CHIEF COMMUNICATIONS OFFICER,non_ceo_position,functional,no_transition_indicated,no,yes,40.0,,40,222727,257968,yes,202447,202447,0,40.0,202447.0,yes,standardizable_combined_40h_equivalent,part_vii_and_schedule_j_verified,Return/ReturnData/IRS990/Form990PartVIISectionAGrp[20],Return/ReturnData/IRS990ScheduleJ/RltdOrgOfficerTrstKeyEmplGrp[3],SRC-990-EXT-GIVINGTUESDAY,1,1,shareezabhola,shareezabhola,false,benchmark/sources/native/form990/202601219349300720_public.xml
SRC-990-EXT-GLOBAL-HEALTH-CORPS,Global Health Corps,SRC-990-EXT-GLOBAL-HEALTH-CORPS::brittanycesarini,BRITTANY CESARINI,SR. DIRECTOR OF DEVELOPMENT & COMM,non_ceo_position,functional,no_transition_indicated,no,yes,40.00,0.00,40,121942,162645,yes,121942,121942,0,40.0,121942.0,yes,standardizable_combined_40h_equivalent,part_vii_and_schedule_j_verified,Return/ReturnData/IRS990/Form990PartVIISectionAGrp[16],Return/ReturnData/IRS990ScheduleJ/RltdOrgOfficerTrstKeyEmplGrp[3],SRC-990-EXT-GLOBAL-HEALTH-CORPS,2,1,johncape,brittanycesarini,true,benchmark/sources/native/form990/202600139349300115_public.xml
SRC-990-EXT-GLOBAL-HEALTH-CORPS,Global Health Corps,SRC-990-EXT-GLOBAL-HEALTH-CORPS::hannahtaylor,HANNAH TAYLOR,SR. DIRECTOR COMMUNITY ENG,non_ceo_position,functional,no_transition_indicated,no,yes,40.00,0.00,40,109487,137741,no,,,,,,no,not_fte_candidate,part_vii_verified_no_schedule_j,Return/ReturnData/IRS990/Form990PartVIISectionAGrp[15],,SRC-990-EXT-GLOBAL-HEALTH-CORPS,,,johncape,brittanycesarini,true,benchmark/sources/native/form990/202600139349300115_public.xml
SRC-990-EXT-GLOBAL-HEALTH-CORPS,Global Health Corps,SRC-990-EXT-GLOBAL-HEALTH-CORPS::johncape,JOHN CAPE,CHIEF PROGRAM OFFICER,non_ceo_position,functional,no_transition_indicated,no,yes,50.00,0.00,50,128918,168319,yes,128918,128918,0,50.0,103134.4,yes,standardizable_combined_40h_equivalent,part_vii_and_schedule_j_verified,Return/ReturnData/IRS990/Form990PartVIISectionAGrp[13],Return/ReturnData/IRS990ScheduleJ/RltdOrgOfficerTrstKeyEmplGrp[2],SRC-990-EXT-GLOBAL-HEALTH-CORPS,1,2,johncape,brittanycesarini,true,benchmark/sources/native/form990/202600139349300115_public.xml
SRC-990-EXT-GLOBAL-HEALTH-CORPS,Global Health Corps,SRC-990-EXT-GLOBAL-HEALTH-CORPS::reginamutuku,REGINA MUTUKU,CHIEF OPERATING OFFICER,non_ceo_position,functional,no_transition_indicated,no,yes,50.00,0.00,50,127292,129734,no,,,,,,no,not_fte_candidate,part_vii_verified_no_schedule_j,Return/ReturnData/IRS990/Form990PartVIISectionAGrp[14],,SRC-990-EXT-GLOBAL-HEALTH-CORPS,,,johncape,brittanycesarini,true,benchmark/sources/native/form990/202600139349300115_public.xml
SRC-990-EXT-GOOD-FOOD-INSTITUTE,Good Food Institute,SRC-990-EXT-GOOD-FOOD-INSTITUTE::brucefriedrich,BRUCE FRIEDRICH,PRESIDENT AND FOUNDER,non_ceo_position,functional,no_transition_indicated,no,yes,40.00,0.00,40,230799,252040,yes,230799,230799,0,40.0,230799.0,yes,standardizable_combined_40h_equivalent,part_vii_and_schedule_j_verified,Return/ReturnData/IRS990/Form990PartVIISectionAGrp[2],Return/ReturnData/IRS990ScheduleJ/RltdOrgOfficerTrstKeyEmplGrp[1],SRC-990-EXT-GOOD-FOOD-INSTITUTE,1,1,brucefriedrich,brucefriedrich,false,benchmark/sources/native/form990/202543189349301719_public.xml
SRC-990-EXT-GOOD-FOOD-INSTITUTE,Good Food Institute,SRC-990-EXT-GOOD-FOOD-INSTITUTE::carolinebushnell,CAROLINE BUSHNELL,SVP - CORPORATE ENGAGEMENT,non_ceo_position,functional,no_transition_indicated,no,yes,40.00,0.00,40,196663,216366,yes,196663,196663,0,40.0,196663.0,yes,standardizable_combined_40h_equivalent,part_vii_and_schedule_j_verified,Return/ReturnData/IRS990/Form990PartVIISectionAGrp[10],Return/ReturnData/IRS990ScheduleJ/RltdOrgOfficerTrstKeyEmplGrp[5],SRC-990-EXT-GOOD-FOOD-INSTITUTE,5,5,brucefriedrich,brucefriedrich,false,benchmark/sources/native/form990/202543189349301719_public.xml
SRC-990-EXT-GOOD-FOOD-INSTITUTE,Good Food Institute,SRC-990-EXT-GOOD-FOOD-INSTITUTE::chethanabiliyar,CHETHANA BILIYAR,VP OPERATIONS,non_ceo_position,functional,no_transition_indicated,no,yes,40.00,0.00,40,168167,191697,yes,168167,168167,0,40.0,168167.0,yes,standardizable_combined_40h_equivalent,part_vii_and_schedule_j_verified,Return/ReturnData/IRS990/Form990PartVIISectionAGrp[11],Return/ReturnData/IRS990ScheduleJ/RltdOrgOfficerTrstKeyEmplGrp[8],SRC-990-EXT-GOOD-FOOD-INSTITUTE,7,7,brucefriedrich,brucefriedrich,false,benchmark/sources/native/form990/202543189349301719_public.xml
SRC-990-EXT-GOOD-FOOD-INSTITUTE,Good Food Institute,SRC-990-EXT-GOOD-FOOD-INSTITUTE::jessicaalmy,JESSICA ALMY,SVP - POLICY AND GOVERNMENT RELATIONS,non_ceo_position,functional,no_transition_indicated,no,yes,40.00,0.00,40,197947,228058,yes,197947,197947,0,40.0,197947.0,yes,standardizable_combined_40h_equivalent,part_vii_and_schedule_j_verified,Return/ReturnData/IRS990/Form990PartVIISectionAGrp[12],Return/ReturnData/IRS990ScheduleJ/RltdOrgOfficerTrstKeyEmplGrp[4],SRC-990-EXT-GOOD-FOOD-INSTITUTE,4,4,brucefriedrich,brucefriedrich,false,benchmark/sources/native/form990/202543189349301719_public.xml
SRC-990-EXT-GOOD-FOOD-INSTITUTE,Good Food Institute,SRC-990-EXT-GOOD-FOOD-INSTITUTE::sarahdavid,SARAH DAVID,"GEN. COUNSEL, SECRETARY, TREASURER",non_ceo_position,functional,no_transition_indicated,no,yes,40.00,0.00,40,173558,195119,yes,173558,173558,0,40.0,173558.0,yes,standardizable_combined_40h_equivalent,part_vii_and_schedule_j_verified,Return/ReturnData/IRS990/Form990PartVIISectionAGrp[9],Return/ReturnData/IRS990ScheduleJ/RltdOrgOfficerTrstKeyEmplGrp[7],SRC-990-EXT-GOOD-FOOD-INSTITUTE,6,6,brucefriedrich,brucefriedrich,false,benchmark/sources/native/form990/202543189349301719_public.xml
SRC-990-EXT-GOOD-FOOD-INSTITUTE,Good Food Institute,SRC-990-EXT-GOOD-FOOD-INSTITUTE::sheilavoss,SHEILA VOSS,SVP - COMMUNICATIONS,non_ceo_position,functional,no_transition_indicated,no,yes,40.00,0.00,40,199100,209926,yes,199100,199100,0,40.0,199100.0,yes,standardizable_combined_40h_equivalent,part_vii_and_schedule_j_verified,Return/ReturnData/IRS990/Form990PartVIISectionAGrp[13],Return/ReturnData/IRS990ScheduleJ/RltdOrgOfficerTrstKeyEmplGrp[6],SRC-990-EXT-GOOD-FOOD-INSTITUTE,3,3,brucefriedrich,brucefriedrich,false,benchmark/sources/native/form990/202543189349301719_public.xml
SRC-990-EXT-GOOD-FOOD-INSTITUTE,Good Food Institute,SRC-990-EXT-GOOD-FOOD-INSTITUTE::susanmccauslandhalteman,SUSAN MCCAUSLAND-HALTEMAN,SVP - DEVELOPMENT,non_ceo_position,functional,no_transition_indicated,no,yes,40.00,0.00,40,210448,229815,yes,210448,210448,0,40.0,210448.0,yes,standardizable_combined_40h_equivalent,part_vii_and_schedule_j_verified,Return/ReturnData/IRS990/Form990PartVIISectionAGrp[14],Return/ReturnData/IRS990ScheduleJ/RltdOrgOfficerTrstKeyEmplGrp[3],SRC-990-EXT-GOOD-FOOD-INSTITUTE,2,2,brucefriedrich,brucefriedrich,false,benchmark/sources/native/form990/202543189349301719_public.xml
SRC-990-EXT-GRANTMAKERS-FOR-EDUCATION,Grantmakers for Education,SRC-990-EXT-GRANTMAKERS-FOR-EDUCATION::beverlyrossdenny,BEVERLY ROSS DENNY,MANAGING DIRECTOR,non_ceo_position,functional,no_transition_indicated,no,yes,40.00,,40,202998,234821,yes,202998,202998,0,40.0,202998.0,yes,standardizable_combined_40h_equivalent,part_vii_and_schedule_j_verified,Return/ReturnData/IRS990/Form990PartVIISectionAGrp[14],Return/ReturnData/IRS990ScheduleJ/RltdOrgOfficerTrstKeyEmplGrp[2],SRC-990-EXT-GRANTMAKERS-FOR-EDUCATION,1,1,beverlyrossdenny,beverlyrossdenny,false,benchmark/sources/native/form990/202543079349303299_public.xml
SRC-990-EXT-GRANTMAKERS-FOR-EDUCATION,Grantmakers for Education,SRC-990-EXT-GRANTMAKERS-FOR-EDUCATION::kylemalone,KYLE MALONE,EXTERNAL AFFAIRS DIRECTOR,non_ceo_position,functional,no_transition_indicated,no,yes,40.00,,40,105537,140022,no,,,,,,no,not_fte_candidate,part_vii_verified_no_schedule_j,Return/ReturnData/IRS990/Form990PartVIISectionAGrp[16],,SRC-990-EXT-GRANTMAKERS-FOR-EDUCATION,,,beverlyrossdenny,beverlyrossdenny,false,benchmark/sources/native/form990/202543079349303299_public.xml
SRC-990-EXT-GRANTMAKERS-FOR-EDUCATION,Grantmakers for Education,SRC-990-EXT-GRANTMAKERS-FOR-EDUCATION::paulmoon,PAUL MOON,CONFERENCE AND EVENTS DIRECTOR,non_ceo_position,functional,no_transition_indicated,no,yes,40.00,,40,104461,119559,no,,,,,,no,not_fte_candidate,part_vii_verified_no_schedule_j,Return/ReturnData/IRS990/Form990PartVIISectionAGrp[17],,SRC-990-EXT-GRANTMAKERS-FOR-EDUCATION,,,beverlyrossdenny,beverlyrossdenny,false,benchmark/sources/native/form990/202543079349303299_public.xml
SRC-990-EXT-GRANTMAKERS-FOR-EDUCATION,Grantmakers for Education,SRC-990-EXT-GRANTMAKERS-FOR-EDUCATION::stephaniewaller,STEPHANIE WALLER,PROGRAM DIRECTOR,non_ceo_position,functional,no_transition_indicated,no,yes,40.00,,40,111080,132655,no,,,,,,no,not_fte_candidate,part_vii_verified_no_schedule_j,Return/ReturnData/IRS990/Form990PartVIISectionAGrp[15],,SRC-990-EXT-GRANTMAKERS-FOR-EDUCATION,,,beverlyrossdenny,beverlyrossdenny,false,benchmark/sources/native/form990/202543079349303299_public.xml
SRC-990-EXT-GRANTMAKERS-FOR-EFFECTIVE-ORGANIZATIONS,Grantmakers for Effective Organizations,SRC-990-EXT-GRANTMAKERS-FOR-EFFECTIVE-ORGANIZATIONS::akilahmassey,AKILAH MASSEY,"VICE PRESIDENT, PROGRAMS",non_ceo_position,functional,no_transition_indicated,no,yes,40.00,,40,188542,216979,yes,187642,187642,0,40.0,187642.0,yes,standardizable_combined_40h_equivalent,part_vii_and_schedule_j_verified,Return/ReturnData/IRS990/Form990PartVIISectionAGrp[16],Return/ReturnData/IRS990ScheduleJ/RltdOrgOfficerTrstKeyEmplGrp[3],SRC-990-EXT-GRANTMAKERS-FOR-EFFECTIVE-ORGANIZATIONS,2,2,meghanduffy,meghanduffy,false,benchmark/sources/native/form990/202503109349303655_public.xml
SRC-990-EXT-GRANTMAKERS-FOR-EFFECTIVE-ORGANIZATIONS,Grantmakers for Effective Organizations,SRC-990-EXT-GRANTMAKERS-FOR-EFFECTIVE-ORGANIZATIONS::claudiawilliams,CLAUDIA WILLIAMS,DIRECTOR OF MEMBERSHIP & DEVELOPMENT,non_ceo_position,functional,no_transition_indicated,no,yes,40.00,,40,119086,147104,no,,,,,,no,not_fte_candidate,part_vii_verified_no_schedule_j,Return/ReturnData/IRS990/Form990PartVIISectionAGrp[19],,SRC-990-EXT-GRANTMAKERS-FOR-EFFECTIVE-ORGANIZATIONS,,,meghanduffy,meghanduffy,false,benchmark/sources/native/form990/202503109349303655_public.xml
SRC-990-EXT-GRANTMAKERS-FOR-EFFECTIVE-ORGANIZATIONS,Grantmakers for Effective Organizations,SRC-990-EXT-GRANTMAKERS-FOR-EFFECTIVE-ORGANIZATIONS::jwingli,J WING LI,DIRECTOR OF OPERATIONS,non_ceo_position,functional,no_transition_indicated,no,yes,40.00,,40,133042,161655,yes,132142,132142,0,40.0,132142.0,yes,standardizable_combined_40h_equivalent,part_vii_and_schedule_j_verified,Return/ReturnData/IRS990/Form990PartVIISectionAGrp[20],Return/ReturnData/IRS990ScheduleJ/RltdOrgOfficerTrstKeyEmplGrp[7],SRC-990-EXT-GRANTMAKERS-FOR-EFFECTIVE-ORGANIZATIONS,6,6,meghanduffy,meghanduffy,false,benchmark/sources/native/form990/202503109349303655_public.xml
SRC-990-EXT-GRANTMAKERS-FOR-EFFECTIVE-ORGANIZATIONS,Grantmakers for Effective Organizations,SRC-990-EXT-GRANTMAKERS-FOR-EFFECTIVE-ORGANIZATIONS::kellywise,KELLY WISE,DIRECTOR OF PEOPLE & CULTURE,non_ceo_position,functional,no_transition_indicated,no,yes,40.00,,40,139832,167660,yes,138932,138932,0,40.0,138932.0,yes,standardizable_combined_40h_equivalent,part_vii_and_schedule_j_verified,Return/ReturnData/IRS990/Form990PartVIISectionAGrp[21],Return/ReturnData/IRS990ScheduleJ/RltdOrgOfficerTrstKeyEmplGrp[6],SRC-990-EXT-GRANTMAKERS-FOR-EFFECTIVE-ORGANIZATIONS,5,5,meghanduffy,meghanduffy,false,benchmark/sources/native/form990/202503109349303655_public.xml
SRC-990-EXT-GRANTMAKERS-FOR-EFFECTIVE-ORGANIZATIONS,Grantmakers for Effective Organizations,SRC-990-EXT-GRANTMAKERS-FOR-EFFECTIVE-ORGANIZATIONS::kristinawertz,KRISTINA WERTZ,"VICE PRESIDENT, EXTERNAL AFFAIRS",non_ceo_position,functional,no_transition_indicated,no,yes,40.00,,40,188465,216902,yes,187565,187565,0,40.0,187565.0,yes,standardizable_combined_40h_equivalent,part_vii_and_schedule_j_verified,Return/ReturnData/IRS990/Form990PartVIISectionAGrp[17],Return/ReturnData/IRS990ScheduleJ/RltdOrgOfficerTrstKeyEmplGrp[4],SRC-990-EXT-GRANTMAKERS-FOR-EFFECTIVE-ORGANIZATIONS,3,3,meghanduffy,meghanduffy,false,benchmark/sources/native/form990/202503109349303655_public.xml
SRC-990-EXT-GRANTMAKERS-FOR-EFFECTIVE-ORGANIZATIONS,Grantmakers for Effective Organizations,SRC-990-EXT-GRANTMAKERS-FOR-EFFECTIVE-ORGANIZATIONS::meghanduffy,MEGHAN DUFFY,EXECUTIVE VICE PRESIDENT,non_ceo_position,functional,no_transition_indicated,no,yes,40.00,,40,234421,254681,yes,233521,233521,0,40.0,233521.0,yes,standardizable_combined_40h_equivalent,part_vii_and_schedule_j_verified,Return/ReturnData/IRS990/Form990PartVIISectionAGrp[18],Return/ReturnData/IRS990ScheduleJ/RltdOrgOfficerTrstKeyEmplGrp[2],SRC-990-EXT-GRANTMAKERS-FOR-EFFECTIVE-ORGANIZATIONS,1,1,meghanduffy,meghanduffy,false,benchmark/sources/native/form990/202503109349303655_public.xml
SRC-990-EXT-GRANTMAKERS-FOR-EFFECTIVE-ORGANIZATIONS,Grantmakers for Effective Organizations,SRC-990-EXT-GRANTMAKERS-FOR-EFFECTIVE-ORGANIZATIONS::michelleharrington,MICHELLE HARRINGTON,DIRECTOR OF COMMUNICATIONS,non_ceo_position,functional,partial_or_uncertain,yes,yes,40.00,,40,129700,141706,yes,128800,128800,0,,,no,not_fte_candidate,part_vii_and_schedule_j_verified,Return/ReturnData/IRS990/Form990PartVIISectionAGrp[23],Return/ReturnData/IRS990ScheduleJ/RltdOrgOfficerTrstKeyEmplGrp[8],SRC-990-EXT-GRANTMAKERS-FOR-EFFECTIVE-ORGANIZATIONS,,,meghanduffy,meghanduffy,false,benchmark/sources/native/form990/202503109349303655_public.xml
SRC-990-EXT-GRANTMAKERS-FOR-EFFECTIVE-ORGANIZATIONS,Grantmakers for Effective Organizations,SRC-990-EXT-GRANTMAKERS-FOR-EFFECTIVE-ORGANIZATIONS::milayochum,MILA YOCHUM,"VICE PRESIDENT, OPERATIONS",non_ceo_position,functional,no_transition_indicated,no,yes,40.00,,40,185400,198457,yes,184500,184500,0,40.0,184500.0,yes,standardizable_combined_40h_equivalent,part_vii_and_schedule_j_verified,Return/ReturnData/IRS990/Form990PartVIISectionAGrp[15],Return/ReturnData/IRS990ScheduleJ/RltdOrgOfficerTrstKeyEmplGrp[5],SRC-990-EXT-GRANTMAKERS-FOR-EFFECTIVE-ORGANIZATIONS,4,4,meghanduffy,meghanduffy,false,benchmark/sources/native/form990/202503109349303655_public.xml
SRC-990-EXT-GRANTMAKERS-FOR-EFFECTIVE-ORGANIZATIONS,Grantmakers for Effective Organizations,SRC-990-EXT-GRANTMAKERS-FOR-EFFECTIVE-ORGANIZATIONS::nicholehoeflich,NICHOLE HOEFLICH,DIRECTOR OF PROGRAMS,non_ceo_position,functional,no_transition_indicated,no,yes,40.00,,40,136732,149398,no,,,,,,no,not_fte_candidate,part_vii_verified_no_schedule_j,Return/ReturnData/IRS990/Form990PartVIISectionAGrp[22],,SRC-990-EXT-GRANTMAKERS-FOR-EFFECTIVE-ORGANIZATIONS,,,meghanduffy,meghanduffy,false,benchmark/sources/native/form990/202503109349303655_public.xml
SRC-990-EXT-GUTTMACHER-INSTITUTE,Guttmacher Institute,SRC-990-EXT-GUTTMACHER-INSTITUTE::alethaakers,ALETHA AKERS,VP FOR RESEARCH,non_ceo_position,functional,no_transition_indicated,no,yes,35.0,0.0,35,308768,339834,yes,308216,308216,0,35.0,352246.86,yes,standardizable_combined_40h_equivalent,part_vii_and_schedule_j_verified,Return/ReturnData/IRS990/Form990PartVIISectionAGrp[4],Return/ReturnData/IRS990ScheduleJ/RltdOrgOfficerTrstKeyEmplGrp[13],SRC-990-EXT-GUTTMACHER-INSTITUTE,2,2,susheelasingh,susheelasingh,false,benchmark/sources/native/form990/202341989349301459_public.xml
SRC-990-EXT-GUTTMACHER-INSTITUTE,Guttmacher Institute,SRC-990-EXT-GUTTMACHER-INSTITUTE::heatherboonstra,HEATHER BOONSTRA,VP for Public Policy,non_ceo_position,functional,no_transition_indicated,no,yes,35.0,0.0,35,249960,301092,yes,227826,227826,0,35.0,260372.57,yes,standardizable_combined_40h_equivalent,part_vii_and_schedule_j_verified,Return/ReturnData/IRS990/Form990PartVIISectionAGrp[7],Return/ReturnData/IRS990ScheduleJ/RltdOrgOfficerTrstKeyEmplGrp[4],SRC-990-EXT-GUTTMACHER-INSTITUTE,8,8,susheelasingh,susheelasingh,false,benchmark/sources/native/form990/202341989349301459_public.xml
SRC-990-EXT-GUTTMACHER-INSTITUTE,Guttmacher Institute,SRC-990-EXT-GUTTMACHER-INSTITUTE::jenniferfrost,JENNIFER FROST,PRINCIPAL RESEARCH SCIENTIST,non_ceo_position,functional,no_transition_indicated,no,yes,35.0,0.0,35,216062,247326,yes,214478,214478,0,35.0,245117.71,yes,standardizable_combined_40h_equivalent,part_vii_and_schedule_j_verified,Return/ReturnData/IRS990/Form990PartVIISectionAGrp[11],Return/ReturnData/IRS990ScheduleJ/RltdOrgOfficerTrstKeyEmplGrp[9],SRC-990-EXT-GUTTMACHER-INSTITUTE,10,10,susheelasingh,susheelasingh,false,benchmark/sources/native/form990/202341989349301459_public.xml
SRC-990-EXT-GUTTMACHER-INSTITUTE,Guttmacher Institute,SRC-990-EXT-GUTTMACHER-INSTITUTE::jonathanwittenberg,JONATHAN WITTENBERG,EXECUTIVE VICE PRESIDENT,non_ceo_position,functional,no_transition_indicated,no,yes,35.0,0.0,35,279562,343091,yes,279202,279202,0,35.0,319088.0,yes,standardizable_combined_40h_equivalent,part_vii_and_schedule_j_verified,Return/ReturnData/IRS990/Form990PartVIISectionAGrp[3],Return/ReturnData/IRS990ScheduleJ/RltdOrgOfficerTrstKeyEmplGrp[2],SRC-990-EXT-GUTTMACHER-INSTITUTE,3,3,susheelasingh,susheelasingh,false,benchmark/sources/native/form990/202341989349301459_public.xml
SRC-990-EXT-GUTTMACHER-INSTITUTE,Guttmacher Institute,SRC-990-EXT-GUTTMACHER-INSTITUTE::kathleenrandall,KATHLEEN RANDALL,DIRECTOR OF PRODUCTION,non_ceo_position,functional,no_transition_indicated,no,yes,35.0,0.0,35,220347,269067,yes,218763,218763,0,35.0,250014.86,yes,standardizable_combined_40h_equivalent,part_vii_and_schedule_j_verified,Return/ReturnData/IRS990/Form990PartVIISectionAGrp[10],Return/ReturnData/IRS990ScheduleJ/RltdOrgOfficerTrstKeyEmplGrp[8],SRC-990-EXT-GUTTMACHER-INSTITUTE,9,9,susheelasingh,susheelasingh,false,benchmark/sources/native/form990/202341989349301459_public.xml
SRC-990-EXT-GUTTMACHER-INSTITUTE,Guttmacher Institute,SRC-990-EXT-GUTTMACHER-INSTITUTE::kathyrnkost,KATHYRN KOST,DIRECTOR OF Domestic Research,non_ceo_position,functional,no_transition_indicated,no,yes,35.0,0.0,35,247657,299527,yes,246073,246073,0,35.0,281226.29,yes,standardizable_combined_40h_equivalent,part_vii_and_schedule_j_verified,Return/ReturnData/IRS990/Form990PartVIISectionAGrp[8],Return/ReturnData/IRS990ScheduleJ/RltdOrgOfficerTrstKeyEmplGrp[7],SRC-990-EXT-GUTTMACHER-INSTITUTE,4,4,susheelasingh,susheelasingh,false,benchmark/sources/native/form990/202341989349301459_public.xml
SRC-990-EXT-GUTTMACHER-INSTITUTE,Guttmacher Institute,SRC-990-EXT-GUTTMACHER-INSTITUTE::maibeponet,MAIBE PONET,VP for Communications & Public,non_ceo_position,functional,no_transition_indicated,no,yes,35.0,0.0,35,238385,301345,yes,238025,238025,0,35.0,272028.57,yes,standardizable_combined_40h_equivalent,part_vii_and_schedule_j_verified,Return/ReturnData/IRS990/Form990PartVIISectionAGrp[6],Return/ReturnData/IRS990ScheduleJ/RltdOrgOfficerTrstKeyEmplGrp[6],SRC-990-EXT-GUTTMACHER-INSTITUTE,6,6,susheelasingh,susheelasingh,false,benchmark/sources/native/form990/202341989349301459_public.xml
SRC-990-EXT-GUTTMACHER-INSTITUTE,Guttmacher Institute,SRC-990-EXT-GUTTMACHER-INSTITUTE::maureenburnley,MAUREEN BURNLEY,VP for Finance & Admin.,non_ceo_position,functional,no_transition_indicated,no,yes,35.0,0.0,35,254714,307608,yes,231166,231166,0,35.0,264189.71,yes,standardizable_combined_40h_equivalent,part_vii_and_schedule_j_verified,Return/ReturnData/IRS990/Form990PartVIISectionAGrp[5],Return/ReturnData/IRS990ScheduleJ/RltdOrgOfficerTrstKeyEmplGrp[3],SRC-990-EXT-GUTTMACHER-INSTITUTE,7,7,susheelasingh,susheelasingh,false,benchmark/sources/native/form990/202341989349301459_public.xml
SRC-990-EXT-GUTTMACHER-INSTITUTE,Guttmacher Institute,SRC-990-EXT-GUTTMACHER-INSTITUTE::racheljones,RACHEL JONES,PRINCIPAL RESEARCH SCIENTIST,non_ceo_position,functional,no_transition_indicated,no,yes,35.0,0.0,35,203535,234967,yes,202983,202983,0,35.0,231980.57,yes,standardizable_combined_40h_equivalent,part_vii_and_schedule_j_verified,Return/ReturnData/IRS990/Form990PartVIISectionAGrp[12],Return/ReturnData/IRS990ScheduleJ/RltdOrgOfficerTrstKeyEmplGrp[10],SRC-990-EXT-GUTTMACHER-INSTITUTE,11,11,susheelasingh,susheelasingh,false,benchmark/sources/native/form990/202341989349301459_public.xml
SRC-990-EXT-GUTTMACHER-INSTITUTE,Guttmacher Institute,SRC-990-EXT-GUTTMACHER-INSTITUTE::rebeccawind,REBECCA WIND,DIRECTOR OF C&P ADMINISTRATIVE,non_ceo_position,functional,no_transition_indicated,no,yes,35.0,0.0,35,190355,222551,yes,189995,189995,0,35.0,217137.14,yes,standardizable_combined_40h_equivalent,part_vii_and_schedule_j_verified,Return/ReturnData/IRS990/Form990PartVIISectionAGrp[13],Return/ReturnData/IRS990ScheduleJ/RltdOrgOfficerTrstKeyEmplGrp[11],SRC-990-EXT-GUTTMACHER-INSTITUTE,12,12,susheelasingh,susheelasingh,false,benchmark/sources/native/form990/202341989349301459_public.xml
SRC-990-EXT-GUTTMACHER-INSTITUTE,Guttmacher Institute,SRC-990-EXT-GUTTMACHER-INSTITUTE::susheelasingh,SUSHEELA SINGH,Distinguished Scholar & VP,non_ceo_position,functional,no_transition_indicated,no,yes,35.0,0.0,35,335394,406179,yes,330450,330450,0,35.0,377657.14,yes,standardizable_combined_40h_equivalent,part_vii_and_schedule_j_verified,Return/ReturnData/IRS990/Form990PartVIISectionAGrp[2],Return/ReturnData/IRS990ScheduleJ/RltdOrgOfficerTrstKeyEmplGrp[12],SRC-990-EXT-GUTTMACHER-INSTITUTE,1,1,susheelasingh,susheelasingh,false,benchmark/sources/native/form990/202341989349301459_public.xml
SRC-990-EXT-GUTTMACHER-INSTITUTE,Guttmacher Institute,SRC-990-EXT-GUTTMACHER-INSTITUTE::wendysealey,WENDY SEALEY,VICE PRESIDENT FOR DEVELOPMENT,non_ceo_position,functional,no_transition_indicated,no,yes,35.0,0.0,35,245940,290295,yes,238251,238251,0,35.0,272286.86,yes,standardizable_combined_40h_equivalent,part_vii_and_schedule_j_verified,Return/ReturnData/IRS990/Form990PartVIISectionAGrp[9],Return/ReturnData/IRS990ScheduleJ/RltdOrgOfficerTrstKeyEmplGrp[5],SRC-990-EXT-GUTTMACHER-INSTITUTE,5,5,susheelasingh,susheelasingh,false,benchmark/sources/native/form990/202341989349301459_public.xml
SRC-990-EXT-INDEPENDENT-SECTOR,Independent Sector,SRC-990-EXT-INDEPENDENT-SECTOR::aidagueye,AIDA GUEYE,"DIRECTOR, PEOPLE AND CULTURE",non_ceo_position,functional,no_transition_indicated,no,yes,38.00,,38,141047,163569,yes,140853,140853,0,38.0,148266.32,yes,standardizable_combined_40h_equivalent,part_vii_and_schedule_j_verified,Return/ReturnData/IRS990/Form990PartVIISectionAGrp[28],Return/ReturnData/IRS990ScheduleJ/RltdOrgOfficerTrstKeyEmplGrp[8],SRC-990-EXT-INDEPENDENT-SECTOR,7,7,rickrobinson,rickrobinson,false,benchmark/sources/native/form990/202502349349301110_public.xml
SRC-990-EXT-INDEPENDENT-SECTOR,Independent Sector,SRC-990-EXT-INDEPENDENT-SECTOR::benjaminkershaw,BENJAMIN KERSHAW,"DIR, PUBLIC POLICY & GOV'T",non_ceo_position,functional,no_transition_indicated,no,yes,38.00,,38,158495,173677,yes,158070,158070,0,38.0,166389.47,yes,standardizable_combined_40h_equivalent,part_vii_and_schedule_j_verified,Return/ReturnData/IRS990/Form990PartVIISectionAGrp[26],Return/ReturnData/IRS990ScheduleJ/RltdOrgOfficerTrstKeyEmplGrp[6],SRC-990-EXT-INDEPENDENT-SECTOR,5,5,rickrobinson,rickrobinson,false,benchmark/sources/native/form990/202502349349301110_public.xml
SRC-990-EXT-INDEPENDENT-SECTOR,Independent Sector,SRC-990-EXT-INDEPENDENT-SECTOR::elyseharrington,ELYSE HARRINGTON,DIRECTOR OF OPERATIONS,non_ceo_position,functional,no_transition_indicated,no,yes,38.00,,38,160863,179044,yes,160440,160440,0,38.0,168884.21,yes,standardizable_combined_40h_equivalent,part_vii_and_schedule_j_verified,Return/ReturnData/IRS990/Form990PartVIISectionAGrp[27],Return/ReturnData/IRS990ScheduleJ/RltdOrgOfficerTrstKeyEmplGrp[5],SRC-990-EXT-INDEPENDENT-SECTOR,4,4,rickrobinson,rickrobinson,false,benchmark/sources/native/form990/202502349349301110_public.xml
SRC-990-EXT-INDEPENDENT-SECTOR,Independent Sector,SRC-990-EXT-INDEPENDENT-SECTOR::jeffmoore,JEFF MOORE,CHIEF STRATEGY OFFICER,non_ceo_position,functional,no_transition_indicated,no,yes,38.00,,38,262657,307560,yes,260677,260677,0,38.0,274396.84,yes,standardizable_combined_40h_equivalent,part_vii_and_schedule_j_verified,Return/ReturnData/IRS990/Form990PartVIISectionAGrp[24],Return/ReturnData/IRS990ScheduleJ/RltdOrgOfficerTrstKeyEmplGrp[3],SRC-990-EXT-INDEPENDENT-SECTOR,2,2,rickrobinson,rickrobinson,false,benchmark/sources/native/form990/202502349349301110_public.xml
SRC-990-EXT-INDEPENDENT-SECTOR,Independent Sector,SRC-990-EXT-INDEPENDENT-SECTOR::kevinmiller,KEVIN MILLER,"DIRECTOR, RESEARCH & POLICY ANALYSIS",non_ceo_position,functional,no_transition_indicated,no,yes,38.00,,38,148474,167280,yes,148073,148073,0,38.0,155866.32,yes,standardizable_combined_40h_equivalent,part_vii_and_schedule_j_verified,Return/ReturnData/IRS990/Form990PartVIISectionAGrp[29],Return/ReturnData/IRS990ScheduleJ/RltdOrgOfficerTrstKeyEmplGrp[7],SRC-990-EXT-INDEPENDENT-SECTOR,6,6,rickrobinson,rickrobinson,false,benchmark/sources/native/form990/202502349349301110_public.xml
SRC-990-EXT-INDEPENDENT-SECTOR,Independent Sector,SRC-990-EXT-INDEPENDENT-SECTOR::rheailagan,RHEA ILAGAN,"DIRECTOR, FINANCE",non_ceo_position,functional,no_transition_indicated,no,yes,38.00,,38,163987,192795,yes,163562,163562,0,38.0,172170.53,yes,standardizable_combined_40h_equivalent,part_vii_and_schedule_j_verified,Return/ReturnData/IRS990/Form990PartVIISectionAGrp[25],Return/ReturnData/IRS990ScheduleJ/RltdOrgOfficerTrstKeyEmplGrp[4],SRC-990-EXT-INDEPENDENT-SECTOR,3,3,rickrobinson,rickrobinson,false,benchmark/sources/native/form990/202502349349301110_public.xml
SRC-990-EXT-INDEPENDENT-SECTOR,Independent Sector,SRC-990-EXT-INDEPENDENT-SECTOR::rickrobinson,RICK ROBINSON,CHIEF OPERATING OFFICER,non_ceo_position,functional,no_transition_indicated,no,yes,38.00,,38,313274,360438,yes,311984,311984,0,38.0,328404.21,yes,standardizable_combined_40h_equivalent,part_vii_and_schedule_j_verified,Return/ReturnData/IRS990/Form990PartVIISectionAGrp[23],Return/ReturnData/IRS990ScheduleJ/RltdOrgOfficerTrstKeyEmplGrp[2],SRC-990-EXT-INDEPENDENT-SECTOR,1,1,rickrobinson,rickrobinson,false,benchmark/sources/native/form990/202502349349301110_public.xml
SRC-990-EXT-INFORMATION-TECHNOLOGY-AND-INNOVATION-FOUNDATION,Information Technology and Innovation Foundation,SRC-990-EXT-INFORMATION-TECHNOLOGY-AND-INNOVATION-FOUNDATION::danielcastro,Daniel Castro,Vice President,non_ceo_position,functional,no_transition_indicated,no,yes,40.00,,40,299287,341577,yes,264287,264287,0,40.0,264287.0,yes,standardizable_combined_40h_equivalent,part_vii_and_schedule_j_verified,Return/ReturnData/IRS990/Form990PartVIISectionAGrp[25],Return/ReturnData/IRS990ScheduleJ/RltdOrgOfficerTrstKeyEmplGrp[3],SRC-990-EXT-INFORMATION-TECHNOLOGY-AND-INNOVATION-FOUNDATION,2,2,randolphcourt,randolphcourt,false,benchmark/sources/native/form990/202630159349300603_public.xml
SRC-990-EXT-INFORMATION-TECHNOLOGY-AND-INNOVATION-FOUNDATION,Information Technology and Innovation Foundation,SRC-990-EXT-INFORMATION-TECHNOLOGY-AND-INNOVATION-FOUNDATION::jacquelinewhisman,Jacqueline Whisman,Chief Development Officer,non_ceo_position,functional,no_transition_indicated,no,yes,40.00,,40,201540,233023,yes,191540,191540,0,40.0,191540.0,yes,standardizable_combined_40h_equivalent,part_vii_and_schedule_j_verified,Return/ReturnData/IRS990/Form990PartVIISectionAGrp[28],Return/ReturnData/IRS990ScheduleJ/RltdOrgOfficerTrstKeyEmplGrp[5],SRC-990-EXT-INFORMATION-TECHNOLOGY-AND-INNOVATION-FOUNDATION,5,5,randolphcourt,randolphcourt,false,benchmark/sources/native/form990/202630159349300603_public.xml
SRC-990-EXT-INFORMATION-TECHNOLOGY-AND-INNOVATION-FOUNDATION,Information Technology and Innovation Foundation,SRC-990-EXT-INFORMATION-TECHNOLOGY-AND-INNOVATION-FOUNDATION::joeconiglio,Joe Coniglio,Director,non_ceo_position,functional,no_transition_indicated,no,yes,40.00,,40,176414,188636,yes,156414,156414,0,40.0,156414.0,yes,standardizable_combined_40h_equivalent,part_vii_and_schedule_j_verified,Return/ReturnData/IRS990/Form990PartVIISectionAGrp[30],Return/ReturnData/IRS990ScheduleJ/RltdOrgOfficerTrstKeyEmplGrp[7],SRC-990-EXT-INFORMATION-TECHNOLOGY-AND-INNOVATION-FOUNDATION,6,6,randolphcourt,randolphcourt,false,benchmark/sources/native/form990/202630159349300603_public.xml
SRC-990-EXT-INFORMATION-TECHNOLOGY-AND-INNOVATION-FOUNDATION,Information Technology and Innovation Foundation,SRC-990-EXT-INFORMATION-TECHNOLOGY-AND-INNOVATION-FOUNDATION::joekane,Joe Kane,Director,non_ceo_position,functional,no_transition_indicated,no,yes,40.00,,40,167279,184297,yes,152279,152279,0,40.0,152279.0,yes,standardizable_combined_40h_equivalent,part_vii_and_schedule_j_verified,Return/ReturnData/IRS990/Form990PartVIISectionAGrp[31],Return/ReturnData/IRS990ScheduleJ/RltdOrgOfficerTrstKeyEmplGrp[8],SRC-990-EXT-INFORMATION-TECHNOLOGY-AND-INNOVATION-FOUNDATION,7,7,randolphcourt,randolphcourt,false,benchmark/sources/native/form990/202630159349300603_public.xml
SRC-990-EXT-INFORMATION-TECHNOLOGY-AND-INNOVATION-FOUNDATION,Information Technology and Innovation Foundation,SRC-990-EXT-INFORMATION-TECHNOLOGY-AND-INNOVATION-FOUNDATION::kristincotter,Kristin Cotter,Director,non_ceo_position,functional,no_transition_indicated,no,yes,40.00,,40,142597,155752,yes,132597,132597,0,40.0,132597.0,yes,standardizable_combined_40h_equivalent,part_vii_and_schedule_j_verified,Return/ReturnData/IRS990/Form990PartVIISectionAGrp[32],Return/ReturnData/IRS990ScheduleJ/RltdOrgOfficerTrstKeyEmplGrp[9],SRC-990-EXT-INFORMATION-TECHNOLOGY-AND-INNOVATION-FOUNDATION,8,8,randolphcourt,randolphcourt,false,benchmark/sources/native/form990/202630159349300603_public.xml
SRC-990-EXT-INFORMATION-TECHNOLOGY-AND-INNOVATION-FOUNDATION,Information Technology and Innovation Foundation,SRC-990-EXT-INFORMATION-TECHNOLOGY-AND-INNOVATION-FOUNDATION::randolphcourt,Randolph Court,CCO and Managing Editor,non_ceo_position,functional,no_transition_indicated,no,yes,40.00,,40,344364,385829,yes,291864,291864,0,40.0,291864.0,yes,standardizable_combined_40h_equivalent,part_vii_and_schedule_j_verified,Return/ReturnData/IRS990/Form990PartVIISectionAGrp[27],Return/ReturnData/IRS990ScheduleJ/RltdOrgOfficerTrstKeyEmplGrp[2],SRC-990-EXT-INFORMATION-TECHNOLOGY-AND-INNOVATION-FOUNDATION,1,1,randolphcourt,randolphcourt,false,benchmark/sources/native/form990/202630159349300603_public.xml
SRC-990-EXT-INFORMATION-TECHNOLOGY-AND-INNOVATION-FOUNDATION,Information Technology and Innovation Foundation,SRC-990-EXT-INFORMATION-TECHNOLOGY-AND-INNOVATION-FOUNDATION::sandrabarbosu,Sandra Barbosu,Associate Director,non_ceo_position,functional,no_transition_indicated,no,yes,40.00,,40,111657,124656,no,,,,,,no,not_fte_candidate,part_vii_verified_no_schedule_j,Return/ReturnData/IRS990/Form990PartVIISectionAGrp[33],,SRC-990-EXT-INFORMATION-TECHNOLOGY-AND-INNOVATION-FOUNDATION,,,randolphcourt,randolphcourt,false,benchmark/sources/native/form990/202630159349300603_public.xml
SRC-990-EXT-INFORMATION-TECHNOLOGY-AND-INNOVATION-FOUNDATION,Information Technology and Innovation Foundation,SRC-990-EXT-INFORMATION-TECHNOLOGY-AND-INNOVATION-FOUNDATION::stephenezell,Stephen Ezell,Vice President,non_ceo_position,functional,no_transition_indicated,no,yes,40.00,,40,265455,280672,yes,225455,225455,0,40.0,225455.0,yes,standardizable_combined_40h_equivalent,part_vii_and_schedule_j_verified,Return/ReturnData/IRS990/Form990PartVIISectionAGrp[26],Return/ReturnData/IRS990ScheduleJ/RltdOrgOfficerTrstKeyEmplGrp[4],SRC-990-EXT-INFORMATION-TECHNOLOGY-AND-INNOVATION-FOUNDATION,3,3,randolphcourt,randolphcourt,false,benchmark/sources/native/form990/202630159349300603_public.xml
SRC-990-EXT-INFORMATION-TECHNOLOGY-AND-INNOVATION-FOUNDATION,Information Technology and Innovation Foundation,SRC-990-EXT-INFORMATION-TECHNOLOGY-AND-INNOVATION-FOUNDATION::stuartdwyer,Stuart Dwyer,Vice President,non_ceo_position,functional,no_transition_indicated,no,yes,40.00,,40,215403,231068,yes,205403,205403,0,40.0,205403.0,yes,standardizable_combined_40h_equivalent,part_vii_and_schedule_j_verified,Return/ReturnData/IRS990/Form990PartVIISectionAGrp[29],Return/ReturnData/IRS990ScheduleJ/RltdOrgOfficerTrstKeyEmplGrp[6],SRC-990-EXT-INFORMATION-TECHNOLOGY-AND-INNOVATION-FOUNDATION,4,4,randolphcourt,randolphcourt,false,benchmark/sources/native/form990/202630159349300603_public.xml
SRC-990-EXT-INNOVATIONS-FOR-POVERTY-ACTION,Innovations for Poverty Action,SRC-990-EXT-INNOVATIONS-FOR-POVERTY-ACTION::ericfullilove,ERIC FULLILOVE,CFO,non_ceo_position,functional,no_transition_indicated,no,yes,40.00,,40,274059,298902,yes,267879,267879,0,40.0,267879.0,yes,standardizable_combined_40h_equivalent,part_vii_and_schedule_j_verified,Return/ReturnData/IRS990/Form990PartVIISectionAGrp[18],Return/ReturnData/IRS990ScheduleJ/RltdOrgOfficerTrstKeyEmplGrp[3],SRC-990-EXT-INNOVATIONS-FOR-POVERTY-ACTION,1,1,ericfullilove,ericfullilove,false,benchmark/sources/native/form990/202513169349300641_public.xml
SRC-990-EXT-INNOVATIONS-FOR-POVERTY-ACTION,Innovations for Poverty Action,SRC-990-EXT-INNOVATIONS-FOR-POVERTY-ACTION::farannadir,FARAN NADIR,CONTROLLER,non_ceo_position,functional,no_transition_indicated,no,yes,40.00,,40,167284,219088,yes,167014,167014,0,40.0,167014.0,yes,standardizable_combined_40h_equivalent,part_vii_and_schedule_j_verified,Return/ReturnData/IRS990/Form990PartVIISectionAGrp[20],Return/ReturnData/IRS990ScheduleJ/RltdOrgOfficerTrstKeyEmplGrp[6],SRC-990-EXT-INNOVATIONS-FOR-POVERTY-ACTION,5,5,ericfullilove,ericfullilove,false,benchmark/sources/native/form990/202513169349300641_public.xml
SRC-990-EXT-INNOVATIONS-FOR-POVERTY-ACTION,Innovations for Poverty Action,SRC-990-EXT-INNOVATIONS-FOR-POVERTY-ACTION::nathanaelgoldberg,NATHANAEL GOLDBERG,SR. DIR. OF SECTOR PROGRAMS,non_ceo_position,functional,no_transition_indicated,no,yes,40.00,,40,155999,212681,yes,155549,155549,0,40.0,155549.0,yes,standardizable_combined_40h_equivalent,part_vii_and_schedule_j_verified,Return/ReturnData/IRS990/Form990PartVIISectionAGrp[24],Return/ReturnData/IRS990ScheduleJ/RltdOrgOfficerTrstKeyEmplGrp[8],SRC-990-EXT-INNOVATIONS-FOR-POVERTY-ACTION,7,7,ericfullilove,ericfullilove,false,benchmark/sources/native/form990/202513169349300641_public.xml
SRC-990-EXT-INNOVATIONS-FOR-POVERTY-ACTION,Innovations for Poverty Action,SRC-990-EXT-INNOVATIONS-FOR-POVERTY-ACTION::pacephillips,PACE PHILLIPS,DIR. BUSINESS & PROG. DEVELOPMENT,non_ceo_position,functional,no_transition_indicated,no,yes,40.00,,40,157545,213659,yes,157095,157095,0,40.0,157095.0,yes,standardizable_combined_40h_equivalent,part_vii_and_schedule_j_verified,Return/ReturnData/IRS990/Form990PartVIISectionAGrp[21],Return/ReturnData/IRS990ScheduleJ/RltdOrgOfficerTrstKeyEmplGrp[7],SRC-990-EXT-INNOVATIONS-FOR-POVERTY-ACTION,6,6,ericfullilove,ericfullilove,false,benchmark/sources/native/form990/202513169349300641_public.xml
SRC-990-EXT-INNOVATIONS-FOR-POVERTY-ACTION,Innovations for Poverty Action,SRC-990-EXT-INNOVATIONS-FOR-POVERTY-ACTION::sarahdetournemire,SARAH DE TOURNEMIRE,CHIEF PHILANTHROPY OFFICER,non_ceo_position,functional,no_transition_indicated,no,yes,40.00,,40,253502,310904,yes,252812,252812,0,40.0,252812.0,yes,standardizable_combined_40h_equivalent,part_vii_and_schedule_j_verified,Return/ReturnData/IRS990/Form990PartVIISectionAGrp[22],Return/ReturnData/IRS990ScheduleJ/RltdOrgOfficerTrstKeyEmplGrp[2],SRC-990-EXT-INNOVATIONS-FOR-POVERTY-ACTION,2,2,ericfullilove,ericfullilove,false,benchmark/sources/native/form990/202513169349300641_public.xml
SRC-990-EXT-INNOVATIONS-FOR-POVERTY-ACTION,Innovations for Poverty Action,SRC-990-EXT-INNOVATIONS-FOR-POVERTY-ACTION::staceydavesohlin,STACEY DAVES-OHLIN,GENERAL COUNSEL,non_ceo_position,functional,no_transition_indicated,no,yes,40.00,,40,235139,294574,yes,233159,233159,0,40.0,233159.0,yes,standardizable_combined_40h_equivalent,part_vii_and_schedule_j_verified,Return/ReturnData/IRS990/Form990PartVIISectionAGrp[19],Return/ReturnData/IRS990ScheduleJ/RltdOrgOfficerTrstKeyEmplGrp[5],SRC-990-EXT-INNOVATIONS-FOR-POVERTY-ACTION,4,4,ericfullilove,ericfullilove,false,benchmark/sources/native/form990/202513169349300641_public.xml
SRC-990-EXT-INNOVATIONS-FOR-POVERTY-ACTION,Innovations for Poverty Action,SRC-990-EXT-INNOVATIONS-FOR-POVERTY-ACTION::stevenglazerman,STEVEN GLAZERMAN,CHIEF RSRCH & METHODOLOGY,non_ceo_position,functional,no_transition_indicated,no,yes,40.00,,40,236233,295704,yes,234943,234943,0,40.0,234943.0,yes,standardizable_combined_40h_equivalent,part_vii_and_schedule_j_verified,Return/ReturnData/IRS990/Form990PartVIISectionAGrp[23],Return/ReturnData/IRS990ScheduleJ/RltdOrgOfficerTrstKeyEmplGrp[4],SRC-990-EXT-INNOVATIONS-FOR-POVERTY-ACTION,3,3,ericfullilove,ericfullilove,false,benchmark/sources/native/form990/202513169349300641_public.xml
SRC-990-EXT-INSTITUTE-FOR-ENERGY-ECONOMICS-AND-FINANCIAL-ANALYSIS,Institute for Energy Economics and Financial Analysis,SRC-990-EXT-INSTITUTE-FOR-ENERGY-ECONOMICS-AND-FINANCIAL-ANALYSIS::abhisheksinha,ABHISHEK SINHA,"ENERGY FINANCE ANALYST, PETROCHEMICAL",non_ceo_position,functional,no_transition_indicated,no,yes,40.00,,40,161700,194792,yes,161700,161700,0,40.0,161700.0,yes,standardizable_combined_40h_equivalent,part_vii_and_schedule_j_verified,Return/ReturnData/IRS990/Form990PartVIISectionAGrp[14],Return/ReturnData/IRS990ScheduleJ/RltdOrgOfficerTrstKeyEmplGrp[7],SRC-990-EXT-INSTITUTE-FOR-ENERGY-ECONOMICS-AND-FINANCIAL-ANALYSIS,4,4,sarahweeks,sarahweeks,false,benchmark/sources/native/form990/202541979349300319_public.xml
SRC-990-EXT-INSTITUTE-FOR-ENERGY-ECONOMICS-AND-FINANCIAL-ANALYSIS,Institute for Energy Economics and Financial Analysis,SRC-990-EXT-INSTITUTE-FOR-ENERGY-ECONOMICS-AND-FINANCIAL-ANALYSIS::denniswamsted,DENNIS WAMSTED,"ENERGY ANALYST, TEAM FACILITATOR",non_ceo_position,functional,no_transition_indicated,no,yes,40.00,,40,162087,195618,yes,162087,162087,0,40.0,162087.0,yes,standardizable_combined_40h_equivalent,part_vii_and_schedule_j_verified,Return/ReturnData/IRS990/Form990PartVIISectionAGrp[13],Return/ReturnData/IRS990ScheduleJ/RltdOrgOfficerTrstKeyEmplGrp[6],SRC-990-EXT-INSTITUTE-FOR-ENERGY-ECONOMICS-AND-FINANCIAL-ANALYSIS,3,3,sarahweeks,sarahweeks,false,benchmark/sources/native/form990/202541979349300319_public.xml
SRC-990-EXT-INSTITUTE-FOR-ENERGY-ECONOMICS-AND-FINANCIAL-ANALYSIS,Institute for Energy Economics and Financial Analysis,SRC-990-EXT-INSTITUTE-FOR-ENERGY-ECONOMICS-AND-FINANCIAL-ANALYSIS::johnhauberjr,JOHN HAUBER JR,"STRATEGIC ENERGY FINANCE ADVISOR, ASIA",non_ceo_position,functional,no_transition_indicated,no,yes,40.00,,40,155599,198077,yes,155599,155599,0,40.0,155599.0,yes,standardizable_combined_40h_equivalent,part_vii_and_schedule_j_verified,Return/ReturnData/IRS990/Form990PartVIISectionAGrp[16],Return/ReturnData/IRS990ScheduleJ/RltdOrgOfficerTrstKeyEmplGrp[5],SRC-990-EXT-INSTITUTE-FOR-ENERGY-ECONOMICS-AND-FINANCIAL-ANALYSIS,6,6,sarahweeks,sarahweeks,false,benchmark/sources/native/form990/202541979349300319_public.xml
SRC-990-EXT-INSTITUTE-FOR-ENERGY-ECONOMICS-AND-FINANCIAL-ANALYSIS,Institute for Energy Economics and Financial Analysis,SRC-990-EXT-INSTITUTE-FOR-ENERGY-ECONOMICS-AND-FINANCIAL-ANALYSIS::paulwilliamsderry,PAUL WILLIAMS-DERRY,ENERGY FINANCE ANALYST,non_ceo_position,functional,no_transition_indicated,no,yes,40.00,,40,171857,214587,yes,166857,166857,0,40.0,166857.0,yes,standardizable_combined_40h_equivalent,part_vii_and_schedule_j_verified,Return/ReturnData/IRS990/Form990PartVIISectionAGrp[12],Return/ReturnData/IRS990ScheduleJ/RltdOrgOfficerTrstKeyEmplGrp[3],SRC-990-EXT-INSTITUTE-FOR-ENERGY-ECONOMICS-AND-FINANCIAL-ANALYSIS,2,2,sarahweeks,sarahweeks,false,benchmark/sources/native/form990/202541979349300319_public.xml
SRC-990-EXT-INSTITUTE-FOR-ENERGY-ECONOMICS-AND-FINANCIAL-ANALYSIS,Institute for Energy Economics and Financial Analysis,SRC-990-EXT-INSTITUTE-FOR-ENERGY-ECONOMICS-AND-FINANCIAL-ANALYSIS::sarahweeks,SARAH WEEKS,CHIEF FINANCIAL OFFICER,non_ceo_position,functional,no_transition_indicated,no,yes,40.00,,40,210244,254373,yes,210244,210244,0,40.0,210244.0,yes,standardizable_combined_40h_equivalent,part_vii_and_schedule_j_verified,Return/ReturnData/IRS990/Form990PartVIISectionAGrp[11],Return/ReturnData/IRS990ScheduleJ/RltdOrgOfficerTrstKeyEmplGrp[2],SRC-990-EXT-INSTITUTE-FOR-ENERGY-ECONOMICS-AND-FINANCIAL-ANALYSIS,1,1,sarahweeks,sarahweeks,false,benchmark/sources/native/form990/202541979349300319_public.xml
SRC-990-EXT-INSTITUTE-FOR-ENERGY-ECONOMICS-AND-FINANCIAL-ANALYSIS,Institute for Energy Economics and Financial Analysis,SRC-990-EXT-INSTITUTE-FOR-ENERGY-ECONOMICS-AND-FINANCIAL-ANALYSIS::sethfeaster,SETH FEASTER,ENERGY DATA ANALYST,non_ceo_position,functional,no_transition_indicated,no,yes,40.00,,40,156940,201439,yes,156940,156940,0,40.0,156940.0,yes,standardizable_combined_40h_equivalent,part_vii_and_schedule_j_verified,Return/ReturnData/IRS990/Form990PartVIISectionAGrp[15],Return/ReturnData/IRS990ScheduleJ/RltdOrgOfficerTrstKeyEmplGrp[4],SRC-990-EXT-INSTITUTE-FOR-ENERGY-ECONOMICS-AND-FINANCIAL-ANALYSIS,5,5,sarahweeks,sarahweeks,false,benchmark/sources/native/form990/202541979349300319_public.xml
SRC-990-EXT-INSTITUTE-FOR-MARKET-TRANSFORMATION,Institute for Market Transformation,SRC-990-EXT-INSTITUTE-FOR-MARKET-TRANSFORMATION::betsylaw,BETSY LAW,MANAGING DIRECTOR,non_ceo_position,functional,no_transition_indicated,no,yes,35.00,,35,193315,217723,yes,173315,173315,0,35.0,198074.29,yes,standardizable_combined_40h_equivalent,part_vii_and_schedule_j_verified,Return/ReturnData/IRS990/Form990PartVIISectionAGrp[11],Return/ReturnData/IRS990ScheduleJ/RltdOrgOfficerTrstKeyEmplGrp[2],,,,,,,benchmark/sources/native/form990/202512829349300921_public.xml
SRC-990-EXT-INSTITUTE-FOR-MARKET-TRANSFORMATION,Institute for Market Transformation,SRC-990-EXT-INSTITUTE-FOR-MARKET-TRANSFORMATION::cliffordmajersik,CLIFFORD MAJERSIK,SENIOR ADVISOR,unmapped_position,uncertain,no_transition_indicated,no,yes,35.00,,35,143649,180812,yes,143649,143649,0,,,no,not_fte_candidate,part_vii_and_schedule_j_verified,Return/ReturnData/IRS990/Form990PartVIISectionAGrp[13],Return/ReturnData/IRS990ScheduleJ/RltdOrgOfficerTrstKeyEmplGrp[4],,,,,,,benchmark/sources/native/form990/202512829349300921_public.xml
SRC-990-EXT-INSTITUTE-FOR-MARKET-TRANSFORMATION,Institute for Market Transformation,SRC-990-EXT-INSTITUTE-FOR-MARKET-TRANSFORMATION::laurenjmiller,LAUREN J MILLER,SENIOR DIRECTOR,non_ceo_position,functional,no_transition_indicated,no,yes,35.00,,35,155183,164351,yes,155183,155183,0,35.0,177352.0,yes,standardizable_combined_40h_equivalent,part_vii_and_schedule_j_verified,Return/ReturnData/IRS990/Form990PartVIISectionAGrp[14],Return/ReturnData/IRS990ScheduleJ/RltdOrgOfficerTrstKeyEmplGrp[5],,,,,,,benchmark/sources/native/form990/202512829349300921_public.xml
SRC-990-EXT-INSTITUTE-FOR-MARKET-TRANSFORMATION,Institute for Market Transformation,SRC-990-EXT-INSTITUTE-FOR-MARKET-TRANSFORMATION::lindseydfalasca,LINDSEY D FALASCA,DIRECTOR,non_ceo_position,functional,no_transition_indicated,no,yes,35.00,,35,139558,148447,no,,,,,,no,not_fte_candidate,part_vii_verified_no_schedule_j,Return/ReturnData/IRS990/Form990PartVIISectionAGrp[15],,,,,,,,benchmark/sources/native/form990/202512829349300921_public.xml
SRC-990-EXT-INSTITUTE-FOR-MARKET-TRANSFORMATION,Institute for Market Transformation,SRC-990-EXT-INSTITUTE-FOR-MARKET-TRANSFORMATION::marlathalheimer,MARLA THALHEIMER,SENIOR DIRECTOR,non_ceo_position,functional,no_transition_indicated,no,yes,35.00,,35,150636,189193,yes,150636,150636,0,35.0,172155.43,yes,standardizable_combined_40h_equivalent,part_vii_and_schedule_j_verified,Return/ReturnData/IRS990/Form990PartVIISectionAGrp[12],Return/ReturnData/IRS990ScheduleJ/RltdOrgOfficerTrstKeyEmplGrp[3],,,,,,,benchmark/sources/native/form990/202512829349300921_public.xml
SRC-990-EXT-INSTITUTE-FOR-MARKET-TRANSFORMATION,Institute for Market Transformation,SRC-990-EXT-INSTITUTE-FOR-MARKET-TRANSFORMATION::theresambackhus,THERESA M BACKHUS,DIRECTOR,non_ceo_position,functional,no_transition_indicated,no,yes,35.00,,35,132485,150865,yes,132485,132485,0,35.0,151411.43,yes,standardizable_combined_40h_equivalent,part_vii_and_schedule_j_verified,Return/ReturnData/IRS990/Form990PartVIISectionAGrp[16],Return/ReturnData/IRS990ScheduleJ/RltdOrgOfficerTrstKeyEmplGrp[6],,,,,,,benchmark/sources/native/form990/202512829349300921_public.xml
SRC-990-EXT-INSTITUTE-FOR-NONPROFIT-NEWS,Institute for Nonprofit News,SRC-990-EXT-INSTITUTE-FOR-NONPROFIT-NEWS::charlespottsjr,CHARLES POTTS JR,DIR. OF FINANCE,non_ceo_position,functional,no_transition_indicated,no,yes,40.00,0.00,40,157058,157058,yes,157058,157058,0,40.0,157058.0,yes,standardizable_combined_40h_equivalent,part_vii_and_schedule_j_verified,Return/ReturnData/IRS990/Form990PartVIISectionAGrp[3],Return/ReturnData/IRS990ScheduleJ/RltdOrgOfficerTrstKeyEmplGrp[1],SRC-990-EXT-INSTITUTE-FOR-NONPROFIT-NEWS,2,2,courtneylewis,courtneylewis,false,benchmark/sources/native/form990/202630269349301213_public.xml
SRC-990-EXT-INSTITUTE-FOR-NONPROFIT-NEWS,Institute for Nonprofit News,SRC-990-EXT-INSTITUTE-FOR-NONPROFIT-NEWS::courtneylewis,COURTNEY LEWIS,GROWTH OFFICER,non_ceo_position,functional,no_transition_indicated,no,yes,40.00,0.00,40,161205,161205,yes,161205,161205,0,40.0,161205.0,yes,standardizable_combined_40h_equivalent,part_vii_and_schedule_j_verified,Return/ReturnData/IRS990/Form990PartVIISectionAGrp[2],Return/ReturnData/IRS990ScheduleJ/RltdOrgOfficerTrstKeyEmplGrp[2],SRC-990-EXT-INSTITUTE-FOR-NONPROFIT-NEWS,1,1,courtneylewis,courtneylewis,false,benchmark/sources/native/form990/202630269349301213_public.xml
SRC-990-EXT-INSTITUTE-FOR-NONPROFIT-NEWS,Institute for Nonprofit News,SRC-990-EXT-INSTITUTE-FOR-NONPROFIT-NEWS::emilyroseman,EMILY ROSEMAN,INN INDEX DIRECTOR,non_ceo_position,functional,no_transition_indicated,no,yes,40.00,0.00,40,115043,115043,no,,,,,,no,not_fte_candidate,part_vii_verified_no_schedule_j,Return/ReturnData/IRS990/Form990PartVIISectionAGrp[9],,SRC-990-EXT-INSTITUTE-FOR-NONPROFIT-NEWS,,,courtneylewis,courtneylewis,false,benchmark/sources/native/form990/202630269349301213_public.xml
SRC-990-EXT-INSTITUTE-FOR-NONPROFIT-NEWS,Institute for Nonprofit News,SRC-990-EXT-INSTITUTE-FOR-NONPROFIT-NEWS::johnathankealing,JOHNATHAN KEALING,NETWORK OFFICER,non_ceo_position,functional,no_transition_indicated,no,yes,40.00,0.00,40,141480,141480,no,,,,,,no,not_fte_candidate,part_vii_verified_no_schedule_j,Return/ReturnData/IRS990/Form990PartVIISectionAGrp[4],,SRC-990-EXT-INSTITUTE-FOR-NONPROFIT-NEWS,,,courtneylewis,courtneylewis,false,benchmark/sources/native/form990/202630269349301213_public.xml
SRC-990-EXT-INSTITUTE-FOR-NONPROFIT-NEWS,Institute for Nonprofit News,SRC-990-EXT-INSTITUTE-FOR-NONPROFIT-NEWS::lisamgardnerspringer,LISA M GARDNER-SPRINGER,CHIEF DEVELOPMENT OFFICER,non_ceo_position,functional,no_transition_indicated,no,yes,40.00,0.00,40,138038,138038,no,,,,,,no,not_fte_candidate,part_vii_verified_no_schedule_j,Return/ReturnData/IRS990/Form990PartVIISectionAGrp[5],,SRC-990-EXT-INSTITUTE-FOR-NONPROFIT-NEWS,,,courtneylewis,courtneylewis,false,benchmark/sources/native/form990/202630269349301213_public.xml
SRC-990-EXT-INSTITUTE-FOR-NONPROFIT-NEWS,Institute for Nonprofit News,SRC-990-EXT-INSTITUTE-FOR-NONPROFIT-NEWS::shareneazimi,SHARENE AZIMI,DIRECTOR OF COMMUNICATIONS,non_ceo_position,functional,no_transition_indicated,no,yes,40.00,0.00,40,123958,123958,no,,,,,,no,not_fte_candidate,part_vii_verified_no_schedule_j,Return/ReturnData/IRS990/Form990PartVIISectionAGrp[8],,SRC-990-EXT-INSTITUTE-FOR-NONPROFIT-NEWS,,,courtneylewis,courtneylewis,false,benchmark/sources/native/form990/202630269349301213_public.xml
SRC-990-EXT-INSTITUTE-FOR-NONPROFIT-NEWS,Institute for Nonprofit News,SRC-990-EXT-INSTITUTE-FOR-NONPROFIT-NEWS::sorayamembreno,SORAYA MEMBRENO,COO,non_ceo_position,functional,no_transition_indicated,no,yes,40.00,0.00,40,132090,132090,no,,,,,,no,not_fte_candidate,part_vii_verified_no_schedule_j,Return/ReturnData/IRS990/Form990PartVIISectionAGrp[6],,SRC-990-EXT-INSTITUTE-FOR-NONPROFIT-NEWS,,,courtneylewis,courtneylewis,false,benchmark/sources/native/form990/202630269349301213_public.xml
SRC-990-EXT-INSTITUTE-FOR-NONPROFIT-NEWS,Institute for Nonprofit News,SRC-990-EXT-INSTITUTE-FOR-NONPROFIT-NEWS::stephanieschenkel,STEPHANIE SCHENKEL,NETWORK PHILANTHROPY DIRECTOR,non_ceo_position,functional,no_transition_indicated,no,yes,40.00,0.00,40,131018,131018,no,,,,,,no,not_fte_candidate,part_vii_verified_no_schedule_j,Return/ReturnData/IRS990/Form990PartVIISectionAGrp[7],,SRC-990-EXT-INSTITUTE-FOR-NONPROFIT-NEWS,,,courtneylewis,courtneylewis,false,benchmark/sources/native/form990/202630269349301213_public.xml
SRC-990-EXT-INSTITUTE-FOR-POLICY-STUDIES,Institute for Policy Studies,SRC-990-EXT-INSTITUTE-FOR-POLICY-STUDIES::johncavanagh,JOHN CAVANAGH,SENIOR ADVISOR,unmapped_position,uncertain,no_transition_indicated,no,yes,37.50,,37.5,72800,95449,no,,,,,,no,not_fte_candidate,part_vii_verified_no_schedule_j,Return/ReturnData/IRS990/Form990PartVIISectionAGrp[4],,,,,,,,benchmark/sources/native/form990/202513219349302816_public.xml
SRC-990-EXT-INSTITUTE-FOR-POLICY-STUDIES,Institute for Policy Studies,SRC-990-EXT-INSTITUTE-FOR-POLICY-STUDIES::kathleengaspard,KATHLEEN GASPARD,DEPUTY DIRECTOR,non_ceo_position,functional,no_transition_indicated,no,yes,37.50,,37.5,128519,133769,no,,,,,,no,not_fte_candidate,part_vii_verified_no_schedule_j,Return/ReturnData/IRS990/Form990PartVIISectionAGrp[16],,,,,,,,benchmark/sources/native/form990/202513219349302816_public.xml
SRC-990-EXT-INSTITUTE-FOR-SECURITY-AND-TECHNOLOGY,Institute for Security and Technology,SRC-990-EXT-INSTITUTE-FOR-SECURITY-AND-TECHNOLOGY::elizabethvish,ELIZABETH VISH,SENIOR DIRECTOR FOR INTERNATIONAL CYBER ENGAGEMENT,non_ceo_position,functional,no_transition_indicated,no,yes,40.00,,40,107308,107308,no,,,,,,no,not_fte_candidate,part_vii_verified_no_schedule_j,Return/ReturnData/IRS990/Form990PartVIISectionAGrp[16],,SRC-990-EXT-INSTITUTE-FOR-SECURITY-AND-TECHNOLOGY,,,stevenkelly,stevenkelly,false,benchmark/sources/native/form990/202523219349310552_public.xml
SRC-990-EXT-INSTITUTE-FOR-SECURITY-AND-TECHNOLOGY,Institute for Security and Technology,SRC-990-EXT-INSTITUTE-FOR-SECURITY-AND-TECHNOLOGY::emmahollingsworth,EMMA HOLLINGSWORTH,DIRECTOR OF DEVELOPMENT AND PARTNERSHIPS,non_ceo_position,functional,no_transition_indicated,no,yes,40.00,,40,128750,128750,no,,,,,,no,not_fte_candidate,part_vii_verified_no_schedule_j,Return/ReturnData/IRS990/Form990PartVIISectionAGrp[14],,SRC-990-EXT-INSTITUTE-FOR-SECURITY-AND-TECHNOLOGY,,,stevenkelly,stevenkelly,false,benchmark/sources/native/form990/202523219349310552_public.xml
SRC-990-EXT-INSTITUTE-FOR-SECURITY-AND-TECHNOLOGY,Institute for Security and Technology,SRC-990-EXT-INSTITUTE-FOR-SECURITY-AND-TECHNOLOGY::ericdavis,ERIC DAVIS,"FRACTIONAL SVP FOR TECHNOLOGY TRUST, SAFETY, AND",non_ceo_position,functional,fractional,no,yes,40.00,,40,167749,167749,yes,167749,167749,0,,,no,not_fte_candidate,part_vii_and_schedule_j_verified,Return/ReturnData/IRS990/Form990PartVIISectionAGrp[13],Return/ReturnData/IRS990ScheduleJ/RltdOrgOfficerTrstKeyEmplGrp[4],SRC-990-EXT-INSTITUTE-FOR-SECURITY-AND-TECHNOLOGY,,,stevenkelly,stevenkelly,false,benchmark/sources/native/form990/202523219349310552_public.xml
SRC-990-EXT-INSTITUTE-FOR-SECURITY-AND-TECHNOLOGY,Institute for Security and Technology,SRC-990-EXT-INSTITUTE-FOR-SECURITY-AND-TECHNOLOGY::joshuacorman,JOSHUA CORMAN,EXECUTIVE IN RESIDENCE FOR PUBLIC SAFETY & RESILIE,unmapped_position,uncertain,no_transition_indicated,no,yes,40.00,,40,111667,111667,no,,,,,,no,not_fte_candidate,part_vii_verified_no_schedule_j,Return/ReturnData/IRS990/Form990PartVIISectionAGrp[12],,SRC-990-EXT-INSTITUTE-FOR-SECURITY-AND-TECHNOLOGY,,,stevenkelly,stevenkelly,false,benchmark/sources/native/form990/202523219349310552_public.xml
SRC-990-EXT-INSTITUTE-FOR-SECURITY-AND-TECHNOLOGY,Institute for Security and Technology,SRC-990-EXT-INSTITUTE-FOR-SECURITY-AND-TECHNOLOGY::meganstifel,MEGAN STIFEL,CHIEF STRATEGY OFFICER,non_ceo_position,functional,no_transition_indicated,no,yes,40.00,,40,260290,298432,yes,217790,217790,0,40.0,217790.0,yes,standardizable_combined_40h_equivalent,part_vii_and_schedule_j_verified,Return/ReturnData/IRS990/Form990PartVIISectionAGrp[11],Return/ReturnData/IRS990ScheduleJ/RltdOrgOfficerTrstKeyEmplGrp[2],SRC-990-EXT-INSTITUTE-FOR-SECURITY-AND-TECHNOLOGY,2,2,stevenkelly,stevenkelly,false,benchmark/sources/native/form990/202523219349310552_public.xml
SRC-990-EXT-INSTITUTE-FOR-SECURITY-AND-TECHNOLOGY,Institute for Security and Technology,SRC-990-EXT-INSTITUTE-FOR-SECURITY-AND-TECHNOLOGY::stevenkelly,STEVEN KELLY,CHIEF TRUST OFFICER,non_ceo_position,functional,no_transition_indicated,no,yes,40.00,,40,229830,229830,yes,229830,229830,0,40.0,229830.0,yes,standardizable_combined_40h_equivalent,part_vii_and_schedule_j_verified,Return/ReturnData/IRS990/Form990PartVIISectionAGrp[15],Return/ReturnData/IRS990ScheduleJ/RltdOrgOfficerTrstKeyEmplGrp[3],SRC-990-EXT-INSTITUTE-FOR-SECURITY-AND-TECHNOLOGY,1,1,stevenkelly,stevenkelly,false,benchmark/sources/native/form990/202523219349310552_public.xml
SRC-990-EXT-INSTITUTE-FOR-WOMEN-S-POLICY-RESEARCH,Institute for Women’s Policy Research,SRC-990-EXT-INSTITUTE-FOR-WOMEN-S-POLICY-RESEARCH::adriannetroilo,ADRIANNE TROILO,VP OF PEOPLE & CULTURE,non_ceo_position,functional,no_transition_indicated,no,yes,37.50,,37.5,192643,200697,yes,192643,192643,0,37.5,205485.87,yes,standardizable_combined_40h_equivalent,part_vii_and_schedule_j_verified,Return/ReturnData/IRS990/Form990PartVIISectionAGrp[11],Return/ReturnData/IRS990ScheduleJ/RltdOrgOfficerTrstKeyEmplGrp[3],SRC-990-EXT-INSTITUTE-FOR-WOMEN-S-POLICY-RESEARCH,2,2,robynwatsonellerbe,robynwatsonellerbe,false,benchmark/sources/native/form990/202621349349301217_public.xml
SRC-990-EXT-INSTITUTE-FOR-WOMEN-S-POLICY-RESEARCH,Institute for Women’s Policy Research,SRC-990-EXT-INSTITUTE-FOR-WOMEN-S-POLICY-RESEARCH::ambrereed,AMBRE REED,"VP OF ADVANCEMENT, (UNTIL 10/24)",non_ceo_position,functional,partial_or_uncertain,no,yes,37.50,,37.5,130711,134551,no,,,,,,no,not_fte_candidate,part_vii_verified_no_schedule_j,Return/ReturnData/IRS990/Form990PartVIISectionAGrp[15],,SRC-990-EXT-INSTITUTE-FOR-WOMEN-S-POLICY-RESEARCH,,,robynwatsonellerbe,robynwatsonellerbe,false,benchmark/sources/native/form990/202621349349301217_public.xml
SRC-990-EXT-INSTITUTE-FOR-WOMEN-S-POLICY-RESEARCH,Institute for Women’s Policy Research,SRC-990-EXT-INSTITUTE-FOR-WOMEN-S-POLICY-RESEARCH::isaacmintz,ISAAC MINTZ,VP OF FINANCE,non_ceo_position,functional,no_transition_indicated,no,yes,37.50,,37.5,148447,166530,yes,148447,148447,0,37.5,158343.47,yes,standardizable_combined_40h_equivalent,part_vii_and_schedule_j_verified,Return/ReturnData/IRS990/Form990PartVIISectionAGrp[10],Return/ReturnData/IRS990ScheduleJ/RltdOrgOfficerTrstKeyEmplGrp[6],SRC-990-EXT-INSTITUTE-FOR-WOMEN-S-POLICY-RESEARCH,5,5,robynwatsonellerbe,robynwatsonellerbe,false,benchmark/sources/native/form990/202621349349301217_public.xml
SRC-990-EXT-INSTITUTE-FOR-WOMEN-S-POLICY-RESEARCH,Institute for Women’s Policy Research,SRC-990-EXT-INSTITUTE-FOR-WOMEN-S-POLICY-RESEARCH::katherinebahn,KATHERINE BAHN,CHIEF ECONOMIST,non_ceo_position,functional,no_transition_indicated,no,yes,37.50,,37.5,148360,158459,yes,148360,148360,0,37.5,158250.67,yes,standardizable_combined_40h_equivalent,part_vii_and_schedule_j_verified,Return/ReturnData/IRS990/Form990PartVIISectionAGrp[14],Return/ReturnData/IRS990ScheduleJ/RltdOrgOfficerTrstKeyEmplGrp[7],SRC-990-EXT-INSTITUTE-FOR-WOMEN-S-POLICY-RESEARCH,6,6,robynwatsonellerbe,robynwatsonellerbe,false,benchmark/sources/native/form990/202621349349301217_public.xml
SRC-990-EXT-INSTITUTE-FOR-WOMEN-S-POLICY-RESEARCH,Institute for Women’s Policy Research,SRC-990-EXT-INSTITUTE-FOR-WOMEN-S-POLICY-RESEARCH::ninadoorley,NINA DOORLEY,CHIEF OF STAFF,non_ceo_position,functional,no_transition_indicated,no,yes,37.50,,37.5,165585,195023,yes,165585,165585,0,37.5,176624.0,yes,standardizable_combined_40h_equivalent,part_vii_and_schedule_j_verified,Return/ReturnData/IRS990/Form990PartVIISectionAGrp[13],Return/ReturnData/IRS990ScheduleJ/RltdOrgOfficerTrstKeyEmplGrp[5],SRC-990-EXT-INSTITUTE-FOR-WOMEN-S-POLICY-RESEARCH,4,4,robynwatsonellerbe,robynwatsonellerbe,false,benchmark/sources/native/form990/202621349349301217_public.xml
SRC-990-EXT-INSTITUTE-FOR-WOMEN-S-POLICY-RESEARCH,Institute for Women’s Policy Research,SRC-990-EXT-INSTITUTE-FOR-WOMEN-S-POLICY-RESEARCH::robynwatsonellerbe,ROBYN WATSON ELLERBE,"DIST. SENIOR FELLOW,",non_ceo_position,functional,no_transition_indicated,no,yes,37.50,,37.5,258360,297900,yes,258360,258360,0,37.5,275584.0,yes,standardizable_combined_40h_equivalent,part_vii_and_schedule_j_verified,Return/ReturnData/IRS990/Form990PartVIISectionAGrp[9],Return/ReturnData/IRS990ScheduleJ/RltdOrgOfficerTrstKeyEmplGrp[2],SRC-990-EXT-INSTITUTE-FOR-WOMEN-S-POLICY-RESEARCH,1,1,robynwatsonellerbe,robynwatsonellerbe,false,benchmark/sources/native/form990/202621349349301217_public.xml
SRC-990-EXT-INSTITUTE-FOR-WOMEN-S-POLICY-RESEARCH,Institute for Women’s Policy Research,SRC-990-EXT-INSTITUTE-FOR-WOMEN-S-POLICY-RESEARCH::williamlutz,WILLIAM LUTZ,"VP OF COMMUNICATIONS, (UNTIL 2/25)",non_ceo_position,functional,verified_full_year,no,yes,37.50,,37.5,179847,198363,yes,179847,179847,0,37.5,191836.8,yes,standardizable_combined_40h_equivalent,part_vii_and_schedule_j_verified,Return/ReturnData/IRS990/Form990PartVIISectionAGrp[12],Return/ReturnData/IRS990ScheduleJ/RltdOrgOfficerTrstKeyEmplGrp[4],SRC-990-EXT-INSTITUTE-FOR-WOMEN-S-POLICY-RESEARCH,3,3,robynwatsonellerbe,robynwatsonellerbe,false,benchmark/sources/native/form990/202621349349301217_public.xml
SRC-990-EXT-INSTITUTE-FOR-THE-STUDY-OF-WAR,Institute for the Study of War,SRC-990-EXT-INSTITUTE-FOR-THE-STUDY-OF-WAR::alexandermitchell,ALEXANDER MITCHELL,EXTERNAL RELATIONS DIRECTOR,non_ceo_position,functional,no_transition_indicated,no,yes,40.00,,40,112108,124761,no,,,,,,no,not_fte_candidate,part_vii_verified_no_schedule_j,Return/ReturnData/IRS990/Form990PartVIISectionAGrp[18],,SRC-990-EXT-INSTITUTE-FOR-THE-STUDY-OF-WAR,,,brianbabcocklumish,brianbabcocklumish,false,benchmark/sources/native/form990/202502909349301720_public.xml
SRC-990-EXT-INSTITUTE-FOR-THE-STUDY-OF-WAR,Institute for the Study of War,SRC-990-EXT-INSTITUTE-FOR-THE-STUDY-OF-WAR::brianbabcocklumish,BRIAN BABCOCK-LUMISH,"DIRECTOR, PETRAEUS CENTER",non_ceo_position,functional,no_transition_indicated,no,yes,40.00,,40,174314,180674,yes,159314,159314,0,40.0,159314.0,yes,standardizable_combined_40h_equivalent,part_vii_and_schedule_j_verified,Return/ReturnData/IRS990/Form990PartVIISectionAGrp[14],Return/ReturnData/IRS990ScheduleJ/RltdOrgOfficerTrstKeyEmplGrp[2],SRC-990-EXT-INSTITUTE-FOR-THE-STUDY-OF-WAR,1,1,brianbabcocklumish,brianbabcocklumish,false,benchmark/sources/native/form990/202502909349301720_public.xml
SRC-990-EXT-INSTITUTE-FOR-THE-STUDY-OF-WAR,Institute for the Study of War,SRC-990-EXT-INSTITUTE-FOR-THE-STUDY-OF-WAR::jennifercafarella,JENNIFER CAFARELLA,DIRECTOR OF STRATEGIC INIT,non_ceo_position,functional,no_transition_indicated,no,yes,40.00,,40,148499,170793,yes,148499,148499,0,40.0,148499.0,yes,standardizable_combined_40h_equivalent,part_vii_and_schedule_j_verified,Return/ReturnData/IRS990/Form990PartVIISectionAGrp[15],Return/ReturnData/IRS990ScheduleJ/RltdOrgOfficerTrstKeyEmplGrp[3],SRC-990-EXT-INSTITUTE-FOR-THE-STUDY-OF-WAR,2,2,brianbabcocklumish,brianbabcocklumish,false,benchmark/sources/native/form990/202502909349301720_public.xml
SRC-990-EXT-INSTITUTE-FOR-THE-STUDY-OF-WAR,Institute for the Study of War,SRC-990-EXT-INSTITUTE-FOR-THE-STUDY-OF-WAR::madelineshaffer,MADELINE SHAFFER,DIRECTOR OF ANNUAL GIVING,non_ceo_position,functional,no_transition_indicated,no,yes,40.00,,40,111640,124220,no,,,,,,no,not_fte_candidate,part_vii_verified_no_schedule_j,Return/ReturnData/IRS990/Form990PartVIISectionAGrp[16],,SRC-990-EXT-INSTITUTE-FOR-THE-STUDY-OF-WAR,,,brianbabcocklumish,brianbabcocklumish,false,benchmark/sources/native/form990/202502909349301720_public.xml
SRC-990-EXT-INSTITUTE-FOR-THE-STUDY-OF-WAR,Institute for the Study of War,SRC-990-EXT-INSTITUTE-FOR-THE-STUDY-OF-WAR::stephengailliot,STEPHEN GAILLIOT,RESEARCH DIRECTOR,non_ceo_position,functional,no_transition_indicated,no,yes,40.00,,40,110749,110749,no,,,,,,no,not_fte_candidate,part_vii_verified_no_schedule_j,Return/ReturnData/IRS990/Form990PartVIISectionAGrp[17],,SRC-990-EXT-INSTITUTE-FOR-THE-STUDY-OF-WAR,,,brianbabcocklumish,brianbabcocklumish,false,benchmark/sources/native/form990/202502909349301720_public.xml
SRC-990-EXT-INSTITUTE-ON-TAXATION-AND-ECONOMIC-POLICY,Institute on Taxation and Economic Policy,SRC-990-EXT-INSTITUTE-ON-TAXATION-AND-ECONOMIC-POLICY::carldavis,CARL DAVIS,RESEARCH DIRECTOR,non_ceo_position,functional,no_transition_indicated,no,yes,35.00,,35,143885,206274,yes,143885,143885,0,35.0,164440.0,yes,standardizable_combined_40h_equivalent,part_vii_and_schedule_j_verified,Return/ReturnData/IRS990/Form990PartVIISectionAGrp[23],Return/ReturnData/IRS990ScheduleJ/RltdOrgOfficerTrstKeyEmplGrp[6],SRC-990-EXT-INSTITUTE-ON-TAXATION-AND-ECONOMIC-POLICY,6,6,jonwhiten,michaelettlinger,true,benchmark/sources/native/form990/202611559349300546_public.xml
SRC-990-EXT-INSTITUTE-ON-TAXATION-AND-ECONOMIC-POLICY,Institute on Taxation and Economic Policy,SRC-990-EXT-INSTITUTE-ON-TAXATION-AND-ECONOMIC-POLICY::erikafrankel,ERIKA FRANKEL,DATA AND MODEL DIRECTOR,non_ceo_position,functional,no_transition_indicated,no,yes,35.00,,35,139515,182467,yes,139515,139515,0,35.0,159445.71,yes,standardizable_combined_40h_equivalent,part_vii_and_schedule_j_verified,Return/ReturnData/IRS990/Form990PartVIISectionAGrp[20],Return/ReturnData/IRS990ScheduleJ/RltdOrgOfficerTrstKeyEmplGrp[8],SRC-990-EXT-INSTITUTE-ON-TAXATION-AND-ECONOMIC-POLICY,7,7,jonwhiten,michaelettlinger,true,benchmark/sources/native/form990/202611559349300546_public.xml
SRC-990-EXT-INSTITUTE-ON-TAXATION-AND-ECONOMIC-POLICY,Institute on Taxation and Economic Policy,SRC-990-EXT-INSTITUTE-ON-TAXATION-AND-ECONOMIC-POLICY::jonwhiten,JON WHITEN,DEPUTY DIRECTOR,non_ceo_position,functional,no_transition_indicated,no,yes,35.00,,35,163593,210952,yes,163593,163593,0,35.0,186963.43,yes,standardizable_combined_40h_equivalent,part_vii_and_schedule_j_verified,Return/ReturnData/IRS990/Form990PartVIISectionAGrp[18],Return/ReturnData/IRS990ScheduleJ/RltdOrgOfficerTrstKeyEmplGrp[5],SRC-990-EXT-INSTITUTE-ON-TAXATION-AND-ECONOMIC-POLICY,1,3,jonwhiten,michaelettlinger,true,benchmark/sources/native/form990/202611559349300546_public.xml
SRC-990-EXT-INSTITUTE-ON-TAXATION-AND-ECONOMIC-POLICY,Institute on Taxation and Economic Policy,SRC-990-EXT-INSTITUTE-ON-TAXATION-AND-ECONOMIC-POLICY::matthewgardner,MATTHEW GARDNER,SENIOR FELLOW,non_ceo_position,functional,no_transition_indicated,no,yes,35.00,,35,149230,200153,yes,149230,149230,0,35.0,170548.57,yes,standardizable_combined_40h_equivalent,part_vii_and_schedule_j_verified,Return/ReturnData/IRS990/Form990PartVIISectionAGrp[22],Return/ReturnData/IRS990ScheduleJ/RltdOrgOfficerTrstKeyEmplGrp[7],SRC-990-EXT-INSTITUTE-ON-TAXATION-AND-ECONOMIC-POLICY,5,5,jonwhiten,michaelettlinger,true,benchmark/sources/native/form990/202611559349300546_public.xml
SRC-990-EXT-INSTITUTE-ON-TAXATION-AND-ECONOMIC-POLICY,Institute on Taxation and Economic Policy,SRC-990-EXT-INSTITUTE-ON-TAXATION-AND-ECONOMIC-POLICY::michaelettlinger,MICHAEL ETTLINGER,SENIOR FELLOW,non_ceo_position,functional,no_transition_indicated,no,no,26.30,,26.3,158984,217978,yes,158984,158984,0,26.3,241800.76,yes,standardizable_combined_40h_equivalent,part_vii_and_schedule_j_verified,Return/ReturnData/IRS990/Form990PartVIISectionAGrp[21],Return/ReturnData/IRS990ScheduleJ/RltdOrgOfficerTrstKeyEmplGrp[3],SRC-990-EXT-INSTITUTE-ON-TAXATION-AND-ECONOMIC-POLICY,4,1,jonwhiten,michaelettlinger,true,benchmark/sources/native/form990/202611559349300546_public.xml
SRC-990-EXT-INSTITUTE-ON-TAXATION-AND-ECONOMIC-POLICY,Institute on Taxation and Economic Policy,SRC-990-EXT-INSTITUTE-ON-TAXATION-AND-ECONOMIC-POLICY::nicholasjohnson,NICHOLAS JOHNSON,SENIOR FELLOW,non_ceo_position,functional,no_transition_indicated,no,no,29.60,,29.6,161200,217320,yes,161200,161200,0,29.6,217837.84,yes,standardizable_combined_40h_equivalent,part_vii_and_schedule_j_verified,Return/ReturnData/IRS990/Form990PartVIISectionAGrp[24],Return/ReturnData/IRS990ScheduleJ/RltdOrgOfficerTrstKeyEmplGrp[4],SRC-990-EXT-INSTITUTE-ON-TAXATION-AND-ECONOMIC-POLICY,3,2,jonwhiten,michaelettlinger,true,benchmark/sources/native/form990/202611559349300546_public.xml
SRC-990-EXT-INSTITUTE-ON-TAXATION-AND-ECONOMIC-POLICY,Institute on Taxation and Economic Policy,SRC-990-EXT-INSTITUTE-ON-TAXATION-AND-ECONOMIC-POLICY::stevewamhoff,STEVE WAMHOFF,FEDERAL POLICY DIRECTOR,non_ceo_position,functional,no_transition_indicated,no,yes,35.00,,35,162948,220243,yes,162948,162948,0,35.0,186226.29,yes,standardizable_combined_40h_equivalent,part_vii_and_schedule_j_verified,Return/ReturnData/IRS990/Form990PartVIISectionAGrp[19],Return/ReturnData/IRS990ScheduleJ/RltdOrgOfficerTrstKeyEmplGrp[2],SRC-990-EXT-INSTITUTE-ON-TAXATION-AND-ECONOMIC-POLICY,2,4,jonwhiten,michaelettlinger,true,benchmark/sources/native/form990/202611559349300546_public.xml
SRC-990-EXT-INTERNET-SECURITY-RESEARCH-GROUP,Internet Security Research Group,SRC-990-EXT-INTERNET-SECURITY-RESEARCH-GROUP::aarongable,AARON GABLE,ENGINEER,non_ceo_position,functional,no_transition_indicated,no,yes,40.00,,40,185337,225235,yes,185337,185337,0,40.0,185337.0,yes,standardizable_combined_40h_equivalent,part_vii_and_schedule_j_verified,Return/ReturnData/IRS990/Form990PartVIISectionAGrp[14],Return/ReturnData/IRS990ScheduleJ/RltdOrgOfficerTrstKeyEmplGrp[3],SRC-990-EXT-INTERNET-SECURITY-RESEARCH-GROUP,1,1,aarongable,aarongable,false,benchmark/sources/native/form990/202501889349300640_public.xml
SRC-990-EXT-INTERNET-SECURITY-RESEARCH-GROUP,Internet Security Research Group,SRC-990-EXT-INTERNET-SECURITY-RESEARCH-GROUP::andrewgabbitas,ANDREW GABBITAS,ENGINEER,non_ceo_position,functional,no_transition_indicated,no,yes,40.00,,40,147731,197281,yes,147731,147731,0,40.0,147731.0,yes,standardizable_combined_40h_equivalent,part_vii_and_schedule_j_verified,Return/ReturnData/IRS990/Form990PartVIISectionAGrp[18],Return/ReturnData/IRS990ScheduleJ/RltdOrgOfficerTrstKeyEmplGrp[5],SRC-990-EXT-INTERNET-SECURITY-RESEARCH-GROUP,6,6,aarongable,aarongable,false,benchmark/sources/native/form990/202501889349300640_public.xml
SRC-990-EXT-INTERNET-SECURITY-RESEARCH-GROUP,Internet Security Research Group,SRC-990-EXT-INTERNET-SECURITY-RESEARCH-GROUP::brandonpitman,BRANDON PITMAN,ENGINEER,non_ceo_position,functional,no_transition_indicated,no,yes,40.00,,40,151302,185230,yes,151302,151302,0,40.0,151302.0,yes,standardizable_combined_40h_equivalent,part_vii_and_schedule_j_verified,Return/ReturnData/IRS990/Form990PartVIISectionAGrp[17],Return/ReturnData/IRS990ScheduleJ/RltdOrgOfficerTrstKeyEmplGrp[7],SRC-990-EXT-INTERNET-SECURITY-RESEARCH-GROUP,5,5,aarongable,aarongable,false,benchmark/sources/native/form990/202501889349300640_public.xml
SRC-990-EXT-INTERNET-SECURITY-RESEARCH-GROUP,Internet Security Research Group,SRC-990-EXT-INTERNET-SECURITY-RESEARCH-GROUP::jamesjones,JAMES JONES,ENGINEER,non_ceo_position,functional,no_transition_indicated,no,yes,40.00,,40,166778,213589,yes,166778,166778,0,40.0,166778.0,yes,standardizable_combined_40h_equivalent,part_vii_and_schedule_j_verified,Return/ReturnData/IRS990/Form990PartVIISectionAGrp[16],Return/ReturnData/IRS990ScheduleJ/RltdOrgOfficerTrstKeyEmplGrp[4],SRC-990-EXT-INTERNET-SECURITY-RESEARCH-GROUP,3,3,aarongable,aarongable,false,benchmark/sources/native/form990/202501889349300640_public.xml
SRC-990-EXT-INTERNET-SECURITY-RESEARCH-GROUP,Internet Security Research Group,SRC-990-EXT-INTERNET-SECURITY-RESEARCH-GROUP::kristinberdan,KRISTIN BERDAN,GENERAL COUNSEL,non_ceo_position,functional,no_transition_indicated,no,no,20.00,,20,88000,118500,no,,,,,,no,not_fte_candidate,part_vii_verified_no_schedule_j,Return/ReturnData/IRS990/Form990PartVIISectionAGrp[13],,SRC-990-EXT-INTERNET-SECURITY-RESEARCH-GROUP,,,aarongable,aarongable,false,benchmark/sources/native/form990/202501889349300640_public.xml
SRC-990-EXT-INTERNET-SECURITY-RESEARCH-GROUP,Internet Security Research Group,SRC-990-EXT-INTERNET-SECURITY-RESEARCH-GROUP::philipporada,PHILIP PORADA,ENGINEER,non_ceo_position,functional,no_transition_indicated,no,yes,40.00,,40,147157,153255,yes,147157,147157,0,40.0,147157.0,yes,standardizable_combined_40h_equivalent,part_vii_and_schedule_j_verified,Return/ReturnData/IRS990/Form990PartVIISectionAGrp[15],Return/ReturnData/IRS990ScheduleJ/RltdOrgOfficerTrstKeyEmplGrp[8],SRC-990-EXT-INTERNET-SECURITY-RESEARCH-GROUP,7,7,aarongable,aarongable,false,benchmark/sources/native/form990/202501889349300640_public.xml
SRC-990-EXT-INTERNET-SECURITY-RESEARCH-GROUP,Internet Security Research Group,SRC-990-EXT-INTERNET-SECURITY-RESEARCH-GROUP::sarahgran,SARAH GRAN,VICE PRESIDENT,non_ceo_position,functional,no_transition_indicated,no,yes,40.00,,40,212568,269445,yes,181568,181568,0,40.0,181568.0,yes,standardizable_combined_40h_equivalent,part_vii_and_schedule_j_verified,Return/ReturnData/IRS990/Form990PartVIISectionAGrp[11],Return/ReturnData/IRS990ScheduleJ/RltdOrgOfficerTrstKeyEmplGrp[2],SRC-990-EXT-INTERNET-SECURITY-RESEARCH-GROUP,2,2,aarongable,aarongable,false,benchmark/sources/native/form990/202501889349300640_public.xml
SRC-990-EXT-INTERNET-SECURITY-RESEARCH-GROUP,Internet Security Research Group,SRC-990-EXT-INTERNET-SECURITY-RESEARCH-GROUP::sarahheil,SARAH HEIL,CHIEF FINANCIAL OFFICER,non_ceo_position,functional,no_transition_indicated,no,yes,40.00,,40,164039,192771,yes,164039,164039,0,40.0,164039.0,yes,standardizable_combined_40h_equivalent,part_vii_and_schedule_j_verified,Return/ReturnData/IRS990/Form990PartVIISectionAGrp[12],Return/ReturnData/IRS990ScheduleJ/RltdOrgOfficerTrstKeyEmplGrp[6],SRC-990-EXT-INTERNET-SECURITY-RESEARCH-GROUP,4,4,aarongable,aarongable,false,benchmark/sources/native/form990/202501889349300640_public.xml
SRC-990-EXT-JAIN-FAMILY-INSTITUTE,Jain Family Institute,SRC-990-EXT-JAIN-FAMILY-INSTITUTE::alexanderjacobs,ALEXANDER JACOBS,CHIEF OPERATING OFFICER,non_ceo_position,functional,no_transition_indicated,no,yes,40.00,,40,165838,196259,yes,165838,165838,0,40.0,165838.0,yes,standardizable_combined_40h_equivalent,part_vii_and_schedule_j_verified,Return/ReturnData/IRS990/Form990PartVIISectionAGrp[4],Return/ReturnData/IRS990ScheduleJ/RltdOrgOfficerTrstKeyEmplGrp[4],SRC-990-EXT-JAIN-FAMILY-INSTITUTE,2,2,jeromehodges,jeromehodges,false,benchmark/sources/native/form990/202523219349327407_public.xml
SRC-990-EXT-JAIN-FAMILY-INSTITUTE,Jain Family Institute,SRC-990-EXT-JAIN-FAMILY-INSTITUTE::jeromehodges,JEROME HODGES,CHIEF RESEARCH OFFICER,non_ceo_position,functional,no_transition_indicated,no,yes,40.00,,40,212672,253545,yes,212672,212672,0,40.0,212672.0,yes,standardizable_combined_40h_equivalent,part_vii_and_schedule_j_verified,Return/ReturnData/IRS990/Form990PartVIISectionAGrp[5],Return/ReturnData/IRS990ScheduleJ/RltdOrgOfficerTrstKeyEmplGrp[2],SRC-990-EXT-JAIN-FAMILY-INSTITUTE,1,1,jeromehodges,jeromehodges,false,benchmark/sources/native/form990/202523219349327407_public.xml
SRC-990-EXT-JAIN-FAMILY-INSTITUTE,Jain Family Institute,SRC-990-EXT-JAIN-FAMILY-INSTITUTE::mollydektar,MOLLY DEKTAR,EDITORIAL DIRECTOR,non_ceo_position,functional,no_transition_indicated,no,yes,40.00,,40,155115,213324,yes,155115,155115,0,40.0,155115.0,yes,standardizable_combined_40h_equivalent,part_vii_and_schedule_j_verified,Return/ReturnData/IRS990/Form990PartVIISectionAGrp[6],Return/ReturnData/IRS990ScheduleJ/RltdOrgOfficerTrstKeyEmplGrp[3],SRC-990-EXT-JAIN-FAMILY-INSTITUTE,3,3,jeromehodges,jeromehodges,false,benchmark/sources/native/form990/202523219349327407_public.xml
SRC-990-EXT-JAIN-FAMILY-INSTITUTE,Jain Family Institute,SRC-990-EXT-JAIN-FAMILY-INSTITUTE::nolanlindquistexecutive,NOLAN LINDQUIST - EXECUTIVE,DIR. CENTER FOR ACTIVE STEWARDSHIP,non_ceo_position,functional,no_transition_indicated,no,yes,40.00,,40,137989,162836,yes,137989,137989,0,40.0,137989.0,yes,standardizable_combined_40h_equivalent,part_vii_and_schedule_j_verified,Return/ReturnData/IRS990/Form990PartVIISectionAGrp[8],Return/ReturnData/IRS990ScheduleJ/RltdOrgOfficerTrstKeyEmplGrp[5],SRC-990-EXT-JAIN-FAMILY-INSTITUTE,4,4,jeromehodges,jeromehodges,false,benchmark/sources/native/form990/202523219349327407_public.xml
SRC-990-EXT-JAIN-FAMILY-INSTITUTE,Jain Family Institute,SRC-990-EXT-JAIN-FAMILY-INSTITUTE::paulkatz,PAUL KATZ,LEAD RESEARCHER,non_ceo_position,functional,no_transition_indicated,no,yes,40.00,,40,123744,148761,no,,,,,,no,not_fte_candidate,part_vii_verified_no_schedule_j,Return/ReturnData/IRS990/Form990PartVIISectionAGrp[10],,SRC-990-EXT-JAIN-FAMILY-INSTITUTE,,,jeromehodges,jeromehodges,false,benchmark/sources/native/form990/202523219349327407_public.xml
SRC-990-EXT-JAIN-FAMILY-INSTITUTE,Jain Family Institute,SRC-990-EXT-JAIN-FAMILY-INSTITUTE::robertgross,ROBERT GROSS,"EDITOR, PHENOMENAL WORLD",non_ceo_position,functional,no_transition_indicated,no,yes,40.00,,40,119344,136171,no,,,,,,no,not_fte_candidate,part_vii_verified_no_schedule_j,Return/ReturnData/IRS990/Form990PartVIISectionAGrp[9],,SRC-990-EXT-JAIN-FAMILY-INSTITUTE,,,jeromehodges,jeromehodges,false,benchmark/sources/native/form990/202523219349327407_public.xml
SRC-990-EXT-JAIN-FAMILY-INSTITUTE,Jain Family Institute,SRC-990-EXT-JAIN-FAMILY-INSTITUTE::sidhyabalakrishnan,SIDHYA BALAKRISHNAN,DIRECTOR OF RESEARCH THRU 11/2024,non_ceo_position,functional,partial_or_uncertain,no,yes,40.00,,40,136171,158002,yes,136171,136171,0,,,no,not_fte_candidate,part_vii_and_schedule_j_verified,Return/ReturnData/IRS990/Form990PartVIISectionAGrp[7],Return/ReturnData/IRS990ScheduleJ/RltdOrgOfficerTrstKeyEmplGrp[6],SRC-990-EXT-JAIN-FAMILY-INSTITUTE,,,jeromehodges,jeromehodges,false,benchmark/sources/native/form990/202523219349327407_public.xml
SRC-990-EXT-LAST-MILE-HEALTH,Last Mile Health,SRC-990-EXT-LAST-MILE-HEALTH::barbarawillett,BARBARA WILLETT,"MANAGING DIRECTOR, MERL",non_ceo_position,functional,no_transition_indicated,no,yes,40.0,,40,151076,160969,yes,134801,134801,0,40.0,134801.0,yes,standardizable_combined_40h_equivalent,part_vii_and_schedule_j_verified,Return/ReturnData/IRS990/Form990PartVIISectionAGrp[17],Return/ReturnData/IRS990ScheduleJ/RltdOrgOfficerTrstKeyEmplGrp[7],SRC-990-EXT-LAST-MILE-HEALTH,6,6,jamesnardella,jamesnardella,false,benchmark/sources/native/form990/202631359349305343_public.xml
SRC-990-EXT-LAST-MILE-HEALTH,Last Mile Health,SRC-990-EXT-LAST-MILE-HEALTH::courtneyevanshenke,COURTNEY EVANS HENKE,"MANAGING DIRECTOR, PARTNERSHIPS & COMMUNICATION",non_ceo_position,functional,no_transition_indicated,no,yes,40.0,,40,160864,173697,yes,138058,138058,0,40.0,138058.0,yes,standardizable_combined_40h_equivalent,part_vii_and_schedule_j_verified,Return/ReturnData/IRS990/Form990PartVIISectionAGrp[18],Return/ReturnData/IRS990ScheduleJ/RltdOrgOfficerTrstKeyEmplGrp[6],SRC-990-EXT-LAST-MILE-HEALTH,4,4,jamesnardella,jamesnardella,false,benchmark/sources/native/form990/202631359349305343_public.xml
SRC-990-EXT-LAST-MILE-HEALTH,Last Mile Health,SRC-990-EXT-LAST-MILE-HEALTH::deliaburnett,DELIA BURNETT,"SENIOR DIRECTOR, PARTNERSHIPS",non_ceo_position,functional,no_transition_indicated,no,yes,40.0,,40,144764,151384,yes,137800,137800,0,40.0,137800.0,yes,standardizable_combined_40h_equivalent,part_vii_and_schedule_j_verified,Return/ReturnData/IRS990/Form990PartVIISectionAGrp[19],Return/ReturnData/IRS990ScheduleJ/RltdOrgOfficerTrstKeyEmplGrp[8],SRC-990-EXT-LAST-MILE-HEALTH,5,5,jamesnardella,jamesnardella,false,benchmark/sources/native/form990/202631359349305343_public.xml
SRC-990-EXT-LAST-MILE-HEALTH,Last Mile Health,SRC-990-EXT-LAST-MILE-HEALTH::divyanair,DIVYA NAIR,CHIEF TECHNICAL OFFICER,non_ceo_position,functional,no_transition_indicated,no,yes,40.0,,40,194445,202852,yes,194445,194445,0,40.0,194445.0,yes,standardizable_combined_40h_equivalent,part_vii_and_schedule_j_verified,Return/ReturnData/IRS990/Form990PartVIISectionAGrp[13],Return/ReturnData/IRS990ScheduleJ/RltdOrgOfficerTrstKeyEmplGrp[4],SRC-990-EXT-LAST-MILE-HEALTH,2,2,jamesnardella,jamesnardella,false,benchmark/sources/native/form990/202631359349305343_public.xml
SRC-990-EXT-LAST-MILE-HEALTH,Last Mile Health,SRC-990-EXT-LAST-MILE-HEALTH::jamesnardella,JAMES NARDELLA,PRESIDENT & CHIEF PROGRAMS OFFICER,non_ceo_position,functional,no_transition_indicated,no,yes,40.0,,40,229638,246691,yes,204852,204852,0,40.0,204852.0,yes,standardizable_combined_40h_equivalent,part_vii_and_schedule_j_verified,Return/ReturnData/IRS990/Form990PartVIISectionAGrp[14],Return/ReturnData/IRS990ScheduleJ/RltdOrgOfficerTrstKeyEmplGrp[2],SRC-990-EXT-LAST-MILE-HEALTH,1,1,jamesnardella,jamesnardella,false,benchmark/sources/native/form990/202631359349305343_public.xml
SRC-990-EXT-LAST-MILE-HEALTH,Last Mile Health,SRC-990-EXT-LAST-MILE-HEALTH::megganireland,MEGGAN IRELAND,CFOO,non_ceo_position,functional,no_transition_indicated,no,yes,40.0,,40,196766,204946,yes,189472,189472,0,40.0,189472.0,yes,standardizable_combined_40h_equivalent,part_vii_and_schedule_j_verified,Return/ReturnData/IRS990/Form990PartVIISectionAGrp[16],Return/ReturnData/IRS990ScheduleJ/RltdOrgOfficerTrstKeyEmplGrp[3],SRC-990-EXT-LAST-MILE-HEALTH,3,3,jamesnardella,jamesnardella,false,benchmark/sources/native/form990/202631359349305343_public.xml
SRC-990-EXT-LAST-MILE-HEALTH,Last Mile Health,SRC-990-EXT-LAST-MILE-HEALTH::nanchen,NAN CHEN,"CO-EXECUTIVE DIRECTOR, AFRICA FRONTLINE FIRST",generic_ceo_like,program_or_affiliate,no_transition_indicated,no,yes,40.0,,40,169019,174090,yes,168359,168359,0,,,no,not_fte_candidate,part_vii_and_schedule_j_verified,Return/ReturnData/IRS990/Form990PartVIISectionAGrp[20],Return/ReturnData/IRS990ScheduleJ/RltdOrgOfficerTrstKeyEmplGrp[5],SRC-990-EXT-LAST-MILE-HEALTH,,,jamesnardella,jamesnardella,false,benchmark/sources/native/form990/202631359349305343_public.xml
SRC-990-EXT-LAST-MILE-HEALTH,Last Mile Health,SRC-990-EXT-LAST-MILE-HEALTH::sarahparish,SARAH PARISH,CHIEF OF STAFF,non_ceo_position,functional,no_transition_indicated,no,yes,40.0,,40,137919,148370,no,,,,,,no,not_fte_candidate,part_vii_verified_no_schedule_j,Return/ReturnData/IRS990/Form990PartVIISectionAGrp[21],,SRC-990-EXT-LAST-MILE-HEALTH,,,jamesnardella,jamesnardella,false,benchmark/sources/native/form990/202631359349305343_public.xml
SRC-990-EXT3-LAWFARE-INSTITUTE,Lawfare Institute,SRC-990-EXT3-LAWFARE-INSTITUTE::natalieorpett,NATALIE ORPETT,EXECUTIVE Editor AND DGC,non_ceo_position,functional,no_transition_indicated,no,yes,40.0,0.0,40,175316,203973,yes,175316,175316,0,40.0,175316.0,yes,standardizable_combined_40h_equivalent,part_vii_and_schedule_j_verified,Return/ReturnData/IRS990/Form990PartVIISectionAGrp[1],Return/ReturnData/IRS990ScheduleJ/RltdOrgOfficerTrstKeyEmplGrp[1],,,,,,,benchmark/sources/native/form990/202523219349307027_public.xml
SRC-990-EXT3-LAWFARE-INSTITUTE,Lawfare Institute,SRC-990-EXT3-LAWFARE-INSTITUTE::patrickcole,Patrick Cole,MANAGING DIRECTOR,non_ceo_position,functional,no_transition_indicated,no,yes,40.0,0.0,40,129150,142997,no,,,,,,no,not_fte_candidate,part_vii_verified_no_schedule_j,Return/ReturnData/IRS990/Form990PartVIISectionAGrp[2],,,,,,,,benchmark/sources/native/form990/202523219349307027_public.xml
SRC-990-EXT3-LAWFARE-INSTITUTE,Lawfare Institute,SRC-990-EXT3-LAWFARE-INSTITUTE::tylermcbrien,Tyler McBrien,MANAGING EDITOR,non_ceo_position,functional,no_transition_indicated,no,yes,40.0,0.0,40,112558,123534,no,,,,,,no,not_fte_candidate,part_vii_verified_no_schedule_j,Return/ReturnData/IRS990/Form990PartVIISectionAGrp[3],,,,,,,,benchmark/sources/native/form990/202523219349307027_public.xml
SRC-990-EXT3-LEARNING-POLICY-INSTITUTE,Learning Policy Institute,SRC-990-EXT3-LEARNING-POLICY-INSTITUTE::barbaramckenna,Barbara McKenna,Chief of Strategic Communications,non_ceo_position,functional,no_transition_indicated,no,yes,40.00,,40,191226,219845,yes,191226,191226,0,40.0,191226.0,yes,standardizable_combined_40h_equivalent,part_vii_and_schedule_j_verified,Return/ReturnData/IRS990/Form990PartVIISectionAGrp[14],Return/ReturnData/IRS990ScheduleJ/RltdOrgOfficerTrstKeyEmplGrp[5],SRC-990-EXT3-LEARNING-POLICY-INSTITUTE,3,3,teresamgodfrey,teresamgodfrey,false,benchmark/sources/native/form990/202503179349312065_public.xml
SRC-990-EXT3-LEARNING-POLICY-INSTITUTE,Learning Policy Institute,SRC-990-EXT3-LEARNING-POLICY-INSTITUTE::marjoriewechsler,Marjorie Wechsler,Principal Research Manager,non_ceo_position,functional,no_transition_indicated,no,yes,40.00,,40,233392,247395,yes,233392,233392,0,40.0,233392.0,yes,standardizable_combined_40h_equivalent,part_vii_and_schedule_j_verified,Return/ReturnData/IRS990/Form990PartVIISectionAGrp[13],Return/ReturnData/IRS990ScheduleJ/RltdOrgOfficerTrstKeyEmplGrp[4],SRC-990-EXT3-LEARNING-POLICY-INSTITUTE,2,2,teresamgodfrey,teresamgodfrey,false,benchmark/sources/native/form990/202503179349312065_public.xml
SRC-990-EXT3-LEARNING-POLICY-INSTITUTE,Learning Policy Institute,SRC-990-EXT3-LEARNING-POLICY-INSTITUTE::patrickshields,Patrick Shields,Executive Director,generic_ceo_like,uncertain,no_transition_indicated,no,yes,40.00,,40,391311,448572,yes,391311,391311,0,,,no,not_fte_candidate,part_vii_and_schedule_j_verified,Return/ReturnData/IRS990/Form990PartVIISectionAGrp[12],Return/ReturnData/IRS990ScheduleJ/RltdOrgOfficerTrstKeyEmplGrp[2],SRC-990-EXT3-LEARNING-POLICY-INSTITUTE,,,teresamgodfrey,teresamgodfrey,false,benchmark/sources/native/form990/202503179349312065_public.xml
SRC-990-EXT3-LEARNING-POLICY-INSTITUTE,Learning Policy Institute,SRC-990-EXT3-LEARNING-POLICY-INSTITUTE::teresamgodfrey,Teresa M Godfrey,CFAO,non_ceo_position,functional,no_transition_indicated,no,yes,40.00,,40,285481,344981,yes,285481,285481,0,40.0,285481.0,yes,standardizable_combined_40h_equivalent,part_vii_and_schedule_j_verified,Return/ReturnData/IRS990/Form990PartVIISectionAGrp[11],Return/ReturnData/IRS990ScheduleJ/RltdOrgOfficerTrstKeyEmplGrp[3],SRC-990-EXT3-LEARNING-POLICY-INSTITUTE,1,1,teresamgodfrey,teresamgodfrey,false,benchmark/sources/native/form990/202503179349312065_public.xml
SRC-990-EXT-LIVING-GOODS,Living Goods,SRC-990-EXT-LIVING-GOODS::abiotfrew,ABIOT FREW,HR DIRECTOR US,non_ceo_position,functional,no_transition_indicated,no,yes,40.0,0.0,40,140678,140678,no,,,,,,no,not_fte_candidate,part_vii_verified_no_schedule_j,Return/ReturnData/IRS990/Form990PartVIISectionAGrp[5],,SRC-990-EXT-LIVING-GOODS,,,mandyfolse,mandyfolse,false,benchmark/sources/native/form990/202433199349307518_public.xml
SRC-990-EXT-LIVING-GOODS,Living Goods,SRC-990-EXT-LIVING-GOODS::kendrasteel,KENDRA STEEL,Deputy Director Major Gifts,non_ceo_position,functional,no_transition_indicated,no,yes,40.0,0.0,40,104781,104781,no,,,,,,no,not_fte_candidate,part_vii_verified_no_schedule_j,Return/ReturnData/IRS990/Form990PartVIISectionAGrp[8],,SRC-990-EXT-LIVING-GOODS,,,mandyfolse,mandyfolse,false,benchmark/sources/native/form990/202433199349307518_public.xml
SRC-990-EXT-LIVING-GOODS,Living Goods,SRC-990-EXT-LIVING-GOODS::lauramapp,LAURA MAPP,Deputy Director Business Devel,non_ceo_position,functional,no_transition_indicated,no,yes,40.0,0.0,40,128639,128639,no,,,,,,no,not_fte_candidate,part_vii_verified_no_schedule_j,Return/ReturnData/IRS990/Form990PartVIISectionAGrp[6],,SRC-990-EXT-LIVING-GOODS,,,mandyfolse,mandyfolse,false,benchmark/sources/native/form990/202433199349307518_public.xml
SRC-990-EXT-LIVING-GOODS,Living Goods,SRC-990-EXT-LIVING-GOODS::lisabmcandless,LISA B MCANDLESS,EXECUTIVE DIRECTOR USA,generic_ceo_like,program_or_affiliate,no_transition_indicated,no,yes,40.0,0.0,40,203507,203507,yes,203507,203507,0,,,no,not_fte_candidate,part_vii_and_schedule_j_verified,Return/ReturnData/IRS990/Form990PartVIISectionAGrp[2],Return/ReturnData/IRS990ScheduleJ/RltdOrgOfficerTrstKeyEmplGrp[2],SRC-990-EXT-LIVING-GOODS,,,mandyfolse,mandyfolse,false,benchmark/sources/native/form990/202433199349307518_public.xml
SRC-990-EXT-LIVING-GOODS,Living Goods,SRC-990-EXT-LIVING-GOODS::mandyfolse,MANDY FOLSE,CHIEF OF STAFF,non_ceo_position,functional,no_transition_indicated,no,yes,40.0,0.0,40,172892,172892,yes,172892,172892,0,40.0,172892.0,yes,standardizable_combined_40h_equivalent,part_vii_and_schedule_j_verified,Return/ReturnData/IRS990/Form990PartVIISectionAGrp[3],Return/ReturnData/IRS990ScheduleJ/RltdOrgOfficerTrstKeyEmplGrp[3],SRC-990-EXT-LIVING-GOODS,1,1,mandyfolse,mandyfolse,false,benchmark/sources/native/form990/202433199349307518_public.xml
SRC-990-EXT-LIVING-GOODS,Living Goods,SRC-990-EXT-LIVING-GOODS::sarahlindsay,SARAH LINDSAY,Deputy Director Advocacy,non_ceo_position,functional,no_transition_indicated,no,yes,40.0,0.0,40,103814,103814,no,,,,,,no,not_fte_candidate,part_vii_verified_no_schedule_j,Return/ReturnData/IRS990/Form990PartVIISectionAGrp[9],,SRC-990-EXT-LIVING-GOODS,,,mandyfolse,mandyfolse,false,benchmark/sources/native/form990/202433199349307518_public.xml
SRC-990-EXT-LIVING-GOODS,Living Goods,SRC-990-EXT-LIVING-GOODS::sonjakotze,SONJA KOTZE,CHIEF FINANCIAL OFFICER,non_ceo_position,functional,no_transition_indicated,no,yes,32.0,8.0,40,160574,160574,yes,160574,160574,0,40.0,160574.0,yes,standardizable_combined_40h_equivalent,part_vii_and_schedule_j_verified,Return/ReturnData/IRS990/Form990PartVIISectionAGrp[4],Return/ReturnData/IRS990ScheduleJ/RltdOrgOfficerTrstKeyEmplGrp[4],SRC-990-EXT-LIVING-GOODS,2,2,mandyfolse,mandyfolse,false,benchmark/sources/native/form990/202433199349307518_public.xml
SRC-990-EXT-LIVING-GOODS,Living Goods,SRC-990-EXT-LIVING-GOODS::sarahericzo,Sarah E Riczo,Director Business Development,non_ceo_position,functional,no_transition_indicated,no,yes,40.0,0.0,40,116122,116122,no,,,,,,no,not_fte_candidate,part_vii_verified_no_schedule_j,Return/ReturnData/IRS990/Form990PartVIISectionAGrp[7],,SRC-990-EXT-LIVING-GOODS,,,mandyfolse,mandyfolse,false,benchmark/sources/native/form990/202433199349307518_public.xml
SRC-990-EXT-MERCY-FOR-ANIMALS,Mercy For Animals,SRC-990-EXT-MERCY-FOR-ANIMALS::caitlinoates,CAITLIN OATES,VICE PRESIDENT OF PHILANTHROPY,non_ceo_position,functional,no_transition_indicated,no,yes,40.00,,40,132054,161495,yes,132054,132054,0,40.0,132054.0,yes,standardizable_combined_40h_equivalent,part_vii_and_schedule_j_verified,Return/ReturnData/IRS990/Form990PartVIISectionAGrp[5],Return/ReturnData/IRS990ScheduleJ/RltdOrgOfficerTrstKeyEmplGrp[5],SRC-990-EXT-MERCY-FOR-ANIMALS,4,4,shahidmaqsood,shahidmaqsood,false,benchmark/sources/native/form990/202502259349301135_public.xml
SRC-990-EXT-MERCY-FOR-ANIMALS,Mercy For Animals,SRC-990-EXT-MERCY-FOR-ANIMALS::chelsieschadt,CHELSIE SCHADT,"CO-INTERIM MANAGING DIRECTOR, US & CANADA",non_ceo_position,functional,partial_or_uncertain,no,yes,40.00,,40,125920,137049,no,,,,,,no,not_fte_candidate,part_vii_verified_no_schedule_j,Return/ReturnData/IRS990/Form990PartVIISectionAGrp[6],,SRC-990-EXT-MERCY-FOR-ANIMALS,,,shahidmaqsood,shahidmaqsood,false,benchmark/sources/native/form990/202502259349301135_public.xml
SRC-990-EXT-MERCY-FOR-ANIMALS,Mercy For Animals,SRC-990-EXT-MERCY-FOR-ANIMALS::jodimedoff,JODI MEDOFF,"CHIEF OPERATING OFFICER, CHIEF LEGAL OFFICER, SECR",non_ceo_position,functional,no_transition_indicated,no,yes,40.00,,40,173318,180104,yes,173318,173318,0,40.0,173318.0,yes,standardizable_combined_40h_equivalent,part_vii_and_schedule_j_verified,Return/ReturnData/IRS990/Form990PartVIISectionAGrp[3],Return/ReturnData/IRS990ScheduleJ/RltdOrgOfficerTrstKeyEmplGrp[3],SRC-990-EXT-MERCY-FOR-ANIMALS,3,3,shahidmaqsood,shahidmaqsood,false,benchmark/sources/native/form990/202502259349301135_public.xml
SRC-990-EXT-MERCY-FOR-ANIMALS,Mercy For Animals,SRC-990-EXT-MERCY-FOR-ANIMALS::kelceymeadowslucas,KELCEY MEADOWS-LUCAS,SENIOR PHILANTHROPY OFFICER,non_ceo_position,functional,no_transition_indicated,no,yes,40.00,,40,175543,182467,yes,175543,175543,0,40.0,175543.0,yes,standardizable_combined_40h_equivalent,part_vii_and_schedule_j_verified,Return/ReturnData/IRS990/Form990PartVIISectionAGrp[4],Return/ReturnData/IRS990ScheduleJ/RltdOrgOfficerTrstKeyEmplGrp[4],SRC-990-EXT-MERCY-FOR-ANIMALS,2,2,shahidmaqsood,shahidmaqsood,false,benchmark/sources/native/form990/202502259349301135_public.xml
SRC-990-EXT-MERCY-FOR-ANIMALS,Mercy For Animals,SRC-990-EXT-MERCY-FOR-ANIMALS::patricksarsfield,PATRICK SARSFIELD,GENERAL COUNSEL,non_ceo_position,functional,no_transition_indicated,no,yes,40.00,,40,128429,146882,no,,,,,,no,not_fte_candidate,part_vii_verified_no_schedule_j,Return/ReturnData/IRS990/Form990PartVIISectionAGrp[7],,SRC-990-EXT-MERCY-FOR-ANIMALS,,,shahidmaqsood,shahidmaqsood,false,benchmark/sources/native/form990/202502259349301135_public.xml
SRC-990-EXT-MERCY-FOR-ANIMALS,Mercy For Animals,SRC-990-EXT-MERCY-FOR-ANIMALS::shahidmaqsood,SHAHID MAQSOOD,CHIEF FINANCIAL OFFICER,non_ceo_position,functional,no_transition_indicated,no,yes,40.00,,40,194388,201402,yes,194388,194388,0,40.0,194388.0,yes,standardizable_combined_40h_equivalent,part_vii_and_schedule_j_verified,Return/ReturnData/IRS990/Form990PartVIISectionAGrp[2],Return/ReturnData/IRS990ScheduleJ/RltdOrgOfficerTrstKeyEmplGrp[2],SRC-990-EXT-MERCY-FOR-ANIMALS,1,1,shahidmaqsood,shahidmaqsood,false,benchmark/sources/native/form990/202502259349301135_public.xml
SRC-990-EXT-MIGRATION-POLICY-INSTITUTE,Migration Policy Institute,SRC-990-EXT-MIGRATION-POLICY-INSTITUTE::dorismeissner,DORIS MEISSNER,"SR. FELLOW & DIR, US IMM. POL. PROG.",non_ceo_position,functional,no_transition_indicated,no,yes,40.00,,40,188555,209215,yes,188555,188555,0,40.0,188555.0,yes,standardizable_combined_40h_equivalent,part_vii_and_schedule_j_verified,Return/ReturnData/IRS990/Form990PartVIISectionAGrp[17],Return/ReturnData/IRS990ScheduleJ/RltdOrgOfficerTrstKeyEmplGrp[4],SRC-990-EXT-MIGRATION-POLICY-INSTITUTE,3,3,margaretmchugh,margaretmchugh,false,benchmark/sources/native/form990/202601359349310000_public.xml
SRC-990-EXT-MIGRATION-POLICY-INSTITUTE,Migration Policy Institute,SRC-990-EXT-MIGRATION-POLICY-INSTITUTE::juliagelatt,JULIA GELATT,"ASS. DIRECTOR, US IMM. POL. PROG.",non_ceo_position,functional,no_transition_indicated,no,yes,40.00,,40,140070,166894,yes,140070,140070,0,40.0,140070.0,yes,standardizable_combined_40h_equivalent,part_vii_and_schedule_j_verified,Return/ReturnData/IRS990/Form990PartVIISectionAGrp[18],Return/ReturnData/IRS990ScheduleJ/RltdOrgOfficerTrstKeyEmplGrp[5],SRC-990-EXT-MIGRATION-POLICY-INSTITUTE,4,5,margaretmchugh,margaretmchugh,false,benchmark/sources/native/form990/202601359349310000_public.xml
SRC-990-EXT-MIGRATION-POLICY-INSTITUTE,Migration Policy Institute,SRC-990-EXT-MIGRATION-POLICY-INSTITUTE::juliesugarman,JULIE SUGARMAN,ASSOC. DIR FOR K-12 EDU. RES.,non_ceo_position,functional,no_transition_indicated,no,yes,40.00,,40,127500,155993,yes,127500,127500,0,40.0,127500.0,yes,standardizable_combined_40h_equivalent,part_vii_and_schedule_j_verified,Return/ReturnData/IRS990/Form990PartVIISectionAGrp[20],Return/ReturnData/IRS990ScheduleJ/RltdOrgOfficerTrstKeyEmplGrp[6],SRC-990-EXT-MIGRATION-POLICY-INSTITUTE,7,7,margaretmchugh,margaretmchugh,false,benchmark/sources/native/form990/202601359349310000_public.xml
SRC-990-EXT-MIGRATION-POLICY-INSTITUTE,Migration Policy Institute,SRC-990-EXT-MIGRATION-POLICY-INSTITUTE::lorenamancilla,LORENA MANCILLA,ASSOC. DIR. FOR K-12 EDU. RES.,non_ceo_position,functional,no_transition_indicated,no,yes,40.00,,40,127500,139159,no,,,,,,no,not_fte_candidate,part_vii_verified_no_schedule_j,Return/ReturnData/IRS990/Form990PartVIISectionAGrp[22],,SRC-990-EXT-MIGRATION-POLICY-INSTITUTE,,,margaretmchugh,margaretmchugh,false,benchmark/sources/native/form990/202601359349310000_public.xml
SRC-990-EXT-MIGRATION-POLICY-INSTITUTE,Migration Policy Institute,SRC-990-EXT-MIGRATION-POLICY-INSTITUTE::margaretmchugh,MARGARET MCHUGH,DIR. NAT'L CTR ON IMM. INT. POL.,non_ceo_position,functional,no_transition_indicated,no,yes,40.00,,40,208820,254826,yes,208820,208820,0,40.0,208820.0,yes,standardizable_combined_40h_equivalent,part_vii_and_schedule_j_verified,Return/ReturnData/IRS990/Form990PartVIISectionAGrp[15],Return/ReturnData/IRS990ScheduleJ/RltdOrgOfficerTrstKeyEmplGrp[2],SRC-990-EXT-MIGRATION-POLICY-INSTITUTE,1,1,margaretmchugh,margaretmchugh,false,benchmark/sources/native/form990/202601359349310000_public.xml
SRC-990-EXT-MIGRATION-POLICY-INSTITUTE,Migration Policy Institute,SRC-990-EXT-MIGRATION-POLICY-INSTITUTE::michellemittelstadt,MICHELLE MITTELSTADT,DIR. OF COMM & PUB. AFFAIRS,non_ceo_position,functional,no_transition_indicated,no,yes,40.00,,40,189873,233876,yes,189873,189873,0,40.0,189873.0,yes,standardizable_combined_40h_equivalent,part_vii_and_schedule_j_verified,Return/ReturnData/IRS990/Form990PartVIISectionAGrp[16],Return/ReturnData/IRS990ScheduleJ/RltdOrgOfficerTrstKeyEmplGrp[3],SRC-990-EXT-MIGRATION-POLICY-INSTITUTE,2,2,margaretmchugh,margaretmchugh,false,benchmark/sources/native/form990/202601359349310000_public.xml
SRC-990-EXT-MIGRATION-POLICY-INSTITUTE,Migration Policy Institute,SRC-990-EXT-MIGRATION-POLICY-INSTITUTE::muzaffarchisti,MUZAFFAR CHISTI,SENIOR FELLOW,non_ceo_position,functional,no_transition_indicated,no,yes,32.00,,32,132442,150063,yes,132442,132442,0,32.0,165552.5,yes,standardizable_combined_40h_equivalent,part_vii_and_schedule_j_verified,Return/ReturnData/IRS990/Form990PartVIISectionAGrp[19],Return/ReturnData/IRS990ScheduleJ/RltdOrgOfficerTrstKeyEmplGrp[8],SRC-990-EXT-MIGRATION-POLICY-INSTITUTE,5,4,margaretmchugh,margaretmchugh,false,benchmark/sources/native/form990/202601359349310000_public.xml
SRC-990-EXT-MIGRATION-POLICY-INSTITUTE,Migration Policy Institute,SRC-990-EXT-MIGRATION-POLICY-INSTITUTE::nataliabanulescubogdan,NATALIA BANULESCU-BOGDAN,DEPUTY DIRECTOR,non_ceo_position,functional,no_transition_indicated,no,yes,40.00,,40,130000,155283,yes,130000,130000,0,40.0,130000.0,yes,standardizable_combined_40h_equivalent,part_vii_and_schedule_j_verified,Return/ReturnData/IRS990/Form990PartVIISectionAGrp[21],Return/ReturnData/IRS990ScheduleJ/RltdOrgOfficerTrstKeyEmplGrp[7],SRC-990-EXT-MIGRATION-POLICY-INSTITUTE,6,6,margaretmchugh,margaretmchugh,false,benchmark/sources/native/form990/202601359349310000_public.xml
SRC-990-EXT-MUCKROCK-FOUNDATION,MuckRock Foundation,SRC-990-EXT-MUCKROCK-FOUNDATION::amandahickman,Amanda Hickman,Cheif Executive Officer,generic_ceo_like,uncertain,no_transition_indicated,no,yes,040.00,,40,119984,119984,no,,,,,,no,not_fte_candidate,part_vii_verified_no_schedule_j,Return/ReturnData/IRS990/Form990PartVIISectionAGrp[4],,,,,,,,benchmark/sources/native/form990/202403119349300920_public.xml
SRC-990-EXT-MUCKROCK-FOUNDATION,MuckRock Foundation,SRC-990-EXT-MUCKROCK-FOUNDATION::mitchellkotler,Mitchell Kotler,Technology Officer,non_ceo_position,functional,no_transition_indicated,no,yes,040.00,,40,123471,123471,no,,,,,,no,not_fte_candidate,part_vii_verified_no_schedule_j,Return/ReturnData/IRS990/Form990PartVIISectionAGrp[3],,,,,,,,benchmark/sources/native/form990/202403119349300920_public.xml
SRC-990-EXT-MUCKROCK-FOUNDATION,MuckRock Foundation,SRC-990-EXT-MUCKROCK-FOUNDATION::wendithomas,Wendi Thomas,Manager,non_ceo_position,functional,no_transition_indicated,no,yes,040.00,,40,157996,157996,no,,,,,,no,not_fte_candidate,part_vii_verified_no_schedule_j,Return/ReturnData/IRS990/Form990PartVIISectionAGrp[1],,,,,,,,benchmark/sources/native/form990/202403119349300920_public.xml
SRC-990-EXT3-NATIONAL-ACADEMY-FOR-STATE-HEALTH-POLICY,National Academy for State Health Policy,SRC-990-EXT3-NATIONAL-ACADEMY-FOR-STATE-HEALTH-POLICY::foxgragewendy,FOX-GRAGE WENDY,SENIOR PROGRAM DIRECTOR,non_ceo_position,functional,no_transition_indicated,no,yes,35.00,,35,166346,218744,yes,164426,164426,0,35.0,187915.43,yes,standardizable_combined_40h_equivalent,part_vii_and_schedule_j_verified,Return/ReturnData/IRS990/Form990PartVIISectionAGrp[16],Return/ReturnData/IRS990ScheduleJ/RltdOrgOfficerTrstKeyEmplGrp[4],SRC-990-EXT3-NATIONAL-ACADEMY-FOR-STATE-HEALTH-POLICY,6,6,sinemreed,sinemreed,false,benchmark/sources/native/form990/202503179349302775_public.xml
SRC-990-EXT3-NATIONAL-ACADEMY-FOR-STATE-HEALTH-POLICY,National Academy for State Health Policy,SRC-990-EXT3-NATIONAL-ACADEMY-FOR-STATE-HEALTH-POLICY::hensleyquinnmaureene,HENSLEY-QUINN MAUREEN E,SENIOR PROGRAM DIRECTOR,non_ceo_position,functional,no_transition_indicated,no,yes,35.00,,35,179197,200842,yes,177277,177277,0,35.0,202602.29,yes,standardizable_combined_40h_equivalent,part_vii_and_schedule_j_verified,Return/ReturnData/IRS990/Form990PartVIISectionAGrp[15],Return/ReturnData/IRS990ScheduleJ/RltdOrgOfficerTrstKeyEmplGrp[6],SRC-990-EXT3-NATIONAL-ACADEMY-FOR-STATE-HEALTH-POLICY,4,4,sinemreed,sinemreed,false,benchmark/sources/native/form990/202503179349302775_public.xml
SRC-990-EXT3-NATIONAL-ACADEMY-FOR-STATE-HEALTH-POLICY,National Academy for State Health Policy,SRC-990-EXT3-NATIONAL-ACADEMY-FOR-STATE-HEALTH-POLICY::sinemreed,SINEM REED,CHIEF OPERATING OFFICER,non_ceo_position,functional,no_transition_indicated,no,yes,35.00,,35,231968,272590,yes,230048,230048,0,35.0,262912.0,yes,standardizable_combined_40h_equivalent,part_vii_and_schedule_j_verified,Return/ReturnData/IRS990/Form990PartVIISectionAGrp[12],Return/ReturnData/IRS990ScheduleJ/RltdOrgOfficerTrstKeyEmplGrp[2],SRC-990-EXT3-NATIONAL-ACADEMY-FOR-STATE-HEALTH-POLICY,1,1,sinemreed,sinemreed,false,benchmark/sources/native/form990/202503179349302775_public.xml
SRC-990-EXT3-NATIONAL-ACADEMY-FOR-STATE-HEALTH-POLICY,National Academy for State Health Policy,SRC-990-EXT3-NATIONAL-ACADEMY-FOR-STATE-HEALTH-POLICY::vanlandeghemkaren,VANLANDEGHEM KAREN,SENIOR PROGRAM DIRECTOR,non_ceo_position,functional,no_transition_indicated,no,yes,35.00,,35,199142,214140,yes,199142,199142,0,35.0,227590.86,yes,standardizable_combined_40h_equivalent,part_vii_and_schedule_j_verified,Return/ReturnData/IRS990/Form990PartVIISectionAGrp[13],Return/ReturnData/IRS990ScheduleJ/RltdOrgOfficerTrstKeyEmplGrp[5],SRC-990-EXT3-NATIONAL-ACADEMY-FOR-STATE-HEALTH-POLICY,2,2,sinemreed,sinemreed,false,benchmark/sources/native/form990/202503179349302775_public.xml
SRC-990-EXT3-NATIONAL-ACADEMY-FOR-STATE-HEALTH-POLICY,National Academy for State Health Policy,SRC-990-EXT3-NATIONAL-ACADEMY-FOR-STATE-HEALTH-POLICY::veltrivictoria,VELTRI VICTORIA,SENIOR POLICY FELLOW,non_ceo_position,functional,no_transition_indicated,no,yes,35.00,,35,165025,191931,yes,165025,165025,0,35.0,188600.0,yes,standardizable_combined_40h_equivalent,part_vii_and_schedule_j_verified,Return/ReturnData/IRS990/Form990PartVIISectionAGrp[17],Return/ReturnData/IRS990ScheduleJ/RltdOrgOfficerTrstKeyEmplGrp[7],SRC-990-EXT3-NATIONAL-ACADEMY-FOR-STATE-HEALTH-POLICY,5,5,sinemreed,sinemreed,false,benchmark/sources/native/form990/202503179349302775_public.xml
SRC-990-EXT3-NATIONAL-ACADEMY-FOR-STATE-HEALTH-POLICY,National Academy for State Health Policy,SRC-990-EXT3-NATIONAL-ACADEMY-FOR-STATE-HEALTH-POLICY::wilknisssandra,WILKNISS SANDRA,SENIOR PROGRAM DIRECTOR,non_ceo_position,functional,no_transition_indicated,no,yes,35.00,,35,188322,236223,yes,186562,186562,0,35.0,213213.71,yes,standardizable_combined_40h_equivalent,part_vii_and_schedule_j_verified,Return/ReturnData/IRS990/Form990PartVIISectionAGrp[14],Return/ReturnData/IRS990ScheduleJ/RltdOrgOfficerTrstKeyEmplGrp[3],SRC-990-EXT3-NATIONAL-ACADEMY-FOR-STATE-HEALTH-POLICY,3,3,sinemreed,sinemreed,false,benchmark/sources/native/form990/202503179349302775_public.xml
SRC-990-EXT-NATIONAL-COMMITTEE-FOR-RESPONSIVE-PHILANTHROPY,National Committee for Responsive Philanthropy,SRC-990-EXT-NATIONAL-COMMITTEE-FOR-RESPONSIVE-PHILANTHROPY::burhanrazi,BURHAN RAZI,VP & CHIEF OPERATING OFFICER,non_ceo_position,functional,no_transition_indicated,no,yes,40.00,,40,198000,230750,yes,198000,198000,0,40.0,198000.0,yes,standardizable_combined_40h_equivalent,part_vii_and_schedule_j_verified,Return/ReturnData/IRS990/Form990PartVIISectionAGrp[24],Return/ReturnData/IRS990ScheduleJ/RltdOrgOfficerTrstKeyEmplGrp[4],SRC-990-EXT-NATIONAL-COMMITTEE-FOR-RESPONSIVE-PHILANTHROPY,2,2,russellroyball,russellroyball,false,benchmark/sources/native/form990/202610449349300906_public.xml
SRC-990-EXT-NATIONAL-COMMITTEE-FOR-RESPONSIVE-PHILANTHROPY,National Committee for Responsive Philanthropy,SRC-990-EXT-NATIONAL-COMMITTEE-FOR-RESPONSIVE-PHILANTHROPY::carolineoshea,CAROLINE O'SHEA,"DIRECTOR, RESOURCE MOBILIZATION",non_ceo_position,functional,no_transition_indicated,no,yes,40.00,,40,112480,129627,no,,,,,,no,not_fte_candidate,part_vii_verified_no_schedule_j,Return/ReturnData/IRS990/Form990PartVIISectionAGrp[29],,SRC-990-EXT-NATIONAL-COMMITTEE-FOR-RESPONSIVE-PHILANTHROPY,,,russellroyball,russellroyball,false,benchmark/sources/native/form990/202610449349300906_public.xml
SRC-990-EXT-NATIONAL-COMMITTEE-FOR-RESPONSIVE-PHILANTHROPY,National Committee for Responsive Philanthropy,SRC-990-EXT-NATIONAL-COMMITTEE-FOR-RESPONSIVE-PHILANTHROPY::elbertgarcia,ELBERT GARCIA,DIRECTOR OF STRATEGIC COMMUNICATIONS,non_ceo_position,functional,no_transition_indicated,no,yes,40.00,,40,118047,128135,no,,,,,,no,not_fte_candidate,part_vii_verified_no_schedule_j,Return/ReturnData/IRS990/Form990PartVIISectionAGrp[27],,SRC-990-EXT-NATIONAL-COMMITTEE-FOR-RESPONSIVE-PHILANTHROPY,,,russellroyball,russellroyball,false,benchmark/sources/native/form990/202610449349300906_public.xml
SRC-990-EXT-NATIONAL-COMMITTEE-FOR-RESPONSIVE-PHILANTHROPY,National Committee for Responsive Philanthropy,SRC-990-EXT-NATIONAL-COMMITTEE-FOR-RESPONSIVE-PHILANTHROPY::janayrichmond,JANAY RICHMOND,"DIRECTOR, MARKETING & MEMBERSHIP (ENDED 9/30/25)",non_ceo_position,functional,verified_full_year,no,yes,40.00,,40,121850,140493,no,,,,,,no,not_fte_candidate,part_vii_verified_no_schedule_j,Return/ReturnData/IRS990/Form990PartVIISectionAGrp[26],,SRC-990-EXT-NATIONAL-COMMITTEE-FOR-RESPONSIVE-PHILANTHROPY,,,russellroyball,russellroyball,false,benchmark/sources/native/form990/202610449349300906_public.xml
SRC-990-EXT-NATIONAL-COMMITTEE-FOR-RESPONSIVE-PHILANTHROPY,National Committee for Responsive Philanthropy,SRC-990-EXT-NATIONAL-COMMITTEE-FOR-RESPONSIVE-PHILANTHROPY::lisafirnberg,LISA FIRNBERG,"DIRECTOR, INFORMATION AND DATA",non_ceo_position,functional,no_transition_indicated,no,yes,40.00,,40,112934,121969,no,,,,,,no,not_fte_candidate,part_vii_verified_no_schedule_j,Return/ReturnData/IRS990/Form990PartVIISectionAGrp[28],,SRC-990-EXT-NATIONAL-COMMITTEE-FOR-RESPONSIVE-PHILANTHROPY,,,russellroyball,russellroyball,false,benchmark/sources/native/form990/202610449349300906_public.xml
SRC-990-EXT-NATIONAL-COMMITTEE-FOR-RESPONSIVE-PHILANTHROPY,National Committee for Responsive Philanthropy,SRC-990-EXT-NATIONAL-COMMITTEE-FOR-RESPONSIVE-PHILANTHROPY::russellroyball,RUSSELL ROYBALL,EVP & CHIEF IMPACT OFFICER,non_ceo_position,functional,no_transition_indicated,no,yes,40.00,,40,202243,231710,yes,202243,202243,0,40.0,202243.0,yes,standardizable_combined_40h_equivalent,part_vii_and_schedule_j_verified,Return/ReturnData/IRS990/Form990PartVIISectionAGrp[23],Return/ReturnData/IRS990ScheduleJ/RltdOrgOfficerTrstKeyEmplGrp[3],SRC-990-EXT-NATIONAL-COMMITTEE-FOR-RESPONSIVE-PHILANTHROPY,1,1,russellroyball,russellroyball,false,benchmark/sources/native/form990/202610449349300906_public.xml
SRC-990-EXT-NATIONAL-COMMITTEE-FOR-RESPONSIVE-PHILANTHROPY,National Committee for Responsive Philanthropy,SRC-990-EXT-NATIONAL-COMMITTEE-FOR-RESPONSIVE-PHILANTHROPY::ryanschlegel,RYAN SCHLEGEL,"DIRECTOR, RESEARCH",non_ceo_position,functional,no_transition_indicated,no,yes,40.00,,40,112260,128522,no,,,,,,no,not_fte_candidate,part_vii_verified_no_schedule_j,Return/ReturnData/IRS990/Form990PartVIISectionAGrp[30],,SRC-990-EXT-NATIONAL-COMMITTEE-FOR-RESPONSIVE-PHILANTHROPY,,,russellroyball,russellroyball,false,benchmark/sources/native/form990/202610449349300906_public.xml
SRC-990-EXT-NATIONAL-COMMITTEE-FOR-RESPONSIVE-PHILANTHROPY,National Committee for Responsive Philanthropy,SRC-990-EXT-NATIONAL-COMMITTEE-FOR-RESPONSIVE-PHILANTHROPY::timothygerson,TIMOTHY GERSON,VP & CHIEF CONTENT (ENDED 10/15/24),non_ceo_position,functional,partial_or_uncertain,no,yes,40.00,,40,234555,272811,yes,234555,234555,0,,,no,not_fte_candidate,part_vii_and_schedule_j_verified,Return/ReturnData/IRS990/Form990PartVIISectionAGrp[25],Return/ReturnData/IRS990ScheduleJ/RltdOrgOfficerTrstKeyEmplGrp[2],SRC-990-EXT-NATIONAL-COMMITTEE-FOR-RESPONSIVE-PHILANTHROPY,,,russellroyball,russellroyball,false,benchmark/sources/native/form990/202610449349300906_public.xml
SRC-990-EXT-NATIONAL-EMPLOYMENT-LAW-PROJECT,National Employment Law Project,SRC-990-EXT-NATIONAL-EMPLOYMENT-LAW-PROJECT::caitlinconnolly,CAITLIN CONNOLLY,CHIEF OF STRATEGY,non_ceo_position,functional,no_transition_indicated,no,yes,35.00,,35,216250,273201,yes,216250,216250,0,35.0,247142.86,yes,standardizable_combined_40h_equivalent,part_vii_and_schedule_j_verified,Return/ReturnData/IRS990/Form990PartVIISectionAGrp[15],Return/ReturnData/IRS990ScheduleJ/RltdOrgOfficerTrstKeyEmplGrp[4],SRC-990-EXT-NATIONAL-EMPLOYMENT-LAW-PROJECT,5,5,heathermcgrew,catherineruckelshaus,true,benchmark/sources/native/form990/202523089349302957_public.xml
SRC-990-EXT-NATIONAL-EMPLOYMENT-LAW-PROJECT,National Employment Law Project,SRC-990-EXT-NATIONAL-EMPLOYMENT-LAW-PROJECT::catherineruckelshaus,CATHERINE RUCKELSHAUS,GENERAL COUNSEL,non_ceo_position,functional,no_transition_indicated,no,yes,35.00,,35,247600,284654,yes,247600,247600,0,35.0,282971.43,yes,standardizable_combined_40h_equivalent,part_vii_and_schedule_j_verified,Return/ReturnData/IRS990/Form990PartVIISectionAGrp[16],Return/ReturnData/IRS990ScheduleJ/RltdOrgOfficerTrstKeyEmplGrp[2],SRC-990-EXT-NATIONAL-EMPLOYMENT-LAW-PROJECT,2,1,heathermcgrew,catherineruckelshaus,true,benchmark/sources/native/form990/202523089349302957_public.xml
SRC-990-EXT-NATIONAL-EMPLOYMENT-LAW-PROJECT,National Employment Law Project,SRC-990-EXT-NATIONAL-EMPLOYMENT-LAW-PROJECT::heathermcgrew,HEATHER MCGREW,CHIEF OPERATING OFFICER,non_ceo_position,functional,no_transition_indicated,no,yes,35.00,1.00,36,250000,284017,yes,250000,250000,0,36.0,277777.78,yes,standardizable_combined_40h_equivalent,part_vii_and_schedule_j_verified,Return/ReturnData/IRS990/Form990PartVIISectionAGrp[13],Return/ReturnData/IRS990ScheduleJ/RltdOrgOfficerTrstKeyEmplGrp[3],SRC-990-EXT-NATIONAL-EMPLOYMENT-LAW-PROJECT,1,2,heathermcgrew,catherineruckelshaus,true,benchmark/sources/native/form990/202523089349302957_public.xml
SRC-990-EXT-NATIONAL-EMPLOYMENT-LAW-PROJECT,National Employment Law Project,SRC-990-EXT-NATIONAL-EMPLOYMENT-LAW-PROJECT::melissamatos,MELISSA MATOS,CHIEF OF STAFF,non_ceo_position,functional,no_transition_indicated,no,yes,35.00,,35,220000,250690,yes,220000,220000,0,35.0,251428.57,yes,standardizable_combined_40h_equivalent,part_vii_and_schedule_j_verified,Return/ReturnData/IRS990/Form990PartVIISectionAGrp[17],Return/ReturnData/IRS990ScheduleJ/RltdOrgOfficerTrstKeyEmplGrp[6],SRC-990-EXT-NATIONAL-EMPLOYMENT-LAW-PROJECT,3,3,heathermcgrew,catherineruckelshaus,true,benchmark/sources/native/form990/202523089349302957_public.xml
SRC-990-EXT-NATIONAL-EMPLOYMENT-LAW-PROJECT,National Employment Law Project,SRC-990-EXT-NATIONAL-EMPLOYMENT-LAW-PROJECT::michellerodriguez,MICHELLE RODRIGUEZ,CHIEF OF PROGRAMS,non_ceo_position,functional,no_transition_indicated,no,yes,35.00,,35,219520,251447,yes,219520,219520,0,35.0,250880.0,yes,standardizable_combined_40h_equivalent,part_vii_and_schedule_j_verified,Return/ReturnData/IRS990/Form990PartVIISectionAGrp[18],Return/ReturnData/IRS990ScheduleJ/RltdOrgOfficerTrstKeyEmplGrp[5],SRC-990-EXT-NATIONAL-EMPLOYMENT-LAW-PROJECT,4,4,heathermcgrew,catherineruckelshaus,true,benchmark/sources/native/form990/202523089349302957_public.xml
SRC-990-EXT-NATIONAL-EMPLOYMENT-LAW-PROJECT,National Employment Law Project,SRC-990-EXT-NATIONAL-EMPLOYMENT-LAW-PROJECT::xinxin,XIN XIN,CHIEF OF DEVELOPMENT,non_ceo_position,functional,no_transition_indicated,no,yes,35.00,,35,103953,127726,no,,,,,,no,not_fte_candidate,part_vii_verified_no_schedule_j,Return/ReturnData/IRS990/Form990PartVIISectionAGrp[19],,SRC-990-EXT-NATIONAL-EMPLOYMENT-LAW-PROJECT,,,heathermcgrew,catherineruckelshaus,true,benchmark/sources/native/form990/202523089349302957_public.xml
SRC-990-EXT-NEW-AMERICA,New America,SRC-990-EXT-NEW-AMERICA::barryhoward,BARRY HOWARD,COO,non_ceo_position,functional,no_transition_indicated,no,yes,40.00,,40,301435,367163,yes,300745,300745,0,40.0,300745.0,yes,standardizable_combined_40h_equivalent,part_vii_and_schedule_j_verified,Return/ReturnData/IRS990/Form990PartVIISectionAGrp[3],Return/ReturnData/IRS990ScheduleJ/RltdOrgOfficerTrstKeyEmplGrp[3],SRC-990-EXT-NEW-AMERICA,2,2,paulbutler,paulbutler,false,benchmark/sources/native/form990/202513109349304131_public.xml
SRC-990-EXT-NEW-AMERICA,New America,SRC-990-EXT-NEW-AMERICA::ceciliamunoz,CECILIA MUNOZ,DIRECTOR,governance,governance,no_transition_indicated,no,no,9.00,,9,65000,65000,no,,,,,,no,not_fte_candidate,part_vii_verified_no_schedule_j,Return/ReturnData/IRS990/Form990PartVIISectionAGrp[14],,SRC-990-EXT-NEW-AMERICA,,,paulbutler,paulbutler,false,benchmark/sources/native/form990/202513109349304131_public.xml
SRC-990-EXT-NEW-AMERICA,New America,SRC-990-EXT-NEW-AMERICA::elenasilva,ELENA SILVA,SR. DIR. EDUCATION POLICY PROGRAM,non_ceo_position,functional,no_transition_indicated,no,yes,40.00,,40,232309,256865,yes,231619,231619,0,40.0,231619.0,yes,standardizable_combined_40h_equivalent,part_vii_and_schedule_j_verified,Return/ReturnData/IRS990/Form990PartVIISectionAGrp[10],Return/ReturnData/IRS990ScheduleJ/RltdOrgOfficerTrstKeyEmplGrp[10],SRC-990-EXT-NEW-AMERICA,7,7,paulbutler,paulbutler,false,benchmark/sources/native/form990/202513109349304131_public.xml
SRC-990-EXT-NEW-AMERICA,New America,SRC-990-EXT-NEW-AMERICA::kevindcarey,KEVIN D CAREY,VP. EDU. POLICY & KNOWLEDGE MGMT,non_ceo_position,functional,no_transition_indicated,no,yes,40.00,,40,291023,324805,yes,290333,290333,0,40.0,290333.0,yes,standardizable_combined_40h_equivalent,part_vii_and_schedule_j_verified,Return/ReturnData/IRS990/Form990PartVIISectionAGrp[5],Return/ReturnData/IRS990ScheduleJ/RltdOrgOfficerTrstKeyEmplGrp[5],SRC-990-EXT-NEW-AMERICA,3,3,paulbutler,paulbutler,false,benchmark/sources/native/form990/202513109349304131_public.xml
SRC-990-EXT-NEW-AMERICA,New America,SRC-990-EXT-NEW-AMERICA::liliancoral,LILIAN CORAL,VP. TECH AND DEMOCRACY PROGRAMS,non_ceo_position,functional,no_transition_indicated,no,yes,40.00,,40,230442,280018,yes,230142,230142,0,40.0,230142.0,yes,standardizable_combined_40h_equivalent,part_vii_and_schedule_j_verified,Return/ReturnData/IRS990/Form990PartVIISectionAGrp[7],Return/ReturnData/IRS990ScheduleJ/RltdOrgOfficerTrstKeyEmplGrp[7],SRC-990-EXT-NEW-AMERICA,8,8,paulbutler,paulbutler,false,benchmark/sources/native/form990/202513109349304131_public.xml
SRC-990-EXT-NEW-AMERICA,New America,SRC-990-EXT-NEW-AMERICA::marlawilson,MARLA WILSON,VP. DEVELOPMENT & STRATEGIC,non_ceo_position,functional,no_transition_indicated,no,yes,40.00,,40,265457,304191,yes,264767,264767,0,40.0,264767.0,yes,standardizable_combined_40h_equivalent,part_vii_and_schedule_j_verified,Return/ReturnData/IRS990/Form990PartVIISectionAGrp[6],Return/ReturnData/IRS990ScheduleJ/RltdOrgOfficerTrstKeyEmplGrp[6],SRC-990-EXT-NEW-AMERICA,5,5,paulbutler,paulbutler,false,benchmark/sources/native/form990/202513109349304131_public.xml
SRC-990-EXT-NEW-AMERICA,New America,SRC-990-EXT-NEW-AMERICA::maryalicemccarthy,MARY ALICE MCCARTHY,"SENIOR DIR., CENTER ON EDU. & LABOR",non_ceo_position,functional,no_transition_indicated,no,yes,40.00,,40,219492,256177,yes,217512,217512,0,40.0,217512.0,yes,standardizable_combined_40h_equivalent,part_vii_and_schedule_j_verified,Return/ReturnData/IRS990/Form990PartVIISectionAGrp[12],Return/ReturnData/IRS990ScheduleJ/RltdOrgOfficerTrstKeyEmplGrp[12],SRC-990-EXT-NEW-AMERICA,11,11,paulbutler,paulbutler,false,benchmark/sources/native/form990/202513109349304131_public.xml
SRC-990-EXT-NEW-AMERICA,New America,SRC-990-EXT-NEW-AMERICA::paulbutler,PAUL BUTLER,PRESIDENT & CTO,non_ceo_position,functional,no_transition_indicated,no,yes,40.00,,40,438951,488097,yes,401944,401944,0,40.0,401944.0,yes,standardizable_combined_40h_equivalent,part_vii_and_schedule_j_verified,Return/ReturnData/IRS990/Form990PartVIISectionAGrp[2],Return/ReturnData/IRS990ScheduleJ/RltdOrgOfficerTrstKeyEmplGrp[2],SRC-990-EXT-NEW-AMERICA,1,1,paulbutler,paulbutler,false,benchmark/sources/native/form990/202513109349304131_public.xml
SRC-990-EXT-NEW-AMERICA,New America,SRC-990-EXT-NEW-AMERICA::peterbergen,PETER BERGEN,VP. GLOBAL STUDIES & FELLOWS,non_ceo_position,functional,no_transition_indicated,no,yes,40.00,,40,293962,363057,yes,283085,283085,0,40.0,283085.0,yes,standardizable_combined_40h_equivalent,part_vii_and_schedule_j_verified,Return/ReturnData/IRS990/Form990PartVIISectionAGrp[4],Return/ReturnData/IRS990ScheduleJ/RltdOrgOfficerTrstKeyEmplGrp[4],SRC-990-EXT-NEW-AMERICA,4,4,paulbutler,paulbutler,false,benchmark/sources/native/form990/202513109349304131_public.xml
SRC-990-EXT-NEW-AMERICA,New America,SRC-990-EXT-NEW-AMERICA::petersinger,PETER SINGER,SENIOR FELLOW & STRATEGIST,non_ceo_position,functional,no_transition_indicated,no,yes,40.00,,40,224976,251955,yes,224286,224286,0,40.0,224286.0,yes,standardizable_combined_40h_equivalent,part_vii_and_schedule_j_verified,Return/ReturnData/IRS990/Form990PartVIISectionAGrp[13],Return/ReturnData/IRS990ScheduleJ/RltdOrgOfficerTrstKeyEmplGrp[13],SRC-990-EXT-NEW-AMERICA,9,9,paulbutler,paulbutler,false,benchmark/sources/native/form990/202513109349304131_public.xml
SRC-990-EXT-NEW-AMERICA,New America,SRC-990-EXT-NEW-AMERICA::shaenalglier,SHAENA L GLIER,SENIOR DIRECTOR OF FINANCE,non_ceo_position,functional,no_transition_indicated,no,yes,40.00,,40,226596,262240,yes,219747,219747,0,40.0,219747.0,yes,standardizable_combined_40h_equivalent,part_vii_and_schedule_j_verified,Return/ReturnData/IRS990/Form990PartVIISectionAGrp[9],Return/ReturnData/IRS990ScheduleJ/RltdOrgOfficerTrstKeyEmplGrp[9],SRC-990-EXT-NEW-AMERICA,10,10,paulbutler,paulbutler,false,benchmark/sources/native/form990/202513109349304131_public.xml
SRC-990-EXT-NEW-AMERICA,New America,SRC-990-EXT-NEW-AMERICA::taramcguinness,TARA MCGUINNESS,"SENIOR DIRECTOR, NEW PRACTICE LAB",non_ceo_position,functional,no_transition_indicated,no,yes,40.00,,40,246048,272002,yes,245598,245598,0,40.0,245598.0,yes,standardizable_combined_40h_equivalent,part_vii_and_schedule_j_verified,Return/ReturnData/IRS990/Form990PartVIISectionAGrp[8],Return/ReturnData/IRS990ScheduleJ/RltdOrgOfficerTrstKeyEmplGrp[8],SRC-990-EXT-NEW-AMERICA,6,6,paulbutler,paulbutler,false,benchmark/sources/native/form990/202513109349304131_public.xml
SRC-990-EXT-NEW-AMERICA,New America,SRC-990-EXT-NEW-AMERICA::theodorerjohnson,THEODORE R JOHNSON,SENIOR ADVISOR,unmapped_position,uncertain,no_transition_indicated,no,yes,40.00,,40,228174,256427,yes,227724,227724,0,,,no,not_fte_candidate,part_vii_and_schedule_j_verified,Return/ReturnData/IRS990/Form990PartVIISectionAGrp[11],Return/ReturnData/IRS990ScheduleJ/RltdOrgOfficerTrstKeyEmplGrp[11],SRC-990-EXT-NEW-AMERICA,,,paulbutler,paulbutler,false,benchmark/sources/native/form990/202513109349304131_public.xml
SRC-990-EXT-NEW-ROOTS-INSTITUTE,New Roots Institute,SRC-990-EXT-NEW-ROOTS-INSTITUTE::jessetandlermanaging,Jesse Tandler Managing,Managing Director,non_ceo_position,functional,no_transition_indicated,no,yes,40.00,0.00,40,83901,95277,no,,,,,,no,not_fte_candidate,part_vii_verified_no_schedule_j,Return/ReturnData/IRS990/Form990PartVIISectionAGrp[2],,,,,,,,benchmark/sources/native/form990/202523519349301637_public.xml
SRC-990-EXT-NISKANEN-CENTER,Niskanen Center,SRC-990-EXT-NISKANEN-CENTER::charlessdayton,CHARLES S DAYTON,DIR OF GOVERNANCE,non_ceo_position,functional,no_transition_indicated,no,yes,40.00,,40,177500,195934,yes,177000,177000,0,40.0,177000.0,yes,standardizable_combined_40h_equivalent,part_vii_and_schedule_j_verified,Return/ReturnData/IRS990/Form990PartVIISectionAGrp[17],Return/ReturnData/IRS990ScheduleJ/RltdOrgOfficerTrstKeyEmplGrp[6],SRC-990-EXT-NISKANEN-CENTER,4,4,kristendepena,kristendepena,false,benchmark/sources/native/form990/202523179349301947_public.xml
SRC-990-EXT-NISKANEN-CENTER,Niskanen Center,SRC-990-EXT-NISKANEN-CENTER::coreyschrodt,COREY SCHRODT,DIR GOVERNMENT AFFAIRS,non_ceo_position,functional,no_transition_indicated,no,yes,40.00,,40,165488,180686,yes,154988,154988,0,40.0,154988.0,yes,standardizable_combined_40h_equivalent,part_vii_and_schedule_j_verified,Return/ReturnData/IRS990/Form990PartVIISectionAGrp[18],Return/ReturnData/IRS990ScheduleJ/RltdOrgOfficerTrstKeyEmplGrp[8],SRC-990-EXT-NISKANEN-CENTER,9,9,kristendepena,kristendepena,false,benchmark/sources/native/form990/202523179349301947_public.xml
SRC-990-EXT-NISKANEN-CENTER,Niskanen Center,SRC-990-EXT-NISKANEN-CENTER::davidosborne,DAVID OSBORNE,VP DEVELOPMENT,non_ceo_position,functional,no_transition_indicated,no,yes,40.00,,40,192603,206908,yes,147080,147080,0,40.0,147080.0,yes,standardizable_combined_40h_equivalent,part_vii_and_schedule_j_verified,Return/ReturnData/IRS990/Form990PartVIISectionAGrp[12],Return/ReturnData/IRS990ScheduleJ/RltdOrgOfficerTrstKeyEmplGrp[5],SRC-990-EXT-NISKANEN-CENTER,11,11,kristendepena,kristendepena,false,benchmark/sources/native/form990/202523179349301947_public.xml
SRC-990-EXT-NISKANEN-CENTER,Niskanen Center,SRC-990-EXT-NISKANEN-CENTER::gregorynewburn,GREGORY NEWBURN,DIR CRIMINAL JUSTICE,non_ceo_position,functional,no_transition_indicated,no,yes,40.00,,40,156036,172540,yes,156036,156036,0,40.0,156036.0,yes,standardizable_combined_40h_equivalent,part_vii_and_schedule_j_verified,Return/ReturnData/IRS990/Form990PartVIISectionAGrp[16],Return/ReturnData/IRS990ScheduleJ/RltdOrgOfficerTrstKeyEmplGrp[10],SRC-990-EXT-NISKANEN-CENTER,8,8,kristendepena,kristendepena,false,benchmark/sources/native/form990/202523179349301947_public.xml
SRC-990-EXT-NISKANEN-CENTER,Niskanen Center,SRC-990-EXT-NISKANEN-CENTER::josephcoon,JOSEPH COON,EXECUTIVE VICE PRESIDENT,non_ceo_position,functional,no_transition_indicated,no,yes,40.00,,40,260538,272135,yes,260038,260038,0,40.0,260038.0,yes,standardizable_combined_40h_equivalent,part_vii_and_schedule_j_verified,Return/ReturnData/IRS990/Form990PartVIISectionAGrp[9],Return/ReturnData/IRS990ScheduleJ/RltdOrgOfficerTrstKeyEmplGrp[3],SRC-990-EXT-NISKANEN-CENTER,2,2,kristendepena,kristendepena,false,benchmark/sources/native/form990/202523179349301947_public.xml
SRC-990-EXT-NISKANEN-CENTER,Niskanen Center,SRC-990-EXT-NISKANEN-CENTER::joshuamccabe,JOSHUA MCCABE,DIRECTOR OF SOCIAL POLICY,non_ceo_position,functional,no_transition_indicated,no,yes,40.00,,40,153750,159819,yes,153750,153750,0,40.0,153750.0,yes,standardizable_combined_40h_equivalent,part_vii_and_schedule_j_verified,Return/ReturnData/IRS990/Form990PartVIISectionAGrp[15],Return/ReturnData/IRS990ScheduleJ/RltdOrgOfficerTrstKeyEmplGrp[12],SRC-990-EXT-NISKANEN-CENTER,10,10,kristendepena,kristendepena,false,benchmark/sources/native/form990/202523179349301947_public.xml
SRC-990-EXT-NISKANEN-CENTER,Niskanen Center,SRC-990-EXT-NISKANEN-CENTER::kodiakhilldavis,KODIAK HILL-DAVIS,SENIOR VP GOVT AFFAIRS,non_ceo_position,functional,no_transition_indicated,no,yes,40.00,,40,227688,245964,yes,227188,227188,0,40.0,227188.0,yes,standardizable_combined_40h_equivalent,part_vii_and_schedule_j_verified,Return/ReturnData/IRS990/Form990PartVIISectionAGrp[14],Return/ReturnData/IRS990ScheduleJ/RltdOrgOfficerTrstKeyEmplGrp[4],SRC-990-EXT-NISKANEN-CENTER,3,3,kristendepena,kristendepena,false,benchmark/sources/native/form990/202523179349301947_public.xml
SRC-990-EXT-NISKANEN-CENTER,Niskanen Center,SRC-990-EXT-NISKANEN-CENTER::kristendepena,KRISTEN DE PENA,VP FOR POLICY,non_ceo_position,functional,no_transition_indicated,no,yes,40.00,,40,266307,276973,yes,265807,265807,0,40.0,265807.0,yes,standardizable_combined_40h_equivalent,part_vii_and_schedule_j_verified,Return/ReturnData/IRS990/Form990PartVIISectionAGrp[11],Return/ReturnData/IRS990ScheduleJ/RltdOrgOfficerTrstKeyEmplGrp[2],SRC-990-EXT-NISKANEN-CENTER,1,1,kristendepena,kristendepena,false,benchmark/sources/native/form990/202523179349301947_public.xml
SRC-990-EXT-NISKANEN-CENTER,Niskanen Center,SRC-990-EXT-NISKANEN-CENTER::kristenseals,KRISTEN SEALS,DIR OF HUMAN RESOURCES,non_ceo_position,functional,no_transition_indicated,no,yes,40.00,,40,157083,171488,yes,157083,157083,0,40.0,157083.0,yes,standardizable_combined_40h_equivalent,part_vii_and_schedule_j_verified,Return/ReturnData/IRS990/Form990PartVIISectionAGrp[20],Return/ReturnData/IRS990ScheduleJ/RltdOrgOfficerTrstKeyEmplGrp[11],SRC-990-EXT-NISKANEN-CENTER,6,6,kristendepena,kristendepena,false,benchmark/sources/native/form990/202523179349301947_public.xml
SRC-990-EXT-NISKANEN-CENTER,Niskanen Center,SRC-990-EXT-NISKANEN-CENTER::louisatavlas,LOUISA TAVLAS,VP OF COMMUNICATIONS,non_ceo_position,functional,no_transition_indicated,no,yes,40.00,,40,176441,189345,yes,175941,175941,0,40.0,175941.0,yes,standardizable_combined_40h_equivalent,part_vii_and_schedule_j_verified,Return/ReturnData/IRS990/Form990PartVIISectionAGrp[13],Return/ReturnData/IRS990ScheduleJ/RltdOrgOfficerTrstKeyEmplGrp[7],SRC-990-EXT-NISKANEN-CENTER,5,5,kristendepena,kristendepena,false,benchmark/sources/native/form990/202523179349301947_public.xml
SRC-990-EXT-NISKANEN-CENTER,Niskanen Center,SRC-990-EXT-NISKANEN-CENTER::matthewlacorte,MATTHEW LA CORTE,DEPUTY DIR OF IMMIGRATION,non_ceo_position,functional,no_transition_indicated,no,yes,40.00,,40,143500,156465,yes,143000,143000,0,40.0,143000.0,yes,standardizable_combined_40h_equivalent,part_vii_and_schedule_j_verified,Return/ReturnData/IRS990/Form990PartVIISectionAGrp[19],Return/ReturnData/IRS990ScheduleJ/RltdOrgOfficerTrstKeyEmplGrp[13],SRC-990-EXT-NISKANEN-CENTER,12,12,kristendepena,kristendepena,false,benchmark/sources/native/form990/202523179349301947_public.xml
SRC-990-EXT-NISKANEN-CENTER,Niskanen Center,SRC-990-EXT-NISKANEN-CENTER::zacharynorris,ZACHARY NORRIS,SENIOR ATTORNEY,non_ceo_position,functional,no_transition_indicated,no,yes,40.00,,40,156776,174283,yes,156276,156276,0,40.0,156276.0,yes,standardizable_combined_40h_equivalent,part_vii_and_schedule_j_verified,Return/ReturnData/IRS990/Form990PartVIISectionAGrp[21],Return/ReturnData/IRS990ScheduleJ/RltdOrgOfficerTrstKeyEmplGrp[9],SRC-990-EXT-NISKANEN-CENTER,7,7,kristendepena,kristendepena,false,benchmark/sources/native/form990/202523179349301947_public.xml
SRC-990-EXT3-NUCLEAR-INNOVATION-ALLIANCE,Nuclear Innovation Alliance,SRC-990-EXT3-NUCLEAR-INNOVATION-ALLIANCE::brittanylutz,BRITTANY LUTZ,PROGRAM MANAGER,non_ceo_position,functional,no_transition_indicated,no,yes,40.00,,40,139877,150706,yes,139877,139877,0,40.0,139877.0,yes,standardizable_combined_40h_equivalent,part_vii_and_schedule_j_verified,Return/ReturnData/IRS990/Form990PartVIISectionAGrp[10],Return/ReturnData/IRS990ScheduleJ/RltdOrgOfficerTrstKeyEmplGrp[2],SRC-990-EXT3-NUCLEAR-INNOVATION-ALLIANCE,1,1,brittanylutz,brittanylutz,false,benchmark/sources/native/form990/202621339349301817_public.xml
SRC-990-EXT3-NUCLEAR-INNOVATION-ALLIANCE,Nuclear Innovation Alliance,SRC-990-EXT3-NUCLEAR-INNOVATION-ALLIANCE::erikcothron,ERIK COTHRON,"MANAGER, REASEARCH AND STRATEGY",non_ceo_position,functional,no_transition_indicated,no,yes,40.00,,40,121742,136921,no,,,,,,no,not_fte_candidate,part_vii_verified_no_schedule_j,Return/ReturnData/IRS990/Form990PartVIISectionAGrp[12],,SRC-990-EXT3-NUCLEAR-INNOVATION-ALLIANCE,,,brittanylutz,brittanylutz,false,benchmark/sources/native/form990/202621339349301817_public.xml
SRC-990-EXT3-NUCLEAR-INNOVATION-ALLIANCE,Nuclear Innovation Alliance,SRC-990-EXT3-NUCLEAR-INNOVATION-ALLIANCE::jamesrichards,JAMES RICHARDS,"MANAGER, ECONOMICS AND PROJECT DEVELOPMENT",non_ceo_position,functional,no_transition_indicated,no,yes,40.00,,40,135559,145947,no,,,,,,no,not_fte_candidate,part_vii_verified_no_schedule_j,Return/ReturnData/IRS990/Form990PartVIISectionAGrp[11],,SRC-990-EXT3-NUCLEAR-INNOVATION-ALLIANCE,,,brittanylutz,brittanylutz,false,benchmark/sources/native/form990/202621339349301817_public.xml
SRC-990-EXT-NUCLEAR-THREAT-INITIATIVE,Nuclear Threat Initiative,SRC-990-EXT-NUCLEAR-THREAT-INITIATIVE::amyhargrett,Amy Hargrett,"Chief Financial Officer, Treasurer, and VP",non_ceo_position,functional,no_transition_indicated,no,yes,45,0,45,308982,387066,yes,303982,303982,0,45.0,270206.22,yes,standardizable_combined_40h_equivalent,part_vii_and_schedule_j_verified,Return/ReturnData/IRS990/Form990PartVIISectionAGrp[5],Return/ReturnData/IRS990ScheduleJ/RltdOrgOfficerTrstKeyEmplGrp[5],,,,,,,benchmark/sources/native/form990/202522119349301667_public.xml
SRC-990-EXT-NUCLEAR-THREAT-INITIATIVE,Nuclear Threat Initiative,SRC-990-EXT-NUCLEAR-THREAT-INITIATIVE::carmenmacdougall,Carmen MacDougall,Senior Vice President,non_ceo_position,functional,no_transition_indicated,no,yes,45,0,45,317660,403038,yes,312660,312660,0,45.0,277920.0,yes,standardizable_combined_40h_equivalent,part_vii_and_schedule_j_verified,Return/ReturnData/IRS990/Form990PartVIISectionAGrp[4],Return/ReturnData/IRS990ScheduleJ/RltdOrgOfficerTrstKeyEmplGrp[4],,,,,,,benchmark/sources/native/form990/202522119349301667_public.xml
SRC-990-EXT-NUCLEAR-THREAT-INITIATIVE,Nuclear Threat Initiative,SRC-990-EXT-NUCLEAR-THREAT-INITIATIVE::catherinegwin,Catherine Gwin,"Sr Director, Communications",non_ceo_position,functional,no_transition_indicated,no,yes,40,0,40,197714,269528,yes,194714,194714,0,40.0,194714.0,yes,standardizable_combined_40h_equivalent,part_vii_and_schedule_j_verified,Return/ReturnData/IRS990/Form990PartVIISectionAGrp[9],Return/ReturnData/IRS990ScheduleJ/RltdOrgOfficerTrstKeyEmplGrp[9],,,,,,,benchmark/sources/native/form990/202522119349301667_public.xml
SRC-990-EXT-NUCLEAR-THREAT-INITIATIVE,Nuclear Threat Initiative,SRC-990-EXT-NUCLEAR-THREAT-INITIATIVE::desmondbrowne,Desmond Browne,"Vice Chairman, Board of Directors",unmapped_position,uncertain,no_transition_indicated,no,no,4,0,4,61179,61179,no,,,,,,no,not_fte_candidate,part_vii_verified_no_schedule_j,Return/ReturnData/IRS990/Form990PartVIISectionAGrp[17],,,,,,,,benchmark/sources/native/form990/202522119349301667_public.xml
SRC-990-EXT-NUCLEAR-THREAT-INITIATIVE,Nuclear Threat Initiative,SRC-990-EXT-NUCLEAR-THREAT-INITIATIVE::ericbrewer,Eric Brewer,"Deputy VP, Nuclear Materials Security",non_ceo_position,functional,no_transition_indicated,no,yes,40,0,40,191418,213331,yes,189918,189918,0,40.0,189918.0,yes,standardizable_combined_40h_equivalent,part_vii_and_schedule_j_verified,Return/ReturnData/IRS990/Form990PartVIISectionAGrp[13],Return/ReturnData/IRS990ScheduleJ/RltdOrgOfficerTrstKeyEmplGrp[13],,,,,,,benchmark/sources/native/form990/202522119349301667_public.xml
SRC-990-EXT-NUCLEAR-THREAT-INITIATIVE,Nuclear Threat Initiative,SRC-990-EXT-NUCLEAR-THREAT-INITIATIVE::hayleyseverance,Hayley Severance,"Deputy VP, Global Biological Policy and Programs",non_ceo_position,functional,no_transition_indicated,no,yes,40,0,40,211888,257207,yes,211888,211888,0,40.0,211888.0,yes,standardizable_combined_40h_equivalent,part_vii_and_schedule_j_verified,Return/ReturnData/IRS990/Form990PartVIISectionAGrp[10],Return/ReturnData/IRS990ScheduleJ/RltdOrgOfficerTrstKeyEmplGrp[10],,,,,,,benchmark/sources/native/form990/202522119349301667_public.xml
SRC-990-EXT-NUCLEAR-THREAT-INITIATIVE,Nuclear Threat Initiative,SRC-990-EXT-NUCLEAR-THREAT-INITIATIVE::hughsullivan,Hugh Sullivan,"VP, Development",non_ceo_position,functional,no_transition_indicated,no,yes,40,0,40,112870,140668,yes,112870,112870,0,40.0,112870.0,yes,standardizable_combined_40h_equivalent,part_vii_and_schedule_j_verified,Return/ReturnData/IRS990/Form990PartVIISectionAGrp[15],Return/ReturnData/IRS990ScheduleJ/RltdOrgOfficerTrstKeyEmplGrp[15],,,,,,,benchmark/sources/native/form990/202522119349301667_public.xml
SRC-990-EXT-NUCLEAR-THREAT-INITIATIVE,Nuclear Threat Initiative,SRC-990-EXT-NUCLEAR-THREAT-INITIATIVE::jaimeyassif,Jaime Yassif,"VP, Global Biological Policy and Programs",non_ceo_position,functional,no_transition_indicated,no,yes,40,0,40,288405,333402,yes,278405,278405,0,40.0,278405.0,yes,standardizable_combined_40h_equivalent,part_vii_and_schedule_j_verified,Return/ReturnData/IRS990/Form990PartVIISectionAGrp[6],Return/ReturnData/IRS990ScheduleJ/RltdOrgOfficerTrstKeyEmplGrp[6],,,,,,,benchmark/sources/native/form990/202522119349301667_public.xml
SRC-990-EXT-NUCLEAR-THREAT-INITIATIVE,Nuclear Threat Initiative,SRC-990-EXT-NUCLEAR-THREAT-INITIATIVE::jessicabell,Jessica Bell,"Sr Director, Global Biological Policy and Programs",non_ceo_position,functional,no_transition_indicated,no,yes,40,0,40,187384,219631,yes,187384,187384,0,40.0,187384.0,yes,standardizable_combined_40h_equivalent,part_vii_and_schedule_j_verified,Return/ReturnData/IRS990/Form990PartVIISectionAGrp[12],Return/ReturnData/IRS990ScheduleJ/RltdOrgOfficerTrstKeyEmplGrp[12],,,,,,,benchmark/sources/native/form990/202522119349301667_public.xml
SRC-990-EXT-NUCLEAR-THREAT-INITIATIVE,Nuclear Threat Initiative,SRC-990-EXT-NUCLEAR-THREAT-INITIATIVE::joanrohlfing,Joan Rohlfing,"President and COO, Board of Directors",non_ceo_position,functional,no_transition_indicated,no,yes,45,0,45,457312,556797,yes,447312,447312,0,45.0,397610.67,yes,standardizable_combined_40h_equivalent,part_vii_and_schedule_j_verified,Return/ReturnData/IRS990/Form990PartVIISectionAGrp[1],Return/ReturnData/IRS990ScheduleJ/RltdOrgOfficerTrstKeyEmplGrp[1],,,,,,,benchmark/sources/native/form990/202522119349301667_public.xml
SRC-990-EXT-NUCLEAR-THREAT-INITIATIVE,Nuclear Threat Initiative,SRC-990-EXT-NUCLEAR-THREAT-INITIATIVE::lynnrusten,Lynn Rusten,"VP, Global Nuclear Policy Program",non_ceo_position,functional,no_transition_indicated,no,yes,40,0,40,476544,530673,yes,271044,271044,0,40.0,271044.0,yes,standardizable_combined_40h_equivalent,part_vii_and_schedule_j_verified,Return/ReturnData/IRS990/Form990PartVIISectionAGrp[2],Return/ReturnData/IRS990ScheduleJ/RltdOrgOfficerTrstKeyEmplGrp[2],,,,,,,benchmark/sources/native/form990/202522119349301667_public.xml
SRC-990-EXT-NUCLEAR-THREAT-INITIATIVE,Nuclear Threat Initiative,SRC-990-EXT-NUCLEAR-THREAT-INITIATIVE::margarethall,Margaret Hall,"VP, Communications",non_ceo_position,functional,no_transition_indicated,no,yes,40,0,40,220946,301256,yes,218946,218946,0,40.0,218946.0,yes,standardizable_combined_40h_equivalent,part_vii_and_schedule_j_verified,Return/ReturnData/IRS990/Form990PartVIISectionAGrp[8],Return/ReturnData/IRS990ScheduleJ/RltdOrgOfficerTrstKeyEmplGrp[8],,,,,,,benchmark/sources/native/form990/202522119349301667_public.xml
SRC-990-EXT-NUCLEAR-THREAT-INITIATIVE,Nuclear Threat Initiative,SRC-990-EXT-NUCLEAR-THREAT-INITIATIVE::margaretknudson,Margaret Knudson,"VP, Development",non_ceo_position,functional,no_transition_indicated,no,yes,40,0,40,15567,22143,no,,,,,,no,not_fte_candidate,part_vii_verified_no_schedule_j,Return/ReturnData/IRS990/Form990PartVIISectionAGrp[18],,,,,,,,benchmark/sources/native/form990/202522119349301667_public.xml
SRC-990-EXT-NUCLEAR-THREAT-INITIATIVE,Nuclear Threat Initiative,SRC-990-EXT-NUCLEAR-THREAT-INITIATIVE::pagestoutland,Page Stoutland,Consultant,unmapped_position,uncertain,partial_or_uncertain,yes,yes,40,0,40,126575,126575,yes,126575,126575,0,,,no,not_fte_candidate,part_vii_and_schedule_j_verified,Return/ReturnData/IRS990/Form990PartVIISectionAGrp[16],Return/ReturnData/IRS990ScheduleJ/RltdOrgOfficerTrstKeyEmplGrp[16],,,,,,,benchmark/sources/native/form990/202522119349301667_public.xml
SRC-990-EXT-NUCLEAR-THREAT-INITIATIVE,Nuclear Threat Initiative,SRC-990-EXT-NUCLEAR-THREAT-INITIATIVE::samnunn,Sam Nunn,"Strategic Advisor and Co-Chair, Board of Directors",non_ceo_position,governance,no_transition_indicated,no,no,10,0,10,178747,178747,yes,178747,178747,0,,,no,not_fte_candidate,part_vii_and_schedule_j_verified,Return/ReturnData/IRS990/Form990PartVIISectionAGrp[14],Return/ReturnData/IRS990ScheduleJ/RltdOrgOfficerTrstKeyEmplGrp[14],,,,,,,benchmark/sources/native/form990/202522119349301667_public.xml
SRC-990-EXT-NUCLEAR-THREAT-INITIATIVE,Nuclear Threat Initiative,SRC-990-EXT-NUCLEAR-THREAT-INITIATIVE::samanthaneakrase,Samantha Neakrase,"Sr Director, Strategic Initiatives",non_ceo_position,functional,no_transition_indicated,no,yes,40,0,40,206199,243545,yes,206199,206199,0,40.0,206199.0,yes,standardizable_combined_40h_equivalent,part_vii_and_schedule_j_verified,Return/ReturnData/IRS990/Form990PartVIISectionAGrp[11],Return/ReturnData/IRS990ScheduleJ/RltdOrgOfficerTrstKeyEmplGrp[11],,,,,,,benchmark/sources/native/form990/202522119349301667_public.xml
SRC-990-EXT-NUCLEAR-THREAT-INITIATIVE,Nuclear Threat Initiative,SRC-990-EXT-NUCLEAR-THREAT-INITIATIVE::scottroecker,Scott Roecker,"VP, Nuclear Materials Security",non_ceo_position,functional,no_transition_indicated,no,yes,40,0,40,263271,333153,yes,263271,263271,0,40.0,263271.0,yes,standardizable_combined_40h_equivalent,part_vii_and_schedule_j_verified,Return/ReturnData/IRS990/Form990PartVIISectionAGrp[7],Return/ReturnData/IRS990ScheduleJ/RltdOrgOfficerTrstKeyEmplGrp[7],,,,,,,benchmark/sources/native/form990/202522119349301667_public.xml
SRC-990-EXT-NUMFOCUS,NumFOCUS,SRC-990-EXT-NUMFOCUS::nicolefoster,Nicole Foster,Director of Operations,non_ceo_position,functional,no_transition_indicated,no,yes,40,,40,102928,117280,no,,,,,,no,not_fte_candidate,part_vii_verified_no_schedule_j,Return/ReturnData/IRS990/Form990PartVIISectionAGrp[9],,,,,,,,benchmark/sources/native/form990/202512979349301136_public.xml
SRC-990-EXT-NUMFOCUS,NumFOCUS,SRC-990-EXT-NUMFOCUS::nolanfortman,Nolan Fortman,Director of Business Development,non_ceo_position,functional,no_transition_indicated,no,yes,40,,40,109210,115544,no,,,,,,no,not_fte_candidate,part_vii_verified_no_schedule_j,Return/ReturnData/IRS990/Form990PartVIISectionAGrp[8],,,,,,,,benchmark/sources/native/form990/202512979349301136_public.xml
SRC-990-EXT-ORCID,ORCID,SRC-990-EXT-ORCID::georgenash,GEORGE NASH,TECH LEAD (FOREIGN EMPLOYEE),non_ceo_position,functional,no_transition_indicated,no,yes,40.00,,40,114634,119136,no,,,,,,no,not_fte_candidate,part_vii_verified_no_schedule_j,Return/ReturnData/IRS990/Form990PartVIISectionAGrp[26],,SRC-990-EXT-ORCID,,,thomastepperjr,thomastepperjr,false,benchmark/sources/native/form990/202501769349301020_public.xml
SRC-990-EXT-ORCID,ORCID,SRC-990-EXT-ORCID::juliepetro,JULIE PETRO,DIR. OF COMMUNICATIONS,non_ceo_position,functional,no_transition_indicated,no,yes,40.00,,40,125520,143937,no,,,,,,no,not_fte_candidate,part_vii_verified_no_schedule_j,Return/ReturnData/IRS990/Form990PartVIISectionAGrp[24],,SRC-990-EXT-ORCID,,,thomastepperjr,thomastepperjr,false,benchmark/sources/native/form990/202501769349301020_public.xml
SRC-990-EXT-ORCID,ORCID,SRC-990-EXT-ORCID::stephanieharley,STEPHANIE HARLEY,SECRETARY,unmapped_position,uncertain,no_transition_indicated,no,yes,40.00,,40,101828,119343,no,,,,,,no,not_fte_candidate,part_vii_verified_no_schedule_j,Return/ReturnData/IRS990/Form990PartVIISectionAGrp[22],,SRC-990-EXT-ORCID,,,thomastepperjr,thomastepperjr,false,benchmark/sources/native/form990/202501769349301020_public.xml
SRC-990-EXT-ORCID,ORCID,SRC-990-EXT-ORCID::thomastepperjr,THOMAS TEPPER JR,DIR. OF FINANCE & OPERATIONS,non_ceo_position,functional,no_transition_indicated,no,yes,30.00,,30,98827,150523,yes,98827,98827,0,30.0,131769.33,yes,standardizable_combined_40h_equivalent,part_vii_and_schedule_j_verified,Return/ReturnData/IRS990/Form990PartVIISectionAGrp[21],Return/ReturnData/IRS990ScheduleJ/RltdOrgOfficerTrstKeyEmplGrp[2],SRC-990-EXT-ORCID,1,1,thomastepperjr,thomastepperjr,false,benchmark/sources/native/form990/202501769349301020_public.xml
SRC-990-EXT-ORCID,ORCID,SRC-990-EXT-ORCID::tomdemeranville,TOM DEMERANVILLE,DIR. OF PROD. (FOREIGN EE),non_ceo_position,functional,no_transition_indicated,no,yes,40.00,,40,124609,129515,no,,,,,,no,not_fte_candidate,part_vii_verified_no_schedule_j,Return/ReturnData/IRS990/Form990PartVIISectionAGrp[25],,SRC-990-EXT-ORCID,,,thomastepperjr,thomastepperjr,false,benchmark/sources/native/form990/202501769349301020_public.xml
SRC-990-EXT-ORCID,ORCID,SRC-990-EXT-ORCID::willsimpson,WILL SIMPSON,DIR. OF TECH. (FOREIGN EMPLOYEE),non_ceo_position,functional,no_transition_indicated,no,yes,40.00,,40,139527,144890,no,,,,,,no,not_fte_candidate,part_vii_verified_no_schedule_j,Return/ReturnData/IRS990/Form990PartVIISectionAGrp[23],,SRC-990-EXT-ORCID,,,thomastepperjr,thomastepperjr,false,benchmark/sources/native/form990/202501769349301020_public.xml
SRC-990-EXT-OPEN-MARKETS-INSTITUTE,Open Markets Institute,SRC-990-EXT-OPEN-MARKETS-INSTITUTE::ashleywhoolheater,ASHLEY WHOOLHEATER,COMMUNICATION DIRECTOR,non_ceo_position,functional,no_transition_indicated,no,yes,40.00,,40,153435,172268,yes,153435,153435,0,40.0,153435.0,yes,standardizable_combined_40h_equivalent,part_vii_and_schedule_j_verified,Return/ReturnData/IRS990/Form990PartVIISectionAGrp[10],Return/ReturnData/IRS990ScheduleJ/RltdOrgOfficerTrstKeyEmplGrp[6],SRC-990-EXT-OPEN-MARKETS-INSTITUTE,4,4,phillipjlongman,phillipjlongman,false,benchmark/sources/native/form990/202533209349300548_public.xml
SRC-990-EXT-OPEN-MARKETS-INSTITUTE,Open Markets Institute,SRC-990-EXT-OPEN-MARKETS-INSTITUTE::briancallaci,BRIAN CALLACI,CHIEF ECONOMIST,non_ceo_position,functional,no_transition_indicated,no,yes,40.00,,40,137754,180525,yes,137754,137754,0,40.0,137754.0,yes,standardizable_combined_40h_equivalent,part_vii_and_schedule_j_verified,Return/ReturnData/IRS990/Form990PartVIISectionAGrp[12],Return/ReturnData/IRS990ScheduleJ/RltdOrgOfficerTrstKeyEmplGrp[5],SRC-990-EXT-OPEN-MARKETS-INSTITUTE,6,6,phillipjlongman,phillipjlongman,false,benchmark/sources/native/form990/202533209349300548_public.xml
SRC-990-EXT-OPEN-MARKETS-INSTITUTE,Open Markets Institute,SRC-990-EXT-OPEN-MARKETS-INSTITUTE::courtneyradsch,COURTNEY RADSCH,"DIRECTOR, CENTER FOR JOURNALISM AND LIBERTY",non_ceo_position,functional,no_transition_indicated,no,yes,40.00,,40,183225,217277,yes,183225,183225,0,40.0,183225.0,yes,standardizable_combined_40h_equivalent,part_vii_and_schedule_j_verified,Return/ReturnData/IRS990/Form990PartVIISectionAGrp[11],Return/ReturnData/IRS990ScheduleJ/RltdOrgOfficerTrstKeyEmplGrp[3],SRC-990-EXT-OPEN-MARKETS-INSTITUTE,2,2,phillipjlongman,phillipjlongman,false,benchmark/sources/native/form990/202533209349300548_public.xml
SRC-990-EXT-OPEN-MARKETS-INSTITUTE,Open Markets Institute,SRC-990-EXT-OPEN-MARKETS-INSTITUTE::jessicabrown,JESSICA BROWN,DIRECTOR OF DEVELOPMENT,non_ceo_position,functional,no_transition_indicated,no,yes,40.00,,40,151318,164270,yes,151318,151318,0,40.0,151318.0,yes,standardizable_combined_40h_equivalent,part_vii_and_schedule_j_verified,Return/ReturnData/IRS990/Form990PartVIISectionAGrp[7],Return/ReturnData/IRS990ScheduleJ/RltdOrgOfficerTrstKeyEmplGrp[7],SRC-990-EXT-OPEN-MARKETS-INSTITUTE,5,5,phillipjlongman,phillipjlongman,false,benchmark/sources/native/form990/202533209349300548_public.xml
SRC-990-EXT-OPEN-MARKETS-INSTITUTE,Open Markets Institute,SRC-990-EXT-OPEN-MARKETS-INSTITUTE::phillipjlongman,PHILLIP J LONGMAN,POLICY DIRECTOR,non_ceo_position,functional,no_transition_indicated,no,yes,40.00,,40,183878,230174,yes,183878,183878,0,40.0,183878.0,yes,standardizable_combined_40h_equivalent,part_vii_and_schedule_j_verified,Return/ReturnData/IRS990/Form990PartVIISectionAGrp[8],Return/ReturnData/IRS990ScheduleJ/RltdOrgOfficerTrstKeyEmplGrp[1],SRC-990-EXT-OPEN-MARKETS-INSTITUTE,1,1,phillipjlongman,phillipjlongman,false,benchmark/sources/native/form990/202533209349300548_public.xml
SRC-990-EXT-OPEN-MARKETS-INSTITUTE,Open Markets Institute,SRC-990-EXT-OPEN-MARKETS-INSTITUTE::sandeepvaheesan,SANDEEP VAHEESAN,LEGAL DIRECTOR,non_ceo_position,functional,no_transition_indicated,no,yes,40.00,,40,175109,194402,yes,175109,175109,0,40.0,175109.0,yes,standardizable_combined_40h_equivalent,part_vii_and_schedule_j_verified,Return/ReturnData/IRS990/Form990PartVIISectionAGrp[9],Return/ReturnData/IRS990ScheduleJ/RltdOrgOfficerTrstKeyEmplGrp[4],SRC-990-EXT-OPEN-MARKETS-INSTITUTE,3,3,phillipjlongman,phillipjlongman,false,benchmark/sources/native/form990/202533209349300548_public.xml
SRC-990-EXT-OPEN-TECHNOLOGY-FUND,Open Technology Fund,SRC-990-EXT-OPEN-TECHNOLOGY-FUND::bryannunez,BRYAN NUNEZ,VP OF TECHNOLOGY,non_ceo_position,functional,no_transition_indicated,no,yes,40.00,,40,162127,214552,yes,161713,161713,0,40.0,161713.0,yes,standardizable_combined_40h_equivalent,part_vii_and_schedule_j_verified,Return/ReturnData/IRS990/Form990PartVIISectionAGrp[13],Return/ReturnData/IRS990ScheduleJ/RltdOrgOfficerTrstKeyEmplGrp[3],,,,,,,benchmark/sources/native/form990/202502249349302770_public.xml
SRC-990-EXT-OPEN-TECHNOLOGY-FUND,Open Technology Fund,SRC-990-EXT-OPEN-TECHNOLOGY-FUND::donaldanderson,DONALD ANDERSON,SECRETARY/GENERAL COUNSEL,non_ceo_position,functional,no_transition_indicated,no,yes,40.00,,40,157993,176701,yes,157813,157813,0,40.0,157813.0,yes,standardizable_combined_40h_equivalent,part_vii_and_schedule_j_verified,Return/ReturnData/IRS990/Form990PartVIISectionAGrp[11],Return/ReturnData/IRS990ScheduleJ/RltdOrgOfficerTrstKeyEmplGrp[5],,,,,,,benchmark/sources/native/form990/202502249349302770_public.xml
SRC-990-EXT-OPEN-TECHNOLOGY-FUND,Open Technology Fund,SRC-990-EXT-OPEN-TECHNOLOGY-FUND::garyroebuck,GARY ROEBUCK,CHIEF OPERATING OFFICER,non_ceo_position,functional,no_transition_indicated,no,yes,40.00,,40,139319,160644,yes,139116,139116,0,40.0,139116.0,yes,standardizable_combined_40h_equivalent,part_vii_and_schedule_j_verified,Return/ReturnData/IRS990/Form990PartVIISectionAGrp[14],Return/ReturnData/IRS990ScheduleJ/RltdOrgOfficerTrstKeyEmplGrp[7],,,,,,,benchmark/sources/native/form990/202502249349302770_public.xml
SRC-990-EXT-OPEN-TECHNOLOGY-FUND,Open Technology Fund,SRC-990-EXT-OPEN-TECHNOLOGY-FUND::latoyagary,LATOYA GARY,SENIOR ACCOUNTANT,non_ceo_position,functional,no_transition_indicated,no,yes,40.00,,40,114959,136131,no,,,,,,no,not_fte_candidate,part_vii_verified_no_schedule_j,Return/ReturnData/IRS990/Form990PartVIISectionAGrp[17],,,,,,,,benchmark/sources/native/form990/202502249349302770_public.xml
SRC-990-EXT-OPEN-TECHNOLOGY-FUND,Open Technology Fund,SRC-990-EXT-OPEN-TECHNOLOGY-FUND::linetmusuta,LINET MUSUTA,IT DIRECTOR,non_ceo_position,functional,no_transition_indicated,no,yes,40.00,,40,131162,137800,no,,,,,,no,not_fte_candidate,part_vii_verified_no_schedule_j,Return/ReturnData/IRS990/Form990PartVIISectionAGrp[16],,,,,,,,benchmark/sources/native/form990/202502249349302770_public.xml
SRC-990-EXT-OPEN-TECHNOLOGY-FUND,Open Technology Fund,SRC-990-EXT-OPEN-TECHNOLOGY-FUND::marylucas,MARY LUCAS,ASSOCIATE GENERAL COUNSEL,non_ceo_position,functional,no_transition_indicated,no,yes,40.00,,40,125652,167574,yes,122872,122872,0,40.0,122872.0,yes,standardizable_combined_40h_equivalent,part_vii_and_schedule_j_verified,Return/ReturnData/IRS990/Form990PartVIISectionAGrp[15],Return/ReturnData/IRS990ScheduleJ/RltdOrgOfficerTrstKeyEmplGrp[6],,,,,,,benchmark/sources/native/form990/202502249349302770_public.xml
SRC-990-EXT-OPEN-TECHNOLOGY-FUND,Open Technology Fund,SRC-990-EXT-OPEN-TECHNOLOGY-FUND::nathanielkretchun,NATHANIEL KRETCHUN,SVP PROGRAMS,non_ceo_position,functional,no_transition_indicated,no,yes,40.00,,40,191308,224302,yes,188628,188628,0,40.0,188628.0,yes,standardizable_combined_40h_equivalent,part_vii_and_schedule_j_verified,Return/ReturnData/IRS990/Form990PartVIISectionAGrp[12],Return/ReturnData/IRS990ScheduleJ/RltdOrgOfficerTrstKeyEmplGrp[2],,,,,,,benchmark/sources/native/form990/202502249349302770_public.xml
SRC-990-EXT-OPEN-TECHNOLOGY-FUND,Open Technology Fund,SRC-990-EXT-OPEN-TECHNOLOGY-FUND::tiffanycurrie,TIFFANY CURRIE,TREASURER/DIRECTOR OF FINANCE,non_ceo_position,functional,no_transition_indicated,no,yes,40.00,,40,168106,191768,yes,167926,167926,0,40.0,167926.0,yes,standardizable_combined_40h_equivalent,part_vii_and_schedule_j_verified,Return/ReturnData/IRS990/Form990PartVIISectionAGrp[10],Return/ReturnData/IRS990ScheduleJ/RltdOrgOfficerTrstKeyEmplGrp[4],,,,,,,benchmark/sources/native/form990/202502249349302770_public.xml
SRC-990-EXT-OPENSECRETS,OpenSecrets,SRC-990-EXT-OPENSECRETS::brendanglavin,Brendan Glavin,Director of Insights,non_ceo_position,functional,no_transition_indicated,no,yes,40.00,0.00,40,115127,132765,no,,,,,,no,not_fte_candidate,part_vii_verified_no_schedule_j,Return/ReturnData/IRS990/Form990PartVIISectionAGrp[4],,SRC-990-EXT-OPENSECRETS,,,jacobhileman,jacobhileman,false,benchmark/sources/native/form990/202631979349301803_public.xml
SRC-990-EXT-OPENSECRETS,OpenSecrets,SRC-990-EXT-OPENSECRETS::davidmeyers,David Meyers,Director of Editorial & Strategy,non_ceo_position,functional,no_transition_indicated,no,yes,40.00,0.00,40,125000,128487,no,,,,,,no,not_fte_candidate,part_vii_verified_no_schedule_j,Return/ReturnData/IRS990/Form990PartVIISectionAGrp[5],,SRC-990-EXT-OPENSECRETS,,,jacobhileman,jacobhileman,false,benchmark/sources/native/form990/202631979349301803_public.xml
SRC-990-EXT-OPENSECRETS,OpenSecrets,SRC-990-EXT-OPENSECRETS::jacobhileman,Jacob Hileman,IT Director,non_ceo_position,functional,no_transition_indicated,no,yes,40.00,0.00,40,155865,168002,yes,154865,154865,0,40.0,154865.0,yes,standardizable_combined_40h_equivalent,part_vii_and_schedule_j_verified,Return/ReturnData/IRS990/Form990PartVIISectionAGrp[2],Return/ReturnData/IRS990ScheduleJ/RltdOrgOfficerTrstKeyEmplGrp[2],SRC-990-EXT-OPENSECRETS,1,1,jacobhileman,jacobhileman,false,benchmark/sources/native/form990/202631979349301803_public.xml
SRC-990-EXT-OPENSECRETS,OpenSecrets,SRC-990-EXT-OPENSECRETS::victoriasorg,Victoria Sorg,Director of Revenue & Ext,non_ceo_position,functional,no_transition_indicated,no,yes,40.00,0.00,40,125436,152244,yes,124436,124436,0,40.0,124436.0,yes,standardizable_combined_40h_equivalent,part_vii_and_schedule_j_verified,Return/ReturnData/IRS990/Form990PartVIISectionAGrp[3],Return/ReturnData/IRS990ScheduleJ/RltdOrgOfficerTrstKeyEmplGrp[3],SRC-990-EXT-OPENSECRETS,2,2,jacobhileman,jacobhileman,false,benchmark/sources/native/form990/202631979349301803_public.xml
SRC-990-EXT-PEAK-GRANTMAKING,PEAK Grantmaking,SRC-990-EXT-PEAK-GRANTMAKING::betsyfreid,BETSY F REID,SENIOR COMMUNICATIONS DIRECTOR,non_ceo_position,functional,no_transition_indicated,no,yes,40.00,,40,175385,202285,yes,155471,155471,0,40.0,155471.0,yes,standardizable_combined_40h_equivalent,part_vii_and_schedule_j_verified,Return/ReturnData/IRS990/Form990PartVIISectionAGrp[26],Return/ReturnData/IRS990ScheduleJ/RltdOrgOfficerTrstKeyEmplGrp[3],SRC-990-EXT-PEAK-GRANTMAKING,2,2,doloresestrada,doloresestrada,false,benchmark/sources/native/form990/202511219349301641_public.xml
SRC-990-EXT-PEAK-GRANTMAKING,PEAK Grantmaking,SRC-990-EXT-PEAK-GRANTMAKING::carolynsosnowski,CAROLYN SOSNOWSKI,SENIOR OPERATIONS MANAGER,non_ceo_position,functional,no_transition_indicated,no,yes,40.00,,40,128709,129354,no,,,,,,no,not_fte_candidate,part_vii_verified_no_schedule_j,Return/ReturnData/IRS990/Form990PartVIISectionAGrp[30],,SRC-990-EXT-PEAK-GRANTMAKING,,,doloresestrada,doloresestrada,false,benchmark/sources/native/form990/202511219349301641_public.xml
SRC-990-EXT-PEAK-GRANTMAKING,PEAK Grantmaking,SRC-990-EXT-PEAK-GRANTMAKING::clarelarson,CLARE LARSON,SENIOR MEMBERSHIP MANAGER,non_ceo_position,functional,no_transition_indicated,no,yes,40.00,,40,131510,157803,yes,123080,123080,0,40.0,123080.0,yes,standardizable_combined_40h_equivalent,part_vii_and_schedule_j_verified,Return/ReturnData/IRS990/Form990PartVIISectionAGrp[28],Return/ReturnData/IRS990ScheduleJ/RltdOrgOfficerTrstKeyEmplGrp[6],SRC-990-EXT-PEAK-GRANTMAKING,5,5,doloresestrada,doloresestrada,false,benchmark/sources/native/form990/202511219349301641_public.xml
SRC-990-EXT-PEAK-GRANTMAKING,PEAK Grantmaking,SRC-990-EXT-PEAK-GRANTMAKING::doloresestrada,DOLORES ESTRADA,CHIEF OPERATING OFFICER,non_ceo_position,functional,no_transition_indicated,no,yes,40.00,,40,229524,247074,yes,229016,229016,0,40.0,229016.0,yes,standardizable_combined_40h_equivalent,part_vii_and_schedule_j_verified,Return/ReturnData/IRS990/Form990PartVIISectionAGrp[25],Return/ReturnData/IRS990ScheduleJ/RltdOrgOfficerTrstKeyEmplGrp[2],SRC-990-EXT-PEAK-GRANTMAKING,1,1,doloresestrada,doloresestrada,false,benchmark/sources/native/form990/202511219349301641_public.xml
SRC-990-EXT-PEAK-GRANTMAKING,PEAK Grantmaking,SRC-990-EXT-PEAK-GRANTMAKING::mariapardi,MARIA PARDI,KNOWLEDGE AND LEARNING DIRECTOR,non_ceo_position,functional,no_transition_indicated,no,yes,40.00,,40,143540,163431,yes,143101,143101,0,40.0,143101.0,yes,standardizable_combined_40h_equivalent,part_vii_and_schedule_j_verified,Return/ReturnData/IRS990/Form990PartVIISectionAGrp[27],Return/ReturnData/IRS990ScheduleJ/RltdOrgOfficerTrstKeyEmplGrp[5],SRC-990-EXT-PEAK-GRANTMAKING,4,4,doloresestrada,doloresestrada,false,benchmark/sources/native/form990/202511219349301641_public.xml
SRC-990-EXT-PEAK-GRANTMAKING,PEAK Grantmaking,SRC-990-EXT-PEAK-GRANTMAKING::sararichmansanders,SARA RICHMAN SANDERS,MEMBERSHIP DIRECTOR,non_ceo_position,functional,no_transition_indicated,no,yes,40.00,,40,160554,167174,yes,151925,151925,0,40.0,151925.0,yes,standardizable_combined_40h_equivalent,part_vii_and_schedule_j_verified,Return/ReturnData/IRS990/Form990PartVIISectionAGrp[29],Return/ReturnData/IRS990ScheduleJ/RltdOrgOfficerTrstKeyEmplGrp[4],SRC-990-EXT-PEAK-GRANTMAKING,3,3,doloresestrada,doloresestrada,false,benchmark/sources/native/form990/202511219349301641_public.xml
SRC-990-EXT-PARTNERSHIP-ON-AI,Partnership on AI,SRC-990-EXT-PARTNERSHIP-ON-AI::adamlittellschetky,ADAM LITTELL SCHETKY,EXECUTIVE ASSISTANT,unmapped_position,uncertain,no_transition_indicated,no,yes,40,,40,140584,146823,no,,,,,,no,not_fte_candidate,part_vii_verified_no_schedule_j,Return/ReturnData/IRS990/Form990PartVIISectionAGrp[18],,SRC-990-EXT-PARTNERSHIP-ON-AI,,,feleciawebb,feleciawebb,false,benchmark/sources/native/form990/202543219349322709_public.xml
SRC-990-EXT-PARTNERSHIP-ON-AI,Partnership on AI,SRC-990-EXT-PARTNERSHIP-ON-AI::aimeelouisesisonbataclan,AIMEE LOUISE SISON BATACLAN,HEAD OF COMMUNICATIONS,non_ceo_position,functional,no_transition_indicated,no,yes,40,,40,155416,179259,yes,155416,155416,0,40.0,155416.0,yes,standardizable_combined_40h_equivalent,part_vii_and_schedule_j_verified,Return/ReturnData/IRS990/Form990PartVIISectionAGrp[10],Return/ReturnData/IRS990ScheduleJ/RltdOrgOfficerTrstKeyEmplGrp[12],SRC-990-EXT-PARTNERSHIP-ON-AI,11,11,feleciawebb,feleciawebb,false,benchmark/sources/native/form990/202543219349322709_public.xml
SRC-990-EXT-PARTNERSHIP-ON-AI,Partnership on AI,SRC-990-EXT-PARTNERSHIP-ON-AI::caitlindally,CAITLIN DALLY,HEAD OF PARTNERSHIP ENGAGEMENT,non_ceo_position,functional,no_transition_indicated,no,yes,40,,40,171932,180263,yes,171932,171932,0,40.0,171932.0,yes,standardizable_combined_40h_equivalent,part_vii_and_schedule_j_verified,Return/ReturnData/IRS990/Form990PartVIISectionAGrp[9],Return/ReturnData/IRS990ScheduleJ/RltdOrgOfficerTrstKeyEmplGrp[8],SRC-990-EXT-PARTNERSHIP-ON-AI,7,7,feleciawebb,feleciawebb,false,benchmark/sources/native/form990/202543219349322709_public.xml
SRC-990-EXT-PARTNERSHIP-ON-AI,Partnership on AI,SRC-990-EXT-PARTNERSHIP-ON-AI::calvinphoon,CALVIN PHOON,CHIEF OPERATIONS & PEOPLE OFFICER,non_ceo_position,functional,no_transition_indicated,no,yes,40,,40,191818,201131,yes,191818,191818,0,40.0,191818.0,yes,standardizable_combined_40h_equivalent,part_vii_and_schedule_j_verified,Return/ReturnData/IRS990/Form990PartVIISectionAGrp[4],Return/ReturnData/IRS990ScheduleJ/RltdOrgOfficerTrstKeyEmplGrp[4],SRC-990-EXT-PARTNERSHIP-ON-AI,3,3,feleciawebb,feleciawebb,false,benchmark/sources/native/form990/202543219349322709_public.xml
SRC-990-EXT-PARTNERSHIP-ON-AI,Partnership on AI,SRC-990-EXT-PARTNERSHIP-ON-AI::christellevieulles,CHRISTELLE VIEULLES,OPERATIONAL FINANCE AND DEVELOPMENT MANAGER,non_ceo_position,functional,no_transition_indicated,no,yes,40,,40,143067,151438,no,,,,,,no,not_fte_candidate,part_vii_verified_no_schedule_j,Return/ReturnData/IRS990/Form990PartVIISectionAGrp[17],,SRC-990-EXT-PARTNERSHIP-ON-AI,,,feleciawebb,feleciawebb,false,benchmark/sources/native/form990/202543219349322709_public.xml
SRC-990-EXT-PARTNERSHIP-ON-AI,Partnership on AI,SRC-990-EXT-PARTNERSHIP-ON-AI::christianhcardona,CHRISTIAN H CARDONA,PROGRAM AND RESEARCH LEAD FOR AI,non_ceo_position,functional,no_transition_indicated,no,yes,40,,40,147802,174987,no,,,,,,no,not_fte_candidate,part_vii_verified_no_schedule_j,Return/ReturnData/IRS990/Form990PartVIISectionAGrp[11],,SRC-990-EXT-PARTNERSHIP-ON-AI,,,feleciawebb,feleciawebb,false,benchmark/sources/native/form990/202543219349322709_public.xml
SRC-990-EXT-PARTNERSHIP-ON-AI,Partnership on AI,SRC-990-EXT-PARTNERSHIP-ON-AI::claireleibowicz,CLAIRE LEIBOWICZ,HEAD OF AI AND MEDIA INTEGRITY,non_ceo_position,functional,no_transition_indicated,no,yes,40,,40,172816,183672,yes,172816,172816,0,40.0,172816.0,yes,standardizable_combined_40h_equivalent,part_vii_and_schedule_j_verified,Return/ReturnData/IRS990/Form990PartVIISectionAGrp[7],Return/ReturnData/IRS990ScheduleJ/RltdOrgOfficerTrstKeyEmplGrp[6],SRC-990-EXT-PARTNERSHIP-ON-AI,5,5,feleciawebb,feleciawebb,false,benchmark/sources/native/form990/202543219349322709_public.xml
SRC-990-EXT-PARTNERSHIP-ON-AI,Partnership on AI,SRC-990-EXT-PARTNERSHIP-ON-AI::cynthiamichel,CYNTHIA MICHEL,HUMAN RESOURCES LEAD,non_ceo_position,functional,no_transition_indicated,no,yes,40,,40,141842,168677,no,,,,,,no,not_fte_candidate,part_vii_verified_no_schedule_j,Return/ReturnData/IRS990/Form990PartVIISectionAGrp[13],,SRC-990-EXT-PARTNERSHIP-ON-AI,,,feleciawebb,feleciawebb,false,benchmark/sources/native/form990/202543219349322709_public.xml
SRC-990-EXT-PARTNERSHIP-ON-AI,Partnership on AI,SRC-990-EXT-PARTNERSHIP-ON-AI::dawnjanssen,DAWN JANSSEN,SENIOR MANAGER,non_ceo_position,functional,no_transition_indicated,no,yes,40,,40,158023,164262,yes,158023,158023,0,40.0,158023.0,yes,standardizable_combined_40h_equivalent,part_vii_and_schedule_j_verified,Return/ReturnData/IRS990/Form990PartVIISectionAGrp[14],Return/ReturnData/IRS990ScheduleJ/RltdOrgOfficerTrstKeyEmplGrp[11],SRC-990-EXT-PARTNERSHIP-ON-AI,10,10,feleciawebb,feleciawebb,false,benchmark/sources/native/form990/202543219349322709_public.xml
SRC-990-EXT-PARTNERSHIP-ON-AI,Partnership on AI,SRC-990-EXT-PARTNERSHIP-ON-AI::eshabhandari,ESHA BHANDARI,BOARD MEMBER,governance,governance,no_transition_indicated,no,no,1,,1,5900,5900,no,,,,,,no,not_fte_candidate,part_vii_verified_no_schedule_j,Return/ReturnData/IRS990/Form990PartVIISectionAGrp[20],,SRC-990-EXT-PARTNERSHIP-ON-AI,,,feleciawebb,feleciawebb,false,benchmark/sources/native/form990/202543219349322709_public.xml
SRC-990-EXT-PARTNERSHIP-ON-AI,Partnership on AI,SRC-990-EXT-PARTNERSHIP-ON-AI::feleciawebb,FELECIA WEBB,"Chief Strategy Officer, Philanthropy and Partnerships",non_ceo_position,functional,no_transition_indicated,no,yes,40,,40,249678,258394,yes,249678,249678,0,40.0,249678.0,yes,standardizable_combined_40h_equivalent,part_vii_and_schedule_j_verified,Return/ReturnData/IRS990/Form990PartVIISectionAGrp[2],Return/ReturnData/IRS990ScheduleJ/RltdOrgOfficerTrstKeyEmplGrp[2],SRC-990-EXT-PARTNERSHIP-ON-AI,1,1,feleciawebb,feleciawebb,false,benchmark/sources/native/form990/202543219349322709_public.xml
SRC-990-EXT-PARTNERSHIP-ON-AI,Partnership on AI,SRC-990-EXT-PARTNERSHIP-ON-AI::madhulikasrikumar,MADHULIKA SRIKUMAR,HEAD OF AI SAFETY,non_ceo_position,functional,no_transition_indicated,no,yes,40,,40,164734,170973,yes,164734,164734,0,40.0,164734.0,yes,standardizable_combined_40h_equivalent,part_vii_and_schedule_j_verified,Return/ReturnData/IRS990/Form990PartVIISectionAGrp[12],Return/ReturnData/IRS990ScheduleJ/RltdOrgOfficerTrstKeyEmplGrp[10],SRC-990-EXT-PARTNERSHIP-ON-AI,9,9,feleciawebb,feleciawebb,false,benchmark/sources/native/form990/202543219349322709_public.xml
SRC-990-EXT-PARTNERSHIP-ON-AI,Partnership on AI,SRC-990-EXT-PARTNERSHIP-ON-AI::mariamanning,MARIA MANNING,INTERIM CFO,non_ceo_position,functional,partial_or_uncertain,no,no,20,,20,75525,75525,no,,,,,,no,not_fte_candidate,part_vii_verified_no_schedule_j,Return/ReturnData/IRS990/Form990PartVIISectionAGrp[19],,SRC-990-EXT-PARTNERSHIP-ON-AI,,,feleciawebb,feleciawebb,false,benchmark/sources/native/form990/202543219349322709_public.xml
SRC-990-EXT-PARTNERSHIP-ON-AI,Partnership on AI,SRC-990-EXT-PARTNERSHIP-ON-AI::mindyfrisbee,MINDY FRISBEE,MANAGING DIRECTOR OF PARTNERSHIP DEVELOPMENT,non_ceo_position,functional,no_transition_indicated,no,yes,40,,40,169702,191806,yes,169702,169702,0,40.0,169702.0,yes,standardizable_combined_40h_equivalent,part_vii_and_schedule_j_verified,Return/ReturnData/IRS990/Form990PartVIISectionAGrp[6],Return/ReturnData/IRS990ScheduleJ/RltdOrgOfficerTrstKeyEmplGrp[9],SRC-990-EXT-PARTNERSHIP-ON-AI,8,8,feleciawebb,feleciawebb,false,benchmark/sources/native/form990/202543219349322709_public.xml
SRC-990-EXT-PARTNERSHIP-ON-AI,Partnership on AI,SRC-990-EXT-PARTNERSHIP-ON-AI::neiluhl,NEIL UHL,BRAND DESIGN LEAD,non_ceo_position,functional,no_transition_indicated,no,yes,40,,40,143144,157561,no,,,,,,no,not_fte_candidate,part_vii_verified_no_schedule_j,Return/ReturnData/IRS990/Form990PartVIISectionAGrp[16],,SRC-990-EXT-PARTNERSHIP-ON-AI,,,feleciawebb,feleciawebb,false,benchmark/sources/native/form990/202543219349322709_public.xml
SRC-990-EXT-PARTNERSHIP-ON-AI,Partnership on AI,SRC-990-EXT-PARTNERSHIP-ON-AI::sonamjindal,SONAM JINDAL,PROGRAM AND RESEARCH LEAD,non_ceo_position,functional,no_transition_indicated,no,yes,40,,40,151208,163474,yes,151208,151208,0,40.0,151208.0,yes,standardizable_combined_40h_equivalent,part_vii_and_schedule_j_verified,Return/ReturnData/IRS990/Form990PartVIISectionAGrp[15],Return/ReturnData/IRS990ScheduleJ/RltdOrgOfficerTrstKeyEmplGrp[13],SRC-990-EXT-PARTNERSHIP-ON-AI,12,12,feleciawebb,feleciawebb,false,benchmark/sources/native/form990/202543219349322709_public.xml
SRC-990-EXT-PARTNERSHIP-ON-AI,Partnership on AI,SRC-990-EXT-PARTNERSHIP-ON-AI::stephaniebell,STEPHANIE BELL,Chief Programs and Insights Officer,non_ceo_position,functional,no_transition_indicated,no,yes,40,,40,190529,201131,yes,190529,190529,0,40.0,190529.0,yes,standardizable_combined_40h_equivalent,part_vii_and_schedule_j_verified,Return/ReturnData/IRS990/Form990PartVIISectionAGrp[5],Return/ReturnData/IRS990ScheduleJ/RltdOrgOfficerTrstKeyEmplGrp[5],SRC-990-EXT-PARTNERSHIP-ON-AI,4,4,feleciawebb,feleciawebb,false,benchmark/sources/native/form990/202543219349322709_public.xml
SRC-990-EXT-PARTNERSHIP-ON-AI,Partnership on AI,SRC-990-EXT-PARTNERSHIP-ON-AI::stephanieifayemi,STEPHANIE IFAYEMI,SENIOR MANAGING DIRECTOR OF PUBLIC POLICY,non_ceo_position,functional,no_transition_indicated,no,yes,40,,40,172157,181983,yes,172157,172157,0,40.0,172157.0,yes,standardizable_combined_40h_equivalent,part_vii_and_schedule_j_verified,Return/ReturnData/IRS990/Form990PartVIISectionAGrp[8],Return/ReturnData/IRS990ScheduleJ/RltdOrgOfficerTrstKeyEmplGrp[7],SRC-990-EXT-PARTNERSHIP-ON-AI,6,6,feleciawebb,feleciawebb,false,benchmark/sources/native/form990/202543219349322709_public.xml
SRC-990-EXT-PARTNERSHIP-ON-AI,Partnership on AI,SRC-990-EXT-PARTNERSHIP-ON-AI::tinapark,TINA PARK,HEAD OF INCLUSIVE RESEARCH AND DESIGN,non_ceo_position,functional,no_transition_indicated,no,yes,40,,40,192355,214347,yes,192355,192355,0,40.0,192355.0,yes,standardizable_combined_40h_equivalent,part_vii_and_schedule_j_verified,Return/ReturnData/IRS990/Form990PartVIISectionAGrp[3],Return/ReturnData/IRS990ScheduleJ/RltdOrgOfficerTrstKeyEmplGrp[3],SRC-990-EXT-PARTNERSHIP-ON-AI,2,2,feleciawebb,feleciawebb,false,benchmark/sources/native/form990/202543219349322709_public.xml
SRC-990-EXT-PETERSON-INSTITUTE-FOR-INTERNATIONAL-ECONOMICS,Peterson Institute for International Economics,SRC-990-EXT-PETERSON-INSTITUTE-FOR-INTERNATIONAL-ECONOMICS::arvindsubramanian,ARVIND SUBRAMANIAN,SENIOR FELLOW,non_ceo_position,functional,no_transition_indicated,no,yes,40.00,,40,424727,459227,yes,424727,424727,0,40.0,424727.0,yes,standardizable_combined_40h_equivalent,part_vii_and_schedule_j_verified,Return/ReturnData/IRS990/Form990PartVIISectionAGrp[53],Return/ReturnData/IRS990ScheduleJ/RltdOrgOfficerTrstKeyEmplGrp[4],SRC-990-EXT-PETERSON-INSTITUTE-FOR-INTERNATIONAL-ECONOMICS,3,3,jessemnoland,jessemnoland,false,benchmark/sources/native/form990/202611189349300636_public.xml
SRC-990-EXT-PETERSON-INSTITUTE-FOR-INTERNATIONAL-ECONOMICS,Peterson Institute for International Economics,SRC-990-EXT-PETERSON-INSTITUTE-FOR-INTERNATIONAL-ECONOMICS::davidjobrien,DAVID J O'BRIEN,VP FOR DEVELOPMENT & EXT. AFFAIRS,non_ceo_position,functional,no_transition_indicated,no,yes,40.00,,40,265998,294106,yes,265998,265998,0,40.0,265998.0,yes,standardizable_combined_40h_equivalent,part_vii_and_schedule_j_verified,Return/ReturnData/IRS990/Form990PartVIISectionAGrp[50],Return/ReturnData/IRS990ScheduleJ/RltdOrgOfficerTrstKeyEmplGrp[9],SRC-990-EXT-PETERSON-INSTITUTE-FOR-INTERNATIONAL-ECONOMICS,8,8,jessemnoland,jessemnoland,false,benchmark/sources/native/form990/202611189349300636_public.xml
SRC-990-EXT-PETERSON-INSTITUTE-FOR-INTERNATIONAL-ECONOMICS,Peterson Institute for International Economics,SRC-990-EXT-PETERSON-INSTITUTE-FOR-INTERNATIONAL-ECONOMICS::jeffreyacordeau,JEFFREY A CORDEAU,VP FOR OPERATIONS & CTO,non_ceo_position,functional,no_transition_indicated,no,yes,40.00,,40,235978,292470,yes,235978,235978,0,40.0,235978.0,yes,standardizable_combined_40h_equivalent,part_vii_and_schedule_j_verified,Return/ReturnData/IRS990/Form990PartVIISectionAGrp[49],Return/ReturnData/IRS990ScheduleJ/RltdOrgOfficerTrstKeyEmplGrp[10],SRC-990-EXT-PETERSON-INSTITUTE-FOR-INTERNATIONAL-ECONOMICS,9,9,jessemnoland,jessemnoland,false,benchmark/sources/native/form990/202611189349300636_public.xml
SRC-990-EXT-PETERSON-INSTITUTE-FOR-INTERNATIONAL-ECONOMICS,Peterson Institute for International Economics,SRC-990-EXT-PETERSON-INSTITUTE-FOR-INTERNATIONAL-ECONOMICS::jeffreyjschott,JEFFREY J SCHOTT,SENIOR FELLOW,non_ceo_position,functional,no_transition_indicated,no,yes,40.00,,40,307854,360731,yes,307854,307854,0,40.0,307854.0,yes,standardizable_combined_40h_equivalent,part_vii_and_schedule_j_verified,Return/ReturnData/IRS990/Form990PartVIISectionAGrp[55],Return/ReturnData/IRS990ScheduleJ/RltdOrgOfficerTrstKeyEmplGrp[6],SRC-990-EXT-PETERSON-INSTITUTE-FOR-INTERNATIONAL-ECONOMICS,5,5,jessemnoland,jessemnoland,false,benchmark/sources/native/form990/202611189349300636_public.xml
SRC-990-EXT-PETERSON-INSTITUTE-FOR-INTERNATIONAL-ECONOMICS,Peterson Institute for International Economics,SRC-990-EXT-PETERSON-INSTITUTE-FOR-INTERNATIONAL-ECONOMICS::jessemnoland,JESSE M NOLAND,EXEC. VP & DIRECTOR OF STUDIES,non_ceo_position,functional,no_transition_indicated,no,yes,40.00,,40,495635,548281,yes,495635,495635,0,40.0,495635.0,yes,standardizable_combined_40h_equivalent,part_vii_and_schedule_j_verified,Return/ReturnData/IRS990/Form990PartVIISectionAGrp[48],Return/ReturnData/IRS990ScheduleJ/RltdOrgOfficerTrstKeyEmplGrp[2],SRC-990-EXT-PETERSON-INSTITUTE-FOR-INTERNATIONAL-ECONOMICS,1,1,jessemnoland,jessemnoland,false,benchmark/sources/native/form990/202611189349300636_public.xml
SRC-990-EXT-PETERSON-INSTITUTE-FOR-INTERNATIONAL-ECONOMICS,Peterson Institute for International Economics,SRC-990-EXT-PETERSON-INSTITUTE-FOR-INTERNATIONAL-ECONOMICS::marylovely,MARY LOVELY,SENIOR FELLOW,non_ceo_position,functional,no_transition_indicated,no,yes,40.00,,40,335572,380050,yes,335572,335572,0,40.0,335572.0,yes,standardizable_combined_40h_equivalent,part_vii_and_schedule_j_verified,Return/ReturnData/IRS990/Form990PartVIISectionAGrp[54],Return/ReturnData/IRS990ScheduleJ/RltdOrgOfficerTrstKeyEmplGrp[5],SRC-990-EXT-PETERSON-INSTITUTE-FOR-INTERNATIONAL-ECONOMICS,4,4,jessemnoland,jessemnoland,false,benchmark/sources/native/form990/202611189349300636_public.xml
SRC-990-EXT-PETERSON-INSTITUTE-FOR-INTERNATIONAL-ECONOMICS,Peterson Institute for International Economics,SRC-990-EXT-PETERSON-INSTITUTE-FOR-INTERNATIONAL-ECONOMICS::mauriceobstfeld,MAURICE OBSTFELD,SENIOR FELLOW,non_ceo_position,functional,no_transition_indicated,no,yes,40.00,,40,464153,520829,yes,464153,464153,0,40.0,464153.0,yes,standardizable_combined_40h_equivalent,part_vii_and_schedule_j_verified,Return/ReturnData/IRS990/Form990PartVIISectionAGrp[52],Return/ReturnData/IRS990ScheduleJ/RltdOrgOfficerTrstKeyEmplGrp[3],SRC-990-EXT-PETERSON-INSTITUTE-FOR-INTERNATIONAL-ECONOMICS,2,2,jessemnoland,jessemnoland,false,benchmark/sources/native/form990/202611189349300636_public.xml
SRC-990-EXT-PETERSON-INSTITUTE-FOR-INTERNATIONAL-ECONOMICS,Peterson Institute for International Economics,SRC-990-EXT-PETERSON-INSTITUTE-FOR-INTERNATIONAL-ECONOMICS::monicabaumgartendebolle,MONICA BAUMGARTEN DEBOLLE,SENIOR FELLOW,non_ceo_position,functional,no_transition_indicated,no,yes,40.00,,40,304648,334959,yes,304648,304648,0,40.0,304648.0,yes,standardizable_combined_40h_equivalent,part_vii_and_schedule_j_verified,Return/ReturnData/IRS990/Form990PartVIISectionAGrp[56],Return/ReturnData/IRS990ScheduleJ/RltdOrgOfficerTrstKeyEmplGrp[7],SRC-990-EXT-PETERSON-INSTITUTE-FOR-INTERNATIONAL-ECONOMICS,6,6,jessemnoland,jessemnoland,false,benchmark/sources/native/form990/202611189349300636_public.xml
SRC-990-EXT-PETERSON-INSTITUTE-FOR-INTERNATIONAL-ECONOMICS,Peterson Institute for International Economics,SRC-990-EXT-PETERSON-INSTITUTE-FOR-INTERNATIONAL-ECONOMICS::stevenrweisman,STEVEN R WEISMAN,VP OF PUBLICATIONS & COMM.,non_ceo_position,functional,no_transition_indicated,no,yes,40.00,,40,266717,294531,yes,266717,266717,0,40.0,266717.0,yes,standardizable_combined_40h_equivalent,part_vii_and_schedule_j_verified,Return/ReturnData/IRS990/Form990PartVIISectionAGrp[51],Return/ReturnData/IRS990ScheduleJ/RltdOrgOfficerTrstKeyEmplGrp[8],SRC-990-EXT-PETERSON-INSTITUTE-FOR-INTERNATIONAL-ECONOMICS,7,7,jessemnoland,jessemnoland,false,benchmark/sources/native/form990/202611189349300636_public.xml
SRC-990-EXT-PHYSICIANS-COMMITTEE-FOR-RESPONSIBLE-MEDICINE,Physicians Committee for Responsible Medicine,SRC-990-EXT-PHYSICIANS-COMMITTEE-FOR-RESPONSIBLE-MEDICINE::betsywasoncfre,Betsy Wason CFRE,Sec/Sr VP Dev,non_ceo_position,functional,no_transition_indicated,no,yes,38.00,2.00,40,154468,158700,yes,154468,154468,0,40.0,154468.0,yes,standardizable_combined_40h_equivalent,part_vii_and_schedule_j_verified,Return/ReturnData/IRS990/Form990PartVIISectionAGrp[6],Return/ReturnData/IRS990ScheduleJ/RltdOrgOfficerTrstKeyEmplGrp[1],,,,,,,benchmark/sources/native/form990/202630169349300803_public.xml
SRC-990-EXT-PHYSICIANS-COMMITTEE-FOR-RESPONSIBLE-MEDICINE,Physicians Committee for Responsible Medicine,SRC-990-EXT-PHYSICIANS-COMMITTEE-FOR-RESPONSIBLE-MEDICINE::hanakahleovamdphd,Hana Kahleova MD PhD,Dir Clinical Res.,non_ceo_position,functional,no_transition_indicated,no,yes,40.00,0.00,40,200818,220592,yes,200818,200818,0,40.0,200818.0,yes,standardizable_combined_40h_equivalent,part_vii_and_schedule_j_verified,Return/ReturnData/IRS990/Form990PartVIISectionAGrp[1],Return/ReturnData/IRS990ScheduleJ/RltdOrgOfficerTrstKeyEmplGrp[2],,,,,,,benchmark/sources/native/form990/202630169349300803_public.xml
SRC-990-EXT-PHYSICIANS-COMMITTEE-FOR-RESPONSIBLE-MEDICINE,Physicians Committee for Responsible Medicine,SRC-990-EXT-PHYSICIANS-COMMITTEE-FOR-RESPONSIBLE-MEDICINE::johnpippinmd,John Pippin MD,Dir academic affrs,non_ceo_position,functional,no_transition_indicated,no,yes,40.00,0.00,40,155372,175316,yes,155372,155372,0,40.0,155372.0,yes,standardizable_combined_40h_equivalent,part_vii_and_schedule_j_verified,Return/ReturnData/IRS990/Form990PartVIISectionAGrp[2],Return/ReturnData/IRS990ScheduleJ/RltdOrgOfficerTrstKeyEmplGrp[3],,,,,,,benchmark/sources/native/form990/202630169349300803_public.xml
SRC-990-EXT-PHYSICIANS-COMMITTEE-FOR-RESPONSIBLE-MEDICINE,Physicians Committee for Responsible Medicine,SRC-990-EXT-PHYSICIANS-COMMITTEE-FOR-RESPONSIBLE-MEDICINE::roxannebeckermbchb,Roxanne Becker MBChB,"Medical editor, ed",non_ceo_position,functional,no_transition_indicated,no,yes,40.00,0.00,40,153600,168971,yes,153600,153600,0,40.0,153600.0,yes,standardizable_combined_40h_equivalent,part_vii_and_schedule_j_verified,Return/ReturnData/IRS990/Form990PartVIISectionAGrp[3],Return/ReturnData/IRS990ScheduleJ/RltdOrgOfficerTrstKeyEmplGrp[4],,,,,,,benchmark/sources/native/form990/202630169349300803_public.xml
SRC-990-EXT-PHYSICIANS-COMMITTEE-FOR-RESPONSIBLE-MEDICINE,Physicians Committee for Responsible Medicine,SRC-990-EXT-PHYSICIANS-COMMITTEE-FOR-RESPONSIBLE-MEDICINE::staceyglaesersphr,Stacey Glaeser SPHR,Sr VP Human Res,non_ceo_position,functional,no_transition_indicated,no,yes,38.00,2.00,40,150583,168949,yes,150583,150583,0,40.0,150583.0,yes,standardizable_combined_40h_equivalent,part_vii_and_schedule_j_verified,Return/ReturnData/IRS990/Form990PartVIISectionAGrp[4],Return/ReturnData/IRS990ScheduleJ/RltdOrgOfficerTrstKeyEmplGrp[5],,,,,,,benchmark/sources/native/form990/202630169349300803_public.xml
SRC-990-EXT-PHYSICIANS-COMMITTEE-FOR-RESPONSIBLE-MEDICINE,Physicians Committee for Responsible Medicine,SRC-990-EXT-PHYSICIANS-COMMITTEE-FOR-RESPONSIBLE-MEDICINE::stephenkanecpa,Stephen Kane CPA,Sr VP of finance,non_ceo_position,functional,no_transition_indicated,no,yes,36.00,4.00,40,155058,159871,yes,155058,155058,0,40.0,155058.0,yes,standardizable_combined_40h_equivalent,part_vii_and_schedule_j_verified,Return/ReturnData/IRS990/Form990PartVIISectionAGrp[5],Return/ReturnData/IRS990ScheduleJ/RltdOrgOfficerTrstKeyEmplGrp[6],,,,,,,benchmark/sources/native/form990/202630169349300803_public.xml
SRC-990-EXT-PHYSICIANS-FOR-SOCIAL-RESPONSIBILITY,Physicians for Social Responsibility,SRC-990-EXT-PHYSICIANS-FOR-SOCIAL-RESPONSIBILITY::wtaylorcarneirojohnsonmfadls,W TAYLOR CARNEIRO-JOHNSON MFA DLS,"DIRECTOR OF ADMIN, OPERATIONS, & FINANCE",non_ceo_position,functional,no_transition_indicated,no,yes,40.00,,40,150222,153305,yes,150222,150222,0,40.0,150222.0,yes,standardizable_combined_40h_equivalent,part_vii_and_schedule_j_verified,Return/ReturnData/IRS990/Form990PartVIISectionAGrp[28],Return/ReturnData/IRS990ScheduleJ/RltdOrgOfficerTrstKeyEmplGrp[1],SRC-990-EXT-PHYSICIANS-FOR-SOCIAL-RESPONSIBILITY,1,1,wtaylorcarneirojohnsonmfadls,wtaylorcarneirojohnsonmfadls,false,benchmark/sources/native/form990/202512749349301461_public.xml
SRC-990-EXT-PLOUGHSHARES-FUND,Ploughshares Fund,SRC-990-EXT-PLOUGHSHARES-FUND::bonniefisk,BONNIE FISK,DEVELOPMENT DIRECTOR,non_ceo_position,functional,no_transition_indicated,no,yes,40.00,,40,137198,163126,yes,137198,137198,0,40.0,137198.0,yes,standardizable_combined_40h_equivalent,part_vii_and_schedule_j_verified,Return/ReturnData/IRS990/Form990PartVIISectionAGrp[20],Return/ReturnData/IRS990ScheduleJ/RltdOrgOfficerTrstKeyEmplGrp[5],,,,,,,benchmark/sources/native/form990/202620979349300102_public.xml
SRC-990-EXT-PLOUGHSHARES-FUND,Ploughshares Fund,SRC-990-EXT-PLOUGHSHARES-FUND::charlescrosby,CHARLES CROSBY,COMMUNICATIONS & MARKETING DIRECTOR,non_ceo_position,functional,no_transition_indicated,no,yes,40.00,,40,144130,160436,yes,144130,144130,0,40.0,144130.0,yes,standardizable_combined_40h_equivalent,part_vii_and_schedule_j_verified,Return/ReturnData/IRS990/Form990PartVIISectionAGrp[21],Return/ReturnData/IRS990ScheduleJ/RltdOrgOfficerTrstKeyEmplGrp[6],,,,,,,benchmark/sources/native/form990/202620979349300102_public.xml
SRC-990-EXT-PLOUGHSHARES-FUND,Ploughshares Fund,SRC-990-EXT-PLOUGHSHARES-FUND::elizabethwarner,ELIZABETH WARNER,EXECUTIVE DIRECTOR,generic_ceo_like,uncertain,no_transition_indicated,no,yes,40.00,,40,179861,235396,yes,179861,179861,0,,,no,not_fte_candidate,part_vii_and_schedule_j_verified,Return/ReturnData/IRS990/Form990PartVIISectionAGrp[19],Return/ReturnData/IRS990ScheduleJ/RltdOrgOfficerTrstKeyEmplGrp[2],,,,,,,benchmark/sources/native/form990/202620979349300102_public.xml
SRC-990-EXT-PLOUGHSHARES-FUND,Ploughshares Fund,SRC-990-EXT-PLOUGHSHARES-FUND::jamshadefaani,JAMSHADE FAANI,FINANCE DIRECTOR/CONTROLLE,non_ceo_position,functional,no_transition_indicated,no,yes,40.00,,40,143130,184418,yes,143130,143130,0,40.0,143130.0,yes,standardizable_combined_40h_equivalent,part_vii_and_schedule_j_verified,Return/ReturnData/IRS990/Form990PartVIISectionAGrp[22],Return/ReturnData/IRS990ScheduleJ/RltdOrgOfficerTrstKeyEmplGrp[4],,,,,,,benchmark/sources/native/form990/202620979349300102_public.xml
SRC-990-EXT-PLOUGHSHARES-FUND,Ploughshares Fund,SRC-990-EXT-PLOUGHSHARES-FUND::johncarlbaker,JOHN CARL BAKER,PROGRAMS DIRECTOR,non_ceo_position,functional,no_transition_indicated,no,yes,40.00,,40,112027,127796,no,,,,,,no,not_fte_candidate,part_vii_verified_no_schedule_j,Return/ReturnData/IRS990/Form990PartVIISectionAGrp[23],,,,,,,,benchmark/sources/native/form990/202620979349300102_public.xml
SRC-990-EXT-PLOUGHSHARES-FUND,Ploughshares Fund,SRC-990-EXT-PLOUGHSHARES-FUND::sarakutchesfahani,SARA KUTCHESFAHANI,DIRECTOR OF PROGRAMS,non_ceo_position,functional,no_transition_indicated,no,yes,40.00,,40,167178,194490,yes,167178,167178,0,40.0,167178.0,yes,standardizable_combined_40h_equivalent,part_vii_and_schedule_j_verified,Return/ReturnData/IRS990/Form990PartVIISectionAGrp[24],Return/ReturnData/IRS990ScheduleJ/RltdOrgOfficerTrstKeyEmplGrp[3],,,,,,,benchmark/sources/native/form990/202620979349300102_public.xml
SRC-990-EXT-POPULATION-REFERENCE-BUREAU,Population Reference Bureau,SRC-990-EXT-POPULATION-REFERENCE-BUREAU::barbaraseligman,Barbara Seligman,CSGO; SVP International Programs,non_ceo_position,functional,no_transition_indicated,no,yes,50.00,,50,289518,316180,yes,287934,287934,0,50.0,230347.2,yes,standardizable_combined_40h_equivalent,part_vii_and_schedule_j_verified,Return/ReturnData/IRS990/Form990PartVIISectionAGrp[22],Return/ReturnData/IRS990ScheduleJ/RltdOrgOfficerTrstKeyEmplGrp[2],,,,,,,benchmark/sources/native/form990/202501789349301305_public.xml
SRC-990-EXT-POPULATION-REFERENCE-BUREAU,Population Reference Bureau,SRC-990-EXT-POPULATION-REFERENCE-BUREAU::dianaelliott,Diana Elliott,VP US Programs,non_ceo_position,functional,no_transition_indicated,no,yes,50.00,,50,208925,224231,yes,208450,208450,0,50.0,166760.0,yes,standardizable_combined_40h_equivalent,part_vii_and_schedule_j_verified,Return/ReturnData/IRS990/Form990PartVIISectionAGrp[23],Return/ReturnData/IRS990ScheduleJ/RltdOrgOfficerTrstKeyEmplGrp[4],,,,,,,benchmark/sources/native/form990/202501789349301305_public.xml
SRC-990-EXT-POPULATION-REFERENCE-BUREAU,Population Reference Bureau,SRC-990-EXT-POPULATION-REFERENCE-BUREAU::elizabethmadsen,Elizabeth Madsen,AVP US Programs (Until 7/2024),non_ceo_position,functional,partial_or_uncertain,no,yes,50.00,,50,179196,195355,yes,178990,178990,0,,,no,not_fte_candidate,part_vii_and_schedule_j_verified,Return/ReturnData/IRS990/Form990PartVIISectionAGrp[27],Return/ReturnData/IRS990ScheduleJ/RltdOrgOfficerTrstKeyEmplGrp[7],,,,,,,benchmark/sources/native/form990/202501789349301305_public.xml
SRC-990-EXT-POPULATION-REFERENCE-BUREAU,Population Reference Bureau,SRC-990-EXT-POPULATION-REFERENCE-BUREAU::immanuelwolff,Immanuel Wolff,"VP, Finance (From 1/2024)",non_ceo_position,functional,not_held,no,yes,50.00,,50,145958,162738,yes,145752,145752,0,,,no,not_fte_candidate,part_vii_and_schedule_j_verified,Return/ReturnData/IRS990/Form990PartVIISectionAGrp[21],Return/ReturnData/IRS990ScheduleJ/RltdOrgOfficerTrstKeyEmplGrp[9],,,,,,,benchmark/sources/native/form990/202501789349301305_public.xml
SRC-990-EXT-POPULATION-REFERENCE-BUREAU,Population Reference Bureau,SRC-990-EXT-POPULATION-REFERENCE-BUREAU::johnpenn,John Penn,Senior Director of Strategic Communications,non_ceo_position,functional,no_transition_indicated,no,yes,50.00,,50,174087,212304,yes,173612,173612,0,50.0,138889.6,yes,standardizable_combined_40h_equivalent,part_vii_and_schedule_j_verified,Return/ReturnData/IRS990/Form990PartVIISectionAGrp[24],Return/ReturnData/IRS990ScheduleJ/RltdOrgOfficerTrstKeyEmplGrp[5],,,,,,,benchmark/sources/native/form990/202501789349301305_public.xml
SRC-990-EXT-POPULATION-REFERENCE-BUREAU,Population Reference Bureau,SRC-990-EXT-POPULATION-REFERENCE-BUREAU::markmather,Mark Mather,AVP International Programs (Until 7/2024),non_ceo_position,functional,partial_or_uncertain,no,yes,50.00,,50,180605,193287,yes,178130,178130,0,,,no,not_fte_candidate,part_vii_and_schedule_j_verified,Return/ReturnData/IRS990/Form990PartVIISectionAGrp[26],Return/ReturnData/IRS990ScheduleJ/RltdOrgOfficerTrstKeyEmplGrp[8],,,,,,,benchmark/sources/native/form990/202501789349301305_public.xml
SRC-990-EXT-POPULATION-REFERENCE-BUREAU,Population Reference Bureau,SRC-990-EXT-POPULATION-REFERENCE-BUREAU::marlenelee,Marlene Lee,AVP International Programs (Until 1/2024),non_ceo_position,functional,partial_or_uncertain,no,yes,50.00,,50,181974,207432,yes,180612,180612,0,,,no,not_fte_candidate,part_vii_and_schedule_j_verified,Return/ReturnData/IRS990/Form990PartVIISectionAGrp[25],Return/ReturnData/IRS990ScheduleJ/RltdOrgOfficerTrstKeyEmplGrp[6],,,,,,,benchmark/sources/native/form990/202501789349301305_public.xml
SRC-990-EXT-POPULATION-REFERENCE-BUREAU,Population Reference Bureau,SRC-990-EXT-POPULATION-REFERENCE-BUREAU::vireshdesai,Viresh Desai,CFO (Until 12/2023),non_ceo_position,functional,partial_or_uncertain,no,yes,50.00,,50,257138,304481,yes,256250,256250,0,,,no,not_fte_candidate,part_vii_and_schedule_j_verified,Return/ReturnData/IRS990/Form990PartVIISectionAGrp[20],Return/ReturnData/IRS990ScheduleJ/RltdOrgOfficerTrstKeyEmplGrp[3],,,,,,,benchmark/sources/native/form990/202501789349301305_public.xml
SRC-990-EXT-PRECISION-DEVELOPMENT,Precision Development,SRC-990-EXT-PRECISION-DEVELOPMENT::alexanderramirez,ALEXANDER RAMIREZ,HEAD OF SOFTWARE DEVELOPMENT,non_ceo_position,functional,no_transition_indicated,no,yes,40.00,,40,122500,128012,no,,,,,,no,not_fte_candidate,part_vii_verified_no_schedule_j,Return/ReturnData/IRS990/Form990PartVIISectionAGrp[5],,SRC-990-EXT-PRECISION-DEVELOPMENT,,,saragodfrey,saragodfrey,false,benchmark/sources/native/form990/202433199349302193_public.xml
SRC-990-EXT-PRECISION-DEVELOPMENT,Precision Development,SRC-990-EXT-PRECISION-DEVELOPMENT::claudiacarbajal,CLAUDIA CARBAJAL,SPECIAL PROJECTS LEAD,non_ceo_position,functional,no_transition_indicated,no,yes,40.00,,40,103481,122231,no,,,,,,no,not_fte_candidate,part_vii_verified_no_schedule_j,Return/ReturnData/IRS990/Form990PartVIISectionAGrp[6],,SRC-990-EXT-PRECISION-DEVELOPMENT,,,saragodfrey,saragodfrey,false,benchmark/sources/native/form990/202433199349302193_public.xml
SRC-990-EXT-PRECISION-DEVELOPMENT,Precision Development,SRC-990-EXT-PRECISION-DEVELOPMENT::jonathanlehe,JONATHAN LEHE,CHIEF STRATEGIST,non_ceo_position,functional,no_transition_indicated,no,yes,40.00,,40,147027,147027,no,,,,,,no,not_fte_candidate,part_vii_verified_no_schedule_j,Return/ReturnData/IRS990/Form990PartVIISectionAGrp[4],,SRC-990-EXT-PRECISION-DEVELOPMENT,,,saragodfrey,saragodfrey,false,benchmark/sources/native/form990/202433199349302193_public.xml
SRC-990-EXT-PRECISION-DEVELOPMENT,Precision Development,SRC-990-EXT-PRECISION-DEVELOPMENT::nicholasmilne,NICHOLAS MILNE,DEVELOPMENT DIRECTOR,non_ceo_position,functional,no_transition_indicated,no,yes,40.00,,40,107830,112079,no,,,,,,no,not_fte_candidate,part_vii_verified_no_schedule_j,Return/ReturnData/IRS990/Form990PartVIISectionAGrp[7],,SRC-990-EXT-PRECISION-DEVELOPMENT,,,saragodfrey,saragodfrey,false,benchmark/sources/native/form990/202433199349302193_public.xml
SRC-990-EXT-PRECISION-DEVELOPMENT,Precision Development,SRC-990-EXT-PRECISION-DEVELOPMENT::saragodfrey,SARA GODFREY,SECRETARY AND COO,non_ceo_position,functional,no_transition_indicated,no,yes,40.00,,40,175025,192411,yes,175025,175025,0,40.0,175025.0,yes,standardizable_combined_40h_equivalent,part_vii_and_schedule_j_verified,Return/ReturnData/IRS990/Form990PartVIISectionAGrp[3],Return/ReturnData/IRS990ScheduleJ/RltdOrgOfficerTrstKeyEmplGrp[3],SRC-990-EXT-PRECISION-DEVELOPMENT,1,1,saragodfrey,saragodfrey,false,benchmark/sources/native/form990/202433199349302193_public.xml
SRC-990-EXT-PRECISION-DEVELOPMENT,Precision Development,SRC-990-EXT-PRECISION-DEVELOPMENT::tomokoharigaya,TOMOKO HARIGAYA,CHIEF ECONOMIST & DIRECTOR,non_ceo_position,functional,no_transition_indicated,no,yes,40.00,,40,166250,195399,yes,166250,166250,0,40.0,166250.0,yes,standardizable_combined_40h_equivalent,part_vii_and_schedule_j_verified,Return/ReturnData/IRS990/Form990PartVIISectionAGrp[2],Return/ReturnData/IRS990ScheduleJ/RltdOrgOfficerTrstKeyEmplGrp[2],SRC-990-EXT-PRECISION-DEVELOPMENT,2,2,saragodfrey,saragodfrey,false,benchmark/sources/native/form990/202433199349302193_public.xml
SRC-990-EXT-PROJECT-DRAWDOWN,Project Drawdown,SRC-990-EXT-PROJECT-DRAWDOWN::elizabethbagley,ELIZABETH BAGLEY,MANAGING DIR,non_ceo_position,functional,no_transition_indicated,no,yes,40.00,,40,223431,269841,yes,223431,223431,0,40.0,223431.0,yes,standardizable_combined_40h_equivalent,part_vii_and_schedule_j_verified,Return/ReturnData/IRS990/Form990PartVIISectionAGrp[3],Return/ReturnData/IRS990ScheduleJ/RltdOrgOfficerTrstKeyEmplGrp[3],SRC-990-EXT-PROJECT-DRAWDOWN,1,1,elizabethbagley,elizabethbagley,false,benchmark/sources/native/form990/202512529349301621_public.xml
SRC-990-EXT-PROJECT-DRAWDOWN,Project Drawdown,SRC-990-EXT-PROJECT-DRAWDOWN::matthewscott,MATTHEW SCOTT,ENGAGEMENT D,non_ceo_position,functional,no_transition_indicated,no,yes,40.00,,40,164648,183137,yes,164648,164648,0,40.0,164648.0,yes,standardizable_combined_40h_equivalent,part_vii_and_schedule_j_verified,Return/ReturnData/IRS990/Form990PartVIISectionAGrp[5],Return/ReturnData/IRS990ScheduleJ/RltdOrgOfficerTrstKeyEmplGrp[5],SRC-990-EXT-PROJECT-DRAWDOWN,3,3,elizabethbagley,elizabethbagley,false,benchmark/sources/native/form990/202512529349301621_public.xml
SRC-990-EXT-PROJECT-DRAWDOWN,Project Drawdown,SRC-990-EXT-PROJECT-DRAWDOWN::reshmapattni,RESHMA PATTNI,FINANCE DIRECTOR,non_ceo_position,functional,no_transition_indicated,no,yes,40.00,,40,151020,193036,yes,151020,151020,0,40.0,151020.0,yes,standardizable_combined_40h_equivalent,part_vii_and_schedule_j_verified,Return/ReturnData/IRS990/Form990PartVIISectionAGrp[2],Return/ReturnData/IRS990ScheduleJ/RltdOrgOfficerTrstKeyEmplGrp[2],SRC-990-EXT-PROJECT-DRAWDOWN,4,4,elizabethbagley,elizabethbagley,false,benchmark/sources/native/form990/202512529349301621_public.xml
SRC-990-EXT-PROJECT-DRAWDOWN,Project Drawdown,SRC-990-EXT-PROJECT-DRAWDOWN::toodreubold,TOOD REUBOLD,MARKETING DIRECTOR,non_ceo_position,functional,no_transition_indicated,no,yes,40.00,,40,185964,242028,yes,185964,185964,0,40.0,185964.0,yes,standardizable_combined_40h_equivalent,part_vii_and_schedule_j_verified,Return/ReturnData/IRS990/Form990PartVIISectionAGrp[4],Return/ReturnData/IRS990ScheduleJ/RltdOrgOfficerTrstKeyEmplGrp[4],SRC-990-EXT-PROJECT-DRAWDOWN,2,2,elizabethbagley,elizabethbagley,false,benchmark/sources/native/form990/202512529349301621_public.xml
SRC-990-EXT-PROJECT-HEALTHY-CHILDREN,Project Healthy Children,SRC-990-EXT-PROJECT-HEALTHY-CHILDREN::maryechowning,MARY E CHOWNING,TREASURER,non_ceo_position,functional,no_transition_indicated,no,yes,35.00,,35,120000,120000,no,,,,,,no,not_fte_candidate,part_vii_verified_no_schedule_j,Return/ReturnData/IRS990/Form990PartVIISectionAGrp[6],,SRC-990-EXT-PROJECT-HEALTHY-CHILDREN,,,michellethompson,michellethompson,false,benchmark/sources/native/form990/202422259349302007_public.xml
SRC-990-EXT-PROJECT-HEALTHY-CHILDREN,Project Healthy Children,SRC-990-EXT-PROJECT-HEALTHY-CHILDREN::michellethompson,MICHELLE THOMPSON,DIRECTO OF DEVELOPMENT,non_ceo_position,functional,no_transition_indicated,no,yes,40.00,,40,162113,167906,yes,162113,162113,0,40.0,162113.0,yes,standardizable_combined_40h_equivalent,part_vii_and_schedule_j_verified,Return/ReturnData/IRS990/Form990PartVIISectionAGrp[7],Return/ReturnData/IRS990ScheduleJ/RltdOrgOfficerTrstKeyEmplGrp[2],SRC-990-EXT-PROJECT-HEALTHY-CHILDREN,1,1,michellethompson,michellethompson,false,benchmark/sources/native/form990/202422259349302007_public.xml
SRC-990-EXT-PUBLIC-AGENDA,Public Agenda,SRC-990-EXT-PUBLIC-AGENDA::emilysandusky,EMILY SANDUSKY,DIRECTOR OF RESEARCH,non_ceo_position,functional,no_transition_indicated,no,yes,40.00,,40,101491,117139,no,,,,,,no,not_fte_candidate,part_vii_verified_no_schedule_j,Return/ReturnData/IRS990/Form990PartVIISectionAGrp[17],,SRC-990-EXT-PUBLIC-AGENDA,,,michellegrove,michellegrove,false,benchmark/sources/native/form990/202631029349300503_public.xml
SRC-990-EXT-PUBLIC-AGENDA,Public Agenda,SRC-990-EXT-PUBLIC-AGENDA::katielisa,KATIE LISA,DIRECTOR OF DEVELOPMENT,non_ceo_position,functional,no_transition_indicated,no,yes,40.00,,40,131903,154193,yes,131903,131903,0,40.0,131903.0,yes,standardizable_combined_40h_equivalent,part_vii_and_schedule_j_verified,Return/ReturnData/IRS990/Form990PartVIISectionAGrp[15],Return/ReturnData/IRS990ScheduleJ/RltdOrgOfficerTrstKeyEmplGrp[3],SRC-990-EXT-PUBLIC-AGENDA,2,2,michellegrove,michellegrove,false,benchmark/sources/native/form990/202631029349300503_public.xml
SRC-990-EXT-PUBLIC-AGENDA,Public Agenda,SRC-990-EXT-PUBLIC-AGENDA::michellebrownconway,MICHELLE BROWN-CONWAY,DIRECTOR OF FINANCE (UNTIL 11/20/24),non_ceo_position,functional,partial_or_uncertain,no,yes,40.00,,40,124812,132809,no,,,,,,no,not_fte_candidate,part_vii_verified_no_schedule_j,Return/ReturnData/IRS990/Form990PartVIISectionAGrp[13],,SRC-990-EXT-PUBLIC-AGENDA,,,michellegrove,michellegrove,false,benchmark/sources/native/form990/202631029349300503_public.xml
SRC-990-EXT-PUBLIC-AGENDA,Public Agenda,SRC-990-EXT-PUBLIC-AGENDA::michellegrove,MICHELLE GROVE,CHIEF STRATEGY AND IMPACT OFFICER,non_ceo_position,functional,no_transition_indicated,no,yes,40.00,,40,144208,177714,yes,144208,144208,0,40.0,144208.0,yes,standardizable_combined_40h_equivalent,part_vii_and_schedule_j_verified,Return/ReturnData/IRS990/Form990PartVIISectionAGrp[14],Return/ReturnData/IRS990ScheduleJ/RltdOrgOfficerTrstKeyEmplGrp[2],SRC-990-EXT-PUBLIC-AGENDA,1,1,michellegrove,michellegrove,false,benchmark/sources/native/form990/202631029349300503_public.xml
SRC-990-EXT-PUBLIC-AGENDA,Public Agenda,SRC-990-EXT-PUBLIC-AGENDA::teddafiato,TEDD A FIATO,DIR. OF COMMUNICATIONS (UNTIL 12/24),non_ceo_position,functional,partial_or_uncertain,no,yes,40.00,,40,115181,128262,no,,,,,,no,not_fte_candidate,part_vii_verified_no_schedule_j,Return/ReturnData/IRS990/Form990PartVIISectionAGrp[16],,SRC-990-EXT-PUBLIC-AGENDA,,,michellegrove,michellegrove,false,benchmark/sources/native/form990/202631029349300503_public.xml
SRC-990-EXT-PUBLIC-KNOWLEDGE,Public Knowledge,SRC-990-EXT-PUBLIC-KNOWLEDGE::alisavalentin,ALISA VALENTIN,BROADBAND POLICY DIRECTOR,non_ceo_position,functional,no_transition_indicated,no,yes,40.00,,40,138609,142767,no,,,,,,no,not_fte_candidate,part_vii_verified_no_schedule_j,Return/ReturnData/IRS990/Form990PartVIISectionAGrp[16],,SRC-990-EXT-PUBLIC-KNOWLEDGE,,,haroldfeld,haroldfeld,false,benchmark/sources/native/form990/202533149349301903_public.xml
SRC-990-EXT-PUBLIC-KNOWLEDGE,Public Knowledge,SRC-990-EXT-PUBLIC-KNOWLEDGE::charlotteslaiman,CHARLOTTE SLAIMAN,VICE PRESIDENT (THRU FEB),non_ceo_position,functional,partial_or_uncertain,no,yes,40.00,,40,22350,24174,no,,,,,,no,not_fte_candidate,part_vii_verified_no_schedule_j,Return/ReturnData/IRS990/Form990PartVIISectionAGrp[14],,SRC-990-EXT-PUBLIC-KNOWLEDGE,,,haroldfeld,haroldfeld,false,benchmark/sources/native/form990/202533149349301903_public.xml
SRC-990-EXT-PUBLIC-KNOWLEDGE,Public Knowledge,SRC-990-EXT-PUBLIC-KNOWLEDGE::courtneylee,COURTNEY LEE,CHIEF OPERATING OFFICER,non_ceo_position,functional,no_transition_indicated,no,yes,40.00,,40,132090,161168,yes,132090,132090,0,40.0,132090.0,yes,standardizable_combined_40h_equivalent,part_vii_and_schedule_j_verified,Return/ReturnData/IRS990/Form990PartVIISectionAGrp[12],Return/ReturnData/IRS990ScheduleJ/RltdOrgOfficerTrstKeyEmplGrp[3],SRC-990-EXT-PUBLIC-KNOWLEDGE,2,2,haroldfeld,haroldfeld,false,benchmark/sources/native/form990/202533149349301903_public.xml
SRC-990-EXT-PUBLIC-KNOWLEDGE,Public Knowledge,SRC-990-EXT-PUBLIC-KNOWLEDGE::haroldfeld,HAROLD FELD,SENIOR VICE PRESIDENT,non_ceo_position,functional,no_transition_indicated,no,yes,40.00,,40,198446,233055,yes,198446,198446,0,40.0,198446.0,yes,standardizable_combined_40h_equivalent,part_vii_and_schedule_j_verified,Return/ReturnData/IRS990/Form990PartVIISectionAGrp[15],Return/ReturnData/IRS990ScheduleJ/RltdOrgOfficerTrstKeyEmplGrp[2],SRC-990-EXT-PUBLIC-KNOWLEDGE,1,1,haroldfeld,haroldfeld,false,benchmark/sources/native/form990/202533149349301903_public.xml
SRC-990-EXT-PUBLIC-KNOWLEDGE,Public Knowledge,SRC-990-EXT-PUBLIC-KNOWLEDGE::johnbergmayer,JOHN BERGMAYER,LEGAL DIRECTOR,non_ceo_position,functional,no_transition_indicated,no,yes,40.00,,40,127358,143119,no,,,,,,no,not_fte_candidate,part_vii_verified_no_schedule_j,Return/ReturnData/IRS990/Form990PartVIISectionAGrp[17],,SRC-990-EXT-PUBLIC-KNOWLEDGE,,,haroldfeld,haroldfeld,false,benchmark/sources/native/form990/202533149349301903_public.xml
SRC-990-EXT-PUBLIC-KNOWLEDGE,Public Knowledge,SRC-990-EXT-PUBLIC-KNOWLEDGE::lisamacpherson,LISA MACPHERSON,POLICY DIRECTOR,non_ceo_position,functional,no_transition_indicated,no,yes,40.00,,40,109730,126751,no,,,,,,no,not_fte_candidate,part_vii_verified_no_schedule_j,Return/ReturnData/IRS990/Form990PartVIISectionAGrp[20],,SRC-990-EXT-PUBLIC-KNOWLEDGE,,,haroldfeld,haroldfeld,false,benchmark/sources/native/form990/202533149349301903_public.xml
SRC-990-EXT-PUBLIC-KNOWLEDGE,Public Knowledge,SRC-990-EXT-PUBLIC-KNOWLEDGE::meredithcwhipple,MEREDITH C WHIPPLE,CHIEF OF STAFF,non_ceo_position,functional,no_transition_indicated,no,yes,40.00,,40,126265,137306,no,,,,,,no,not_fte_candidate,part_vii_verified_no_schedule_j,Return/ReturnData/IRS990/Form990PartVIISectionAGrp[13],,SRC-990-EXT-PUBLIC-KNOWLEDGE,,,haroldfeld,haroldfeld,false,benchmark/sources/native/form990/202533149349301903_public.xml
SRC-990-EXT-PUBLIC-KNOWLEDGE,Public Knowledge,SRC-990-EXT-PUBLIC-KNOWLEDGE::sarancollins,SARA N COLLINS,DIRECTOR OF GOVERNMENT AFFAIRS,non_ceo_position,functional,no_transition_indicated,no,yes,40.00,,40,123471,127740,no,,,,,,no,not_fte_candidate,part_vii_verified_no_schedule_j,Return/ReturnData/IRS990/Form990PartVIISectionAGrp[18],,SRC-990-EXT-PUBLIC-KNOWLEDGE,,,haroldfeld,haroldfeld,false,benchmark/sources/native/form990/202533149349301903_public.xml
SRC-990-EXT-PUBLIC-KNOWLEDGE,Public Knowledge,SRC-990-EXT-PUBLIC-KNOWLEDGE::stephenlbennett,STEPHEN L BENNETT,DIRECTOR OF DEVELOPMENT AND EXTERNAL AFFAIRS,non_ceo_position,functional,no_transition_indicated,no,yes,40.00,,40,110475,119168,no,,,,,,no,not_fte_candidate,part_vii_verified_no_schedule_j,Return/ReturnData/IRS990/Form990PartVIISectionAGrp[19],,SRC-990-EXT-PUBLIC-KNOWLEDGE,,,haroldfeld,haroldfeld,false,benchmark/sources/native/form990/202533149349301903_public.xml
SRC-990-EXT-PUBLIC-RELIGION-RESEARCH-INSTITUTE,Public Religion Research Institute,SRC-990-EXT-PUBLIC-RELIGION-RESEARCH-INSTITUTE::colleenross,COLLEEN ROSS,SR. COMMUNCATIONS ASS,unmapped_position,uncertain,no_transition_indicated,no,yes,40.00,,40,114378,123799,no,,,,,,no,not_fte_candidate,part_vii_verified_no_schedule_j,Return/ReturnData/IRS990/Form990PartVIISectionAGrp[18],,,,,,,,benchmark/sources/native/form990/202533189349309763_public.xml
SRC-990-EXT-PUBLIC-RELIGION-RESEARCH-INSTITUTE,Public Religion Research Institute,SRC-990-EXT-PUBLIC-RELIGION-RESEARCH-INSTITUTE::dianaorces,DIANA ORCES,DIRECTOR OF RESEARCH,non_ceo_position,functional,no_transition_indicated,no,yes,40.00,,40,140799,152588,yes,140799,140799,0,40.0,140799.0,yes,standardizable_combined_40h_equivalent,part_vii_and_schedule_j_verified,Return/ReturnData/IRS990/Form990PartVIISectionAGrp[17],Return/ReturnData/IRS990ScheduleJ/RltdOrgOfficerTrstKeyEmplGrp[4],,,,,,,benchmark/sources/native/form990/202533189349309763_public.xml
SRC-990-EXT-PUBLIC-RELIGION-RESEARCH-INSTITUTE,Public Religion Research Institute,SRC-990-EXT-PUBLIC-RELIGION-RESEARCH-INSTITUTE::drrobertpjones,DR ROBERT P JONES,PRESIDENT,non_ceo_position,functional,no_transition_indicated,no,yes,40.00,,40,274291,296202,yes,274291,274291,0,40.0,274291.0,yes,standardizable_combined_40h_equivalent,part_vii_and_schedule_j_verified,Return/ReturnData/IRS990/Form990PartVIISectionAGrp[1],Return/ReturnData/IRS990ScheduleJ/RltdOrgOfficerTrstKeyEmplGrp[1],,,,,,,benchmark/sources/native/form990/202533189349309763_public.xml
SRC-990-EXT-PUBLIC-RELIGION-RESEARCH-INSTITUTE,Public Religion Research Institute,SRC-990-EXT-PUBLIC-RELIGION-RESEARCH-INSTITUTE::tseansands,T SEAN SANDS,CHIEF OF STAFF,non_ceo_position,functional,no_transition_indicated,no,yes,40.00,,40,185379,202892,yes,185379,185379,0,40.0,185379.0,yes,standardizable_combined_40h_equivalent,part_vii_and_schedule_j_verified,Return/ReturnData/IRS990/Form990PartVIISectionAGrp[16],Return/ReturnData/IRS990ScheduleJ/RltdOrgOfficerTrstKeyEmplGrp[3],,,,,,,benchmark/sources/native/form990/202533189349309763_public.xml
SRC-990-EXT-PURE-EARTH,Pure Earth,SRC-990-EXT-PURE-EARTH::andrewmccartor,ANDREW MCCARTOR,PRESIDENT/CEO,generic_ceo_like,uncertain,no_transition_indicated,no,yes,40.00,0.00,40,183077,187008,yes,183077,183077,0,,,no,not_fte_candidate,part_vii_and_schedule_j_verified,Return/ReturnData/IRS990/Form990PartVIISectionAGrp[1],Return/ReturnData/IRS990ScheduleJ/RltdOrgOfficerTrstKeyEmplGrp[3],,,,,,,benchmark/sources/native/form990/202532809349302073_public.xml
SRC-990-EXT-PURE-EARTH,Pure Earth,SRC-990-EXT-PURE-EARTH::angelabernhardt,ANGELA BERNHARDT,"VP, COMMUNICATIONS",non_ceo_position,functional,no_transition_indicated,no,yes,40.00,0.00,40,124808,129575,no,,,,,,no,not_fte_candidate,part_vii_verified_no_schedule_j,Return/ReturnData/IRS990/Form990PartVIISectionAGrp[21],,,,,,,,benchmark/sources/native/form990/202532809349302073_public.xml
SRC-990-EXT-PURE-EARTH,Pure Earth,SRC-990-EXT-PURE-EARTH::carolsumkin,CAROL SUMKIN,"VP, DEVELOPMENT",non_ceo_position,functional,no_transition_indicated,no,yes,40.00,0.00,40,192003,243156,yes,192003,192003,0,40.0,192003.0,yes,standardizable_combined_40h_equivalent,part_vii_and_schedule_j_verified,Return/ReturnData/IRS990/Form990PartVIISectionAGrp[19],Return/ReturnData/IRS990ScheduleJ/RltdOrgOfficerTrstKeyEmplGrp[1],,,,,,,benchmark/sources/native/form990/202532809349302073_public.xml
SRC-990-EXT-PURE-EARTH,Pure Earth,SRC-990-EXT-PURE-EARTH::rachaelkupka,RACHAEL KUPKA,"VP, OPERATIONS",non_ceo_position,functional,no_transition_indicated,no,yes,40.00,0.00,40,152624,171608,yes,152624,152624,0,40.0,152624.0,yes,standardizable_combined_40h_equivalent,part_vii_and_schedule_j_verified,Return/ReturnData/IRS990/Form990PartVIISectionAGrp[18],Return/ReturnData/IRS990ScheduleJ/RltdOrgOfficerTrstKeyEmplGrp[5],,,,,,,benchmark/sources/native/form990/202532809349302073_public.xml
SRC-990-EXT-PURE-EARTH,Pure Earth,SRC-990-EXT-PURE-EARTH::richardfullerceothrunov,RICHARD FULLER CEO THRU NOV,HEAD OF SPECIAL INITIATIVES,non_ceo_position,functional,partial_or_uncertain,no,yes,40.00,0.00,40,200000,204990,yes,200000,200000,0,,,no,not_fte_candidate,part_vii_and_schedule_j_verified,Return/ReturnData/IRS990/Form990PartVIISectionAGrp[17],Return/ReturnData/IRS990ScheduleJ/RltdOrgOfficerTrstKeyEmplGrp[2],,,,,,,benchmark/sources/native/form990/202532809349302073_public.xml
SRC-990-EXT-PURE-EARTH,Pure Earth,SRC-990-EXT-PURE-EARTH::shishizhang,SHISHI ZHANG,DIRECTOR OF FINANCE,non_ceo_position,functional,no_transition_indicated,no,yes,40.00,0.00,40,159888,182923,yes,159888,159888,0,40.0,159888.0,yes,standardizable_combined_40h_equivalent,part_vii_and_schedule_j_verified,Return/ReturnData/IRS990/Form990PartVIISectionAGrp[20],Return/ReturnData/IRS990ScheduleJ/RltdOrgOfficerTrstKeyEmplGrp[4],,,,,,,benchmark/sources/native/form990/202532809349302073_public.xml
SRC-990-EXT-QUINCY-INSTITUTE-FOR-RESPONSIBLE-STATECRAFT,Quincy Institute for Responsible Statecraft,SRC-990-EXT-QUINCY-INSTITUTE-FOR-RESPONSIBLE-STATECRAFT::georgebeebe,GEORGE BEEBE,DIRECTOR OF GRAND STRATEGY PROGRAM,non_ceo_position,functional,no_transition_indicated,no,yes,40.00,,40,169373,178124,yes,169373,169373,0,40.0,169373.0,yes,standardizable_combined_40h_equivalent,part_vii_and_schedule_j_verified,Return/ReturnData/IRS990/Form990PartVIISectionAGrp[18],Return/ReturnData/IRS990ScheduleJ/RltdOrgOfficerTrstKeyEmplGrp[4],SRC-990-EXT-QUINCY-INSTITUTE-FOR-RESPONSIBLE-STATECRAFT,2,2,tritaparsi,tritaparsi,false,benchmark/sources/native/form990/202523169349300137_public.xml
SRC-990-EXT-QUINCY-INSTITUTE-FOR-RESPONSIBLE-STATECRAFT,Quincy Institute for Responsible Statecraft,SRC-990-EXT-QUINCY-INSTITUTE-FOR-RESPONSIBLE-STATECRAFT::jessicarosenblum,JESSICA ROSENBLUM,DIRECTOR OF COMMUNICATIONS,non_ceo_position,functional,no_transition_indicated,no,yes,40.00,,40,153555,171382,yes,153555,153555,0,40.0,153555.0,yes,standardizable_combined_40h_equivalent,part_vii_and_schedule_j_verified,Return/ReturnData/IRS990/Form990PartVIISectionAGrp[20],Return/ReturnData/IRS990ScheduleJ/RltdOrgOfficerTrstKeyEmplGrp[6],SRC-990-EXT-QUINCY-INSTITUTE-FOR-RESPONSIBLE-STATECRAFT,5,5,tritaparsi,tritaparsi,false,benchmark/sources/native/form990/202523169349300137_public.xml
SRC-990-EXT-QUINCY-INSTITUTE-FOR-RESPONSIBLE-STATECRAFT,Quincy Institute for Responsible Statecraft,SRC-990-EXT-QUINCY-INSTITUTE-FOR-RESPONSIBLE-STATECRAFT::marcusstanley,MARCUS STANLEY,DIRECTOR OF STUDIES,non_ceo_position,functional,no_transition_indicated,no,yes,40.00,,40,165927,191945,yes,165927,165927,0,40.0,165927.0,yes,standardizable_combined_40h_equivalent,part_vii_and_schedule_j_verified,Return/ReturnData/IRS990/Form990PartVIISectionAGrp[22],Return/ReturnData/IRS990ScheduleJ/RltdOrgOfficerTrstKeyEmplGrp[3],SRC-990-EXT-QUINCY-INSTITUTE-FOR-RESPONSIBLE-STATECRAFT,3,3,tritaparsi,tritaparsi,false,benchmark/sources/native/form990/202523169349300137_public.xml
SRC-990-EXT-QUINCY-INSTITUTE-FOR-RESPONSIBLE-STATECRAFT,Quincy Institute for Responsible Statecraft,SRC-990-EXT-QUINCY-INSTITUTE-FOR-RESPONSIBLE-STATECRAFT::sarangshidore,SARANG SHIDORE,DIRECTOR OF GLOBAL SOUTH PROGRAM,non_ceo_position,functional,no_transition_indicated,no,yes,40.00,,40,154191,160064,yes,154191,154191,0,40.0,154191.0,yes,standardizable_combined_40h_equivalent,part_vii_and_schedule_j_verified,Return/ReturnData/IRS990/Form990PartVIISectionAGrp[21],Return/ReturnData/IRS990ScheduleJ/RltdOrgOfficerTrstKeyEmplGrp[7],SRC-990-EXT-QUINCY-INSTITUTE-FOR-RESPONSIBLE-STATECRAFT,4,4,tritaparsi,tritaparsi,false,benchmark/sources/native/form990/202523169349300137_public.xml
SRC-990-EXT-QUINCY-INSTITUTE-FOR-RESPONSIBLE-STATECRAFT,Quincy Institute for Responsible Statecraft,SRC-990-EXT-QUINCY-INSTITUTE-FOR-RESPONSIBLE-STATECRAFT::tritaparsi,TRITA PARSI,EXECUTIVE VICE PRESIDENT,non_ceo_position,functional,no_transition_indicated,no,yes,40.00,,40,287942,336554,yes,287942,287942,0,40.0,287942.0,yes,standardizable_combined_40h_equivalent,part_vii_and_schedule_j_verified,Return/ReturnData/IRS990/Form990PartVIISectionAGrp[16],Return/ReturnData/IRS990ScheduleJ/RltdOrgOfficerTrstKeyEmplGrp[2],SRC-990-EXT-QUINCY-INSTITUTE-FOR-RESPONSIBLE-STATECRAFT,1,1,tritaparsi,tritaparsi,false,benchmark/sources/native/form990/202523169349300137_public.xml
SRC-990-EXT-QUINCY-INSTITUTE-FOR-RESPONSIBLE-STATECRAFT,Quincy Institute for Responsible Statecraft,SRC-990-EXT-QUINCY-INSTITUTE-FOR-RESPONSIBLE-STATECRAFT::williamhartung,WILLIAM HARTUNG,SENIOR RESEARCH FELLOW,non_ceo_position,functional,no_transition_indicated,no,yes,40.00,,40,150567,176261,yes,150567,150567,0,40.0,150567.0,yes,standardizable_combined_40h_equivalent,part_vii_and_schedule_j_verified,Return/ReturnData/IRS990/Form990PartVIISectionAGrp[19],Return/ReturnData/IRS990ScheduleJ/RltdOrgOfficerTrstKeyEmplGrp[5],SRC-990-EXT-QUINCY-INSTITUTE-FOR-RESPONSIBLE-STATECRAFT,6,6,tritaparsi,tritaparsi,false,benchmark/sources/native/form990/202523169349300137_public.xml
SRC-990-EXT-R-STREET-INSTITUTE,R Street Institute,SRC-990-EXT-R-STREET-INSTITUTE::chadrussell,CHAD RUSSELL,"VICE PRESIDENT, OPERATIONS",non_ceo_position,functional,no_transition_indicated,no,yes,40.00,,40,207131,224053,yes,206631,206631,0,40.0,206631.0,yes,standardizable_combined_40h_equivalent,part_vii_and_schedule_j_verified,Return/ReturnData/IRS990/Form990PartVIISectionAGrp[14],Return/ReturnData/IRS990ScheduleJ/RltdOrgOfficerTrstKeyEmplGrp[6],,,,,,,benchmark/sources/native/form990/202503119349301245_public.xml
SRC-990-EXT-R-STREET-INSTITUTE,R Street Institute,SRC-990-EXT-R-STREET-INSTITUTE::devinhartman,DEVIN HARTMAN,"DIRECTOR, ENERGY",non_ceo_position,functional,no_transition_indicated,no,yes,40.00,,40,205481,226064,yes,204981,204981,0,40.0,204981.0,yes,standardizable_combined_40h_equivalent,part_vii_and_schedule_j_verified,Return/ReturnData/IRS990/Form990PartVIISectionAGrp[17],Return/ReturnData/IRS990ScheduleJ/RltdOrgOfficerTrstKeyEmplGrp[5],,,,,,,benchmark/sources/native/form990/202503119349301245_public.xml
SRC-990-EXT-R-STREET-INSTITUTE,R Street Institute,SRC-990-EXT-R-STREET-INSTITUTE::ericaschoder,ERICA SCHODER,EXECUTIVE DIRECTOR,generic_ceo_like,uncertain,no_transition_indicated,no,yes,40.00,,40,286525,305010,yes,286525,286525,0,,,no,not_fte_candidate,part_vii_and_schedule_j_verified,Return/ReturnData/IRS990/Form990PartVIISectionAGrp[12],Return/ReturnData/IRS990ScheduleJ/RltdOrgOfficerTrstKeyEmplGrp[2],,,,,,,benchmark/sources/native/form990/202503119349301245_public.xml
SRC-990-EXT-R-STREET-INSTITUTE,R Street Institute,SRC-990-EXT-R-STREET-INSTITUTE::jilliansnider,JILLIAN SNIDER,"DIRECTOR, CRIMINAL JUSTICE",non_ceo_position,functional,no_transition_indicated,no,yes,40.00,,40,201543,210010,yes,201043,201043,0,40.0,201043.0,yes,standardizable_combined_40h_equivalent,part_vii_and_schedule_j_verified,Return/ReturnData/IRS990/Form990PartVIISectionAGrp[16],Return/ReturnData/IRS990ScheduleJ/RltdOrgOfficerTrstKeyEmplGrp[7],,,,,,,benchmark/sources/native/form990/202503119349301245_public.xml
SRC-990-EXT-R-STREET-INSTITUTE,R Street Institute,SRC-990-EXT-R-STREET-INSTITUTE::mazensaleh,MAZEN SALEH,"SENIOR DIRECTOR, HARM REDUCTION",non_ceo_position,functional,no_transition_indicated,no,yes,40.00,,40,221621,237352,yes,205198,205198,0,40.0,205198.0,yes,standardizable_combined_40h_equivalent,part_vii_and_schedule_j_verified,Return/ReturnData/IRS990/Form990PartVIISectionAGrp[15],Return/ReturnData/IRS990ScheduleJ/RltdOrgOfficerTrstKeyEmplGrp[4],,,,,,,benchmark/sources/native/form990/202503119349301245_public.xml
SRC-990-EXT-R-STREET-INSTITUTE,R Street Institute,SRC-990-EXT-R-STREET-INSTITUTE::sabrinaschaeffer,SABRINA SCHAEFFER,"VICE PRESIDENT, PUBLIC AFFAIRS",non_ceo_position,functional,no_transition_indicated,no,yes,40.00,,40,218317,249551,yes,212817,212817,0,40.0,212817.0,yes,standardizable_combined_40h_equivalent,part_vii_and_schedule_j_verified,Return/ReturnData/IRS990/Form990PartVIISectionAGrp[13],Return/ReturnData/IRS990ScheduleJ/RltdOrgOfficerTrstKeyEmplGrp[3],,,,,,,benchmark/sources/native/form990/202503119349301245_public.xml
SRC-990-EXT-REDWOOD-RESEARCH,Redwood Research,SRC-990-EXT-REDWOOD-RESEARCH::fabienroger,FABIEN ROGER,TECHNICAL STAFF (THRU 7/24),non_ceo_position,functional,partial_or_uncertain,no,yes,40.00,,40,141452,145529,no,,,,,,no,not_fte_candidate,part_vii_verified_no_schedule_j,Return/ReturnData/IRS990/Form990PartVIISectionAGrp[7],,SRC-990-EXT-REDWOOD-RESEARCH,,,ryangreenblatt,ryangreenblatt,false,benchmark/sources/native/form990/202503199349302920_public.xml
SRC-990-EXT-REDWOOD-RESEARCH,Redwood Research,SRC-990-EXT-REDWOOD-RESEARCH::ryangreenblatt,RYAN GREENBLATT,CHIEF SCIENTIST,non_ceo_position,functional,no_transition_indicated,no,yes,40.00,,40,314922,322610,yes,314922,314922,0,40.0,314922.0,yes,standardizable_combined_40h_equivalent,part_vii_and_schedule_j_verified,Return/ReturnData/IRS990/Form990PartVIISectionAGrp[6],Return/ReturnData/IRS990ScheduleJ/RltdOrgOfficerTrstKeyEmplGrp[1],SRC-990-EXT-REDWOOD-RESEARCH,1,1,ryangreenblatt,ryangreenblatt,false,benchmark/sources/native/form990/202503199349302920_public.xml
SRC-990-EXT-RESEARCH-AMERICA,Research!America,SRC-990-EXT-RESEARCH-AMERICA::annemandeville,ANNE MANDEVILLE,VP DEVELOPMENT & MEMBERSHIP,non_ceo_position,functional,no_transition_indicated,no,yes,45.00,,45,214089,234604,yes,214089,214089,0,45.0,190301.33,yes,standardizable_combined_40h_equivalent,part_vii_and_schedule_j_verified,Return/ReturnData/IRS990/Form990PartVIISectionAGrp[43],Return/ReturnData/IRS990ScheduleJ/RltdOrgOfficerTrstKeyEmplGrp[6],SRC-990-EXT-RESEARCH-AMERICA,5,5,michaelcoburn,michaelcoburn,false,benchmark/sources/native/form990/202601319349302140_public.xml
SRC-990-EXT-RESEARCH-AMERICA,Research!America,SRC-990-EXT-RESEARCH-AMERICA::eleanordehoney,ELEANOR DEHONEY,SR. VP OF POLICY & ADVOCACY,non_ceo_position,functional,no_transition_indicated,no,yes,45.00,,45,278226,315315,yes,278226,278226,0,45.0,247312.0,yes,standardizable_combined_40h_equivalent,part_vii_and_schedule_j_verified,Return/ReturnData/IRS990/Form990PartVIISectionAGrp[40],Return/ReturnData/IRS990ScheduleJ/RltdOrgOfficerTrstKeyEmplGrp[3],SRC-990-EXT-RESEARCH-AMERICA,2,2,michaelcoburn,michaelcoburn,false,benchmark/sources/native/form990/202601319349302140_public.xml
SRC-990-EXT-RESEARCH-AMERICA,Research!America,SRC-990-EXT-RESEARCH-AMERICA::glennoneal,GLENN O'NEAL,SENIOR DIRECTOR - COMMUNICATIONS,non_ceo_position,functional,no_transition_indicated,no,yes,45.00,,45,150844,166144,yes,150844,150844,0,45.0,134083.56,yes,standardizable_combined_40h_equivalent,part_vii_and_schedule_j_verified,Return/ReturnData/IRS990/Form990PartVIISectionAGrp[44],Return/ReturnData/IRS990ScheduleJ/RltdOrgOfficerTrstKeyEmplGrp[7],SRC-990-EXT-RESEARCH-AMERICA,6,6,michaelcoburn,michaelcoburn,false,benchmark/sources/native/form990/202601319349302140_public.xml
SRC-990-EXT-RESEARCH-AMERICA,Research!America,SRC-990-EXT-RESEARCH-AMERICA::jenniferluraysrvp,JENNIFER LURAY SR VP,SR VP,non_ceo_position,functional,no_transition_indicated,no,yes,45.00,,45,246915,299406,yes,246915,246915,0,45.0,219480.0,yes,standardizable_combined_40h_equivalent,part_vii_and_schedule_j_verified,Return/ReturnData/IRS990/Form990PartVIISectionAGrp[41],Return/ReturnData/IRS990ScheduleJ/RltdOrgOfficerTrstKeyEmplGrp[4],SRC-990-EXT-RESEARCH-AMERICA,3,3,michaelcoburn,michaelcoburn,false,benchmark/sources/native/form990/202601319349302140_public.xml
SRC-990-EXT-RESEARCH-AMERICA,Research!America,SRC-990-EXT-RESEARCH-AMERICA::michaelcoburn,MICHAEL COBURN,EXECUTIVE VICE PRESIDENT & COO,non_ceo_position,functional,no_transition_indicated,no,yes,45.00,,45,313758,353640,yes,313758,313758,0,45.0,278896.0,yes,standardizable_combined_40h_equivalent,part_vii_and_schedule_j_verified,Return/ReturnData/IRS990/Form990PartVIISectionAGrp[39],Return/ReturnData/IRS990ScheduleJ/RltdOrgOfficerTrstKeyEmplGrp[2],SRC-990-EXT-RESEARCH-AMERICA,1,1,michaelcoburn,michaelcoburn,false,benchmark/sources/native/form990/202601319349302140_public.xml
SRC-990-EXT-RESEARCH-AMERICA,Research!America,SRC-990-EXT-RESEARCH-AMERICA::sheilamurphy,SHEILA MURPHY,VP - ADVOCACY PROGRAMS,non_ceo_position,functional,no_transition_indicated,no,yes,45.00,,45,225504,246898,yes,225504,225504,0,45.0,200448.0,yes,standardizable_combined_40h_equivalent,part_vii_and_schedule_j_verified,Return/ReturnData/IRS990/Form990PartVIISectionAGrp[42],Return/ReturnData/IRS990ScheduleJ/RltdOrgOfficerTrstKeyEmplGrp[5],SRC-990-EXT-RESEARCH-AMERICA,4,4,michaelcoburn,michaelcoburn,false,benchmark/sources/native/form990/202601319349302140_public.xml
SRC-990-EXT-RESULTS-FOR-AMERICA,Results for America,SRC-990-EXT-RESULTS-FOR-AMERICA::aaronsamulcek,AARON SAMULCEK,"VP, FINANCE AND OPERATIONS",non_ceo_position,functional,no_transition_indicated,no,yes,40.00,,40,255250,261304,yes,248400,248400,0,40.0,248400.0,yes,standardizable_combined_40h_equivalent,part_vii_and_schedule_j_verified,Return/ReturnData/IRS990/Form990PartVIISectionAGrp[5],Return/ReturnData/IRS990ScheduleJ/RltdOrgOfficerTrstKeyEmplGrp[5],SRC-990-EXT-RESULTS-FOR-AMERICA,3,3,davidmedina,davidmedina,false,benchmark/sources/native/form990/202513179349309376_public.xml
SRC-990-EXT-RESULTS-FOR-AMERICA,Results for America,SRC-990-EXT-RESULTS-FOR-AMERICA::davidmedina,DAVID MEDINA,COO,non_ceo_position,functional,no_transition_indicated,no,yes,40.00,,40,319300,336716,yes,319300,319300,0,40.0,319300.0,yes,standardizable_combined_40h_equivalent,part_vii_and_schedule_j_verified,Return/ReturnData/IRS990/Form990PartVIISectionAGrp[2],Return/ReturnData/IRS990ScheduleJ/RltdOrgOfficerTrstKeyEmplGrp[2],SRC-990-EXT-RESULTS-FOR-AMERICA,1,1,davidmedina,davidmedina,false,benchmark/sources/native/form990/202513179349309376_public.xml
SRC-990-EXT-RESULTS-FOR-AMERICA,Results for America,SRC-990-EXT-RESULTS-FOR-AMERICA::lisavmorrisonbutler,LISA V MORRISON BUTLER,Executive Vice President and Chief Impact Officer,non_ceo_position,functional,no_transition_indicated,no,yes,40.00,,40,321002,328371,yes,314150,314150,0,40.0,314150.0,yes,standardizable_combined_40h_equivalent,part_vii_and_schedule_j_verified,Return/ReturnData/IRS990/Form990PartVIISectionAGrp[3],Return/ReturnData/IRS990ScheduleJ/RltdOrgOfficerTrstKeyEmplGrp[3],SRC-990-EXT-RESULTS-FOR-AMERICA,2,2,davidmedina,davidmedina,false,benchmark/sources/native/form990/202513179349309376_public.xml
SRC-990-EXT-RESULTS-FOR-AMERICA,Results for America,SRC-990-EXT-RESULTS-FOR-AMERICA::mikelarson,MIKE LARSON,"VP, DEVELOPMENT",non_ceo_position,functional,no_transition_indicated,no,yes,40.00,,40,249787,255733,yes,243595,243595,0,40.0,243595.0,yes,standardizable_combined_40h_equivalent,part_vii_and_schedule_j_verified,Return/ReturnData/IRS990/Form990PartVIISectionAGrp[7],Return/ReturnData/IRS990ScheduleJ/RltdOrgOfficerTrstKeyEmplGrp[7],SRC-990-EXT-RESULTS-FOR-AMERICA,4,4,davidmedina,davidmedina,false,benchmark/sources/native/form990/202513179349309376_public.xml
SRC-990-EXT-RESULTS-FOR-AMERICA,Results for America,SRC-990-EXT-RESULTS-FOR-AMERICA::nicholedunn,NICHOLE DUNN,"VP, FEDERAL PRACTICE LEAD",non_ceo_position,functional,no_transition_indicated,no,yes,40.00,,40,250447,256405,yes,243595,243595,0,40.0,243595.0,yes,standardizable_combined_40h_equivalent,part_vii_and_schedule_j_verified,Return/ReturnData/IRS990/Form990PartVIISectionAGrp[4],Return/ReturnData/IRS990ScheduleJ/RltdOrgOfficerTrstKeyEmplGrp[4],SRC-990-EXT-RESULTS-FOR-AMERICA,5,5,davidmedina,davidmedina,false,benchmark/sources/native/form990/202513179349309376_public.xml
SRC-990-EXT-RESULTS-FOR-AMERICA,Results for America,SRC-990-EXT-RESULTS-FOR-AMERICA::rochellehaynes,ROCHELLE HAYNES,MANAGING DIRECTOR,non_ceo_position,functional,no_transition_indicated,no,yes,40.00,,40,243400,258848,yes,243400,243400,0,40.0,243400.0,yes,standardizable_combined_40h_equivalent,part_vii_and_schedule_j_verified,Return/ReturnData/IRS990/Form990PartVIISectionAGrp[6],Return/ReturnData/IRS990ScheduleJ/RltdOrgOfficerTrstKeyEmplGrp[6],SRC-990-EXT-RESULTS-FOR-AMERICA,7,7,davidmedina,davidmedina,false,benchmark/sources/native/form990/202513179349309376_public.xml
SRC-990-EXT-RESULTS-FOR-AMERICA,Results for America,SRC-990-EXT-RESULTS-FOR-AMERICA::zacharymarkovits,ZACHARY MARKOVITS,"VP, LOCAL PRACTICE LEAD",non_ceo_position,functional,no_transition_indicated,no,yes,40.00,,40,243595,265761,yes,243595,243595,0,40.0,243595.0,yes,standardizable_combined_40h_equivalent,part_vii_and_schedule_j_verified,Return/ReturnData/IRS990/Form990PartVIISectionAGrp[8],Return/ReturnData/IRS990ScheduleJ/RltdOrgOfficerTrstKeyEmplGrp[8],SRC-990-EXT-RESULTS-FOR-AMERICA,6,6,davidmedina,davidmedina,false,benchmark/sources/native/form990/202513179349309376_public.xml
SRC-990-EXT-RESULTS-FOR-DEVELOPMENT,Results for Development,SRC-990-EXT-RESULTS-FOR-DEVELOPMENT::amandafolsom,AMANDA FOLSOM,SENIOR PROGRAM DIRECOTR,non_ceo_position,functional,no_transition_indicated,no,yes,40.00,,40,213742,239894,yes,211582,211582,0,40.0,211582.0,yes,standardizable_combined_40h_equivalent,part_vii_and_schedule_j_verified,Return/ReturnData/IRS990/Form990PartVIISectionAGrp[26],Return/ReturnData/IRS990ScheduleJ/RltdOrgOfficerTrstKeyEmplGrp[10],SRC-990-EXT-RESULTS-FOR-DEVELOPMENT,7,7,cherylcashin,cherylcashin,false,benchmark/sources/native/form990/202512739349302306_public.xml
SRC-990-EXT-RESULTS-FOR-DEVELOPMENT,Results for Development,SRC-990-EXT-RESULTS-FOR-DEVELOPMENT::cherylcashin,CHERYL CASHIN,MANAGING DIRECTOR,non_ceo_position,functional,no_transition_indicated,no,yes,40.00,,40,294070,328025,yes,294070,294070,0,40.0,294070.0,yes,standardizable_combined_40h_equivalent,part_vii_and_schedule_j_verified,Return/ReturnData/IRS990/Form990PartVIISectionAGrp[19],Return/ReturnData/IRS990ScheduleJ/RltdOrgOfficerTrstKeyEmplGrp[3],SRC-990-EXT-RESULTS-FOR-DEVELOPMENT,1,1,cherylcashin,cherylcashin,false,benchmark/sources/native/form990/202512739349302306_public.xml
SRC-990-EXT-RESULTS-FOR-DEVELOPMENT,Results for Development,SRC-990-EXT-RESULTS-FOR-DEVELOPMENT::debrasotelo,DEBRA SOTELO,CHIEF FINANCIAL OFFICER,non_ceo_position,functional,no_transition_indicated,no,yes,40.00,,40,273568,311060,yes,273568,273568,0,40.0,273568.0,yes,standardizable_combined_40h_equivalent,part_vii_and_schedule_j_verified,Return/ReturnData/IRS990/Form990PartVIISectionAGrp[18],Return/ReturnData/IRS990ScheduleJ/RltdOrgOfficerTrstKeyEmplGrp[2],SRC-990-EXT-RESULTS-FOR-DEVELOPMENT,3,3,cherylcashin,cherylcashin,false,benchmark/sources/native/form990/202512739349302306_public.xml
SRC-990-EXT-RESULTS-FOR-DEVELOPMENT,Results for Development,SRC-990-EXT-RESULTS-FOR-DEVELOPMENT::heatherbrooks,HEATHER BROOKS,CHIEF HUMAN CAPITAL OFFICER,non_ceo_position,functional,no_transition_indicated,no,yes,40.00,,40,223260,242909,yes,223260,223260,0,40.0,223260.0,yes,standardizable_combined_40h_equivalent,part_vii_and_schedule_j_verified,Return/ReturnData/IRS990/Form990PartVIISectionAGrp[21],Return/ReturnData/IRS990ScheduleJ/RltdOrgOfficerTrstKeyEmplGrp[5],SRC-990-EXT-RESULTS-FOR-DEVELOPMENT,4,4,cherylcashin,cherylcashin,false,benchmark/sources/native/form990/202512739349302306_public.xml
SRC-990-EXT-RESULTS-FOR-DEVELOPMENT,Results for Development,SRC-990-EXT-RESULTS-FOR-DEVELOPMENT::heatherluca,HEATHER LUCA,CHIEF COMMUNICATIONS OFFICER,non_ceo_position,functional,no_transition_indicated,no,yes,40.00,,40,213611,249320,yes,213611,213611,0,40.0,213611.0,yes,standardizable_combined_40h_equivalent,part_vii_and_schedule_j_verified,Return/ReturnData/IRS990/Form990PartVIISectionAGrp[22],Return/ReturnData/IRS990ScheduleJ/RltdOrgOfficerTrstKeyEmplGrp[6],SRC-990-EXT-RESULTS-FOR-DEVELOPMENT,5,5,cherylcashin,cherylcashin,false,benchmark/sources/native/form990/202512739349302306_public.xml
SRC-990-EXT-RESULTS-FOR-DEVELOPMENT,Results for Development,SRC-990-EXT-RESULTS-FOR-DEVELOPMENT::laurelhatt,LAUREL HATT,SENIOR PROGRAM DIRECTOR,non_ceo_position,functional,no_transition_indicated,no,yes,40.00,,40,210371,244398,yes,208230,208230,0,40.0,208230.0,yes,standardizable_combined_40h_equivalent,part_vii_and_schedule_j_verified,Return/ReturnData/IRS990/Form990PartVIISectionAGrp[27],Return/ReturnData/IRS990ScheduleJ/RltdOrgOfficerTrstKeyEmplGrp[11],SRC-990-EXT-RESULTS-FOR-DEVELOPMENT,8,8,cherylcashin,cherylcashin,false,benchmark/sources/native/form990/202512739349302306_public.xml
SRC-990-EXT-RESULTS-FOR-DEVELOPMENT,Results for Development,SRC-990-EXT-RESULTS-FOR-DEVELOPMENT::lindavanotoo,LINDA VANOTOO,SENIOR PROGRAM DIRECTOR,non_ceo_position,functional,no_transition_indicated,no,yes,40.00,,40,216581,237074,yes,201254,201254,0,40.0,201254.0,yes,standardizable_combined_40h_equivalent,part_vii_and_schedule_j_verified,Return/ReturnData/IRS990/Form990PartVIISectionAGrp[24],Return/ReturnData/IRS990ScheduleJ/RltdOrgOfficerTrstKeyEmplGrp[8],SRC-990-EXT-RESULTS-FOR-DEVELOPMENT,9,9,cherylcashin,cherylcashin,false,benchmark/sources/native/form990/202512739349302306_public.xml
SRC-990-EXT-RESULTS-FOR-DEVELOPMENT,Results for Development,SRC-990-EXT-RESULTS-FOR-DEVELOPMENT::nathanblanchet,NATHAN BLANCHET,SENIOR PROGRAM DIRECTOR,non_ceo_position,functional,no_transition_indicated,no,yes,40.00,,40,214537,247298,yes,212334,212334,0,40.0,212334.0,yes,standardizable_combined_40h_equivalent,part_vii_and_schedule_j_verified,Return/ReturnData/IRS990/Form990PartVIISectionAGrp[25],Return/ReturnData/IRS990ScheduleJ/RltdOrgOfficerTrstKeyEmplGrp[9],SRC-990-EXT-RESULTS-FOR-DEVELOPMENT,6,6,cherylcashin,cherylcashin,false,benchmark/sources/native/form990/202512739349302306_public.xml
SRC-990-EXT-RESULTS-FOR-DEVELOPMENT,Results for Development,SRC-990-EXT-RESULTS-FOR-DEVELOPMENT::tanyajones,TANYA JONES,MANAGING DIRECTOR,non_ceo_position,functional,no_transition_indicated,no,yes,40.00,,40,276552,305193,yes,276552,276552,0,40.0,276552.0,yes,standardizable_combined_40h_equivalent,part_vii_and_schedule_j_verified,Return/ReturnData/IRS990/Form990PartVIISectionAGrp[20],Return/ReturnData/IRS990ScheduleJ/RltdOrgOfficerTrstKeyEmplGrp[4],SRC-990-EXT-RESULTS-FOR-DEVELOPMENT,2,2,cherylcashin,cherylcashin,false,benchmark/sources/native/form990/202512739349302306_public.xml
SRC-990-EXT-RESULTS-FOR-DEVELOPMENT,Results for Development,SRC-990-EXT-RESULTS-FOR-DEVELOPMENT::vernalynnlalbeharie,VERNA LYNN LALBEHARIE,EXECUTIVE DIRECTOR,generic_ceo_like,uncertain,no_transition_indicated,no,yes,40.00,,40,224879,252582,yes,224879,224879,0,,,no,not_fte_candidate,part_vii_and_schedule_j_verified,Return/ReturnData/IRS990/Form990PartVIISectionAGrp[23],Return/ReturnData/IRS990ScheduleJ/RltdOrgOfficerTrstKeyEmplGrp[7],SRC-990-EXT-RESULTS-FOR-DEVELOPMENT,,,cherylcashin,cherylcashin,false,benchmark/sources/native/form990/202512739349302306_public.xml
SRC-990-RP-REFERENCE,Rethink Priorities,SRC-990-RP-REFERENCE::abiolvera,Abi Olvera,Director,governance,governance,no_transition_indicated,no,no,10.00,0.00,10,7539,7539,no,,,,,,no,not_fte_candidate,part_vii_verified_no_schedule_j,Return/ReturnData/IRS990/Form990PartVIISectionAGrp[14],,SRC-990-RP-REFERENCE,,,amandadakhakhni,amandadakhakhni,false,benchmark/sources/native/form990/202502879349301540_public.xml
SRC-990-RP-REFERENCE,Rethink Priorities,SRC-990-RP-REFERENCE::abrahamrowepartialyear,Abraham Rowe Partial Year,COO,non_ceo_position,functional,partial_or_uncertain,no,yes,40.00,0.00,40,12824,15830,no,,,,,,no,not_fte_candidate,part_vii_verified_no_schedule_j,Return/ReturnData/IRS990/Form990PartVIISectionAGrp[12],,SRC-990-RP-REFERENCE,,,amandadakhakhni,amandadakhakhni,false,benchmark/sources/native/form990/202502879349301540_public.xml
SRC-990-RP-REFERENCE,Rethink Priorities,SRC-990-RP-REFERENCE::amandadakhakhni,Amanda Dakhakhni,Program Director,non_ceo_position,functional,no_transition_indicated,no,yes,40.00,0.00,40,139409,151771,yes,127895,127895,0,40.0,127895.0,yes,standardizable_combined_40h_equivalent,part_vii_and_schedule_j_verified,Return/ReturnData/IRS990/Form990PartVIISectionAGrp[5],Return/ReturnData/IRS990ScheduleJ/RltdOrgOfficerTrstKeyEmplGrp[1],SRC-990-RP-REFERENCE,1,1,amandadakhakhni,amandadakhakhni,false,benchmark/sources/native/form990/202502879349301540_public.xml
SRC-990-RP-REFERENCE,Rethink Priorities,SRC-990-RP-REFERENCE::asheemsingh,Asheem Singh,Treasurer,governance,governance,no_transition_indicated,no,no,15.00,0.00,15,5252,6478,no,,,,,,no,not_fte_candidate,part_vii_verified_no_schedule_j,Return/ReturnData/IRS990/Form990PartVIISectionAGrp[15],,SRC-990-RP-REFERENCE,,,amandadakhakhni,amandadakhakhni,false,benchmark/sources/native/form990/202502879349301540_public.xml
SRC-990-RP-REFERENCE,Rethink Priorities,SRC-990-RP-REFERENCE::carolynfootitt,Carolyn Footitt,COO,non_ceo_position,functional,partial_or_uncertain,no,yes,40.00,0.00,40,79898,136146,no,,,,,,no,not_fte_candidate,part_vii_verified_no_schedule_j,Return/ReturnData/IRS990/Form990PartVIISectionAGrp[9],,SRC-990-RP-REFERENCE,,,amandadakhakhni,amandadakhakhni,false,benchmark/sources/native/form990/202502879349301540_public.xml
SRC-990-RP-REFERENCE,Rethink Priorities,SRC-990-RP-REFERENCE::charlottestix,Charlotte Stix,Head of AI Governance (Apollo),non_ceo_position,program_or_affiliate,no_transition_indicated,no,yes,40.00,0.00,40,183214,185708,yes,161845,161845,0,,,no,not_fte_candidate,part_vii_and_schedule_j_verified,Return/ReturnData/IRS990/Form990PartVIISectionAGrp[2],Return/ReturnData/IRS990ScheduleJ/RltdOrgOfficerTrstKeyEmplGrp[2],SRC-990-RP-REFERENCE,,,amandadakhakhni,amandadakhakhni,false,benchmark/sources/native/form990/202502879349301540_public.xml
SRC-990-RP-REFERENCE,Rethink Priorities,SRC-990-RP-REFERENCE::danielawaldhorn,Daniela Waldhorn,Program Director,non_ceo_position,functional,no_transition_indicated,no,yes,40.00,0.00,40,140427,143225,no,,,,,,no,not_fte_candidate,part_vii_verified_no_schedule_j,Return/ReturnData/IRS990/Form990PartVIISectionAGrp[8],,SRC-990-RP-REFERENCE,,,amandadakhakhni,amandadakhakhni,false,benchmark/sources/native/form990/202502879349301540_public.xml
SRC-990-RP-REFERENCE,Rethink Priorities,SRC-990-RP-REFERENCE::jaimesevilla,Jaime Sevilla,CEO Epoch,generic_ceo_like,program_or_affiliate,no_transition_indicated,no,yes,40.00,0.00,40,133489,135795,no,,,,,,no,not_fte_candidate,part_vii_verified_no_schedule_j,Return/ReturnData/IRS990/Form990PartVIISectionAGrp[10],,SRC-990-RP-REFERENCE,,,amandadakhakhni,amandadakhakhni,false,benchmark/sources/native/form990/202502879349301540_public.xml
SRC-990-RP-REFERENCE,Rethink Priorities,SRC-990-RP-REFERENCE::leesharkey,Lee Sharkey,Chf Strategy Ofcr,non_ceo_position,functional,no_transition_indicated,no,yes,40.00,0.00,40,133413,147027,no,,,,,,no,not_fte_candidate,part_vii_verified_no_schedule_j,Return/ReturnData/IRS990/Form990PartVIISectionAGrp[7],,SRC-990-RP-REFERENCE,,,amandadakhakhni,amandadakhakhni,false,benchmark/sources/native/form990/202502879349301540_public.xml
SRC-990-RP-REFERENCE,Rethink Priorities,SRC-990-RP-REFERENCE::nicholasgoldowskydill,Nicholas Goldowsky-Dill,Research Scientist,non_ceo_position,functional,no_transition_indicated,no,yes,40.00,0.00,40,140208,147898,no,,,,,,no,not_fte_candidate,part_vii_verified_no_schedule_j,Return/ReturnData/IRS990/Form990PartVIISectionAGrp[6],,SRC-990-RP-REFERENCE,,,amandadakhakhni,amandadakhakhni,false,benchmark/sources/native/form990/202502879349301540_public.xml
SRC-990-RP-REFERENCE,Rethink Priorities,SRC-990-RP-REFERENCE::peterhurfordpartialyearco,Peter Hurford Partial Year Co-,CEO,generic_ceo_like,uncertain,partial_or_uncertain,no,yes,40.00,0.00,40,144470,161037,yes,144326,144326,0,,,no,not_fte_candidate,part_vii_and_schedule_j_verified,Return/ReturnData/IRS990/Form990PartVIISectionAGrp[4],Return/ReturnData/IRS990ScheduleJ/RltdOrgOfficerTrstKeyEmplGrp[4],SRC-990-RP-REFERENCE,,,amandadakhakhni,amandadakhakhni,false,benchmark/sources/native/form990/202502879349301540_public.xml
SRC-990-RP-REFERENCE,Rethink Priorities,SRC-990-RP-REFERENCE::rachelmartinezpartialyear,Rachel Martinez Partial Year,COO,non_ceo_position,functional,partial_or_uncertain,no,yes,40.00,0.00,40,99738,119456,no,,,,,,no,not_fte_candidate,part_vii_verified_no_schedule_j,Return/ReturnData/IRS990/Form990PartVIISectionAGrp[11],,SRC-990-RP-REFERENCE,,,amandadakhakhni,amandadakhakhni,false,benchmark/sources/native/form990/202502879349301540_public.xml
SRC-990-RP-REFERENCE,Rethink Priorities,SRC-990-RP-REFERENCE::tamaybesiroglu,Tamay Besiroglu,Associate Director (Epoch),non_ceo_position,program_or_affiliate,no_transition_indicated,no,yes,40.00,0.00,40,207277,214660,yes,144318,144318,0,,,no,not_fte_candidate,part_vii_and_schedule_j_verified,Return/ReturnData/IRS990/Form990PartVIISectionAGrp[1],Return/ReturnData/IRS990ScheduleJ/RltdOrgOfficerTrstKeyEmplGrp[5],SRC-990-RP-REFERENCE,,,amandadakhakhni,amandadakhakhni,false,benchmark/sources/native/form990/202502879349301540_public.xml
SRC-990-RP-REFERENCE,Rethink Priorities,SRC-990-RP-REFERENCE::timshavers,Tim Shavers,Secretary,governance,governance,no_transition_indicated,no,no,15.00,0.00,15,8353,10441,no,,,,,,no,not_fte_candidate,part_vii_verified_no_schedule_j,Return/ReturnData/IRS990/Form990PartVIISectionAGrp[13],,SRC-990-RP-REFERENCE,,,amandadakhakhni,amandadakhakhni,false,benchmark/sources/native/form990/202502879349301540_public.xml
SRC-990-EXT-ROOSEVELT-INSTITUTE,Roosevelt Institute,SRC-990-EXT-ROOSEVELT-INSTITUTE::alibustamante,ALI BUSTAMANTE,"DIR, WORKER POWER AND ECONOMIC SECURITY",non_ceo_position,functional,no_transition_indicated,no,yes,40.00,,40,160669,205933,yes,160669,160669,0,40.0,160669.0,yes,standardizable_combined_40h_equivalent,part_vii_and_schedule_j_verified,Return/ReturnData/IRS990/Form990PartVIISectionAGrp[30],Return/ReturnData/IRS990ScheduleJ/RltdOrgOfficerTrstKeyEmplGrp[9],SRC-990-EXT-ROOSEVELT-INSTITUTE,8,8,katarinaduplessy,katarinaduplessy,false,benchmark/sources/native/form990/202532729349301978_public.xml
SRC-990-EXT-ROOSEVELT-INSTITUTE,Roosevelt Institute,SRC-990-EXT-ROOSEVELT-INSTITUTE::deborahdunevant,DEBORAH DUNEVANT,SVP COMMUNICATIONS,non_ceo_position,functional,no_transition_indicated,no,yes,40.00,,40,221640,247404,yes,221640,221640,0,40.0,221640.0,yes,standardizable_combined_40h_equivalent,part_vii_and_schedule_j_verified,Return/ReturnData/IRS990/Form990PartVIISectionAGrp[27],Return/ReturnData/IRS990ScheduleJ/RltdOrgOfficerTrstKeyEmplGrp[5],SRC-990-EXT-ROOSEVELT-INSTITUTE,4,4,katarinaduplessy,katarinaduplessy,false,benchmark/sources/native/form990/202532729349301978_public.xml
SRC-990-EXT-ROOSEVELT-INSTITUTE,Roosevelt Institute,SRC-990-EXT-ROOSEVELT-INSTITUTE::ilonakramer,ILONA KRAMER,CHIEF OPERATING OFFICER,non_ceo_position,functional,no_transition_indicated,no,yes,40.00,,40,197521,235136,yes,197521,197521,0,40.0,197521.0,yes,standardizable_combined_40h_equivalent,part_vii_and_schedule_j_verified,Return/ReturnData/IRS990/Form990PartVIISectionAGrp[26],Return/ReturnData/IRS990ScheduleJ/RltdOrgOfficerTrstKeyEmplGrp[6],SRC-990-EXT-ROOSEVELT-INSTITUTE,6,6,katarinaduplessy,katarinaduplessy,false,benchmark/sources/native/form990/202532729349301978_public.xml
SRC-990-EXT-ROOSEVELT-INSTITUTE,Roosevelt Institute,SRC-990-EXT-ROOSEVELT-INSTITUTE::juliettestableski,JULIETTE STABLESKI,CHIEF DEVELOPMENT OFFICER,non_ceo_position,functional,no_transition_indicated,no,yes,40.00,,40,234616,277790,yes,234616,234616,0,40.0,234616.0,yes,standardizable_combined_40h_equivalent,part_vii_and_schedule_j_verified,Return/ReturnData/IRS990/Form990PartVIISectionAGrp[24],Return/ReturnData/IRS990ScheduleJ/RltdOrgOfficerTrstKeyEmplGrp[3],SRC-990-EXT-ROOSEVELT-INSTITUTE,2,2,katarinaduplessy,katarinaduplessy,false,benchmark/sources/native/form990/202532729349301978_public.xml
SRC-990-EXT-ROOSEVELT-INSTITUTE,Roosevelt Institute,SRC-990-EXT-ROOSEVELT-INSTITUTE::katarinaduplessy,KATARINA DUPLESSY,CHIEF FINANCIAL OFFICER,non_ceo_position,functional,no_transition_indicated,no,yes,40.00,,40,271944,315609,yes,271944,271944,0,40.0,271944.0,yes,standardizable_combined_40h_equivalent,part_vii_and_schedule_j_verified,Return/ReturnData/IRS990/Form990PartVIISectionAGrp[23],Return/ReturnData/IRS990ScheduleJ/RltdOrgOfficerTrstKeyEmplGrp[2],SRC-990-EXT-ROOSEVELT-INSTITUTE,1,1,katarinaduplessy,katarinaduplessy,false,benchmark/sources/native/form990/202532729349301978_public.xml
SRC-990-EXT-ROOSEVELT-INSTITUTE,Roosevelt Institute,SRC-990-EXT-ROOSEVELT-INSTITUTE::lisaderoche,LISA DEROCHE,CHIEF PEOPLE EQUITY OFFICER,non_ceo_position,functional,no_transition_indicated,no,yes,40.00,,40,228000,255236,yes,228000,228000,0,40.0,228000.0,yes,standardizable_combined_40h_equivalent,part_vii_and_schedule_j_verified,Return/ReturnData/IRS990/Form990PartVIISectionAGrp[25],Return/ReturnData/IRS990ScheduleJ/RltdOrgOfficerTrstKeyEmplGrp[4],SRC-990-EXT-ROOSEVELT-INSTITUTE,3,3,katarinaduplessy,katarinaduplessy,false,benchmark/sources/native/form990/202532729349301978_public.xml
SRC-990-EXT-ROOSEVELT-INSTITUTE,Roosevelt Institute,SRC-990-EXT-ROOSEVELT-INSTITUTE::shannonsmith,SHANNON SMITH,MG DIR. FINANCE,non_ceo_position,functional,no_transition_indicated,no,yes,40.00,,40,187827,214770,yes,187827,187827,0,40.0,187827.0,yes,standardizable_combined_40h_equivalent,part_vii_and_schedule_j_verified,Return/ReturnData/IRS990/Form990PartVIISectionAGrp[29],Return/ReturnData/IRS990ScheduleJ/RltdOrgOfficerTrstKeyEmplGrp[7],SRC-990-EXT-ROOSEVELT-INSTITUTE,7,7,katarinaduplessy,katarinaduplessy,false,benchmark/sources/native/form990/202532729349301978_public.xml
SRC-990-EXT-ROOSEVELT-INSTITUTE,Roosevelt Institute,SRC-990-EXT-ROOSEVELT-INSTITUTE::soniaares,SONIA ARES,DIR. HUMAN RESOURCES,non_ceo_position,functional,no_transition_indicated,no,yes,40.00,,40,157045,188982,yes,157045,157045,0,40.0,157045.0,yes,standardizable_combined_40h_equivalent,part_vii_and_schedule_j_verified,Return/ReturnData/IRS990/Form990PartVIISectionAGrp[31],Return/ReturnData/IRS990ScheduleJ/RltdOrgOfficerTrstKeyEmplGrp[10],SRC-990-EXT-ROOSEVELT-INSTITUTE,9,9,katarinaduplessy,katarinaduplessy,false,benchmark/sources/native/form990/202532729349301978_public.xml
SRC-990-EXT-ROOSEVELT-INSTITUTE,Roosevelt Institute,SRC-990-EXT-ROOSEVELT-INSTITUTE::suzannekahn,SUZANNE KAHN,MG DIR. RESEARCH & POLICY,non_ceo_position,functional,no_transition_indicated,no,yes,40.00,,40,205162,214647,yes,205162,205162,0,40.0,205162.0,yes,standardizable_combined_40h_equivalent,part_vii_and_schedule_j_verified,Return/ReturnData/IRS990/Form990PartVIISectionAGrp[28],Return/ReturnData/IRS990ScheduleJ/RltdOrgOfficerTrstKeyEmplGrp[8],SRC-990-EXT-ROOSEVELT-INSTITUTE,5,5,katarinaduplessy,katarinaduplessy,false,benchmark/sources/native/form990/202532729349301978_public.xml
SRC-990-EXT-SAN-FRANCISCO-ESTUARY-INSTITUTE,San Francisco Estuary Institute,SRC-990-EXT-SAN-FRANCISCO-ESTUARY-INSTITUTE::anthonyhale,Anthony Hale,Program Director,non_ceo_position,functional,no_transition_indicated,no,yes,40.00,,40,167642,167642,yes,167642,167642,0,40.0,167642.0,yes,standardizable_combined_40h_equivalent,part_vii_and_schedule_j_verified,Return/ReturnData/IRS990/Form990PartVIISectionAGrp[17],Return/ReturnData/IRS990ScheduleJ/RltdOrgOfficerTrstKeyEmplGrp[5],SRC-990-EXT-SAN-FRANCISCO-ESTUARY-INSTITUTE,4,4,karenverpeet,karenverpeet,false,benchmark/sources/native/form990/202631319349304238_public.xml
SRC-990-EXT-SAN-FRANCISCO-ESTUARY-INSTITUTE,San Francisco Estuary Institute,SRC-990-EXT-SAN-FRANCISCO-ESTUARY-INSTITUTE::cristinagrosso,Cristina Grosso,Porgram Managing Director,non_ceo_position,functional,no_transition_indicated,no,yes,40.00,,40,132884,132884,no,,,,,,no,not_fte_candidate,part_vii_verified_no_schedule_j,Return/ReturnData/IRS990/Form990PartVIISectionAGrp[24],,SRC-990-EXT-SAN-FRANCISCO-ESTUARY-INSTITUTE,,,karenverpeet,karenverpeet,false,benchmark/sources/native/form990/202631319349304238_public.xml
SRC-990-EXT-SAN-FRANCISCO-ESTUARY-INSTITUTE,San Francisco Estuary Institute,SRC-990-EXT-SAN-FRANCISCO-ESTUARY-INSTITUTE::davidsenn,David Senn,Program Director,non_ceo_position,functional,no_transition_indicated,no,yes,40.00,,40,170149,170149,yes,170149,170149,0,40.0,170149.0,yes,standardizable_combined_40h_equivalent,part_vii_and_schedule_j_verified,Return/ReturnData/IRS990/Form990PartVIISectionAGrp[18],Return/ReturnData/IRS990ScheduleJ/RltdOrgOfficerTrstKeyEmplGrp[3],SRC-990-EXT-SAN-FRANCISCO-ESTUARY-INSTITUTE,2,2,karenverpeet,karenverpeet,false,benchmark/sources/native/form990/202631319349304238_public.xml
SRC-990-EXT-SAN-FRANCISCO-ESTUARY-INSTITUTE,San Francisco Estuary Institute,SRC-990-EXT-SAN-FRANCISCO-ESTUARY-INSTITUTE::donaldyee,Donald Yee,Sr. Scientist,non_ceo_position,functional,no_transition_indicated,no,yes,40.00,,40,128022,128022,no,,,,,,no,not_fte_candidate,part_vii_verified_no_schedule_j,Return/ReturnData/IRS990/Form990PartVIISectionAGrp[26],,SRC-990-EXT-SAN-FRANCISCO-ESTUARY-INSTITUTE,,,karenverpeet,karenverpeet,false,benchmark/sources/native/form990/202631319349304238_public.xml
SRC-990-EXT-SAN-FRANCISCO-ESTUARY-INSTITUTE,San Francisco Estuary Institute,SRC-990-EXT-SAN-FRANCISCO-ESTUARY-INSTITUTE::jaydavis,Jay Davis,Program Director,non_ceo_position,functional,no_transition_indicated,no,yes,40.00,,40,169163,169163,yes,169163,169163,0,40.0,169163.0,yes,standardizable_combined_40h_equivalent,part_vii_and_schedule_j_verified,Return/ReturnData/IRS990/Form990PartVIISectionAGrp[19],Return/ReturnData/IRS990ScheduleJ/RltdOrgOfficerTrstKeyEmplGrp[4],SRC-990-EXT-SAN-FRANCISCO-ESTUARY-INSTITUTE,3,3,karenverpeet,karenverpeet,false,benchmark/sources/native/form990/202631319349304238_public.xml
SRC-990-EXT-SAN-FRANCISCO-ESTUARY-INSTITUTE,San Francisco Estuary Institute,SRC-990-EXT-SAN-FRANCISCO-ESTUARY-INSTITUTE::jennifertrudeau,Jennifer Trudeau,Program Director,non_ceo_position,functional,no_transition_indicated,no,yes,40.00,,40,156932,156932,yes,156932,156932,0,40.0,156932.0,yes,standardizable_combined_40h_equivalent,part_vii_and_schedule_j_verified,Return/ReturnData/IRS990/Form990PartVIISectionAGrp[21],Return/ReturnData/IRS990ScheduleJ/RltdOrgOfficerTrstKeyEmplGrp[6],SRC-990-EXT-SAN-FRANCISCO-ESTUARY-INSTITUTE,5,5,karenverpeet,karenverpeet,false,benchmark/sources/native/form990/202631319349304238_public.xml
SRC-990-EXT-SAN-FRANCISCO-ESTUARY-INSTITUTE,San Francisco Estuary Institute,SRC-990-EXT-SAN-FRANCISCO-ESTUARY-INSTITUTE::karenverpeet,Karen Verpeet,Program Managing Dir,non_ceo_position,functional,no_transition_indicated,no,yes,40.00,,40,176504,176504,yes,176504,176504,0,40.0,176504.0,yes,standardizable_combined_40h_equivalent,part_vii_and_schedule_j_verified,Return/ReturnData/IRS990/Form990PartVIISectionAGrp[20],Return/ReturnData/IRS990ScheduleJ/RltdOrgOfficerTrstKeyEmplGrp[2],SRC-990-EXT-SAN-FRANCISCO-ESTUARY-INSTITUTE,1,1,karenverpeet,karenverpeet,false,benchmark/sources/native/form990/202631319349304238_public.xml
SRC-990-EXT-SAN-FRANCISCO-ESTUARY-INSTITUTE,San Francisco Estuary Institute,SRC-990-EXT-SAN-FRANCISCO-ESTUARY-INSTITUTE::melissafoley,Melissa Foley,Program Director,non_ceo_position,functional,no_transition_indicated,no,yes,40.00,,40,147069,147069,no,,,,,,no,not_fte_candidate,part_vii_verified_no_schedule_j,Return/ReturnData/IRS990/Form990PartVIISectionAGrp[22],,SRC-990-EXT-SAN-FRANCISCO-ESTUARY-INSTITUTE,,,karenverpeet,karenverpeet,false,benchmark/sources/native/form990/202631319349304238_public.xml
SRC-990-EXT-SAN-FRANCISCO-ESTUARY-INSTITUTE,San Francisco Estuary Institute,SRC-990-EXT-SAN-FRANCISCO-ESTUARY-INSTITUTE::scottdusterhoff,Scott Dusterhoff,Porgram Managing Director,non_ceo_position,functional,no_transition_indicated,no,yes,40.00,,40,139842,139842,no,,,,,,no,not_fte_candidate,part_vii_verified_no_schedule_j,Return/ReturnData/IRS990/Form990PartVIISectionAGrp[23],,SRC-990-EXT-SAN-FRANCISCO-ESTUARY-INSTITUTE,,,karenverpeet,karenverpeet,false,benchmark/sources/native/form990/202631319349304238_public.xml
SRC-990-EXT-SAN-FRANCISCO-ESTUARY-INSTITUTE,San Francisco Estuary Institute,SRC-990-EXT-SAN-FRANCISCO-ESTUARY-INSTITUTE::williamfeatherston,William Featherston,Sr. System Administrator,non_ceo_position,functional,no_transition_indicated,no,yes,40.00,,40,128845,128845,no,,,,,,no,not_fte_candidate,part_vii_verified_no_schedule_j,Return/ReturnData/IRS990/Form990PartVIISectionAGrp[25],,SRC-990-EXT-SAN-FRANCISCO-ESTUARY-INSTITUTE,,,karenverpeet,karenverpeet,false,benchmark/sources/native/form990/202631319349304238_public.xml
SRC-990-EXT-SIGHTLINE-INSTITUTE,Sightline Institute,SRC-990-EXT-SIGHTLINE-INSTITUTE::annafahey,Anna Fahey,Principal Director of Strategy,non_ceo_position,functional,no_transition_indicated,no,yes,40.00,,40,125734,167556,yes,125734,125734,0,40.0,125734.0,yes,standardizable_combined_40h_equivalent,part_vii_and_schedule_j_verified,Return/ReturnData/IRS990/Form990PartVIISectionAGrp[15],Return/ReturnData/IRS990ScheduleJ/RltdOrgOfficerTrstKeyEmplGrp[3],SRC-990-EXT-SIGHTLINE-INSTITUTE,3,3,meaghantracy,meaghantracy,false,benchmark/sources/native/form990/202522249349300332_public.xml
SRC-990-EXT-SIGHTLINE-INSTITUTE,Sightline Institute,SRC-990-EXT-SIGHTLINE-INSTITUTE::danbertolet,Dan Bertolet,Senior Director of Housing+Cities,non_ceo_position,functional,no_transition_indicated,no,yes,40.00,,40,128165,150483,yes,128165,128165,0,40.0,128165.0,yes,standardizable_combined_40h_equivalent,part_vii_and_schedule_j_verified,Return/ReturnData/IRS990/Form990PartVIISectionAGrp[16],Return/ReturnData/IRS990ScheduleJ/RltdOrgOfficerTrstKeyEmplGrp[4],SRC-990-EXT-SIGHTLINE-INSTITUTE,2,2,meaghantracy,meaghantracy,false,benchmark/sources/native/form990/202522249349300332_public.xml
SRC-990-EXT-SIGHTLINE-INSTITUTE,Sightline Institute,SRC-990-EXT-SIGHTLINE-INSTITUTE::meaghantracy,Meaghan Tracy,Managing Director,non_ceo_position,functional,no_transition_indicated,no,yes,40.00,,40,134850,172887,yes,134850,134850,0,40.0,134850.0,yes,standardizable_combined_40h_equivalent,part_vii_and_schedule_j_verified,Return/ReturnData/IRS990/Form990PartVIISectionAGrp[14],Return/ReturnData/IRS990ScheduleJ/RltdOrgOfficerTrstKeyEmplGrp[2],SRC-990-EXT-SIGHTLINE-INSTITUTE,1,1,meaghantracy,meaghantracy,false,benchmark/sources/native/form990/202522249349300332_public.xml
SRC-990-EXT-SIGHTLINE-INSTITUTE,Sightline Institute,SRC-990-EXT-SIGHTLINE-INSTITUTE::serenalarkin,Serena Larkin,Director of Communications,non_ceo_position,functional,no_transition_indicated,no,yes,40.00,,40,111128,131802,no,,,,,,no,not_fte_candidate,part_vii_verified_no_schedule_j,Return/ReturnData/IRS990/Form990PartVIISectionAGrp[17],,SRC-990-EXT-SIGHTLINE-INSTITUTE,,,meaghantracy,meaghantracy,false,benchmark/sources/native/form990/202522249349300332_public.xml
SRC-990-EXT-SOCIAL-SCIENCE-RESEARCH-COUNCIL,Social Science Research Council,SRC-990-EXT-SOCIAL-SCIENCE-RESEARCH-COUNCIL::callywaite,CALLY WAITE,PROGRAM DIRECTOR,non_ceo_position,functional,no_transition_indicated,no,yes,35.00,,35,190784,216472,yes,188432,188432,0,35.0,215350.86,yes,standardizable_combined_40h_equivalent,part_vii_and_schedule_j_verified,Return/ReturnData/IRS990/Form990PartVIISectionAGrp[20],Return/ReturnData/IRS990ScheduleJ/RltdOrgOfficerTrstKeyEmplGrp[5],SRC-990-EXT-SOCIAL-SCIENCE-RESEARCH-COUNCIL,3,3,carljohanfredrikpalm,carljohanfredrikpalm,false,benchmark/sources/native/form990/202641339349307834_public.xml
SRC-990-EXT-SOCIAL-SCIENCE-RESEARCH-COUNCIL,Social Science Research Council,SRC-990-EXT-SOCIAL-SCIENCE-RESEARCH-COUNCIL::carljohanfredrikpalm,CARL JOHAN FREDRIK PALM,COO & VP OF ADMIN AND OPS,non_ceo_position,functional,no_transition_indicated,no,yes,35.00,,35,264481,307155,yes,263491,263491,0,35.0,301132.57,yes,standardizable_combined_40h_equivalent,part_vii_and_schedule_j_verified,Return/ReturnData/IRS990/Form990PartVIISectionAGrp[18],Return/ReturnData/IRS990ScheduleJ/RltdOrgOfficerTrstKeyEmplGrp[2],SRC-990-EXT-SOCIAL-SCIENCE-RESEARCH-COUNCIL,1,1,carljohanfredrikpalm,carljohanfredrikpalm,false,benchmark/sources/native/form990/202641339349307834_public.xml
SRC-990-EXT-SOCIAL-SCIENCE-RESEARCH-COUNCIL,Social Science Research Council,SRC-990-EXT-SOCIAL-SCIENCE-RESEARCH-COUNCIL::cyrilobi,CYRIL OBI,PROGRAM DIRECTOR,non_ceo_position,functional,no_transition_indicated,no,yes,35.00,,35,177169,236366,yes,174809,174809,0,35.0,199781.71,yes,standardizable_combined_40h_equivalent,part_vii_and_schedule_j_verified,Return/ReturnData/IRS990/Form990PartVIISectionAGrp[21],Return/ReturnData/IRS990ScheduleJ/RltdOrgOfficerTrstKeyEmplGrp[3],SRC-990-EXT-SOCIAL-SCIENCE-RESEARCH-COUNCIL,4,4,carljohanfredrikpalm,carljohanfredrikpalm,false,benchmark/sources/native/form990/202641339349307834_public.xml
SRC-990-EXT-SOCIAL-SCIENCE-RESEARCH-COUNCIL,Social Science Research Council,SRC-990-EXT-SOCIAL-SCIENCE-RESEARCH-COUNCIL::kristenlewis,KRISTEN LEWIS,PROGRAM DIRECTOR,non_ceo_position,functional,no_transition_indicated,no,yes,35.00,,35,207663,233958,yes,205857,205857,0,35.0,235265.14,yes,standardizable_combined_40h_equivalent,part_vii_and_schedule_j_verified,Return/ReturnData/IRS990/Form990PartVIISectionAGrp[19],Return/ReturnData/IRS990ScheduleJ/RltdOrgOfficerTrstKeyEmplGrp[4],SRC-990-EXT-SOCIAL-SCIENCE-RESEARCH-COUNCIL,2,2,carljohanfredrikpalm,carljohanfredrikpalm,false,benchmark/sources/native/form990/202641339349307834_public.xml
SRC-990-EXT-SOCIAL-SCIENCE-RESEARCH-COUNCIL,Social Science Research Council,SRC-990-EXT-SOCIAL-SCIENCE-RESEARCH-COUNCIL::lisayanoti,LISA YANOTI,DIRECTOR OF FINANCE,non_ceo_position,functional,no_transition_indicated,no,yes,35.00,,35,165125,199468,yes,163763,163763,0,35.0,187157.71,yes,standardizable_combined_40h_equivalent,part_vii_and_schedule_j_verified,Return/ReturnData/IRS990/Form990PartVIISectionAGrp[22],Return/ReturnData/IRS990ScheduleJ/RltdOrgOfficerTrstKeyEmplGrp[6],SRC-990-EXT-SOCIAL-SCIENCE-RESEARCH-COUNCIL,5,5,carljohanfredrikpalm,carljohanfredrikpalm,false,benchmark/sources/native/form990/202641339349307834_public.xml
SRC-990-EXT-SOCIAL-SCIENCE-RESEARCH-COUNCIL,Social Science Research Council,SRC-990-EXT-SOCIAL-SCIENCE-RESEARCH-COUNCIL::zacharyzinn,ZACHARY ZINN,DIRECTOR OF IT & DIGITAL COMMS.,non_ceo_position,functional,no_transition_indicated,no,yes,35.00,,35,140295,174218,yes,139531,139531,0,35.0,159464.0,yes,standardizable_combined_40h_equivalent,part_vii_and_schedule_j_verified,Return/ReturnData/IRS990/Form990PartVIISectionAGrp[23],Return/ReturnData/IRS990ScheduleJ/RltdOrgOfficerTrstKeyEmplGrp[7],SRC-990-EXT-SOCIAL-SCIENCE-RESEARCH-COUNCIL,6,6,carljohanfredrikpalm,carljohanfredrikpalm,false,benchmark/sources/native/form990/202641339349307834_public.xml
SRC-990-EXT-SOFTWARE-FREEDOM-CONSERVANCY,Software Freedom Conservancy,SRC-990-EXT-SOFTWARE-FREEDOM-CONSERVANCY::bradleymkuhn,Bradley M Kuhn,Policy Fellow,non_ceo_position,functional,no_transition_indicated,no,yes,40.00,,40,113112,154413,no,,,,,,no,not_fte_candidate,part_vii_verified_no_schedule_j,Return/ReturnData/IRS990/Form990PartVIISectionAGrp[4],,,,,,,,benchmark/sources/native/form990/202640169349300604_public.xml
SRC-990-EXT-SOFTWARE-FREEDOM-CONSERVANCY,Software Freedom Conservancy,SRC-990-EXT-SOFTWARE-FREEDOM-CONSERVANCY::ricksanders,Rick Sanders,General Counsel,non_ceo_position,functional,no_transition_indicated,no,yes,40,0,40,124838,193349,no,,,,,,no,not_fte_candidate,part_vii_verified_no_schedule_j,Return/ReturnData/IRS990/Form990PartVIISectionAGrp[2],,,,,,,,benchmark/sources/native/form990/202640169349300604_public.xml
SRC-990-EXT-SOFTWARE-FREEDOM-CONSERVANCY,Software Freedom Conservancy,SRC-990-EXT-SOFTWARE-FREEDOM-CONSERVANCY::sagesharp,Sage Sharp,Senior Director of Diversity and Inclusion,non_ceo_position,functional,no_transition_indicated,no,yes,40,0,40,108272,162788,no,,,,,,no,not_fte_candidate,part_vii_verified_no_schedule_j,Return/ReturnData/IRS990/Form990PartVIISectionAGrp[3],,,,,,,,benchmark/sources/native/form990/202640169349300604_public.xml
SRC-990-EXT-STIMSON-CENTER,Stimson Center,SRC-990-EXT-STIMSON-CENTER::chrispreble,CHRIS PREBLE,SENIOR FELLOW & DIRECTOR,non_ceo_position,functional,no_transition_indicated,no,yes,40.00,,40,193859,204484,yes,193859,193859,0,40.0,193859.0,yes,standardizable_combined_40h_equivalent,part_vii_and_schedule_j_verified,Return/ReturnData/IRS990/Form990PartVIISectionAGrp[32],Return/ReturnData/IRS990ScheduleJ/RltdOrgOfficerTrstKeyEmplGrp[3],SRC-990-EXT-STIMSON-CENTER,2,3,rachelstohl,rachelstohl,false,benchmark/sources/native/form990/202533169349304988_public.xml
SRC-990-EXT-STIMSON-CENTER,Stimson Center,SRC-990-EXT-STIMSON-CENTER::elizabeththrelkeld,ELIZABETH THRELKELD,SENIOR FELLOW & DIRECTOR,non_ceo_position,functional,no_transition_indicated,no,yes,40.00,,40,176811,187033,yes,176811,176811,0,40.0,176811.0,yes,standardizable_combined_40h_equivalent,part_vii_and_schedule_j_verified,Return/ReturnData/IRS990/Form990PartVIISectionAGrp[34],Return/ReturnData/IRS990ScheduleJ/RltdOrgOfficerTrstKeyEmplGrp[6],SRC-990-EXT-STIMSON-CENTER,4,5,rachelstohl,rachelstohl,false,benchmark/sources/native/form990/202533169349304988_public.xml
SRC-990-EXT-STIMSON-CENTER,Stimson Center,SRC-990-EXT-STIMSON-CENTER::jennifertown,JENNIFER TOWN,SENIOR FELLOW & DIRECTOR,non_ceo_position,functional,no_transition_indicated,no,yes,40.00,,40,162813,180255,yes,162813,162813,0,40.0,162813.0,yes,standardizable_combined_40h_equivalent,part_vii_and_schedule_j_verified,Return/ReturnData/IRS990/Form990PartVIISectionAGrp[36],Return/ReturnData/IRS990ScheduleJ/RltdOrgOfficerTrstKeyEmplGrp[8],SRC-990-EXT-STIMSON-CENTER,7,7,rachelstohl,rachelstohl,false,benchmark/sources/native/form990/202533169349304988_public.xml
SRC-990-EXT-STIMSON-CENTER,Stimson Center,SRC-990-EXT-STIMSON-CENTER::rachelstohl,RACHEL STOHL,SENIOR VP OF RESEARCH PROGRAMS,non_ceo_position,functional,no_transition_indicated,no,yes,40.00,,40,225865,254350,yes,225865,225865,0,40.0,225865.0,yes,standardizable_combined_40h_equivalent,part_vii_and_schedule_j_verified,Return/ReturnData/IRS990/Form990PartVIISectionAGrp[30],Return/ReturnData/IRS990ScheduleJ/RltdOrgOfficerTrstKeyEmplGrp[2],SRC-990-EXT-STIMSON-CENTER,1,1,rachelstohl,rachelstohl,false,benchmark/sources/native/form990/202533169349304988_public.xml
SRC-990-EXT-STIMSON-CENTER,Stimson Center,SRC-990-EXT-STIMSON-CENTER::sallyyozell,SALLY YOZELL,SENIOR FELLOW & DIRECTOR,non_ceo_position,functional,no_transition_indicated,no,yes,32.00,,32,171890,180928,yes,171890,171890,0,32.0,214862.5,yes,standardizable_combined_40h_equivalent,part_vii_and_schedule_j_verified,Return/ReturnData/IRS990/Form990PartVIISectionAGrp[35],Return/ReturnData/IRS990ScheduleJ/RltdOrgOfficerTrstKeyEmplGrp[7],SRC-990-EXT-STIMSON-CENTER,6,2,rachelstohl,rachelstohl,false,benchmark/sources/native/form990/202533169349304988_public.xml
SRC-990-EXT-STIMSON-CENTER,Stimson Center,SRC-990-EXT-STIMSON-CENTER::vibhabhatia,VIBHA BHATIA,VP OF FINANCE & OPERATIONS,non_ceo_position,functional,no_transition_indicated,no,yes,40.00,,40,174613,192170,yes,174613,174613,0,40.0,174613.0,yes,standardizable_combined_40h_equivalent,part_vii_and_schedule_j_verified,Return/ReturnData/IRS990/Form990PartVIISectionAGrp[31],Return/ReturnData/IRS990ScheduleJ/RltdOrgOfficerTrstKeyEmplGrp[5],SRC-990-EXT-STIMSON-CENTER,5,6,rachelstohl,rachelstohl,false,benchmark/sources/native/form990/202533169349304988_public.xml
SRC-990-EXT-STIMSON-CENTER,Stimson Center,SRC-990-EXT-STIMSON-CENTER::yunsun,YUN SUN,SENIOR FELLOW & DIRECTOR,non_ceo_position,functional,no_transition_indicated,no,yes,40.00,,40,185019,204421,yes,185019,185019,0,40.0,185019.0,yes,standardizable_combined_40h_equivalent,part_vii_and_schedule_j_verified,Return/ReturnData/IRS990/Form990PartVIISectionAGrp[33],Return/ReturnData/IRS990ScheduleJ/RltdOrgOfficerTrstKeyEmplGrp[4],SRC-990-EXT-STIMSON-CENTER,3,4,rachelstohl,rachelstohl,false,benchmark/sources/native/form990/202533169349304988_public.xml
SRC-990-EXT-STRONGMINDS,StrongMinds,SRC-990-EXT-STRONGMINDS::jennbass,JENN BASS,SR. DIR. OF COMMUNICATIONS,non_ceo_position,functional,no_transition_indicated,no,yes,40.00,,40,125443,129582,no,,,,,,no,not_fte_candidate,part_vii_verified_no_schedule_j,Return/ReturnData/IRS990/Form990PartVIISectionAGrp[14],,SRC-990-EXT-STRONGMINDS,,,kimvalente,kimvalente,false,benchmark/sources/native/form990/202511719349300036_public.xml
SRC-990-EXT-STRONGMINDS,StrongMinds,SRC-990-EXT-STRONGMINDS::kevingeorge,KEVIN GEORGE,MANAGING DIRECTOR,non_ceo_position,functional,no_transition_indicated,no,yes,40.00,,40,120600,135724,no,,,,,,no,not_fte_candidate,part_vii_verified_no_schedule_j,Return/ReturnData/IRS990/Form990PartVIISectionAGrp[15],,SRC-990-EXT-STRONGMINDS,,,kimvalente,kimvalente,false,benchmark/sources/native/form990/202511719349300036_public.xml
SRC-990-EXT-STRONGMINDS,StrongMinds,SRC-990-EXT-STRONGMINDS::kimvalente,KIM VALENTE,CHIEF FINANCIAL OFFICER,non_ceo_position,functional,no_transition_indicated,no,yes,40.00,,40,174255,186146,yes,174255,174255,0,40.0,174255.0,yes,standardizable_combined_40h_equivalent,part_vii_and_schedule_j_verified,Return/ReturnData/IRS990/Form990PartVIISectionAGrp[13],Return/ReturnData/IRS990ScheduleJ/RltdOrgOfficerTrstKeyEmplGrp[2],SRC-990-EXT-STRONGMINDS,1,1,kimvalente,kimvalente,false,benchmark/sources/native/form990/202511719349300036_public.xml
SRC-990-EXT-TAX-FOUNDATION,Tax Foundation,SRC-990-EXT-TAX-FOUNDATION::alancole,ALAN COLE,SENIOR ECONOMIST,non_ceo_position,functional,no_transition_indicated,no,yes,40.00,,40,168494,186293,yes,164994,164994,0,40.0,164994.0,yes,standardizable_combined_40h_equivalent,part_vii_and_schedule_j_verified,Return/ReturnData/IRS990/Form990PartVIISectionAGrp[16],Return/ReturnData/IRS990ScheduleJ/RltdOrgOfficerTrstKeyEmplGrp[3],SRC-990-EXT-TAX-FOUNDATION,2,2,williammcbride,williammcbride,false,benchmark/sources/native/form990/202631959349301758_public.xml
SRC-990-EXT-TAX-FOUNDATION,Tax Foundation,SRC-990-EXT-TAX-FOUNDATION::colbypastre,COLBY PASTRE,VP OF MARKETING & COMMUNICATIONS,non_ceo_position,functional,no_transition_indicated,no,yes,40.00,,40,169099,178605,yes,162099,162099,0,40.0,162099.0,yes,standardizable_combined_40h_equivalent,part_vii_and_schedule_j_verified,Return/ReturnData/IRS990/Form990PartVIISectionAGrp[18],Return/ReturnData/IRS990ScheduleJ/RltdOrgOfficerTrstKeyEmplGrp[5],SRC-990-EXT-TAX-FOUNDATION,3,3,williammcbride,williammcbride,false,benchmark/sources/native/form990/202631959349301758_public.xml
SRC-990-EXT-TAX-FOUNDATION,Tax Foundation,SRC-990-EXT-TAX-FOUNDATION::jaredwalczak,JARED WALCZAK,VP OF STATE POLICY,non_ceo_position,functional,no_transition_indicated,no,yes,40.00,,40,164129,173048,yes,160129,160129,0,40.0,160129.0,yes,standardizable_combined_40h_equivalent,part_vii_and_schedule_j_verified,Return/ReturnData/IRS990/Form990PartVIISectionAGrp[19],Return/ReturnData/IRS990ScheduleJ/RltdOrgOfficerTrstKeyEmplGrp[6],SRC-990-EXT-TAX-FOUNDATION,4,4,williammcbride,williammcbride,false,benchmark/sources/native/form990/202631959349301758_public.xml
SRC-990-EXT-TAX-FOUNDATION,Tax Foundation,SRC-990-EXT-TAX-FOUNDATION::whitneyevans,WHITNEY EVANS,DIRECTOR OF DEVELOPMENT,non_ceo_position,functional,no_transition_indicated,no,yes,40.00,,40,158282,185566,yes,150782,150782,0,40.0,150782.0,yes,standardizable_combined_40h_equivalent,part_vii_and_schedule_j_verified,Return/ReturnData/IRS990/Form990PartVIISectionAGrp[17],Return/ReturnData/IRS990ScheduleJ/RltdOrgOfficerTrstKeyEmplGrp[4],SRC-990-EXT-TAX-FOUNDATION,5,5,williammcbride,williammcbride,false,benchmark/sources/native/form990/202631959349301758_public.xml
SRC-990-EXT-TAX-FOUNDATION,Tax Foundation,SRC-990-EXT-TAX-FOUNDATION::williammcbride,WILLIAM MCBRIDE,CHIEF ECONOMIST,non_ceo_position,functional,no_transition_indicated,no,yes,40.00,,40,212610,237065,yes,205610,205610,0,40.0,205610.0,yes,standardizable_combined_40h_equivalent,part_vii_and_schedule_j_verified,Return/ReturnData/IRS990/Form990PartVIISectionAGrp[15],Return/ReturnData/IRS990ScheduleJ/RltdOrgOfficerTrstKeyEmplGrp[2],SRC-990-EXT-TAX-FOUNDATION,1,1,williammcbride,williammcbride,false,benchmark/sources/native/form990/202631959349301758_public.xml
SRC-990-EXT-TECHCONGRESS,TechCongress,SRC-990-EXT-TECHCONGRESS::gracemckinney,GRACE MCKINNEY,DEPUTY DIRECTOR,non_ceo_position,functional,no_transition_indicated,no,yes,40.00,,40,137052,161795,yes,137052,137052,0,40.0,137052.0,yes,standardizable_combined_40h_equivalent,part_vii_and_schedule_j_verified,Return/ReturnData/IRS990/Form990PartVIISectionAGrp[4],Return/ReturnData/IRS990ScheduleJ/RltdOrgOfficerTrstKeyEmplGrp[2],SRC-990-EXT-TECHCONGRESS,1,1,gracemckinney,gracemckinney,false,benchmark/sources/native/form990/202621959349301032_public.xml
SRC-990-EXT-TECHNICAL-ASSISTANCE-COLLABORATIVE,Technical Assistance Collaborative,SRC-990-EXT-TECHNICAL-ASSISTANCE-COLLABORATIVE::dayanasimons,DAYANA SIMONS,SR. CONSULTANT,unmapped_position,uncertain,no_transition_indicated,no,yes,40.00,,40,170181,206790,yes,170181,170181,0,,,no,not_fte_candidate,part_vii_and_schedule_j_verified,Return/ReturnData/IRS990/Form990PartVIISectionAGrp[13],Return/ReturnData/IRS990ScheduleJ/RltdOrgOfficerTrstKeyEmplGrp[5],SRC-990-EXT-TECHNICAL-ASSISTANCE-COLLABORATIVE,,,marieherb,marieherb,false,benchmark/sources/native/form990/202500629349300740_public.xml
SRC-990-EXT-TECHNICAL-ASSISTANCE-COLLABORATIVE,Technical Assistance Collaborative,SRC-990-EXT-TECHNICAL-ASSISTANCE-COLLABORATIVE::douglastetrault,DOUGLAS TETRAULT,SR CONSULTANT,unmapped_position,uncertain,no_transition_indicated,no,yes,40.00,,40,133506,174035,yes,133506,133506,0,,,no,not_fte_candidate,part_vii_and_schedule_j_verified,Return/ReturnData/IRS990/Form990PartVIISectionAGrp[16],Return/ReturnData/IRS990ScheduleJ/RltdOrgOfficerTrstKeyEmplGrp[10],SRC-990-EXT-TECHNICAL-ASSISTANCE-COLLABORATIVE,,,marieherb,marieherb,false,benchmark/sources/native/form990/202500629349300740_public.xml
SRC-990-EXT-TECHNICAL-ASSISTANCE-COLLABORATIVE,Technical Assistance Collaborative,SRC-990-EXT-TECHNICAL-ASSISTANCE-COLLABORATIVE::francinearienti,FRANCINE ARIENTI,DIRECTOR,non_ceo_position,functional,no_transition_indicated,no,yes,40.00,,40,136248,177079,yes,136248,136248,0,40.0,136248.0,yes,standardizable_combined_40h_equivalent,part_vii_and_schedule_j_verified,Return/ReturnData/IRS990/Form990PartVIISectionAGrp[14],Return/ReturnData/IRS990ScheduleJ/RltdOrgOfficerTrstKeyEmplGrp[8],SRC-990-EXT-TECHNICAL-ASSISTANCE-COLLABORATIVE,6,6,marieherb,marieherb,false,benchmark/sources/native/form990/202500629349300740_public.xml
SRC-990-EXT-TECHNICAL-ASSISTANCE-COLLABORATIVE,Technical Assistance Collaborative,SRC-990-EXT-TECHNICAL-ASSISTANCE-COLLABORATIVE::jamesyates,JAMES YATES,DIRECTOR,non_ceo_position,functional,no_transition_indicated,no,yes,40.00,,40,150815,193102,yes,150815,150815,0,40.0,150815.0,yes,standardizable_combined_40h_equivalent,part_vii_and_schedule_j_verified,Return/ReturnData/IRS990/Form990PartVIISectionAGrp[9],Return/ReturnData/IRS990ScheduleJ/RltdOrgOfficerTrstKeyEmplGrp[6],SRC-990-EXT-TECHNICAL-ASSISTANCE-COLLABORATIVE,5,5,marieherb,marieherb,false,benchmark/sources/native/form990/202500629349300740_public.xml
SRC-990-EXT-TECHNICAL-ASSISTANCE-COLLABORATIVE,Technical Assistance Collaborative,SRC-990-EXT-TECHNICAL-ASSISTANCE-COLLABORATIVE::johnabbott,JOHN ABBOTT,DIRECTOR OF BUSINESS OPERA,non_ceo_position,functional,no_transition_indicated,no,yes,40.00,,40,180897,226193,yes,180897,180897,0,40.0,180897.0,yes,standardizable_combined_40h_equivalent,part_vii_and_schedule_j_verified,Return/ReturnData/IRS990/Form990PartVIISectionAGrp[8],Return/ReturnData/IRS990ScheduleJ/RltdOrgOfficerTrstKeyEmplGrp[3],SRC-990-EXT-TECHNICAL-ASSISTANCE-COLLABORATIVE,3,3,marieherb,marieherb,false,benchmark/sources/native/form990/202500629349300740_public.xml
SRC-990-EXT-TECHNICAL-ASSISTANCE-COLLABORATIVE,Technical Assistance Collaborative,SRC-990-EXT-TECHNICAL-ASSISTANCE-COLLABORATIVE::lamontgreen,LAMONT GREEN,DIRECTOR,non_ceo_position,functional,no_transition_indicated,no,yes,40.00,,40,180960,210281,yes,180960,180960,0,40.0,180960.0,yes,standardizable_combined_40h_equivalent,part_vii_and_schedule_j_verified,Return/ReturnData/IRS990/Form990PartVIISectionAGrp[11],Return/ReturnData/IRS990ScheduleJ/RltdOrgOfficerTrstKeyEmplGrp[4],SRC-990-EXT-TECHNICAL-ASSISTANCE-COLLABORATIVE,2,2,marieherb,marieherb,false,benchmark/sources/native/form990/202500629349300740_public.xml
SRC-990-EXT-TECHNICAL-ASSISTANCE-COLLABORATIVE,Technical Assistance Collaborative,SRC-990-EXT-TECHNICAL-ASSISTANCE-COLLABORATIVE::lauraconrad,LAURA CONRAD,SR CONSULTANT,unmapped_position,uncertain,no_transition_indicated,no,yes,40.00,,40,143603,155292,yes,143603,143603,0,,,no,not_fte_candidate,part_vii_and_schedule_j_verified,Return/ReturnData/IRS990/Form990PartVIISectionAGrp[15],Return/ReturnData/IRS990ScheduleJ/RltdOrgOfficerTrstKeyEmplGrp[11],SRC-990-EXT-TECHNICAL-ASSISTANCE-COLLABORATIVE,,,marieherb,marieherb,false,benchmark/sources/native/form990/202500629349300740_public.xml
SRC-990-EXT-TECHNICAL-ASSISTANCE-COLLABORATIVE,Technical Assistance Collaborative,SRC-990-EXT-TECHNICAL-ASSISTANCE-COLLABORATIVE::lisasloane,LISA SLOANE,DIRECTOR,non_ceo_position,functional,no_transition_indicated,no,yes,40.00,,40,157039,174415,yes,157039,157039,0,40.0,157039.0,yes,standardizable_combined_40h_equivalent,part_vii_and_schedule_j_verified,Return/ReturnData/IRS990/Form990PartVIISectionAGrp[10],Return/ReturnData/IRS990ScheduleJ/RltdOrgOfficerTrstKeyEmplGrp[9],SRC-990-EXT-TECHNICAL-ASSISTANCE-COLLABORATIVE,4,4,marieherb,marieherb,false,benchmark/sources/native/form990/202500629349300740_public.xml
SRC-990-EXT-TECHNICAL-ASSISTANCE-COLLABORATIVE,Technical Assistance Collaborative,SRC-990-EXT-TECHNICAL-ASSISTANCE-COLLABORATIVE::marieherb,MARIE HERB,MANAGING DIRECTOR & VICE P,non_ceo_position,functional,no_transition_indicated,no,yes,40.00,,40,187600,233566,yes,187600,187600,0,40.0,187600.0,yes,standardizable_combined_40h_equivalent,part_vii_and_schedule_j_verified,Return/ReturnData/IRS990/Form990PartVIISectionAGrp[7],Return/ReturnData/IRS990ScheduleJ/RltdOrgOfficerTrstKeyEmplGrp[2],SRC-990-EXT-TECHNICAL-ASSISTANCE-COLLABORATIVE,1,1,marieherb,marieherb,false,benchmark/sources/native/form990/202500629349300740_public.xml
SRC-990-EXT-TECHNICAL-ASSISTANCE-COLLABORATIVE,Technical Assistance Collaborative,SRC-990-EXT-TECHNICAL-ASSISTANCE-COLLABORATIVE::rebeccaboss,REBECCA BOSS,SR. CONSULTANT,unmapped_position,uncertain,no_transition_indicated,no,yes,40.00,,40,166062,184340,yes,166062,166062,0,,,no,not_fte_candidate,part_vii_and_schedule_j_verified,Return/ReturnData/IRS990/Form990PartVIISectionAGrp[12],Return/ReturnData/IRS990ScheduleJ/RltdOrgOfficerTrstKeyEmplGrp[7],SRC-990-EXT-TECHNICAL-ASSISTANCE-COLLABORATIVE,,,marieherb,marieherb,false,benchmark/sources/native/form990/202500629349300740_public.xml
SRC-990-EXT-THE-HUMANE-LEAGUE,The Humane League,SRC-990-EXT-THE-HUMANE-LEAGUE::andreacoron,ANDREA CORON,CHIEF OPERATING OFFICER (UNTIL 04/24),non_ceo_position,functional,partial_or_uncertain,no,yes,45.00,,45,96239,106834,no,,,,,,no,not_fte_candidate,part_vii_verified_no_schedule_j,Return/ReturnData/IRS990/Form990PartVIISectionAGrp[10],,SRC-990-EXT-THE-HUMANE-LEAGUE,,,michellestricklandkucerak,michellestricklandkucerak,false,benchmark/sources/native/form990/202512489349301801_public.xml
SRC-990-EXT-THE-HUMANE-LEAGUE,The Humane League,SRC-990-EXT-THE-HUMANE-LEAGUE::annloigman,ANN LOIGMAN,GENERAL COUNSEL,non_ceo_position,functional,no_transition_indicated,no,yes,45.00,,45,142365,148510,no,,,,,,no,not_fte_candidate,part_vii_verified_no_schedule_j,Return/ReturnData/IRS990/Form990PartVIISectionAGrp[14],,SRC-990-EXT-THE-HUMANE-LEAGUE,,,michellestricklandkucerak,michellestricklandkucerak,false,benchmark/sources/native/form990/202512489349301801_public.xml
SRC-990-EXT-THE-HUMANE-LEAGUE,The Humane League,SRC-990-EXT-THE-HUMANE-LEAGUE::jenniferbarckley,JENNIFER BARCKLEY,"SR. VP, MARKETING AND COMMUNICATIONS",non_ceo_position,functional,no_transition_indicated,no,yes,45.00,,45,177349,196839,yes,177349,177349,0,45.0,157643.56,yes,standardizable_combined_40h_equivalent,part_vii_and_schedule_j_verified,Return/ReturnData/IRS990/Form990PartVIISectionAGrp[12],Return/ReturnData/IRS990ScheduleJ/RltdOrgOfficerTrstKeyEmplGrp[3],SRC-990-EXT-THE-HUMANE-LEAGUE,2,2,michellestricklandkucerak,michellestricklandkucerak,false,benchmark/sources/native/form990/202512489349301801_public.xml
SRC-990-EXT-THE-HUMANE-LEAGUE,The Humane League,SRC-990-EXT-THE-HUMANE-LEAGUE::kalistabarter,KALISTA BARTER,"VP, DEVELOPMENT",non_ceo_position,functional,no_transition_indicated,no,yes,45.00,,45,158035,177815,yes,158035,158035,0,45.0,140475.56,yes,standardizable_combined_40h_equivalent,part_vii_and_schedule_j_verified,Return/ReturnData/IRS990/Form990PartVIISectionAGrp[13],Return/ReturnData/IRS990ScheduleJ/RltdOrgOfficerTrstKeyEmplGrp[4],SRC-990-EXT-THE-HUMANE-LEAGUE,3,3,michellestricklandkucerak,michellestricklandkucerak,false,benchmark/sources/native/form990/202512489349301801_public.xml
SRC-990-EXT-THE-HUMANE-LEAGUE,The Humane League,SRC-990-EXT-THE-HUMANE-LEAGUE::karennilsen,KAREN NILSEN,"SR. DIR., DIGITAL STRATEGY",non_ceo_position,functional,no_transition_indicated,no,yes,45.00,,45,142294,146896,no,,,,,,no,not_fte_candidate,part_vii_verified_no_schedule_j,Return/ReturnData/IRS990/Form990PartVIISectionAGrp[15],,SRC-990-EXT-THE-HUMANE-LEAGUE,,,michellestricklandkucerak,michellestricklandkucerak,false,benchmark/sources/native/form990/202512489349301801_public.xml
SRC-990-EXT-THE-HUMANE-LEAGUE,The Humane League,SRC-990-EXT-THE-HUMANE-LEAGUE::markmiddleton,MARK MIDDLETON,DIRECTOR,governance,governance,no_transition_indicated,no,no,5.00,,5,7922,7922,no,,,,,,no,not_fte_candidate,part_vii_verified_no_schedule_j,Return/ReturnData/IRS990/Form990PartVIISectionAGrp[1],,SRC-990-EXT-THE-HUMANE-LEAGUE,,,michellestricklandkucerak,michellestricklandkucerak,false,benchmark/sources/native/form990/202512489349301801_public.xml
SRC-990-EXT-THE-HUMANE-LEAGUE,The Humane League,SRC-990-EXT-THE-HUMANE-LEAGUE::michellestricklandkucerak,MICHELLE STRICKLAND-KUCERAK,"SR. VP, PROGRAMS & POLICY",non_ceo_position,functional,no_transition_indicated,no,yes,45.00,,45,179949,206404,yes,179949,179949,0,45.0,159954.67,yes,standardizable_combined_40h_equivalent,part_vii_and_schedule_j_verified,Return/ReturnData/IRS990/Form990PartVIISectionAGrp[11],Return/ReturnData/IRS990ScheduleJ/RltdOrgOfficerTrstKeyEmplGrp[2],SRC-990-EXT-THE-HUMANE-LEAGUE,1,1,michellestricklandkucerak,michellestricklandkucerak,false,benchmark/sources/native/form990/202512489349301801_public.xml
SRC-990-EXT-THE-SENTENCING-PROJECT,The Sentencing Project,SRC-990-EXT-THE-SENTENCING-PROJECT::ashleynellis,ASHLEY NELLIS,CO-DIRECTOR OF RESEARCH,non_ceo_position,functional,no_transition_indicated,no,yes,40.00,,40,142061,163036,yes,142061,142061,0,40.0,142061.0,yes,standardizable_combined_40h_equivalent,part_vii_and_schedule_j_verified,Return/ReturnData/IRS990/Form990PartVIISectionAGrp[12],Return/ReturnData/IRS990ScheduleJ/RltdOrgOfficerTrstKeyEmplGrp[3],SRC-990-EXT-THE-SENTENCING-PROJECT,1,1,ashleynellis,ashleynellis,false,benchmark/sources/native/form990/202522829349301367_public.xml
SRC-990-EXT-THE-SENTENCING-PROJECT,The Sentencing Project,SRC-990-EXT-THE-SENTENCING-PROJECT::danielbarash,DANIEL BARASH,DIRECTOR OF FINANCE AND OPERATIONS,non_ceo_position,functional,no_transition_indicated,no,yes,40.00,,40,136643,169996,yes,136643,136643,0,40.0,136643.0,yes,standardizable_combined_40h_equivalent,part_vii_and_schedule_j_verified,Return/ReturnData/IRS990/Form990PartVIISectionAGrp[16],Return/ReturnData/IRS990ScheduleJ/RltdOrgOfficerTrstKeyEmplGrp[2],SRC-990-EXT-THE-SENTENCING-PROJECT,3,3,ashleynellis,ashleynellis,false,benchmark/sources/native/form990/202522829349301367_public.xml
SRC-990-EXT-THE-SENTENCING-PROJECT,The Sentencing Project,SRC-990-EXT-THE-SENTENCING-PROJECT::joshrovner,JOSH ROVNER,DIRECTOR OF YOUTH JUSTICE,non_ceo_position,functional,no_transition_indicated,no,yes,40.00,,40,120007,141868,no,,,,,,no,not_fte_candidate,part_vii_verified_no_schedule_j,Return/ReturnData/IRS990/Form990PartVIISectionAGrp[15],,SRC-990-EXT-THE-SENTENCING-PROJECT,,,ashleynellis,ashleynellis,false,benchmark/sources/native/form990/202522829349301367_public.xml
SRC-990-EXT-THE-SENTENCING-PROJECT,The Sentencing Project,SRC-990-EXT-THE-SENTENCING-PROJECT::nazgolghandnoosh,NAZGOL GHANDNOOSH,CO-DIRECTOR OF RESEARCH,non_ceo_position,functional,no_transition_indicated,no,yes,40.00,,40,134442,148801,no,,,,,,no,not_fte_candidate,part_vii_verified_no_schedule_j,Return/ReturnData/IRS990/Form990PartVIISectionAGrp[13],,SRC-990-EXT-THE-SENTENCING-PROJECT,,,ashleynellis,ashleynellis,false,benchmark/sources/native/form990/202522829349301367_public.xml
SRC-990-EXT-THE-SENTENCING-PROJECT,The Sentencing Project,SRC-990-EXT-THE-SENTENCING-PROJECT::nicoleporter,NICOLE PORTER,DIRECTOR OF ADVOCACY,non_ceo_position,functional,no_transition_indicated,no,yes,40.00,,40,137580,158553,yes,137580,137580,0,40.0,137580.0,yes,standardizable_combined_40h_equivalent,part_vii_and_schedule_j_verified,Return/ReturnData/IRS990/Form990PartVIISectionAGrp[14],Return/ReturnData/IRS990ScheduleJ/RltdOrgOfficerTrstKeyEmplGrp[4],SRC-990-EXT-THE-SENTENCING-PROJECT,2,2,ashleynellis,ashleynellis,false,benchmark/sources/native/form990/202522829349301367_public.xml
SRC-990-EXT-THIRD-WAY-INSTITUTE,Third Way Institute,SRC-990-EXT-THIRD-WAY-INSTITUTE::matthewbennett,MATTHEW BENNETT,SECRETARY,unmapped_position,uncertain,no_transition_indicated,no,yes,2.00,38.00,40,379453,420593,yes,379453,0,379453,,,no,not_fte_candidate,part_vii_and_schedule_j_verified,Return/ReturnData/IRS990/Form990PartVIISectionAGrp[7],Return/ReturnData/IRS990ScheduleJ/RltdOrgOfficerTrstKeyEmplGrp[2],,,,,,,benchmark/sources/native/form990/202543159349301669_public.xml
SRC-990-EXT-THIRD-WAY-INSTITUTE,Third Way Institute,SRC-990-EXT-THIRD-WAY-INSTITUTE::stevejdieterlecfo,STEVE J DIETERLE CFO,BOARD TREASURER,governance,governance,no_transition_indicated,no,yes,2.00,38.00,40,181205,188420,yes,181205,0,181205,,,no,not_fte_candidate,part_vii_and_schedule_j_verified,Return/ReturnData/IRS990/Form990PartVIISectionAGrp[6],Return/ReturnData/IRS990ScheduleJ/RltdOrgOfficerTrstKeyEmplGrp[3],,,,,,,benchmark/sources/native/form990/202543159349301669_public.xml
SRC-990-EXT-VERA-INSTITUTE-OF-JUSTICE,Vera Institute of Justice,SRC-990-EXT-VERA-INSTITUTE-OF-JUSTICE::adairhiacono,ADAIR H IACONO,CHIEF LEGAL OFFICER,non_ceo_position,functional,no_transition_indicated,no,yes,40.00,3.00,43,302356,332381,yes,278843,278843,0,43.0,259388.84,yes,standardizable_combined_40h_equivalent,part_vii_and_schedule_j_verified,Return/ReturnData/IRS990/Form990PartVIISectionAGrp[26],Return/ReturnData/IRS990ScheduleJ/RltdOrgOfficerTrstKeyEmplGrp[6],SRC-990-EXT-VERA-INSTITUTE-OF-JUSTICE,4,5,insharahman,edwardkwangyoonchung,true,benchmark/sources/native/form990/202631359349314463_public.xml
SRC-990-EXT-VERA-INSTITUTE-OF-JUSTICE,Vera Institute of Justice,SRC-990-EXT-VERA-INSTITUTE-OF-JUSTICE::edwardkwangyoonchung,EDWARD KWANGYOON CHUNG,"VP, INITIATIVES",non_ceo_position,functional,no_transition_indicated,no,yes,40.00,0.00,40,352475,413681,yes,328250,328250,0,40.0,328250.0,yes,standardizable_combined_40h_equivalent,part_vii_and_schedule_j_verified,Return/ReturnData/IRS990/Form990PartVIISectionAGrp[24],Return/ReturnData/IRS990ScheduleJ/RltdOrgOfficerTrstKeyEmplGrp[2],SRC-990-EXT-VERA-INSTITUTE-OF-JUSTICE,2,1,insharahman,edwardkwangyoonchung,true,benchmark/sources/native/form990/202631359349314463_public.xml
SRC-990-EXT-VERA-INSTITUTE-OF-JUSTICE,Vera Institute of Justice,SRC-990-EXT-VERA-INSTITUTE-OF-JUSTICE::gretchenhaskinspage,GRETCHEN HASKINS PAGE,"VP, DEVELOPMENT",non_ceo_position,functional,no_transition_indicated,no,yes,40.00,0.00,40,274802,307364,yes,251396,251396,0,40.0,251396.0,yes,standardizable_combined_40h_equivalent,part_vii_and_schedule_j_verified,Return/ReturnData/IRS990/Form990PartVIISectionAGrp[28],Return/ReturnData/IRS990ScheduleJ/RltdOrgOfficerTrstKeyEmplGrp[8],SRC-990-EXT-VERA-INSTITUTE-OF-JUSTICE,7,7,insharahman,edwardkwangyoonchung,true,benchmark/sources/native/form990/202631359349314463_public.xml
SRC-990-EXT-VERA-INSTITUTE-OF-JUSTICE,Vera Institute of Justice,SRC-990-EXT-VERA-INSTITUTE-OF-JUSTICE::insharahman,INSHA RAHMAN,"VP, ADVOCACY & PARTNERSHIP",non_ceo_position,functional,no_transition_indicated,no,yes,40.00,9.00,49,355153,386747,yes,331613,331613,0,49.0,270704.49,yes,standardizable_combined_40h_equivalent,part_vii_and_schedule_j_verified,Return/ReturnData/IRS990/Form990PartVIISectionAGrp[23],Return/ReturnData/IRS990ScheduleJ/RltdOrgOfficerTrstKeyEmplGrp[3],SRC-990-EXT-VERA-INSTITUTE-OF-JUSTICE,1,4,insharahman,edwardkwangyoonchung,true,benchmark/sources/native/form990/202631359349314463_public.xml
SRC-990-EXT-VERA-INSTITUTE-OF-JUSTICE,Vera Institute of Justice,SRC-990-EXT-VERA-INSTITUTE-OF-JUSTICE::jamesparsonsprogram,JAMES PARSONS PROGRAM,PROGRAM DIRECTOR AND SPECIAL ADVISOR,non_ceo_position,functional,no_transition_indicated,no,yes,40.00,0.00,40,239387,278293,yes,238511,238511,0,40.0,238511.0,yes,standardizable_combined_40h_equivalent,part_vii_and_schedule_j_verified,Return/ReturnData/IRS990/Form990PartVIISectionAGrp[31],Return/ReturnData/IRS990ScheduleJ/RltdOrgOfficerTrstKeyEmplGrp[9],SRC-990-EXT-VERA-INSTITUTE-OF-JUSTICE,8,8,insharahman,edwardkwangyoonchung,true,benchmark/sources/native/form990/202631359349314463_public.xml
SRC-990-EXT-VERA-INSTITUTE-OF-JUSTICE,Vera Institute of Justice,SRC-990-EXT-VERA-INSTITUTE-OF-JUSTICE::karensuyintan,KAREN SU YIN TAN,"DIRECTOR, INNOVATION AND STRATEGY",non_ceo_position,functional,no_transition_indicated,no,yes,40.00,0.00,40,200183,244092,yes,184928,184928,0,40.0,184928.0,yes,standardizable_combined_40h_equivalent,part_vii_and_schedule_j_verified,Return/ReturnData/IRS990/Form990PartVIISectionAGrp[35],Return/ReturnData/IRS990ScheduleJ/RltdOrgOfficerTrstKeyEmplGrp[13],SRC-990-EXT-VERA-INSTITUTE-OF-JUSTICE,12,12,insharahman,edwardkwangyoonchung,true,benchmark/sources/native/form990/202631359349314463_public.xml
SRC-990-EXT-VERA-INSTITUTE-OF-JUSTICE,Vera Institute of Justice,SRC-990-EXT-VERA-INSTITUTE-OF-JUSTICE::margaretrdizerega,MARGARET R DIZEREGA,"MANAGING DIR., INITIATIVES",non_ceo_position,functional,no_transition_indicated,no,yes,40.00,0.00,40,235551,273520,yes,235180,235180,0,40.0,235180.0,yes,standardizable_combined_40h_equivalent,part_vii_and_schedule_j_verified,Return/ReturnData/IRS990/Form990PartVIISectionAGrp[32],Return/ReturnData/IRS990ScheduleJ/RltdOrgOfficerTrstKeyEmplGrp[10],SRC-990-EXT-VERA-INSTITUTE-OF-JUSTICE,9,9,insharahman,edwardkwangyoonchung,true,benchmark/sources/native/form990/202631359349314463_public.xml
SRC-990-EXT-VERA-INSTITUTE-OF-JUSTICE,Vera Institute of Justice,SRC-990-EXT-VERA-INSTITUTE-OF-JUSTICE::robyoung,ROB YOUNG,CHIEF FINANCIAL & OPERATING OFFICER,non_ceo_position,functional,no_transition_indicated,no,yes,40.00,5.00,45,66088,74891,no,,,,,,no,not_fte_candidate,part_vii_verified_no_schedule_j,Return/ReturnData/IRS990/Form990PartVIISectionAGrp[30],,SRC-990-EXT-VERA-INSTITUTE-OF-JUSTICE,,,insharahman,edwardkwangyoonchung,true,benchmark/sources/native/form990/202631359349314463_public.xml
SRC-990-EXT-VERA-INSTITUTE-OF-JUSTICE,Vera Institute of Justice,SRC-990-EXT-VERA-INSTITUTE-OF-JUSTICE::staceystrongarone,STACEY STRONGARONE,"VP, CHIEF OF STAFF",non_ceo_position,functional,no_transition_indicated,no,yes,40.00,0.00,40,299190,333017,yes,275515,275515,0,40.0,275515.0,yes,standardizable_combined_40h_equivalent,part_vii_and_schedule_j_verified,Return/ReturnData/IRS990/Form990PartVIISectionAGrp[27],Return/ReturnData/IRS990ScheduleJ/RltdOrgOfficerTrstKeyEmplGrp[5],SRC-990-EXT-VERA-INSTITUTE-OF-JUSTICE,5,3,insharahman,edwardkwangyoonchung,true,benchmark/sources/native/form990/202631359349314463_public.xml
SRC-990-EXT-VERA-INSTITUTE-OF-JUSTICE,Vera Institute of Justice,SRC-990-EXT-VERA-INSTITUTE-OF-JUSTICE::theresaraffaelejefferson,THERESA RAFFAELE JEFFERSON,"VP, COMMS. & EXTERNAL AFFAIRS",non_ceo_position,functional,no_transition_indicated,no,yes,40.00,0.00,40,304825,335565,yes,280784,280784,0,40.0,280784.0,yes,standardizable_combined_40h_equivalent,part_vii_and_schedule_j_verified,Return/ReturnData/IRS990/Form990PartVIISectionAGrp[25],Return/ReturnData/IRS990ScheduleJ/RltdOrgOfficerTrstKeyEmplGrp[4],SRC-990-EXT-VERA-INSTITUTE-OF-JUSTICE,3,2,insharahman,edwardkwangyoonchung,true,benchmark/sources/native/form990/202631359349314463_public.xml
SRC-990-EXT-VERA-INSTITUTE-OF-JUSTICE,Vera Institute of Justice,SRC-990-EXT-VERA-INSTITUTE-OF-JUSTICE::traceythomaswilmot,TRACEY THOMAS-WILMOT,"VP, CHIEF PEOPLE OFFICER",non_ceo_position,functional,no_transition_indicated,no,yes,40.00,0.00,40,264853,323865,yes,253034,253034,0,40.0,253034.0,yes,standardizable_combined_40h_equivalent,part_vii_and_schedule_j_verified,Return/ReturnData/IRS990/Form990PartVIISectionAGrp[29],Return/ReturnData/IRS990ScheduleJ/RltdOrgOfficerTrstKeyEmplGrp[7],SRC-990-EXT-VERA-INSTITUTE-OF-JUSTICE,6,6,insharahman,edwardkwangyoonchung,true,benchmark/sources/native/form990/202631359349314463_public.xml
SRC-990-EXT-VERA-INSTITUTE-OF-JUSTICE,Vera Institute of Justice,SRC-990-EXT-VERA-INSTITUTE-OF-JUSTICE::vinamorrisdirector,VINA MORRIS DIRECTOR,"DIRECTOR, TECHNOLOGY INNOVATION AND STRATEGY",non_ceo_position,functional,no_transition_indicated,no,yes,40.00,0.00,40,218466,248555,yes,218085,218085,0,40.0,218085.0,yes,standardizable_combined_40h_equivalent,part_vii_and_schedule_j_verified,Return/ReturnData/IRS990/Form990PartVIISectionAGrp[34],Return/ReturnData/IRS990ScheduleJ/RltdOrgOfficerTrstKeyEmplGrp[12],SRC-990-EXT-VERA-INSTITUTE-OF-JUSTICE,11,11,insharahman,edwardkwangyoonchung,true,benchmark/sources/native/form990/202631359349314463_public.xml
SRC-990-EXT-VERA-INSTITUTE-OF-JUSTICE,Vera Institute of Justice,SRC-990-EXT-VERA-INSTITUTE-OF-JUSTICE::viviansiu,VIVIAN SIU,MANAGING DIRECTOR,non_ceo_position,functional,no_transition_indicated,no,yes,40.00,0.00,40,228911,250568,yes,228357,228357,0,40.0,228357.0,yes,standardizable_combined_40h_equivalent,part_vii_and_schedule_j_verified,Return/ReturnData/IRS990/Form990PartVIISectionAGrp[33],Return/ReturnData/IRS990ScheduleJ/RltdOrgOfficerTrstKeyEmplGrp[11],SRC-990-EXT-VERA-INSTITUTE-OF-JUSTICE,10,10,insharahman,edwardkwangyoonchung,true,benchmark/sources/native/form990/202631359349314463_public.xml
SRC-990-EXT-VILLAGE-ENTERPRISE,Village Enterprise,SRC-990-EXT-VILLAGE-ENTERPRISE::abdidebela,ABDI DEBELA,CHIEF FINANCIAL OFFICER,non_ceo_position,functional,no_transition_indicated,no,yes,40.00,0.25,40.25,207201,224535,yes,198512,198512,0,40.25,197279.01,yes,standardizable_combined_40h_equivalent,part_vii_and_schedule_j_verified,Return/ReturnData/IRS990/Form990PartVIISectionAGrp[16],Return/ReturnData/IRS990ScheduleJ/RltdOrgOfficerTrstKeyEmplGrp[2],SRC-990-EXT-VILLAGE-ENTERPRISE,1,1,abdidebela,abdidebela,false,benchmark/sources/native/form990/202631359349301128_public.xml
SRC-990-EXT-VILLAGE-ENTERPRISE,Village Enterprise,SRC-990-EXT-VILLAGE-ENTERPRISE::celestebrubaker,CELESTE BRUBAKER,CHIEF IMPACT OFFICER (UNTIL 5/25),non_ceo_position,functional,verified_full_year,no,yes,40.00,,40,181740,196344,yes,162154,162154,0,40.0,162154.0,yes,standardizable_combined_40h_equivalent,part_vii_and_schedule_j_verified,Return/ReturnData/IRS990/Form990PartVIISectionAGrp[19],Return/ReturnData/IRS990ScheduleJ/RltdOrgOfficerTrstKeyEmplGrp[3],SRC-990-EXT-VILLAGE-ENTERPRISE,3,3,abdidebela,abdidebela,false,benchmark/sources/native/form990/202631359349301128_public.xml
SRC-990-EXT-VILLAGE-ENTERPRISE,Village Enterprise,SRC-990-EXT-VILLAGE-ENTERPRISE::evelynemkungo,EVELYNE MKUNGO,VP OF PEOPLE & CULTURE,non_ceo_position,functional,no_transition_indicated,no,yes,40.00,,40,128939,148958,no,,,,,,no,not_fte_candidate,part_vii_verified_no_schedule_j,Return/ReturnData/IRS990/Form990PartVIISectionAGrp[23],,SRC-990-EXT-VILLAGE-ENTERPRISE,,,abdidebela,abdidebela,false,benchmark/sources/native/form990/202631359349301128_public.xml
SRC-990-EXT-VILLAGE-ENTERPRISE,Village Enterprise,SRC-990-EXT-VILLAGE-ENTERPRISE::jamesphelan,JAMES PHELAN,VP OF PHILANTHROPY (UNTIL 2/25),non_ceo_position,functional,verified_full_year,no,yes,40.00,,40,166613,185503,yes,162863,162863,0,40.0,162863.0,yes,standardizable_combined_40h_equivalent,part_vii_and_schedule_j_verified,Return/ReturnData/IRS990/Form990PartVIISectionAGrp[20],Return/ReturnData/IRS990ScheduleJ/RltdOrgOfficerTrstKeyEmplGrp[4],SRC-990-EXT-VILLAGE-ENTERPRISE,2,2,abdidebela,abdidebela,false,benchmark/sources/native/form990/202631359349301128_public.xml
SRC-990-EXT-VILLAGE-ENTERPRISE,Village Enterprise,SRC-990-EXT-VILLAGE-ENTERPRISE::josephmudenge,JOSEPH MUDENGE,VP OF MONITORING & EVALUATION,non_ceo_position,functional,no_transition_indicated,no,yes,40.00,,40,128341,155854,yes,125216,125216,0,40.0,125216.0,yes,standardizable_combined_40h_equivalent,part_vii_and_schedule_j_verified,Return/ReturnData/IRS990/Form990PartVIISectionAGrp[22],Return/ReturnData/IRS990ScheduleJ/RltdOrgOfficerTrstKeyEmplGrp[8],SRC-990-EXT-VILLAGE-ENTERPRISE,5,5,abdidebela,abdidebela,false,benchmark/sources/native/form990/202631359349301128_public.xml
SRC-990-EXT-VILLAGE-ENTERPRISE,Village Enterprise,SRC-990-EXT-VILLAGE-ENTERPRISE::tadeomuriuki,TADEO MURIUKI,CHIEF GOVERNMENT RELATIONS OFFICER,non_ceo_position,functional,no_transition_indicated,no,yes,40.00,,40,165875,170996,yes,158919,158919,0,40.0,158919.0,yes,standardizable_combined_40h_equivalent,part_vii_and_schedule_j_verified,Return/ReturnData/IRS990/Form990PartVIISectionAGrp[21],Return/ReturnData/IRS990ScheduleJ/RltdOrgOfficerTrstKeyEmplGrp[6],SRC-990-EXT-VILLAGE-ENTERPRISE,4,4,abdidebela,abdidebela,false,benchmark/sources/native/form990/202631359349301128_public.xml
SRC-990-EXT-VILLAGE-ENTERPRISE,Village Enterprise,SRC-990-EXT-VILLAGE-ENTERPRISE::winnieauma,WINNIE AUMA,"CPO (UNTIL 12/2024), COO (FROM 1/25)",non_ceo_position,functional,not_held,no,yes,40.00,,40,136509,164185,yes,130099,130099,0,,,no,not_fte_candidate,part_vii_and_schedule_j_verified,Return/ReturnData/IRS990/Form990PartVIISectionAGrp[18],Return/ReturnData/IRS990ScheduleJ/RltdOrgOfficerTrstKeyEmplGrp[7],SRC-990-EXT-VILLAGE-ENTERPRISE,,,abdidebela,abdidebela,false,benchmark/sources/native/form990/202631359349301128_public.xml
SRC-990-EXT-VILLAGE-ENTERPRISE,Village Enterprise,SRC-990-EXT-VILLAGE-ENTERPRISE::zachhoins,ZACH HOINS,"COO (UNTIL 12/24), MANG. DIR US (FROM 1/25)",non_ceo_position,functional,partial_or_uncertain,no,yes,40.00,,40,169775,184664,yes,162653,162653,0,,,no,not_fte_candidate,part_vii_and_schedule_j_verified,Return/ReturnData/IRS990/Form990PartVIISectionAGrp[17],Return/ReturnData/IRS990ScheduleJ/RltdOrgOfficerTrstKeyEmplGrp[5],SRC-990-EXT-VILLAGE-ENTERPRISE,,,abdidebela,abdidebela,false,benchmark/sources/native/form990/202631359349301128_public.xml
SRC-990-EXT-VILLAGEREACH,VillageReach,SRC-990-EXT-VILLAGEREACH::annholmes,ANN HOLMES,"VP, GLOBAL OPS/TREAS (THRU 12/23)",non_ceo_position,functional,partial_or_uncertain,no,yes,40.00,,40,189811,214534,yes,171389,171389,0,,,no,not_fte_candidate,part_vii_and_schedule_j_verified,Return/ReturnData/IRS990/Form990PartVIISectionAGrp[17],Return/ReturnData/IRS990ScheduleJ/RltdOrgOfficerTrstKeyEmplGrp[2],SRC-990-EXT-VILLAGEREACH,,,bannetndyanabangi,bannetndyanabangi,false,benchmark/sources/native/form990/202512199349301336_public.xml
SRC-990-EXT-VILLAGEREACH,VillageReach,SRC-990-EXT-VILLAGEREACH::bannetndyanabangi,BANNET NDYANABANGI,"VP, PROGRAMS",non_ceo_position,functional,no_transition_indicated,no,yes,40.00,,40,175000,180122,yes,175000,175000,0,40.0,175000.0,yes,standardizable_combined_40h_equivalent,part_vii_and_schedule_j_verified,Return/ReturnData/IRS990/Form990PartVIISectionAGrp[18],Return/ReturnData/IRS990ScheduleJ/RltdOrgOfficerTrstKeyEmplGrp[5],SRC-990-EXT-VILLAGEREACH,1,1,bannetndyanabangi,bannetndyanabangi,false,benchmark/sources/native/form990/202512199349301336_public.xml
SRC-990-EXT-VILLAGEREACH,VillageReach,SRC-990-EXT-VILLAGEREACH::catherinequinn,CATHERINE QUINN,SECRETARY,unmapped_position,uncertain,no_transition_indicated,no,yes,40.00,,40,64736,75727,no,,,,,,no,not_fte_candidate,part_vii_verified_no_schedule_j,Return/ReturnData/IRS990/Form990PartVIISectionAGrp[19],,SRC-990-EXT-VILLAGEREACH,,,bannetndyanabangi,bannetndyanabangi,false,benchmark/sources/native/form990/202512199349301336_public.xml
SRC-990-EXT-VILLAGEREACH,VillageReach,SRC-990-EXT-VILLAGEREACH::claudiashilumani,CLAUDIA SHILUMANI,"VP, P&I (THRU 09/24)",non_ceo_position,functional,verified_full_year,no,yes,40.00,,40,185500,195034,yes,172985,172985,0,40.0,172985.0,yes,standardizable_combined_40h_equivalent,part_vii_and_schedule_j_verified,Return/ReturnData/IRS990/Form990PartVIISectionAGrp[20],Return/ReturnData/IRS990ScheduleJ/RltdOrgOfficerTrstKeyEmplGrp[4],SRC-990-EXT-VILLAGEREACH,2,2,bannetndyanabangi,bannetndyanabangi,false,benchmark/sources/native/form990/202512199349301336_public.xml
SRC-990-EXT-VILLAGEREACH,VillageReach,SRC-990-EXT-VILLAGEREACH::jennifercrouch,JENNIFER CROUCH,"DIRECTOR, DEVELOPMENT",non_ceo_position,functional,no_transition_indicated,no,yes,40.00,,40,129163,143876,no,,,,,,no,not_fte_candidate,part_vii_verified_no_schedule_j,Return/ReturnData/IRS990/Form990PartVIISectionAGrp[24],,SRC-990-EXT-VILLAGEREACH,,,bannetndyanabangi,bannetndyanabangi,false,benchmark/sources/native/form990/202512199349301336_public.xml
SRC-990-EXT-VILLAGEREACH,VillageReach,SRC-990-EXT-VILLAGEREACH::josephroussel,JOSEPH ROUSSEL,"DIR, PVT SECT. ENGMT (THRU 09/24)",non_ceo_position,functional,partial_or_uncertain,no,yes,40.00,,40,180199,197416,yes,180199,180199,0,,,no,not_fte_candidate,part_vii_and_schedule_j_verified,Return/ReturnData/IRS990/Form990PartVIISectionAGrp[21],Return/ReturnData/IRS990ScheduleJ/RltdOrgOfficerTrstKeyEmplGrp[3],SRC-990-EXT-VILLAGEREACH,,,bannetndyanabangi,bannetndyanabangi,false,benchmark/sources/native/form990/202512199349301336_public.xml
SRC-990-EXT-VILLAGEREACH,VillageReach,SRC-990-EXT-VILLAGEREACH::joshuazamor,JOSHUA ZAMOR,PRINCIPAL SOFTWARE ENGINEER,non_ceo_position,functional,no_transition_indicated,no,yes,40.00,,40,136676,151623,yes,136676,136676,0,40.0,136676.0,yes,standardizable_combined_40h_equivalent,part_vii_and_schedule_j_verified,Return/ReturnData/IRS990/Form990PartVIISectionAGrp[23],Return/ReturnData/IRS990ScheduleJ/RltdOrgOfficerTrstKeyEmplGrp[7],SRC-990-EXT-VILLAGEREACH,4,4,bannetndyanabangi,bannetndyanabangi,false,benchmark/sources/native/form990/202512199349301336_public.xml
SRC-990-EXT-VILLAGEREACH,VillageReach,SRC-990-EXT-VILLAGEREACH::katlentilman,KATLEN TILMAN,"DIRECTOR, COMMUNICATIONS",non_ceo_position,functional,no_transition_indicated,no,yes,40.00,,40,125777,146306,no,,,,,,no,not_fte_candidate,part_vii_verified_no_schedule_j,Return/ReturnData/IRS990/Form990PartVIISectionAGrp[25],,SRC-990-EXT-VILLAGEREACH,,,bannetndyanabangi,bannetndyanabangi,false,benchmark/sources/native/form990/202512199349301336_public.xml
SRC-990-EXT-VILLAGEREACH,VillageReach,SRC-990-EXT-VILLAGEREACH::olivierdefawe,OLIVIER DEFAWE,"DIRECTOR, PRIVATE SECTOR ENGAGEMENT",non_ceo_position,functional,no_transition_indicated,no,yes,40.00,,40,142093,158691,yes,142093,142093,0,40.0,142093.0,yes,standardizable_combined_40h_equivalent,part_vii_and_schedule_j_verified,Return/ReturnData/IRS990/Form990PartVIISectionAGrp[22],Return/ReturnData/IRS990ScheduleJ/RltdOrgOfficerTrstKeyEmplGrp[6],SRC-990-EXT-VILLAGEREACH,3,3,bannetndyanabangi,bannetndyanabangi,false,benchmark/sources/native/form990/202512199349301336_public.xml
SRC-990-EXT-VILLAGEREACH,VillageReach,SRC-990-EXT-VILLAGEREACH::tendaimunyoro,TENDAI MUNYORO,CHIEF FINANCIAL OFFICER/TREASURER,non_ceo_position,functional,no_transition_indicated,no,yes,40.00,,40,72083,74362,no,,,,,,no,not_fte_candidate,part_vii_verified_no_schedule_j,Return/ReturnData/IRS990/Form990PartVIISectionAGrp[15],,SRC-990-EXT-VILLAGEREACH,,,bannetndyanabangi,bannetndyanabangi,false,benchmark/sources/native/form990/202512199349301336_public.xml
SRC-990-EXT3-WATTTIME,WattTime,SRC-990-EXT3-WATTTIME::alexandriashuster,ALEXANDRIA SHUSTER,SECRETARY,unmapped_position,uncertain,no_transition_indicated,no,yes,40.00,,40,122686,146382,no,,,,,,no,not_fte_candidate,part_vii_verified_no_schedule_j,Return/ReturnData/IRS990/Form990PartVIISectionAGrp[8],,,,,,,,benchmark/sources/native/form990/202620979349301707_public.xml
SRC-990-EXT3-WATTTIME,WattTime,SRC-990-EXT3-WATTTIME::ericdnguyen,ERIC D NGUYEN,CHIEF PRODUC,unmapped_position,uncertain,no_transition_indicated,no,yes,40.00,,40,215465,242211,yes,215465,215465,0,,,no,not_fte_candidate,part_vii_and_schedule_j_verified,Return/ReturnData/IRS990/Form990PartVIISectionAGrp[4],Return/ReturnData/IRS990ScheduleJ/RltdOrgOfficerTrstKeyEmplGrp[4],,,,,,,benchmark/sources/native/form990/202620979349301707_public.xml
SRC-990-EXT3-WATTTIME,WattTime,SRC-990-EXT3-WATTTIME::gavinmccormick,GAVIN MCCORMICK,EXECUTIVE DI,generic_ceo_like,uncertain,no_transition_indicated,no,yes,40.00,,40,207505,227392,yes,207505,207505,0,,,no,not_fte_candidate,part_vii_and_schedule_j_verified,Return/ReturnData/IRS990/Form990PartVIISectionAGrp[6],Return/ReturnData/IRS990ScheduleJ/RltdOrgOfficerTrstKeyEmplGrp[6],,,,,,,benchmark/sources/native/form990/202620979349301707_public.xml
SRC-990-EXT3-WATTTIME,WattTime,SRC-990-EXT3-WATTTIME::jeremyfreeman,JEREMY FREEMAN,SOFTWARE ENG,non_ceo_position,functional,no_transition_indicated,no,yes,40.00,,40,238576,292631,yes,238576,238576,0,40.0,238576.0,yes,standardizable_combined_40h_equivalent,part_vii_and_schedule_j_verified,Return/ReturnData/IRS990/Form990PartVIISectionAGrp[1],Return/ReturnData/IRS990ScheduleJ/RltdOrgOfficerTrstKeyEmplGrp[1],,,,,,,benchmark/sources/native/form990/202620979349301707_public.xml
SRC-990-EXT3-WATTTIME,WattTime,SRC-990-EXT3-WATTTIME::lauracirincione,LAURA CIRINCIONE,DIR. OF PART,non_ceo_position,functional,no_transition_indicated,no,yes,40.00,,40,223653,252437,yes,223653,223653,0,40.0,223653.0,yes,standardizable_combined_40h_equivalent,part_vii_and_schedule_j_verified,Return/ReturnData/IRS990/Form990PartVIISectionAGrp[3],Return/ReturnData/IRS990ScheduleJ/RltdOrgOfficerTrstKeyEmplGrp[3],,,,,,,benchmark/sources/native/form990/202620979349301707_public.xml
SRC-990-EXT3-WATTTIME,WattTime,SRC-990-EXT3-WATTTIME::samkoebrich,SAM KOEBRICH,PPAL ENGINEE,non_ceo_position,functional,no_transition_indicated,no,yes,40.00,,40,211297,238194,yes,211297,211297,0,40.0,211297.0,yes,standardizable_combined_40h_equivalent,part_vii_and_schedule_j_verified,Return/ReturnData/IRS990/Form990PartVIISectionAGrp[5],Return/ReturnData/IRS990ScheduleJ/RltdOrgOfficerTrstKeyEmplGrp[5],,,,,,,benchmark/sources/native/form990/202620979349301707_public.xml
SRC-990-EXT3-WATTTIME,WattTime,SRC-990-EXT3-WATTTIME::sashashahidi,SASHA SHAHIDI,CFO / TREASU,non_ceo_position,functional,no_transition_indicated,no,yes,40.00,,40,146206,163936,yes,146206,146206,0,40.0,146206.0,yes,standardizable_combined_40h_equivalent,part_vii_and_schedule_j_verified,Return/ReturnData/IRS990/Form990PartVIISectionAGrp[7],Return/ReturnData/IRS990ScheduleJ/RltdOrgOfficerTrstKeyEmplGrp[7],,,,,,,benchmark/sources/native/form990/202620979349301707_public.xml
SRC-990-EXT3-WATTTIME,WattTime,SRC-990-EXT3-WATTTIME::williamcofield,WILLIAM COFIELD,SR DATA SCIE,non_ceo_position,functional,no_transition_indicated,no,yes,40.00,,40,243857,264586,yes,243857,243857,0,40.0,243857.0,yes,standardizable_combined_40h_equivalent,part_vii_and_schedule_j_verified,Return/ReturnData/IRS990/Form990PartVIISectionAGrp[2],Return/ReturnData/IRS990ScheduleJ/RltdOrgOfficerTrstKeyEmplGrp[2],,,,,,,benchmark/sources/native/form990/202620979349301707_public.xml
SRC-990-EXT-WORLD-JUSTICE-PROJECT,World Justice Project,SRC-990-EXT-WORLD-JUSTICE-PROJECT::alejandroponcerodriguez,ALEJANDRO PONCE-RODRIGUEZ,CHIEF RESEARCH OFFICER,non_ceo_position,functional,no_transition_indicated,no,yes,37.50,,37.5,250627,317421,yes,250177,250177,0,37.5,266855.47,yes,standardizable_combined_40h_equivalent,part_vii_and_schedule_j_verified,Return/ReturnData/IRS990/Form990PartVIISectionAGrp[21],Return/ReturnData/IRS990ScheduleJ/RltdOrgOfficerTrstKeyEmplGrp[3],SRC-990-EXT-WORLD-JUSTICE-PROJECT,3,3,jamesvanderklok,jamesvanderklok,false,benchmark/sources/native/form990/202543089349302129_public.xml
SRC-990-EXT-WORLD-JUSTICE-PROJECT,World Justice Project,SRC-990-EXT-WORLD-JUSTICE-PROJECT::amygryskiewicz,AMY GRYSKIEWICZ,CHIEF OF STAFF,non_ceo_position,functional,no_transition_indicated,no,yes,37.50,,37.5,159100,199178,yes,158800,158800,0,37.5,169386.67,yes,standardizable_combined_40h_equivalent,part_vii_and_schedule_j_verified,Return/ReturnData/IRS990/Form990PartVIISectionAGrp[22],Return/ReturnData/IRS990ScheduleJ/RltdOrgOfficerTrstKeyEmplGrp[7],SRC-990-EXT-WORLD-JUSTICE-PROJECT,6,6,jamesvanderklok,jamesvanderklok,false,benchmark/sources/native/form990/202543089349302129_public.xml
SRC-990-EXT-WORLD-JUSTICE-PROJECT,World Justice Project,SRC-990-EXT-WORLD-JUSTICE-PROJECT::geroldwlibby,GEROLD W LIBBY,GENERAL COUNSEL & SECRETARY,non_ceo_position,functional,no_transition_indicated,no,no,10.00,,10,12000,12000,no,,,,,,no,not_fte_candidate,part_vii_verified_no_schedule_j,Return/ReturnData/IRS990/Form990PartVIISectionAGrp[16],,SRC-990-EXT-WORLD-JUSTICE-PROJECT,,,jamesvanderklok,jamesvanderklok,false,benchmark/sources/native/form990/202543089349302129_public.xml
SRC-990-EXT-WORLD-JUSTICE-PROJECT,World Justice Project,SRC-990-EXT-WORLD-JUSTICE-PROJECT::jamesvanderklok,JAMES VAN DER KLOK,CHIEF OF PHILANTHROPICAL P,non_ceo_position,functional,no_transition_indicated,no,yes,37.50,,37.5,261934,320665,yes,258124,258124,0,37.5,275332.27,yes,standardizable_combined_40h_equivalent,part_vii_and_schedule_j_verified,Return/ReturnData/IRS990/Form990PartVIISectionAGrp[23],Return/ReturnData/IRS990ScheduleJ/RltdOrgOfficerTrstKeyEmplGrp[2],SRC-990-EXT-WORLD-JUSTICE-PROJECT,1,1,jamesvanderklok,jamesvanderklok,false,benchmark/sources/native/form990/202543089349302129_public.xml
SRC-990-EXT-WORLD-JUSTICE-PROJECT,World Justice Project,SRC-990-EXT-WORLD-JUSTICE-PROJECT::marklewis,MARK LEWIS,CHIEF OF PUBLIC SECTOR PAR,non_ceo_position,functional,no_transition_indicated,no,yes,37.50,,37.5,199026,225783,yes,197046,197046,0,37.5,210182.4,yes,standardizable_combined_40h_equivalent,part_vii_and_schedule_j_verified,Return/ReturnData/IRS990/Form990PartVIISectionAGrp[24],Return/ReturnData/IRS990ScheduleJ/RltdOrgOfficerTrstKeyEmplGrp[6],SRC-990-EXT-WORLD-JUSTICE-PROJECT,4,4,jamesvanderklok,jamesvanderklok,false,benchmark/sources/native/form990/202543089349302129_public.xml
SRC-990-EXT-WORLD-JUSTICE-PROJECT,World Justice Project,SRC-990-EXT-WORLD-JUSTICE-PROJECT::richardschorr,RICHARD SCHORR,CHIEF FINANCIAL OFFICER,non_ceo_position,functional,no_transition_indicated,no,yes,37.50,,37.5,259914,309722,yes,252734,252734,0,37.5,269582.93,yes,standardizable_combined_40h_equivalent,part_vii_and_schedule_j_verified,Return/ReturnData/IRS990/Form990PartVIISectionAGrp[20],Return/ReturnData/IRS990ScheduleJ/RltdOrgOfficerTrstKeyEmplGrp[4],SRC-990-EXT-WORLD-JUSTICE-PROJECT,2,2,jamesvanderklok,jamesvanderklok,false,benchmark/sources/native/form990/202543089349302129_public.xml
SRC-990-EXT-WORLD-JUSTICE-PROJECT,World Justice Project,SRC-990-EXT-WORLD-JUSTICE-PROJECT::tanyaweinbergyahana,TANYA WEINBERG YAHANA,CHIEF COMMUNICATION OFFICE,non_ceo_position,functional,no_transition_indicated,no,yes,37.50,,37.5,177007,238417,yes,176317,176317,0,37.5,188071.47,yes,standardizable_combined_40h_equivalent,part_vii_and_schedule_j_verified,Return/ReturnData/IRS990/Form990PartVIISectionAGrp[25],Return/ReturnData/IRS990ScheduleJ/RltdOrgOfficerTrstKeyEmplGrp[5],SRC-990-EXT-WORLD-JUSTICE-PROJECT,5,5,jamesvanderklok,jamesvanderklok,false,benchmark/sources/native/form990/202543089349302129_public.xml
SRC-990-EXT-IDEAS42,ideas42,SRC-990-EXT-IDEAS42::alexandermuschettblau,ALEXANDER MUSCHETT BLAU,PRINCIPAL BEHAVIORAL DESIGNER,non_ceo_position,functional,no_transition_indicated,no,yes,40.00,,40,113533,141662,no,,,,,,no,not_fte_candidate,part_vii_verified_no_schedule_j,Return/ReturnData/IRS990/Form990PartVIISectionAGrp[33],,SRC-990-EXT-IDEAS42,,,piyushtantia,piyushtantia,false,benchmark/sources/native/form990/202423199349314832_public.xml
SRC-990-EXT-IDEAS42,ideas42,SRC-990-EXT-IDEAS42::alissafishbane,ALISSA FISHBANE,MANAGING DIRECTOR,non_ceo_position,functional,no_transition_indicated,no,yes,40.00,,40,193247,214125,yes,193247,193247,0,40.0,193247.0,yes,standardizable_combined_40h_equivalent,part_vii_and_schedule_j_verified,Return/ReturnData/IRS990/Form990PartVIISectionAGrp[15],Return/ReturnData/IRS990ScheduleJ/RltdOrgOfficerTrstKeyEmplGrp[4],SRC-990-EXT-IDEAS42,3,3,piyushtantia,piyushtantia,false,benchmark/sources/native/form990/202423199349314832_public.xml
SRC-990-EXT-IDEAS42,ideas42,SRC-990-EXT-IDEAS42::allisonrschachter,ALLISON R SCHACHTER,PRINCIPAL BEHAVIORAL DESIGNER,non_ceo_position,functional,no_transition_indicated,no,yes,40.00,,40,102106,131991,no,,,,,,no,not_fte_candidate,part_vii_verified_no_schedule_j,Return/ReturnData/IRS990/Form990PartVIISectionAGrp[34],,SRC-990-EXT-IDEAS42,,,piyushtantia,piyushtantia,false,benchmark/sources/native/form990/202423199349314832_public.xml
SRC-990-EXT-IDEAS42,ideas42,SRC-990-EXT-IDEAS42::carolinabetterromero,CAROLINA BETTER ROMERO,ASSISTANT MANAGING DIRECTOR,non_ceo_position,functional,no_transition_indicated,no,yes,40.00,,40,125941,155126,yes,125941,125941,0,40.0,125941.0,yes,standardizable_combined_40h_equivalent,part_vii_and_schedule_j_verified,Return/ReturnData/IRS990/Form990PartVIISectionAGrp[31],Return/ReturnData/IRS990ScheduleJ/RltdOrgOfficerTrstKeyEmplGrp[16],SRC-990-EXT-IDEAS42,14,14,piyushtantia,piyushtantia,false,benchmark/sources/native/form990/202423199349314832_public.xml
SRC-990-EXT-IDEAS42,ideas42,SRC-990-EXT-IDEAS42::emilysuezimmerman,EMILY SUE ZIMMERMAN,MANAGING DIRECTOR,non_ceo_position,functional,no_transition_indicated,no,yes,40.00,,40,147121,165535,yes,147121,147121,0,40.0,147121.0,yes,standardizable_combined_40h_equivalent,part_vii_and_schedule_j_verified,Return/ReturnData/IRS990/Form990PartVIISectionAGrp[21],Return/ReturnData/IRS990ScheduleJ/RltdOrgOfficerTrstKeyEmplGrp[10],SRC-990-EXT-IDEAS42,9,9,piyushtantia,piyushtantia,false,benchmark/sources/native/form990/202423199349314832_public.xml
SRC-990-EXT-IDEAS42,ideas42,SRC-990-EXT-IDEAS42::evelynjstark,EVELYN J STARK,MANAGING DIRECTOR (UNTIL 4/23),non_ceo_position,functional,partial_or_uncertain,no,yes,40.00,,40,152648,166426,yes,152648,152648,0,,,no,not_fte_candidate,part_vii_and_schedule_j_verified,Return/ReturnData/IRS990/Form990PartVIISectionAGrp[20],Return/ReturnData/IRS990ScheduleJ/RltdOrgOfficerTrstKeyEmplGrp[9],SRC-990-EXT-IDEAS42,,,piyushtantia,piyushtantia,false,benchmark/sources/native/form990/202423199349314832_public.xml
SRC-990-EXT-IDEAS42,ideas42,SRC-990-EXT-IDEAS42::jacquelinejsharkey,JACQUELINE J SHARKEY,CHIEF OF OPERATIONS (UNTIL 1/23),non_ceo_position,functional,partial_or_uncertain,no,yes,40.00,,40,13196,14613,no,,,,,,no,not_fte_candidate,part_vii_verified_no_schedule_j,Return/ReturnData/IRS990/Form990PartVIISectionAGrp[29],,SRC-990-EXT-IDEAS42,,,piyushtantia,piyushtantia,false,benchmark/sources/native/form990/202423199349314832_public.xml
SRC-990-EXT-IDEAS42,ideas42,SRC-990-EXT-IDEAS42::jananicolesmith,JANA NICOLE SMITH,MANAGING DIRECTOR,non_ceo_position,functional,no_transition_indicated,no,yes,40.00,,40,174669,193809,yes,174669,174669,0,40.0,174669.0,yes,standardizable_combined_40h_equivalent,part_vii_and_schedule_j_verified,Return/ReturnData/IRS990/Form990PartVIISectionAGrp[17],Return/ReturnData/IRS990ScheduleJ/RltdOrgOfficerTrstKeyEmplGrp[6],SRC-990-EXT-IDEAS42,5,5,piyushtantia,piyushtantia,false,benchmark/sources/native/form990/202423199349314832_public.xml
SRC-990-EXT-IDEAS42,ideas42,SRC-990-EXT-IDEAS42::jeremytheodorebarofsky,JEREMY THEODORE BAROFSKY,RESEARCH DIRECTOR,non_ceo_position,functional,no_transition_indicated,no,yes,40.00,,40,135202,162888,yes,135202,135202,0,40.0,135202.0,yes,standardizable_combined_40h_equivalent,part_vii_and_schedule_j_verified,Return/ReturnData/IRS990/Form990PartVIISectionAGrp[22],Return/ReturnData/IRS990ScheduleJ/RltdOrgOfficerTrstKeyEmplGrp[11],SRC-990-EXT-IDEAS42,11,11,piyushtantia,piyushtantia,false,benchmark/sources/native/form990/202423199349314832_public.xml
SRC-990-EXT-IDEAS42,ideas42,SRC-990-EXT-IDEAS42::johnrobertson,JOHN ROBERTSON,MANAGING DIRECTOR,non_ceo_position,functional,no_transition_indicated,no,yes,40.00,,40,193360,225572,yes,193360,193360,0,40.0,193360.0,yes,standardizable_combined_40h_equivalent,part_vii_and_schedule_j_verified,Return/ReturnData/IRS990/Form990PartVIISectionAGrp[14],Return/ReturnData/IRS990ScheduleJ/RltdOrgOfficerTrstKeyEmplGrp[3],SRC-990-EXT-IDEAS42,2,2,piyushtantia,piyushtantia,false,benchmark/sources/native/form990/202423199349314832_public.xml
SRC-990-EXT-IDEAS42,ideas42,SRC-990-EXT-IDEAS42::lauriesmolenski,LAURIE SMOLENSKI,DIRECTOR OF DEVELOPMENT,non_ceo_position,functional,no_transition_indicated,no,yes,40.00,,40,129783,141093,no,,,,,,no,not_fte_candidate,part_vii_verified_no_schedule_j,Return/ReturnData/IRS990/Form990PartVIISectionAGrp[27],,SRC-990-EXT-IDEAS42,,,piyushtantia,piyushtantia,false,benchmark/sources/native/form990/202423199349314832_public.xml
SRC-990-EXT-IDEAS42,ideas42,SRC-990-EXT-IDEAS42::melodymscales,MELODY M SCALES,DIRECTOR OF FINANCE,non_ceo_position,functional,no_transition_indicated,no,yes,40.00,,40,148239,160389,yes,148239,148239,0,40.0,148239.0,yes,standardizable_combined_40h_equivalent,part_vii_and_schedule_j_verified,Return/ReturnData/IRS990/Form990PartVIISectionAGrp[24],Return/ReturnData/IRS990ScheduleJ/RltdOrgOfficerTrstKeyEmplGrp[14],SRC-990-EXT-IDEAS42,8,8,piyushtantia,piyushtantia,false,benchmark/sources/native/form990/202423199349314832_public.xml
SRC-990-EXT-IDEAS42,ideas42,SRC-990-EXT-IDEAS42::mitrashahinsalasel,MITRA SHAHIN SALASEL,MANAGING DIRECTOR,non_ceo_position,functional,no_transition_indicated,no,yes,40.00,,40,163533,175009,yes,163533,163533,0,40.0,163533.0,yes,standardizable_combined_40h_equivalent,part_vii_and_schedule_j_verified,Return/ReturnData/IRS990/Form990PartVIISectionAGrp[19],Return/ReturnData/IRS990ScheduleJ/RltdOrgOfficerTrstKeyEmplGrp[8],SRC-990-EXT-IDEAS42,7,7,piyushtantia,piyushtantia,false,benchmark/sources/native/form990/202423199349314832_public.xml
SRC-990-EXT-IDEAS42,ideas42,SRC-990-EXT-IDEAS42::omareruchparbhoo,OMAR ERUCH PARBHOO,MANAGING DIRECTOR,non_ceo_position,functional,no_transition_indicated,no,yes,40.00,,40,145327,162337,yes,145327,145327,0,40.0,145327.0,yes,standardizable_combined_40h_equivalent,part_vii_and_schedule_j_verified,Return/ReturnData/IRS990/Form990PartVIISectionAGrp[23],Return/ReturnData/IRS990ScheduleJ/RltdOrgOfficerTrstKeyEmplGrp[12],SRC-990-EXT-IDEAS42,10,10,piyushtantia,piyushtantia,false,benchmark/sources/native/form990/202423199349314832_public.xml
SRC-990-EXT-IDEAS42,ideas42,SRC-990-EXT-IDEAS42::piyushtantia,PIYUSH TANTIA,CHIEF INNOVATION OFFICER,non_ceo_position,functional,no_transition_indicated,no,yes,40.00,,40,214996,228016,yes,214996,214996,0,40.0,214996.0,yes,standardizable_combined_40h_equivalent,part_vii_and_schedule_j_verified,Return/ReturnData/IRS990/Form990PartVIISectionAGrp[2],Return/ReturnData/IRS990ScheduleJ/RltdOrgOfficerTrstKeyEmplGrp[2],SRC-990-EXT-IDEAS42,1,1,piyushtantia,piyushtantia,false,benchmark/sources/native/form990/202423199349314832_public.xml
SRC-990-EXT-IDEAS42,ideas42,SRC-990-EXT-IDEAS42::rachelsarahtaylor,RACHEL SARAH TAYLOR,MANAGING DIRECTOR,non_ceo_position,functional,no_transition_indicated,no,yes,40.00,,40,178533,206799,yes,178533,178533,0,40.0,178533.0,yes,standardizable_combined_40h_equivalent,part_vii_and_schedule_j_verified,Return/ReturnData/IRS990/Form990PartVIISectionAGrp[16],Return/ReturnData/IRS990ScheduleJ/RltdOrgOfficerTrstKeyEmplGrp[5],SRC-990-EXT-IDEAS42,4,4,piyushtantia,piyushtantia,false,benchmark/sources/native/form990/202423199349314832_public.xml
SRC-990-EXT-IDEAS42,ideas42,SRC-990-EXT-IDEAS42::ricardodlagrange,RICARDO D LAGRANGE,ASSISTANT MANAGING DIRECTOR,non_ceo_position,functional,no_transition_indicated,no,yes,40.00,,40,130769,160984,yes,130769,130769,0,40.0,130769.0,yes,standardizable_combined_40h_equivalent,part_vii_and_schedule_j_verified,Return/ReturnData/IRS990/Form990PartVIISectionAGrp[30],Return/ReturnData/IRS990ScheduleJ/RltdOrgOfficerTrstKeyEmplGrp[13],SRC-990-EXT-IDEAS42,13,13,piyushtantia,piyushtantia,false,benchmark/sources/native/form990/202423199349314832_public.xml
SRC-990-EXT-IDEAS42,ideas42,SRC-990-EXT-IDEAS42::saugatodatta,SAUGATO DATTA,MANAGING DIRECTOR (UNTIL 12/23),non_ceo_position,functional,partial_or_uncertain,no,yes,40.00,,40,148154,159169,yes,148154,148154,0,,,no,not_fte_candidate,part_vii_and_schedule_j_verified,Return/ReturnData/IRS990/Form990PartVIISectionAGrp[25],Return/ReturnData/IRS990ScheduleJ/RltdOrgOfficerTrstKeyEmplGrp[15],SRC-990-EXT-IDEAS42,,,piyushtantia,piyushtantia,false,benchmark/sources/native/form990/202423199349314832_public.xml
SRC-990-EXT-IDEAS42,ideas42,SRC-990-EXT-IDEAS42::scottalanstinson,SCOTT ALAN STINSON,CHIEF OF OPERATIONS,non_ceo_position,functional,no_transition_indicated,no,yes,40.00,,40,169828,186208,yes,169828,169828,0,40.0,169828.0,yes,standardizable_combined_40h_equivalent,part_vii_and_schedule_j_verified,Return/ReturnData/IRS990/Form990PartVIISectionAGrp[18],Return/ReturnData/IRS990ScheduleJ/RltdOrgOfficerTrstKeyEmplGrp[7],SRC-990-EXT-IDEAS42,6,6,piyushtantia,piyushtantia,false,benchmark/sources/native/form990/202423199349314832_public.xml
SRC-990-EXT-IDEAS42,ideas42,SRC-990-EXT-IDEAS42::shannonamcauliffe,SHANNON A MCAULIFFE,ASSISTANT MANAGING DIRECTOR,non_ceo_position,functional,no_transition_indicated,no,yes,40.00,,40,133861,152979,yes,133861,133861,0,40.0,133861.0,yes,standardizable_combined_40h_equivalent,part_vii_and_schedule_j_verified,Return/ReturnData/IRS990/Form990PartVIISectionAGrp[32],Return/ReturnData/IRS990ScheduleJ/RltdOrgOfficerTrstKeyEmplGrp[17],SRC-990-EXT-IDEAS42,12,12,piyushtantia,piyushtantia,false,benchmark/sources/native/form990/202423199349314832_public.xml
SRC-990-EXT-IDEAS42,ideas42,SRC-990-EXT-IDEAS42::tambaaghailas,TAMBA AGHAILAS,DIRECTOR OF PEOPLE OPERATIONS (UNTIL 10/23),non_ceo_position,functional,partial_or_uncertain,no,yes,40.00,,40,31986,35104,no,,,,,,no,not_fte_candidate,part_vii_verified_no_schedule_j,Return/ReturnData/IRS990/Form990PartVIISectionAGrp[28],,SRC-990-EXT-IDEAS42,,,piyushtantia,piyushtantia,false,benchmark/sources/native/form990/202423199349314832_public.xml
SRC-990-EXT-IDEAS42,ideas42,SRC-990-EXT-IDEAS42::victoriasharelllucas,VICTORIA SHARELL LUCAS,DIRECTOR OF PEOPLE OPERATIONS,non_ceo_position,functional,no_transition_indicated,no,yes,40.00,,40,135798,147554,no,,,,,,no,not_fte_candidate,part_vii_verified_no_schedule_j,Return/ReturnData/IRS990/Form990PartVIISectionAGrp[26],,SRC-990-EXT-IDEAS42,,,piyushtantia,piyushtantia,false,benchmark/sources/native/form990/202423199349314832_public.xml
