organization,is_remote,remote_category,remote_evidence,remote_source_url,remote_local_path,serves_as_fiscal_sponsor,fiscal_sponsor_evidence,fiscal_sponsor_source_url,fiscal_sponsor_local_path,confidence,caveats,retrieved_at
AI Objectives Institute,unknown,unknown,Official careers page was followed; it offered only an Expression of Interest and no work-arrangement or eligible-location statement.,https://www.causeiq.com/organizations/ai-objectives-institute%2C873870371/,benchmark/sources/native/organization_metadata/job_review_1/ai_objectives_institute_current.html,unknown,The profile describes AI-safety research and grant activity but does not establish that the institute fiscally sponsors outside projects.,https://www.causeiq.com/organizations/ai-objectives-institute%2C873870371/,benchmark/sources/native/supporting/src-peer-ai-objectives-institute.html,low,No qualifying organization-wide operating-model statement or primary fiscal-sponsorship description was located; retained unknown rather than infer from address or silence. Role-specific or location-only evidence was not generalized to an organization-wide model. Keep unknown; seek a dated official job description that states attendance or remote eligibility.,2026-09-05
All Chicago Making Homelessness History,false,in-person / hybrid,A current employer ATS posting expressly calls the Chicago role hybrid remote/in-office. The official 2025 event is corroborating place-based context only.,https://recruiting.paylocity.com/recruiting/jobs/Details/3926941/All-Chicago-Making-Homelessness-History/Director-of-Programs?source=Indeed_Feed,,unknown,The reviewed official organization description does not explicitly offer fiscal sponsorship or identify sponsored projects; absence is not treated as false.,https://allchicago.org/,benchmark/sources/native/job_ads/src-ad-allchicago.html,high,"Targeted historical search located a 2025 official hybrid meeting page, not a historical staff job ad. No conflict found. Use hybrid and US scope; CEO-specific scope is from a current US-based CFO/role listing, not a CEO posting.",2026-09-05
Alliance for Health Policy,unknown,unknown,The followed official jobs page lists an internship supporting in-person and virtual events; this is not an employer-wide attendance rule.,https://www.allhealthpolicy.org/jobs/paid-nonprofit-development-production-intern,benchmark/sources/native/organization_metadata/job_review_1/alliance_for_health_policy_current.html,unknown,"The IRS filing identifies the Alliance as the reporting entity and describes its own health-policy education and convening programs, but does not establish that it legally hosts projects for other groups; status remains unknown.",https://apps.irs.gov/pub/epostcard/990/xml/2025/202531619349300118_public.xml,benchmark/sources/native/form990/202531619349300118_public.xml,medium,"The internship is hybrid, but no organization-wide work policy was found. Alliance event and donor sponsorships are not fiscal sponsorship. Role-specific or location-only evidence was not generalized to an organization-wide model. Keep unknown; seek a dated official job description that states attendance or remote eligibility.",2026-09-05
Alliance to Feed the Earth in Disasters,true,remote,The CEO ad is explicit and global; the official 2023 report independently describes a fully remote team.,https://www.impactpool.org/jobs/1191801,,unknown,Reviewed organizational and recruitment materials describe the charity and its programs but do not explicitly state that ALLFED provides fiscal sponsorship.,https://allfed.info/images/Annual-Reports/Allfed-Annual-Report-2023.pdf,,high,"The 2023 official annual report predates the 2026 CEO ad and is not pandemic-only evidence. A later U.S. policy-engagement listing is DC/East Coast oriented, so the organization has some location-specific roles despite its globally remote CEO role. Use remote with international hiring and operating scope; retain role-level DC exception in conflicts.",2026-09-05
American Immigration Council,true,remote,Current official evidence explicitly identifies a fully remote workplace and multiple current fully remote roles.,https://recruiting.paylocity.com/Recruiting/Jobs/Details/4423425,benchmark/sources/native/organization_metadata/job_review_1/american_immigration_council_web_developer_2026.html,unknown,"The current filing describes legal, policy, exchange, and education programs but does not establish a current fiscal-sponsorship service.",https://apps.irs.gov/pub/epostcard/990/xml/2025/202542979349301509_public.xml,benchmark/sources/native/form990/202542979349301509_public.xml,high,"The 2023 official attorney post is organization-level historical evidence; current ATS roles are consistent. Role-specific eligibility remains US-limited where stated, but it does not weaken the explicit remote workplace classification. Use remote high; refresh current role eligibility as vacancies change.",2026-09-05
American Security Project,false,in-person / hybrid,The current official careers page requires regular Washington office attendance and permits only some telework.,https://www.americansecurityproject.org/about/employment/,benchmark/sources/native/organization_metadata/job_review_2/american_security_project_employment_2026.html,unknown,The current filing describes national-security research and education and does not explicitly identify a fiscal-sponsorship program; silence is not treated as false.,https://apps.irs.gov/pub/epostcard/990/xml/2025/202542279349301744_public.xml,benchmark/sources/native/form990/202542279349301744_public.xml,high,"A targeted remote/telework query found no separate historical job ad. Evidence is an internship rather than a whole-staff policy. Use hybrid for organization-level comparison, with medium caution if modeling staff-only rather than intern-inclusive policy.",2026-09-05
Andy Hill Cancer Research Endowment (CARE) Fund,true,remote,Current official careers page says CARE Fund is Washington-based and fully remote; Washington State residency is required for employment.,https://www.wacarefund.org/career/job-openings/,benchmark/sources/native/organization_metadata/job_review_1/andy_hill_cancer_research_endowment_care_fund_current.html,false,"A 2025 official RFP says Evergreen Social Impact solicits work on behalf of its sponsored project, Andy Hill CARE Fund; ESI, not CARE Fund, is the fiscal-sponsor organization.",https://www.wacarefund.org/wp-content/uploads/2025/06/CAREFundDesignServices2025RFP51.pdf,,high,Targeted search also found a 2021 CARE/ESI Director of Strategy description labeled remote; it is historical and not needed for current classification. No contrary current employer-wide rule was retained in this review lane. Use as a current operating-model indicator; recheck if a later employer-wide policy conflicts.,2026-09-05
Animal Equality,true,remote,"Several distinct current roles are explicitly remote across US, UK, and Germany; no searched ad required office attendance.",https://animalequality.org/jobs/,benchmark/sources/native/organization_metadata/job_review_2/animal_equality_jobs_2026.html,unknown,"The current IRS filing describes advocacy, investigations, education, and corporate outreach but does not explicitly identify fiscal sponsorship of outside projects.",https://apps.irs.gov/pub/epostcard/990/xml/2025/202533009349301263_public.xml,benchmark/sources/native/form990/202533009349301263_public.xml,medium,"The official culture page is older and did not establish an attendance rule, so it was not used to classify current work model. The Operations Manager listing prefers candidates near Hollywood, CA, but calls the job remote/home-based. Use inferred remote and international scope; revisit if an office-attendance ad appears.",2026-09-05
Animal Legal Defense Fund,true,remote,"Two current employer-ATS roles are fully remote, with a separate official historical clerkship page stating its positions are remote. This supports an inferred remote model.",https://recruiting.paylocity.com/recruiting/jobs/All/3959b1be-c1ea-4572-bd27-94c094a3fc28/Animal-Legal-Defense-Fund,benchmark/sources/native/organization_metadata/job_review_1/animal_legal_defense_fund_ats_2026.html,unknown,"The current IRS filing details litigation, legislation, education, and grant activity but does not establish an external fiscal-sponsorship service.",https://apps.irs.gov/pub/epostcard/990/xml/2026/202631249349301878_public.xml,benchmark/sources/native/form990/202631249349301878_public.xml,medium,"The historical clerkship confirms remote hiring but is not used to claim every role has identical terms. Multiple remote roles support a medium-confidence organization designation; no contrary attendance rule was found. Use remote medium, inferred from multiple distinct remote ads.",2026-09-05
Animal Welfare Institute,false,in-person / hybrid,Current official material says staff work both in headquarters and remotely; the 2023 COO job independently required on-site work.,https://awionline.org/about-us/working-at-awi/,,unknown,"The current IRS filing describes animal-welfare policy, publications, and grants but does not explicitly identify a fiscal-sponsorship service.",https://apps.irs.gov/pub/epostcard/990/xml/2025/202543189349305814_public.xml,benchmark/sources/native/form990/202543189349305814_public.xml,high,"The 2023 COO listing is retained as historical corroboration, not substituted for the current official staff description. Internships can be remote or DC-based; arrangement varies by role. Use hybrid/mixed, US-only hiring for the reviewed internship/COO roles, and international operating footprint for US/Canada staff.",2026-09-05
Appleseed Foundation,unknown,unknown,"Current official network page has no Foundation role or work policy. Current and historical third-party Foundation ads show remote U.S. roles, but the evidence does not establish an employer-wide model.",https://appleseednetwork.org/jobs/,,unknown,The reviewed Foundation posting describes coordination of the Appleseed network but does not explicitly say the Foundation fiscally sponsors projects.,https://remoteimpact.org/jobs/executive-director-appleseed-foundation/,benchmark/sources/native/job_ads/src-ad-appleseed-2026.html,low,Recruitment source is a third-party mirror. Separate Appleseed affiliates must not be conflated with the Foundation. Role-specific or location-only evidence was not generalized to an organization-wide model. Keep unknown; seek a dated official job description that states attendance or remote eligibility.,2026-09-05
Aquatic Animal Policy Organization,unknown,unknown,"The only located CEO listing is remote and US-based, but the employer is explicitly anonymous and one role cannot establish organization-wide practice.",https://joinhive.substack.com/p/late-april-2026?open=false,benchmark/sources/native/organization_metadata/job_review_2/aapo_hive_listing_2026.html,unknown,"Because the recruitment document deliberately withholds the legal identity, no reliable legal or program source could establish whether the entity serves as a fiscal sponsor.",https://docs.google.com/document/d/1CjW7mFt9FyA6qDbYV4pYLWyW5KqaAA5QsHRf3hRaPSk/edit?tab=t.0,benchmark/sources/native/job_ads/src-ad-aapo-2026.pdf,low,Targeted historical search found no separately attributable employer ad beyond the pre-existing anonymized source artifact. Legal entity identity is unresolved. Keep work model and operating footprint unknown; use CEO hiring scope us_only only for this advertised CEO market.,2026-09-05
Aquatic Life Institute,true,remote,Multiple contemporaneous ALI roles were identified as fully remote in a dated repost of the organization’s global-team hiring.,https://www.linkedin.com/posts/aquatic-life-institute_aquaticanimalalliance-animaladvocacy-nowhiring-activity-7430324150608498688-Vhl4,,unknown,The reviewed profile describes aquatic-animal welfare work but does not explicitly establish that ALI sponsors other projects.,https://www.causeiq.com/organizations/aquatic-life-institute%2C873020380/,benchmark/sources/native/supporting/src-peer-aquatic-life-institute.html,medium,"Current official careers page has no openings; the dated job-board repost supplies the explicit role arrangement. The inference is based on several roles rather than a single remote event. Use remote medium, inferred from multiple all-remote roles; refresh when a current official vacancy opens.",2026-09-05
Arms Control Association,false,in-person / hybrid,"The only dated arrangement evidence is a 2023 employer-linked announcement with remote, office, and hybrid options; current page has no openings but states US work authorization.",https://www.armscontrol.org/employment,benchmark/sources/native/organization_metadata/job_review_2/arms_control_association_employment_2026.html,unknown,"ACA historically sponsored the Forum on the Arms Trade, but a 2023 project announcement says ACA stepped down and the Center for International Policy became sponsor; that transition does not prove ACA has no other sponsored projects.",https://www.securityincontext.org/posts/press-release-network-of-arms-experts-strengthens-with-new-partners,,medium,The remote/hybrid evidence is historic; current work model remains medium confidence rather than high. Current 2026 ACA internship announcement describes a DC-based policy team but did not state attendance cadence. Treat hybrid as historic mixed-role evidence; retain medium confidence until current full-role posting is available.,2026-09-05
Better Food Foundation,true,remote,"A current official Marketing Coordinator post is fully remote, and a separate historical role joined a 100% virtual office.",https://www.betterfoodfoundation.org/careers/,benchmark/sources/native/organization_metadata/job_review_1/better_food_foundation_current.html,unknown,The current IRS filing describes plant-forward food-system programs but does not explicitly identify sponsorship of outside projects.,https://apps.irs.gov/pub/epostcard/990/xml/2025/202533169349305288_public.xml,benchmark/sources/native/form990/202533169349305288_public.xml,medium,"The two roles span current and historical hiring evidence. The designation reflects repeated remote role evidence, not a claim that every possible contract is remote. Use remote medium, inferred from multiple remote roles.",2026-09-05
Bipartisan Policy Center,false,in-person / hybrid,The official internship page directly describes an organization-level Tue–Thu office schedule; a CEO-supporting role independently has the same cadence.,https://bipartisanpolicy.org/about-us/careers/internships/,,unknown,The current IRS filing describes BPC policy programs and its affiliated advocacy organization but does not explicitly identify a fiscal-sponsorship service.,https://apps.irs.gov/pub/epostcard/990/xml/2025/202513109349302561_public.xml,benchmark/sources/native/form990/202513109349302561_public.xml,high,Both sources are post-pandemic and reflect current or recent recruiting. No conflict found. Use hybrid and US-only hiring/operating scope.,2026-09-05
Breakthrough Institute,unknown,unknown,"An official 2022 role required office attendance Monday, Wednesday, and Friday, and current materials show Berkeley and Washington offices, but no sufficiently current organization-wide attendance rule was located.",https://thebreakthrough.org/articles/office-manager-bookkeeper,benchmark/sources/native/organization_metadata/job_review_1/breakthrough_institute_current.html,unknown,"The current IRS filing describes climate, energy, agriculture, and innovation research but does not explicitly establish fiscal sponsorship of outside projects.",https://apps.irs.gov/pub/epostcard/990/xml/2026/202631469349301333_public.xml,benchmark/sources/native/form990/202631469349301333_public.xml,medium,Official 2022 hybrid requirement is historical only; current careers page has no openings. Role-specific or location-only evidence was not generalized to an organization-wide model. Keep unknown; seek a dated official job description that states attendance or remote eligibility.,2026-09-05
Brennan Center for Justice,false,in-person / hybrid,The official 2024 fellowship posting says staff must attend the office at least three days weekly.,https://www.brennancenter.org/es/node/10948,benchmark/sources/native/organization_metadata/job_review_2/009_archived_brennan_center_hybrid_fellow.html,unknown,"The IRS filing identifies the Brennan Center as the reporting entity and describes its legal and policy programs, but does not establish that it legally hosts projects for other groups; status remains unknown.",https://apps.irs.gov/pub/epostcard/990/xml/2026/202621289349303897_public.xml,benchmark/sources/native/form990/202621289349303897_public.xml,medium,"Targeted 2025–2026 official searches did not return a newer role with a stated attendance rule. The posting says the cadence could change, so it is not treated as permanent policy. Use hybrid with medium confidence because explicit evidence is 2024.",2026-09-05
Bulletin of the Atomic Scientists,unknown,unknown,"The current official openings page and filed Form 990 identify Chicago operations but do not state an organization-wide remote, hybrid, or office-attendance policy.",https://thebulletin.org/about-us/open-positions/,benchmark/sources/native/organization_metadata/job_review_1/bulletin_of_the_atomic_scientists_current.html,unknown,"The current IRS filing describes publication, education, and public-engagement programs but does not explicitly identify a fiscal-sponsorship service.",https://apps.irs.gov/pub/epostcard/990/xml/2026/202610149349301801_public.xml,benchmark/sources/native/form990/202610149349301801_public.xml,medium,No dated official historical job ad located; third-party remote-history summary is insufficient for a current model. Role-specific or location-only evidence was not generalized to an organization-wide model. Keep unknown; seek a dated official job description that states attendance or remote eligibility.,2026-09-05
Candid,false,in-person / hybrid,Current careers evidence establishes a US office footprint; recent official staff descriptions establish a mixed remote/hybrid workforce and voluntary in-person engagement.,https://candid.org/careers/,benchmark/sources/native/organization_metadata/job_review_2/candid_careers_2026.html,unknown,"Candid provides data visibility for fiscally sponsored projects, but reviewed current descriptions do not say Candid itself provides fiscal sponsorship.",https://candid.org/about/,,medium,"The 2022 return-to-office plan was reviewed but not relied on alone because it was pandemic-era; 2023 and 2024 official material supplies later support. No current opening states a universal attendance rule. Use hybrid/mixed at medium confidence, rather than extrapolating a permanent remote designation from the 2022 pandemic-era policy.",2026-09-05
Carbon Mapper,false,in-person / hybrid,"Current official careers material describes a distributed team with both in-person and remote workers, and current roles include remote openings.",https://carbonmapper.betterteam.com/,benchmark/sources/native/organization_metadata/job_review_1/carbon_mapper_careers_2026.html,unknown,The current filing describes methane-detection and mapping programs but does not explicitly identify a fiscal-sponsorship service.,https://apps.irs.gov/pub/epostcard/990/xml/2026/202630139349300833_public.xml,benchmark/sources/native/form990/202630139349300833_public.xml,high,"The evidence establishes mixed arrangements rather than a uniform schedule. Mixed onsite and remote roles support hybrid/mixed classification; individual roles may differ. Use hybrid high; describe this as mixed roles, not a universal hybrid requirement.",2026-09-05
Center for a Humane Economy,unknown,unknown,No current or historical employer job ad was located after targeted careers/remote queries.,https://centerforahumaneeconomy.org/contact/,,unknown,"The IRS filing identifies the Center as the reporting entity and describes its own animal-protection programs, but does not establish that it legally hosts projects for other groups; status remains unknown.",https://apps.irs.gov/pub/epostcard/990/xml/2025/202502459349301350_public.xml,benchmark/sources/native/form990/202502459349301350_public.xml,low,No historical job ad located. Address alone is not attendance evidence. Retain unknown work model and hiring scope.,2026-09-05
Center for a New American Security,unknown,unknown,"The current filed Form 990 identifies Washington, DC operations but does not state a current organization-wide remote, hybrid, or office-attendance policy.",https://www.cnas.org/careers,benchmark/sources/native/organization_metadata/job_review_1/center_for_a_new_american_security_current.html,unknown,The filing describes national-security research and convening but does not explicitly identify sponsorship of outside projects.,https://apps.irs.gov/pub/epostcard/990/xml/2025/202542329349300819_public.xml,benchmark/sources/native/form990/202542329349300819_public.xml,low,Office location and convening activity are not enough for either categorical field. Role-specific or location-only evidence was not generalized to an organization-wide model. Keep unknown; seek a dated official job description that states attendance or remote eligibility.,2026-09-05
Center for AI Policy,false,in-person / hybrid,Dated 2024 employer-identified job describes CAIP as hybrid with two office days.,https://pac.org/job/policy-analyst-alignment,,unknown,The reviewed official organization and careers descriptions do not explicitly offer fiscal sponsorship or identify sponsored projects.,https://www.centeraipolicy.org/,,medium,"Current official page has no job-specific arrangement; 2024 source retained with medium confidence. No newer attendance policy found. Use hybrid, medium confidence.",2026-09-05
Center for AI Safety,false,in-person / hybrid,"Current employer roles include hybrid, on-site, and remote arrangements.",https://jobs.lever.co/aisafety/,benchmark/sources/native/organization_metadata/job_review_1/center_for_ai_safety_ats_2026.html,unknown,The current IRS filing describes AI-safety research and field-building but does not explicitly establish fiscal sponsorship of outside projects.,https://apps.irs.gov/pub/epostcard/990/xml/2025/202503219349323615_public.xml,benchmark/sources/native/form990/202503219349323615_public.xml,high,The current roles are contemporaneous and directly establish mixed hiring arrangements. Mixed-role inference is authorized: this supports hybrid/mixed without claiming every employee follows the same schedule. Use hybrid high with mixed_role_ads; do not present it as an organization-wide attendance mandate.,2026-09-05
Center for Arms Control and Non-Proliferation,false,in-person / hybrid,The historical official analyst ad required office presence despite some virtual work.,https://armscontrolcenter.org/about/jobs-and-internships/,,unknown,The current filing describes arms-control policy education and does not explicitly identify a fiscal-sponsorship program.,https://apps.irs.gov/pub/epostcard/990/xml/2025/202523179349304722_public.xml,benchmark/sources/native/form990/202523179349304722_public.xml,medium,"Current official page has no openings; attendance source is 2023. No current attendance wording. Use hybrid, medium confidence.",2026-09-05
Center for Climate and Energy Solutions,unknown,unknown,"The current filed Form 990 identifies Arlington, Virginia operations but does not state a remote, hybrid, or required office-attendance policy.",https://www.c2es.org/about/career-opportunities-at-c2es/,benchmark/sources/native/organization_metadata/job_review_1/c2es_careers_2026.html,unknown,"The current filing describes climate-policy, business, and resilience programs but does not explicitly establish fiscal sponsorship of outside projects.",https://apps.irs.gov/pub/epostcard/990/xml/2026/202631619349300808_public.xml,benchmark/sources/native/form990/202631619349300808_public.xml,medium,A headquarters address and external partnerships do not determine either field. Role-specific or location-only evidence was not generalized to an organization-wide model. Keep unknown; seek a dated official job description that states attendance or remote eligibility.,2026-09-05
Center for Democracy & Technology,unknown,unknown,One current externship offers a remote option but does not establish the organization-wide model.,https://cdt.hire.trakstar.com/jobs/fk0zm99,benchmark/sources/native/organization_metadata/job_review_2/cdt_externship_2026.html,unknown,"The current IRS filing describes technology-policy research, advocacy, and education but does not explicitly identify a fiscal-sponsorship service.",https://apps.irs.gov/pub/epostcard/990/xml/2025/202533219349301933_public.xml,benchmark/sources/native/form990/202533219349301933_public.xml,low,Targeted career search did not locate a separate dated staff ad with attendance requirements. No conflict; evidence is role-specific. Retain unknown organization work model.,2026-09-05
Center for Economic and Policy Research,false,in-person / hybrid,"A current Director of Development role prefers DC but allows remote candidates, and a separate internship is DC or remote.",https://cepr.net/about/careers/,,unknown,"The IRS filing identifies CEPR as the reporting entity and describes its own economic-policy research, but does not establish that it legally hosts projects for other groups; status remains unknown.",https://apps.irs.gov/pub/epostcard/990/xml/2025/202543169349304999_public.xml,benchmark/sources/native/form990/202543169349304999_public.xml,medium,The evidence is role-specific and supports a mixed DC/remote hiring pattern. Mixed-role evidence supports hybrid/mixed classification without assuming every CEPR staff member follows one schedule. Use hybrid medium with mixed_role_ads; seek a current policy only if a uniform model is needed.,2026-09-05
Center for Effective Philanthropy,false,in-person / hybrid,Official analyst job requires two in-office days weekly and permits four fully remote weeks each year.,https://cep.org/careers/analyst-cambridge-ma-2/,,unknown,"The current IRS filing describes assessments, advisory services, research, and learning programs but does not explicitly identify a fiscal-sponsorship service.",https://apps.irs.gov/pub/epostcard/990/xml/2026/202602039349300145_public.xml,benchmark/sources/native/form990/202602039349300145_public.xml,medium,"Current careers page was also checked. No conflict. Use hybrid, medium confidence pending a dated current posting.",2026-09-05
Center for Election Science,true,remote,"Two retained remote-work signals support a low-confidence remote designation, though neither is a current official employer job page.",https://www.flexjobs.com/remote-jobs/company/center_for_election_science-ces,,unknown,"The filing describes election-method research, education, and advocacy but does not explicitly establish fiscal sponsorship of outside projects.",https://projects.propublica.org/nonprofits/organizations/452334002/202503189349305870/full,benchmark/sources/native/form990/202503189349305870_rendered.html,low,Historical/third-party evidence is weaker than a current employer posting. The classification is deliberately low confidence and should not be read as a universal policy. Use remote low; replace with current employer ad when available.,2026-09-05
Center for Health Care Strategies,unknown,unknown,Current official careers page has open roles but provides no work-location or attendance text in the inspected listing index.,https://www.chcs.org/about-us/job-opportunities/,,unknown,"The current IRS filing describes Medicaid policy, implementation, and technical-assistance programs but does not explicitly identify a fiscal-sponsorship service.",https://apps.irs.gov/pub/epostcard/990/xml/2026/202631279349304653_public.xml,benchmark/sources/native/form990/202631279349304653_public.xml,low,Targeted remote/hybrid searches returned no reliable employer-specific historical arrangement. Third-party aggregators were excluded as they mixed in unrelated health-care employers. Retain unknown.,2026-09-05
Center for Humane Technology,unknown,unknown,"The official site and available nonprofit profile identify San Francisco operations but do not state a current organization-wide remote, hybrid, or required office-presence model.",https://center-for-humane-technology.vercel.app/fellowship,,unknown,The reviewed legal/program description does not explicitly offer fiscal sponsorship or identify projects fiscally sponsored by CHT.,https://www.causeiq.com/organizations/center-for-humane-technology%2C823492182/,benchmark/sources/native/supporting/src-peer-center-for-humane-technology.html,low,Location and remote eligibility for isolated programs are insufficient for organization-wide classification. Role-specific or location-only evidence was not generalized to an organization-wide model. Keep unknown; seek a dated official job description that states attendance or remote eligibility.,2026-09-05
Center for International Policy,false,in-person / hybrid,Official job material contains a DC remote-hybrid staff role and a remote international fellowship.,https://cip065.wixsite.com/website/jobs,,true,CIP announced that the Forum on the Arms Trade joined it as a sponsored program in October 2023 while the Forum worked toward independent 501(c)(3) status.,https://internationalpolicy.org/publications/cip-announces-its-sponsorship-of-the-forum-on-the-arms-trade/,,medium,Current careers page has no open roles; older official job page remains available. Staff and fellowship markets differ. Use hybrid/mixed; retain international hiring because the fellowship explicitly solicits international applicants.,2026-09-05
Center for Law and Social Policy,unknown,unknown,"The official careers page and current filing do not state an explicit organization-wide remote, hybrid, or required office-attendance model.",https://www.clasp.org/about/careers/,benchmark/sources/native/organization_metadata/job_review_1/clasp_careers_2026.html,unknown,"The current IRS filing describes policy research, technical assistance, and advocacy but does not explicitly establish fiscal sponsorship of outside projects.",https://apps.irs.gov/pub/epostcard/990/xml/2025/202513189349314621_public.xml,benchmark/sources/native/form990/202513189349314621_public.xml,low,A Washington office and national work are not enough for either categorical field. Role-specific or location-only evidence was not generalized to an organization-wide model. Keep unknown; seek a dated official job description that states attendance or remote eligibility.,2026-09-05
Center for Open Science,true,remote,Current official careers page expressly describes COS as fully remote and lists US engineering roles.,https://www.cos.io/careers,,unknown,"The current IRS filing describes open-science infrastructure, metascience, and community programs but does not explicitly identify a fiscal-sponsorship service.",https://apps.irs.gov/pub/epostcard/990/xml/2025/202513219349318466_public.xml,benchmark/sources/native/form990/202513219349318466_public.xml,high,No contrary historic ad found. None. Use remote and US-only hiring for current listed roles.,2026-09-05
Center for Public Integrity,unknown,unknown,"The current filed Form 990 identifies Washington, DC operations but does not state a current organization-wide remote, hybrid, or office-attendance policy.",https://www.flexjobs.com/remote-jobs/company/center_for_public_integrity,,unknown,"Historical records describe fiscal sponsorship of journalism projects, but the current filing does not establish that CPI continues to provide that service.",https://apps.irs.gov/pub/epostcard/990/xml/2024/202412399349300756_public.xml,benchmark/sources/native/form990/202412399349300756_public.xml,low,No current employer source was available; do not use this record as current work-model evidence. Role-specific or location-only evidence was not generalized to an organization-wide model. Keep unknown; seek a dated official job description that states attendance or remote eligibility.,2026-09-05
Center for Responsible Lending,unknown,unknown,Current official page identifies three offices but provides no attendance requirement; address alone is insufficient.,https://www.responsiblelending.org/about-crl/careers,benchmark/sources/native/organization_metadata/job_review_2/019_archived_center_for_responsible_lending_careers.html,unknown,"The IRS filing identifies CRL as the reporting entity; the careers page calls CRL a Self-Help affiliate, but neither source establishes that CRL itself legally hosts outside projects; status remains unknown.",https://apps.irs.gov/pub/epostcard/990/xml/2026/202621149349301437_public.xml,benchmark/sources/native/form990/202621149349301437_public.xml,low,Targeted remote/hybrid queries did not locate an attributable CRL job ad with arrangement text. None. Retain unknown work and hiring scope; US operating scope is explicit.,2026-09-05
Center for Scientific Collaboration and Community Engagement,true,remote,CSCCE's official organizational update describes both its all-remote team and its work as an all-remote organization.,https://www.cscce.org/2023/01/25/an-update-on-cscce-staff-changes-new-year-new-org-chart/,,false,"CSCCE's official site says it is a fiscally sponsored project of Community Initiatives; CSCCE is the sponsored project, not the sponsor.",https://www.cscce.org/,benchmark/sources/native/job_ads/src-ad-cscce.html,high,The explicit remote statement is from 2023 but remains on the current official site; the legal relationship clearly distinguishes sponsor from sponsored project. No contrary current employer-wide rule was retained in this review lane. Use as a current operating-model indicator; recheck if a later employer-wide policy conflicts.,2026-09-05
Charity Navigator,true,remote,Employer ATS copy calls Charity Navigator remote-first and describes a fully remote role; current board has no openings.,https://charitynavigator.hire.trakstar.com/jobs/fk0zqky/,,unknown,"The current filing describes charity ratings, research, and donor tools but does not explicitly identify Charity Navigator as a fiscal sponsor.",https://apps.irs.gov/pub/epostcard/990/xml/2026/202640789349301509_public.xml,benchmark/sources/native/form990/202640789349301509_public.xml,medium,The role listing was indexed about six months ago; current board was checked separately. No current open role to reconfirm policy. Use remote with medium confidence; reconfirm when a current role opens.,2026-09-05
Charter Cities Institute,unknown,unknown,"The current official careers materials do not state a current organization-wide remote, hybrid, or required office-attendance policy.",https://chartercitiesinstitute.org/careers/,benchmark/sources/native/organization_metadata/job_review_1/charter_cities_institute_current.html,unknown,The reviewed organization description and nonprofit profile do not explicitly offer fiscal sponsorship or identify sponsored outside projects.,https://www.causeiq.com/organizations/institute-for-innovative-governance-center-for-inn%2C823264419/,benchmark/sources/native/supporting/src-peer-charter-cities-institute.html,low,Older office-culture and location-specific recruitment evidence was not treated as a current workplace rule. Role-specific or location-only evidence was not generalized to an organization-wide model. Keep unknown; seek a dated official job description that states attendance or remote eligibility.,2026-09-05
Chicago Council on Global Affairs,false,in-person / hybrid,Employer-derived current role specifies three in-office days.,https://www.jobleads.com/us/job/program-officer--chicago--eca0dfd6cf6f0e5e1d474f3ee6f951ac8,,unknown,"Historical materials identify a fiscally sponsored initiative, but the current IRS filing does not establish that the Council still sponsors outside projects.",https://apps.irs.gov/pub/epostcard/990/xml/2025/202543179349309229_public.xml,benchmark/sources/native/form990/202543179349309229_public.xml,high,Official careers page was also checked; no older arrangement ad found. None. Use hybrid and US scope.,2026-09-05
Citizens Housing and Planning Association,false,in-person / hybrid,The 2026 CEO posting calls the role hybrid and requires regular work from CHAPA's Boston office plus in-person meetings across Massachusetts.,https://commonwealthbeacon.org/job/citizens-housing-and-planning-association-boston-full-time-chief-executive-officer/,benchmark/sources/native/organization_metadata/job_review_1/citizens_housing_and_planning_association_current.html,true,CHAPA's current Form 990 program description says it serves as fiscal sponsor for New Lease for Homeless Families and remains fiscal sponsor of the Massachusetts Smart Growth Alliance.,https://apps.irs.gov/pub/epostcard/990/xml/2025/202503099349302165_public.xml,,high,Remote evidence is a current third-party-hosted leadership posting; fiscal evidence is the organization's filed return. No contrary current employer-wide rule was retained in this review lane. Use as a current operating-model indicator; recheck if a later employer-wide policy conflicts.,2026-09-05
Clean Air Task Force,true,remote,Multiple current official ads are remote across distinct regions.,https://www.catf.us/career/,,unknown,"The current IRS filing describes climate and clean-energy advocacy, analysis, and technical work but does not explicitly identify fiscal sponsorship of outside projects.",https://apps.irs.gov/pub/epostcard/990/xml/2025/202522829349300322_public.xml,benchmark/sources/native/form990/202522829349300322_public.xml,high,Archive includes roles from 2025–26. None found. Use inferred remote and international scope.,2026-09-05
Clean Energy Transition Institute,unknown,unknown,"The official about page describes CETI as Seattle-based and provides an office address but does not state a remote, hybrid, or required office-attendance policy.",https://www.cleanenergytransition.org/careers,,unknown,"CETI's official history says it was fiscally sponsored by Climate Solutions before becoming independent; that is evidence of being sponsored, not of serving as a sponsor.",https://www.cleanenergytransition.org/post/launching-the-clean-energy-transition-institute,benchmark/sources/native/job_ads/src-ad-ceti.html,low,Do not reverse the historical fiscal relationship; current sponsor-service status remains unknown. Role-specific or location-only evidence was not generalized to an organization-wide model. Keep unknown; seek a dated official job description that states attendance or remote eligibility.,2026-09-05
Climate Central,true,remote,Current official careers page expressly calls workplace remote-first.,https://www.climatecentral.org/what-we-do/jobs,,unknown,"The current IRS filing describes climate science, data, journalism, and communications programs but does not explicitly identify fiscal sponsorship of outside projects.",https://apps.irs.gov/pub/epostcard/990/xml/2026/202631769349300823_public.xml,benchmark/sources/native/form990/202631769349300823_public.xml,high,No contrary historical employer ad found. Princeton headquarters remains listed. Use remote and US scope.,2026-09-05
Code for Science & Society,true,remote,An official CS&S core-staff posting says CS&S is a remote-first organization with staff and contractors around the world and refers to its 100% remote workspace.,https://www.codeforsociety.org/jobs/operations-coordinator-fiscal-sponsorship-program,,true,"The current filed Form 990 says its fiscal-sponsorship program sponsored 14 projects as of June 30, 2025 and held funds for fiscally sponsored projects.",https://apps.irs.gov/pub/epostcard/990/xml/2026/202601359349304090_public.xml,benchmark/sources/native/form990/202601359349304090_public.xml,high,"The remote source is an archived official posting, while the fiscal evidence is current and explicit. No contrary current employer-wide rule was retained in this review lane. Use as a current operating-model indicator; recheck if a later employer-wide policy conflicts.",2026-09-05
Committee for a Responsible Federal Budget,false,in-person / hybrid,Current job-board copy labels a CRFB role hybrid; official page supplies historical hiring context.,https://pac.org/jobs-old-123123,,unknown,"The current IRS filing describes federal budget research, education, and outreach but does not explicitly identify a fiscal-sponsorship service.",https://apps.irs.gov/pub/epostcard/990/xml/2026/202611949349301721_public.xml,benchmark/sources/native/form990/202611949349301721_public.xml,medium,No dated official arrangement language found. Current official page does not state work model. Use hybrid with medium confidence.,2026-09-05
Community Foundation of Louisville,false,in-person / hybrid,The current official employment page lists a hybrid work schedule combining in-person and remote work.,https://www.cflouisville.org/employment-opportunities/,,true,"The Foundation's current filed financial artifact includes a fiscal sponsor program, providing direct evidence that it serves as a sponsor.",https://www.cflouisville.org/wp-content/uploads/2025/07/FISCAL2.pdf,,high,"The fiscal classification concerns the Foundation's program, not ordinary donor-advised funds or grantmaking alone. No contrary current employer-wide rule was retained in this review lane. Use as a current operating-model indicator; recheck if a later employer-wide policy conflicts.",2026-09-05
Compassion in World Farming USA,true,remote,Official careers page explicitly calls its environment remote; employer post supplies US eligibility.,https://www.ciwf.com/take-action/join-our-team/,,unknown,"The current IRS filing describes US advocacy, corporate engagement, and public education but does not explicitly establish fiscal sponsorship of outside projects.",https://apps.irs.gov/pub/epostcard/990/xml/2024/202402689349300735_public.xml,benchmark/sources/native/form990/202402689349300735_public.xml,high,"Official page says global organization spanning nine countries. Global UK role can be hybrid, separate from USA row. Use remote; international footprint, US role hiring market.",2026-09-05
Cooperative AI Foundation,true,remote,"The official 2026 CEO posting says CAIF is a fully remote organization, has no regular office requirement, and provides regular opportunities to meet colleagues in person.",https://www.cooperativeai.com/job-listing/chief-executive-officer,,unknown,Reviewed Foundation and grant materials do not explicitly say CAIF fiscally sponsors projects; requiring applicants or grantees to obtain a sponsor is not sponsor service by CAIF.,https://www.cooperativeai.com/foundation,,high,"The live job URL later returned 404, but the already-local official page preserves the explicit organization-wide statement. No contrary current employer-wide rule was retained in this review lane. Use as a current operating-model indicator; recheck if a later employer-wide policy conflicts.",2026-09-05
Copenhagen Consensus Center,unknown,unknown,"The two retained historic remote references are an employee review and an individual CV, not employer job advertisements or a policy; they cannot establish the current organization-wide model.",https://www.indeed.com/cmp/Copenhagen-Consensus-Center,,unknown,The current filed Form 990 describes research and dissemination through a global expert network but does not explicitly identify fiscal sponsorship of outside projects.,https://projects.propublica.org/nonprofits/organizations/261214521/202532729349300703/full,benchmark/sources/native/form990/copenhagen_consensus_2024_form990.pdf,low,"Historic sources describe remote work (a 2023 employee review and a 2021–2022 CV entry), but no official current careers page or employer job ad was located. Historic third-party references suggest remote work but are insufficient for a current work-model classification. Retain unknown; preserve the historic remote references as context only until employer evidence is available.",2026-09-05
Council on Strategic Risks,true,remote,"A current September 2026 official posting says the team spans the United States and other nations and that, outside specific meetings and events, remote working is the norm.",https://councilonstrategicrisks.org/2024/05/21/were-recruiting-3-month-consultant-for-csrs-nuclear-climate-security-work/,,unknown,"CSR says its work is carried out within three institutes and that it hosts a team, but it does not explicitly describe those institutes as fiscally sponsored projects.",https://councilonstrategicrisks.org/institutes/,,high,Internal institutes and use of the word hosts are not enough to infer a fiscal-sponsorship arrangement. No contrary current employer-wide rule was retained in this review lane. Use as a current operating-model indicator; recheck if a later employer-wide policy conflicts.,2026-09-05
Creative Commons,true,remote,"The current official page has no positions; the dated official CEO search expressly describes a virtual, three-continent team.",https://creativecommons.org/opportunities/,,unknown,"A 2006 audit said Creative Commons acted as fiscal sponsor for a small program, but the current IRS filing does not establish that the service continues.",https://apps.irs.gov/pub/epostcard/990/xml/2025/202543179349306294_public.xml,benchmark/sources/native/form990/202543179349306294_public.xml,medium,"2020 CEO search is historical evidence, not a current vacancy. Current page has no role from which to verify a present-day arrangement. Use remote only with medium confidence; hiring scope is unknown because there are no current vacancies.",2026-09-05
Data Quality Campaign,false,in-person / hybrid,A current April 2026 official posting says DQC provides a hybrid environment and DC-area employees should be in the office one to two days per week.,https://dataqualitycampaign.org/job/associate-senior-associate-policy-advocacy/,,unknown,The current IRS filing describes education-data policy and advocacy but does not explicitly identify a fiscal-sponsorship service.,https://apps.irs.gov/pub/epostcard/990/xml/2026/202621339349304737_public.xml,benchmark/sources/native/form990/202621339349304737_public.xml,high,The organization-wide hybrid statement supports false; fiscal silence remains unknown. No contrary current employer-wide rule was retained in this review lane. Use as a current operating-model indicator; recheck if a later employer-wide policy conflicts.,2026-09-05
DataKind,true,remote,Current official careers page calls DataKind remote and requires US permanent address; ATS corroborates.,https://www.datakind.org/join-us/careers/,,unknown,"The current IRS filing describes data-science projects, volunteer engagement, and partnerships but does not explicitly identify fiscal sponsorship of outside projects.",https://apps.irs.gov/pub/epostcard/990/xml/2026/202640939349300014_public.xml,benchmark/sources/native/form990/202640939349300014_public.xml,high,"No conflict. Global collaborators are not evidence of hiring eligibility. Use remote, US-only hiring, US operating scope.",2026-09-05
Demos,false,in-person / hybrid,"A retained Demos role is labelled Remote/Hybrid in Washington, DC, supporting mixed role arrangements.",https://www.epip.org/job_board?page=17,,unknown,"The current IRS filing does not identify a fiscal-sponsorship service; an external fiscal-sponsorship sector report explicitly described Demos as an intermediary rather than a sponsor, but that is insufficient for a current categorical false.",https://apps.irs.gov/pub/epostcard/990/xml/2025/202503159349306085_public.xml,benchmark/sources/native/form990/202503159349306085_public.xml,medium,Current official materials do not provide an organization-wide policy; the classification is based on the role evidence. Mixed-role evidence supports hybrid/mixed without asserting a universal attendance schedule. Use hybrid medium with mixed_role_ads; refresh from a current official role when available.,2026-09-05
Disability Rights Washington,false,in-person / hybrid,CEO listing expressly allows Seattle or remote/hybrid in Washington.,https://www.mediabistro.com/jobs/3038800594-visionary-executive-director-policy-partnerships-and-impact,,unknown,The official description identifies DRW as Washington's protection and advocacy system but does not explicitly offer fiscal sponsorship or identify sponsored projects.,https://www.disabilityrightswa.org/,benchmark/sources/native/job_ads/src-ad-drw.html,medium,"Current official employment page lists Finance Director without arrangement. Role-specific. Use hybrid/mixed, medium confidence; CEO hiring scope US-only.",2026-09-05
Dream.Org,false,in-person / hybrid,"The 2026 CEO posting says the role is based in Oakland or Washington, DC and requires a minimum of three days of on-site work.",https://www.nonprofitoperations.com/job-submissions/chief-executive-officer-/dream.org-,,unknown,The reviewed organization and recruitment descriptions do not explicitly identify Dream.Org as a fiscal sponsor of outside projects.,https://dream.org/,,medium,Remote evidence is a third-party-hosted leadership posting; employment sponsorship wording is not fiscal sponsorship. No contrary current employer-wide rule was retained in this review lane. Use as a current operating-model indicator; recheck if a later employer-wide policy conflicts.,2026-09-05
Economic Innovation Group,false,in-person / hybrid,Official role explicitly documents hybrid schedule; current page has no arrangement text.,https://eig.org/wp-content/uploads/2022/05/Research-Analyst-Position-Description.pdf,,unknown,"The current filing describes economic research, policy, and place-based initiatives but does not explicitly establish fiscal sponsorship of outside projects.",https://apps.irs.gov/pub/epostcard/990/xml/2025/202513219349307891_public.xml,benchmark/sources/native/form990/202513219349307891_public.xml,medium,"Explicit policy is 2022; kept medium confidence. No newer policy located. Use hybrid, medium confidence.",2026-09-05
Economic Policy Institute,false,in-person / hybrid,A current employer ATS Research Assistant ad explicitly describes a hybrid workplace with at least two DC office days per week.,https://epi.applytojob.com/apply/CF07woobZH/Research-Assistant,,unknown,"The current filing describes economic research, communications, and the EARN network but does not explicitly identify a fiscal-sponsorship service.",https://apps.irs.gov/pub/epostcard/990/xml/2025/202542469349301614_public.xml,benchmark/sources/native/form990/202542469349301614_public.xml,high,The current role provides direct attendance evidence. This is role-level hybrid evidence; it should not be read as proof that every EPI role has the same schedule. Use hybrid high for current hiring evidence.,2026-09-05
Effective Altruism Germany,false,in-person / hybrid,A current official event-team ad combines remote preparation with required Berlin event work.,https://effektiveraltruismus.de/job-descriptions-eagxberlin-2026/,,true,The same recruitment copy lists established organizational infrastructure with fiscal-sponsorship programs already running.,https://remoteimpact.org/jobs/director-effective-altruism-germany/,benchmark/sources/native/job_ads/src-ad-ead-2026.html,medium,Targeted career and historical search found this current 2026 posting; it is role-specific. The short-term event role does not establish every employee’s schedule. Use hybrid/mixed with medium confidence; hiring and footprint are Germany/Europe.,2026-09-05
Effective Institutions Project,true,remote,"A current EIP-authored role is Remote Global, supported by a separate dated remote role.",https://effectivealtruism.nz/job-board/ai-governance-senior-associate-program-officer-effective-institutions-project,,unknown,EIP was previously fiscally sponsored but is now presented as a separate 501(c)(3); reviewed sources do not establish that EIP itself sponsors other projects.,https://projects.propublica.org/nonprofits/organizations/932725003,benchmark/sources/native/supporting/src-peer-effective-institutions-project.html,medium,The evidence supports repeated remote role availability across time. The classification is inferred from multiple remote roles and does not assert every future role is remote. Use remote medium with inferred_multiple_ads.,2026-09-05
Electronic Frontier Foundation,false,in-person / hybrid,Current official internship policy mandates regular office attendance; the 2024 agreement describes role-dependent remote work.,https://www.eff.org/el/about/opportunities/interns,,unknown,"The current IRS filing describes litigation, policy, activism, and technology programs but does not explicitly establish fiscal sponsorship of outside projects.",https://apps.irs.gov/pub/epostcard/990/xml/2026/202610989349301676_public.xml,benchmark/sources/native/form990/202610989349301676_public.xml,high,"2024 agreement corroborates a mixed arrangement, distinct from pandemic-only evidence. Internship policy may not cover all staff roles. Use hybrid and US scope.",2026-09-05
Energy for Growth Hub,unknown,unknown,The current employer careers page has no vacancy or workplace terms.,https://energyforgrowth.org/careers/,benchmark/sources/native/organization_metadata/job_review_1/energy_for_growth_careers_2026.html,unknown,"The current IRS filing describes energy research, policy, and network activity but does not explicitly identify a fiscal-sponsorship service.",https://apps.irs.gov/pub/epostcard/990/xml/2025/202513219349322806_public.xml,benchmark/sources/native/form990/202513219349322806_public.xml,low,"A targeted historical job-ad search was attempted; it did not return an attributable dated employment ad. Program publications using “remote” describe electrification, not employee work.  Keep unknown until an employer job description identifies attendance or remote eligibility.",2026-09-05
Environmental Law Institute,unknown,unknown,"The official employment page is current but contains no vacancy, attendance, or eligible-location language.",https://www.eli.org/employment,,unknown,"ELI explicitly serves as secretariat for the Environmental Peacebuilding Association, but reviewed sources do not call that relationship fiscal sponsorship.",https://www.environmentalpeacebuilding.org/association/secretariat,,low,Targeted historical job and arrangement search found no usable employer ad. A Washington address is not evidence of an attendance rule. Keep unknown; use US operating scope only.,2026-09-05
Environmental Leadership Program,true,remote,ELP’s dated employer posting explicitly calls the role primarily remote and describes a remote organization.,https://elpnet.org/director-of-people-operations,benchmark/sources/native/organization_metadata/job_review_1/elp_director_people_ops_2023.html,unknown,"The official organization description covers fellowships, alumni programming, and leadership development but does not explicitly identify a fiscal-sponsorship service.",https://elpnet.org/executive-director-position,benchmark/sources/native/job_ads/src-ad-elp-2026.pdf,high,"The 2023 posting predates current search; its reference to team/all-staff virtual meetings supports a continuing organization-level arrangement. Some in-person staff gatherings and travel are required, which does not negate a remote primary work model. Use remote; seek a current staff ad if later policy precision is needed.",2026-09-05
Evidence Action,false,in-person / hybrid,Current official careers content expressly describes both remote and in-person work and lists multi-continent offices.,https://www.evidenceaction.org/about/careers,,unknown,The current IRS filing describes direct program implementation and an accelerator but does not explicitly identify a fiscal-sponsorship service.,https://apps.irs.gov/pub/epostcard/990/xml/2025/202512829349302256_public.xml,benchmark/sources/native/form990/202512829349302256_public.xml,medium,"Current LinkedIn jobs search showed roles in Nairobi, Uganda, and Washington, DC. The page does not specify which arrangement applies to each role. Use hybrid/mixed and international scope.",2026-09-05
Exponent Philanthropy,unknown,unknown,The organization’s own current careers page contains no Exponent staff vacancy or arrangement statement.,https://exponentphilanthropy.org/our-mission/careers/,benchmark/sources/native/organization_metadata/job_review_1/exponent_careers_2026.html,unknown,Exponent Philanthropy's article explains why some private foundations consider serving as fiscal sponsors; it does not say Exponent Philanthropy itself sponsors projects.,https://exponentphilanthropy.org/resource/serving-as-a-fiscal-sponsor/,,low,"Targeted historical search returned jobs posted by other foundations on Exponent’s member board, not Exponent employment ads. A sample remote-work policy is a member resource and cannot establish Exponent’s own work model. Keep unknown; retain US nationwide operating scope.",2026-09-05
FAR AI,false,in-person / hybrid,A recent employer-identified listing and historical employer post each support both remote and in-person options.,https://www.aisafetycareers.com/jobs/3245b2fd-b6ca-400c-ba12-98fd55601fe1,,unknown,FAR.AI says the Safe AI Forum was a fiscally sponsored project at FAR.AI from 2023 until it spun out as an independent nonprofit in 2025; this does not establish a current sponsorship service.,https://far.ai/news/safe-ai-forum-spins-out-from-far-ai,,medium,2024 employer post is not pandemic-only and describes worldwide remote hiring. Individual role eligibility may differ. Use hybrid/mixed and international scope.,2026-09-05
Farm Forward,unknown,unknown,Targeted current and dated searches did not yield a followed employer careers page or attributable job advertisement.,https://www.farmforward.com/who-we-are/team/,,unknown,Farm Forward says it was JIFA's partner and fiscal sponsor in the 2025 launch of the independent Center for Jewish Food Ethics; the source does not establish a continuing current sponsorship service.,https://www.farmforward.com/news/cjfe-launch/,,low,Historical search did not identify a dated Farm Forward job ad with workplace terms. Do not rely on organization directory entries or search snippets. Keep unknown and retry through an official ATS or archived careers page.,2026-09-05
Farm Sanctuary,false,in-person / hybrid,"Live official openings include multiple sanctuary-site roles, while the employer ATS also lists a remote research internship.",https://www.farmsanctuary.org/careers,,unknown,"The latest local Form 990 was reviewed for legal and program descriptions; it does not itself establish that the entity sponsors or hosts outside projects, so the field remains unknown rather than false.",https://apps.irs.gov/pub/epostcard/990/xml/2024/202422699349301652_public.xml,benchmark/sources/native/form990/202422699349301652_public.xml,high,Targeted historical search found an employer careers interview guide but no older work-model rule. The remote research internship does not make animal-care positions remote. Use hybrid/mixed and US scope.,2026-09-05
Faunalytics,true,remote,"A current Faunalytics posting, mirrored with a direct Faunalytics URL, explicitly describes a fully remote U.S./Canada role. A second official historical hiring document confirms a distinct hiring process but does not state arrangement.",https://faunalytics.org/job-posting-community-research-coordinator/,,unknown,The official culture and organization material reviewed does not establish that Faunalytics offers fiscal sponsorship or hosts outside projects.,https://faunalytics.org/culture/,,medium,"The historical official application form was located; it contains no work arrangement. The current remote result alone is insufficient for high organization-wide certainty, and a symposium being remote is not employee-policy evidence. Use medium-confidence remote pending a second dated role with explicit terms.",2026-09-05
Federal Funds Information for States,unknown,unknown,Current official CEO vacancy and DC office address do not state an attendance rule or location eligibility.,https://ffis.org/jobs/,,unknown,FFIS's official jobs material reviewed does not establish a fiscal-sponsorship service or hosted-project function.,https://ffis.org/jobs/,benchmark/sources/native/job_ads/src-ad-ffis-2026.html,low,Targeted historic search found no employer work-arrangement ad. Do not infer in-person work from the Washington mailing address. Keep work model unknown; CEO hiring market is US-only.,2026-09-05
Federation of American Scientists,false,in-person / hybrid,"The current FAS careers page labels one open fellowship hybrid, while its employer ATS labels a distinct advisor role remote.",https://fas.org/careers/,benchmark/sources/native/organization_metadata/job_review_1/fas_careers_2026.html,true,FAS's FY2025 Form 990 describes its Fiscal Sponsorships program and says FAS accepted tax-deductible contributions for nine sponsored projects and provided oversight and administrative infrastructure.,https://apps.irs.gov/pub/epostcard/990/xml/2026/202620939349300837_public.xml,benchmark/sources/native/form990/202620939349300837_public.xml,high,"A second, distinct current employer ATS posting was searched as the historical/archived attempt; its publication date is unavailable. Roles differ, so the result is mixed rather than an assertion that all FAS staff work hybrid. Use hybrid/mixed; obtain dated closed postings to characterize persistence.",2026-09-05
First Embrace,false,in-person / hybrid,The identified 2026 operations-lead vacancy is specifically located in Nigeria and leads hospital-ward implementation.,https://remoteimpact.org/jobs/founding-director-director-of-operations-first-embrace-1/,,unknown,"The posting calls First Embrace an AIM-incubated charity. That describes being incubated or potentially sponsored, not First Embrace serving as sponsor for other projects.",https://docs.google.com/document/d/15ngrwjrFXk1rDVV6JelJHiEvcPQxfKOhXUpCDk7HpXQ/edit?usp=sharing,benchmark/sources/native/job_ads/src-ad-first-embrace-2026.pdf,medium,Targeted employer-careers and historical search did not locate an official page or another arrangement source. A single location-labelled role cannot establish the entire organization’s schedule. Use in-person only with medium confidence; hiring and operations are outside the US.,2026-09-05
Food Animal Concerns Trust,true,remote,"The current employer role explicitly says remote. A separate dated job-board record identifies a distinct FACT Communications Manager opening, though the retrieved result lacks workplace text.",https://www.foodanimalconcernstrust.org/development-coordinator,benchmark/sources/native/organization_metadata/job_review_1/fact_development_coordinator_2026.html,unknown,"The latest local Form 990 was reviewed for legal and program descriptions; it does not itself establish that the entity sponsors or hosts outside projects, so the field remains unknown rather than false.",https://apps.irs.gov/pub/epostcard/990/xml/2026/202620149349300022_public.xml,benchmark/sources/native/form990/202620149349300022_public.xml,high,A January 2026 third-party job-board referral provides a historical hiring attempt. The dated job-board entry should not be treated as proof of the work model because its complete ad could not be followed. Use remote for current hiring; seek another official dated posting to raise historical certainty.,2026-09-05
Foresight Institute,false,in-person / hybrid,"Current employer hiring spans San Francisco and Berlin; an official historic role was remote, yielding mixed evidence.",https://www.linkedin.com/posts/foresight-institute_want-to-work-for-foresight-were-hiring-activity-7460727343465136129-Vh0r,,unknown,"The latest local Form 990 was reviewed for legal and program descriptions; it does not itself establish that the entity sponsors or hosts outside projects, so the field remains unknown rather than false.",https://apps.irs.gov/pub/epostcard/990/xml/2025/202543179349308564_public.xml,benchmark/sources/native/form990/202543179349308564_rendered.html,medium,The remote contractor role is historic and may belong to a funded project rather than all staff. Current open-position details do not state each role’s attendance terms. Use hybrid/mixed and international scope.,2026-09-05
FrameWorks Institute,true,remote,A current dated official FrameWorks Senior Designer ad explicitly calls the role fully remote. A separate official organization post says two roles were fully remote.,https://www.frameworksinstitute.org/articles/senior-designer/,benchmark/sources/native/organization_metadata/job_review_1/frameworks_senior_designer_2026.html,unknown,"The latest local Form 990 was reviewed for legal and program descriptions; it does not itself establish that the entity sponsors or hosts outside projects, so the field remains unknown rather than false.",https://apps.irs.gov/pub/epostcard/990/xml/2026/202641389349300439_public.xml,benchmark/sources/native/form990/202641389349300439_public.xml,high,"The LinkedIn organization post is undated in the retrieved page, so it is supporting rather than time-anchored historical evidence. Remote is not inferred from the unrelated Rippling employer named Framework. Use remote; current role is explicit.",2026-09-05
Fresh Energy,false,in-person / hybrid,A 2026 employer-identified CFOO search is explicitly hybrid in the Twin Cities; current ATS has no openings.,https://www.ofn.org/job-bank/chief-financial-and-operations-officer/,,unknown,"The latest local Form 990 was reviewed for legal and program descriptions; it does not itself establish that the entity sponsors or hosts outside projects, so the field remains unknown rather than false.",https://apps.irs.gov/pub/epostcard/990/xml/2025/202513169349301031_public.xml,benchmark/sources/native/form990/202513169349301031_public.xml,medium,"No separate historical arrangement source was found. Third-party role copy, although employer-identified, is not a current official vacancy. Use hybrid with medium confidence and US scope.",2026-09-05
Future of Privacy Forum,false,in-person / hybrid,The current official careers page explicitly defines a hybrid work environment including telecommuting.,https://fpf.org/about/career-opportunities/,benchmark/sources/native/organization_metadata/job_review_1/fpf_career_opportunities_2026.html,unknown,"The latest local Form 990 was reviewed for legal and program descriptions; it does not itself establish that the entity sponsors or hosts outside projects, so the field remains unknown rather than false.",https://apps.irs.gov/pub/epostcard/990/xml/2025/202543219349319589_public.xml,benchmark/sources/native/form990/202543219349319589_public.xml,high,"A separate prior FPF job page refers to local and remote team members, but lacks a visible date. FPF describes itself as global; that is operating scope, not proof of international payroll eligibility. Use hybrid for work model; verify country eligibility in a live vacancy when hiring scope is material.",2026-09-05
Generation Pledge,true,remote,"Two independently published employer-identified roles are remote, with the latter stating multi-region eligibility.",https://www.theimpactjob.com/,,unknown,The redirected official presentation could not be reliably inspected for a statement that Generation Pledge sponsors or hosts other projects.,https://generationpledge.org/,,medium,"The older role is 2025, not pandemic-only. No official careers page was located. Use inferred remote, medium confidence, and international scope.",2026-09-05
GiveWell,true,remote,The current official jobs page says most staff work remotely and lists multiple research roles as United States + International (Remote).,https://www.givewell.org/about/jobs,benchmark/sources/native/organization_metadata/job_review_1/givewell_jobs_2026.html,unknown,GiveWell's official records and Form 990 were reviewed; they do not themselves establish that GiveWell offers fiscal sponsorship or hosts outside projects.,https://www.givewell.org/about/official-records,benchmark/sources/native/form990/givewell_2024_form990.pdf,high,"The current page was also searched for historical role traces; no separately dated archived employer job ad was found in this pass. Some operational roles are US Remote, so international eligibility applies to listed role classes rather than every opening. Use remote and international hiring scope, with eligibility read role by role.",2026-09-05
GivingTuesday,true,remote,An official 2025 role explicitly provides a remote European-time-zone arrangement; current official careers page remains active.,https://www.givingtuesday.org/wp-content/uploads/2025/11/Programs-Associate-Part-Time-Remote-1.pdf,,unknown,"The latest local Form 990 was reviewed for legal and program descriptions; it does not itself establish that the entity sponsors or hosts outside projects, so the field remains unknown rather than false.",https://apps.irs.gov/pub/epostcard/990/xml/2026/202601219349300720_public.xml,benchmark/sources/native/form990/202601219349300720_public.xml,high,The remote role is a consultant contract with GivingTuesday’s US 501(c)(3). Current page does not provide an organization-wide work rule. Use remote and international scope.,2026-09-05
Global Health Corps,false,in-person / hybrid,"GHC permits remote work where possible, and its current employer ATS includes New York or US East Coast Remote eligibility; these role/condition terms support a mixed model.",https://ghcorps.org/careers-at-ghc/,benchmark/sources/native/organization_metadata/job_review_1/global_health_corps_careers_2026.html,unknown,"The latest local Form 990 was reviewed for legal and program descriptions; it does not itself establish that the entity sponsors or hosts outside projects, so the field remains unknown rather than false.",https://apps.irs.gov/pub/epostcard/990/xml/2026/202600139349300115_public.xml,benchmark/sources/native/form990/202600139349300115_public.xml,medium,A separate current ATS search supplied a remote eligibility alternative but no dated closed employer ad was available. Flexible scheduling alone does not prove fully remote work; fellowship placement geography is not staff workplace policy. Use hybrid/mixed; verify eligibility country per vacancy.,2026-09-05
Good Food Institute,true,remote,"Official current careers page states GFI is mostly remote, and current employer ATS has a US remote opening.",https://gfi.org/careers/,,unknown,"The latest local Form 990 was reviewed for legal and program descriptions; it does not itself establish that the entity sponsors or hosts outside projects, so the field remains unknown rather than false.",https://apps.irs.gov/pub/epostcard/990/xml/2025/202543189349301719_public.xml,benchmark/sources/native/form990/202543189349301719_public.xml,high,Official historical employer post in 2024 advertised three remote US Corporate Engagement roles. Policy and Government Relations team works from the DC office. Use remote with international operating/hiring scope.,2026-09-05
Grantmakers for Education,unknown,unknown,The official board identifies a Grantmakers for Education Student Fellow position but contains no attendance or remote language.,https://www.edfunders.org/jobs-and-opportunities-board/,benchmark/sources/native/organization_metadata/job_review_1/grantmakers_education_board_2026.html,unknown,"The latest local Form 990 was reviewed for legal and program descriptions; it does not itself establish that the entity sponsors or hosts outside projects, so the field remains unknown rather than false.",https://apps.irs.gov/pub/epostcard/990/xml/2025/202543079349303299_public.xml,benchmark/sources/native/form990/202543079349303299_public.xml,low,"A targeted dated search located only organizational news and third-party flexible-work summaries, not a followed job ad with terms. The board also lists third-party employers, whose remote labels cannot be assigned to Grantmakers for Education. Keep unknown until an employer job description gives workplace requirement.",2026-09-05
Grantmakers for Effective Organizations,false,in-person / hybrid,The official jobs page explicitly states current hybrid status.,https://geofunders.herokuapp.com/about-us/jobs,,unknown,"The latest local Form 990 was reviewed for legal and program descriptions; it does not itself establish that the entity sponsors or hosts outside projects, so the field remains unknown rather than false.",https://apps.irs.gov/pub/epostcard/990/xml/2025/202503109349303655_public.xml,benchmark/sources/native/form990/202503109349303655_public.xml,high,Historic FlexJobs summary described remote and part-time options but was not needed for classification. None found. Use hybrid and US scope.,2026-09-05
Great Basin Water Network,true,remote,A dated university environmental-policy job board attributes an Executive Director vacancy to GBWN and explicitly says remote in Nevada or Utah.,https://epm.ucdavis.edu/job-listing/executive-director-19,,unknown,The reviewed organization and executive-posting material does not establish that Great Basin Water Network offers fiscal sponsorship or hosts outside projects.,https://careers.councilofnonprofits.org/jobs/executive-director-in-reno-nevada-us/,benchmark/sources/native/job_ads/src-ad-gbwn-2026.html,medium,The organization’s current homepage announces an Executive Director search but no linked detailed job description was accessible for capture. The remote role has two-state residency limits; it does not demonstrate global eligibility. Use remote medium; preserve US-only geographic limitation.,2026-09-05
Guttmacher Institute,false,in-person / hybrid,Recent employer-job aggregation labels two current roles hybrid; official page confirms the two US offices.,https://www.metaintro.com/company/guttmacher-institute,,unknown,"The latest local Form 990 was reviewed for legal and program descriptions; it does not itself establish that the entity sponsors or hosts outside projects, so the field remains unknown rather than false.",https://apps.irs.gov/pub/epostcard/990/xml/2023/202341989349301459_public.xml,benchmark/sources/native/form990/202341989349301459_public.xml,medium,Official page is current but does not itself state attendance terms. The organization’s global mission is not itself hiring eligibility. Use hybrid medium confidence; US hiring and international operating footprint.,2026-09-05
Hagley Museum and Library,unknown,unknown,"The official employment page identifies a current vacancy but does not state remote, hybrid, location, or attendance requirements.",https://www.hagley.org/about-us/employment,benchmark/sources/native/organization_metadata/job_review_1/hagley_employment_2026.html,unknown,Hagley's official institutional description and the archived posting do not establish a fiscal-sponsorship service.,https://www.hagley.org/about-us,,low,A historical library job notice was located but did not supply a workplace arrangement; it is not used as evidence. A museum/library campus and a city name are not attendance requirements. Keep unknown.,2026-09-05
Healthcare Career Advancement Program,unknown,unknown,Official site establishes US footprint but has no careers page or work-arrangement evidence.,https://www.hcapinc.org/,,unknown,The posting describes H-CAP and its affiliated H-CAP Education Association but does not state that H-CAP fiscally sponsors outside projects.,https://careers.arena.run/companies/seiu-2/jobs/66223842-executive-director-h-cap,"benchmark/sources/native/manual_browser/src-ad-hcap-2026/Executive Director, H-CAP @ SEIU _ Arena Job Board.html",low,Targeted current and historical career searches yielded training-program material rather than H-CAP staff ads. Training partners’ jobs are not H-CAP employment. Keep unknown; operating scope US.,2026-09-05
High Impact Athletes,true,remote,"The organization’s current LinkedIn post describes a fully remote, async-first finance role; a separate job board attributes another fully remote role to HIA.",https://www.linkedin.com/company/high-impact-athletes,,unknown,HIA's official team material describes fundraising and international entities but does not establish that HIA serves as a fiscal sponsor for outside projects.,https://www.highimpactathletes.org/abouthia,,medium,The supporting job board is current but has no visible publication date. APAC preference and NZ/AUS timezone preference constrain individual roles but do not make them in-person. Use remote medium; confirm legal hiring countries in each ad.,2026-09-05
ideas42,true,remote,Two role-specific staff posts describe US remote positions; current official careers hub has no vacancies.,https://www.linkedin.com/in/maheen-shermohammed-9b637814,,unknown,"The latest local Form 990 was reviewed for legal and program descriptions; it does not itself establish that the entity sponsors or hosts outside projects, so the field remains unknown rather than false.",https://apps.irs.gov/pub/epostcard/990/xml/2024/202423199349314832_public.xml,benchmark/sources/native/form990/202423199349314832_public.xml,medium,2022 source is historical; 2025 role provides recent corroboration. Current careers page lists a DC main office but no work model. Use inferred remote with medium confidence and US scope.,2026-09-05
IDinsight,false,in-person / hybrid,"Current careers content recognizes remote colleagues, while the dated employer role enumerates offices and Remote, establishing a mixed organization arrangement.",https://www.idinsight.org/about/careers/,benchmark/sources/native/organization_metadata/job_review_1/idinsight_careers_2026.html,unknown,IDinsight's official careers and organization material does not establish that it offers fiscal sponsorship or hosts outside projects.,https://www.idinsight.org/about/careers/,,high,The May 2022 official India Director description provides a distinct historical ad. International operating locations do not automatically make every vacancy internationally eligible; current roles include country-specific openings. Use hybrid/mixed and international operating scope; evaluate eligibility role by role.,2026-09-05
Independent Sector,false,in-person / hybrid,"Current official careers page explicitly supplies the hybrid schedule, corroborated by a 2024 official job description.",https://independentsector.org/careers/,,unknown,"The latest local Form 990 was reviewed for legal and program descriptions; it does not itself establish that the entity sponsors or hosts outside projects, so the field remains unknown rather than false.",https://apps.irs.gov/pub/epostcard/990/xml/2025/202502349349301110_public.xml,benchmark/sources/native/form990/202502349349301110_public.xml,high,The number of telework days changed from 3 to 2. None found. Use hybrid and US scope.,2026-09-05
Information Technology and Innovation Foundation,unknown,unknown,The official job page provides Washington contact information and an internship link but no job-level remote or attendance terms.,https://itif.org/jobs/,benchmark/sources/native/organization_metadata/job_review_1/itif_jobs_2026.html,unknown,"The latest local Form 990 was reviewed for legal and program descriptions; it does not itself establish that the entity sponsors or hosts outside projects, so the field remains unknown rather than false.",https://apps.irs.gov/pub/epostcard/990/xml/2026/202630159349300603_public.xml,benchmark/sources/native/form990/202630159349300603_public.xml,low,A targeted historical search did not identify a dated attributable job ad with such terms. A Washington office address does not establish an in-person policy. Keep unknown.,2026-09-05
Injustice Watch,unknown,unknown,Current official job page identifies a vacancy but gives no attendance or eligible-location terms.,https://www.injusticewatch.org/about/jobs/,,unknown,Injustice Watch's official organizational and policy material does not establish a fiscal-sponsorship service or hosted-project program.,https://www.injusticewatch.org/about/policies/,,low,"A targeted historical search found no separate, usable arrangement source. Chicago-centered coverage is not an attendance requirement. Keep unknown; operating scope US.",2026-09-05
Innovations for Poverty Action,false,in-person / hybrid,"IPA explicitly supports both fully remote and hybrid options, and current opportunities span global locations; therefore its model is mixed/hybrid.",https://poverty-action.org/careers,benchmark/sources/native/organization_metadata/job_review_1/ipa_careers_2026.html,unknown,"The latest local Form 990 was reviewed for legal and program descriptions; it does not itself establish that the entity sponsors or hosts outside projects, so the field remains unknown rather than false.",https://apps.irs.gov/pub/epostcard/990/xml/2025/202513169349300641_public.xml,benchmark/sources/native/form990/202513169349300641_public.xml,high,A distinct 2024 Liberia vacancy corroborates geographically distributed hiring but does not state remote terms. The range of models means no assertion that every IPA job is hybrid. Use hybrid/mixed and international scope.,2026-09-05
Institute for Energy Economics and Financial Analysis,true,remote,Multiple current official roles in distinct countries are explicitly remote.,https://ieefa.org/careers,,unknown,"The latest local Form 990 was reviewed for legal and program descriptions; it does not itself establish that the entity sponsors or hosts outside projects, so the field remains unknown rather than false.",https://apps.irs.gov/pub/epostcard/990/xml/2025/202541979349300319_public.xml,benchmark/sources/native/form990/202541979349300319_public.xml,high,A 2022 librarian role was also published as remote; not required for current classification. None found. Use inferred remote and international scope.,2026-09-05
Institute for Market Transformation,false,in-person / hybrid,IMT’s official career page explicitly advertises remote and hybrid options; an external employment profile describes historical US-based 100% remote roles.,https://www.cityenergyproject.org/about/jobs/,benchmark/sources/native/organization_metadata/job_review_1/imt_jobs_2026.html,unknown,"The IRS filing identifies IMT as the reporting entity and describes its own building-performance programs, but does not establish that it legally hosts projects for other groups; status remains unknown.",https://apps.irs.gov/pub/epostcard/990/xml/2025/202512829349300921_public.xml,benchmark/sources/native/form990/202512829349300921_public.xml,high,"The secondary historical summary lacks individual ad dates and is supporting context only. Remote and hybrid options are both stated, so one universal arrangement is not assumed. Use hybrid/mixed; seek dated official role terms if stricter separation is needed.",2026-09-05
Institute for Nonprofit News,true,remote,A current employer-identified remote role supports remote work; the older official remote language is pandemic-only and not used as current policy.,https://www.mediabistro.com/jobs/3325588667-remote-senior-editor-investigative-research,,true,INN's official fiscal-sponsorship page says INN can serve as fiscal sponsor and describes the service for nonprofit news projects.,https://inn.org/resource/inn-fiscal-sponsorship/,,medium,2022 remote arrangement is expressly COVID-related. Current official job board has no vacancy details. Use inferred remote with medium confidence.,2026-09-05
Institute for Policy Studies,unknown,unknown,Current official page directs applicants to jobs but gives no terms.,https://ips-dc.org/about/contact/,benchmark/sources/native/organization_metadata/job_review_1/ips_contact_2026.html,unknown,"The latest local Form 990 was reviewed for legal and program descriptions; it does not itself establish that the entity sponsors or hosts outside projects, so the field remains unknown rather than false.",https://apps.irs.gov/pub/epostcard/990/xml/2025/202513219349302816_public.xml,benchmark/sources/native/form990/202513219349302816_public.xml,low,Historical targeted search found official social referral only. DC identity/address is not attendance evidence. Keep unknown.,2026-09-05
Institute for Security and Technology,true,remote,Current official role explicitly states IST is remote.,https://securityandtechnology.org/senior-associate-cyber/,,unknown,"IST's official 2022 Form 990 says it acted as fiscal agent and sponsor for the Ukraine Defense Fund, but later reporting does not establish an active current sponsorship service.",https://securityandtechnology.org/wp-content/uploads/2025/07/Institute-For-Security-And-Technology-990-2022.pdf,,high,"2021 official communications internship was also located as historical evidence. DC candidates are encouraged for in-person convenings. Use remote, US scope.",2026-09-05
Institute for the Study of War,false,in-person / hybrid,Current employer careers content depicts office work while a current third-party listing identifies a hybrid role.,https://understandingwar.org/about-isw/careers/,benchmark/sources/native/organization_metadata/job_review_1/isw_careers_2026.html,unknown,"The latest local Form 990 was reviewed for legal and program descriptions; it does not itself establish that the entity sponsors or hosts outside projects, so the field remains unknown rather than false.",https://apps.irs.gov/pub/epostcard/990/xml/2025/202502909349301720_public.xml,benchmark/sources/native/form990/202502909349301720_public.xml,medium,Historical/current job-board result was followed; no dated official closed ad found. Photos alone cannot establish a universal mandate; role-level hybrid evidence supports mixed model. Use hybrid/mixed medium.,2026-09-05
Institute for Women’s Policy Research,false,in-person / hybrid,Official ATS provides explicit hybrid rule and a current DC executive-support vacancy.,https://iwpr.applytojob.com/apply/DGEY0n9a4y/Research-Associate,,unknown,"The latest local Form 990 was reviewed for legal and program descriptions; it does not itself establish that the entity sponsors or hosts outside projects, so the field remains unknown rather than false.",https://apps.irs.gov/pub/epostcard/990/xml/2026/202621349349301217_public.xml,benchmark/sources/native/form990/202621349349301217_public.xml,high,"Explicit role dated 2025, not pandemic-only. None. Use hybrid, US scope.",2026-09-05
Institute on Taxation and Economic Policy,true,remote,Current ITEP job is listed as US Remote by Idealist; historical ITEP ad allowed conditional pandemic remote.,https://itep.org/employment/,benchmark/sources/native/organization_metadata/job_review_1/itep_employment_2026.html,unknown,"The latest local Form 990 was reviewed for legal and program descriptions; it does not itself establish that the entity sponsors or hosts outside projects, so the field remains unknown rather than false.",https://apps.irs.gov/pub/epostcard/990/xml/2026/202611559349300546_public.xml,benchmark/sources/native/form990/202611559349300546_public.xml,medium,2021 language is pandemic-contingent and does not alone establish continuing policy. Current remote label is third-party; official ad has no extracted arrangement. Use remote medium only pending direct current official terms.,2026-09-05
Internet Security Research Group,true,remote,Current official careers policy makes all positions remote and specifies US/Canada eligibility.,https://www.isrg.org/careers/,,unknown,"Official materials describe ISRG as the parent organization of its own projects, but do not establish that it provides legal and administrative fiscal sponsorship to separate outside groups.",https://letsencrypt.org/2024/05/30/princeton-partnership,,high,2021 job corroborates long-standing remote practice. None. Use remote; international hiring includes Canada.,2026-09-05
Jain Family Institute,unknown,unknown,Current targeted searches located the organization team page but no employer careers page or attributable ad.,https://jainfamilyinstitute.org/,,unknown,"The latest local Form 990 was reviewed for legal and program descriptions; it does not itself establish that the entity sponsors or hosts outside projects, so the field remains unknown rather than false.",https://apps.irs.gov/pub/epostcard/990/xml/2025/202523219349327407_public.xml,benchmark/sources/native/form990/202523219349327407_public.xml,low,Historical targeted query returned no dated Jain Family Institute job material. Do not confuse Jain Family Institute with Jain University. Keep unknown.,2026-09-05
Joyce Ivy Foundation,true,remote,Official staff posting says all employees work remotely; current executive listing corroborates remote US leadership role.,https://joyceivyfoundation.org/were-hiring/,,unknown,The reviewed official posting describes Joyce Ivy's scholarship and summer-scholars work but does not establish a fiscal-sponsorship service.,https://careers.councilofnonprofits.org/jobs/executive-director-joyce-ivy-foundation-remote-in-anywhere/,benchmark/sources/native/job_ads/src-ad-joyceivy-2026.html,high,"2025 post includes periodic event travel. Michigan preference does not negate remote status. Use remote, US scope; CEO scope direct.",2026-09-05
Last Mile Health,false,in-person / hybrid,"Current official ATS simultaneously lists a Remote consultancy and numerous country/city-based roles, so model is mixed.",https://lastmilehealth.applytojob.com/,benchmark/sources/native/organization_metadata/job_review_1/last_mile_health_ats_2026.html,unknown,"The latest local Form 990 was reviewed for legal and program descriptions; it does not itself establish that the entity sponsors or hosts outside projects, so the field remains unknown rather than false.",https://apps.irs.gov/pub/epostcard/990/xml/2026/202631359349305343_public.xml,benchmark/sources/native/form990/202631359349305343_public.xml,high,"A 2023 third-party hosted Warehouse Assistant ad was located, but it has no model terms. Country location alone does not prove attendance; it shows worldwide hiring and prevents universal remote claim. Use hybrid/mixed and international scope.",2026-09-05
Lawfare Institute,true,remote,Current official internship and employer ATS both label roles remote.,https://www.lawfaremedia.org/article/intern-with-lawfare,,unknown,"The IRS filing identifies the Lawfare Institute as the reporting entity and describes its own publication and policy programs, but does not establish that it legally hosts projects for other groups; status remains unknown.",https://apps.irs.gov/pub/epostcard/990/xml/2025/202523219349307027_public.xml,benchmark/sources/native/form990/202523219349307027_public.xml,high,Current role requires US location. Coworking is optional. Use remote and US scope.,2026-09-05
Lead Exposure Elimination Project,true,remote,"Current official job explicitly permits remote or London office, and a dated distinct job-board entry says Remote (Global).",https://leadelimination.org/jobs/,benchmark/sources/native/organization_metadata/job_review_1/leep_jobs_2026.html,unknown,"The latest local Form 990 was reviewed for legal and program descriptions; it does not itself establish that the entity sponsors or hosts outside projects, so the field remains unknown rather than false.",https://apps.irs.gov/pub/epostcard/990/xml/2026/202631969349301838_public.xml,benchmark/sources/native/form990/202631969349301838_public.xml,high,"The dated third-party role supports geographic reach but current official terms carry work-model result. Office option makes this a remote-eligible model, not proof all employees are remote. Use remote with international hiring scope.",2026-09-05
Learning Policy Institute,false,in-person / hybrid,"Current official internships offer both remote and in-person options, with optional office attendance for some roles.",https://learningpolicyinstitute.org/careers/about-lpi-internship,,unknown,"The latest local Form 990 was reviewed for legal and program descriptions; it does not itself establish that the entity sponsors or hosts outside projects, so the field remains unknown rather than false.",https://apps.irs.gov/pub/epostcard/990/xml/2025/202503179349312065_public.xml,benchmark/sources/native/form990/202503179349312065_public.xml,medium,"Current careers page lists San Francisco and DC offices. Policy internships have a DC commuting condition. Use hybrid/mixed, US scope.",2026-09-05
Legal Priorities Project,unknown,unknown,Targeted current and historical searches did not yield an attributable employer careers page or job ad.,https://law-ai.org/career/research-fellow/,,unknown,The successor organization's careers material does not establish that it fiscally sponsors or hosts outside projects.,https://law-ai.org/career/research-fellow/,,low,No dated job advertisement was found. Generic legal-project-manager results were excluded. Keep unknown.,2026-09-05
Leverage Research,unknown,unknown,The available employer-identified current jobs page names roles and cities but not attendance or remote eligibility.,https://wellfound.com/company/leverageresearch/jobs,,unknown,"The latest local Form 990 was reviewed for legal and program descriptions; it does not itself establish that the entity sponsors or hosts outside projects, so the field remains unknown rather than false.",https://apps.irs.gov/pub/epostcard/990/xml/2025/202523239349301652_public.xml,benchmark/sources/native/form990/202523239349301652_rendered.html,low,Targeted remote/historical search found no reliable arrangement statement. City listings are not attendance evidence. Keep unknown; US operating scope.,2026-09-05
Living Goods,unknown,unknown,No followed current employer job page with arrangement was found.,https://livinggoods.org/wp-content/uploads/2023/02/Living-Goods_2022-Year-End-Report.pdf,benchmark/sources/native/organization_metadata/job_review_1/living_goods_2022_report.pdf,unknown,"The latest local Form 990 was reviewed for legal and program descriptions; it does not itself establish that the entity sponsors or hosts outside projects, so the field remains unknown rather than false.",https://apps.irs.gov/pub/epostcard/990/xml/2024/202433199349307518_public.xml,benchmark/sources/native/form990/202433199349307518_public.xml,low,The official 2022 report describes exclusively remote pandemic-era work and is not generalized to present practice. Third-party current remote directory result was not treated as verified evidence. Keep unknown; preserve pandemic-only note.,2026-09-05
Magnify Mentoring,true,remote,Official current role is explicitly remote and a contemporaneous job listing specifies global eligibility.,https://www.magnifymentoring.org/post/we-are-hiring-a-recruitment-program-manager,,unknown,"The latest local Form 990 was reviewed for legal and program descriptions; it does not itself establish that the entity sponsors or hosts outside projects, so the field remains unknown rather than false.",https://apps.irs.gov/pub/epostcard/990/xml/2026/202601479349201500_public.xml,benchmark/sources/native/form990/202601479349201500_rendered.html,high,No contrary attendance rule found. Official post does not independently state countries. Use remote and international scope.,2026-09-05
Marine Science Institute,unknown,unknown,"Targeted current and historical searches returned generic marine-science career material, not an attributable employer job page.",https://aeoe.org/Find-a-Job/13574048,"benchmark/sources/native/manual_browser/src-ad-msi/AEOE - Executive Director - Marine Science Institute (Redwood City, CA).html",unknown,The reviewed institutional and executive-role material does not establish a fiscal-sponsorship service or hosted-project program.,https://www.sfbaymsi.org/employment,,low,No dated role with workplace terms was located. Generic industry results are excluded. Keep unknown.,2026-09-05
Mercy For Animals,true,remote,Current official careers page states a 100% remote workplace; employer ATS confirms regional remote hiring.,https://mercyforanimals.org/about/careers/,,unknown,"The latest local Form 990 was reviewed for legal and program descriptions; it does not itself establish that the entity sponsors or hosts outside projects, so the field remains unknown rather than false.",https://apps.irs.gov/pub/epostcard/990/xml/2025/202502259349301135_public.xml,benchmark/sources/native/form990/202502259349301135_public.xml,high,Current page describes five regions and 190 teammates. None. Use remote and international scope.,2026-09-05
METR,false,in-person / hybrid,"Current official careers list on-site, hybrid, and remote roles; the work model is explicitly mixed.",https://metr.org/careers,benchmark/sources/native/organization_metadata/job_review_1/metr_careers_2026.html,unknown,METR's official hiring and organization material does not establish that it offers fiscal sponsorship or hosts outside projects.,https://metr.org/hiring,,high,A separate dated historical posting described fully remote work with North American Pacific Time overlap. Remote contractor role does not make every employment role remote. Use hybrid/mixed high.,2026-09-05
Migration Policy Institute,false,in-person / hybrid,Official current internship program offers remote and in-person arrangements internationally.,https://www.migrationpolicy.org/about/work-with-us/internships,,unknown,"The latest local Form 990 was reviewed for legal and program descriptions; it does not itself establish that the entity sponsors or hosts outside projects, so the field remains unknown rather than false.",https://apps.irs.gov/pub/epostcard/990/xml/2026/202601359349310000_public.xml,benchmark/sources/native/form990/202601359349310000_public.xml,high,MPI careers lists offices in DC and Brussels. U.S. program research-assistant role is DC-based. Use hybrid/mixed and international scope.,2026-09-05
MOST Policy Initiative,false,in-person / hybrid,The archived Executive Director posting is based in Jefferson City and describes leading an organization whose fellows serve the Missouri General Assembly.,https://onthinktanks.org/job/executive-director-15/,benchmark/sources/native/organization_metadata/job_review_1/most_policy_initiative_current.html,unknown,The reviewed executive-posting material does not establish that MOST offers fiscal sponsorship or hosts outside projects.,https://onthinktanks.org/job/executive-director-15/,benchmark/sources/native/job_ads/src-ad-most-2025.html,medium,The legislative-service model is materially place-based even if some tasks can be performed remotely. No contrary current employer-wide rule was retained in this review lane. Use as a current operating-model indicator; recheck if a later employer-wide policy conflicts.,2026-09-05
MuckRock Foundation,true,remote,Official page says fully distributed; current employer job copy says remote US.,https://www.muckrock.com/jobs/,,true,MuckRock's official staff page states that the MuckRock Foundation fiscally sponsors MLK50 and The Sick Times.,https://www.muckrock.com/staff/,,high,"No contrary source. None. Use remote, US scope.",2026-09-05
National Academy for State Health Policy,unknown,unknown,No readable current ATS role terms were available; only a historical in-person restriction was followed.,https://ats.rippling.com/nashp/jobs,benchmark/sources/native/organization_metadata/job_review_1/nasph_careers_2026.html,unknown,"The latest local Form 990 was reviewed for legal and program descriptions; it does not itself establish that the entity sponsors or hosts outside projects, so the field remains unknown rather than false.",https://apps.irs.gov/pub/epostcard/990/xml/2025/202503179349302775_public.xml,benchmark/sources/native/form990/202503179349302775_public.xml,low,The dated 2018 role is too old to assume current policy. Do not generalize historical position restriction. Keep unknown pending a current readable ad.,2026-09-05
National Committee for Responsive Philanthropy,unknown,unknown,No official current job or attendance source found; past flexibility is insufficient.,https://www.flexjobs.com/remote-jobs/company/national_committee_for_responsive_philanthropy,,true,NCRP's FY2025 audited financial statements state that NCRP serves as fiscal sponsor for another nonprofit organization and holds funds for it.,https://ncrp.org/wp-content/uploads/2026/03/NCRP-Audited-Financial-Statements-FY25.pdf,,low,Historical search only found job aggregations. DC headquarters is not attendance evidence. Keep unknown; US footprint.,2026-09-05
National Employment Law Project,true,remote,NELP’s current work page supports remote work and a dated employer job announcement explicitly says remote in the United States.,https://www.nelp.org/about-us/work-at-nelp/,benchmark/sources/native/organization_metadata/job_review_1/nelp_work_2026.html,unknown,"The latest local Form 990 was reviewed for legal and program descriptions; it does not itself establish that the entity sponsors or hosts outside projects, so the field remains unknown rather than false.",https://apps.irs.gov/pub/epostcard/990/xml/2025/202523089349302957_public.xml,benchmark/sources/native/form990/202523089349302957_public.xml,high,The 2026 dated official VP posting is a distinct role. US remote limits hiring scope. Use remote high.,2026-09-05
National Press Foundation,false,in-person / hybrid,Current employer-identified CEO listing is explicitly hybrid in DC.,https://www.idealist.org/en/media-jobs-baltimore-md,,unknown,NPF's official organizational material describes journalism training and awards but does not establish a fiscal-sponsorship service.,https://nationalpress.org/,benchmark/sources/native/job_ads/src-ad-npf.html,medium,"No official historic arrangement source found. Job-board source, not official posting. Use hybrid medium confidence; CEO US scope direct.",2026-09-05
New America,unknown,unknown,"Current official roles have Chicago and Washington, DC location labels but no remote eligibility or attendance terms; a dated official hiring announcement also lacks workplace terms.",https://www.newamerica.org/careers/,benchmark/sources/native/organization_metadata/job_review_1/new_america_careers_2026.html,unknown,"The latest local Form 990 was reviewed for legal and program descriptions; it does not itself establish that the entity sponsors or hosts outside projects, so the field remains unknown rather than false.",https://apps.irs.gov/pub/epostcard/990/xml/2025/202513109349304131_public.xml,benchmark/sources/native/form990/202513109349304131_public.xml,low,A dated official hiring announcement was followed but has no workplace terms. City labels are not attendance requirements and do not establish US-only eligibility. Keep unknown for work model and hiring scope pending explicit eligibility or attendance terms.,2026-09-05
New Harvest,true,remote,"Official role is location-open and official opportunities list remote roles across US, Canada, Netherlands.",https://www.new-harvest.org/blog/hiring-chief-operating-officer,,unknown,New Harvest's official organization and hiring material does not establish that it offers fiscal sponsorship or hosts outside projects.,https://www.new-harvest.org/blog/hiring-chief-operating-officer,,medium,"COO page is currently indexed without a visible publication year. Board opportunities are volunteer roles. Use remote medium confidence, international scope.",2026-09-05
New Jersey League of Conservation Voters,false,in-person / hybrid,Current official policy explicitly requires two office/field days and permits remote remainder.,https://www.njlcv.org/jobs,benchmark/sources/native/organization_metadata/job_review_1/njlcv_jobs_2026.html,unknown,The reviewed official jobs material does not establish that NJLCV offers fiscal sponsorship or hosts outside projects.,https://www.njlcv.org/jobs,,high,Historical remote phrase is temporary and not relied upon for present model. Current explicit policy controls. Use hybrid high.,2026-09-05
New Roots Institute,true,remote,Official current careers page explicitly gives all-role remote policy and North America eligibility.,https://www.newrootsinstitute.org/support/join-our-team,,unknown,"The latest local Form 990 was reviewed for legal and program descriptions; it does not itself establish that the entity sponsors or hosts outside projects, so the field remains unknown rather than false.",https://apps.irs.gov/pub/epostcard/990/xml/2025/202523519349301637_public.xml,benchmark/sources/native/form990/202523519349301637_public.xml,high,Fellowship also accepts US/Canada students. None. Use remote; international hiring scope includes Canada.,2026-09-05
Niskanen Center,false,in-person / hybrid,Current official page lists distinct hybrid and remote openings.,https://www.niskanencenter.org/careers/,benchmark/sources/native/organization_metadata/job_review_1/niskanen_careers_2026.html,unknown,Niskanen's 2024 Form 990 reports a fiscal-sponsor arrangement before the sponsored organization obtained its own 501(c)(3) status; the filing does not establish a continuing current service.,https://apps.irs.gov/pub/epostcard/990/xml/2025/202523179349301947_public.xml,benchmark/sources/native/form990/202523179349301947_public.xml,high,The current page serves as historical attempt; no separately dated closed employer ad found. Different roles make the model mixed. Use hybrid/mixed high.,2026-09-05
Nonhuman Rights Project,true,remote,Current official careers policy makes all positions fully remote; the current executive search makes CEO scope a direct-role inference from that policy.,https://www.nonhumanrights.org/work-with-us/,,unknown,"The official About page describes direct litigation, legislation, and education programs but does not establish whether the organization hosts legally separate projects; status remains unknown.",https://www.nonhumanrights.org/about-us/,,high,2024 official Digital Coordinator was remote US-based. None. Use remote US; direct CEO scope based on all-position policy plus executive search.,2026-09-05
Nuclear Innovation Alliance,unknown,unknown,Current official openings page has no work model or eligibility terms.,https://nuclearinnovationalliance.org/career-opportunities,benchmark/sources/native/organization_metadata/job_review_1/nia_careers_2026.html,unknown,"The IRS filing identifies NIA as the reporting entity and describes its own programs, but does not establish whether it hosts other projects; status remains unknown.",https://apps.irs.gov/pub/epostcard/990/xml/2026/202621339349301817_public.xml,benchmark/sources/native/form990/202621339349301817_public.xml,low,A 2023 official intern PDF was found but the retrieved result lacks arrangement text. Do not use a job title as location evidence. Keep unknown.,2026-09-05
Nuclear Threat Initiative,unknown,unknown,Current employer post lacks work arrangement; older remote-intern result is insufficient for present model.,https://www.linkedin.com/posts/the-nuclear-threat-initiative_nti-internship-application-summer-2026-activity-7424856328306872321-ZsnD,,unknown,The IRS filing identifies NTI and its programs but does not establish that it offers fiscal sponsorship; status remains unknown.,https://apps.irs.gov/pub/epostcard/990/xml/2025/202522119349301667_public.xml,benchmark/sources/native/form990/202522119349301667_public.xml,low,"2021 remote summer-intern search found, not treated as current policy. Global mission does not show hiring eligibility. Keep unknown; international operating footprint.",2026-09-05
NumFOCUS,unknown,unknown,Official site exposes a jobs board but no NumFOCUS employee work-model statement was followed.,https://numfocus.org/,benchmark/sources/native/organization_metadata/job_review_1/numfocus_home_2026.html,true,NumFOCUS's official Programs page states that it serves as fiscal and legal sponsor for open-source projects.,https://numfocus.org/programs,benchmark/sources/native/organization_metadata/batch_3/numfocus_programs.html,low,"Targeted historical query did not yield dated attributable employer ad. Job-board entries can be for associated projects, not NumFOCUS staff. Keep unknown.",2026-09-05
One for the World,true,remote,"Separate employer and job-board roles support remote work, though country eligibility differs.",https://www.linkedin.com/posts/one-for-the-world_we-are-hiring-a-full-time-remote-program-activity-7306328800051511297-14dg,,unknown,The same official page identifies the US nonprofit and UK charity but does not establish that either offers fiscal sponsorship; status remains unknown.,https://1fortheworld.org/our-team,benchmark/sources/native/organization_metadata/batch_3/one_for_the_world_team.html,medium,Some older Mexico roles were hybrid. Mixed US and Mexico hiring markets. Use remote medium confidence; US current staffing evidence.,2026-09-05
Open Markets Institute,false,in-person / hybrid,"Current official careers page explicitly labels its current fellow opening on-site Washington, DC.",https://www.openmarketsinstitute.org/careers,benchmark/sources/native/organization_metadata/job_review_1/open_markets_careers_2026.html,unknown,The IRS filing identifies the reporting entity and its programs but does not establish whether it hosts other projects; status remains unknown.,https://apps.irs.gov/pub/epostcard/990/xml/2025/202533209349300548_public.xml,benchmark/sources/native/form990/202533209349300548_public.xml,high,"Targeted historical query did not yield a distinct dated employer job ad. This remains role-level evidence, though it is direct and current. Use in-person high for current hiring; recheck when roles change.",2026-09-05
Open Source Initiative,true,remote,"Official executive search is explicitly fully remote, but does not identify countries.",https://opensource.org/blog/open-source-initiative-executive-director-search-begins,,true,"OSI's FY2024 Form 990 states that it acted as fiscal sponsoree for three active projects: ClearlyDefined, FLOSS Desktops for Kids, and SeaGL.",https://apps.irs.gov/pub/epostcard/990/xml/2025/202533079349301473_public.xml,benchmark/sources/native/form990/202533079349301473_public.xml,medium,Current team page has no active jobs; search closed. None. Use remote medium confidence; hiring scope unknown.,2026-09-05
Open Technology Fund,false,in-person / hybrid,"Current OTF employer ATS lists a Washington, DC Senior Accountant, while a current third-party job listing identifies a distinct OTF role as Remote.",https://opentechnologyfund.applytojob.com/,benchmark/sources/native/organization_metadata/job_review_1/otf_ats_2026.html,unknown,"The IRS filing identifies OTF as the reporting entity and describes its own internet-freedom funding programs, but does not establish that it legally hosts projects for other groups; status remains unknown.",https://apps.irs.gov/pub/epostcard/990/xml/2025/202502249349302770_public.xml,benchmark/sources/native/form990/202502249349302770_public.xml,medium,"The remote job-board listing is current but lacks a recoverable precise publication date; it is treated as role-level support. A DC location label is not attendance proof, so overall confidence remains medium. Use hybrid/mixed medium pending an official job description with attendance terms.",2026-09-05
OpenSecrets,true,remote,Official careers search and historical employer LinkedIn post; remote signal is dated.,https://www.linkedin.com/posts/opensecrets_hiring-moneyinpolitics-jobs-activity-7020461575228559360-vask,,unknown,The IRS filing identifies the reporting entity and its direct programs but does not establish whether it hosts other projects; status remains unknown.,https://apps.irs.gov/pub/epostcard/990/xml/2026/202631979349301803_public.xml,benchmark/sources/native/form990/202631979349301803_public.xml,medium,A separate targeted historical search was performed; only evidence with a stated arrangement is used. Role-specific evidence may not apply to every employee. Use remote with medium confidence.,2026-09-05
ORCID,true,remote,ORCID’s own current employment page explicitly says it has been global and 100% remote since 2012.,https://info.orcid.org/work-with-us/,benchmark/sources/native/organization_metadata/job_review_1/orcid_work_2026.html,unknown,The IRS filing identifies ORCID as the reporting membership nonprofit but does not establish that it offers fiscal sponsorship; status remains unknown.,https://apps.irs.gov/pub/epostcard/990/xml/2025/202501769349301020_public.xml,benchmark/sources/native/form990/202501769349301020_public.xml,high,The page provides both current statement and stated historical continuity. Annual in-person retreat does not conflict with its explicit remote organization description. Use remote high and international scope.,2026-09-05
Over Zero,true,remote,Employer-identified role explicitly remote; organization works in US and Central Europe.,https://network-jobs.democracyfund.org/companies/over-zero/jobs/41365074-administrative-assistant-associate,,false,"The posting states that Over Zero is a project of and fiscally sponsored by Hopewell Fund, so Over Zero is the sponsored project rather than the legal sponsor.",https://impactopportunity.org/job/7756/executive-director/,benchmark/sources/native/job_ads/src-ad-overzero-2025.html,medium,A separate targeted historical search was performed; only evidence with a stated arrangement is used. Role-specific evidence may not apply to every employee. Use remote with medium confidence.,2026-09-05
Partnership on AI,true,remote,PAI’s current official careers page calls it fully remote and identifies staff across the US and Canada; dated employer posting separately confirms US remote eligibility.,https://partnershiponai.org/careers/,benchmark/sources/native/organization_metadata/job_review_1/pai_careers_2026.html,unknown,The IRS filing identifies Partnership on AI and its direct programs but does not establish whether it legally hosts other projects; status remains unknown.,https://apps.irs.gov/pub/epostcard/990/xml/2025/202543219349322709_public.xml,benchmark/sources/native/form990/202543219349322709_public.xml,high,"The 2023 Program Associate posting is distinct historical evidence. Current international scope is US/Canada evidence, not worldwide payroll evidence. Use remote high; interpret international hiring scope as US/Canada.",2026-09-05
PEAK Grantmaking,true,remote,Current CEO search explicitly says all staff virtual.,https://nonprofithr.applytojob.com/apply/RQG6pztBvo/Chief-Executive-Officer-PEAK-Grantmaking,,unknown,The IRS filing identifies PEAK as the reporting entity and describes membership programs but does not establish that it offers fiscal sponsorship; status remains unknown.,https://apps.irs.gov/pub/epostcard/990/xml/2025/202511219349301641_public.xml,benchmark/sources/native/form990/202511219349301641_public.xml,high,A separate targeted historical search was performed; only evidence with a stated arrangement is used. Role-specific evidence may not apply to every employee. Use remote with high confidence.,2026-09-05
Peterson Institute for International Economics,false,in-person / hybrid,Official current analyst description permits approval-based remote work up to two days per week after training.,https://www.piie.com/employment/research-analyst-us-economic-statistics,benchmark/sources/native/organization_metadata/job_review_1/piie_analyst_2026.html,unknown,The IRS filing identifies PIIE and its own research programs but does not establish whether it hosts other projects; status remains unknown.,https://apps.irs.gov/pub/epostcard/990/xml/2026/202611189349300636_public.xml,benchmark/sources/native/form990/202611189349300636_public.xml,high,Current employment page supplies a separately dated current listing. Approval and two-day limit establish hybrid rather than fully remote. Use hybrid high.,2026-09-05
Physicians Committee for Responsible Medicine,unknown,unknown,Current ATS has no arrangement text; historical search did not yield a usable employer ad.,https://pcrm.applicantpro.com/,,unknown,The IRS filing identifies PCRM and its programs but does not establish that it offers fiscal sponsorship; status remains unknown.,https://apps.irs.gov/pub/epostcard/990/xml/2026/202630169349300803_public.xml,benchmark/sources/native/form990/202630169349300803_public.xml,low,A separate targeted historical search was performed; only evidence with a stated arrangement is used. Role-specific evidence may not apply to every employee. Use unknown with low confidence.,2026-09-05
Physicians for Social Responsibility,unknown,unknown,"Targeted current and historical searches returned affiliate organizations and unrelated similarly named employers, not a followed national PSR job page.",https://psr.org/about/,,unknown,The IRS filing identifies the national organization and its programs but does not establish whether it hosts other projects; status remains unknown.,https://apps.irs.gov/pub/epostcard/990/xml/2025/202512749349301461_public.xml,benchmark/sources/native/form990/202512749349301461_public.xml,low,No dated national Physicians for Social Responsibility job ad with work terms was found. State affiliate policies were excluded. Keep unknown.,2026-09-05
Ploughshares Fund,false,in-person / hybrid,Employer-identified Executive Director role is hybrid and requires onsite work one day weekly.,https://pac.org/job/executive-director-15,,unknown,"The IRS filing identifies Ploughshares as the reporting public charity and grantmaker, but does not establish that it legally hosts projects for other groups; status remains unknown.",https://apps.irs.gov/pub/epostcard/990/xml/2026/202620979349300102_public.xml,benchmark/sources/native/form990/202620979349300102_public.xml,medium,A separate targeted historical search was performed; only evidence with a stated arrangement is used. Role-specific evidence may not apply to every employee. Use hybrid with medium confidence.,2026-09-05
Population Reference Bureau,unknown,unknown,Targeted official-domain and broad searches did not yield a followed PRB careers page or attributable vacancy.,https://www.prb.org/jobs-fellowships-rfps/,,unknown,The IRS filing identifies PRB and its own programs but does not establish whether it hosts other projects; status remains unknown.,https://apps.irs.gov/pub/epostcard/990/xml/2025/202501789349301305_public.xml,benchmark/sources/native/form990/202501789349301305_public.xml,low,No dated PRB job ad with work terms was found. Mission/data coverage across countries is not operating or hiring footprint evidence. Keep unknown.,2026-09-05
Portland VA Research Foundation,false,in-person / hybrid,VA-system credentialing and current Portland clinical role support an in-person model.,https://www.pvarf.org/human-resources/job-opportunities/,,unknown,"The official site describes the foundation as supporting research and education at the VA Portland system, but does not establish whether it legally sponsors outside projects; status remains unknown.",https://www.pvarf.org/,benchmark/sources/native/job_ads/src-ad-pvarf.html,medium,A separate targeted historical search was performed; only evidence with a stated arrangement is used. Role-specific evidence may not apply to every employee. Use in-person with medium confidence.,2026-09-05
Precision Development,false,in-person / hybrid,"Current official roles are explicitly hybrid in several countries, while a separate current third-party position is India Remote.",https://precisiondev.org/about-us/careers/,benchmark/sources/native/organization_metadata/job_review_1/precision_development_careers_2026.html,unknown,The IRS filing identifies Precision Development and its own programs but does not establish whether it hosts other projects; status remains unknown.,https://apps.irs.gov/pub/epostcard/990/xml/2024/202433199349302193_public.xml,benchmark/sources/native/form990/202433199349302193_public.xml,high,"The current official page also lists city/country-based work, establishing varied arrangements. Operating locations do not make every vacancy internationally eligible, but roles are outside the US. Use hybrid/mixed high and international scope.",2026-09-05
Project Drawdown,true,remote,Official current role says all positions remote and US work authorization/residence required.,https://drawdown.org/careers/senior-digital-designer-climate-science,,unknown,The IRS filing identifies Project Drawdown and its own programs but does not establish whether it hosts other projects; status remains unknown.,https://apps.irs.gov/pub/epostcard/990/xml/2025/202512529349301621_public.xml,benchmark/sources/native/form990/202512529349301621_public.xml,high,A separate targeted historical search was performed; only evidence with a stated arrangement is used. Role-specific evidence may not apply to every employee. Use remote with high confidence.,2026-09-05
Project Healthy Children,unknown,unknown,Targeted searches did not identify a followed Project Healthy Children employer careers page or job ad.,https://sanku.com/contact/,,unknown,"The official Form 990 identifies Project Healthy Children as the reporting entity, but does not establish whether it offers fiscal sponsorship; status remains unknown.",https://sanku.com/wp-content/uploads/2026/03/Sanku990_FY24.pdf,benchmark/sources/native/form990/sanku_2024_form990.pdf,low,Search results for Project Healthy Minds and other health groups were excluded. Program geography is not employment geography. Keep unknown.,2026-09-05
Public Agenda,unknown,unknown,Current official careers page has no arrangement; historical FlexJobs summary is insufficient.,https://publicagenda.org/about/careers/,,unknown,The IRS filing identifies Public Agenda and its programs but does not establish whether it hosts other projects; status remains unknown.,https://apps.irs.gov/pub/epostcard/990/xml/2026/202631029349300503_public.xml,benchmark/sources/native/form990/202631029349300503_public.xml,low,A separate targeted historical search was performed; only evidence with a stated arrangement is used. Role-specific evidence may not apply to every employee. Use unknown with low confidence.,2026-09-05
Public Knowledge,unknown,unknown,Current official ATS location label has no attendance terms; PKTrains page says some experiences can be remote.,https://publicknowledge.applytojob.com/apply,benchmark/sources/native/organization_metadata/job_review_1/public_knowledge_ats_2026.html,unknown,The IRS filing identifies Public Knowledge and its programs but does not establish whether it hosts other projects; status remains unknown.,https://apps.irs.gov/pub/epostcard/990/xml/2025/202533149349301903_public.xml,benchmark/sources/native/form990/202533149349301903_public.xml,low,No separately dated historical standard employment ad was located. Training experiences do not establish a general employee work model. Keep unknown pending employee role terms.,2026-09-05
Public Library of Science,true,remote,Multiple current employer ATS roles in the US and UK are explicitly remote.,https://job-boards.greenhouse.io/plos,,unknown,The official organization information reviewed does not establish that PLOS offers fiscal sponsorship; status remains unknown.,https://plos.org/about/,,high,A separate targeted historical search was performed; only evidence with a stated arrangement is used. Role-specific evidence may not apply to every employee. Use remote with high confidence.,2026-09-05
Public Religion Research Institute,false,in-person / hybrid,A dated political-science job-bank advertisement attributes a PRRI role to a two-day office/three-day remote hybrid schedule.,https://members.apsanet.org/portals/110/docs/JobBank/PDF/PSJobs202304.pdf,benchmark/sources/native/organization_metadata/job_review_1/prri_hybrid_2023.pdf,unknown,"The IRS filing identifies PRRI as the reporting entity and describes its own public-opinion research, but does not establish that it legally hosts projects for other groups; status remains unknown.",https://apps.irs.gov/pub/epostcard/990/xml/2025/202533189349309763_public.xml,benchmark/sources/native/form990/202533189349309763_public.xml,high,"Current targeted search found a PRRI fellow call but no current employee job page with work terms. The 2023 role is historical, so revalidate with current role on future refresh. Use hybrid high for historical role evidence.",2026-09-05
Pure Earth,false,in-person / hybrid,"Current career search plus historical location-specific job advertisements support mixed arrangements, not a single model.",https://pureearth.org/careers/,,unknown,The IRS filing identifies Pure Earth and its own programs but does not establish whether it hosts other projects; status remains unknown.,https://apps.irs.gov/pub/epostcard/990/xml/2025/202532809349302073_public.xml,benchmark/sources/native/form990/202532809349302073_public.xml,medium,A separate targeted historical search was performed; only evidence with a stated arrangement is used. Role-specific evidence may not apply to every employee. Use hybrid with medium confidence.,2026-09-05
Qualia Research Institute,unknown,unknown,Current QRI site refers to career opportunities but does not expose a job or work arrangement in followed material.,https://qri.org/volunteer,benchmark/sources/native/organization_metadata/job_review_1/qri_volunteer_2026.html,unknown,"The filing identifies QRI as an independent 501(c)(3), but the reviewed primary materials do not establish whether it hosts other projects; status remains unknown.",https://projects.propublica.org/nonprofits/organizations/825457325,benchmark/sources/native/form990/202503499349300780_rendered.html,low,Search results for commercial Qualia and Qualia Life were excluded. Volunteer material is not employee policy. Keep unknown.,2026-09-05
Quincy Institute for Responsible Statecraft,false,in-person / hybrid,Employer-posted roles show both a DC hybrid staff role and a remote US internship; this supports a mixed-role model rather than a universal arrangement.,https://www.linkedin.com/posts/quincyinst_the-quincy-institute-is-hiring-quincy-institute-activity-7148746107307642881-t4Rc,,unknown,The IRS filing identifies the Quincy Institute and its direct programs but does not establish whether it hosts other projects; status remains unknown.,https://apps.irs.gov/pub/epostcard/990/xml/2025/202523169349300137_public.xml,benchmark/sources/native/form990/202523169349300137_public.xml,high,Historical employer-post search found a 2024 hybrid advocacy role and a 2025 remote internship; neither is treated as a pandemic-only policy. The remote internship does not erase the attendance requirement for the advocacy role. Use hybrid/mixed for organization-level modelling; do not treat this as CEO-specific geography.,2026-09-05
R Street Institute,unknown,unknown,Current official employment page has no vacancy-level work arrangement language.,https://www.rstreet.org/about-r-street/employment/,benchmark/sources/native/organization_metadata/job_review_1/r_street_employment_2026.html,unknown,"The IRS filing identifies R Street as the reporting entity and describes its own policy-research programs, but does not establish that it legally hosts projects for other groups; status remains unknown.",https://apps.irs.gov/pub/epostcard/990/xml/2025/202503119349301245_public.xml,benchmark/sources/native/form990/202503119349301245_public.xml,low,"Current about page says staff in several US states, but it does not establish remote eligibility or attendance policy. National staff distribution is not itself remote-work evidence. Keep unknown.",2026-09-05
Reach Out and Read (regional executive role),false,in-person / hybrid,Current employer recruitment material distinguishes a fully remote National team from hybrid affiliate roles.,https://recruiting.paylocity.com/recruiting/jobs/All/2e2be09b-95da-4d67-8194-872c719eb3f8/Reach-Out-and-Read,,unknown,"The row is a subordinate regional role; the archived evidence does not resolve the legal entity or whether that entity hosts projects, so status remains unknown.",,benchmark/sources/raw/src-ad-reach-out-and-read-excluded.txt,high,"Current ATS and employer social-post evidence were checked; no separate archived page was needed to establish that current roles are mixed. The assigned entity is a regional executive role, so national and affiliate evidence is retained as organization context rather than direct CEO evidence. Use hybrid/mixed; retain unknown CEO market until a regional executive posting states it.",2026-09-05
Redwood Research,unknown,unknown,Targeted current and historical searches did not produce an attributable Redwood Research employer careers page or job ad.,https://www.redwoodresearch.org/careers,,unknown,The IRS filing identifies Redwood Research and its own programs but does not establish whether it hosts other projects; status remains unknown.,https://apps.irs.gov/pub/epostcard/990/xml/2025/202503199349302920_public.xml,benchmark/sources/native/form990/202503199349302920_public.xml,low,Commercial Redwood employers and unrelated research results were excluded. No evidence supports a work-model classification. Keep unknown.,2026-09-05
Research!America,unknown,unknown,"The official careers page and targeted searches did not yield a current staff job advertisement that states remote, hybrid, or office attendance.",https://www.researchamerica.org/about/careers/,,unknown,The IRS filing identifies Research!America and its programs but does not establish whether it hosts other projects; status remains unknown.,https://apps.irs.gov/pub/epostcard/990/xml/2026/202601319349302140_public.xml,benchmark/sources/native/form990/202601319349302140_public.xml,low,Searched for current and historical employer careers/job material; returned Research!America pages discuss career programming rather than staff arrangement. No inference was made from the Washington-area organization context or from events for external early-career researchers. Retain unknown pending a dated employer job advertisement.,2026-09-05
Resolve to Save Lives,true,remote,Current official careers content expressly offers fully remote or shared workspace; current ATS lists remote jobs in several countries.,https://resolvetosavelives.org/about/careers/,benchmark/sources/native/organization_metadata/job_review_1/resolve_careers_2026.html,unknown,The official organization materials reviewed do not establish that Resolve to Save Lives offers fiscal sponsorship; status remains unknown.,https://resolvetosavelives.org/about/,,high,"Current ATS gives separate role evidence for international remote eligibility. A Nigeria country-director role shows not every position is remote, but does not negate stated flexible organization workspace. Use remote high, with role-specific international eligibility.",2026-09-05
Results for America,true,remote,"A current flexible-location role and a dated official remote role support remote work, with US/Canada eligibility shown in the current listing.",https://results4america.org/careers/,,unknown,The IRS filing identifies Results for America and its programs but does not establish whether it hosts other projects; status remains unknown.,https://apps.irs.gov/pub/epostcard/990/xml/2025/202513179349309376_public.xml,benchmark/sources/native/form990/202513179349309376_public.xml,medium,Historical search found the official November 2025 remote Research Consultant listing. The flexible current role is not treated as proof that every role is remote. Use remote with medium confidence; CEO-specific market remains unverified.,2026-09-05
Results for Development,true,remote,"Search-followed official R4D careers page exposes remote work as a career benefit, but source capture returned HTTP 403.",https://staging.r4d.org/careers/,,unknown,The IRS filing identifies Results for Development and its own programs but does not establish whether it legally hosts outside projects; status remains unknown.,https://apps.irs.gov/pub/epostcard/990/xml/2025/202512739349302306_public.xml,benchmark/sources/native/form990/202512739349302306_public.xml,medium,No separately dated employer ad with work terms was accessible in this pass. The inaccessible current page is recorded transparently and not represented by a local capture. Use remote medium; refresh with accessible current opening.,2026-09-05
Rethink Priorities,true,remote,"The 15-country statement describes current staff locations, not vacancy eligibility. The FAQ supports international hiring conditionally: applicants in most places are considered if locally authorized, with time-zone preferences. CEO market geography is an organization-policy inference, not direct CEO-vacancy evidence.",https://careers.rethinkpriorities.org/,benchmark/sources/native/organization_metadata/job_review_2/085_archived_rethink_priorities_careers.html,true,"The current official Special Projects page says the program offers fiscal sponsorship to new and growing initiatives, is accepting expressions of interest for new projects, and reports 15 projects supported through the end of 2025.",https://rethinkpriorities.org/our-services/special-projects/,benchmark/sources/native/organization_metadata/rp/rethink_priorities_special_projects.html,high,"The reviewed official careers page states a fully remote organization and current FAQ geography policy; neither is described as pandemic-only. Eligibility is conditional on local work authorization and roles may prefer American, European, or African time zones. Use remote. Treat international hiring and CEO scope as a conditional organization-policy scenario, not a claim that any country or a CEO vacancy is universally eligible.",2026-09-05
Roosevelt Institute,false,in-person / hybrid,Current official careers page lists a Washington DC role and a distinct remote role limited to listed US states.,https://rooseveltinstitute.org/careers/,benchmark/sources/native/organization_metadata/job_review_1/roosevelt_careers_2026.html,unknown,The IRS filing identifies Roosevelt Institute and its programs but does not establish whether it hosts other projects; status remains unknown.,https://apps.irs.gov/pub/epostcard/990/xml/2025/202532729349301978_public.xml,benchmark/sources/native/form990/202532729349301978_public.xml,high,The current page is the historical-search follow-up; no separate dated closed official ad was found. Role differences support a mixed/hybrid model. Use hybrid/mixed high.,2026-09-05
San Francisco Estuary Institute,false,in-person / hybrid,The current official Executive Director search explicitly combines regular office presence with flexible hybrid work.,https://www.sfei.org/news/sfei-seeks-our-next-executive-director,,unknown,The IRS filing identifies SFEI and its own programs but does not establish whether it hosts other projects; status remains unknown.,https://apps.irs.gov/pub/epostcard/990/xml/2026/202631319349304238_public.xml,benchmark/sources/native/form990/202631319349304238_public.xml,high,Historical job search was attempted; the current CEO/Executive Director posting supplies direct current evidence. This executive-role requirement may be stricter than every staff role. Use hybrid; CEO scope is direct-role US market evidence.,2026-09-05
Screwworm Free Future,true,remote,The preserved organization-lead job document explicitly specifies remote work with travel and South America preference.,https://docs.google.com/document/d/1Id7314af6CQ7YSFd-GcRZma0GFBxThbEu8Qn72esaUI/edit?tab=t.0,benchmark/sources/native/organization_metadata/job_review_1/screwworm_free_future_current.html,unknown,The posting describes a nonprofit or project but does not resolve a legal host or establish that Screwworm Free Future sponsors other projects; status remains unknown.,https://docs.google.com/document/d/1Id7314af6CQ7YSFd-GcRZma0GFBxThbEu8Qn72esaUI/edit?tab=t.0,benchmark/sources/native/job_ads/src-ad-screwworm-2025.pdf,medium,A January 2025 public hiring announcement identifies this as the organization’s first paid team-member role. The evidence is CEO/director-specific; it does not establish every future role remote. Use remote medium and retain CEO-specific direct role evidence.,2026-09-05
Seattle Botanic Gardens,false,in-person / hybrid,"A current official job requires teaching outdoors five days weekly, which is direct attendance evidence; the CEO profile does not state a location or arrangement.",https://arboretumfoundation.org/about-us/our-team-partners/job-opportunities/,,unknown,The posting describes a public-agency and nonprofit integration but does not establish whether the resulting entity will host outside projects; status remains unknown.,https://greenjobs.greenjobsearch.org/jobs/seattle-botanic-gardens-president-and-ceo/,benchmark/sources/native/job_ads/src-ad-seattlebg-posting.html,medium,Current career page and the 2025 CEO search profile were reviewed; no remote historical arrangement was found. The in-person evidence is role-specific and is not a CEO-location inference. Use in-person with medium confidence; retain unknown CEO market.,2026-09-05
Sentience Institute,true,remote,Official dated role explicitly says Remote and allows possible international arrangements; exact title could be Executive Director for qualified hire.,https://www.sentienceinstitute.org/generalist-opening,benchmark/sources/native/organization_metadata/job_review_1/sentience_generalist_2022.html,unknown,The official organization materials reviewed do not establish that Sentience Institute offers fiscal sponsorship; status remains unknown.,https://www.sentienceinstitute.org/,,high,Current Get Involved page has no active round but accepts researcher expressions of interest. International arrangements are conditional and US visa sponsorship unavailable. Use remote high; CEO-market evidence is only historical role possibility.,2026-09-05
Sentient Media,true,remote,"An official policy calls Sentient fully remote, corroborated by a current detailed role copy.",https://sentientmedia.org/environmental-policy/,benchmark/sources/native/organization_metadata/job_review_2/088_archived_sentient_media_environmental_policy.html,unknown,The IRS filing identifies Sentient Media and its own programs but does not establish whether it hosts other projects; status remains unknown.,https://apps.irs.gov/pub/epostcard/990/xml/2025/202512829349301726_public.xml,benchmark/sources/native/form990/202512829349301726_public.xml,high,Current official policy and a dated recruitment copy were reviewed; no pandemic-only language is involved. Eastern-time coordination is not treated as a location-eligibility rule. Use remote with high confidence; retain US scope pending an explicit eligibility policy.,2026-09-05
Sightline Institute,true,remote,"Current official page calls Sightline virtual-first, with remote-work stipend and periodic in-person gatherings; dated job PDF corroborates.",https://www.sightline.org/about/careers/,benchmark/sources/native/organization_metadata/job_review_1/sightline_careers_2026.html,unknown,The IRS filing identifies Sightline and its own programs but does not establish whether it hosts other projects; status remains unknown.,https://apps.irs.gov/pub/epostcard/990/xml/2025/202522249349300332_public.xml,benchmark/sources/native/form990/202522249349300332_public.xml,high,May 2024 official role is a distinct historical document. Cascadia-region presence limits labor geography despite British Columbia operating footprint. Use remote high.,2026-09-05
Snap Foundation,unknown,unknown,"The official CEO listing identifies Los Angeles but does not state office attendance, remote work, or hybrid terms.",https://www.snapfoundation.org/careers/careers,,unknown,The official About page describes grantmaking and operating programs but does not establish whether the foundation offers fiscal sponsorship; status remains unknown.,https://www.snapfoundation.org/about,,low,"Current CEO page and historical targeted job search were reviewed; no work-arrangement statement was found. A city label is treated as CEO market geography, not evidence of an in-person work model. Retain unknown work model; use direct CEO role only for US market geography.",2026-09-05
Social Science Research Council,unknown,unknown,Current official ATS has two New York location labels but no attendance or remote terms.,https://job-boards.greenhouse.io/socialscienceresearchcouncil?error=true,benchmark/sources/native/organization_metadata/job_review_1/ssrc_ats_2026.html,true,SSRC's official How We Work page says its Fiscal Sponsorship program provides an institutional home for external initiatives.,https://www.ssrc.org/how-we-work/,,low,No separate dated employer ad with workplace terms was found. Location labels do not establish in-person work. Keep unknown.,2026-09-05
Software Freedom Conservancy,true,remote,The preserved official role explicitly states remote work and continental-US time-zone preference.,https://sfconservancy.org/news/2020/nov/02/2020-11-hiring/,,true,Conservancy's official annual report states that it acts as fiscal sponsor for member projects under its legal and tax status.,https://sfconservancy.org/docs/conservancy_annual-report_fy-2012.pdf,benchmark/sources/native/organization_metadata/batch_3/software_freedom_conservancy_2012_annual_report.pdf,medium,Historical official hiring page was reviewed; no stronger current careers listing was available. This is pre-vaccine-era evidence but does not say the remote setup is temporary or pandemic-only. Use remote with medium confidence and revisit when a current role posts.,2026-09-05
Stimson Center,unknown,unknown,Official careers page offers postings but contains no work arrangement; capture retry returned HTTP 403.,https://www.stimson.org/about/people/careersitespro/,,unknown,The IRS filing identifies Stimson Center and its programs but does not establish whether it hosts other projects; status remains unknown.,https://apps.irs.gov/pub/epostcard/990/xml/2025/202533169349304988_public.xml,benchmark/sources/native/form990/202533169349304988_public.xml,low,"Search also found a partially-remote DC listing, but full source was not followed and it is not used as evidence. Do not infer model from DC employment search aggregation. Keep unknown.",2026-09-05
StrongMinds,unknown,unknown,One historical UK-remote role is insufficient to infer an organization-wide remote arrangement; the current official role identifies international operations but not work mode.,https://strongminds.org/careers/,,unknown,The IRS filing identifies StrongMinds and its direct programs but does not establish whether it hosts other projects; status remains unknown.,https://apps.irs.gov/pub/epostcard/990/xml/2025/202511719349300036_public.xml,benchmark/sources/native/form990/202511719349300036_public.xml,low,Current official careers source and a 2023 remote UK recruitment document were reviewed. The remote UK position is a single role and must not be generalized to all staff. Retain unknown model; international hiring/operating scope is supported by roles in the UK and Africa.,2026-09-05
Taimaka,false,in-person / hybrid,Preserved official Executive Director ad specifies hybrid work with more than three months annual in-person Gombe requirement.,https://taimaka.org/careers/executive-director,benchmark/sources/native/organization_metadata/job_review_1/taimaka.pdf,unknown,The official posting identifies Taimaka's operating organization but does not establish whether it legally sponsors other projects; status remains unknown.,https://taimaka.org/careers/executive-director,benchmark/sources/native/job_ads/src-ad-taimaka-2025.pdf,high,Current search found a separate Data Entry Clerk ad but no arrangement terms. CEO role is direct but should not imply every non-lead role is identical. Use hybrid high; CEO scope is direct role evidence.,2026-09-05
Tax Foundation,false,in-person / hybrid,Current official openings include remote and DC-associated work; the official internship page explicitly says staff work on a hybrid DC schedule.,https://taxfoundation.org/about-us/careers/,,unknown,The IRS filing identifies Tax Foundation and its own programs but does not establish whether it hosts other projects; status remains unknown.,https://apps.irs.gov/pub/epostcard/990/xml/2026/202631959349301758_public.xml,benchmark/sources/native/form990/202631959349301758_public.xml,high,"The historical/current official internship page supplied explicit hybrid evidence; no pandemic-only arrangement is used. Remote individual roles coexist with a DC headquarters hybrid schedule. Use hybrid/mixed, with US hiring and international policy footprint.",2026-09-05
TechCongress,false,in-person / hybrid,"Current official fellowship page explicitly requires relocation to Washington, DC and in-person work; applicants must be US citizens or DACA eligible.",https://techcongress.io/selection-timeline,,unknown,The IRS filing identifies TechCongress and its fellowship programs but does not establish whether it hosts other projects; status remains unknown.,https://apps.irs.gov/pub/epostcard/990/xml/2026/202621959349301032_public.xml,benchmark/sources/native/form990/202621959349301032_public.xml,high,"Current position/fellowship is ongoing; no separate archived ad needed. This evidence applies to fellow roles, not necessarily every internal administrative employee. Use in-person high for core fellowship hiring.",2026-09-05
Technical Assistance Collaborative,false,in-person / hybrid,An official employer PDF explicitly labels the role Boston/Hybrid Remote.,https://www.tacinc.org/wp-content/uploads/2024/01/2024_01-Associate-II-for-CBHI.pdf,,unknown,The IRS filing identifies TAC and its consulting programs but does not establish whether it hosts other projects; status remains unknown.,https://apps.irs.gov/pub/epostcard/990/xml/2025/202500629349300740_public.xml,benchmark/sources/native/form990/202500629349300740_public.xml,medium,"Targeted current and historical searches found the 2024 official hybrid posting; no newer arrangement statement was located. One role supports the classification with medium, rather than high, confidence. Use hybrid with medium confidence; refresh when TAC posts a current role.",2026-09-05
The 5 Gyres Institute,false,in-person / hybrid,"A dated Executive Director job PDF explicitly sets Hybrid/Remote arrangement, West Coast preferred with exceptions.",https://static1.squarespace.com/static/6537fd1a80e60f606d49aaff/t/69728b8f5edd010a47198522/1769114511137/Executive%2BDirector%2BJob%2BDescription%2B2026.pdf,benchmark/sources/native/organization_metadata/job_review_1/five_gyres_ed_2026.pdf,unknown,The official organization materials reviewed do not establish that 5 Gyres offers fiscal sponsorship; status remains unknown.,https://www.5gyres.org/about,,high,Current web search located the document as a 2026 vacancy; no second employer ad was found. Travel up to 40% is compatible with hybrid/remote model. Use hybrid high.,2026-09-05
The Climate Center,true,remote,The official ATS shows a current California-remote role and the CEO search explicitly says fully remote.,https://ats.rippling.com/the-climate-center/jobs?rr_message=job_not_found,,unknown,The official organization materials reviewed do not establish that The Climate Center offers fiscal sponsorship; status remains unknown.,https://theclimatecenter.org/about/,,high,Current official ATS and a dated CEO recruitment PDF were reviewed; neither frames remote work as pandemic-only. The California restriction on the current role limits hiring scope even though the CEO role says fully remote. Use remote; retain CEO scope unknown because the CEO source gives no eligible-country rule.,2026-09-05
The Colorado Health Foundation,false,in-person / hybrid,Official current CEO vacancy explicitly requires three Denver-office days and allows two remote days.,https://coloradohealth.org/print/pdf/node/6857,,unknown,The official foundation materials describe grantmaking but do not establish whether it offers fiscal sponsorship; status remains unknown.,https://coloradohealth.org/about-us,,high,"Page capture retry returned HTTP 403, so no local file is asserted. This is CEO-specific direct evidence, with a clear current organization schedule. Use hybrid high; CEO scope is direct role evidence.",2026-09-05
The Humane League,true,remote,"Official organizational policy declares the organization 100% remote, and a current official US role repeats remote-work availability.",https://thehumaneleague.org/article/working-at-thl,benchmark/sources/native/organization_metadata/job_review_2/095_archived_the_humane_league_working_at_thl.html,unknown,The IRS filing identifies The Humane League and its own programs but does not establish whether it hosts other projects; status remains unknown.,https://apps.irs.gov/pub/epostcard/990/xml/2025/202512489349301801_public.xml,benchmark/sources/native/form990/202512489349301801_public.xml,high,The dated official culture page and current official job page were reviewed; the policy says the organization has always been remote. International staff footprint does not mean every vacancy is internationally eligible. Use remote and international organization-policy scope; CEO market is policy-based rather than vacancy-specific.,2026-09-05
The LeadersTrust,true,remote,Current official Executive Director post explicitly describes the organization as a small remote team.,https://theleaderstrust.org/now-hiring-executive-director/,benchmark/sources/native/organization_metadata/job_review_1/leaderstrust_ed_2026.html,false,"The posting states that The LeadersTrust is fiscally sponsored by Tides Center, so The LeadersTrust is the sponsored project rather than the legal sponsor.",https://theleaderstrust.org/now-hiring-executive-director/,benchmark/sources/native/job_ads/src-ad-leaderstrust-2026.html,high,The dated June 2026 post is direct employer evidence. National service reach is not treated as international hiring eligibility. Use remote high.,2026-09-05
The Sentencing Project,false,in-person / hybrid,A current employer-identified job-board listing is hybrid in Washington and a historical role likewise says hybrid remote/in-person.,https://www.idealist.org/en/prison-reform-jobs?page=2,,unknown,The IRS filing identifies The Sentencing Project and its programs but does not establish whether it hosts other projects; status remains unknown.,https://apps.irs.gov/pub/epostcard/990/xml/2025/202522829349301367_public.xml,benchmark/sources/native/form990/202522829349301367_public.xml,high,"Current and historical job-board copies were checked because the official careers page did not expose job detail in search. Both sources are third-party copies, so this should be revisited if the official applicant page becomes accessible. Use hybrid with high confidence from consistent current and historical role evidence.",2026-09-05
Third Way Institute,unknown,unknown,Official current page discusses a new office and current openings but supplies no attendance or remote eligibility terms.,https://www.thirdway.org/careers,benchmark/sources/native/organization_metadata/job_review_1/third_way_careers_2026.html,unknown,The IRS filing identifies Third Way Institute and its programs but does not establish whether it hosts other projects; status remains unknown.,https://apps.irs.gov/pub/epostcard/990/xml/2025/202543159349301669_public.xml,benchmark/sources/native/form990/202543159349301669_public.xml,low,Current and historical targeted searches did not produce a dated employer ad with work arrangement. An office description is not an in-person mandate. Keep unknown.,2026-09-05
Vegan Outreach,unknown,unknown,"Official jobs and staff pages show international hiring/operations but do not state whether staff work remotely, hybrid, or in person.",https://veganoutreach.org/job-openings/,,unknown,The official organization materials reviewed do not establish that Vegan Outreach offers fiscal sponsorship; status remains unknown.,https://veganoutreach.org/about/,,low,Current official job openings and team page were reviewed; historical targeted searches found job descriptions without a clear arrangement statement. Volunteer program information is excluded from staff work-model inference. Retain unknown work model while using international staff footprint.,2026-09-05
Vera Institute of Justice,false,in-person / hybrid,Current official careers page states staff work across offices and remotely; ATS has a California remote alternative.,https://www.vera.org/careers,benchmark/sources/native/organization_metadata/job_review_1/vera_careers_2026.html,unknown,The IRS filing identifies Vera Institute and its direct programs but does not establish whether it hosts other projects; status remains unknown.,https://apps.irs.gov/pub/epostcard/990/xml/2026/202631359349314463_public.xml,benchmark/sources/native/form990/202631359349314463_public.xml,high,Both sources are current and distinct official employer pages. Remote eligibility is state-restricted; most listed jobs remain office-city roles. Use hybrid/mixed high.,2026-09-05
Village Enterprise,false,in-person / hybrid,"Current official vacancies include remote, California-based, and East Africa-based roles, establishing a mixed hybrid/in-person/remote workforce.",https://villageenterprise.org/about-us/careers/,,unknown,The IRS filing identifies Village Enterprise and its direct programs but does not establish whether it hosts other projects; status remains unknown.,https://apps.irs.gov/pub/epostcard/990/xml/2026/202631359349301128_public.xml,benchmark/sources/native/form990/202631359349301128_public.xml,high,Current official careers and staff-footprint pages were reviewed; no historical arrangement was needed to establish the current mix. Remote consideration for US roles does not apply to community-based Africa roles. Use hybrid/mixed with international hiring and operating scope.,2026-09-05
VillageReach,unknown,unknown,Targeted current and historical searches did not yield a followed VillageReach careers page or attributable job ad with work-model terms.,https://www.villagereach.org/get-involved/work-for-us/,,unknown,The IRS filing identifies VillageReach and its direct programs but does not establish whether it hosts other projects; status remains unknown.,https://apps.irs.gov/pub/epostcard/990/xml/2025/202512199349301336_public.xml,benchmark/sources/native/form990/202512199349301336_public.xml,low,Benefits PDF mentions data/airtime allowances but no remote work policy. Program operations across countries are not hiring arrangement evidence. Keep unknown.,2026-09-05
WattTime,true,remote,A current employer-identified job-board copy gives a US-only remote Operations Coordinator; the official careers page confirms WattTime’s careers channel but did not expose arrangement detail.,https://himalayas.app/companies/watttime/jobs,,unknown,"The IRS filing identifies WattTime as the reporting entity and describes its own emissions-data programs, but does not establish that it legally hosts projects for other groups; status remains unknown.",https://apps.irs.gov/pub/epostcard/990/xml/2026/202620979349301707_public.xml,benchmark/sources/native/form990/202620979349301707_public.xml,medium,Current official careers page and current job-board copy were reviewed; historical targeted search did not locate a dated older arrangement source. The remote classification rests on one current role and is therefore medium confidence. Use remote with medium confidence; refresh against a direct WattTime posting when available.,2026-09-05
Wild Animal Initiative,true,remote,"Current official job is full-time remote across US/Germany/UK, and official staff page calls environment fully remote and flexible.",https://www.wildanimalinitiative.org/services-coordinator/,benchmark/sources/native/organization_metadata/job_review_1/wild_animal_services_2026.html,unknown,The IRS filing identifies Wild Animal Initiative and its own programs but does not establish whether it hosts other projects; status remains unknown.,https://apps.irs.gov/pub/epostcard/990/xml/2025/202532319349300913_public.xml,benchmark/sources/native/form990/202532319349300913_public.xml,high,Current 2026 Services Coordinator is distinct from staff policy page. In-person retreats and San Francisco donor work for another role do not negate remote-first arrangement. Use remote high and international hiring scope limited to US/Germany/UK.,2026-09-05
Williams Institute at UCLA,false,in-person / hybrid,A current employer-identified Williams Institute role explicitly requires at least two campus days weekly; a historical Williams Institute role was also located.,https://diversityjobs.com/career/14980908/Hiv-Criminalization-Project-Director-California-Los-Angeles,,unknown,"The institute is housed within UCLA, but the reviewed primary materials do not establish whether this center itself fiscally sponsors outside projects; status remains unknown.",https://williamsinstitute.law.ucla.edu/about/,benchmark/sources/native/job_ads/src-ad-williams.html,high,"Current and historical role searches were completed; direct institute careers search did not expose a dedicated job board. The historic role lacks work arrangement, so the high-confidence hybrid classification rests on the detailed current role. Use hybrid and US scope; no CEO-specific hiring market source was found.",2026-09-05
World Justice Project,false,in-person / hybrid,Current official employment page shows international job/RFP geography; a dated academic job-bank advertisement explicitly describes WJP hybrid schedule.,https://worldjusticeproject.org/about-us/connect/employment,benchmark/sources/native/organization_metadata/job_review_1/world_justice_employment_2026.html,unknown,The IRS filing identifies World Justice Project and its own programs but does not establish whether it hosts other projects; status remains unknown.,https://apps.irs.gov/pub/epostcard/990/xml/2025/202543089349302129_public.xml,benchmark/sources/native/form990/202543089349302129_public.xml,medium,Current employment portal has no current staff workplace terms. Historical hybrid statement needs refresh if a current policy becomes available. Use hybrid medium pending current work policy.,2026-09-05
