pass,concept_a,concept_b,relation
1,accessibility.accessible-restroom,lost-rescue.i-lost-my-passport,none
2,accessibility.accessible-restroom,lost-rescue.i-lost-my-passport,none
3,accessibility.accessible-restroom,lost-rescue.i-lost-my-passport,none
1,accessibility.accessible-restroom,toilets.accessible-toilet,partial
2,accessibility.accessible-restroom,toilets.accessible-toilet,partial
3,accessibility.accessible-restroom,toilets.accessible-toilet,partial
1,accessibility.board-first,toilets.is-there-a-toilet-on-board,none
2,accessibility.board-first,toilets.is-there-a-toilet-on-board,none
3,accessibility.board-first,toilets.is-there-a-toilet-on-board,none
1,accessibility.cannot-climb-stairs,medical-conditions.please-give-me-sugar-or-juice,none
2,accessibility.cannot-climb-stairs,medical-conditions.please-give-me-sugar-or-juice,none
3,accessibility.cannot-climb-stairs,medical-conditions.please-give-me-sugar-or-juice,none
1,accessibility.help-me-carry,emergency-medical.help,none
2,accessibility.help-me-carry,emergency-medical.help,none
3,accessibility.help-me-carry,emergency-medical.help,none
1,accessibility.ramp,transit-rides.two-tickets,none
2,accessibility.ramp,transit-rides.two-tickets,none
3,accessibility.ramp,transit-rides.two-tickets,none
1,accessibility.step-free,sim-data.do-you-need-my-passport,none
2,accessibility.step-free,sim-data.do-you-need-my-passport,none
3,accessibility.step-free,sim-data.do-you-need-my-passport,none
1,accessibility.step-free,toilets.is-it-free,none
2,accessibility.step-free,toilets.is-it-free,none
3,accessibility.step-free,toilets.is-it-free,none
1,accessibility.take-your-arm,numbers-money.pound-symbol,none
2,accessibility.take-your-arm,numbers-money.pound-symbol,none
3,accessibility.take-your-arm,numbers-money.pound-symbol,none
1,accessibility.wheelchair-access,toilets.accessible-toilet,none
2,accessibility.wheelchair-access,toilets.accessible-toilet,partial
3,accessibility.wheelchair-access,toilets.accessible-toilet,none
1,accessibility.wheelchair-width,time-words.fall,none
2,accessibility.wheelchair-width,time-words.fall,none
3,accessibility.wheelchair-width,time-words.fall,none
1,atm-cash.atm,rail-station-words.fare,none
2,atm-cash.atm,rail-station-words.fare,none
3,atm-cash.atm,rail-station-words.fare,none
1,atm-cash.cash-only,toilets.is-it-only-for-customers,none
2,atm-cash.cash-only,toilets.is-it-only-for-customers,none
3,atm-cash.cash-only,toilets.is-it-only-for-customers,none
1,atm-cash.change,toilets.baby-change,none
2,atm-cash.change,toilets.baby-change,none
3,atm-cash.change,toilets.baby-change,none
1,atm-cash.coin,toilets.do-i-need-a-coin,none
2,atm-cash.coin,toilets.do-i-need-a-coin,partial
3,atm-cash.coin,toilets.do-i-need-a-coin,partial
1,atm-cash.do-you-have-change,toilets.baby-change,none
2,atm-cash.do-you-have-change,toilets.baby-change,none
3,atm-cash.do-you-have-change,toilets.baby-change,none
1,atm-cash.exchange-rate,pronouns-verbs.look-for,none
2,atm-cash.exchange-rate,pronouns-verbs.look-for,none
3,atm-cash.exchange-rate,pronouns-verbs.look-for,none
1,atm-cash.is-there-a-fee,introductions.i-am-traveling-alone,none
2,atm-cash.is-there-a-fee,introductions.i-am-traveling-alone,none
3,atm-cash.is-there-a-fee,introductions.i-am-traveling-alone,none
1,atm-cash.is-there-a-fee,numbers-money.won-symbol,none
2,atm-cash.is-there-a-fee,numbers-money.won-symbol,none
3,atm-cash.is-there-a-fee,numbers-money.won-symbol,none
1,atm-cash.may-i-pay-in,place-words.scenic-area,none
2,atm-cash.may-i-pay-in,place-words.scenic-area,none
3,atm-cash.may-i-pay-in,place-words.scenic-area,none
1,atm-cash.the-card-was-declined,trail-warnings.maintenance,none
2,atm-cash.the-card-was-declined,trail-warnings.maintenance,none
3,atm-cash.the-card-was-declined,trail-warnings.maintenance,none
1,atm-cash.where-can-i-change-money,body-parts.throat,none
2,atm-cash.where-can-i-change-money,body-parts.throat,none
3,atm-cash.where-can-i-change-money,body-parts.throat,none
1,atm-cash.where-is-an-atm,emergency-medical.where-is-a-pharmacy,none
2,atm-cash.where-is-an-atm,emergency-medical.where-is-a-pharmacy,none
3,atm-cash.where-is-an-atm,emergency-medical.where-is-a-pharmacy,none
1,atm-cash.where-is-an-atm,toilets.where-toilet,none
2,atm-cash.where-is-an-atm,toilets.where-toilet,none
3,atm-cash.where-is-an-atm,toilets.where-toilet,none
1,attractions-tickets.do-i-need-a-reservation,emergency-medical.i-need-a-doctor,none
2,attractions-tickets.do-i-need-a-reservation,emergency-medical.i-need-a-doctor,none
3,attractions-tickets.do-i-need-a-reservation,emergency-medical.i-need-a-doctor,none
1,attractions-tickets.please-take-a-photo-of-us,emergency-medical.please-take-me-to-a-hospital,none
2,attractions-tickets.please-take-a-photo-of-us,emergency-medical.please-take-me-to-a-hospital,none
3,attractions-tickets.please-take-a-photo-of-us,emergency-medical.please-take-me-to-a-hospital,none
1,body-parts.chest,emergency-medical.i-have-chest-pain,partial
2,body-parts.chest,emergency-medical.i-have-chest-pain,partial
3,body-parts.chest,emergency-medical.i-have-chest-pain,partial
1,body-parts.ear,directions.how-far-is-it,none
2,body-parts.ear,directions.how-far-is-it,none
3,body-parts.ear,directions.how-far-is-it,none
1,body-parts.eye,weather.fog,none
2,body-parts.eye,weather.fog,none
3,body-parts.eye,weather.fog,none
1,body-parts.head,color-size-returns.do-you-have-a-bag,none
2,body-parts.head,color-size-returns.do-you-have-a-bag,none
3,body-parts.head,color-size-returns.do-you-have-a-bag,none
1,border-customs.boarding-pass,shopping.what-is-this,none
2,border-customs.boarding-pass,shopping.what-is-this,none
3,border-customs.boarding-pass,shopping.what-is-this,none
1,border-customs.here-is-my-passport,emergency-medical.it-hurts-here,none
2,border-customs.here-is-my-passport,emergency-medical.it-hurts-here,none
3,border-customs.here-is-my-passport,emergency-medical.it-hurts-here,none
1,border-customs.i-am-a-tourist,emergency-medical.i-am-injured,none
2,border-customs.i-am-a-tourist,emergency-medical.i-am-injured,none
3,border-customs.i-am-a-tourist,emergency-medical.i-am-injured,none
1,border-customs.i-am-a-tourist,emergency-medical.i-am-sick,none
2,border-customs.i-am-a-tourist,emergency-medical.i-am-sick,none
3,border-customs.i-am-a-tourist,emergency-medical.i-am-sick,none
1,border-customs.i-am-in-transit,emergency-medical.i-am-injured,none
2,border-customs.i-am-in-transit,emergency-medical.i-am-injured,none
3,border-customs.i-am-in-transit,emergency-medical.i-am-injured,none
1,border-customs.i-am-in-transit,emergency-medical.i-am-sick,none
2,border-customs.i-am-in-transit,emergency-medical.i-am-sick,none
3,border-customs.i-am-in-transit,emergency-medical.i-am-sick,none
1,border-customs.i-am-staying-at,emergency-medical.i-am-injured,none
2,border-customs.i-am-staying-at,emergency-medical.i-am-injured,none
3,border-customs.i-am-staying-at,emergency-medical.i-am-injured,none
1,border-customs.i-am-staying-at,emergency-medical.i-am-sick,none
2,border-customs.i-am-staying-at,emergency-medical.i-am-sick,none
3,border-customs.i-am-staying-at,emergency-medical.i-am-sick,none
1,border-customs.this-is-for-personal-use,toilets.may-i-use-the-toilet,none
2,border-customs.this-is-for-personal-use,toilets.may-i-use-the-toilet,none
3,border-customs.this-is-for-personal-use,toilets.may-i-use-the-toilet,none
1,border-customs.where-do-i-collect-my-baggage,trail-landmarks.trail-marker,none
2,border-customs.where-do-i-collect-my-baggage,trail-landmarks.trail-marker,none
3,border-customs.where-do-i-collect-my-baggage,trail-landmarks.trail-marker,none
1,building-help.i-am-lost,emergency-medical.i-am-injured,none
2,building-help.i-am-lost,emergency-medical.i-am-injured,none
3,building-help.i-am-lost,emergency-medical.i-am-injured,none
1,building-help.i-am-lost,emergency-medical.i-am-sick,none
2,building-help.i-am-lost,emergency-medical.i-am-sick,none
3,building-help.i-am-lost,emergency-medical.i-am-sick,none
1,building-help.what-room-number-is-this,emergency-medical.what-is-the-emergency-number,none
2,building-help.what-room-number-is-this,emergency-medical.what-is-the-emergency-number,none
3,building-help.what-room-number-is-this,emergency-medical.what-is-the-emergency-number,none
1,building-help.where-is-reception,emergency-medical.where-is-a-pharmacy,none
2,building-help.where-is-reception,emergency-medical.where-is-a-pharmacy,none
3,building-help.where-is-reception,emergency-medical.where-is-a-pharmacy,none
1,building-help.where-is-reception,toilets.where-toilet,none
2,building-help.where-is-reception,toilets.where-toilet,none
3,building-help.where-is-reception,toilets.where-toilet,none
1,building-words.key,toilets.may-i-have-the-toilet-key,none
2,building-words.key,toilets.may-i-have-the-toilet-key,partial
3,building-words.key,toilets.may-i-have-the-toilet-key,partial
1,building-words.women,pharmacy-symptoms.i-think-it-is-infected,none
2,building-words.women,pharmacy-symptoms.i-think-it-is-infected,none
3,building-words.women,pharmacy-symptoms.i-think-it-is-infected,none
1,children.baby-changing-room,dietary-needs.i-am-vegetarian,none
2,children.baby-changing-room,dietary-needs.i-am-vegetarian,none
3,children.baby-changing-room,dietary-needs.i-am-vegetarian,none
1,children.baby-changing-room,toilets.baby-change,partial
2,children.baby-changing-room,toilets.baby-change,partial
3,children.baby-changing-room,toilets.baby-change,partial
1,children.cannot-find-my-child,emergency-medical.is-there-a-doctor-who-speaks-english,none
2,children.cannot-find-my-child,emergency-medical.is-there-a-doctor-who-speaks-english,none
3,children.cannot-find-my-child,emergency-medical.is-there-a-doctor-who-speaks-english,none
1,children.child-age,medical-conditions.this-card-lists-my-conditions,none
2,children.child-age,medical-conditions.this-card-lists-my-conditions,none
3,children.child-age,medical-conditions.this-card-lists-my-conditions,none
1,children.childrens-menu,taxi.please-take-me-here,none
2,children.childrens-menu,taxi.please-take-me-here,none
3,children.childrens-menu,taxi.please-take-me-here,none
1,children.high-chair,medical-conditions.i-carry-an-adrenaline-injector,none
2,children.high-chair,medical-conditions.i-carry-an-adrenaline-injector,none
3,children.high-chair,medical-conditions.i-carry-an-adrenaline-injector,none
1,children.playground,lost-rescue.i-cannot-walk,none
2,children.playground,lost-rescue.i-cannot-walk,none
3,children.playground,lost-rescue.i-cannot-walk,none
1,children.stroller,pronouns-verbs.want,none
2,children.stroller,pronouns-verbs.want,none
3,children.stroller,pronouns-verbs.want,none
1,color-size-returns.can-i-exchange-it,days-of-week.wednesday,none
2,color-size-returns.can-i-exchange-it,days-of-week.wednesday,none
3,color-size-returns.can-i-exchange-it,days-of-week.wednesday,none
1,common-signs.caution,numbers-money.won,none
2,common-signs.caution,numbers-money.won,none
3,common-signs.caution,numbers-money.won,none
1,common-signs.caution,payment-receipt.the-bill-is-wrong,none
2,common-signs.caution,payment-receipt.the-bill-is-wrong,none
3,common-signs.caution,payment-receipt.the-bill-is-wrong,none
1,common-signs.closed-off,quick-responses.no-good-not-allowed-will-not-work,none
2,common-signs.closed-off,quick-responses.no-good-not-allowed-will-not-work,none
3,common-signs.closed-off,quick-responses.no-good-not-allowed-will-not-work,none
1,common-signs.no-entry,medical-conditions.please-give-me-sugar-or-juice,none
2,common-signs.no-entry,medical-conditions.please-give-me-sugar-or-juice,none
3,common-signs.no-entry,medical-conditions.please-give-me-sugar-or-juice,none
1,common-signs.pork-code,quick-directions.that-way,none
2,common-signs.pork-code,quick-directions.that-way,none
3,common-signs.pork-code,quick-directions.that-way,none
1,common-signs.stopped-stop,laundry.where-is-a-laundromat,none
2,common-signs.stopped-stop,laundry.where-is-a-laundromat,none
3,common-signs.stopped-stop,laundry.where-is-a-laundromat,none
1,communication.can-you-help-me,emergency-medical.help,partial
2,communication.can-you-help-me,emergency-medical.help,partial
3,communication.can-you-help-me,emergency-medical.help,partial
1,communication.can-you-help-me,hotel-requests.another-night,none
2,communication.can-you-help-me,hotel-requests.another-night,none
3,communication.can-you-help-me,hotel-requests.another-night,none
1,communication.do-you-speak-english,emergency-medical.is-there-a-doctor-who-speaks-english,partial
2,communication.do-you-speak-english,emergency-medical.is-there-a-doctor-who-speaks-english,partial
3,communication.do-you-speak-english,emergency-medical.is-there-a-doctor-who-speaks-english,partial
1,communication.i-cannot-read-it,emergency-medical.i-cannot-breathe,none
2,communication.i-cannot-read-it,emergency-medical.i-cannot-breathe,none
3,communication.i-cannot-read-it,emergency-medical.i-cannot-breathe,none
1,communication.i-cannot-read-it,sim-data.can-i-top-up-this-sim,none
2,communication.i-cannot-read-it,sim-data.can-i-top-up-this-sim,none
3,communication.i-cannot-read-it,sim-data.can-i-top-up-this-sim,none
1,communication.i-do-not-speak-this-language,quick-responses.cannot-not-possible,none
2,communication.i-do-not-speak-this-language,quick-responses.cannot-not-possible,none
3,communication.i-do-not-speak-this-language,quick-responses.cannot-not-possible,none
1,communication.i-speak-only-a-little-of-this,toilets.is-it-only-for-customers,none
2,communication.i-speak-only-a-little-of-this,toilets.is-it-only-for-customers,none
3,communication.i-speak-only-a-little-of-this,toilets.is-it-only-for-customers,none
1,communication.please-speak-more-slowly,dietary-needs.i-do-not-eat,none
2,communication.please-speak-more-slowly,dietary-needs.i-do-not-eat,none
3,communication.please-speak-more-slowly,dietary-needs.i-do-not-eat,none
1,days-of-week.monday,lost-rescue.i-lost-my-phone,none
2,days-of-week.monday,lost-rescue.i-lost-my-phone,none
3,days-of-week.monday,lost-rescue.i-lost-my-phone,none
1,days-of-week.monday,medical-conditions.this-card-lists-my-conditions,none
2,days-of-week.monday,medical-conditions.this-card-lists-my-conditions,none
3,days-of-week.monday,medical-conditions.this-card-lists-my-conditions,none
1,days-of-week.saturday,place-words.tourist-spot-sightseeing-area,none
2,days-of-week.saturday,place-words.tourist-spot-sightseeing-area,none
3,days-of-week.saturday,place-words.tourist-spot-sightseeing-area,none
1,dietary-needs.does-it-contain-pork-stock,lost-rescue.please-contact-rescue,none
2,dietary-needs.does-it-contain-pork-stock,lost-rescue.please-contact-rescue,none
3,dietary-needs.does-it-contain-pork-stock,lost-rescue.please-contact-rescue,none
1,dietary-needs.i-am-allergic-to,emergency-medical.i-am-having-a-severe-allergic-reaction,partial
2,dietary-needs.i-am-allergic-to,emergency-medical.i-am-having-a-severe-allergic-reaction,none
3,dietary-needs.i-am-allergic-to,emergency-medical.i-am-having-a-severe-allergic-reaction,none
1,dietary-needs.i-am-allergic-to,emergency-medical.i-am-injured,none
2,dietary-needs.i-am-allergic-to,emergency-medical.i-am-injured,none
3,dietary-needs.i-am-allergic-to,emergency-medical.i-am-injured,none
1,dietary-needs.i-am-allergic-to,emergency-medical.i-am-sick,none
2,dietary-needs.i-am-allergic-to,emergency-medical.i-am-sick,none
3,dietary-needs.i-am-allergic-to,emergency-medical.i-am-sick,none
1,dietary-needs.i-am-vegan,emergency-medical.i-am-injured,none
2,dietary-needs.i-am-vegan,emergency-medical.i-am-injured,none
3,dietary-needs.i-am-vegan,emergency-medical.i-am-injured,none
1,dietary-needs.i-am-vegan,emergency-medical.i-am-sick,none
2,dietary-needs.i-am-vegan,emergency-medical.i-am-sick,none
3,dietary-needs.i-am-vegan,emergency-medical.i-am-sick,none
1,dietary-needs.i-am-vegetarian,emergency-medical.i-am-injured,none
2,dietary-needs.i-am-vegetarian,emergency-medical.i-am-injured,none
3,dietary-needs.i-am-vegetarian,emergency-medical.i-am-injured,none
1,dietary-needs.i-am-vegetarian,emergency-medical.i-am-sick,none
2,dietary-needs.i-am-vegetarian,emergency-medical.i-am-sick,none
3,dietary-needs.i-am-vegetarian,emergency-medical.i-am-sick,none
1,dietary-needs.i-am-vegetarian,time-scheduling.when-is-convenient,none
2,dietary-needs.i-am-vegetarian,time-scheduling.when-is-convenient,none
3,dietary-needs.i-am-vegetarian,time-scheduling.when-is-convenient,none
1,dietary-needs.i-do-not-eat,trail-conditions.is-the-trail-open,none
2,dietary-needs.i-do-not-eat,trail-conditions.is-the-trail-open,none
3,dietary-needs.i-do-not-eat,trail-conditions.is-the-trail-open,none
1,dietary-needs.i-have-a-severe-allergy-to,emergency-medical.i-am-having-a-severe-allergic-reaction,partial
2,dietary-needs.i-have-a-severe-allergy-to,emergency-medical.i-am-having-a-severe-allergic-reaction,none
3,dietary-needs.i-have-a-severe-allergy-to,emergency-medical.i-am-having-a-severe-allergic-reaction,none
1,dietary-needs.less-spicy,phone-text-power.please-use-simple-words,none
2,dietary-needs.less-spicy,phone-text-power.please-use-simple-words,none
3,dietary-needs.less-spicy,phone-text-power.please-use-simple-words,none
1,dietary-needs.no-meat,hotel-basics.for-nights,none
2,dietary-needs.no-meat,hotel-basics.for-nights,none
3,dietary-needs.no-meat,hotel-basics.for-nights,none
1,dietary-needs.no-sesame,lost-rescue.i-cannot-get-down,none
2,dietary-needs.no-sesame,lost-rescue.i-cannot-get-down,none
3,dietary-needs.no-sesame,lost-rescue.i-cannot-get-down,none
1,directions.west,numbers-money.zloty-symbol,none
2,directions.west,numbers-money.zloty-symbol,none
3,directions.west,numbers-money.zloty-symbol,none
1,directions.where-am-i,emergency-medical.i-am-injured,none
2,directions.where-am-i,emergency-medical.i-am-injured,none
3,directions.where-am-i,emergency-medical.i-am-injured,none
1,directions.where-am-i,emergency-medical.i-am-sick,none
2,directions.where-am-i,emergency-medical.i-am-sick,none
3,directions.where-am-i,emergency-medical.i-am-sick,none
1,directions.where-am-i,emergency-medical.where-is-a-pharmacy,none
2,directions.where-am-i,emergency-medical.where-is-a-pharmacy,none
3,directions.where-am-i,emergency-medical.where-is-a-pharmacy,none
1,directions.where-am-i,toilets.where-toilet,none
2,directions.where-am-i,toilets.where-toilet,none
3,directions.where-am-i,toilets.where-toilet,none
1,directions.where-is,emergency-medical.where-is-a-pharmacy,partial
2,directions.where-is,emergency-medical.where-is-a-pharmacy,partial
3,directions.where-is,emergency-medical.where-is-a-pharmacy,none
1,directions.where-is,emergency-medical.where-is-the-nearest-hospital,partial
2,directions.where-is,emergency-medical.where-is-the-nearest-hospital,partial
3,directions.where-is,emergency-medical.where-is-the-nearest-hospital,none
1,directions.where-is,toilets.where-can-i-wash-my-hands,none
2,directions.where-is,toilets.where-can-i-wash-my-hands,partial
3,directions.where-is,toilets.where-can-i-wash-my-hands,none
1,directions.where-is,toilets.where-public-toilet,partial
2,directions.where-is,toilets.where-public-toilet,partial
3,directions.where-is,toilets.where-public-toilet,none
1,directions.where-is,toilets.where-toilet,partial
2,directions.where-is,toilets.where-toilet,partial
3,directions.where-is,toilets.where-toilet,none
1,directions.where-is-the-nearest,emergency-medical.where-is-a-pharmacy,partial
2,directions.where-is-the-nearest,emergency-medical.where-is-a-pharmacy,partial
3,directions.where-is-the-nearest,emergency-medical.where-is-a-pharmacy,none
1,directions.where-is-the-nearest,emergency-medical.where-is-the-nearest-hospital,partial
2,directions.where-is-the-nearest,emergency-medical.where-is-the-nearest-hospital,partial
3,directions.where-is-the-nearest,emergency-medical.where-is-the-nearest-hospital,none
1,directions.where-is-the-nearest,toilets.where-toilet,partial
2,directions.where-is-the-nearest,toilets.where-toilet,partial
3,directions.where-is-the-nearest,toilets.where-toilet,none
1,emergency-medical.help,emergency-medical.i-am-bleeding-badly,none
2,emergency-medical.help,emergency-medical.i-am-bleeding-badly,none
3,emergency-medical.help,emergency-medical.i-am-bleeding-badly,none
1,emergency-medical.help,emergency-medical.i-am-having-a-severe-allergic-reaction,none
2,emergency-medical.help,emergency-medical.i-am-having-a-severe-allergic-reaction,none
3,emergency-medical.help,emergency-medical.i-am-having-a-severe-allergic-reaction,none
1,emergency-medical.help,emergency-medical.i-am-injured,none
2,emergency-medical.help,emergency-medical.i-am-injured,none
3,emergency-medical.help,emergency-medical.i-am-injured,none
1,emergency-medical.help,emergency-medical.i-am-sick,none
2,emergency-medical.help,emergency-medical.i-am-sick,none
3,emergency-medical.help,emergency-medical.i-am-sick,none
1,emergency-medical.help,emergency-medical.i-cannot-breathe,none
2,emergency-medical.help,emergency-medical.i-cannot-breathe,none
3,emergency-medical.help,emergency-medical.i-cannot-breathe,none
1,emergency-medical.help,emergency-medical.i-feel-unwell,none
2,emergency-medical.help,emergency-medical.i-feel-unwell,none
3,emergency-medical.help,emergency-medical.i-feel-unwell,none
1,emergency-medical.help,emergency-medical.i-have-chest-pain,none
2,emergency-medical.help,emergency-medical.i-have-chest-pain,none
3,emergency-medical.help,emergency-medical.i-have-chest-pain,none
1,emergency-medical.help,emergency-medical.i-have-travel-insurance,none
2,emergency-medical.help,emergency-medical.i-have-travel-insurance,none
3,emergency-medical.help,emergency-medical.i-have-travel-insurance,none
1,emergency-medical.help,emergency-medical.i-need-a-doctor,none
2,emergency-medical.help,emergency-medical.i-need-a-doctor,none
3,emergency-medical.help,emergency-medical.i-need-a-doctor,none
1,emergency-medical.help,emergency-medical.i-think-a-bone-is-broken,none
2,emergency-medical.help,emergency-medical.i-think-a-bone-is-broken,none
3,emergency-medical.help,emergency-medical.i-think-a-bone-is-broken,none
1,emergency-medical.help,emergency-medical.is-there-a-doctor-who-speaks-english,none
2,emergency-medical.help,emergency-medical.is-there-a-doctor-who-speaks-english,none
3,emergency-medical.help,emergency-medical.is-there-a-doctor-who-speaks-english,none
1,emergency-medical.help,emergency-medical.it-hurts-here,none
2,emergency-medical.help,emergency-medical.it-hurts-here,none
3,emergency-medical.help,emergency-medical.it-hurts-here,none
1,emergency-medical.help,emergency-medical.please-call-an-ambulance,none
2,emergency-medical.help,emergency-medical.please-call-an-ambulance,none
3,emergency-medical.help,emergency-medical.please-call-an-ambulance,none
1,emergency-medical.help,emergency-medical.please-call-my-emergency-contact,none
2,emergency-medical.help,emergency-medical.please-call-my-emergency-contact,none
3,emergency-medical.help,emergency-medical.please-call-my-emergency-contact,none
1,emergency-medical.help,emergency-medical.please-take-me-to-a-hospital,none
2,emergency-medical.help,emergency-medical.please-take-me-to-a-hospital,none
3,emergency-medical.help,emergency-medical.please-take-me-to-a-hospital,none
1,emergency-medical.help,emergency-medical.this-is-an-emergency,none
2,emergency-medical.help,emergency-medical.this-is-an-emergency,none
3,emergency-medical.help,emergency-medical.this-is-an-emergency,partial
1,emergency-medical.help,emergency-medical.this-person-is-unconscious,none
2,emergency-medical.help,emergency-medical.this-person-is-unconscious,none
3,emergency-medical.help,emergency-medical.this-person-is-unconscious,none
1,emergency-medical.help,emergency-medical.what-is-the-emergency-number,none
2,emergency-medical.help,emergency-medical.what-is-the-emergency-number,none
3,emergency-medical.help,emergency-medical.what-is-the-emergency-number,none
1,emergency-medical.help,emergency-medical.where-is-a-pharmacy,none
2,emergency-medical.help,emergency-medical.where-is-a-pharmacy,none
3,emergency-medical.help,emergency-medical.where-is-a-pharmacy,none
1,emergency-medical.help,emergency-medical.where-is-the-nearest-hospital,none
2,emergency-medical.help,emergency-medical.where-is-the-nearest-hospital,none
3,emergency-medical.help,emergency-medical.where-is-the-nearest-hospital,none
1,emergency-medical.i-am-bleeding-badly,emergency-medical.i-am-having-a-severe-allergic-reaction,none
2,emergency-medical.i-am-bleeding-badly,emergency-medical.i-am-having-a-severe-allergic-reaction,none
3,emergency-medical.i-am-bleeding-badly,emergency-medical.i-am-having-a-severe-allergic-reaction,none
1,emergency-medical.i-am-bleeding-badly,emergency-medical.i-am-injured,none
2,emergency-medical.i-am-bleeding-badly,emergency-medical.i-am-injured,partial
3,emergency-medical.i-am-bleeding-badly,emergency-medical.i-am-injured,none
1,emergency-medical.i-am-bleeding-badly,emergency-medical.i-am-sick,none
2,emergency-medical.i-am-bleeding-badly,emergency-medical.i-am-sick,partial
3,emergency-medical.i-am-bleeding-badly,emergency-medical.i-am-sick,none
1,emergency-medical.i-am-bleeding-badly,emergency-medical.i-cannot-breathe,none
2,emergency-medical.i-am-bleeding-badly,emergency-medical.i-cannot-breathe,none
3,emergency-medical.i-am-bleeding-badly,emergency-medical.i-cannot-breathe,none
1,emergency-medical.i-am-bleeding-badly,emergency-medical.i-feel-unwell,none
2,emergency-medical.i-am-bleeding-badly,emergency-medical.i-feel-unwell,partial
3,emergency-medical.i-am-bleeding-badly,emergency-medical.i-feel-unwell,none
1,emergency-medical.i-am-bleeding-badly,emergency-medical.i-have-chest-pain,none
2,emergency-medical.i-am-bleeding-badly,emergency-medical.i-have-chest-pain,none
3,emergency-medical.i-am-bleeding-badly,emergency-medical.i-have-chest-pain,none
1,emergency-medical.i-am-bleeding-badly,emergency-medical.i-have-travel-insurance,none
2,emergency-medical.i-am-bleeding-badly,emergency-medical.i-have-travel-insurance,none
3,emergency-medical.i-am-bleeding-badly,emergency-medical.i-have-travel-insurance,none
1,emergency-medical.i-am-bleeding-badly,emergency-medical.i-need-a-doctor,none
2,emergency-medical.i-am-bleeding-badly,emergency-medical.i-need-a-doctor,none
3,emergency-medical.i-am-bleeding-badly,emergency-medical.i-need-a-doctor,none
1,emergency-medical.i-am-bleeding-badly,emergency-medical.i-think-a-bone-is-broken,none
2,emergency-medical.i-am-bleeding-badly,emergency-medical.i-think-a-bone-is-broken,none
3,emergency-medical.i-am-bleeding-badly,emergency-medical.i-think-a-bone-is-broken,none
1,emergency-medical.i-am-bleeding-badly,emergency-medical.is-there-a-doctor-who-speaks-english,none
2,emergency-medical.i-am-bleeding-badly,emergency-medical.is-there-a-doctor-who-speaks-english,none
3,emergency-medical.i-am-bleeding-badly,emergency-medical.is-there-a-doctor-who-speaks-english,none
1,emergency-medical.i-am-bleeding-badly,emergency-medical.it-hurts-here,none
2,emergency-medical.i-am-bleeding-badly,emergency-medical.it-hurts-here,none
3,emergency-medical.i-am-bleeding-badly,emergency-medical.it-hurts-here,none
1,emergency-medical.i-am-bleeding-badly,emergency-medical.please-call-an-ambulance,none
2,emergency-medical.i-am-bleeding-badly,emergency-medical.please-call-an-ambulance,none
3,emergency-medical.i-am-bleeding-badly,emergency-medical.please-call-an-ambulance,none
1,emergency-medical.i-am-bleeding-badly,emergency-medical.please-call-my-emergency-contact,none
2,emergency-medical.i-am-bleeding-badly,emergency-medical.please-call-my-emergency-contact,none
3,emergency-medical.i-am-bleeding-badly,emergency-medical.please-call-my-emergency-contact,none
1,emergency-medical.i-am-bleeding-badly,emergency-medical.please-take-me-to-a-hospital,none
2,emergency-medical.i-am-bleeding-badly,emergency-medical.please-take-me-to-a-hospital,none
3,emergency-medical.i-am-bleeding-badly,emergency-medical.please-take-me-to-a-hospital,none
1,emergency-medical.i-am-bleeding-badly,emergency-medical.this-is-an-emergency,none
2,emergency-medical.i-am-bleeding-badly,emergency-medical.this-is-an-emergency,none
3,emergency-medical.i-am-bleeding-badly,emergency-medical.this-is-an-emergency,none
1,emergency-medical.i-am-bleeding-badly,emergency-medical.this-person-is-unconscious,none
2,emergency-medical.i-am-bleeding-badly,emergency-medical.this-person-is-unconscious,none
3,emergency-medical.i-am-bleeding-badly,emergency-medical.this-person-is-unconscious,none
1,emergency-medical.i-am-bleeding-badly,emergency-medical.what-is-the-emergency-number,none
2,emergency-medical.i-am-bleeding-badly,emergency-medical.what-is-the-emergency-number,none
3,emergency-medical.i-am-bleeding-badly,emergency-medical.what-is-the-emergency-number,none
1,emergency-medical.i-am-bleeding-badly,emergency-medical.where-is-a-pharmacy,none
2,emergency-medical.i-am-bleeding-badly,emergency-medical.where-is-a-pharmacy,none
3,emergency-medical.i-am-bleeding-badly,emergency-medical.where-is-a-pharmacy,none
1,emergency-medical.i-am-bleeding-badly,emergency-medical.where-is-the-nearest-hospital,none
2,emergency-medical.i-am-bleeding-badly,emergency-medical.where-is-the-nearest-hospital,none
3,emergency-medical.i-am-bleeding-badly,emergency-medical.where-is-the-nearest-hospital,none
1,emergency-medical.i-am-bleeding-badly,utility-templates.i-cannot-find,none
2,emergency-medical.i-am-bleeding-badly,utility-templates.i-cannot-find,none
3,emergency-medical.i-am-bleeding-badly,utility-templates.i-cannot-find,none
1,emergency-medical.i-am-having-a-severe-allergic-reaction,emergency-medical.i-am-injured,none
2,emergency-medical.i-am-having-a-severe-allergic-reaction,emergency-medical.i-am-injured,partial
3,emergency-medical.i-am-having-a-severe-allergic-reaction,emergency-medical.i-am-injured,none
1,emergency-medical.i-am-having-a-severe-allergic-reaction,emergency-medical.i-am-sick,none
2,emergency-medical.i-am-having-a-severe-allergic-reaction,emergency-medical.i-am-sick,partial
3,emergency-medical.i-am-having-a-severe-allergic-reaction,emergency-medical.i-am-sick,none
1,emergency-medical.i-am-having-a-severe-allergic-reaction,emergency-medical.i-cannot-breathe,none
2,emergency-medical.i-am-having-a-severe-allergic-reaction,emergency-medical.i-cannot-breathe,none
3,emergency-medical.i-am-having-a-severe-allergic-reaction,emergency-medical.i-cannot-breathe,none
1,emergency-medical.i-am-having-a-severe-allergic-reaction,emergency-medical.i-feel-unwell,none
2,emergency-medical.i-am-having-a-severe-allergic-reaction,emergency-medical.i-feel-unwell,partial
3,emergency-medical.i-am-having-a-severe-allergic-reaction,emergency-medical.i-feel-unwell,none
1,emergency-medical.i-am-having-a-severe-allergic-reaction,emergency-medical.i-have-chest-pain,none
2,emergency-medical.i-am-having-a-severe-allergic-reaction,emergency-medical.i-have-chest-pain,none
3,emergency-medical.i-am-having-a-severe-allergic-reaction,emergency-medical.i-have-chest-pain,none
1,emergency-medical.i-am-having-a-severe-allergic-reaction,emergency-medical.i-have-travel-insurance,none
2,emergency-medical.i-am-having-a-severe-allergic-reaction,emergency-medical.i-have-travel-insurance,none
3,emergency-medical.i-am-having-a-severe-allergic-reaction,emergency-medical.i-have-travel-insurance,none
1,emergency-medical.i-am-having-a-severe-allergic-reaction,emergency-medical.i-need-a-doctor,none
2,emergency-medical.i-am-having-a-severe-allergic-reaction,emergency-medical.i-need-a-doctor,none
3,emergency-medical.i-am-having-a-severe-allergic-reaction,emergency-medical.i-need-a-doctor,none
1,emergency-medical.i-am-having-a-severe-allergic-reaction,emergency-medical.i-think-a-bone-is-broken,none
2,emergency-medical.i-am-having-a-severe-allergic-reaction,emergency-medical.i-think-a-bone-is-broken,none
3,emergency-medical.i-am-having-a-severe-allergic-reaction,emergency-medical.i-think-a-bone-is-broken,none
1,emergency-medical.i-am-having-a-severe-allergic-reaction,emergency-medical.is-there-a-doctor-who-speaks-english,none
2,emergency-medical.i-am-having-a-severe-allergic-reaction,emergency-medical.is-there-a-doctor-who-speaks-english,none
3,emergency-medical.i-am-having-a-severe-allergic-reaction,emergency-medical.is-there-a-doctor-who-speaks-english,none
1,emergency-medical.i-am-having-a-severe-allergic-reaction,emergency-medical.it-hurts-here,none
2,emergency-medical.i-am-having-a-severe-allergic-reaction,emergency-medical.it-hurts-here,none
3,emergency-medical.i-am-having-a-severe-allergic-reaction,emergency-medical.it-hurts-here,none
1,emergency-medical.i-am-having-a-severe-allergic-reaction,emergency-medical.please-call-an-ambulance,none
2,emergency-medical.i-am-having-a-severe-allergic-reaction,emergency-medical.please-call-an-ambulance,none
3,emergency-medical.i-am-having-a-severe-allergic-reaction,emergency-medical.please-call-an-ambulance,none
1,emergency-medical.i-am-having-a-severe-allergic-reaction,emergency-medical.please-call-my-emergency-contact,none
2,emergency-medical.i-am-having-a-severe-allergic-reaction,emergency-medical.please-call-my-emergency-contact,none
3,emergency-medical.i-am-having-a-severe-allergic-reaction,emergency-medical.please-call-my-emergency-contact,none
1,emergency-medical.i-am-having-a-severe-allergic-reaction,emergency-medical.please-take-me-to-a-hospital,none
2,emergency-medical.i-am-having-a-severe-allergic-reaction,emergency-medical.please-take-me-to-a-hospital,none
3,emergency-medical.i-am-having-a-severe-allergic-reaction,emergency-medical.please-take-me-to-a-hospital,none
1,emergency-medical.i-am-having-a-severe-allergic-reaction,emergency-medical.this-is-an-emergency,none
2,emergency-medical.i-am-having-a-severe-allergic-reaction,emergency-medical.this-is-an-emergency,none
3,emergency-medical.i-am-having-a-severe-allergic-reaction,emergency-medical.this-is-an-emergency,none
1,emergency-medical.i-am-having-a-severe-allergic-reaction,emergency-medical.this-person-is-unconscious,none
2,emergency-medical.i-am-having-a-severe-allergic-reaction,emergency-medical.this-person-is-unconscious,none
3,emergency-medical.i-am-having-a-severe-allergic-reaction,emergency-medical.this-person-is-unconscious,none
1,emergency-medical.i-am-having-a-severe-allergic-reaction,emergency-medical.what-is-the-emergency-number,none
2,emergency-medical.i-am-having-a-severe-allergic-reaction,emergency-medical.what-is-the-emergency-number,none
3,emergency-medical.i-am-having-a-severe-allergic-reaction,emergency-medical.what-is-the-emergency-number,none
1,emergency-medical.i-am-having-a-severe-allergic-reaction,emergency-medical.where-is-a-pharmacy,none
2,emergency-medical.i-am-having-a-severe-allergic-reaction,emergency-medical.where-is-a-pharmacy,none
3,emergency-medical.i-am-having-a-severe-allergic-reaction,emergency-medical.where-is-a-pharmacy,none
1,emergency-medical.i-am-having-a-severe-allergic-reaction,emergency-medical.where-is-the-nearest-hospital,none
2,emergency-medical.i-am-having-a-severe-allergic-reaction,emergency-medical.where-is-the-nearest-hospital,none
3,emergency-medical.i-am-having-a-severe-allergic-reaction,emergency-medical.where-is-the-nearest-hospital,none
1,emergency-medical.i-am-having-a-severe-allergic-reaction,medical-conditions.i-am-allergic-to-penicillin,none
2,emergency-medical.i-am-having-a-severe-allergic-reaction,medical-conditions.i-am-allergic-to-penicillin,none
3,emergency-medical.i-am-having-a-severe-allergic-reaction,medical-conditions.i-am-allergic-to-penicillin,none
1,emergency-medical.i-am-having-a-severe-allergic-reaction,pharmacy-symptoms.the-pain-is-severe,none
2,emergency-medical.i-am-having-a-severe-allergic-reaction,pharmacy-symptoms.the-pain-is-severe,none
3,emergency-medical.i-am-having-a-severe-allergic-reaction,pharmacy-symptoms.the-pain-is-severe,none
1,emergency-medical.i-am-injured,emergency-medical.i-am-sick,none
2,emergency-medical.i-am-injured,emergency-medical.i-am-sick,partial
3,emergency-medical.i-am-injured,emergency-medical.i-am-sick,none
1,emergency-medical.i-am-injured,emergency-medical.i-cannot-breathe,none
2,emergency-medical.i-am-injured,emergency-medical.i-cannot-breathe,partial
3,emergency-medical.i-am-injured,emergency-medical.i-cannot-breathe,none
1,emergency-medical.i-am-injured,emergency-medical.i-feel-unwell,none
2,emergency-medical.i-am-injured,emergency-medical.i-feel-unwell,partial
3,emergency-medical.i-am-injured,emergency-medical.i-feel-unwell,none
1,emergency-medical.i-am-injured,emergency-medical.i-have-chest-pain,none
2,emergency-medical.i-am-injured,emergency-medical.i-have-chest-pain,partial
3,emergency-medical.i-am-injured,emergency-medical.i-have-chest-pain,none
1,emergency-medical.i-am-injured,emergency-medical.i-have-travel-insurance,none
2,emergency-medical.i-am-injured,emergency-medical.i-have-travel-insurance,none
3,emergency-medical.i-am-injured,emergency-medical.i-have-travel-insurance,none
1,emergency-medical.i-am-injured,emergency-medical.i-need-a-doctor,none
2,emergency-medical.i-am-injured,emergency-medical.i-need-a-doctor,none
3,emergency-medical.i-am-injured,emergency-medical.i-need-a-doctor,none
1,emergency-medical.i-am-injured,emergency-medical.i-think-a-bone-is-broken,none
2,emergency-medical.i-am-injured,emergency-medical.i-think-a-bone-is-broken,partial
3,emergency-medical.i-am-injured,emergency-medical.i-think-a-bone-is-broken,none
1,emergency-medical.i-am-injured,emergency-medical.is-there-a-doctor-who-speaks-english,none
2,emergency-medical.i-am-injured,emergency-medical.is-there-a-doctor-who-speaks-english,none
3,emergency-medical.i-am-injured,emergency-medical.is-there-a-doctor-who-speaks-english,none
1,emergency-medical.i-am-injured,emergency-medical.it-hurts-here,none
2,emergency-medical.i-am-injured,emergency-medical.it-hurts-here,partial
3,emergency-medical.i-am-injured,emergency-medical.it-hurts-here,none
1,emergency-medical.i-am-injured,emergency-medical.please-call-an-ambulance,none
2,emergency-medical.i-am-injured,emergency-medical.please-call-an-ambulance,none
3,emergency-medical.i-am-injured,emergency-medical.please-call-an-ambulance,none
1,emergency-medical.i-am-injured,emergency-medical.please-call-my-emergency-contact,none
2,emergency-medical.i-am-injured,emergency-medical.please-call-my-emergency-contact,none
3,emergency-medical.i-am-injured,emergency-medical.please-call-my-emergency-contact,none
1,emergency-medical.i-am-injured,emergency-medical.please-take-me-to-a-hospital,none
2,emergency-medical.i-am-injured,emergency-medical.please-take-me-to-a-hospital,none
3,emergency-medical.i-am-injured,emergency-medical.please-take-me-to-a-hospital,none
1,emergency-medical.i-am-injured,emergency-medical.this-is-an-emergency,none
2,emergency-medical.i-am-injured,emergency-medical.this-is-an-emergency,none
3,emergency-medical.i-am-injured,emergency-medical.this-is-an-emergency,none
1,emergency-medical.i-am-injured,emergency-medical.this-person-is-unconscious,none
2,emergency-medical.i-am-injured,emergency-medical.this-person-is-unconscious,none
3,emergency-medical.i-am-injured,emergency-medical.this-person-is-unconscious,none
1,emergency-medical.i-am-injured,emergency-medical.what-is-the-emergency-number,none
2,emergency-medical.i-am-injured,emergency-medical.what-is-the-emergency-number,none
3,emergency-medical.i-am-injured,emergency-medical.what-is-the-emergency-number,none
1,emergency-medical.i-am-injured,emergency-medical.where-is-a-pharmacy,none
2,emergency-medical.i-am-injured,emergency-medical.where-is-a-pharmacy,none
3,emergency-medical.i-am-injured,emergency-medical.where-is-a-pharmacy,none
1,emergency-medical.i-am-injured,emergency-medical.where-is-the-nearest-hospital,none
2,emergency-medical.i-am-injured,emergency-medical.where-is-the-nearest-hospital,none
3,emergency-medical.i-am-injured,emergency-medical.where-is-the-nearest-hospital,none
1,emergency-medical.i-am-injured,introductions.i-am-a-tourist,none
2,emergency-medical.i-am-injured,introductions.i-am-a-tourist,none
3,emergency-medical.i-am-injured,introductions.i-am-a-tourist,none
1,emergency-medical.i-am-injured,introductions.i-am-from,none
2,emergency-medical.i-am-injured,introductions.i-am-from,none
3,emergency-medical.i-am-injured,introductions.i-am-from,none
1,emergency-medical.i-am-injured,medical-conditions.i-am-diabetic,none
2,emergency-medical.i-am-injured,medical-conditions.i-am-diabetic,none
3,emergency-medical.i-am-injured,medical-conditions.i-am-diabetic,none
1,emergency-medical.i-am-injured,medical-conditions.i-am-pregnant,none
2,emergency-medical.i-am-injured,medical-conditions.i-am-pregnant,none
3,emergency-medical.i-am-injured,medical-conditions.i-am-pregnant,none
1,emergency-medical.i-am-injured,pharmacy-symptoms.i-am-vomiting,none
2,emergency-medical.i-am-injured,pharmacy-symptoms.i-am-vomiting,none
3,emergency-medical.i-am-injured,pharmacy-symptoms.i-am-vomiting,none
1,emergency-medical.i-am-injured,transit-rides.i-am-in-a-hurry,none
2,emergency-medical.i-am-injured,transit-rides.i-am-in-a-hurry,none
3,emergency-medical.i-am-injured,transit-rides.i-am-in-a-hurry,none
1,emergency-medical.i-am-injured,utility-templates.i-am-looking-for,none
2,emergency-medical.i-am-injured,utility-templates.i-am-looking-for,none
3,emergency-medical.i-am-injured,utility-templates.i-am-looking-for,none
1,emergency-medical.i-am-sick,emergency-medical.i-cannot-breathe,none
2,emergency-medical.i-am-sick,emergency-medical.i-cannot-breathe,partial
3,emergency-medical.i-am-sick,emergency-medical.i-cannot-breathe,none
1,emergency-medical.i-am-sick,emergency-medical.i-feel-unwell,duplicate
2,emergency-medical.i-am-sick,emergency-medical.i-feel-unwell,duplicate
3,emergency-medical.i-am-sick,emergency-medical.i-feel-unwell,partial
1,emergency-medical.i-am-sick,emergency-medical.i-have-chest-pain,none
2,emergency-medical.i-am-sick,emergency-medical.i-have-chest-pain,partial
3,emergency-medical.i-am-sick,emergency-medical.i-have-chest-pain,none
1,emergency-medical.i-am-sick,emergency-medical.i-have-travel-insurance,none
2,emergency-medical.i-am-sick,emergency-medical.i-have-travel-insurance,none
3,emergency-medical.i-am-sick,emergency-medical.i-have-travel-insurance,none
1,emergency-medical.i-am-sick,emergency-medical.i-need-a-doctor,none
2,emergency-medical.i-am-sick,emergency-medical.i-need-a-doctor,none
3,emergency-medical.i-am-sick,emergency-medical.i-need-a-doctor,none
1,emergency-medical.i-am-sick,emergency-medical.i-think-a-bone-is-broken,none
2,emergency-medical.i-am-sick,emergency-medical.i-think-a-bone-is-broken,partial
3,emergency-medical.i-am-sick,emergency-medical.i-think-a-bone-is-broken,none
1,emergency-medical.i-am-sick,emergency-medical.is-there-a-doctor-who-speaks-english,none
2,emergency-medical.i-am-sick,emergency-medical.is-there-a-doctor-who-speaks-english,none
3,emergency-medical.i-am-sick,emergency-medical.is-there-a-doctor-who-speaks-english,none
1,emergency-medical.i-am-sick,emergency-medical.it-hurts-here,none
2,emergency-medical.i-am-sick,emergency-medical.it-hurts-here,partial
3,emergency-medical.i-am-sick,emergency-medical.it-hurts-here,none
1,emergency-medical.i-am-sick,emergency-medical.please-call-an-ambulance,none
2,emergency-medical.i-am-sick,emergency-medical.please-call-an-ambulance,none
3,emergency-medical.i-am-sick,emergency-medical.please-call-an-ambulance,none
1,emergency-medical.i-am-sick,emergency-medical.please-call-my-emergency-contact,none
2,emergency-medical.i-am-sick,emergency-medical.please-call-my-emergency-contact,none
3,emergency-medical.i-am-sick,emergency-medical.please-call-my-emergency-contact,none
1,emergency-medical.i-am-sick,emergency-medical.please-take-me-to-a-hospital,none
2,emergency-medical.i-am-sick,emergency-medical.please-take-me-to-a-hospital,none
3,emergency-medical.i-am-sick,emergency-medical.please-take-me-to-a-hospital,none
1,emergency-medical.i-am-sick,emergency-medical.this-is-an-emergency,none
2,emergency-medical.i-am-sick,emergency-medical.this-is-an-emergency,none
3,emergency-medical.i-am-sick,emergency-medical.this-is-an-emergency,none
1,emergency-medical.i-am-sick,emergency-medical.this-person-is-unconscious,none
2,emergency-medical.i-am-sick,emergency-medical.this-person-is-unconscious,none
3,emergency-medical.i-am-sick,emergency-medical.this-person-is-unconscious,none
1,emergency-medical.i-am-sick,emergency-medical.what-is-the-emergency-number,none
2,emergency-medical.i-am-sick,emergency-medical.what-is-the-emergency-number,none
3,emergency-medical.i-am-sick,emergency-medical.what-is-the-emergency-number,none
1,emergency-medical.i-am-sick,emergency-medical.where-is-a-pharmacy,none
2,emergency-medical.i-am-sick,emergency-medical.where-is-a-pharmacy,none
3,emergency-medical.i-am-sick,emergency-medical.where-is-a-pharmacy,none
1,emergency-medical.i-am-sick,emergency-medical.where-is-the-nearest-hospital,none
2,emergency-medical.i-am-sick,emergency-medical.where-is-the-nearest-hospital,none
3,emergency-medical.i-am-sick,emergency-medical.where-is-the-nearest-hospital,none
1,emergency-medical.i-am-sick,introductions.i-am-a-tourist,none
2,emergency-medical.i-am-sick,introductions.i-am-a-tourist,none
3,emergency-medical.i-am-sick,introductions.i-am-a-tourist,none
1,emergency-medical.i-am-sick,introductions.i-am-from,none
2,emergency-medical.i-am-sick,introductions.i-am-from,none
3,emergency-medical.i-am-sick,introductions.i-am-from,none
1,emergency-medical.i-am-sick,medical-conditions.i-am-diabetic,none
2,emergency-medical.i-am-sick,medical-conditions.i-am-diabetic,none
3,emergency-medical.i-am-sick,medical-conditions.i-am-diabetic,none
1,emergency-medical.i-am-sick,medical-conditions.i-am-pregnant,none
2,emergency-medical.i-am-sick,medical-conditions.i-am-pregnant,none
3,emergency-medical.i-am-sick,medical-conditions.i-am-pregnant,none
1,emergency-medical.i-am-sick,pharmacy-symptoms.i-am-vomiting,partial
2,emergency-medical.i-am-sick,pharmacy-symptoms.i-am-vomiting,partial
3,emergency-medical.i-am-sick,pharmacy-symptoms.i-am-vomiting,partial
1,emergency-medical.i-am-sick,transit-rides.i-am-in-a-hurry,none
2,emergency-medical.i-am-sick,transit-rides.i-am-in-a-hurry,none
3,emergency-medical.i-am-sick,transit-rides.i-am-in-a-hurry,none
1,emergency-medical.i-am-sick,utility-templates.i-am-looking-for,none
2,emergency-medical.i-am-sick,utility-templates.i-am-looking-for,none
3,emergency-medical.i-am-sick,utility-templates.i-am-looking-for,none
1,emergency-medical.i-cannot-breathe,emergency-medical.i-feel-unwell,none
2,emergency-medical.i-cannot-breathe,emergency-medical.i-feel-unwell,partial
3,emergency-medical.i-cannot-breathe,emergency-medical.i-feel-unwell,none
1,emergency-medical.i-cannot-breathe,emergency-medical.i-have-chest-pain,none
2,emergency-medical.i-cannot-breathe,emergency-medical.i-have-chest-pain,none
3,emergency-medical.i-cannot-breathe,emergency-medical.i-have-chest-pain,none
1,emergency-medical.i-cannot-breathe,emergency-medical.i-have-travel-insurance,none
2,emergency-medical.i-cannot-breathe,emergency-medical.i-have-travel-insurance,none
3,emergency-medical.i-cannot-breathe,emergency-medical.i-have-travel-insurance,none
1,emergency-medical.i-cannot-breathe,emergency-medical.i-need-a-doctor,none
2,emergency-medical.i-cannot-breathe,emergency-medical.i-need-a-doctor,none
3,emergency-medical.i-cannot-breathe,emergency-medical.i-need-a-doctor,none
1,emergency-medical.i-cannot-breathe,emergency-medical.i-think-a-bone-is-broken,none
2,emergency-medical.i-cannot-breathe,emergency-medical.i-think-a-bone-is-broken,none
3,emergency-medical.i-cannot-breathe,emergency-medical.i-think-a-bone-is-broken,none
1,emergency-medical.i-cannot-breathe,emergency-medical.is-there-a-doctor-who-speaks-english,none
2,emergency-medical.i-cannot-breathe,emergency-medical.is-there-a-doctor-who-speaks-english,none
3,emergency-medical.i-cannot-breathe,emergency-medical.is-there-a-doctor-who-speaks-english,none
1,emergency-medical.i-cannot-breathe,emergency-medical.it-hurts-here,none
2,emergency-medical.i-cannot-breathe,emergency-medical.it-hurts-here,none
3,emergency-medical.i-cannot-breathe,emergency-medical.it-hurts-here,none
1,emergency-medical.i-cannot-breathe,emergency-medical.please-call-an-ambulance,none
2,emergency-medical.i-cannot-breathe,emergency-medical.please-call-an-ambulance,none
3,emergency-medical.i-cannot-breathe,emergency-medical.please-call-an-ambulance,none
1,emergency-medical.i-cannot-breathe,emergency-medical.please-call-my-emergency-contact,none
2,emergency-medical.i-cannot-breathe,emergency-medical.please-call-my-emergency-contact,none
3,emergency-medical.i-cannot-breathe,emergency-medical.please-call-my-emergency-contact,none
1,emergency-medical.i-cannot-breathe,emergency-medical.please-take-me-to-a-hospital,none
2,emergency-medical.i-cannot-breathe,emergency-medical.please-take-me-to-a-hospital,none
3,emergency-medical.i-cannot-breathe,emergency-medical.please-take-me-to-a-hospital,none
1,emergency-medical.i-cannot-breathe,emergency-medical.this-is-an-emergency,none
2,emergency-medical.i-cannot-breathe,emergency-medical.this-is-an-emergency,none
3,emergency-medical.i-cannot-breathe,emergency-medical.this-is-an-emergency,none
1,emergency-medical.i-cannot-breathe,emergency-medical.this-person-is-unconscious,none
2,emergency-medical.i-cannot-breathe,emergency-medical.this-person-is-unconscious,none
3,emergency-medical.i-cannot-breathe,emergency-medical.this-person-is-unconscious,none
1,emergency-medical.i-cannot-breathe,emergency-medical.what-is-the-emergency-number,none
2,emergency-medical.i-cannot-breathe,emergency-medical.what-is-the-emergency-number,none
3,emergency-medical.i-cannot-breathe,emergency-medical.what-is-the-emergency-number,none
1,emergency-medical.i-cannot-breathe,emergency-medical.where-is-a-pharmacy,none
2,emergency-medical.i-cannot-breathe,emergency-medical.where-is-a-pharmacy,none
3,emergency-medical.i-cannot-breathe,emergency-medical.where-is-a-pharmacy,none
1,emergency-medical.i-cannot-breathe,emergency-medical.where-is-the-nearest-hospital,none
2,emergency-medical.i-cannot-breathe,emergency-medical.where-is-the-nearest-hospital,none
3,emergency-medical.i-cannot-breathe,emergency-medical.where-is-the-nearest-hospital,none
1,emergency-medical.i-cannot-breathe,lost-rescue.i-cannot-walk,none
2,emergency-medical.i-cannot-breathe,lost-rescue.i-cannot-walk,none
3,emergency-medical.i-cannot-breathe,lost-rescue.i-cannot-walk,none
1,emergency-medical.i-cannot-breathe,lost-rescue.i-lost-my-wallet,none
2,emergency-medical.i-cannot-breathe,lost-rescue.i-lost-my-wallet,none
3,emergency-medical.i-cannot-breathe,lost-rescue.i-lost-my-wallet,none
1,emergency-medical.i-cannot-breathe,quick-responses.cannot-not-allowed,none
2,emergency-medical.i-cannot-breathe,quick-responses.cannot-not-allowed,none
3,emergency-medical.i-cannot-breathe,quick-responses.cannot-not-allowed,none
1,emergency-medical.i-cannot-breathe,quick-responses.cannot-not-possible,none
2,emergency-medical.i-cannot-breathe,quick-responses.cannot-not-possible,none
3,emergency-medical.i-cannot-breathe,quick-responses.cannot-not-possible,none
1,emergency-medical.i-cannot-breathe,utility-templates.i-cannot-find,none
2,emergency-medical.i-cannot-breathe,utility-templates.i-cannot-find,none
3,emergency-medical.i-cannot-breathe,utility-templates.i-cannot-find,none
1,emergency-medical.i-feel-unwell,emergency-medical.i-have-chest-pain,none
2,emergency-medical.i-feel-unwell,emergency-medical.i-have-chest-pain,partial
3,emergency-medical.i-feel-unwell,emergency-medical.i-have-chest-pain,none
1,emergency-medical.i-feel-unwell,emergency-medical.i-have-travel-insurance,none
2,emergency-medical.i-feel-unwell,emergency-medical.i-have-travel-insurance,none
3,emergency-medical.i-feel-unwell,emergency-medical.i-have-travel-insurance,none
1,emergency-medical.i-feel-unwell,emergency-medical.i-need-a-doctor,none
2,emergency-medical.i-feel-unwell,emergency-medical.i-need-a-doctor,none
3,emergency-medical.i-feel-unwell,emergency-medical.i-need-a-doctor,none
1,emergency-medical.i-feel-unwell,emergency-medical.i-think-a-bone-is-broken,none
2,emergency-medical.i-feel-unwell,emergency-medical.i-think-a-bone-is-broken,partial
3,emergency-medical.i-feel-unwell,emergency-medical.i-think-a-bone-is-broken,none
1,emergency-medical.i-feel-unwell,emergency-medical.is-there-a-doctor-who-speaks-english,none
2,emergency-medical.i-feel-unwell,emergency-medical.is-there-a-doctor-who-speaks-english,none
3,emergency-medical.i-feel-unwell,emergency-medical.is-there-a-doctor-who-speaks-english,none
1,emergency-medical.i-feel-unwell,emergency-medical.it-hurts-here,none
2,emergency-medical.i-feel-unwell,emergency-medical.it-hurts-here,partial
3,emergency-medical.i-feel-unwell,emergency-medical.it-hurts-here,none
1,emergency-medical.i-feel-unwell,emergency-medical.please-call-an-ambulance,none
2,emergency-medical.i-feel-unwell,emergency-medical.please-call-an-ambulance,none
3,emergency-medical.i-feel-unwell,emergency-medical.please-call-an-ambulance,none
1,emergency-medical.i-feel-unwell,emergency-medical.please-call-my-emergency-contact,none
2,emergency-medical.i-feel-unwell,emergency-medical.please-call-my-emergency-contact,none
3,emergency-medical.i-feel-unwell,emergency-medical.please-call-my-emergency-contact,none
1,emergency-medical.i-feel-unwell,emergency-medical.please-take-me-to-a-hospital,none
2,emergency-medical.i-feel-unwell,emergency-medical.please-take-me-to-a-hospital,none
3,emergency-medical.i-feel-unwell,emergency-medical.please-take-me-to-a-hospital,none
1,emergency-medical.i-feel-unwell,emergency-medical.this-is-an-emergency,none
2,emergency-medical.i-feel-unwell,emergency-medical.this-is-an-emergency,none
3,emergency-medical.i-feel-unwell,emergency-medical.this-is-an-emergency,none
1,emergency-medical.i-feel-unwell,emergency-medical.this-person-is-unconscious,none
2,emergency-medical.i-feel-unwell,emergency-medical.this-person-is-unconscious,none
3,emergency-medical.i-feel-unwell,emergency-medical.this-person-is-unconscious,none
1,emergency-medical.i-feel-unwell,emergency-medical.what-is-the-emergency-number,none
2,emergency-medical.i-feel-unwell,emergency-medical.what-is-the-emergency-number,none
3,emergency-medical.i-feel-unwell,emergency-medical.what-is-the-emergency-number,none
1,emergency-medical.i-feel-unwell,emergency-medical.where-is-a-pharmacy,none
2,emergency-medical.i-feel-unwell,emergency-medical.where-is-a-pharmacy,none
3,emergency-medical.i-feel-unwell,emergency-medical.where-is-a-pharmacy,none
1,emergency-medical.i-feel-unwell,emergency-medical.where-is-the-nearest-hospital,none
2,emergency-medical.i-feel-unwell,emergency-medical.where-is-the-nearest-hospital,none
3,emergency-medical.i-feel-unwell,emergency-medical.where-is-the-nearest-hospital,none
1,emergency-medical.i-feel-unwell,hotel-basics.two-beds,none
2,emergency-medical.i-feel-unwell,hotel-basics.two-beds,none
3,emergency-medical.i-feel-unwell,hotel-basics.two-beds,none
1,emergency-medical.i-feel-unwell,pharmacy-symptoms.i-feel-dizzy,partial
2,emergency-medical.i-feel-unwell,pharmacy-symptoms.i-feel-dizzy,partial
3,emergency-medical.i-feel-unwell,pharmacy-symptoms.i-feel-dizzy,partial
1,emergency-medical.i-feel-unwell,pharmacy-symptoms.i-feel-nauseous,partial
2,emergency-medical.i-feel-unwell,pharmacy-symptoms.i-feel-nauseous,partial
3,emergency-medical.i-feel-unwell,pharmacy-symptoms.i-feel-nauseous,partial
1,emergency-medical.i-have-chest-pain,emergency-medical.i-have-travel-insurance,none
2,emergency-medical.i-have-chest-pain,emergency-medical.i-have-travel-insurance,none
3,emergency-medical.i-have-chest-pain,emergency-medical.i-have-travel-insurance,none
1,emergency-medical.i-have-chest-pain,emergency-medical.i-need-a-doctor,none
2,emergency-medical.i-have-chest-pain,emergency-medical.i-need-a-doctor,none
3,emergency-medical.i-have-chest-pain,emergency-medical.i-need-a-doctor,none
1,emergency-medical.i-have-chest-pain,emergency-medical.i-think-a-bone-is-broken,none
2,emergency-medical.i-have-chest-pain,emergency-medical.i-think-a-bone-is-broken,none
3,emergency-medical.i-have-chest-pain,emergency-medical.i-think-a-bone-is-broken,none
1,emergency-medical.i-have-chest-pain,emergency-medical.is-there-a-doctor-who-speaks-english,none
2,emergency-medical.i-have-chest-pain,emergency-medical.is-there-a-doctor-who-speaks-english,none
3,emergency-medical.i-have-chest-pain,emergency-medical.is-there-a-doctor-who-speaks-english,none
1,emergency-medical.i-have-chest-pain,emergency-medical.it-hurts-here,partial
2,emergency-medical.i-have-chest-pain,emergency-medical.it-hurts-here,none
3,emergency-medical.i-have-chest-pain,emergency-medical.it-hurts-here,none
1,emergency-medical.i-have-chest-pain,emergency-medical.please-call-an-ambulance,none
2,emergency-medical.i-have-chest-pain,emergency-medical.please-call-an-ambulance,none
3,emergency-medical.i-have-chest-pain,emergency-medical.please-call-an-ambulance,none
1,emergency-medical.i-have-chest-pain,emergency-medical.please-call-my-emergency-contact,none
2,emergency-medical.i-have-chest-pain,emergency-medical.please-call-my-emergency-contact,none
3,emergency-medical.i-have-chest-pain,emergency-medical.please-call-my-emergency-contact,none
1,emergency-medical.i-have-chest-pain,emergency-medical.please-take-me-to-a-hospital,none
2,emergency-medical.i-have-chest-pain,emergency-medical.please-take-me-to-a-hospital,none
3,emergency-medical.i-have-chest-pain,emergency-medical.please-take-me-to-a-hospital,none
1,emergency-medical.i-have-chest-pain,emergency-medical.this-is-an-emergency,none
2,emergency-medical.i-have-chest-pain,emergency-medical.this-is-an-emergency,none
3,emergency-medical.i-have-chest-pain,emergency-medical.this-is-an-emergency,none
1,emergency-medical.i-have-chest-pain,emergency-medical.this-person-is-unconscious,none
2,emergency-medical.i-have-chest-pain,emergency-medical.this-person-is-unconscious,none
3,emergency-medical.i-have-chest-pain,emergency-medical.this-person-is-unconscious,none
1,emergency-medical.i-have-chest-pain,emergency-medical.what-is-the-emergency-number,none
2,emergency-medical.i-have-chest-pain,emergency-medical.what-is-the-emergency-number,none
3,emergency-medical.i-have-chest-pain,emergency-medical.what-is-the-emergency-number,none
1,emergency-medical.i-have-chest-pain,emergency-medical.where-is-a-pharmacy,none
2,emergency-medical.i-have-chest-pain,emergency-medical.where-is-a-pharmacy,none
3,emergency-medical.i-have-chest-pain,emergency-medical.where-is-a-pharmacy,none
1,emergency-medical.i-have-chest-pain,emergency-medical.where-is-the-nearest-hospital,none
2,emergency-medical.i-have-chest-pain,emergency-medical.where-is-the-nearest-hospital,none
3,emergency-medical.i-have-chest-pain,emergency-medical.where-is-the-nearest-hospital,none
1,emergency-medical.i-have-chest-pain,pharmacy-symptoms.the-pain-is-severe,none
2,emergency-medical.i-have-chest-pain,pharmacy-symptoms.the-pain-is-severe,none
3,emergency-medical.i-have-chest-pain,pharmacy-symptoms.the-pain-is-severe,none
1,emergency-medical.i-have-travel-insurance,emergency-medical.i-need-a-doctor,none
2,emergency-medical.i-have-travel-insurance,emergency-medical.i-need-a-doctor,none
3,emergency-medical.i-have-travel-insurance,emergency-medical.i-need-a-doctor,none
1,emergency-medical.i-have-travel-insurance,emergency-medical.i-think-a-bone-is-broken,none
2,emergency-medical.i-have-travel-insurance,emergency-medical.i-think-a-bone-is-broken,none
3,emergency-medical.i-have-travel-insurance,emergency-medical.i-think-a-bone-is-broken,none
1,emergency-medical.i-have-travel-insurance,emergency-medical.is-there-a-doctor-who-speaks-english,none
2,emergency-medical.i-have-travel-insurance,emergency-medical.is-there-a-doctor-who-speaks-english,none
3,emergency-medical.i-have-travel-insurance,emergency-medical.is-there-a-doctor-who-speaks-english,none
1,emergency-medical.i-have-travel-insurance,emergency-medical.it-hurts-here,none
2,emergency-medical.i-have-travel-insurance,emergency-medical.it-hurts-here,none
3,emergency-medical.i-have-travel-insurance,emergency-medical.it-hurts-here,none
1,emergency-medical.i-have-travel-insurance,emergency-medical.please-call-an-ambulance,none
2,emergency-medical.i-have-travel-insurance,emergency-medical.please-call-an-ambulance,none
3,emergency-medical.i-have-travel-insurance,emergency-medical.please-call-an-ambulance,none
1,emergency-medical.i-have-travel-insurance,emergency-medical.please-call-my-emergency-contact,none
2,emergency-medical.i-have-travel-insurance,emergency-medical.please-call-my-emergency-contact,none
3,emergency-medical.i-have-travel-insurance,emergency-medical.please-call-my-emergency-contact,none
1,emergency-medical.i-have-travel-insurance,emergency-medical.please-take-me-to-a-hospital,none
2,emergency-medical.i-have-travel-insurance,emergency-medical.please-take-me-to-a-hospital,none
3,emergency-medical.i-have-travel-insurance,emergency-medical.please-take-me-to-a-hospital,none
1,emergency-medical.i-have-travel-insurance,emergency-medical.this-is-an-emergency,none
2,emergency-medical.i-have-travel-insurance,emergency-medical.this-is-an-emergency,none
3,emergency-medical.i-have-travel-insurance,emergency-medical.this-is-an-emergency,none
1,emergency-medical.i-have-travel-insurance,emergency-medical.this-person-is-unconscious,none
2,emergency-medical.i-have-travel-insurance,emergency-medical.this-person-is-unconscious,none
3,emergency-medical.i-have-travel-insurance,emergency-medical.this-person-is-unconscious,none
1,emergency-medical.i-have-travel-insurance,emergency-medical.what-is-the-emergency-number,none
2,emergency-medical.i-have-travel-insurance,emergency-medical.what-is-the-emergency-number,none
3,emergency-medical.i-have-travel-insurance,emergency-medical.what-is-the-emergency-number,none
1,emergency-medical.i-have-travel-insurance,emergency-medical.where-is-a-pharmacy,none
2,emergency-medical.i-have-travel-insurance,emergency-medical.where-is-a-pharmacy,none
3,emergency-medical.i-have-travel-insurance,emergency-medical.where-is-a-pharmacy,none
1,emergency-medical.i-have-travel-insurance,emergency-medical.where-is-the-nearest-hospital,none
2,emergency-medical.i-have-travel-insurance,emergency-medical.where-is-the-nearest-hospital,none
3,emergency-medical.i-have-travel-insurance,emergency-medical.where-is-the-nearest-hospital,none
1,emergency-medical.i-have-travel-insurance,police-consulate.i-need-it-for-my-insurance,none
2,emergency-medical.i-have-travel-insurance,police-consulate.i-need-it-for-my-insurance,none
3,emergency-medical.i-have-travel-insurance,police-consulate.i-need-it-for-my-insurance,none
1,emergency-medical.i-need-a-doctor,emergency-medical.i-think-a-bone-is-broken,none
2,emergency-medical.i-need-a-doctor,emergency-medical.i-think-a-bone-is-broken,none
3,emergency-medical.i-need-a-doctor,emergency-medical.i-think-a-bone-is-broken,none
1,emergency-medical.i-need-a-doctor,emergency-medical.is-there-a-doctor-who-speaks-english,partial
2,emergency-medical.i-need-a-doctor,emergency-medical.is-there-a-doctor-who-speaks-english,partial
3,emergency-medical.i-need-a-doctor,emergency-medical.is-there-a-doctor-who-speaks-english,partial
1,emergency-medical.i-need-a-doctor,emergency-medical.it-hurts-here,none
2,emergency-medical.i-need-a-doctor,emergency-medical.it-hurts-here,none
3,emergency-medical.i-need-a-doctor,emergency-medical.it-hurts-here,none
1,emergency-medical.i-need-a-doctor,emergency-medical.please-call-an-ambulance,none
2,emergency-medical.i-need-a-doctor,emergency-medical.please-call-an-ambulance,partial
3,emergency-medical.i-need-a-doctor,emergency-medical.please-call-an-ambulance,none
1,emergency-medical.i-need-a-doctor,emergency-medical.please-call-my-emergency-contact,none
2,emergency-medical.i-need-a-doctor,emergency-medical.please-call-my-emergency-contact,none
3,emergency-medical.i-need-a-doctor,emergency-medical.please-call-my-emergency-contact,none
1,emergency-medical.i-need-a-doctor,emergency-medical.please-take-me-to-a-hospital,none
2,emergency-medical.i-need-a-doctor,emergency-medical.please-take-me-to-a-hospital,partial
3,emergency-medical.i-need-a-doctor,emergency-medical.please-take-me-to-a-hospital,none
1,emergency-medical.i-need-a-doctor,emergency-medical.this-is-an-emergency,none
2,emergency-medical.i-need-a-doctor,emergency-medical.this-is-an-emergency,none
3,emergency-medical.i-need-a-doctor,emergency-medical.this-is-an-emergency,none
1,emergency-medical.i-need-a-doctor,emergency-medical.this-person-is-unconscious,none
2,emergency-medical.i-need-a-doctor,emergency-medical.this-person-is-unconscious,none
3,emergency-medical.i-need-a-doctor,emergency-medical.this-person-is-unconscious,none
1,emergency-medical.i-need-a-doctor,emergency-medical.what-is-the-emergency-number,none
2,emergency-medical.i-need-a-doctor,emergency-medical.what-is-the-emergency-number,none
3,emergency-medical.i-need-a-doctor,emergency-medical.what-is-the-emergency-number,none
1,emergency-medical.i-need-a-doctor,emergency-medical.where-is-a-pharmacy,none
2,emergency-medical.i-need-a-doctor,emergency-medical.where-is-a-pharmacy,none
3,emergency-medical.i-need-a-doctor,emergency-medical.where-is-a-pharmacy,none
1,emergency-medical.i-need-a-doctor,emergency-medical.where-is-the-nearest-hospital,none
2,emergency-medical.i-need-a-doctor,emergency-medical.where-is-the-nearest-hospital,partial
3,emergency-medical.i-need-a-doctor,emergency-medical.where-is-the-nearest-hospital,none
1,emergency-medical.i-need-a-doctor,medical-conditions.i-need-insulin,none
2,emergency-medical.i-need-a-doctor,medical-conditions.i-need-insulin,none
3,emergency-medical.i-need-a-doctor,medical-conditions.i-need-insulin,none
1,emergency-medical.i-need-a-doctor,medical-conditions.i-need-my-inhaler,none
2,emergency-medical.i-need-a-doctor,medical-conditions.i-need-my-inhaler,none
3,emergency-medical.i-need-a-doctor,medical-conditions.i-need-my-inhaler,none
1,emergency-medical.i-need-a-doctor,pharmacy-symptoms.do-i-need-a-prescription,none
2,emergency-medical.i-need-a-doctor,pharmacy-symptoms.do-i-need-a-prescription,none
3,emergency-medical.i-need-a-doctor,pharmacy-symptoms.do-i-need-a-prescription,none
1,emergency-medical.i-need-a-doctor,pharmacy-symptoms.i-need-medicine-for,none
2,emergency-medical.i-need-a-doctor,pharmacy-symptoms.i-need-medicine-for,none
3,emergency-medical.i-need-a-doctor,pharmacy-symptoms.i-need-medicine-for,none
1,emergency-medical.i-need-a-doctor,police-consulate.i-need-an-interpreter,none
2,emergency-medical.i-need-a-doctor,police-consulate.i-need-an-interpreter,none
3,emergency-medical.i-need-a-doctor,police-consulate.i-need-an-interpreter,none
1,emergency-medical.i-need-a-doctor,police-consulate.i-need-it-for-my-insurance,none
2,emergency-medical.i-need-a-doctor,police-consulate.i-need-it-for-my-insurance,none
3,emergency-medical.i-need-a-doctor,police-consulate.i-need-it-for-my-insurance,none
1,emergency-medical.i-need-a-doctor,pronouns-verbs.need,partial
2,emergency-medical.i-need-a-doctor,pronouns-verbs.need,partial
3,emergency-medical.i-need-a-doctor,pronouns-verbs.need,partial
1,emergency-medical.i-need-a-doctor,pronouns-verbs.need-thing,partial
2,emergency-medical.i-need-a-doctor,pronouns-verbs.need-thing,partial
3,emergency-medical.i-need-a-doctor,pronouns-verbs.need-thing,partial
1,emergency-medical.i-need-a-doctor,sim-data.do-you-need-my-passport,none
2,emergency-medical.i-need-a-doctor,sim-data.do-you-need-my-passport,none
3,emergency-medical.i-need-a-doctor,sim-data.do-you-need-my-passport,none
1,emergency-medical.i-need-a-doctor,sim-data.does-it-need-registration,none
2,emergency-medical.i-need-a-doctor,sim-data.does-it-need-registration,none
3,emergency-medical.i-need-a-doctor,sim-data.does-it-need-registration,none
1,emergency-medical.i-need-a-doctor,transit-rides.do-i-need-to-transfer,none
2,emergency-medical.i-need-a-doctor,transit-rides.do-i-need-to-transfer,none
3,emergency-medical.i-need-a-doctor,transit-rides.do-i-need-to-transfer,none
1,emergency-medical.i-need-a-doctor,utility-templates.i-need,partial
2,emergency-medical.i-need-a-doctor,utility-templates.i-need,partial
3,emergency-medical.i-need-a-doctor,utility-templates.i-need,none
1,emergency-medical.i-think-a-bone-is-broken,emergency-medical.is-there-a-doctor-who-speaks-english,none
2,emergency-medical.i-think-a-bone-is-broken,emergency-medical.is-there-a-doctor-who-speaks-english,none
3,emergency-medical.i-think-a-bone-is-broken,emergency-medical.is-there-a-doctor-who-speaks-english,none
1,emergency-medical.i-think-a-bone-is-broken,emergency-medical.it-hurts-here,partial
2,emergency-medical.i-think-a-bone-is-broken,emergency-medical.it-hurts-here,none
3,emergency-medical.i-think-a-bone-is-broken,emergency-medical.it-hurts-here,none
1,emergency-medical.i-think-a-bone-is-broken,emergency-medical.please-call-an-ambulance,none
2,emergency-medical.i-think-a-bone-is-broken,emergency-medical.please-call-an-ambulance,none
3,emergency-medical.i-think-a-bone-is-broken,emergency-medical.please-call-an-ambulance,none
1,emergency-medical.i-think-a-bone-is-broken,emergency-medical.please-call-my-emergency-contact,none
2,emergency-medical.i-think-a-bone-is-broken,emergency-medical.please-call-my-emergency-contact,none
3,emergency-medical.i-think-a-bone-is-broken,emergency-medical.please-call-my-emergency-contact,none
1,emergency-medical.i-think-a-bone-is-broken,emergency-medical.please-take-me-to-a-hospital,none
2,emergency-medical.i-think-a-bone-is-broken,emergency-medical.please-take-me-to-a-hospital,none
3,emergency-medical.i-think-a-bone-is-broken,emergency-medical.please-take-me-to-a-hospital,none
1,emergency-medical.i-think-a-bone-is-broken,emergency-medical.this-is-an-emergency,none
2,emergency-medical.i-think-a-bone-is-broken,emergency-medical.this-is-an-emergency,none
3,emergency-medical.i-think-a-bone-is-broken,emergency-medical.this-is-an-emergency,none
1,emergency-medical.i-think-a-bone-is-broken,emergency-medical.this-person-is-unconscious,none
2,emergency-medical.i-think-a-bone-is-broken,emergency-medical.this-person-is-unconscious,none
3,emergency-medical.i-think-a-bone-is-broken,emergency-medical.this-person-is-unconscious,none
1,emergency-medical.i-think-a-bone-is-broken,emergency-medical.what-is-the-emergency-number,none
2,emergency-medical.i-think-a-bone-is-broken,emergency-medical.what-is-the-emergency-number,none
3,emergency-medical.i-think-a-bone-is-broken,emergency-medical.what-is-the-emergency-number,none
1,emergency-medical.i-think-a-bone-is-broken,emergency-medical.where-is-a-pharmacy,none
2,emergency-medical.i-think-a-bone-is-broken,emergency-medical.where-is-a-pharmacy,none
3,emergency-medical.i-think-a-bone-is-broken,emergency-medical.where-is-a-pharmacy,none
1,emergency-medical.i-think-a-bone-is-broken,emergency-medical.where-is-the-nearest-hospital,none
2,emergency-medical.i-think-a-bone-is-broken,emergency-medical.where-is-the-nearest-hospital,none
3,emergency-medical.i-think-a-bone-is-broken,emergency-medical.where-is-the-nearest-hospital,none
1,emergency-medical.i-think-a-bone-is-broken,room-problems.the-air-conditioning-is-broken,none
2,emergency-medical.i-think-a-bone-is-broken,room-problems.the-air-conditioning-is-broken,none
3,emergency-medical.i-think-a-bone-is-broken,room-problems.the-air-conditioning-is-broken,none
1,emergency-medical.is-there-a-doctor-who-speaks-english,emergency-medical.it-hurts-here,none
2,emergency-medical.is-there-a-doctor-who-speaks-english,emergency-medical.it-hurts-here,none
3,emergency-medical.is-there-a-doctor-who-speaks-english,emergency-medical.it-hurts-here,none
1,emergency-medical.is-there-a-doctor-who-speaks-english,emergency-medical.please-call-an-ambulance,none
2,emergency-medical.is-there-a-doctor-who-speaks-english,emergency-medical.please-call-an-ambulance,none
3,emergency-medical.is-there-a-doctor-who-speaks-english,emergency-medical.please-call-an-ambulance,none
1,emergency-medical.is-there-a-doctor-who-speaks-english,emergency-medical.please-call-my-emergency-contact,none
2,emergency-medical.is-there-a-doctor-who-speaks-english,emergency-medical.please-call-my-emergency-contact,none
3,emergency-medical.is-there-a-doctor-who-speaks-english,emergency-medical.please-call-my-emergency-contact,none
1,emergency-medical.is-there-a-doctor-who-speaks-english,emergency-medical.please-take-me-to-a-hospital,none
2,emergency-medical.is-there-a-doctor-who-speaks-english,emergency-medical.please-take-me-to-a-hospital,none
3,emergency-medical.is-there-a-doctor-who-speaks-english,emergency-medical.please-take-me-to-a-hospital,none
1,emergency-medical.is-there-a-doctor-who-speaks-english,emergency-medical.this-is-an-emergency,none
2,emergency-medical.is-there-a-doctor-who-speaks-english,emergency-medical.this-is-an-emergency,none
3,emergency-medical.is-there-a-doctor-who-speaks-english,emergency-medical.this-is-an-emergency,none
1,emergency-medical.is-there-a-doctor-who-speaks-english,emergency-medical.this-person-is-unconscious,none
2,emergency-medical.is-there-a-doctor-who-speaks-english,emergency-medical.this-person-is-unconscious,none
3,emergency-medical.is-there-a-doctor-who-speaks-english,emergency-medical.this-person-is-unconscious,none
1,emergency-medical.is-there-a-doctor-who-speaks-english,emergency-medical.what-is-the-emergency-number,none
2,emergency-medical.is-there-a-doctor-who-speaks-english,emergency-medical.what-is-the-emergency-number,none
3,emergency-medical.is-there-a-doctor-who-speaks-english,emergency-medical.what-is-the-emergency-number,none
1,emergency-medical.is-there-a-doctor-who-speaks-english,emergency-medical.where-is-a-pharmacy,none
2,emergency-medical.is-there-a-doctor-who-speaks-english,emergency-medical.where-is-a-pharmacy,none
3,emergency-medical.is-there-a-doctor-who-speaks-english,emergency-medical.where-is-a-pharmacy,none
1,emergency-medical.is-there-a-doctor-who-speaks-english,emergency-medical.where-is-the-nearest-hospital,none
2,emergency-medical.is-there-a-doctor-who-speaks-english,emergency-medical.where-is-the-nearest-hospital,none
3,emergency-medical.is-there-a-doctor-who-speaks-english,emergency-medical.where-is-the-nearest-hospital,none
1,emergency-medical.is-there-a-doctor-who-speaks-english,question-words.who,none
2,emergency-medical.is-there-a-doctor-who-speaks-english,question-words.who,none
3,emergency-medical.is-there-a-doctor-who-speaks-english,question-words.who,none
1,emergency-medical.it-hurts-here,emergency-medical.please-call-an-ambulance,none
2,emergency-medical.it-hurts-here,emergency-medical.please-call-an-ambulance,none
3,emergency-medical.it-hurts-here,emergency-medical.please-call-an-ambulance,none
1,emergency-medical.it-hurts-here,emergency-medical.please-call-my-emergency-contact,none
2,emergency-medical.it-hurts-here,emergency-medical.please-call-my-emergency-contact,none
3,emergency-medical.it-hurts-here,emergency-medical.please-call-my-emergency-contact,none
1,emergency-medical.it-hurts-here,emergency-medical.please-take-me-to-a-hospital,none
2,emergency-medical.it-hurts-here,emergency-medical.please-take-me-to-a-hospital,none
3,emergency-medical.it-hurts-here,emergency-medical.please-take-me-to-a-hospital,none
1,emergency-medical.it-hurts-here,emergency-medical.this-is-an-emergency,none
2,emergency-medical.it-hurts-here,emergency-medical.this-is-an-emergency,none
3,emergency-medical.it-hurts-here,emergency-medical.this-is-an-emergency,none
1,emergency-medical.it-hurts-here,emergency-medical.this-person-is-unconscious,none
2,emergency-medical.it-hurts-here,emergency-medical.this-person-is-unconscious,none
3,emergency-medical.it-hurts-here,emergency-medical.this-person-is-unconscious,none
1,emergency-medical.it-hurts-here,emergency-medical.what-is-the-emergency-number,none
2,emergency-medical.it-hurts-here,emergency-medical.what-is-the-emergency-number,none
3,emergency-medical.it-hurts-here,emergency-medical.what-is-the-emergency-number,none
1,emergency-medical.it-hurts-here,emergency-medical.where-is-a-pharmacy,none
2,emergency-medical.it-hurts-here,emergency-medical.where-is-a-pharmacy,none
3,emergency-medical.it-hurts-here,emergency-medical.where-is-a-pharmacy,none
1,emergency-medical.it-hurts-here,emergency-medical.where-is-the-nearest-hospital,none
2,emergency-medical.it-hurts-here,emergency-medical.where-is-the-nearest-hospital,none
3,emergency-medical.it-hurts-here,emergency-medical.where-is-the-nearest-hospital,none
1,emergency-medical.it-hurts-here,etiquette.may-i-sit-here,none
2,emergency-medical.it-hurts-here,etiquette.may-i-sit-here,none
3,emergency-medical.it-hurts-here,etiquette.may-i-sit-here,none
1,emergency-medical.it-hurts-here,lost-rescue.we-are-here,none
2,emergency-medical.it-hurts-here,lost-rescue.we-are-here,none
3,emergency-medical.it-hurts-here,lost-rescue.we-are-here,none
1,emergency-medical.it-hurts-here,police-consulate.it-happened-here,none
2,emergency-medical.it-hurts-here,police-consulate.it-happened-here,none
3,emergency-medical.it-hurts-here,police-consulate.it-happened-here,none
1,emergency-medical.it-hurts-here,police-consulate.may-i-have-a-copy-of-the-report,none
2,emergency-medical.it-hurts-here,police-consulate.may-i-have-a-copy-of-the-report,none
3,emergency-medical.it-hurts-here,police-consulate.may-i-have-a-copy-of-the-report,none
1,emergency-medical.it-hurts-here,question-words.here,none
2,emergency-medical.it-hurts-here,question-words.here,partial
3,emergency-medical.it-hurts-here,question-words.here,partial
1,emergency-medical.it-hurts-here,taxi.can-you-wait-for-me-here,none
2,emergency-medical.it-hurts-here,taxi.can-you-wait-for-me-here,none
3,emergency-medical.it-hurts-here,taxi.can-you-wait-for-me-here,none
1,emergency-medical.please-call-an-ambulance,emergency-medical.please-call-my-emergency-contact,none
2,emergency-medical.please-call-an-ambulance,emergency-medical.please-call-my-emergency-contact,none
3,emergency-medical.please-call-an-ambulance,emergency-medical.please-call-my-emergency-contact,none
1,emergency-medical.please-call-an-ambulance,emergency-medical.please-take-me-to-a-hospital,none
2,emergency-medical.please-call-an-ambulance,emergency-medical.please-take-me-to-a-hospital,none
3,emergency-medical.please-call-an-ambulance,emergency-medical.please-take-me-to-a-hospital,partial
1,emergency-medical.please-call-an-ambulance,emergency-medical.this-is-an-emergency,none
2,emergency-medical.please-call-an-ambulance,emergency-medical.this-is-an-emergency,none
3,emergency-medical.please-call-an-ambulance,emergency-medical.this-is-an-emergency,none
1,emergency-medical.please-call-an-ambulance,emergency-medical.this-person-is-unconscious,none
2,emergency-medical.please-call-an-ambulance,emergency-medical.this-person-is-unconscious,none
3,emergency-medical.please-call-an-ambulance,emergency-medical.this-person-is-unconscious,none
1,emergency-medical.please-call-an-ambulance,emergency-medical.what-is-the-emergency-number,none
2,emergency-medical.please-call-an-ambulance,emergency-medical.what-is-the-emergency-number,partial
3,emergency-medical.please-call-an-ambulance,emergency-medical.what-is-the-emergency-number,none
1,emergency-medical.please-call-an-ambulance,emergency-medical.where-is-a-pharmacy,none
2,emergency-medical.please-call-an-ambulance,emergency-medical.where-is-a-pharmacy,none
3,emergency-medical.please-call-an-ambulance,emergency-medical.where-is-a-pharmacy,none
1,emergency-medical.please-call-an-ambulance,emergency-medical.where-is-the-nearest-hospital,none
2,emergency-medical.please-call-an-ambulance,emergency-medical.where-is-the-nearest-hospital,partial
3,emergency-medical.please-call-an-ambulance,emergency-medical.where-is-the-nearest-hospital,none
1,emergency-medical.please-call-an-ambulance,hotel-requests.wake-up-call,none
2,emergency-medical.please-call-an-ambulance,hotel-requests.wake-up-call,none
3,emergency-medical.please-call-an-ambulance,hotel-requests.wake-up-call,none
1,emergency-medical.please-call-an-ambulance,lost-rescue.please-call-the-police,none
2,emergency-medical.please-call-an-ambulance,lost-rescue.please-call-the-police,none
3,emergency-medical.please-call-an-ambulance,lost-rescue.please-call-the-police,none
1,emergency-medical.please-call-an-ambulance,pickup-meeting.please-call-a-taxi,none
2,emergency-medical.please-call-an-ambulance,pickup-meeting.please-call-a-taxi,none
3,emergency-medical.please-call-an-ambulance,pickup-meeting.please-call-a-taxi,none
1,emergency-medical.please-call-an-ambulance,pickup-meeting.please-call-me-a-ride,none
2,emergency-medical.please-call-an-ambulance,pickup-meeting.please-call-me-a-ride,none
3,emergency-medical.please-call-an-ambulance,pickup-meeting.please-call-me-a-ride,none
1,emergency-medical.please-call-my-emergency-contact,emergency-medical.please-take-me-to-a-hospital,none
2,emergency-medical.please-call-my-emergency-contact,emergency-medical.please-take-me-to-a-hospital,none
3,emergency-medical.please-call-my-emergency-contact,emergency-medical.please-take-me-to-a-hospital,none
1,emergency-medical.please-call-my-emergency-contact,emergency-medical.this-is-an-emergency,none
2,emergency-medical.please-call-my-emergency-contact,emergency-medical.this-is-an-emergency,none
3,emergency-medical.please-call-my-emergency-contact,emergency-medical.this-is-an-emergency,none
1,emergency-medical.please-call-my-emergency-contact,emergency-medical.this-person-is-unconscious,none
2,emergency-medical.please-call-my-emergency-contact,emergency-medical.this-person-is-unconscious,none
3,emergency-medical.please-call-my-emergency-contact,emergency-medical.this-person-is-unconscious,none
1,emergency-medical.please-call-my-emergency-contact,emergency-medical.what-is-the-emergency-number,none
2,emergency-medical.please-call-my-emergency-contact,emergency-medical.what-is-the-emergency-number,none
3,emergency-medical.please-call-my-emergency-contact,emergency-medical.what-is-the-emergency-number,none
1,emergency-medical.please-call-my-emergency-contact,emergency-medical.where-is-a-pharmacy,none
2,emergency-medical.please-call-my-emergency-contact,emergency-medical.where-is-a-pharmacy,none
3,emergency-medical.please-call-my-emergency-contact,emergency-medical.where-is-a-pharmacy,none
1,emergency-medical.please-call-my-emergency-contact,emergency-medical.where-is-the-nearest-hospital,none
2,emergency-medical.please-call-my-emergency-contact,emergency-medical.where-is-the-nearest-hospital,none
3,emergency-medical.please-call-my-emergency-contact,emergency-medical.where-is-the-nearest-hospital,none
1,emergency-medical.please-call-my-emergency-contact,hotel-requests.wake-up-call,none
2,emergency-medical.please-call-my-emergency-contact,hotel-requests.wake-up-call,none
3,emergency-medical.please-call-my-emergency-contact,hotel-requests.wake-up-call,none
1,emergency-medical.please-call-my-emergency-contact,lost-rescue.please-call-the-police,none
2,emergency-medical.please-call-my-emergency-contact,lost-rescue.please-call-the-police,none
3,emergency-medical.please-call-my-emergency-contact,lost-rescue.please-call-the-police,none
1,emergency-medical.please-call-my-emergency-contact,lost-rescue.please-contact-rescue,none
2,emergency-medical.please-call-my-emergency-contact,lost-rescue.please-contact-rescue,none
3,emergency-medical.please-call-my-emergency-contact,lost-rescue.please-contact-rescue,none
1,emergency-medical.please-call-my-emergency-contact,pickup-meeting.please-call-a-taxi,none
2,emergency-medical.please-call-my-emergency-contact,pickup-meeting.please-call-a-taxi,none
3,emergency-medical.please-call-my-emergency-contact,pickup-meeting.please-call-a-taxi,none
1,emergency-medical.please-call-my-emergency-contact,pickup-meeting.please-call-me-a-ride,none
2,emergency-medical.please-call-my-emergency-contact,pickup-meeting.please-call-me-a-ride,none
3,emergency-medical.please-call-my-emergency-contact,pickup-meeting.please-call-me-a-ride,none
1,emergency-medical.please-call-my-emergency-contact,police-consulate.i-want-to-contact-my-embassy,none
2,emergency-medical.please-call-my-emergency-contact,police-consulate.i-want-to-contact-my-embassy,none
3,emergency-medical.please-call-my-emergency-contact,police-consulate.i-want-to-contact-my-embassy,none
1,emergency-medical.please-call-my-emergency-contact,quick-directions.behind,none
2,emergency-medical.please-call-my-emergency-contact,quick-directions.behind,none
3,emergency-medical.please-call-my-emergency-contact,quick-directions.behind,none
1,emergency-medical.please-take-me-to-a-hospital,emergency-medical.this-is-an-emergency,none
2,emergency-medical.please-take-me-to-a-hospital,emergency-medical.this-is-an-emergency,none
3,emergency-medical.please-take-me-to-a-hospital,emergency-medical.this-is-an-emergency,none
1,emergency-medical.please-take-me-to-a-hospital,emergency-medical.this-person-is-unconscious,none
2,emergency-medical.please-take-me-to-a-hospital,emergency-medical.this-person-is-unconscious,none
3,emergency-medical.please-take-me-to-a-hospital,emergency-medical.this-person-is-unconscious,none
1,emergency-medical.please-take-me-to-a-hospital,emergency-medical.what-is-the-emergency-number,none
2,emergency-medical.please-take-me-to-a-hospital,emergency-medical.what-is-the-emergency-number,none
3,emergency-medical.please-take-me-to-a-hospital,emergency-medical.what-is-the-emergency-number,none
1,emergency-medical.please-take-me-to-a-hospital,emergency-medical.where-is-a-pharmacy,none
2,emergency-medical.please-take-me-to-a-hospital,emergency-medical.where-is-a-pharmacy,none
3,emergency-medical.please-take-me-to-a-hospital,emergency-medical.where-is-a-pharmacy,none
1,emergency-medical.please-take-me-to-a-hospital,emergency-medical.where-is-the-nearest-hospital,none
2,emergency-medical.please-take-me-to-a-hospital,emergency-medical.where-is-the-nearest-hospital,partial
3,emergency-medical.please-take-me-to-a-hospital,emergency-medical.where-is-the-nearest-hospital,partial
1,emergency-medical.please-take-me-to-a-hospital,lost-rescue.i-lost-my-wallet,none
2,emergency-medical.please-take-me-to-a-hospital,lost-rescue.i-lost-my-wallet,none
3,emergency-medical.please-take-me-to-a-hospital,lost-rescue.i-lost-my-wallet,none
1,emergency-medical.please-take-me-to-a-hospital,shopping.i-will-take-this,none
2,emergency-medical.please-take-me-to-a-hospital,shopping.i-will-take-this,none
3,emergency-medical.please-take-me-to-a-hospital,shopping.i-will-take-this,none
1,emergency-medical.please-take-me-to-a-hospital,taxi.please-take-me-here,none
2,emergency-medical.please-take-me-to-a-hospital,taxi.please-take-me-here,partial
3,emergency-medical.please-take-me-to-a-hospital,taxi.please-take-me-here,none
1,emergency-medical.this-is-an-emergency,emergency-medical.this-person-is-unconscious,none
2,emergency-medical.this-is-an-emergency,emergency-medical.this-person-is-unconscious,none
3,emergency-medical.this-is-an-emergency,emergency-medical.this-person-is-unconscious,none
1,emergency-medical.this-is-an-emergency,emergency-medical.what-is-the-emergency-number,none
2,emergency-medical.this-is-an-emergency,emergency-medical.what-is-the-emergency-number,none
3,emergency-medical.this-is-an-emergency,emergency-medical.what-is-the-emergency-number,none
1,emergency-medical.this-is-an-emergency,emergency-medical.where-is-a-pharmacy,none
2,emergency-medical.this-is-an-emergency,emergency-medical.where-is-a-pharmacy,none
3,emergency-medical.this-is-an-emergency,emergency-medical.where-is-a-pharmacy,none
1,emergency-medical.this-is-an-emergency,emergency-medical.where-is-the-nearest-hospital,none
2,emergency-medical.this-is-an-emergency,emergency-medical.where-is-the-nearest-hospital,none
3,emergency-medical.this-is-an-emergency,emergency-medical.where-is-the-nearest-hospital,none
1,emergency-medical.this-person-is-unconscious,emergency-medical.what-is-the-emergency-number,none
2,emergency-medical.this-person-is-unconscious,emergency-medical.what-is-the-emergency-number,none
3,emergency-medical.this-person-is-unconscious,emergency-medical.what-is-the-emergency-number,none
1,emergency-medical.this-person-is-unconscious,emergency-medical.where-is-a-pharmacy,none
2,emergency-medical.this-person-is-unconscious,emergency-medical.where-is-a-pharmacy,none
3,emergency-medical.this-person-is-unconscious,emergency-medical.where-is-a-pharmacy,none
1,emergency-medical.this-person-is-unconscious,emergency-medical.where-is-the-nearest-hospital,none
2,emergency-medical.this-person-is-unconscious,emergency-medical.where-is-the-nearest-hospital,none
3,emergency-medical.this-person-is-unconscious,emergency-medical.where-is-the-nearest-hospital,none
1,emergency-medical.this-person-is-unconscious,profanity.japanese-register,none
2,emergency-medical.this-person-is-unconscious,profanity.japanese-register,none
3,emergency-medical.this-person-is-unconscious,profanity.japanese-register,none
1,emergency-medical.what-is-the-emergency-number,emergency-medical.where-is-a-pharmacy,none
2,emergency-medical.what-is-the-emergency-number,emergency-medical.where-is-a-pharmacy,none
3,emergency-medical.what-is-the-emergency-number,emergency-medical.where-is-a-pharmacy,none
1,emergency-medical.what-is-the-emergency-number,emergency-medical.where-is-the-nearest-hospital,none
2,emergency-medical.what-is-the-emergency-number,emergency-medical.where-is-the-nearest-hospital,none
3,emergency-medical.what-is-the-emergency-number,emergency-medical.where-is-the-nearest-hospital,none
1,emergency-medical.what-is-the-emergency-number,question-words.what,none
2,emergency-medical.what-is-the-emergency-number,question-words.what,partial
3,emergency-medical.what-is-the-emergency-number,question-words.what,partial
1,emergency-medical.what-is-the-emergency-number,shopping.what-is-this,none
2,emergency-medical.what-is-the-emergency-number,shopping.what-is-this,none
3,emergency-medical.what-is-the-emergency-number,shopping.what-is-this,none
1,emergency-medical.what-is-the-emergency-number,toilets.do-i-need-a-coin,none
2,emergency-medical.what-is-the-emergency-number,toilets.do-i-need-a-coin,none
3,emergency-medical.what-is-the-emergency-number,toilets.do-i-need-a-coin,none
1,emergency-medical.where-is-a-pharmacy,emergency-medical.where-is-the-nearest-hospital,none
2,emergency-medical.where-is-a-pharmacy,emergency-medical.where-is-the-nearest-hospital,none
3,emergency-medical.where-is-a-pharmacy,emergency-medical.where-is-the-nearest-hospital,none
1,emergency-medical.where-is-a-pharmacy,hiking-parks.where-is-the-trailhead,none
2,emergency-medical.where-is-a-pharmacy,hiking-parks.where-is-the-trailhead,none
3,emergency-medical.where-is-a-pharmacy,hiking-parks.where-is-the-trailhead,none
1,emergency-medical.where-is-a-pharmacy,introductions.where-are-you-from,none
2,emergency-medical.where-is-a-pharmacy,introductions.where-are-you-from,none
3,emergency-medical.where-is-a-pharmacy,introductions.where-are-you-from,none
1,emergency-medical.where-is-a-pharmacy,laundry.where-is-a-laundromat,none
2,emergency-medical.where-is-a-pharmacy,laundry.where-is-a-laundromat,none
3,emergency-medical.where-is-a-pharmacy,laundry.where-is-a-laundromat,none
1,emergency-medical.where-is-a-pharmacy,pharmacy-symptoms.where-is-an-all-night-pharmacy,partial
2,emergency-medical.where-is-a-pharmacy,pharmacy-symptoms.where-is-an-all-night-pharmacy,partial
3,emergency-medical.where-is-a-pharmacy,pharmacy-symptoms.where-is-an-all-night-pharmacy,partial
1,emergency-medical.where-is-a-pharmacy,pharmacy-symptoms.which-pharmacy-is-open-now,partial
2,emergency-medical.where-is-a-pharmacy,pharmacy-symptoms.which-pharmacy-is-open-now,partial
3,emergency-medical.where-is-a-pharmacy,pharmacy-symptoms.which-pharmacy-is-open-now,partial
1,emergency-medical.where-is-a-pharmacy,question-words.where,none
2,emergency-medical.where-is-a-pharmacy,question-words.where,partial
3,emergency-medical.where-is-a-pharmacy,question-words.where,partial
1,emergency-medical.where-is-a-pharmacy,shopping.where-can-i-buy,none
2,emergency-medical.where-is-a-pharmacy,shopping.where-can-i-buy,none
3,emergency-medical.where-is-a-pharmacy,shopping.where-can-i-buy,none
1,emergency-medical.where-is-a-pharmacy,shopping.where-do-i-pay,none
2,emergency-medical.where-is-a-pharmacy,shopping.where-do-i-pay,none
3,emergency-medical.where-is-a-pharmacy,shopping.where-do-i-pay,none
1,emergency-medical.where-is-a-pharmacy,toilets.where-toilet,none
2,emergency-medical.where-is-a-pharmacy,toilets.where-toilet,none
3,emergency-medical.where-is-a-pharmacy,toilets.where-toilet,none
1,emergency-medical.where-is-the-nearest-hospital,question-words.where,none
2,emergency-medical.where-is-the-nearest-hospital,question-words.where,partial
3,emergency-medical.where-is-the-nearest-hospital,question-words.where,partial
1,etiquette.did-not-mean-to-offend,toilets.is-it-only-for-customers,none
2,etiquette.did-not-mean-to-offend,toilets.is-it-only-for-customers,none
3,etiquette.did-not-mean-to-offend,toilets.is-it-only-for-customers,none
1,etiquette.is-service-included,trail-warnings.open,none
2,etiquette.is-service-included,trail-warnings.open,none
3,etiquette.is-service-included,trail-warnings.open,none
1,etiquette.what-is-customary,sim-data.please-activate-it,none
2,etiquette.what-is-customary,sim-data.please-activate-it,none
3,etiquette.what-is-customary,sim-data.please-activate-it,none
1,food-ordering.do-you-have-drinking-water,toilets.drinking-water,partial
2,food-ordering.do-you-have-drinking-water,toilets.drinking-water,partial
3,food-ordering.do-you-have-drinking-water,toilets.drinking-water,partial
1,food-ordering.do-you-have-drinking-water,toilets.not-for-drinking,none
2,food-ordering.do-you-have-drinking-water,toilets.not-for-drinking,none
3,food-ordering.do-you-have-drinking-water,toilets.not-for-drinking,none
1,food-ordering.table-for-two,sim-data.where-can-i-buy-a-plug-adapter,none
2,food-ordering.table-for-two,sim-data.where-can-i-buy-a-plug-adapter,none
3,food-ordering.table-for-two,sim-data.where-can-i-buy-a-plug-adapter,none
1,food-ordering.to-go-please,hotel-basics.can-i-charge-my-phone,none
2,food-ordering.to-go-please,hotel-basics.can-i-charge-my-phone,none
3,food-ordering.to-go-please,hotel-basics.can-i-charge-my-phone,none
1,food-ordering.water-please,toilets.drinking-water,none
2,food-ordering.water-please,toilets.drinking-water,partial
3,food-ordering.water-please,toilets.drinking-water,partial
1,hiking-parks.where-is-the-trailhead,toilets.where-toilet,none
2,hiking-parks.where-is-the-trailhead,toilets.where-toilet,none
3,hiking-parks.where-is-the-trailhead,toilets.where-toilet,none
1,hotel-basics.for-nights,transit-rides.where-do-i-pay-the-fare,none
2,hotel-basics.for-nights,transit-rides.where-do-i-pay-the-fare,none
3,hotel-basics.for-nights,transit-rides.where-do-i-pay-the-fare,none
1,hotel-basics.is-wi-fi-free,toilets.is-it-free,none
2,hotel-basics.is-wi-fi-free,toilets.is-it-free,none
3,hotel-basics.is-wi-fi-free,toilets.is-it-free,none
1,hotel-requests.can-i-store-my-luggage,room-problems.there-is-a-problem-with-the-room,none
2,hotel-requests.can-i-store-my-luggage,room-problems.there-is-a-problem-with-the-room,none
3,hotel-requests.can-i-store-my-luggage,room-problems.there-is-a-problem-with-the-room,none
1,hotel-words.check-out,toilets.it-is-out-of-order,none
2,hotel-words.check-out,toilets.it-is-out-of-order,none
3,hotel-words.check-out,toilets.it-is-out-of-order,none
1,hotel-words.check-out,toilets.out-of-order,none
2,hotel-words.check-out,toilets.out-of-order,none
3,hotel-words.check-out,toilets.out-of-order,none
1,hotel-words.room-key-card,toilets.may-i-have-the-toilet-key,none
2,hotel-words.room-key-card,toilets.may-i-have-the-toilet-key,none
3,hotel-words.room-key-card,toilets.may-i-have-the-toilet-key,none
1,introductions.nice-to-meet-you,pronouns-verbs.have,none
2,introductions.nice-to-meet-you,pronouns-verbs.have,none
3,introductions.nice-to-meet-you,pronouns-verbs.have,none
1,introductions.this-is-my-friend,toilets.baby-change,none
2,introductions.this-is-my-friend,toilets.baby-change,none
3,introductions.this-is-my-friend,toilets.baby-change,none
1,introductions.where-are-you-from,toilets.where-toilet,none
2,introductions.where-are-you-from,toilets.where-toilet,none
3,introductions.where-are-you-from,toilets.where-toilet,none
1,laundry.coin-operated,toilets.do-i-need-a-coin,none
2,laundry.coin-operated,toilets.do-i-need-a-coin,none
3,laundry.coin-operated,toilets.do-i-need-a-coin,none
1,laundry.coin-operated,trail-warnings.steep-slope,none
2,laundry.coin-operated,trail-warnings.steep-slope,none
3,laundry.coin-operated,trail-warnings.steep-slope,none
1,laundry.detergent,slang.no-worries,none
2,laundry.detergent,slang.no-worries,none
3,laundry.detergent,slang.no-worries,none
1,laundry.please-wash-these-clothes,toilets.where-can-i-wash-my-hands,none
2,laundry.please-wash-these-clothes,toilets.where-can-i-wash-my-hands,none
3,laundry.please-wash-these-clothes,toilets.where-can-i-wash-my-hands,none
1,laundry.where-is-a-laundromat,toilets.where-toilet,none
2,laundry.where-is-a-laundromat,toilets.where-toilet,none
3,laundry.where-is-a-laundromat,toilets.where-toilet,none
1,lost-rescue.i-left-it-on-the-train,profanity.intensifier,none
2,lost-rescue.i-left-it-on-the-train,profanity.intensifier,none
3,lost-rescue.i-left-it-on-the-train,profanity.intensifier,none
1,lost-rescue.i-lost-my-passport,trail-landmarks.fork-junction,none
2,lost-rescue.i-lost-my-passport,trail-landmarks.fork-junction,none
3,lost-rescue.i-lost-my-passport,trail-landmarks.fork-junction,none
1,lost-rescue.i-lost-my-phone,room-problems.please-send-someone,none
2,lost-rescue.i-lost-my-phone,room-problems.please-send-someone,none
3,lost-rescue.i-lost-my-phone,room-problems.please-send-someone,none
1,lost-rescue.please-contact-rescue,pharmacy-symptoms.i-have-a-rash,none
2,lost-rescue.please-contact-rescue,pharmacy-symptoms.i-have-a-rash,none
3,lost-rescue.please-contact-rescue,pharmacy-symptoms.i-have-a-rash,none
1,medical-conditions.do-not-give-me,pronouns-verbs.need,none
2,medical-conditions.do-not-give-me,pronouns-verbs.need,none
3,medical-conditions.do-not-give-me,pronouns-verbs.need,none
1,medical-conditions.i-am-allergic-to-sulfa-drugs,numbers-money.ku-i,none
2,medical-conditions.i-am-allergic-to-sulfa-drugs,numbers-money.ku-i,none
3,medical-conditions.i-am-allergic-to-sulfa-drugs,numbers-money.ku-i,none
1,medical-conditions.i-have-asthma,transit-rides.does-this-bus-train-go-to,none
2,medical-conditions.i-have-asthma,transit-rides.does-this-bus-train-go-to,none
3,medical-conditions.i-have-asthma,transit-rides.does-this-bus-train-go-to,none
1,months.april,pronouns-verbs.there-is-have,none
2,months.april,pronouns-verbs.there-is-have,none
3,months.april,pronouns-verbs.there-is-have,none
1,numbers-money.franc-symbol,trail-landmarks.water-point,none
2,numbers-money.franc-symbol,trail-landmarks.water-point,none
3,numbers-money.franc-symbol,trail-landmarks.water-point,none
1,numbers-money.kip,phone-translation.one-sentence-at-a-time-please,none
2,numbers-money.kip,phone-translation.one-sentence-at-a-time-please,none
3,numbers-money.kip,phone-translation.one-sentence-at-a-time-please,none
1,numbers-money.krona,quick-directions.on-the-right,none
2,numbers-money.krona,quick-directions.on-the-right,none
3,numbers-money.krona,quick-directions.on-the-right,none
1,numbers-money.peso-symbol,pharmacy-symptoms.it-started-days-ago,none
2,numbers-money.peso-symbol,pharmacy-symptoms.it-started-days-ago,none
3,numbers-money.peso-symbol,pharmacy-symptoms.it-started-days-ago,none
1,numbers-money.peso-symbol,sim-data.signal,none
2,numbers-money.peso-symbol,sim-data.signal,none
3,numbers-money.peso-symbol,sim-data.signal,none
1,numbers-money.riel-symbol,trail-warnings.beware-falling-rocks,none
2,numbers-money.riel-symbol,trail-warnings.beware-falling-rocks,none
3,numbers-money.riel-symbol,trail-warnings.beware-falling-rocks,none
1,numbers-money.ruble,toilets.it-is-out-of-order,none
2,numbers-money.ruble,toilets.it-is-out-of-order,none
3,numbers-money.ruble,toilets.it-is-out-of-order,none
1,numbers-money.y-b-i,utility-templates.please-do-not-add,none
2,numbers-money.y-b-i,utility-templates.please-do-not-add,none
3,numbers-money.y-b-i,utility-templates.please-do-not-add,none
1,numbers-money.zloty-symbol,sim-data.i-would-like-a-tourist-sim,none
2,numbers-money.zloty-symbol,sim-data.i-would-like-a-tourist-sim,none
3,numbers-money.zloty-symbol,sim-data.i-would-like-a-tourist-sim,none
1,pharmacy-symptoms.antacid,pronouns-verbs.she-her,none
2,pharmacy-symptoms.antacid,pronouns-verbs.she-her,none
3,pharmacy-symptoms.antacid,pronouns-verbs.she-her,none
1,pharmacy-symptoms.antihistamine,quick-directions.go-straight,none
2,pharmacy-symptoms.antihistamine,quick-directions.go-straight,none
3,pharmacy-symptoms.antihistamine,quick-directions.go-straight,none
1,pharmacy-symptoms.how-many-times-a-day,phone-translation.please-speak-toward-the-phone,none
2,pharmacy-symptoms.how-many-times-a-day,phone-translation.please-speak-toward-the-phone,none
3,pharmacy-symptoms.how-many-times-a-day,phone-translation.please-speak-toward-the-phone,none
1,pharmacy-symptoms.is-this-safe-during-pregnancy,slang.no-worries,none
2,pharmacy-symptoms.is-this-safe-during-pregnancy,slang.no-worries,none
3,pharmacy-symptoms.is-this-safe-during-pregnancy,slang.no-worries,none
1,pharmacy-symptoms.is-this-safe-to-take-with,police-consulate.no-thank-you-i-am-not-interested,none
2,pharmacy-symptoms.is-this-safe-to-take-with,police-consulate.no-thank-you-i-am-not-interested,none
3,pharmacy-symptoms.is-this-safe-to-take-with,police-consulate.no-thank-you-i-am-not-interested,none
1,pickup-meeting.please-call-a-taxi,trail-words.shuttle-bus,none
2,pickup-meeting.please-call-a-taxi,trail-words.shuttle-bus,none
3,pickup-meeting.please-call-a-taxi,trail-words.shuttle-bus,none
1,police-consulate.am-i-free-to-go,toilets.is-it-free,none
2,police-consulate.am-i-free-to-go,toilets.is-it-free,none
3,police-consulate.am-i-free-to-go,toilets.is-it-free,none
1,profanity.expletive,toilets.womens-toilet,none
2,profanity.expletive,toilets.womens-toilet,none
3,profanity.expletive,toilets.womens-toilet,none
1,pronouns-verbs.looking-for-thing,rail-station-words.delayed,none
2,pronouns-verbs.looking-for-thing,rail-station-words.delayed,none
3,pronouns-verbs.looking-for-thing,rail-station-words.delayed,none
1,pronouns-verbs.looking-for-thing,transit-rides.do-i-need-to-validate,none
2,pronouns-verbs.looking-for-thing,transit-rides.do-i-need-to-validate,none
3,pronouns-verbs.looking-for-thing,transit-rides.do-i-need-to-validate,none
1,pronouns-verbs.there-is-not-do-not-have,shopping.what-is-this,none
2,pronouns-verbs.there-is-not-do-not-have,shopping.what-is-this,none
3,pronouns-verbs.there-is-not-do-not-have,shopping.what-is-this,none
1,question-words.all-both,trail-transport.what-time-is-the-last-shuttle,none
2,question-words.all-both,trail-transport.what-time-is-the-last-shuttle,none
3,question-words.all-both,trail-transport.what-time-is-the-last-shuttle,none
1,question-words.how,rail-station-words.maglev,none
2,question-words.how,rail-station-words.maglev,none
3,question-words.how,rail-station-words.maglev,none
1,question-words.how-much-what-price,shopping.that-is-too-expensive,none
2,question-words.how-much-what-price,shopping.that-is-too-expensive,none
3,question-words.how-much-what-price,shopping.that-is-too-expensive,none
1,question-words.where,toilets.where-can-i-wash-my-hands,none
2,question-words.where,toilets.where-can-i-wash-my-hands,partial
3,question-words.where,toilets.where-can-i-wash-my-hands,partial
1,question-words.where,toilets.where-public-toilet,none
2,question-words.where,toilets.where-public-toilet,partial
3,question-words.where,toilets.where-public-toilet,partial
1,question-words.where,toilets.where-toilet,none
2,question-words.where,toilets.where-toilet,partial
3,question-words.where,toilets.where-toilet,partial
1,rail-station-words.last-train,sim-data.i-would-like-a-tourist-sim,none
2,rail-station-words.last-train,sim-data.i-would-like-a-tourist-sim,none
3,rail-station-words.last-train,sim-data.i-would-like-a-tourist-sim,none
1,rail-station-words.ticket-gate,trail-transport.is-there-cell-signal-here,none
2,rail-station-words.ticket-gate,trail-transport.is-there-cell-signal-here,none
3,rail-station-words.ticket-gate,trail-transport.is-there-cell-signal-here,none
1,room-problems.can-i-change-rooms,toilets.baby-change,none
2,room-problems.can-i-change-rooms,toilets.baby-change,none
3,room-problems.can-i-change-rooms,toilets.baby-change,none
1,room-problems.the-key-does-not-work,toilets.may-i-have-the-toilet-key,none
2,room-problems.the-key-does-not-work,toilets.may-i-have-the-toilet-key,none
3,room-problems.the-key-does-not-work,toilets.may-i-have-the-toilet-key,none
1,room-problems.the-toilet-will-not-flush,toilets.accessible-toilet,none
2,room-problems.the-toilet-will-not-flush,toilets.accessible-toilet,none
3,room-problems.the-toilet-will-not-flush,toilets.accessible-toilet,none
1,room-problems.the-toilet-will-not-flush,toilets.can-i-flush-the-paper,none
2,room-problems.the-toilet-will-not-flush,toilets.can-i-flush-the-paper,none
3,room-problems.the-toilet-will-not-flush,toilets.can-i-flush-the-paper,none
1,room-problems.the-toilet-will-not-flush,toilets.is-there-a-toilet-on-board,none
2,room-problems.the-toilet-will-not-flush,toilets.is-there-a-toilet-on-board,none
3,room-problems.the-toilet-will-not-flush,toilets.is-there-a-toilet-on-board,none
1,room-problems.the-toilet-will-not-flush,toilets.may-i-have-the-toilet-key,none
2,room-problems.the-toilet-will-not-flush,toilets.may-i-have-the-toilet-key,none
3,room-problems.the-toilet-will-not-flush,toilets.may-i-have-the-toilet-key,none
1,room-problems.the-toilet-will-not-flush,toilets.may-i-use-the-toilet,none
2,room-problems.the-toilet-will-not-flush,toilets.may-i-use-the-toilet,none
3,room-problems.the-toilet-will-not-flush,toilets.may-i-use-the-toilet,none
1,room-problems.the-toilet-will-not-flush,toilets.squat-toilet,none
2,room-problems.the-toilet-will-not-flush,toilets.squat-toilet,none
3,room-problems.the-toilet-will-not-flush,toilets.squat-toilet,none
1,room-problems.the-toilet-will-not-flush,toilets.the-toilet-will-not-flush,duplicate
2,room-problems.the-toilet-will-not-flush,toilets.the-toilet-will-not-flush,duplicate
3,room-problems.the-toilet-will-not-flush,toilets.the-toilet-will-not-flush,duplicate
1,room-problems.the-toilet-will-not-flush,toilets.there-is-no-toilet-paper,none
2,room-problems.the-toilet-will-not-flush,toilets.there-is-no-toilet-paper,none
3,room-problems.the-toilet-will-not-flush,toilets.there-is-no-toilet-paper,none
1,room-problems.the-toilet-will-not-flush,toilets.toilet-paper,none
2,room-problems.the-toilet-will-not-flush,toilets.toilet-paper,none
3,room-problems.the-toilet-will-not-flush,toilets.toilet-paper,none
1,room-problems.the-toilet-will-not-flush,toilets.toilet-wc,partial
2,room-problems.the-toilet-will-not-flush,toilets.toilet-wc,none
3,room-problems.the-toilet-will-not-flush,toilets.toilet-wc,none
1,room-problems.the-toilet-will-not-flush,toilets.where-toilet,none
2,room-problems.the-toilet-will-not-flush,toilets.where-toilet,none
3,room-problems.the-toilet-will-not-flush,toilets.where-toilet,none
1,room-problems.there-is-no-hot-water,toilets.drinking-water,none
2,room-problems.there-is-no-hot-water,toilets.drinking-water,none
3,room-problems.there-is-no-hot-water,toilets.drinking-water,none
1,shopping.where-can-i-buy,toilets.where-toilet,none
2,shopping.where-can-i-buy,toilets.where-toilet,none
3,shopping.where-can-i-buy,toilets.where-toilet,none
1,shopping.where-do-i-pay,toilets.where-toilet,none
2,shopping.where-do-i-pay,toilets.where-toilet,none
3,shopping.where-do-i-pay,toilets.where-toilet,none
1,sim-data.how-long-is-it-valid,time-words.next-week,none
2,sim-data.how-long-is-it-valid,time-words.next-week,none
3,sim-data.how-long-is-it-valid,time-words.next-week,none
1,slang.youre-welcome,transit-rides.i-went-past-my-stop,none
2,slang.youre-welcome,transit-rides.i-went-past-my-stop,none
3,slang.youre-welcome,transit-rides.i-went-past-my-stop,none
1,toilets.accessible-toilet,toilets.baby-change,none
2,toilets.accessible-toilet,toilets.baby-change,none
3,toilets.accessible-toilet,toilets.baby-change,none
1,toilets.accessible-toilet,toilets.can-i-flush-the-paper,none
2,toilets.accessible-toilet,toilets.can-i-flush-the-paper,none
3,toilets.accessible-toilet,toilets.can-i-flush-the-paper,none
1,toilets.accessible-toilet,toilets.do-i-need-a-coin,none
2,toilets.accessible-toilet,toilets.do-i-need-a-coin,none
3,toilets.accessible-toilet,toilets.do-i-need-a-coin,none
1,toilets.accessible-toilet,toilets.drinking-water,none
2,toilets.accessible-toilet,toilets.drinking-water,none
3,toilets.accessible-toilet,toilets.drinking-water,none
1,toilets.accessible-toilet,toilets.is-it-free,none
2,toilets.accessible-toilet,toilets.is-it-free,none
3,toilets.accessible-toilet,toilets.is-it-free,none
1,toilets.accessible-toilet,toilets.is-it-only-for-customers,none
2,toilets.accessible-toilet,toilets.is-it-only-for-customers,none
3,toilets.accessible-toilet,toilets.is-it-only-for-customers,none
1,toilets.accessible-toilet,toilets.is-the-tap-water-safe-to-drink,none
2,toilets.accessible-toilet,toilets.is-the-tap-water-safe-to-drink,none
3,toilets.accessible-toilet,toilets.is-the-tap-water-safe-to-drink,none
1,toilets.accessible-toilet,toilets.is-there-a-toilet-on-board,none
2,toilets.accessible-toilet,toilets.is-there-a-toilet-on-board,none
3,toilets.accessible-toilet,toilets.is-there-a-toilet-on-board,none
1,toilets.accessible-toilet,toilets.it-is-out-of-order,none
2,toilets.accessible-toilet,toilets.it-is-out-of-order,none
3,toilets.accessible-toilet,toilets.it-is-out-of-order,none
1,toilets.accessible-toilet,toilets.it-is-urgent,none
2,toilets.accessible-toilet,toilets.it-is-urgent,none
3,toilets.accessible-toilet,toilets.it-is-urgent,none
1,toilets.accessible-toilet,toilets.may-i-have-the-toilet-key,none
2,toilets.accessible-toilet,toilets.may-i-have-the-toilet-key,none
3,toilets.accessible-toilet,toilets.may-i-have-the-toilet-key,none
1,toilets.accessible-toilet,toilets.may-i-use-the-toilet,none
2,toilets.accessible-toilet,toilets.may-i-use-the-toilet,none
3,toilets.accessible-toilet,toilets.may-i-use-the-toilet,none
1,toilets.accessible-toilet,toilets.mens-toilet,none
2,toilets.accessible-toilet,toilets.mens-toilet,none
3,toilets.accessible-toilet,toilets.mens-toilet,none
1,toilets.accessible-toilet,toilets.not-for-drinking,none
2,toilets.accessible-toilet,toilets.not-for-drinking,none
3,toilets.accessible-toilet,toilets.not-for-drinking,none
1,toilets.accessible-toilet,toilets.out-of-order,none
2,toilets.accessible-toilet,toilets.out-of-order,none
3,toilets.accessible-toilet,toilets.out-of-order,none
1,toilets.accessible-toilet,toilets.squat-toilet,none
2,toilets.accessible-toilet,toilets.squat-toilet,none
3,toilets.accessible-toilet,toilets.squat-toilet,none
1,toilets.accessible-toilet,toilets.the-toilet-will-not-flush,none
2,toilets.accessible-toilet,toilets.the-toilet-will-not-flush,none
3,toilets.accessible-toilet,toilets.the-toilet-will-not-flush,none
1,toilets.accessible-toilet,toilets.there-is-no-toilet-paper,none
2,toilets.accessible-toilet,toilets.there-is-no-toilet-paper,none
3,toilets.accessible-toilet,toilets.there-is-no-toilet-paper,none
1,toilets.accessible-toilet,toilets.toilet-paper,none
2,toilets.accessible-toilet,toilets.toilet-paper,none
3,toilets.accessible-toilet,toilets.toilet-paper,none
1,toilets.accessible-toilet,toilets.toilet-wc,none
2,toilets.accessible-toilet,toilets.toilet-wc,none
3,toilets.accessible-toilet,toilets.toilet-wc,none
1,toilets.accessible-toilet,toilets.where-can-i-wash-my-hands,none
2,toilets.accessible-toilet,toilets.where-can-i-wash-my-hands,none
3,toilets.accessible-toilet,toilets.where-can-i-wash-my-hands,none
1,toilets.accessible-toilet,toilets.where-public-toilet,none
2,toilets.accessible-toilet,toilets.where-public-toilet,none
3,toilets.accessible-toilet,toilets.where-public-toilet,none
1,toilets.accessible-toilet,toilets.where-toilet,none
2,toilets.accessible-toilet,toilets.where-toilet,none
3,toilets.accessible-toilet,toilets.where-toilet,none
1,toilets.accessible-toilet,toilets.womens-toilet,none
2,toilets.accessible-toilet,toilets.womens-toilet,none
3,toilets.accessible-toilet,toilets.womens-toilet,none
1,toilets.baby-change,toilets.can-i-flush-the-paper,none
2,toilets.baby-change,toilets.can-i-flush-the-paper,none
3,toilets.baby-change,toilets.can-i-flush-the-paper,none
1,toilets.baby-change,toilets.do-i-need-a-coin,none
2,toilets.baby-change,toilets.do-i-need-a-coin,none
3,toilets.baby-change,toilets.do-i-need-a-coin,none
1,toilets.baby-change,toilets.drinking-water,none
2,toilets.baby-change,toilets.drinking-water,none
3,toilets.baby-change,toilets.drinking-water,none
1,toilets.baby-change,toilets.is-it-free,none
2,toilets.baby-change,toilets.is-it-free,none
3,toilets.baby-change,toilets.is-it-free,none
1,toilets.baby-change,toilets.is-it-only-for-customers,none
2,toilets.baby-change,toilets.is-it-only-for-customers,none
3,toilets.baby-change,toilets.is-it-only-for-customers,none
1,toilets.baby-change,toilets.is-the-tap-water-safe-to-drink,none
2,toilets.baby-change,toilets.is-the-tap-water-safe-to-drink,none
3,toilets.baby-change,toilets.is-the-tap-water-safe-to-drink,none
1,toilets.baby-change,toilets.is-there-a-toilet-on-board,none
2,toilets.baby-change,toilets.is-there-a-toilet-on-board,none
3,toilets.baby-change,toilets.is-there-a-toilet-on-board,none
1,toilets.baby-change,toilets.it-is-out-of-order,none
2,toilets.baby-change,toilets.it-is-out-of-order,none
3,toilets.baby-change,toilets.it-is-out-of-order,none
1,toilets.baby-change,toilets.it-is-urgent,none
2,toilets.baby-change,toilets.it-is-urgent,none
3,toilets.baby-change,toilets.it-is-urgent,none
1,toilets.baby-change,toilets.may-i-have-the-toilet-key,none
2,toilets.baby-change,toilets.may-i-have-the-toilet-key,none
3,toilets.baby-change,toilets.may-i-have-the-toilet-key,none
1,toilets.baby-change,toilets.may-i-use-the-toilet,none
2,toilets.baby-change,toilets.may-i-use-the-toilet,none
3,toilets.baby-change,toilets.may-i-use-the-toilet,none
1,toilets.baby-change,toilets.mens-toilet,none
2,toilets.baby-change,toilets.mens-toilet,none
3,toilets.baby-change,toilets.mens-toilet,none
1,toilets.baby-change,toilets.not-for-drinking,none
2,toilets.baby-change,toilets.not-for-drinking,none
3,toilets.baby-change,toilets.not-for-drinking,none
1,toilets.baby-change,toilets.out-of-order,none
2,toilets.baby-change,toilets.out-of-order,none
3,toilets.baby-change,toilets.out-of-order,none
1,toilets.baby-change,toilets.squat-toilet,none
2,toilets.baby-change,toilets.squat-toilet,none
3,toilets.baby-change,toilets.squat-toilet,none
1,toilets.baby-change,toilets.the-toilet-will-not-flush,none
2,toilets.baby-change,toilets.the-toilet-will-not-flush,none
3,toilets.baby-change,toilets.the-toilet-will-not-flush,none
1,toilets.baby-change,toilets.there-is-no-toilet-paper,none
2,toilets.baby-change,toilets.there-is-no-toilet-paper,none
3,toilets.baby-change,toilets.there-is-no-toilet-paper,none
1,toilets.baby-change,toilets.toilet-paper,none
2,toilets.baby-change,toilets.toilet-paper,none
3,toilets.baby-change,toilets.toilet-paper,none
1,toilets.baby-change,toilets.toilet-wc,none
2,toilets.baby-change,toilets.toilet-wc,none
3,toilets.baby-change,toilets.toilet-wc,none
1,toilets.baby-change,toilets.where-can-i-wash-my-hands,none
2,toilets.baby-change,toilets.where-can-i-wash-my-hands,none
3,toilets.baby-change,toilets.where-can-i-wash-my-hands,none
1,toilets.baby-change,toilets.where-public-toilet,none
2,toilets.baby-change,toilets.where-public-toilet,none
3,toilets.baby-change,toilets.where-public-toilet,none
1,toilets.baby-change,toilets.where-toilet,none
2,toilets.baby-change,toilets.where-toilet,none
3,toilets.baby-change,toilets.where-toilet,none
1,toilets.baby-change,toilets.womens-toilet,none
2,toilets.baby-change,toilets.womens-toilet,none
3,toilets.baby-change,toilets.womens-toilet,none
1,toilets.can-i-flush-the-paper,toilets.do-i-need-a-coin,none
2,toilets.can-i-flush-the-paper,toilets.do-i-need-a-coin,none
3,toilets.can-i-flush-the-paper,toilets.do-i-need-a-coin,none
1,toilets.can-i-flush-the-paper,toilets.drinking-water,none
2,toilets.can-i-flush-the-paper,toilets.drinking-water,none
3,toilets.can-i-flush-the-paper,toilets.drinking-water,none
1,toilets.can-i-flush-the-paper,toilets.is-it-free,none
2,toilets.can-i-flush-the-paper,toilets.is-it-free,none
3,toilets.can-i-flush-the-paper,toilets.is-it-free,none
1,toilets.can-i-flush-the-paper,toilets.is-it-only-for-customers,none
2,toilets.can-i-flush-the-paper,toilets.is-it-only-for-customers,none
3,toilets.can-i-flush-the-paper,toilets.is-it-only-for-customers,none
1,toilets.can-i-flush-the-paper,toilets.is-the-tap-water-safe-to-drink,none
2,toilets.can-i-flush-the-paper,toilets.is-the-tap-water-safe-to-drink,none
3,toilets.can-i-flush-the-paper,toilets.is-the-tap-water-safe-to-drink,none
1,toilets.can-i-flush-the-paper,toilets.is-there-a-toilet-on-board,none
2,toilets.can-i-flush-the-paper,toilets.is-there-a-toilet-on-board,none
3,toilets.can-i-flush-the-paper,toilets.is-there-a-toilet-on-board,none
1,toilets.can-i-flush-the-paper,toilets.it-is-out-of-order,none
2,toilets.can-i-flush-the-paper,toilets.it-is-out-of-order,none
3,toilets.can-i-flush-the-paper,toilets.it-is-out-of-order,none
1,toilets.can-i-flush-the-paper,toilets.it-is-urgent,none
2,toilets.can-i-flush-the-paper,toilets.it-is-urgent,none
3,toilets.can-i-flush-the-paper,toilets.it-is-urgent,none
1,toilets.can-i-flush-the-paper,toilets.may-i-have-the-toilet-key,none
2,toilets.can-i-flush-the-paper,toilets.may-i-have-the-toilet-key,none
3,toilets.can-i-flush-the-paper,toilets.may-i-have-the-toilet-key,none
1,toilets.can-i-flush-the-paper,toilets.may-i-use-the-toilet,none
2,toilets.can-i-flush-the-paper,toilets.may-i-use-the-toilet,none
3,toilets.can-i-flush-the-paper,toilets.may-i-use-the-toilet,none
1,toilets.can-i-flush-the-paper,toilets.mens-toilet,none
2,toilets.can-i-flush-the-paper,toilets.mens-toilet,none
3,toilets.can-i-flush-the-paper,toilets.mens-toilet,none
1,toilets.can-i-flush-the-paper,toilets.not-for-drinking,none
2,toilets.can-i-flush-the-paper,toilets.not-for-drinking,none
3,toilets.can-i-flush-the-paper,toilets.not-for-drinking,none
1,toilets.can-i-flush-the-paper,toilets.out-of-order,none
2,toilets.can-i-flush-the-paper,toilets.out-of-order,none
3,toilets.can-i-flush-the-paper,toilets.out-of-order,none
1,toilets.can-i-flush-the-paper,toilets.squat-toilet,none
2,toilets.can-i-flush-the-paper,toilets.squat-toilet,none
3,toilets.can-i-flush-the-paper,toilets.squat-toilet,none
1,toilets.can-i-flush-the-paper,toilets.the-toilet-will-not-flush,none
2,toilets.can-i-flush-the-paper,toilets.the-toilet-will-not-flush,none
3,toilets.can-i-flush-the-paper,toilets.the-toilet-will-not-flush,none
1,toilets.can-i-flush-the-paper,toilets.there-is-no-toilet-paper,none
2,toilets.can-i-flush-the-paper,toilets.there-is-no-toilet-paper,none
3,toilets.can-i-flush-the-paper,toilets.there-is-no-toilet-paper,none
1,toilets.can-i-flush-the-paper,toilets.toilet-paper,none
2,toilets.can-i-flush-the-paper,toilets.toilet-paper,partial
3,toilets.can-i-flush-the-paper,toilets.toilet-paper,partial
1,toilets.can-i-flush-the-paper,toilets.toilet-wc,none
2,toilets.can-i-flush-the-paper,toilets.toilet-wc,none
3,toilets.can-i-flush-the-paper,toilets.toilet-wc,none
1,toilets.can-i-flush-the-paper,toilets.where-can-i-wash-my-hands,none
2,toilets.can-i-flush-the-paper,toilets.where-can-i-wash-my-hands,none
3,toilets.can-i-flush-the-paper,toilets.where-can-i-wash-my-hands,none
1,toilets.can-i-flush-the-paper,toilets.where-public-toilet,none
2,toilets.can-i-flush-the-paper,toilets.where-public-toilet,none
3,toilets.can-i-flush-the-paper,toilets.where-public-toilet,none
1,toilets.can-i-flush-the-paper,toilets.where-toilet,none
2,toilets.can-i-flush-the-paper,toilets.where-toilet,none
3,toilets.can-i-flush-the-paper,toilets.where-toilet,none
1,toilets.can-i-flush-the-paper,toilets.womens-toilet,none
2,toilets.can-i-flush-the-paper,toilets.womens-toilet,none
3,toilets.can-i-flush-the-paper,toilets.womens-toilet,none
1,toilets.do-i-need-a-coin,toilets.drinking-water,none
2,toilets.do-i-need-a-coin,toilets.drinking-water,none
3,toilets.do-i-need-a-coin,toilets.drinking-water,none
1,toilets.do-i-need-a-coin,toilets.is-it-free,partial
2,toilets.do-i-need-a-coin,toilets.is-it-free,partial
3,toilets.do-i-need-a-coin,toilets.is-it-free,none
1,toilets.do-i-need-a-coin,toilets.is-it-only-for-customers,none
2,toilets.do-i-need-a-coin,toilets.is-it-only-for-customers,none
3,toilets.do-i-need-a-coin,toilets.is-it-only-for-customers,none
1,toilets.do-i-need-a-coin,toilets.is-the-tap-water-safe-to-drink,none
2,toilets.do-i-need-a-coin,toilets.is-the-tap-water-safe-to-drink,none
3,toilets.do-i-need-a-coin,toilets.is-the-tap-water-safe-to-drink,none
1,toilets.do-i-need-a-coin,toilets.is-there-a-toilet-on-board,none
2,toilets.do-i-need-a-coin,toilets.is-there-a-toilet-on-board,none
3,toilets.do-i-need-a-coin,toilets.is-there-a-toilet-on-board,none
1,toilets.do-i-need-a-coin,toilets.it-is-out-of-order,none
2,toilets.do-i-need-a-coin,toilets.it-is-out-of-order,none
3,toilets.do-i-need-a-coin,toilets.it-is-out-of-order,none
1,toilets.do-i-need-a-coin,toilets.it-is-urgent,none
2,toilets.do-i-need-a-coin,toilets.it-is-urgent,none
3,toilets.do-i-need-a-coin,toilets.it-is-urgent,none
1,toilets.do-i-need-a-coin,toilets.may-i-have-the-toilet-key,none
2,toilets.do-i-need-a-coin,toilets.may-i-have-the-toilet-key,none
3,toilets.do-i-need-a-coin,toilets.may-i-have-the-toilet-key,none
1,toilets.do-i-need-a-coin,toilets.may-i-use-the-toilet,none
2,toilets.do-i-need-a-coin,toilets.may-i-use-the-toilet,none
3,toilets.do-i-need-a-coin,toilets.may-i-use-the-toilet,none
1,toilets.do-i-need-a-coin,toilets.mens-toilet,none
2,toilets.do-i-need-a-coin,toilets.mens-toilet,none
3,toilets.do-i-need-a-coin,toilets.mens-toilet,none
1,toilets.do-i-need-a-coin,toilets.not-for-drinking,none
2,toilets.do-i-need-a-coin,toilets.not-for-drinking,none
3,toilets.do-i-need-a-coin,toilets.not-for-drinking,none
1,toilets.do-i-need-a-coin,toilets.out-of-order,none
2,toilets.do-i-need-a-coin,toilets.out-of-order,none
3,toilets.do-i-need-a-coin,toilets.out-of-order,none
1,toilets.do-i-need-a-coin,toilets.squat-toilet,none
2,toilets.do-i-need-a-coin,toilets.squat-toilet,none
3,toilets.do-i-need-a-coin,toilets.squat-toilet,none
1,toilets.do-i-need-a-coin,toilets.the-toilet-will-not-flush,none
2,toilets.do-i-need-a-coin,toilets.the-toilet-will-not-flush,none
3,toilets.do-i-need-a-coin,toilets.the-toilet-will-not-flush,none
1,toilets.do-i-need-a-coin,toilets.there-is-no-toilet-paper,none
2,toilets.do-i-need-a-coin,toilets.there-is-no-toilet-paper,none
3,toilets.do-i-need-a-coin,toilets.there-is-no-toilet-paper,none
1,toilets.do-i-need-a-coin,toilets.toilet-paper,none
2,toilets.do-i-need-a-coin,toilets.toilet-paper,none
3,toilets.do-i-need-a-coin,toilets.toilet-paper,none
1,toilets.do-i-need-a-coin,toilets.toilet-wc,none
2,toilets.do-i-need-a-coin,toilets.toilet-wc,none
3,toilets.do-i-need-a-coin,toilets.toilet-wc,none
1,toilets.do-i-need-a-coin,toilets.where-can-i-wash-my-hands,none
2,toilets.do-i-need-a-coin,toilets.where-can-i-wash-my-hands,none
3,toilets.do-i-need-a-coin,toilets.where-can-i-wash-my-hands,none
1,toilets.do-i-need-a-coin,toilets.where-public-toilet,none
2,toilets.do-i-need-a-coin,toilets.where-public-toilet,none
3,toilets.do-i-need-a-coin,toilets.where-public-toilet,none
1,toilets.do-i-need-a-coin,toilets.where-toilet,none
2,toilets.do-i-need-a-coin,toilets.where-toilet,none
3,toilets.do-i-need-a-coin,toilets.where-toilet,none
1,toilets.do-i-need-a-coin,toilets.womens-toilet,none
2,toilets.do-i-need-a-coin,toilets.womens-toilet,none
3,toilets.do-i-need-a-coin,toilets.womens-toilet,none
1,toilets.drinking-water,toilets.is-it-free,none
2,toilets.drinking-water,toilets.is-it-free,none
3,toilets.drinking-water,toilets.is-it-free,none
1,toilets.drinking-water,toilets.is-it-only-for-customers,none
2,toilets.drinking-water,toilets.is-it-only-for-customers,none
3,toilets.drinking-water,toilets.is-it-only-for-customers,none
1,toilets.drinking-water,toilets.is-the-tap-water-safe-to-drink,partial
2,toilets.drinking-water,toilets.is-the-tap-water-safe-to-drink,partial
3,toilets.drinking-water,toilets.is-the-tap-water-safe-to-drink,partial
1,toilets.drinking-water,toilets.is-there-a-toilet-on-board,none
2,toilets.drinking-water,toilets.is-there-a-toilet-on-board,none
3,toilets.drinking-water,toilets.is-there-a-toilet-on-board,none
1,toilets.drinking-water,toilets.it-is-out-of-order,none
2,toilets.drinking-water,toilets.it-is-out-of-order,none
3,toilets.drinking-water,toilets.it-is-out-of-order,none
1,toilets.drinking-water,toilets.it-is-urgent,none
2,toilets.drinking-water,toilets.it-is-urgent,none
3,toilets.drinking-water,toilets.it-is-urgent,none
1,toilets.drinking-water,toilets.may-i-have-the-toilet-key,none
2,toilets.drinking-water,toilets.may-i-have-the-toilet-key,none
3,toilets.drinking-water,toilets.may-i-have-the-toilet-key,none
1,toilets.drinking-water,toilets.may-i-use-the-toilet,none
2,toilets.drinking-water,toilets.may-i-use-the-toilet,none
3,toilets.drinking-water,toilets.may-i-use-the-toilet,none
1,toilets.drinking-water,toilets.mens-toilet,none
2,toilets.drinking-water,toilets.mens-toilet,none
3,toilets.drinking-water,toilets.mens-toilet,none
1,toilets.drinking-water,toilets.not-for-drinking,none
2,toilets.drinking-water,toilets.not-for-drinking,none
3,toilets.drinking-water,toilets.not-for-drinking,none
1,toilets.drinking-water,toilets.out-of-order,none
2,toilets.drinking-water,toilets.out-of-order,none
3,toilets.drinking-water,toilets.out-of-order,none
1,toilets.drinking-water,toilets.squat-toilet,none
2,toilets.drinking-water,toilets.squat-toilet,none
3,toilets.drinking-water,toilets.squat-toilet,none
1,toilets.drinking-water,toilets.the-toilet-will-not-flush,none
2,toilets.drinking-water,toilets.the-toilet-will-not-flush,none
3,toilets.drinking-water,toilets.the-toilet-will-not-flush,none
1,toilets.drinking-water,toilets.there-is-no-toilet-paper,none
2,toilets.drinking-water,toilets.there-is-no-toilet-paper,none
3,toilets.drinking-water,toilets.there-is-no-toilet-paper,none
1,toilets.drinking-water,toilets.toilet-paper,none
2,toilets.drinking-water,toilets.toilet-paper,none
3,toilets.drinking-water,toilets.toilet-paper,none
1,toilets.drinking-water,toilets.toilet-wc,none
2,toilets.drinking-water,toilets.toilet-wc,none
3,toilets.drinking-water,toilets.toilet-wc,none
1,toilets.drinking-water,toilets.where-can-i-wash-my-hands,none
2,toilets.drinking-water,toilets.where-can-i-wash-my-hands,none
3,toilets.drinking-water,toilets.where-can-i-wash-my-hands,none
1,toilets.drinking-water,toilets.where-public-toilet,none
2,toilets.drinking-water,toilets.where-public-toilet,none
3,toilets.drinking-water,toilets.where-public-toilet,none
1,toilets.drinking-water,toilets.where-toilet,none
2,toilets.drinking-water,toilets.where-toilet,none
3,toilets.drinking-water,toilets.where-toilet,none
1,toilets.drinking-water,toilets.womens-toilet,none
2,toilets.drinking-water,toilets.womens-toilet,none
3,toilets.drinking-water,toilets.womens-toilet,none
1,toilets.drinking-water,trail-landmarks.water-point,none
2,toilets.drinking-water,trail-landmarks.water-point,partial
3,toilets.drinking-water,trail-landmarks.water-point,partial
1,toilets.is-it-free,toilets.is-it-only-for-customers,none
2,toilets.is-it-free,toilets.is-it-only-for-customers,none
3,toilets.is-it-free,toilets.is-it-only-for-customers,none
1,toilets.is-it-free,toilets.is-the-tap-water-safe-to-drink,none
2,toilets.is-it-free,toilets.is-the-tap-water-safe-to-drink,none
3,toilets.is-it-free,toilets.is-the-tap-water-safe-to-drink,none
1,toilets.is-it-free,toilets.is-there-a-toilet-on-board,none
2,toilets.is-it-free,toilets.is-there-a-toilet-on-board,none
3,toilets.is-it-free,toilets.is-there-a-toilet-on-board,none
1,toilets.is-it-free,toilets.it-is-out-of-order,none
2,toilets.is-it-free,toilets.it-is-out-of-order,none
3,toilets.is-it-free,toilets.it-is-out-of-order,none
1,toilets.is-it-free,toilets.it-is-urgent,none
2,toilets.is-it-free,toilets.it-is-urgent,none
3,toilets.is-it-free,toilets.it-is-urgent,none
1,toilets.is-it-free,toilets.may-i-have-the-toilet-key,none
2,toilets.is-it-free,toilets.may-i-have-the-toilet-key,none
3,toilets.is-it-free,toilets.may-i-have-the-toilet-key,none
1,toilets.is-it-free,toilets.may-i-use-the-toilet,none
2,toilets.is-it-free,toilets.may-i-use-the-toilet,none
3,toilets.is-it-free,toilets.may-i-use-the-toilet,none
1,toilets.is-it-free,toilets.mens-toilet,none
2,toilets.is-it-free,toilets.mens-toilet,none
3,toilets.is-it-free,toilets.mens-toilet,none
1,toilets.is-it-free,toilets.not-for-drinking,none
2,toilets.is-it-free,toilets.not-for-drinking,none
3,toilets.is-it-free,toilets.not-for-drinking,none
1,toilets.is-it-free,toilets.out-of-order,none
2,toilets.is-it-free,toilets.out-of-order,none
3,toilets.is-it-free,toilets.out-of-order,none
1,toilets.is-it-free,toilets.squat-toilet,none
2,toilets.is-it-free,toilets.squat-toilet,none
3,toilets.is-it-free,toilets.squat-toilet,none
1,toilets.is-it-free,toilets.the-toilet-will-not-flush,none
2,toilets.is-it-free,toilets.the-toilet-will-not-flush,none
3,toilets.is-it-free,toilets.the-toilet-will-not-flush,none
1,toilets.is-it-free,toilets.there-is-no-toilet-paper,none
2,toilets.is-it-free,toilets.there-is-no-toilet-paper,none
3,toilets.is-it-free,toilets.there-is-no-toilet-paper,none
1,toilets.is-it-free,toilets.toilet-paper,none
2,toilets.is-it-free,toilets.toilet-paper,none
3,toilets.is-it-free,toilets.toilet-paper,none
1,toilets.is-it-free,toilets.toilet-wc,none
2,toilets.is-it-free,toilets.toilet-wc,none
3,toilets.is-it-free,toilets.toilet-wc,none
1,toilets.is-it-free,toilets.where-can-i-wash-my-hands,none
2,toilets.is-it-free,toilets.where-can-i-wash-my-hands,none
3,toilets.is-it-free,toilets.where-can-i-wash-my-hands,none
1,toilets.is-it-free,toilets.where-public-toilet,none
2,toilets.is-it-free,toilets.where-public-toilet,none
3,toilets.is-it-free,toilets.where-public-toilet,none
1,toilets.is-it-free,toilets.where-toilet,none
2,toilets.is-it-free,toilets.where-toilet,none
3,toilets.is-it-free,toilets.where-toilet,none
1,toilets.is-it-free,toilets.womens-toilet,none
2,toilets.is-it-free,toilets.womens-toilet,none
3,toilets.is-it-free,toilets.womens-toilet,none
1,toilets.is-it-only-for-customers,toilets.is-the-tap-water-safe-to-drink,none
2,toilets.is-it-only-for-customers,toilets.is-the-tap-water-safe-to-drink,none
3,toilets.is-it-only-for-customers,toilets.is-the-tap-water-safe-to-drink,none
1,toilets.is-it-only-for-customers,toilets.is-there-a-toilet-on-board,none
2,toilets.is-it-only-for-customers,toilets.is-there-a-toilet-on-board,none
3,toilets.is-it-only-for-customers,toilets.is-there-a-toilet-on-board,none
1,toilets.is-it-only-for-customers,toilets.it-is-out-of-order,none
2,toilets.is-it-only-for-customers,toilets.it-is-out-of-order,none
3,toilets.is-it-only-for-customers,toilets.it-is-out-of-order,none
1,toilets.is-it-only-for-customers,toilets.it-is-urgent,none
2,toilets.is-it-only-for-customers,toilets.it-is-urgent,none
3,toilets.is-it-only-for-customers,toilets.it-is-urgent,none
1,toilets.is-it-only-for-customers,toilets.may-i-have-the-toilet-key,none
2,toilets.is-it-only-for-customers,toilets.may-i-have-the-toilet-key,none
3,toilets.is-it-only-for-customers,toilets.may-i-have-the-toilet-key,none
1,toilets.is-it-only-for-customers,toilets.may-i-use-the-toilet,partial
2,toilets.is-it-only-for-customers,toilets.may-i-use-the-toilet,partial
3,toilets.is-it-only-for-customers,toilets.may-i-use-the-toilet,none
1,toilets.is-it-only-for-customers,toilets.mens-toilet,none
2,toilets.is-it-only-for-customers,toilets.mens-toilet,none
3,toilets.is-it-only-for-customers,toilets.mens-toilet,none
1,toilets.is-it-only-for-customers,toilets.not-for-drinking,none
2,toilets.is-it-only-for-customers,toilets.not-for-drinking,none
3,toilets.is-it-only-for-customers,toilets.not-for-drinking,none
1,toilets.is-it-only-for-customers,toilets.out-of-order,none
2,toilets.is-it-only-for-customers,toilets.out-of-order,none
3,toilets.is-it-only-for-customers,toilets.out-of-order,none
1,toilets.is-it-only-for-customers,toilets.squat-toilet,none
2,toilets.is-it-only-for-customers,toilets.squat-toilet,none
3,toilets.is-it-only-for-customers,toilets.squat-toilet,none
1,toilets.is-it-only-for-customers,toilets.the-toilet-will-not-flush,none
2,toilets.is-it-only-for-customers,toilets.the-toilet-will-not-flush,none
3,toilets.is-it-only-for-customers,toilets.the-toilet-will-not-flush,none
1,toilets.is-it-only-for-customers,toilets.there-is-no-toilet-paper,none
2,toilets.is-it-only-for-customers,toilets.there-is-no-toilet-paper,none
3,toilets.is-it-only-for-customers,toilets.there-is-no-toilet-paper,none
1,toilets.is-it-only-for-customers,toilets.toilet-paper,none
2,toilets.is-it-only-for-customers,toilets.toilet-paper,none
3,toilets.is-it-only-for-customers,toilets.toilet-paper,none
1,toilets.is-it-only-for-customers,toilets.toilet-wc,none
2,toilets.is-it-only-for-customers,toilets.toilet-wc,none
3,toilets.is-it-only-for-customers,toilets.toilet-wc,none
1,toilets.is-it-only-for-customers,toilets.where-can-i-wash-my-hands,none
2,toilets.is-it-only-for-customers,toilets.where-can-i-wash-my-hands,none
3,toilets.is-it-only-for-customers,toilets.where-can-i-wash-my-hands,none
1,toilets.is-it-only-for-customers,toilets.where-public-toilet,none
2,toilets.is-it-only-for-customers,toilets.where-public-toilet,none
3,toilets.is-it-only-for-customers,toilets.where-public-toilet,none
1,toilets.is-it-only-for-customers,toilets.where-toilet,none
2,toilets.is-it-only-for-customers,toilets.where-toilet,none
3,toilets.is-it-only-for-customers,toilets.where-toilet,none
1,toilets.is-it-only-for-customers,toilets.womens-toilet,none
2,toilets.is-it-only-for-customers,toilets.womens-toilet,none
3,toilets.is-it-only-for-customers,toilets.womens-toilet,none
1,toilets.is-the-tap-water-safe-to-drink,toilets.is-there-a-toilet-on-board,none
2,toilets.is-the-tap-water-safe-to-drink,toilets.is-there-a-toilet-on-board,none
3,toilets.is-the-tap-water-safe-to-drink,toilets.is-there-a-toilet-on-board,none
1,toilets.is-the-tap-water-safe-to-drink,toilets.it-is-out-of-order,none
2,toilets.is-the-tap-water-safe-to-drink,toilets.it-is-out-of-order,none
3,toilets.is-the-tap-water-safe-to-drink,toilets.it-is-out-of-order,none
1,toilets.is-the-tap-water-safe-to-drink,toilets.it-is-urgent,none
2,toilets.is-the-tap-water-safe-to-drink,toilets.it-is-urgent,none
3,toilets.is-the-tap-water-safe-to-drink,toilets.it-is-urgent,none
1,toilets.is-the-tap-water-safe-to-drink,toilets.may-i-have-the-toilet-key,none
2,toilets.is-the-tap-water-safe-to-drink,toilets.may-i-have-the-toilet-key,none
3,toilets.is-the-tap-water-safe-to-drink,toilets.may-i-have-the-toilet-key,none
1,toilets.is-the-tap-water-safe-to-drink,toilets.may-i-use-the-toilet,none
2,toilets.is-the-tap-water-safe-to-drink,toilets.may-i-use-the-toilet,none
3,toilets.is-the-tap-water-safe-to-drink,toilets.may-i-use-the-toilet,none
1,toilets.is-the-tap-water-safe-to-drink,toilets.mens-toilet,none
2,toilets.is-the-tap-water-safe-to-drink,toilets.mens-toilet,none
3,toilets.is-the-tap-water-safe-to-drink,toilets.mens-toilet,none
1,toilets.is-the-tap-water-safe-to-drink,toilets.not-for-drinking,partial
2,toilets.is-the-tap-water-safe-to-drink,toilets.not-for-drinking,none
3,toilets.is-the-tap-water-safe-to-drink,toilets.not-for-drinking,partial
1,toilets.is-the-tap-water-safe-to-drink,toilets.out-of-order,none
2,toilets.is-the-tap-water-safe-to-drink,toilets.out-of-order,none
3,toilets.is-the-tap-water-safe-to-drink,toilets.out-of-order,none
1,toilets.is-the-tap-water-safe-to-drink,toilets.squat-toilet,none
2,toilets.is-the-tap-water-safe-to-drink,toilets.squat-toilet,none
3,toilets.is-the-tap-water-safe-to-drink,toilets.squat-toilet,none
1,toilets.is-the-tap-water-safe-to-drink,toilets.the-toilet-will-not-flush,none
2,toilets.is-the-tap-water-safe-to-drink,toilets.the-toilet-will-not-flush,none
3,toilets.is-the-tap-water-safe-to-drink,toilets.the-toilet-will-not-flush,none
1,toilets.is-the-tap-water-safe-to-drink,toilets.there-is-no-toilet-paper,none
2,toilets.is-the-tap-water-safe-to-drink,toilets.there-is-no-toilet-paper,none
3,toilets.is-the-tap-water-safe-to-drink,toilets.there-is-no-toilet-paper,none
1,toilets.is-the-tap-water-safe-to-drink,toilets.toilet-paper,none
2,toilets.is-the-tap-water-safe-to-drink,toilets.toilet-paper,none
3,toilets.is-the-tap-water-safe-to-drink,toilets.toilet-paper,none
1,toilets.is-the-tap-water-safe-to-drink,toilets.toilet-wc,none
2,toilets.is-the-tap-water-safe-to-drink,toilets.toilet-wc,none
3,toilets.is-the-tap-water-safe-to-drink,toilets.toilet-wc,none
1,toilets.is-the-tap-water-safe-to-drink,toilets.where-can-i-wash-my-hands,none
2,toilets.is-the-tap-water-safe-to-drink,toilets.where-can-i-wash-my-hands,none
3,toilets.is-the-tap-water-safe-to-drink,toilets.where-can-i-wash-my-hands,none
1,toilets.is-the-tap-water-safe-to-drink,toilets.where-public-toilet,none
2,toilets.is-the-tap-water-safe-to-drink,toilets.where-public-toilet,none
3,toilets.is-the-tap-water-safe-to-drink,toilets.where-public-toilet,none
1,toilets.is-the-tap-water-safe-to-drink,toilets.where-toilet,none
2,toilets.is-the-tap-water-safe-to-drink,toilets.where-toilet,none
3,toilets.is-the-tap-water-safe-to-drink,toilets.where-toilet,none
1,toilets.is-the-tap-water-safe-to-drink,toilets.womens-toilet,none
2,toilets.is-the-tap-water-safe-to-drink,toilets.womens-toilet,none
3,toilets.is-the-tap-water-safe-to-drink,toilets.womens-toilet,none
1,toilets.is-there-a-toilet-on-board,toilets.it-is-out-of-order,none
2,toilets.is-there-a-toilet-on-board,toilets.it-is-out-of-order,none
3,toilets.is-there-a-toilet-on-board,toilets.it-is-out-of-order,none
1,toilets.is-there-a-toilet-on-board,toilets.it-is-urgent,none
2,toilets.is-there-a-toilet-on-board,toilets.it-is-urgent,none
3,toilets.is-there-a-toilet-on-board,toilets.it-is-urgent,none
1,toilets.is-there-a-toilet-on-board,toilets.may-i-have-the-toilet-key,none
2,toilets.is-there-a-toilet-on-board,toilets.may-i-have-the-toilet-key,none
3,toilets.is-there-a-toilet-on-board,toilets.may-i-have-the-toilet-key,none
1,toilets.is-there-a-toilet-on-board,toilets.may-i-use-the-toilet,none
2,toilets.is-there-a-toilet-on-board,toilets.may-i-use-the-toilet,none
3,toilets.is-there-a-toilet-on-board,toilets.may-i-use-the-toilet,none
1,toilets.is-there-a-toilet-on-board,toilets.mens-toilet,none
2,toilets.is-there-a-toilet-on-board,toilets.mens-toilet,none
3,toilets.is-there-a-toilet-on-board,toilets.mens-toilet,none
1,toilets.is-there-a-toilet-on-board,toilets.not-for-drinking,none
2,toilets.is-there-a-toilet-on-board,toilets.not-for-drinking,none
3,toilets.is-there-a-toilet-on-board,toilets.not-for-drinking,none
1,toilets.is-there-a-toilet-on-board,toilets.out-of-order,none
2,toilets.is-there-a-toilet-on-board,toilets.out-of-order,none
3,toilets.is-there-a-toilet-on-board,toilets.out-of-order,none
1,toilets.is-there-a-toilet-on-board,toilets.squat-toilet,none
2,toilets.is-there-a-toilet-on-board,toilets.squat-toilet,none
3,toilets.is-there-a-toilet-on-board,toilets.squat-toilet,none
1,toilets.is-there-a-toilet-on-board,toilets.the-toilet-will-not-flush,none
2,toilets.is-there-a-toilet-on-board,toilets.the-toilet-will-not-flush,none
3,toilets.is-there-a-toilet-on-board,toilets.the-toilet-will-not-flush,none
1,toilets.is-there-a-toilet-on-board,toilets.there-is-no-toilet-paper,none
2,toilets.is-there-a-toilet-on-board,toilets.there-is-no-toilet-paper,none
3,toilets.is-there-a-toilet-on-board,toilets.there-is-no-toilet-paper,none
1,toilets.is-there-a-toilet-on-board,toilets.toilet-paper,none
2,toilets.is-there-a-toilet-on-board,toilets.toilet-paper,none
3,toilets.is-there-a-toilet-on-board,toilets.toilet-paper,none
1,toilets.is-there-a-toilet-on-board,toilets.toilet-wc,partial
2,toilets.is-there-a-toilet-on-board,toilets.toilet-wc,partial
3,toilets.is-there-a-toilet-on-board,toilets.toilet-wc,partial
1,toilets.is-there-a-toilet-on-board,toilets.where-can-i-wash-my-hands,none
2,toilets.is-there-a-toilet-on-board,toilets.where-can-i-wash-my-hands,none
3,toilets.is-there-a-toilet-on-board,toilets.where-can-i-wash-my-hands,none
1,toilets.is-there-a-toilet-on-board,toilets.where-public-toilet,partial
2,toilets.is-there-a-toilet-on-board,toilets.where-public-toilet,none
3,toilets.is-there-a-toilet-on-board,toilets.where-public-toilet,partial
1,toilets.is-there-a-toilet-on-board,toilets.where-toilet,partial
2,toilets.is-there-a-toilet-on-board,toilets.where-toilet,partial
3,toilets.is-there-a-toilet-on-board,toilets.where-toilet,partial
1,toilets.is-there-a-toilet-on-board,toilets.womens-toilet,none
2,toilets.is-there-a-toilet-on-board,toilets.womens-toilet,none
3,toilets.is-there-a-toilet-on-board,toilets.womens-toilet,none
1,toilets.it-is-out-of-order,toilets.it-is-urgent,none
2,toilets.it-is-out-of-order,toilets.it-is-urgent,none
3,toilets.it-is-out-of-order,toilets.it-is-urgent,none
1,toilets.it-is-out-of-order,toilets.may-i-have-the-toilet-key,none
2,toilets.it-is-out-of-order,toilets.may-i-have-the-toilet-key,none
3,toilets.it-is-out-of-order,toilets.may-i-have-the-toilet-key,none
1,toilets.it-is-out-of-order,toilets.may-i-use-the-toilet,none
2,toilets.it-is-out-of-order,toilets.may-i-use-the-toilet,none
3,toilets.it-is-out-of-order,toilets.may-i-use-the-toilet,none
1,toilets.it-is-out-of-order,toilets.mens-toilet,none
2,toilets.it-is-out-of-order,toilets.mens-toilet,none
3,toilets.it-is-out-of-order,toilets.mens-toilet,none
1,toilets.it-is-out-of-order,toilets.not-for-drinking,none
2,toilets.it-is-out-of-order,toilets.not-for-drinking,none
3,toilets.it-is-out-of-order,toilets.not-for-drinking,none
1,toilets.it-is-out-of-order,toilets.out-of-order,duplicate
2,toilets.it-is-out-of-order,toilets.out-of-order,partial
3,toilets.it-is-out-of-order,toilets.out-of-order,partial
1,toilets.it-is-out-of-order,toilets.squat-toilet,none
2,toilets.it-is-out-of-order,toilets.squat-toilet,none
3,toilets.it-is-out-of-order,toilets.squat-toilet,none
1,toilets.it-is-out-of-order,toilets.the-toilet-will-not-flush,partial
2,toilets.it-is-out-of-order,toilets.the-toilet-will-not-flush,partial
3,toilets.it-is-out-of-order,toilets.the-toilet-will-not-flush,partial
1,toilets.it-is-out-of-order,toilets.there-is-no-toilet-paper,none
2,toilets.it-is-out-of-order,toilets.there-is-no-toilet-paper,none
3,toilets.it-is-out-of-order,toilets.there-is-no-toilet-paper,none
1,toilets.it-is-out-of-order,toilets.toilet-paper,none
2,toilets.it-is-out-of-order,toilets.toilet-paper,none
3,toilets.it-is-out-of-order,toilets.toilet-paper,none
1,toilets.it-is-out-of-order,toilets.toilet-wc,none
2,toilets.it-is-out-of-order,toilets.toilet-wc,none
3,toilets.it-is-out-of-order,toilets.toilet-wc,none
1,toilets.it-is-out-of-order,toilets.where-can-i-wash-my-hands,none
2,toilets.it-is-out-of-order,toilets.where-can-i-wash-my-hands,none
3,toilets.it-is-out-of-order,toilets.where-can-i-wash-my-hands,none
1,toilets.it-is-out-of-order,toilets.where-public-toilet,none
2,toilets.it-is-out-of-order,toilets.where-public-toilet,none
3,toilets.it-is-out-of-order,toilets.where-public-toilet,none
1,toilets.it-is-out-of-order,toilets.where-toilet,none
2,toilets.it-is-out-of-order,toilets.where-toilet,none
3,toilets.it-is-out-of-order,toilets.where-toilet,none
1,toilets.it-is-out-of-order,toilets.womens-toilet,none
2,toilets.it-is-out-of-order,toilets.womens-toilet,none
3,toilets.it-is-out-of-order,toilets.womens-toilet,none
1,toilets.it-is-urgent,toilets.may-i-have-the-toilet-key,none
2,toilets.it-is-urgent,toilets.may-i-have-the-toilet-key,none
3,toilets.it-is-urgent,toilets.may-i-have-the-toilet-key,none
1,toilets.it-is-urgent,toilets.may-i-use-the-toilet,none
2,toilets.it-is-urgent,toilets.may-i-use-the-toilet,none
3,toilets.it-is-urgent,toilets.may-i-use-the-toilet,none
1,toilets.it-is-urgent,toilets.mens-toilet,none
2,toilets.it-is-urgent,toilets.mens-toilet,none
3,toilets.it-is-urgent,toilets.mens-toilet,none
1,toilets.it-is-urgent,toilets.not-for-drinking,none
2,toilets.it-is-urgent,toilets.not-for-drinking,none
3,toilets.it-is-urgent,toilets.not-for-drinking,none
1,toilets.it-is-urgent,toilets.out-of-order,none
2,toilets.it-is-urgent,toilets.out-of-order,none
3,toilets.it-is-urgent,toilets.out-of-order,none
1,toilets.it-is-urgent,toilets.squat-toilet,none
2,toilets.it-is-urgent,toilets.squat-toilet,none
3,toilets.it-is-urgent,toilets.squat-toilet,none
1,toilets.it-is-urgent,toilets.the-toilet-will-not-flush,none
2,toilets.it-is-urgent,toilets.the-toilet-will-not-flush,none
3,toilets.it-is-urgent,toilets.the-toilet-will-not-flush,none
1,toilets.it-is-urgent,toilets.there-is-no-toilet-paper,none
2,toilets.it-is-urgent,toilets.there-is-no-toilet-paper,none
3,toilets.it-is-urgent,toilets.there-is-no-toilet-paper,none
1,toilets.it-is-urgent,toilets.toilet-paper,none
2,toilets.it-is-urgent,toilets.toilet-paper,none
3,toilets.it-is-urgent,toilets.toilet-paper,none
1,toilets.it-is-urgent,toilets.toilet-wc,none
2,toilets.it-is-urgent,toilets.toilet-wc,none
3,toilets.it-is-urgent,toilets.toilet-wc,none
1,toilets.it-is-urgent,toilets.where-can-i-wash-my-hands,none
2,toilets.it-is-urgent,toilets.where-can-i-wash-my-hands,none
3,toilets.it-is-urgent,toilets.where-can-i-wash-my-hands,none
1,toilets.it-is-urgent,toilets.where-public-toilet,none
2,toilets.it-is-urgent,toilets.where-public-toilet,none
3,toilets.it-is-urgent,toilets.where-public-toilet,none
1,toilets.it-is-urgent,toilets.where-toilet,none
2,toilets.it-is-urgent,toilets.where-toilet,none
3,toilets.it-is-urgent,toilets.where-toilet,none
1,toilets.it-is-urgent,toilets.womens-toilet,none
2,toilets.it-is-urgent,toilets.womens-toilet,none
3,toilets.it-is-urgent,toilets.womens-toilet,none
1,toilets.may-i-have-the-toilet-key,toilets.may-i-use-the-toilet,partial
2,toilets.may-i-have-the-toilet-key,toilets.may-i-use-the-toilet,partial
3,toilets.may-i-have-the-toilet-key,toilets.may-i-use-the-toilet,partial
1,toilets.may-i-have-the-toilet-key,toilets.mens-toilet,none
2,toilets.may-i-have-the-toilet-key,toilets.mens-toilet,none
3,toilets.may-i-have-the-toilet-key,toilets.mens-toilet,none
1,toilets.may-i-have-the-toilet-key,toilets.not-for-drinking,none
2,toilets.may-i-have-the-toilet-key,toilets.not-for-drinking,none
3,toilets.may-i-have-the-toilet-key,toilets.not-for-drinking,none
1,toilets.may-i-have-the-toilet-key,toilets.out-of-order,none
2,toilets.may-i-have-the-toilet-key,toilets.out-of-order,none
3,toilets.may-i-have-the-toilet-key,toilets.out-of-order,none
1,toilets.may-i-have-the-toilet-key,toilets.squat-toilet,none
2,toilets.may-i-have-the-toilet-key,toilets.squat-toilet,none
3,toilets.may-i-have-the-toilet-key,toilets.squat-toilet,none
1,toilets.may-i-have-the-toilet-key,toilets.the-toilet-will-not-flush,none
2,toilets.may-i-have-the-toilet-key,toilets.the-toilet-will-not-flush,none
3,toilets.may-i-have-the-toilet-key,toilets.the-toilet-will-not-flush,none
1,toilets.may-i-have-the-toilet-key,toilets.there-is-no-toilet-paper,none
2,toilets.may-i-have-the-toilet-key,toilets.there-is-no-toilet-paper,none
3,toilets.may-i-have-the-toilet-key,toilets.there-is-no-toilet-paper,none
1,toilets.may-i-have-the-toilet-key,toilets.toilet-paper,none
2,toilets.may-i-have-the-toilet-key,toilets.toilet-paper,none
3,toilets.may-i-have-the-toilet-key,toilets.toilet-paper,none
1,toilets.may-i-have-the-toilet-key,toilets.toilet-wc,partial
2,toilets.may-i-have-the-toilet-key,toilets.toilet-wc,none
3,toilets.may-i-have-the-toilet-key,toilets.toilet-wc,partial
1,toilets.may-i-have-the-toilet-key,toilets.where-can-i-wash-my-hands,none
2,toilets.may-i-have-the-toilet-key,toilets.where-can-i-wash-my-hands,none
3,toilets.may-i-have-the-toilet-key,toilets.where-can-i-wash-my-hands,none
1,toilets.may-i-have-the-toilet-key,toilets.where-public-toilet,none
2,toilets.may-i-have-the-toilet-key,toilets.where-public-toilet,none
3,toilets.may-i-have-the-toilet-key,toilets.where-public-toilet,none
1,toilets.may-i-have-the-toilet-key,toilets.where-toilet,none
2,toilets.may-i-have-the-toilet-key,toilets.where-toilet,none
3,toilets.may-i-have-the-toilet-key,toilets.where-toilet,none
1,toilets.may-i-have-the-toilet-key,toilets.womens-toilet,none
2,toilets.may-i-have-the-toilet-key,toilets.womens-toilet,none
3,toilets.may-i-have-the-toilet-key,toilets.womens-toilet,none
1,toilets.may-i-use-the-toilet,toilets.mens-toilet,none
2,toilets.may-i-use-the-toilet,toilets.mens-toilet,none
3,toilets.may-i-use-the-toilet,toilets.mens-toilet,none
1,toilets.may-i-use-the-toilet,toilets.not-for-drinking,none
2,toilets.may-i-use-the-toilet,toilets.not-for-drinking,none
3,toilets.may-i-use-the-toilet,toilets.not-for-drinking,none
1,toilets.may-i-use-the-toilet,toilets.out-of-order,none
2,toilets.may-i-use-the-toilet,toilets.out-of-order,none
3,toilets.may-i-use-the-toilet,toilets.out-of-order,none
1,toilets.may-i-use-the-toilet,toilets.squat-toilet,none
2,toilets.may-i-use-the-toilet,toilets.squat-toilet,none
3,toilets.may-i-use-the-toilet,toilets.squat-toilet,none
1,toilets.may-i-use-the-toilet,toilets.the-toilet-will-not-flush,none
2,toilets.may-i-use-the-toilet,toilets.the-toilet-will-not-flush,none
3,toilets.may-i-use-the-toilet,toilets.the-toilet-will-not-flush,none
1,toilets.may-i-use-the-toilet,toilets.there-is-no-toilet-paper,none
2,toilets.may-i-use-the-toilet,toilets.there-is-no-toilet-paper,none
3,toilets.may-i-use-the-toilet,toilets.there-is-no-toilet-paper,none
1,toilets.may-i-use-the-toilet,toilets.toilet-paper,none
2,toilets.may-i-use-the-toilet,toilets.toilet-paper,none
3,toilets.may-i-use-the-toilet,toilets.toilet-paper,none
1,toilets.may-i-use-the-toilet,toilets.toilet-wc,partial
2,toilets.may-i-use-the-toilet,toilets.toilet-wc,none
3,toilets.may-i-use-the-toilet,toilets.toilet-wc,partial
1,toilets.may-i-use-the-toilet,toilets.where-can-i-wash-my-hands,none
2,toilets.may-i-use-the-toilet,toilets.where-can-i-wash-my-hands,none
3,toilets.may-i-use-the-toilet,toilets.where-can-i-wash-my-hands,none
1,toilets.may-i-use-the-toilet,toilets.where-public-toilet,none
2,toilets.may-i-use-the-toilet,toilets.where-public-toilet,none
3,toilets.may-i-use-the-toilet,toilets.where-public-toilet,none
1,toilets.may-i-use-the-toilet,toilets.where-toilet,none
2,toilets.may-i-use-the-toilet,toilets.where-toilet,none
3,toilets.may-i-use-the-toilet,toilets.where-toilet,none
1,toilets.may-i-use-the-toilet,toilets.womens-toilet,none
2,toilets.may-i-use-the-toilet,toilets.womens-toilet,none
3,toilets.may-i-use-the-toilet,toilets.womens-toilet,none
1,toilets.may-i-use-the-toilet,transit-rides.can-i-use-this-ticket,none
2,toilets.may-i-use-the-toilet,transit-rides.can-i-use-this-ticket,none
3,toilets.may-i-use-the-toilet,transit-rides.can-i-use-this-ticket,none
1,toilets.mens-toilet,toilets.not-for-drinking,none
2,toilets.mens-toilet,toilets.not-for-drinking,none
3,toilets.mens-toilet,toilets.not-for-drinking,none
1,toilets.mens-toilet,toilets.out-of-order,none
2,toilets.mens-toilet,toilets.out-of-order,none
3,toilets.mens-toilet,toilets.out-of-order,none
1,toilets.mens-toilet,toilets.squat-toilet,none
2,toilets.mens-toilet,toilets.squat-toilet,none
3,toilets.mens-toilet,toilets.squat-toilet,none
1,toilets.mens-toilet,toilets.the-toilet-will-not-flush,none
2,toilets.mens-toilet,toilets.the-toilet-will-not-flush,none
3,toilets.mens-toilet,toilets.the-toilet-will-not-flush,none
1,toilets.mens-toilet,toilets.there-is-no-toilet-paper,none
2,toilets.mens-toilet,toilets.there-is-no-toilet-paper,none
3,toilets.mens-toilet,toilets.there-is-no-toilet-paper,none
1,toilets.mens-toilet,toilets.toilet-paper,none
2,toilets.mens-toilet,toilets.toilet-paper,none
3,toilets.mens-toilet,toilets.toilet-paper,none
1,toilets.mens-toilet,toilets.toilet-wc,none
2,toilets.mens-toilet,toilets.toilet-wc,none
3,toilets.mens-toilet,toilets.toilet-wc,none
1,toilets.mens-toilet,toilets.where-can-i-wash-my-hands,none
2,toilets.mens-toilet,toilets.where-can-i-wash-my-hands,none
3,toilets.mens-toilet,toilets.where-can-i-wash-my-hands,none
1,toilets.mens-toilet,toilets.where-public-toilet,none
2,toilets.mens-toilet,toilets.where-public-toilet,none
3,toilets.mens-toilet,toilets.where-public-toilet,none
1,toilets.mens-toilet,toilets.where-toilet,none
2,toilets.mens-toilet,toilets.where-toilet,none
3,toilets.mens-toilet,toilets.where-toilet,none
1,toilets.mens-toilet,toilets.womens-toilet,none
2,toilets.mens-toilet,toilets.womens-toilet,none
3,toilets.mens-toilet,toilets.womens-toilet,none
1,toilets.not-for-drinking,toilets.out-of-order,none
2,toilets.not-for-drinking,toilets.out-of-order,none
3,toilets.not-for-drinking,toilets.out-of-order,none
1,toilets.not-for-drinking,toilets.squat-toilet,none
2,toilets.not-for-drinking,toilets.squat-toilet,none
3,toilets.not-for-drinking,toilets.squat-toilet,none
1,toilets.not-for-drinking,toilets.the-toilet-will-not-flush,none
2,toilets.not-for-drinking,toilets.the-toilet-will-not-flush,none
3,toilets.not-for-drinking,toilets.the-toilet-will-not-flush,none
1,toilets.not-for-drinking,toilets.there-is-no-toilet-paper,none
2,toilets.not-for-drinking,toilets.there-is-no-toilet-paper,none
3,toilets.not-for-drinking,toilets.there-is-no-toilet-paper,none
1,toilets.not-for-drinking,toilets.toilet-paper,none
2,toilets.not-for-drinking,toilets.toilet-paper,none
3,toilets.not-for-drinking,toilets.toilet-paper,none
1,toilets.not-for-drinking,toilets.toilet-wc,none
2,toilets.not-for-drinking,toilets.toilet-wc,none
3,toilets.not-for-drinking,toilets.toilet-wc,none
1,toilets.not-for-drinking,toilets.where-can-i-wash-my-hands,none
2,toilets.not-for-drinking,toilets.where-can-i-wash-my-hands,none
3,toilets.not-for-drinking,toilets.where-can-i-wash-my-hands,none
1,toilets.not-for-drinking,toilets.where-public-toilet,none
2,toilets.not-for-drinking,toilets.where-public-toilet,none
3,toilets.not-for-drinking,toilets.where-public-toilet,none
1,toilets.not-for-drinking,toilets.where-toilet,none
2,toilets.not-for-drinking,toilets.where-toilet,none
3,toilets.not-for-drinking,toilets.where-toilet,none
1,toilets.not-for-drinking,toilets.womens-toilet,none
2,toilets.not-for-drinking,toilets.womens-toilet,none
3,toilets.not-for-drinking,toilets.womens-toilet,none
1,toilets.out-of-order,toilets.squat-toilet,none
2,toilets.out-of-order,toilets.squat-toilet,none
3,toilets.out-of-order,toilets.squat-toilet,none
1,toilets.out-of-order,toilets.the-toilet-will-not-flush,partial
2,toilets.out-of-order,toilets.the-toilet-will-not-flush,partial
3,toilets.out-of-order,toilets.the-toilet-will-not-flush,partial
1,toilets.out-of-order,toilets.there-is-no-toilet-paper,none
2,toilets.out-of-order,toilets.there-is-no-toilet-paper,none
3,toilets.out-of-order,toilets.there-is-no-toilet-paper,none
1,toilets.out-of-order,toilets.toilet-paper,none
2,toilets.out-of-order,toilets.toilet-paper,none
3,toilets.out-of-order,toilets.toilet-paper,none
1,toilets.out-of-order,toilets.toilet-wc,none
2,toilets.out-of-order,toilets.toilet-wc,none
3,toilets.out-of-order,toilets.toilet-wc,none
1,toilets.out-of-order,toilets.where-can-i-wash-my-hands,none
2,toilets.out-of-order,toilets.where-can-i-wash-my-hands,none
3,toilets.out-of-order,toilets.where-can-i-wash-my-hands,none
1,toilets.out-of-order,toilets.where-public-toilet,none
2,toilets.out-of-order,toilets.where-public-toilet,none
3,toilets.out-of-order,toilets.where-public-toilet,none
1,toilets.out-of-order,toilets.where-toilet,none
2,toilets.out-of-order,toilets.where-toilet,none
3,toilets.out-of-order,toilets.where-toilet,none
1,toilets.out-of-order,toilets.womens-toilet,none
2,toilets.out-of-order,toilets.womens-toilet,none
3,toilets.out-of-order,toilets.womens-toilet,none
1,toilets.squat-toilet,toilets.the-toilet-will-not-flush,none
2,toilets.squat-toilet,toilets.the-toilet-will-not-flush,none
3,toilets.squat-toilet,toilets.the-toilet-will-not-flush,none
1,toilets.squat-toilet,toilets.there-is-no-toilet-paper,none
2,toilets.squat-toilet,toilets.there-is-no-toilet-paper,none
3,toilets.squat-toilet,toilets.there-is-no-toilet-paper,none
1,toilets.squat-toilet,toilets.toilet-paper,none
2,toilets.squat-toilet,toilets.toilet-paper,none
3,toilets.squat-toilet,toilets.toilet-paper,none
1,toilets.squat-toilet,toilets.toilet-wc,none
2,toilets.squat-toilet,toilets.toilet-wc,none
3,toilets.squat-toilet,toilets.toilet-wc,none
1,toilets.squat-toilet,toilets.where-can-i-wash-my-hands,none
2,toilets.squat-toilet,toilets.where-can-i-wash-my-hands,none
3,toilets.squat-toilet,toilets.where-can-i-wash-my-hands,none
1,toilets.squat-toilet,toilets.where-public-toilet,none
2,toilets.squat-toilet,toilets.where-public-toilet,none
3,toilets.squat-toilet,toilets.where-public-toilet,none
1,toilets.squat-toilet,toilets.where-toilet,none
2,toilets.squat-toilet,toilets.where-toilet,none
3,toilets.squat-toilet,toilets.where-toilet,none
1,toilets.squat-toilet,toilets.womens-toilet,none
2,toilets.squat-toilet,toilets.womens-toilet,none
3,toilets.squat-toilet,toilets.womens-toilet,none
1,toilets.the-toilet-will-not-flush,toilets.there-is-no-toilet-paper,none
2,toilets.the-toilet-will-not-flush,toilets.there-is-no-toilet-paper,none
3,toilets.the-toilet-will-not-flush,toilets.there-is-no-toilet-paper,none
1,toilets.the-toilet-will-not-flush,toilets.toilet-paper,none
2,toilets.the-toilet-will-not-flush,toilets.toilet-paper,none
3,toilets.the-toilet-will-not-flush,toilets.toilet-paper,none
1,toilets.the-toilet-will-not-flush,toilets.toilet-wc,partial
2,toilets.the-toilet-will-not-flush,toilets.toilet-wc,none
3,toilets.the-toilet-will-not-flush,toilets.toilet-wc,none
1,toilets.the-toilet-will-not-flush,toilets.where-can-i-wash-my-hands,none
2,toilets.the-toilet-will-not-flush,toilets.where-can-i-wash-my-hands,none
3,toilets.the-toilet-will-not-flush,toilets.where-can-i-wash-my-hands,none
1,toilets.the-toilet-will-not-flush,toilets.where-public-toilet,none
2,toilets.the-toilet-will-not-flush,toilets.where-public-toilet,none
3,toilets.the-toilet-will-not-flush,toilets.where-public-toilet,none
1,toilets.the-toilet-will-not-flush,toilets.where-toilet,none
2,toilets.the-toilet-will-not-flush,toilets.where-toilet,none
3,toilets.the-toilet-will-not-flush,toilets.where-toilet,none
1,toilets.the-toilet-will-not-flush,toilets.womens-toilet,none
2,toilets.the-toilet-will-not-flush,toilets.womens-toilet,none
3,toilets.the-toilet-will-not-flush,toilets.womens-toilet,none
1,toilets.there-is-no-toilet-paper,toilets.toilet-paper,partial
2,toilets.there-is-no-toilet-paper,toilets.toilet-paper,partial
3,toilets.there-is-no-toilet-paper,toilets.toilet-paper,partial
1,toilets.there-is-no-toilet-paper,toilets.toilet-wc,none
2,toilets.there-is-no-toilet-paper,toilets.toilet-wc,none
3,toilets.there-is-no-toilet-paper,toilets.toilet-wc,none
1,toilets.there-is-no-toilet-paper,toilets.where-can-i-wash-my-hands,none
2,toilets.there-is-no-toilet-paper,toilets.where-can-i-wash-my-hands,none
3,toilets.there-is-no-toilet-paper,toilets.where-can-i-wash-my-hands,none
1,toilets.there-is-no-toilet-paper,toilets.where-public-toilet,none
2,toilets.there-is-no-toilet-paper,toilets.where-public-toilet,none
3,toilets.there-is-no-toilet-paper,toilets.where-public-toilet,none
1,toilets.there-is-no-toilet-paper,toilets.where-toilet,none
2,toilets.there-is-no-toilet-paper,toilets.where-toilet,none
3,toilets.there-is-no-toilet-paper,toilets.where-toilet,none
1,toilets.there-is-no-toilet-paper,toilets.womens-toilet,none
2,toilets.there-is-no-toilet-paper,toilets.womens-toilet,none
3,toilets.there-is-no-toilet-paper,toilets.womens-toilet,none
1,toilets.toilet-paper,toilets.toilet-wc,none
2,toilets.toilet-paper,toilets.toilet-wc,none
3,toilets.toilet-paper,toilets.toilet-wc,none
1,toilets.toilet-paper,toilets.where-can-i-wash-my-hands,none
2,toilets.toilet-paper,toilets.where-can-i-wash-my-hands,none
3,toilets.toilet-paper,toilets.where-can-i-wash-my-hands,none
1,toilets.toilet-paper,toilets.where-public-toilet,none
2,toilets.toilet-paper,toilets.where-public-toilet,none
3,toilets.toilet-paper,toilets.where-public-toilet,none
1,toilets.toilet-paper,toilets.where-toilet,none
2,toilets.toilet-paper,toilets.where-toilet,none
3,toilets.toilet-paper,toilets.where-toilet,none
1,toilets.toilet-paper,toilets.womens-toilet,none
2,toilets.toilet-paper,toilets.womens-toilet,none
3,toilets.toilet-paper,toilets.womens-toilet,none
1,toilets.toilet-wc,toilets.where-can-i-wash-my-hands,none
2,toilets.toilet-wc,toilets.where-can-i-wash-my-hands,none
3,toilets.toilet-wc,toilets.where-can-i-wash-my-hands,none
1,toilets.toilet-wc,toilets.where-public-toilet,partial
2,toilets.toilet-wc,toilets.where-public-toilet,partial
3,toilets.toilet-wc,toilets.where-public-toilet,partial
1,toilets.toilet-wc,toilets.where-toilet,partial
2,toilets.toilet-wc,toilets.where-toilet,partial
3,toilets.toilet-wc,toilets.where-toilet,partial
1,toilets.toilet-wc,toilets.womens-toilet,none
2,toilets.toilet-wc,toilets.womens-toilet,none
3,toilets.toilet-wc,toilets.womens-toilet,none
1,toilets.where-can-i-wash-my-hands,toilets.where-public-toilet,none
2,toilets.where-can-i-wash-my-hands,toilets.where-public-toilet,none
3,toilets.where-can-i-wash-my-hands,toilets.where-public-toilet,none
1,toilets.where-can-i-wash-my-hands,toilets.where-toilet,none
2,toilets.where-can-i-wash-my-hands,toilets.where-toilet,none
3,toilets.where-can-i-wash-my-hands,toilets.where-toilet,none
1,toilets.where-can-i-wash-my-hands,toilets.womens-toilet,none
2,toilets.where-can-i-wash-my-hands,toilets.womens-toilet,none
3,toilets.where-can-i-wash-my-hands,toilets.womens-toilet,none
1,toilets.where-public-toilet,toilets.where-toilet,partial
2,toilets.where-public-toilet,toilets.where-toilet,partial
3,toilets.where-public-toilet,toilets.where-toilet,partial
1,toilets.where-public-toilet,toilets.womens-toilet,none
2,toilets.where-public-toilet,toilets.womens-toilet,none
3,toilets.where-public-toilet,toilets.womens-toilet,none
1,toilets.where-toilet,toilets.womens-toilet,none
2,toilets.where-toilet,toilets.womens-toilet,none
3,toilets.where-toilet,toilets.womens-toilet,none
1,trail-warnings.service-suspended,transit-rides.where-do-i-pay-the-fare,none
2,trail-warnings.service-suspended,transit-rides.where-do-i-pay-the-fare,none
3,trail-warnings.service-suspended,transit-rides.where-do-i-pay-the-fare,none
